#VRML V2.0 utf8

Shape {
  appearance Appearance {
    material Material {
      diffuseColor 0.2235 0.2235 0.2235
      specularColor 0.1137 0.1137 0.1137
      ambientIntensity 0.2
      transparency 0.0000
      shininess 0.5
    }
  }
  geometry IndexedFaceSet {
    ccw TRUE
    solid FALSE
    coord DEF co Coordinate {
      point [
        0.007274 0.533427 0.405806,
        0.007274 0.535415 0.394531,
        -0.031433 0.535415 0.394531,
        -0.033828 0.535415 0.394531,
        -0.033828 0.537423 0.383146,
        -0.060425 0.537423 0.383146,
        -0.140754 0.537517 0.382615,
        -0.140752 0.537557 0.382381,
        -0.145178 0.537557 0.382381,
        -0.057170 0.533353 0.406228,
        -0.052328 0.533427 0.405806,
        -0.060425 0.533427 0.405806,
        -0.047137 0.526378 0.445783,
        -0.047872 0.526363 0.445866,
        -0.033828 0.526363 0.445866,
        0.138825 0.537557 0.382381,
        0.103930 0.537557 0.382381,
        0.102416 0.537423 0.383146,
        0.132566 0.525470 0.450930,
        0.129777 0.525287 0.451970,
        0.516043 0.525287 0.451970,
        0.041589 0.531687 0.415678,
        0.033919 0.532831 0.409189,
        0.007274 0.526363 0.445866,
        0.071490 0.526363 0.445866,
        0.066652 0.526937 0.442613,
        0.057449 0.528805 0.432020,
        0.051441 0.530861 0.420361,
        0.050027 0.530945 0.419881,
        0.079287 0.525439 0.451107,
        0.007274 0.525287 0.451970,
        0.081717 0.525287 0.451970,
        0.511228 0.520472 0.479278,
        0.119408 0.524606 0.455836,
        0.105258 0.524319 0.457459,
        0.007274 0.520472 0.479278,
        0.093536 0.524548 0.456164,
        0.517119 0.526363 0.445866,
        0.140576 0.526363 0.445866,
        0.139493 0.526205 0.446766,
        0.191478 0.530589 0.421900,
        0.189240 0.530230 0.423939,
        0.179693 0.529114 0.430265,
        0.169067 0.528451 0.434026,
        0.158648 0.528257 0.435126,
        0.146222 0.527191 0.441171,
        0.155376 0.528292 0.434928,
        0.152106 0.528364 0.434520,
        0.524183 0.533427 0.405806,
        0.526171 0.535415 0.394531,
        0.204649 0.535415 0.394531,
        0.202762 0.533750 0.403978,
        0.201885 0.533427 0.405806,
        0.197987 0.531993 0.413939,
        0.080476 0.541336 0.360954,
        0.078515 0.541206 0.361692,
        0.075091 0.538394 0.377636,
        0.193352 0.541610 0.359400,
        0.200169 0.539860 0.369323,
        0.541339 0.551181 0.305118,
        0.082239 0.541548 0.359752,
        0.185327 0.542841 0.352418,
        0.528313 0.537557 0.382381,
        0.541932 0.551177 0.305143,
        0.076342 0.541161 0.361947,
        0.076065 0.541165 0.361925,
        0.075213 0.541198 0.361733,
        0.203973 0.538007 0.379830,
        0.204251 0.537557 0.382381,
        0.204335 0.537423 0.383146,
        0.528178 0.537423 0.383146,
        0.205086 0.536207 0.390038,
        0.204974 0.535702 0.392907,
        0.007274 0.537557 0.382381,
        0.024916 0.539139 0.373409,
        0.007274 0.551181 0.305118,
        0.028564 0.540699 0.364564,
        0.034250 0.542053 0.356887,
        0.158141 0.546721 0.330411,
        0.163678 0.545985 0.334585,
        0.167872 0.545073 0.339761,
        0.116987 0.544224 0.344576,
        0.120393 0.545322 0.338346,
        0.047056 0.540004 0.368506,
        0.043894 0.539237 0.372857,
        0.041897 0.538358 0.377840,
        0.077863 0.537557 0.382381,
        0.042052 0.543183 0.350478,
        0.050769 0.543910 0.346356,
        0.060243 0.544245 0.344454,
        0.085228 0.542682 0.353319,
        0.085163 0.542507 0.354311,
        0.115089 0.542003 0.357172,
        0.084605 0.542130 0.356448,
        0.083520 0.541791 0.358369,
        0.124824 0.546173 0.333520,
        0.130522 0.546851 0.329676,
        0.136888 0.547266 0.327322,
        0.082352 0.543817 0.346885,
        0.083009 0.543698 0.347554,
        0.084237 0.543387 0.349323,
        0.084973 0.543050 0.351229,
        0.115280 0.543005 0.351486,
        0.115109 0.542497 0.354369,
        0.143774 0.547404 0.326536,
        0.144883 0.547400 0.326565,
        0.151595 0.547209 0.327646,
        0.170678 0.544010 0.345786,
        0.175194 0.543761 0.347201,
        0.074636 0.541212 0.361655,
        0.061828 0.541228 0.361565,
        0.056733 0.541065 0.362487,
        0.077036 0.544224 0.344572,
        0.078638 0.544178 0.344837,
        0.080516 0.544046 0.345580,
        0.051692 0.540669 0.364738,
        0.047456 0.540078 0.368089,
        0.041296 0.537557 0.382381,
        0.041195 0.537423 0.383146,
        0.078309 0.537423 0.383146,
        0.041176 0.537398 0.383286,
        0.185970 0.537423 0.383146,
        0.186846 0.536887 0.386184,
        0.083807 0.535764 0.392554,
        0.187150 0.536131 0.390473,
        0.186613 0.535415 0.394531,
        0.041295 0.536970 0.385716,
        0.042586 0.536018 0.391111,
        0.044421 0.535415 0.394531,
        0.133040 0.537815 0.380921,
        0.127024 0.538385 0.377689,
        0.122090 0.539177 0.373199,
        0.156464 0.538016 0.379783,
        0.150159 0.537606 0.382104,
        0.185749 0.537557 0.382381,
        0.147737 0.537557 0.382381,
        0.143369 0.537470 0.382879,
        0.139898 0.537510 0.382651,
        0.184862 0.538100 0.379306,
        0.167061 0.539638 0.370580,
        0.162314 0.538710 0.375844,
        0.181493 0.539113 0.373561,
        0.176425 0.540029 0.368364,
        0.170258 0.540699 0.364565,
        0.065498 0.533513 0.405322,
        0.183774 0.533837 0.403478,
        0.186255 0.534937 0.397243,
        0.063220 0.533515 0.405306,
        0.045193 0.535161 0.395970,
        0.048471 0.534516 0.399630,
        0.052865 0.533976 0.402695,
        0.057820 0.533638 0.404612,
        0.077650 0.529233 0.429589,
        0.078669 0.529069 0.430520,
        0.143429 0.531983 0.413995,
        0.071343 0.530582 0.421940,
        0.182105 0.533427 0.405806,
        0.145494 0.531784 0.415124,
        0.065600 0.533427 0.405806,
        0.067088 0.532186 0.412843,
        0.151861 0.531373 0.417456,
        0.158485 0.531223 0.418306,
        0.161414 0.531246 0.418178,
        0.086639 0.528100 0.436020,
        0.095548 0.527499 0.439428,
        0.139117 0.530452 0.422681,
        0.105094 0.527285 0.440639,
        0.168454 0.531525 0.416595,
        0.174827 0.532100 0.413330,
        0.179791 0.532858 0.409035,
        0.115389 0.527498 0.439431,
        0.124744 0.528134 0.435825,
        0.132715 0.529130 0.430174,
        0.007274 0.537423 0.383146,
        0.023568 0.537423 0.383146,
        0.023674 0.537557 0.382381,
        0.024758 0.535758 0.392585,
        0.023527 0.537370 0.383443,
        0.031494 0.533427 0.405806,
        0.028171 0.534244 0.401171,
        0.025532 0.535415 0.394531,
        -0.145178 0.551181 0.305118,
        -0.148943 0.544479 0.343130,
        -0.179589 0.539327 0.372348,
        -0.181048 0.539991 0.368582,
        -0.182724 0.537557 0.382381,
        -0.182724 0.551181 0.305118,
        -0.178543 0.542925 0.351939,
        -0.175539 0.543537 0.348467,
        -0.171363 0.544050 0.345558,
        -0.166793 0.544355 0.343829,
        -0.159954 0.544492 0.343053,
        -0.181683 0.540954 0.363119,
        -0.181545 0.541396 0.360614,
        -0.180543 0.542209 0.356004,
        -0.171574 0.537978 0.379997,
        -0.175746 0.538480 0.377150,
        -0.177131 0.538719 0.375798,
        -0.149226 0.537557 0.382381,
        -0.149227 0.537527 0.382556,
        -0.145178 0.537423 0.383146,
        -0.160648 0.537541 0.382476,
        -0.182724 0.537423 0.383146,
        -0.161469 0.537557 0.382381,
        -0.166755 0.537666 0.381769,
        -0.014274 0.541181 0.361829,
        -0.014179 0.543520 0.348566,
        -0.028591 0.541199 0.361729,
        -0.030542 0.543540 0.348452,
        -0.028624 0.540403 0.366244,
        -0.029850 0.538180 0.378854,
        -0.014307 0.540385 0.366344,
        -0.014398 0.538161 0.378962,
        -0.031433 0.537557 0.382381,
        -0.031433 0.537423 0.383146,
        -0.029876 0.537557 0.382381,
        -0.029881 0.537423 0.383146,
        -0.029883 0.537380 0.383389,
        -0.009262 0.537354 0.383533,
        -0.009259 0.537423 0.383146,
        -0.031433 0.551181 0.305118,
        -0.030510 0.544333 0.343957,
        -0.008978 0.544306 0.344107,
        -0.009254 0.537557 0.382381,
        -0.145178 0.526363 0.445866,
        -0.149606 0.526498 0.445101,
        -0.155132 0.526505 0.445062,
        -0.134074 0.533431 0.405781,
        -0.134083 0.533427 0.405806,
        -0.133040 0.533427 0.405806,
        -0.145178 0.528475 0.433892,
        -0.133040 0.535415 0.394531,
        -0.139784 0.533439 0.405742,
        -0.145178 0.535415 0.394531,
        -0.139808 0.533427 0.405806,
        -0.145178 0.533427 0.405806,
        -0.145178 0.531544 0.416488,
        -0.143710 0.531542 0.416498,
        -0.160380 0.531562 0.416382,
        -0.164298 0.533427 0.405806,
        -0.164386 0.533469 0.405570,
        -0.170096 0.533476 0.405530,
        -0.182724 0.535415 0.394531,
        -0.169991 0.533427 0.405806,
        -0.182724 0.533427 0.405806,
        -0.182724 0.526363 0.445866,
        -0.091070 0.526426 0.445509,
        -0.095494 0.526363 0.445866,
        -0.085827 0.526363 0.445866,
        -0.085827 0.529444 0.428393,
        -0.089810 0.529450 0.428365,
        -0.091037 0.527226 0.440974,
        -0.089778 0.530246 0.423850,
        -0.095494 0.533427 0.405806,
        -0.085827 0.527220 0.441011,
        -0.075584 0.527207 0.441082,
        -0.075493 0.529432 0.428465,
        -0.070165 0.533353 0.406228,
        -0.067626 0.533427 0.405806,
        -0.085827 0.533427 0.405806,
        -0.075461 0.530228 0.423950,
        -0.075365 0.532567 0.410687,
        -0.085827 0.530241 0.423877,
        -0.085827 0.532580 0.410614,
        -0.091729 0.532587 0.410572,
        -0.091696 0.533379 0.406078,
        -0.085827 0.533372 0.406119,
        -0.067626 0.526363 0.445866,
        -0.070449 0.526401 0.445654,
        -0.085827 0.526420 0.445546,
        -0.060425 0.526363 0.445866,
        -0.060425 0.526455 0.445349,
        -0.062430 0.526558 0.444762,
        -0.062391 0.527496 0.439441,
        -0.061947 0.527454 0.439681,
        -0.060425 0.532331 0.412024,
        -0.062199 0.532195 0.412794,
        -0.038544 0.530964 0.419776,
        -0.039916 0.531509 0.416680,
        -0.051418 0.527081 0.441794,
        -0.053722 0.532638 0.410282,
        -0.052972 0.527072 0.441845,
        -0.058255 0.532497 0.411082,
        -0.057897 0.527181 0.441231,
        -0.060425 0.527351 0.440263,
        -0.041589 0.531903 0.414450,
        -0.042374 0.532040 0.413675,
        -0.044978 0.532364 0.411836,
        -0.047823 0.532559 0.410731,
        -0.051844 0.532648 0.410226,
        -0.042032 0.527830 0.437547,
        -0.039821 0.528357 0.434561,
        -0.044772 0.527443 0.439744,
        -0.047931 0.527194 0.441157,
        -0.038450 0.528954 0.431174,
        -0.037741 0.529915 0.425725,
        -0.037822 0.530295 0.423569,
        -0.052954 0.526262 0.446441,
        -0.052990 0.526262 0.446441,
        -0.060425 0.525287 0.451970,
        -0.058223 0.526341 0.445993,
        -0.058659 0.526363 0.445866,
        -0.035277 0.527922 0.437024,
        -0.038207 0.527268 0.440739,
        -0.039182 0.527108 0.441644,
        -0.042946 0.526656 0.444208,
        -0.031433 0.526363 0.445866,
        -0.033344 0.528693 0.432658,
        -0.033828 0.528500 0.433749,
        -0.033828 0.531444 0.417052,
        -0.033068 0.531101 0.418997,
        -0.031433 0.533427 0.405806,
        -0.032315 0.529961 0.425460,
        -0.032400 0.529599 0.427517,
        -0.048648 0.533424 0.405826,
        -0.044316 0.533263 0.406735,
        -0.033828 0.533427 0.405806,
        -0.040550 0.532949 0.408517,
        -0.037349 0.532481 0.411174,
        -0.034675 0.531827 0.414880,
        -0.060425 0.535415 0.394531,
        -0.051065 0.533446 0.405696,
        -0.049008 0.533427 0.405806,
        -0.062164 0.533055 0.407917,
        -0.061479 0.533113 0.407586,
        -0.060425 0.533172 0.407254,
        -0.014880 0.526363 0.445866,
        -0.014629 0.532492 0.411111,
        -0.030573 0.532511 0.411000,
        -0.030541 0.533304 0.406505,
        -0.009429 0.533278 0.406652,
        -0.380856 0.525287 0.451970,
        -0.516043 0.525287 0.451970,
        -0.511228 0.520472 0.479278,
        -0.380856 0.537557 0.382381,
        -0.380856 0.551181 0.305118,
        -0.541339 0.551181 0.305118,
        -0.380856 0.526363 0.445866,
        -0.517119 0.526363 0.445866,
        -0.380856 0.533427 0.405806,
        -0.524183 0.533427 0.405806,
        -0.380856 0.535415 0.394531,
        -0.526171 0.535415 0.394531,
        -0.380856 0.537423 0.383146,
        -0.528178 0.537423 0.383146,
        -0.528313 0.537557 0.382381,
        -0.541932 0.551177 0.305143,
        -0.065086 0.544201 0.344703,
        -0.065123 0.543302 0.349803,
        -0.060425 0.537557 0.382381,
        -0.060425 0.551181 0.305118,
        -0.067626 0.551181 0.305118,
        -0.067626 0.544360 0.343804,
        -0.067383 0.543543 0.348439,
        -0.067626 0.543557 0.348354,
        -0.067626 0.541706 0.358852,
        -0.066648 0.541537 0.359810,
        -0.066005 0.541356 0.360837,
        -0.065461 0.541090 0.362347,
        -0.065257 0.540750 0.364275,
        -0.065466 0.540441 0.366029,
        -0.067462 0.541687 0.358959,
        -0.068600 0.544420 0.343460,
        -0.082800 0.542226 0.355908,
        -0.083724 0.542466 0.354546,
        -0.083182 0.540385 0.366347,
        -0.068514 0.539695 0.370259,
        -0.069749 0.539565 0.370994,
        -0.067626 0.537557 0.382381,
        -0.066072 0.540161 0.367615,
        -0.067010 0.539927 0.368944,
        -0.067626 0.539832 0.369482,
        -0.072443 0.539389 0.371997,
        -0.076451 0.539310 0.372441,
        -0.085827 0.537557 0.382381,
        -0.079967 0.539369 0.372109,
        -0.083217 0.539539 0.371144,
        -0.084445 0.543048 0.351240,
        -0.084193 0.543397 0.349262,
        -0.085827 0.551181 0.305118,
        -0.083567 0.543672 0.347701,
        -0.082624 0.543901 0.346405,
        -0.077372 0.544414 0.343496,
        -0.072831 0.544502 0.342996,
        -0.081178 0.544118 0.345176,
        -0.080014 0.544240 0.344481,
        -0.075931 0.540017 0.368433,
        -0.074446 0.540035 0.368334,
        -0.070429 0.540678 0.364682,
        -0.073102 0.540094 0.367994,
        -0.071973 0.540197 0.367413,
        -0.070470 0.540794 0.364025,
        -0.070663 0.540930 0.363256,
        -0.071020 0.541048 0.362587,
        -0.071505 0.541142 0.362054,
        -0.073265 0.541336 0.360953,
        -0.079427 0.540095 0.367990,
        -0.076359 0.541574 0.359601,
        -0.082257 0.540289 0.366889,
        -0.078295 0.541713 0.358814,
        -0.081612 0.542039 0.356967,
        -0.071212 0.540312 0.366759,
        -0.070778 0.540422 0.366134,
        -0.070525 0.540540 0.365469,
        -0.070535 0.543737 0.347333,
        -0.072792 0.542202 0.356038,
        -0.069813 0.541961 0.357408,
        -0.073352 0.543792 0.347024,
        -0.073573 0.543792 0.347024,
        -0.076075 0.542446 0.354657,
        -0.076145 0.543745 0.347290,
        -0.079294 0.543128 0.350792,
        -0.079249 0.543019 0.351407,
        -0.077443 0.543665 0.347747,
        -0.077902 0.543617 0.348017,
        -0.078481 0.543529 0.348516,
        -0.078923 0.543417 0.349150,
        -0.079183 0.543293 0.349851,
        -0.079027 0.542883 0.352180,
        -0.078644 0.542767 0.352837,
        -0.078024 0.542653 0.353482,
        -0.095494 0.540816 0.363900,
        -0.100128 0.543185 0.350465,
        -0.101489 0.543194 0.350415,
        -0.100726 0.543594 0.348143,
        -0.100858 0.543595 0.348142,
        -0.101096 0.543425 0.349106,
        -0.101439 0.545170 0.339208,
        -0.119849 0.544443 0.343333,
        -0.114648 0.539471 0.371529,
        -0.120130 0.537557 0.382381,
        -0.109450 0.539465 0.371565,
        -0.095494 0.537557 0.382381,
        -0.092810 0.539444 0.371681,
        -0.087202 0.539437 0.371721,
        -0.084250 0.542723 0.353087,
        -0.087972 0.545896 0.335090,
        -0.087940 0.546671 0.330696,
        -0.099109 0.545942 0.334831,
        -0.097030 0.546356 0.332481,
        -0.095494 0.551181 0.305118,
        -0.095494 0.546547 0.331400,
        -0.095376 0.546561 0.331317,
        -0.095494 0.543178 0.350507,
        -0.094008 0.545803 0.335620,
        -0.094950 0.545625 0.336628,
        -0.093413 0.546699 0.330537,
        -0.091171 0.546746 0.330270,
        -0.090065 0.546738 0.330317,
        -0.088995 0.545956 0.334752,
        -0.090813 0.545999 0.334506,
        -0.092149 0.545972 0.334661,
        -0.093237 0.545896 0.335091,
        -0.095494 0.545456 0.337587,
        -0.095979 0.545306 0.338440,
        -0.098216 0.544406 0.343544,
        -0.133040 0.544459 0.343241,
        -0.133040 0.551181 0.305118,
        -0.141380 0.544469 0.343183,
        -0.141413 0.543677 0.347678,
        -0.140721 0.538316 0.378080,
        -0.125145 0.541318 0.361055,
        -0.125049 0.543657 0.347792,
        -0.133040 0.541328 0.361000,
        -0.133040 0.543667 0.347736,
        -0.139462 0.541335 0.360955,
        -0.139494 0.540539 0.365470,
        -0.133040 0.540531 0.365515,
        -0.133040 0.538307 0.378133,
        -0.125268 0.538297 0.378187,
        -0.125178 0.540522 0.365570,
        -0.133040 0.537423 0.383146,
        -0.133040 0.537507 0.382669,
        -0.120133 0.537491 0.382759,
        -0.095494 0.537423 0.383146,
        -0.057952 0.540438 0.366047,
        -0.058414 0.541172 0.361883,
        -0.058284 0.544367 0.343763,
        -0.033828 0.551181 0.305118,
        -0.053269 0.544361 0.343798,
        -0.038257 0.540571 0.365290,
        -0.038292 0.539725 0.370087,
        -0.033828 0.537557 0.382381,
        -0.049366 0.540016 0.368441,
        -0.047656 0.539982 0.368631,
        -0.044917 0.541400 0.360587,
        -0.037264 0.542007 0.357144,
        -0.038736 0.541774 0.358470,
        -0.040753 0.541583 0.359552,
        -0.041736 0.540198 0.367409,
        -0.044885 0.540025 0.368388,
        -0.048155 0.539276 0.372639,
        -0.043052 0.539377 0.372063,
        -0.039316 0.539624 0.370662,
        -0.051647 0.539345 0.372244,
        -0.053643 0.539470 0.371538,
        -0.055225 0.539647 0.370532,
        -0.056090 0.539794 0.369697,
        -0.057141 0.540064 0.368166,
        -0.039457 0.544275 0.344286,
        -0.037777 0.544068 0.345458,
        -0.037316 0.543987 0.345916,
        -0.036262 0.543725 0.347405,
        -0.053398 0.541205 0.361697,
        -0.053243 0.540822 0.363865,
        -0.052738 0.540511 0.365633,
        -0.052157 0.540330 0.366657,
        -0.046987 0.544419 0.343465,
        -0.044372 0.544467 0.343195,
        -0.041374 0.544403 0.343559,
        -0.035637 0.543436 0.349043,
        -0.035364 0.543009 0.351462,
        -0.035606 0.542608 0.353738,
        -0.036222 0.542289 0.355546,
        -0.051407 0.540189 0.367458,
        -0.050522 0.540088 0.368031,
        -0.053301 0.543593 0.348152,
        -0.053168 0.543593 0.348153,
        -0.052325 0.543811 0.346919,
        -0.050723 0.544101 0.345270,
        -0.049020 0.544294 0.344179,
        -0.189468 0.544528 0.342847,
        -0.183758 0.544522 0.342887,
        -0.199290 0.537589 0.382206,
        -0.204816 0.537595 0.382167,
        -0.219780 0.544566 0.342635,
        -0.214070 0.544559 0.342675,
        -0.210064 0.542652 0.353487,
        -0.193394 0.542632 0.353604,
        -0.085827 0.537423 0.383146,
        -0.067626 0.537423 0.383146,
        -0.067626 0.535415 0.394531,
        -0.085827 0.535415 0.394531,
        -0.095494 0.535415 0.394531,
        -0.014881 0.526332 0.446042,
        -0.031433 0.525287 0.451970,
        -0.009713 0.526326 0.446078,
        -0.009711 0.526363 0.445866,
        -0.131861 0.530306 0.423509,
        -0.130859 0.531119 0.418899,
        -0.129905 0.528237 0.435243,
        -0.131364 0.528901 0.431477,
        -0.133040 0.526363 0.445866,
        -0.131999 0.529864 0.426014,
        -0.128859 0.531835 0.414834,
        -0.125855 0.532448 0.411362,
        -0.121680 0.532960 0.408453,
        -0.110964 0.526451 0.445370,
        -0.117071 0.526576 0.444663,
        -0.121890 0.526888 0.442892,
        -0.117109 0.533265 0.406724,
        -0.110270 0.533402 0.405948,
        -0.099259 0.533389 0.406025,
        -0.099543 0.526437 0.445450,
        -0.126062 0.527390 0.440044,
        -0.127447 0.527628 0.438693,
        -0.033828 0.525287 0.451970,
        -0.182724 0.525287 0.451970,
        -0.145178 0.525287 0.451970,
        -0.133040 0.525287 0.451970,
        -0.095494 0.525287 0.451970,
        -0.085827 0.525287 0.451970,
        -0.067626 0.525287 0.451970,
        -0.380856 0.520472 0.479278,
        -0.182724 0.520472 0.479278,
        -0.145178 0.520472 0.479278,
        -0.133040 0.520472 0.479278,
        -0.095494 0.520472 0.479278,
        -0.085827 0.520472 0.479278,
        -0.067626 0.520472 0.479278,
        -0.060425 0.520472 0.479278,
        -0.033828 0.520472 0.479278,
        -0.031433 0.520472 0.479278,
        0.580709 -0.511811 0.305118,
        0.580709 -0.511811 0.246063,
        0.580709 -0.433071 0.305118,
        0.580709 -0.433071 0.246063,
        0.580709 -0.334646 0.246063,
        0.580709 -0.177165 0.246063,
        0.580709 -0.334646 0.305118,
        0.580709 -0.177165 0.305118,
        0.580709 -0.078740 0.246063,
        0.580709 0.078740 0.246063,
        0.580709 -0.078740 0.305118,
        0.580709 0.078740 0.305118,
        0.580709 0.177165 0.246063,
        0.580709 0.334646 0.246063,
        0.580709 0.177165 0.305118,
        0.580709 0.334646 0.305118,
        -0.580709 -0.511811 0.246063,
        -0.580709 -0.511811 0.305118,
        -0.580709 -0.433071 0.246063,
        -0.580709 -0.433071 0.305118,
        -0.580709 -0.334646 0.305118,
        -0.580709 -0.177165 0.305118,
        -0.580709 -0.334646 0.246063,
        -0.580709 -0.177165 0.246063,
        -0.580709 -0.078740 0.305118,
        -0.580709 0.078740 0.305118,
        -0.580709 -0.078740 0.246063,
        -0.580709 0.078740 0.246063,
        -0.580709 0.177165 0.305118,
        -0.580709 0.334646 0.305118,
        -0.580709 0.177165 0.246063,
        -0.580709 0.334646 0.246063,
        0.580709 0.433071 0.246063,
        0.580709 0.511811 0.246063,
        0.580709 0.433071 0.305118,
        0.580709 0.511811 0.305118,
        -0.541339 0.551181 0.246063,
        0.541339 0.551181 0.246063,
        -0.580709 0.433071 0.305118,
        -0.580709 0.511811 0.305118,
        -0.580709 0.433071 0.246063,
        -0.580709 0.511811 0.246063,
        0.541339 -0.551181 0.305118,
        -0.541339 -0.551181 0.305118,
        0.541339 -0.551181 0.246063,
        -0.541339 -0.551181 0.246063,
        0.511228 0.481700 0.511811,
        -0.511228 0.481700 0.511811,
        0.511228 -0.310159 0.511811,
        -0.511228 -0.310159 0.511811,
        -0.511228 -0.481700 0.039370,
        -0.511228 0.481700 0.039370,
        0.511228 -0.481700 0.039370,
        0.511228 0.481700 0.039370,
        -0.541932 -0.551177 0.246038,
        -0.511228 -0.520472 0.071904,
        0.511228 -0.520472 0.071904,
        0.541932 -0.551177 0.246038,
        0.550000 -0.481700 0.071904,
        0.580704 0.512405 0.246038,
        0.550000 0.481700 0.071904,
        0.580704 -0.512405 0.246038,
        -0.580704 -0.512405 0.246038,
        -0.550000 -0.481700 0.071904,
        -0.550000 0.481700 0.071904,
        -0.580704 0.512405 0.246038,
        0.541932 0.551177 0.246038,
        0.511228 0.520472 0.071904,
        -0.511228 0.520472 0.071904,
        -0.541932 0.551177 0.246038,
        -0.580704 0.512405 0.305143,
        -0.550000 0.481700 0.479278,
        -0.550000 -0.481700 0.479278,
        -0.580704 -0.512405 0.305143,
        0.580704 -0.512405 0.305143,
        0.550000 -0.481700 0.479278,
        0.550000 0.481700 0.479278,
        0.580704 0.512405 0.305143,
        0.541932 -0.551177 0.305143,
        0.511228 -0.520472 0.479278,
        -0.511228 -0.520472 0.479278,
        -0.541932 -0.551177 0.305143,
        0.511228 0.517958 0.487782,
        -0.511228 0.517958 0.487782,
        0.511228 0.517823 0.488019,
        -0.511228 0.517823 0.488019,
        0.511228 0.513411 0.495774,
        -0.511228 0.513411 0.495774,
        0.511228 0.513261 0.495934,
        -0.511228 0.513261 0.495934,
        0.511228 0.507133 0.502494,
        -0.511228 0.507133 0.502494,
        0.511228 0.506996 0.502584,
        -0.511228 0.506996 0.502584,
        0.511228 0.499468 0.507574,
        -0.511228 0.499468 0.507574,
        0.511228 0.499365 0.507611,
        -0.511228 0.499365 0.507611,
        0.511228 0.490833 0.510737,
        -0.511228 0.490833 0.510737,
        0.511228 0.490779 0.510743,
        -0.511228 0.490779 0.510743,
        0.517810 0.506266 0.502494,
        0.515826 0.498862 0.507574,
        0.513591 0.490522 0.510737,
        0.515794 0.489609 0.510737,
        0.519137 0.486267 0.510737,
        0.517685 0.488158 0.510737,
        0.520049 0.484064 0.510737,
        0.520612 0.516723 0.487782,
        0.521182 0.518859 0.480748,
        0.521079 0.518904 0.480738,
        0.530284 0.514896 0.481654,
        0.529357 0.513101 0.487782,
        0.530358 0.514839 0.481657,
        0.536866 0.507339 0.487782,
        0.538239 0.508712 0.481967,
        0.542628 0.499829 0.487782,
        0.544366 0.500831 0.481657,
        0.544424 0.500756 0.481654,
        0.546250 0.491085 0.487782,
        0.548387 0.491655 0.480748,
        0.548431 0.491551 0.480738,
        0.547486 0.481700 0.487782,
        0.520306 0.481700 0.510743,
        0.520111 0.497087 0.507574,
        0.523791 0.494264 0.507574,
        0.526615 0.490584 0.507574,
        0.528390 0.486299 0.507574,
        0.520361 0.481700 0.510737,
        0.528893 0.481700 0.507611,
        0.528995 0.481700 0.507574,
        0.536524 0.481700 0.502584,
        0.523944 0.503726 0.502494,
        0.529211 0.499684 0.502494,
        0.533253 0.494417 0.502494,
        0.535794 0.488283 0.502494,
        0.519435 0.512330 0.495774,
        0.527083 0.509162 0.495774,
        0.533650 0.504123 0.495774,
        0.538690 0.497556 0.495774,
        0.541857 0.489907 0.495774,
        0.536660 0.481700 0.502494,
        0.542789 0.481700 0.495934,
        0.542938 0.481700 0.495774,
        0.547351 0.481700 0.488019,
        -0.542789 0.481700 0.495934,
        -0.536660 0.481700 0.502494,
        -0.535794 0.488283 0.502494,
        -0.528390 0.486299 0.507574,
        -0.520049 0.484064 0.510737,
        -0.519137 0.486267 0.510737,
        -0.515794 0.489609 0.510737,
        -0.517685 0.488158 0.510737,
        -0.513591 0.490522 0.510737,
        -0.520306 0.481700 0.510743,
        -0.546250 0.491085 0.487782,
        -0.548387 0.491655 0.480748,
        -0.548431 0.491551 0.480738,
        -0.544424 0.500756 0.481654,
        -0.542628 0.499829 0.487782,
        -0.544366 0.500831 0.481657,
        -0.536866 0.507339 0.487782,
        -0.538239 0.508712 0.481967,
        -0.529357 0.513101 0.487782,
        -0.530358 0.514839 0.481657,
        -0.530284 0.514896 0.481654,
        -0.520612 0.516723 0.487782,
        -0.521182 0.518859 0.480748,
        -0.521079 0.518904 0.480738,
        -0.536524 0.481700 0.502584,
        -0.528995 0.481700 0.507574,
        -0.528893 0.481700 0.507611,
        -0.520361 0.481700 0.510737,
        -0.526615 0.490584 0.507574,
        -0.523791 0.494264 0.507574,
        -0.520111 0.497087 0.507574,
        -0.515826 0.498862 0.507574,
        -0.533253 0.494417 0.502494,
        -0.529211 0.499684 0.502494,
        -0.523944 0.503726 0.502494,
        -0.517810 0.506266 0.502494,
        -0.547351 0.481700 0.488019,
        -0.542938 0.481700 0.495774,
        -0.541857 0.489907 0.495774,
        -0.538690 0.497556 0.495774,
        -0.533650 0.504123 0.495774,
        -0.527083 0.509162 0.495774,
        -0.519435 0.512330 0.495774,
        -0.547486 0.481700 0.487782,
        0.516781 -0.310159 0.511417,
        0.516781 -0.481700 0.511417,
        0.520231 -0.481700 0.510471,
        0.526341 -0.481700 0.508794,
        0.528770 -0.481700 0.507403,
        0.534942 -0.481700 0.503867,
        0.536392 -0.481700 0.502454,
        0.542040 -0.481700 0.496948,
        0.542689 -0.481700 0.495879,
        0.547185 -0.481700 0.488475,
        0.547324 -0.481700 0.488018,
        0.561195 0.545807 0.306350,
        0.561014 0.545883 0.306341,
        0.551910 0.549735 0.305885,
        0.551521 0.549791 0.305856,
        0.569178 0.539650 0.306508,
        0.575335 0.531667 0.306350,
        0.575411 0.531486 0.306341,
        0.579263 0.522383 0.305885,
        0.579319 0.521994 0.305856,
        -0.575335 0.531667 0.306350,
        -0.575411 0.531486 0.306341,
        -0.579263 0.522383 0.305885,
        -0.579319 0.521994 0.305856,
        -0.569178 0.539650 0.306508,
        -0.561195 0.545807 0.306350,
        -0.561014 0.545883 0.306341,
        -0.551910 0.549735 0.305885,
        -0.551521 0.549791 0.305856,
        -0.516781 -0.310159 0.511417,
        -0.520231 -0.481700 0.510471,
        -0.516781 -0.481700 0.511417,
        -0.547324 -0.481700 0.488018,
        -0.547185 -0.481700 0.488475,
        -0.542689 -0.481700 0.495879,
        -0.542040 -0.481700 0.496948,
        -0.536392 -0.481700 0.502454,
        -0.534942 -0.481700 0.503867,
        -0.528770 -0.481700 0.507403,
        -0.526341 -0.481700 0.508794,
        -0.511228 -0.517657 0.488475,
        0.511228 -0.517657 0.488475,
        -0.511228 -0.517535 0.488676,
        0.511228 -0.517535 0.488676,
        -0.511228 -0.512513 0.496948,
        0.511228 -0.512513 0.496948,
        -0.511228 -0.512386 0.497071,
        0.511228 -0.512386 0.497071,
        -0.511228 -0.505415 0.503867,
        0.511228 -0.505415 0.503867,
        -0.511228 -0.505313 0.503926,
        0.511228 -0.505313 0.503926,
        -0.511228 -0.496813 0.508794,
        0.511228 -0.496813 0.508794,
        -0.511228 -0.496757 0.508810,
        0.511228 -0.496757 0.508810,
        0.511228 -0.487254 0.511417,
        -0.511228 -0.487254 0.511417,
        0.534134 -0.487838 0.503867,
        0.516592 -0.483137 0.511417,
        0.548431 -0.491551 0.480738,
        0.545959 -0.491007 0.488475,
        0.548387 -0.491655 0.480748,
        0.544424 -0.500756 0.481654,
        0.542367 -0.499679 0.488475,
        0.544366 -0.500831 0.481657,
        0.536653 -0.507126 0.488475,
        0.538239 -0.508712 0.481967,
        0.529206 -0.512840 0.488475,
        0.530358 -0.514839 0.481657,
        0.530284 -0.514896 0.481654,
        0.520534 -0.516432 0.488475,
        0.521182 -0.518859 0.480748,
        0.521079 -0.518904 0.480738,
        0.525826 -0.485612 0.508794,
        0.516037 -0.484477 0.511417,
        0.524316 -0.489257 0.508794,
        0.515155 -0.485627 0.511417,
        0.521914 -0.492387 0.508794,
        0.514005 -0.486510 0.511417,
        0.518784 -0.494789 0.508794,
        0.512665 -0.487065 0.511417,
        0.515139 -0.496298 0.508794,
        0.517365 -0.504607 0.503867,
        0.523085 -0.502237 0.503867,
        0.527996 -0.498469 0.503867,
        0.531765 -0.493557 0.503867,
        0.540990 -0.489675 0.496948,
        0.537912 -0.497106 0.496948,
        0.533015 -0.503488 0.496948,
        0.526634 -0.508385 0.496948,
        0.519203 -0.511463 0.496948,
        0.551521 0.549791 0.245325,
        0.551910 0.549735 0.245296,
        0.561014 0.545883 0.244840,
        0.561195 0.545807 0.244831,
        0.569178 0.539650 0.244673,
        0.575335 0.531667 0.244831,
        0.575411 0.531486 0.244840,
        0.579263 0.522383 0.245296,
        0.579319 0.521994 0.245325,
        -0.551521 0.549791 0.245325,
        -0.551910 0.549735 0.245296,
        -0.561014 0.545883 0.244840,
        -0.561195 0.545807 0.244831,
        -0.569178 0.539650 0.244673,
        -0.575335 0.531667 0.244831,
        -0.575411 0.531486 0.244840,
        -0.579263 0.522383 0.245296,
        -0.579319 0.521994 0.245325,
        -0.520534 -0.516432 0.488475,
        -0.521182 -0.518859 0.480748,
        -0.521079 -0.518904 0.480738,
        -0.530284 -0.514896 0.481654,
        -0.529206 -0.512840 0.488475,
        -0.530358 -0.514839 0.481657,
        -0.536653 -0.507126 0.488475,
        -0.538239 -0.508712 0.481967,
        -0.542367 -0.499679 0.488475,
        -0.544366 -0.500831 0.481657,
        -0.544424 -0.500756 0.481654,
        -0.545959 -0.491007 0.488475,
        -0.548387 -0.491655 0.480748,
        -0.548431 -0.491551 0.480738,
        -0.515139 -0.496298 0.508794,
        -0.525826 -0.485612 0.508794,
        -0.516592 -0.483137 0.511417,
        -0.524316 -0.489257 0.508794,
        -0.516037 -0.484477 0.511417,
        -0.521914 -0.492387 0.508794,
        -0.515155 -0.485627 0.511417,
        -0.518784 -0.494789 0.508794,
        -0.514005 -0.486510 0.511417,
        -0.512665 -0.487065 0.511417,
        -0.517365 -0.504607 0.503867,
        -0.534134 -0.487838 0.503867,
        -0.531765 -0.493557 0.503867,
        -0.527996 -0.498469 0.503867,
        -0.523085 -0.502237 0.503867,
        -0.519203 -0.511463 0.496948,
        -0.526634 -0.508385 0.496948,
        -0.533015 -0.503488 0.496948,
        -0.537912 -0.497106 0.496948,
        -0.540990 -0.489675 0.496948,
        0.575335 -0.531667 0.306350,
        0.575411 -0.531486 0.306341,
        0.579263 -0.522383 0.305885,
        0.579319 -0.521994 0.305856,
        0.569178 -0.539650 0.306508,
        0.561195 -0.545807 0.306350,
        0.561014 -0.545883 0.306341,
        0.551910 -0.549735 0.305885,
        0.551521 -0.549791 0.305856,
        0.548431 0.491551 0.070443,
        0.548387 0.491655 0.070433,
        0.544424 0.500756 0.069527,
        0.544366 0.500831 0.069524,
        0.538239 0.508712 0.069215,
        0.530358 0.514839 0.069524,
        0.530284 0.514896 0.069527,
        0.521182 0.518859 0.070433,
        0.521079 0.518904 0.070443,
        -0.511228 0.517958 0.063399,
        0.511228 0.517958 0.063399,
        -0.511228 0.517823 0.063162,
        0.511228 0.517823 0.063162,
        -0.511228 0.513411 0.055407,
        0.511228 0.513411 0.055407,
        -0.511228 0.513261 0.055247,
        0.511228 0.513261 0.055247,
        -0.511228 0.507133 0.048687,
        0.511228 0.507133 0.048687,
        -0.511228 0.506996 0.048597,
        0.511228 0.506996 0.048597,
        -0.511228 0.499468 0.043607,
        0.511228 0.499468 0.043607,
        -0.511228 0.499365 0.043570,
        0.511228 0.499365 0.043570,
        -0.511228 0.490833 0.040444,
        0.511228 0.490833 0.040444,
        -0.511228 0.490779 0.040438,
        0.511228 0.490779 0.040438,
        -0.521079 0.518904 0.070443,
        -0.521182 0.518859 0.070433,
        -0.530284 0.514896 0.069527,
        -0.530358 0.514839 0.069524,
        -0.538239 0.508712 0.069215,
        -0.544366 0.500831 0.069524,
        -0.544424 0.500756 0.069527,
        -0.548387 0.491655 0.070433,
        -0.548431 0.491551 0.070443,
        -0.561195 -0.545807 0.306350,
        -0.561014 -0.545883 0.306341,
        -0.551910 -0.549735 0.305885,
        -0.551521 -0.549791 0.305856,
        -0.569178 -0.539650 0.306508,
        -0.575335 -0.531667 0.306350,
        -0.575411 -0.531486 0.306341,
        -0.579263 -0.522383 0.305885,
        -0.579319 -0.521994 0.305856,
        0.551521 -0.549791 0.245325,
        0.551910 -0.549735 0.245296,
        0.561014 -0.545883 0.244840,
        0.561195 -0.545807 0.244831,
        0.569178 -0.539650 0.244673,
        0.575335 -0.531667 0.244831,
        0.575411 -0.531486 0.244840,
        0.579263 -0.522383 0.245296,
        0.579319 -0.521994 0.245325,
        0.520306 0.481700 0.040438,
        0.520049 0.484064 0.040444,
        0.515826 0.498862 0.043607,
        0.517810 0.506266 0.048687,
        0.519435 0.512330 0.055407,
        0.520612 0.516723 0.063399,
        0.529357 0.513101 0.063399,
        0.547486 0.481700 0.063399,
        0.546250 0.491085 0.063399,
        0.547351 0.481700 0.063162,
        0.541857 0.489907 0.055407,
        0.527083 0.509162 0.055407,
        0.536866 0.507339 0.063399,
        0.542938 0.481700 0.055407,
        0.542789 0.481700 0.055247,
        0.535794 0.488283 0.048687,
        0.523944 0.503726 0.048687,
        0.533650 0.504123 0.055407,
        0.536660 0.481700 0.048687,
        0.536524 0.481700 0.048597,
        0.528390 0.486299 0.043607,
        0.529211 0.499684 0.048687,
        0.520111 0.497087 0.043607,
        0.513591 0.490522 0.040444,
        0.542628 0.499829 0.063399,
        0.538690 0.497556 0.055407,
        0.533253 0.494417 0.048687,
        0.526615 0.490584 0.043607,
        0.519137 0.486267 0.040444,
        0.523791 0.494264 0.043607,
        0.515794 0.489609 0.040444,
        0.517685 0.488158 0.040444,
        0.528995 0.481700 0.043607,
        0.528893 0.481700 0.043570,
        0.520361 0.481700 0.040444,
        -0.513591 0.490522 0.040444,
        -0.528893 0.481700 0.043570,
        -0.528995 0.481700 0.043607,
        -0.528390 0.486299 0.043607,
        -0.536524 0.481700 0.048597,
        -0.536660 0.481700 0.048687,
        -0.535794 0.488283 0.048687,
        -0.541857 0.489907 0.055407,
        -0.546250 0.491085 0.063399,
        -0.542628 0.499829 0.063399,
        -0.520612 0.516723 0.063399,
        -0.547486 0.481700 0.063399,
        -0.547351 0.481700 0.063162,
        -0.542938 0.481700 0.055407,
        -0.542789 0.481700 0.055247,
        -0.519435 0.512330 0.055407,
        -0.538690 0.497556 0.055407,
        -0.536866 0.507339 0.063399,
        -0.517810 0.506266 0.048687,
        -0.533253 0.494417 0.048687,
        -0.533650 0.504123 0.055407,
        -0.515826 0.498862 0.043607,
        -0.529211 0.499684 0.048687,
        -0.526615 0.490584 0.043607,
        -0.520049 0.484064 0.040444,
        -0.529357 0.513101 0.063399,
        -0.527083 0.509162 0.055407,
        -0.523944 0.503726 0.048687,
        -0.520111 0.497087 0.043607,
        -0.515794 0.489609 0.040444,
        -0.520306 0.481700 0.040438,
        -0.520361 0.481700 0.040444,
        -0.523791 0.494264 0.043607,
        -0.519137 0.486267 0.040444,
        -0.517685 0.488158 0.040444,
        -0.579319 -0.521994 0.245325,
        -0.579263 -0.522383 0.245296,
        -0.575411 -0.531486 0.244840,
        -0.575335 -0.531667 0.244831,
        -0.569178 -0.539650 0.244673,
        -0.561195 -0.545807 0.244831,
        -0.561014 -0.545883 0.244840,
        -0.551910 -0.549735 0.245296,
        -0.551521 -0.549791 0.245325,
        0.519777 -0.519111 0.070636,
        0.521079 -0.518904 0.070443,
        0.527756 -0.515997 0.069778,
        0.530284 -0.514896 0.069527,
        0.534865 -0.511335 0.069347,
        0.548639 -0.490249 0.070636,
        0.548431 -0.491551 0.070443,
        0.545524 -0.498228 0.069778,
        0.544424 -0.500756 0.069527,
        0.540862 -0.505338 0.069347,
        0.538239 -0.508712 0.069215,
        0.547486 -0.481700 0.063399,
        0.547351 -0.481700 0.063162,
        0.542938 -0.481700 0.055407,
        0.542789 -0.481700 0.055247,
        0.536660 -0.481700 0.048687,
        0.536524 -0.481700 0.048597,
        0.528995 -0.481700 0.043607,
        0.528893 -0.481700 0.043570,
        0.520361 -0.481700 0.040444,
        0.520306 -0.481700 0.040438,
        -0.547486 -0.481700 0.063399,
        -0.547351 -0.481700 0.063162,
        -0.542938 -0.481700 0.055407,
        -0.542789 -0.481700 0.055247,
        -0.536660 -0.481700 0.048687,
        -0.536524 -0.481700 0.048597,
        -0.528995 -0.481700 0.043607,
        -0.528893 -0.481700 0.043570,
        -0.520361 -0.481700 0.040444,
        -0.520306 -0.481700 0.040438,
        -0.548431 -0.491551 0.070443,
        -0.548387 -0.491655 0.070433,
        -0.544424 -0.500756 0.069527,
        -0.544366 -0.500831 0.069524,
        -0.538239 -0.508712 0.069215,
        -0.530358 -0.514839 0.069524,
        -0.530284 -0.514896 0.069527,
        -0.521182 -0.518859 0.070433,
        -0.521079 -0.518904 0.070443,
        0.511228 -0.490779 0.040438,
        0.513260 -0.490604 0.040444,
        0.518368 -0.487394 0.040444,
        0.516922 -0.488841 0.040444,
        0.528550 -0.485654 0.043607,
        0.536023 -0.487359 0.048687,
        0.542143 -0.488756 0.055407,
        0.546577 -0.489769 0.063399,
        0.543895 -0.497432 0.063399,
        0.526959 -0.514368 0.063399,
        0.519296 -0.517049 0.063399,
        0.539576 -0.504307 0.063399,
        0.511228 -0.517958 0.063399,
        0.511228 -0.517823 0.063162,
        0.518284 -0.512616 0.055407,
        0.539798 -0.495459 0.055407,
        0.511228 -0.513411 0.055407,
        0.511228 -0.513261 0.055247,
        0.516887 -0.506495 0.048687,
        0.534142 -0.492735 0.048687,
        0.536020 -0.501471 0.055407,
        0.533834 -0.510048 0.063399,
        0.511228 -0.507133 0.048687,
        0.511228 -0.506996 0.048597,
        0.515181 -0.499022 0.043607,
        0.530999 -0.506493 0.055407,
        0.531112 -0.497557 0.048687,
        0.527235 -0.489409 0.043607,
        0.520131 -0.483732 0.040444,
        0.522306 -0.495591 0.043607,
        0.524986 -0.510270 0.055407,
        0.522263 -0.504614 0.048687,
        0.518937 -0.497708 0.043607,
        0.515190 -0.489929 0.040444,
        0.527085 -0.501584 0.048687,
        0.525119 -0.492778 0.043607,
        0.519456 -0.485663 0.040444,
        0.511228 -0.499468 0.043607,
        0.511228 -0.499365 0.043570,
        0.511228 -0.490833 0.040444,
        -0.520049 -0.484064 0.040444,
        -0.511228 -0.499365 0.043570,
        -0.511228 -0.499468 0.043607,
        -0.515826 -0.498862 0.043607,
        -0.511228 -0.506996 0.048597,
        -0.511228 -0.507133 0.048687,
        -0.517810 -0.506266 0.048687,
        -0.519435 -0.512330 0.055407,
        -0.520612 -0.516723 0.063399,
        -0.529357 -0.513101 0.063399,
        -0.546250 -0.491085 0.063399,
        -0.511228 -0.517958 0.063399,
        -0.511228 -0.517823 0.063162,
        -0.511228 -0.513411 0.055407,
        -0.511228 -0.513261 0.055247,
        -0.541857 -0.489907 0.055407,
        -0.527083 -0.509162 0.055407,
        -0.536866 -0.507339 0.063399,
        -0.535794 -0.488283 0.048687,
        -0.523944 -0.503726 0.048687,
        -0.533650 -0.504123 0.055407,
        -0.528390 -0.486299 0.043607,
        -0.529211 -0.499684 0.048687,
        -0.520111 -0.497087 0.043607,
        -0.513591 -0.490522 0.040444,
        -0.542628 -0.499829 0.063399,
        -0.538690 -0.497556 0.055407,
        -0.533253 -0.494417 0.048687,
        -0.526615 -0.490584 0.043607,
        -0.519137 -0.486267 0.040444,
        -0.511228 -0.490779 0.040438,
        -0.511228 -0.490833 0.040444,
        -0.523791 -0.494264 0.043607,
        -0.515794 -0.489609 0.040444,
        -0.517685 -0.488158 0.040444,
      ]
    }
    coordIndex [
      0, 1, 2, -1,
      3, 4, 5, -1,
      6, 7, 8, -1,
      9, 10, 11, -1,
      12, 13, 14, -1,
      15, 16, 17, -1,
      18, 19, 20, -1,
      21, 22, 23, -1,
      23, 22, 0, -1,
      24, 25, 23, -1,
      23, 25, 26, -1,
      26, 27, 23, -1,
      23, 27, 28, -1,
      23, 28, 21, -1,
      24, 23, 29, -1,
      29, 23, 30, -1,
      29, 30, 31, -1,
      20, 19, 32, -1,
      19, 33, 32, -1,
      32, 33, 34, -1,
      32, 34, 35, -1,
      35, 34, 36, -1,
      37, 38, 20, -1,
      20, 38, 39, -1,
      20, 39, 18, -1,
      40, 41, 37, -1,
      41, 42, 37, -1,
      37, 42, 43, -1,
      37, 43, 38, -1,
      38, 43, 44, -1,
      38, 44, 45, -1,
      45, 44, 46, -1,
      45, 46, 47, -1,
      48, 49, 50, -1,
      50, 51, 48, -1,
      48, 51, 52, -1,
      48, 52, 37, -1,
      37, 52, 53, -1,
      37, 53, 40, -1,
      54, 55, 56, -1,
      57, 58, 59, -1,
      54, 56, 60, -1,
      57, 59, 61, -1,
      62, 63, 59, -1,
      55, 64, 56, -1,
      56, 64, 65, -1,
      56, 65, 66, -1,
      58, 67, 59, -1,
      59, 67, 68, -1,
      59, 68, 62, -1,
      62, 68, 69, -1,
      62, 69, 70, -1,
      70, 69, 71, -1,
      70, 71, 49, -1,
      49, 71, 72, -1,
      49, 72, 50, -1,
      73, 74, 75, -1,
      75, 74, 76, -1,
      75, 76, 77, -1,
      78, 79, 59, -1,
      59, 79, 80, -1,
      75, 81, 82, -1,
      83, 84, 56, -1,
      56, 84, 85, -1,
      56, 85, 86, -1,
      77, 87, 75, -1,
      75, 87, 88, -1,
      75, 88, 89, -1,
      90, 91, 92, -1,
      92, 91, 93, -1,
      92, 93, 56, -1,
      56, 93, 94, -1,
      56, 94, 60, -1,
      82, 95, 75, -1,
      75, 95, 96, -1,
      75, 96, 97, -1,
      81, 98, 99, -1,
      99, 100, 81, -1,
      81, 100, 101, -1,
      81, 101, 102, -1,
      102, 101, 90, -1,
      102, 90, 103, -1,
      103, 90, 92, -1,
      97, 104, 75, -1,
      75, 104, 105, -1,
      75, 105, 59, -1,
      59, 105, 106, -1,
      59, 106, 78, -1,
      80, 107, 59, -1,
      59, 107, 108, -1,
      59, 108, 61, -1,
      66, 109, 56, -1,
      56, 109, 110, -1,
      56, 110, 111, -1,
      89, 112, 75, -1,
      75, 112, 113, -1,
      75, 113, 81, -1,
      81, 113, 114, -1,
      81, 114, 98, -1,
      111, 115, 56, -1,
      56, 115, 116, -1,
      56, 116, 83, -1,
      85, 117, 86, -1,
      86, 117, 118, -1,
      86, 118, 119, -1,
      119, 118, 120, -1,
      121, 17, 122, -1,
      122, 17, 123, -1,
      122, 123, 124, -1,
      124, 123, 125, -1,
      120, 126, 119, -1,
      119, 126, 127, -1,
      119, 127, 123, -1,
      123, 127, 128, -1,
      123, 128, 125, -1,
      15, 129, 16, -1,
      16, 129, 130, -1,
      16, 130, 131, -1,
      132, 133, 134, -1,
      134, 133, 135, -1,
      134, 135, 121, -1,
      121, 135, 136, -1,
      121, 136, 17, -1,
      17, 136, 137, -1,
      17, 137, 15, -1,
      138, 139, 134, -1,
      134, 139, 140, -1,
      134, 140, 132, -1,
      138, 141, 139, -1,
      139, 141, 142, -1,
      139, 142, 143, -1,
      144, 145, 146, -1,
      146, 125, 144, -1,
      144, 125, 128, -1,
      144, 128, 147, -1,
      147, 128, 148, -1,
      148, 149, 147, -1,
      147, 149, 150, -1,
      147, 150, 151, -1,
      152, 153, 154, -1,
      152, 154, 155, -1,
      156, 154, 157, -1,
      145, 144, 156, -1,
      156, 144, 158, -1,
      156, 158, 154, -1,
      154, 158, 159, -1,
      154, 159, 155, -1,
      157, 160, 156, -1,
      156, 160, 161, -1,
      156, 161, 162, -1,
      153, 163, 154, -1,
      154, 163, 164, -1,
      154, 164, 165, -1,
      165, 164, 166, -1,
      167, 168, 162, -1,
      162, 168, 169, -1,
      162, 169, 156, -1,
      170, 171, 166, -1,
      166, 171, 172, -1,
      166, 172, 165, -1,
      173, 174, 175, -1,
      1, 176, 173, -1,
      173, 176, 177, -1,
      173, 177, 174, -1,
      22, 178, 0, -1,
      0, 178, 179, -1,
      0, 179, 1, -1,
      1, 179, 180, -1,
      1, 180, 176, -1,
      8, 181, 182, -1,
      183, 184, 185, -1,
      186, 187, 188, -1,
      188, 189, 186, -1,
      186, 189, 190, -1,
      186, 190, 181, -1,
      181, 190, 191, -1,
      181, 191, 182, -1,
      192, 193, 186, -1,
      186, 193, 194, -1,
      186, 194, 187, -1,
      195, 196, 185, -1,
      185, 196, 197, -1,
      185, 197, 183, -1,
      198, 199, 200, -1,
      200, 199, 201, -1,
      200, 201, 202, -1,
      202, 201, 203, -1,
      202, 203, 185, -1,
      185, 203, 204, -1,
      185, 204, 195, -1,
      205, 206, 207, -1,
      207, 206, 208, -1,
      207, 208, 209, -1,
      209, 208, 210, -1,
      209, 210, 211, -1,
      211, 210, 212, -1,
      213, 214, 215, -1,
      215, 214, 216, -1,
      216, 214, 217, -1,
      217, 214, 2, -1,
      217, 2, 218, -1,
      218, 2, 1, -1,
      218, 1, 219, -1,
      219, 1, 173, -1,
      219, 173, 73, -1,
      73, 173, 175, -1,
      73, 175, 74, -1,
      215, 210, 213, -1,
      213, 210, 208, -1,
      213, 208, 220, -1,
      220, 208, 221, -1,
      220, 221, 75, -1,
      75, 221, 222, -1,
      75, 222, 73, -1,
      73, 222, 223, -1,
      73, 223, 219, -1,
      224, 225, 226, -1,
      227, 228, 229, -1,
      229, 228, 230, -1,
      227, 231, 232, -1,
      232, 231, 233, -1,
      232, 233, 234, -1,
      233, 235, 234, -1,
      234, 235, 236, -1,
      234, 236, 237, -1,
      238, 236, 239, -1,
      239, 236, 235, -1,
      239, 235, 240, -1,
      240, 235, 233, -1,
      240, 233, 241, -1,
      241, 233, 242, -1,
      241, 242, 243, -1,
      243, 242, 244, -1,
      243, 244, 226, -1,
      226, 244, 245, -1,
      226, 245, 224, -1,
      246, 247, 248, -1,
      249, 250, 251, -1,
      252, 253, 250, -1,
      250, 253, 247, -1,
      250, 247, 251, -1,
      251, 247, 246, -1,
      251, 254, 249, -1,
      249, 254, 255, -1,
      249, 255, 256, -1,
      257, 258, 259, -1,
      260, 261, 262, -1,
      262, 261, 263, -1,
      262, 263, 252, -1,
      252, 263, 264, -1,
      252, 264, 253, -1,
      253, 264, 265, -1,
      253, 265, 259, -1,
      259, 265, 266, -1,
      259, 266, 257, -1,
      267, 268, 248, -1,
      248, 268, 269, -1,
      248, 269, 246, -1,
      270, 271, 267, -1,
      267, 271, 272, -1,
      267, 272, 273, -1,
      274, 275, 276, -1,
      274, 276, 273, -1,
      273, 276, 258, -1,
      273, 258, 267, -1,
      267, 258, 257, -1,
      267, 257, 268, -1,
      277, 278, 279, -1,
      279, 280, 281, -1,
      281, 280, 282, -1,
      281, 282, 283, -1,
      283, 282, 275, -1,
      283, 275, 284, -1,
      284, 275, 274, -1,
      278, 285, 279, -1,
      279, 285, 286, -1,
      279, 286, 287, -1,
      287, 288, 279, -1,
      279, 288, 289, -1,
      279, 289, 280, -1,
      290, 291, 292, -1,
      292, 291, 293, -1,
      291, 294, 293, -1,
      293, 294, 295, -1,
      293, 295, 279, -1,
      279, 295, 296, -1,
      279, 296, 277, -1,
      297, 298, 299, -1,
      299, 298, 300, -1,
      299, 300, 301, -1,
      14, 302, 303, -1,
      303, 304, 14, -1,
      14, 304, 305, -1,
      14, 305, 12, -1,
      306, 307, 14, -1,
      14, 307, 308, -1,
      14, 308, 302, -1,
      309, 310, 311, -1,
      311, 310, 312, -1,
      311, 312, 306, -1,
      306, 312, 313, -1,
      306, 313, 307, -1,
      314, 315, 316, -1,
      315, 317, 316, -1,
      316, 317, 318, -1,
      316, 318, 319, -1,
      320, 321, 322, -1,
      314, 316, 322, -1,
      322, 316, 3, -1,
      322, 3, 320, -1,
      276, 323, 258, -1,
      258, 323, 324, -1,
      258, 324, 11, -1,
      11, 324, 325, -1,
      11, 325, 9, -1,
      326, 327, 306, -1,
      306, 327, 328, -1,
      306, 328, 311, -1,
      311, 328, 329, -1,
      311, 329, 330, -1,
      331, 332, 333, -1,
      334, 335, 336, -1,
      332, 337, 338, -1,
      338, 337, 339, -1,
      338, 339, 340, -1,
      340, 339, 341, -1,
      340, 341, 342, -1,
      342, 341, 343, -1,
      342, 343, 344, -1,
      344, 343, 334, -1,
      344, 334, 345, -1,
      345, 334, 336, -1,
      345, 336, 346, -1,
      347, 348, 349, -1,
      350, 351, 352, -1,
      353, 354, 355, -1,
      356, 357, 348, -1,
      348, 357, 358, -1,
      348, 358, 349, -1,
      349, 358, 359, -1,
      349, 359, 360, -1,
      353, 355, 348, -1,
      348, 355, 361, -1,
      348, 361, 356, -1,
      352, 351, 362, -1,
      363, 364, 365, -1,
      366, 367, 368, -1,
      360, 369, 349, -1,
      349, 369, 370, -1,
      349, 370, 368, -1,
      368, 370, 371, -1,
      368, 371, 366, -1,
      367, 372, 368, -1,
      368, 372, 373, -1,
      368, 373, 374, -1,
      373, 375, 374, -1,
      374, 375, 376, -1,
      374, 376, 365, -1,
      377, 378, 379, -1,
      379, 378, 380, -1,
      379, 380, 381, -1,
      379, 382, 351, -1,
      351, 382, 383, -1,
      351, 383, 362, -1,
      381, 384, 379, -1,
      379, 384, 385, -1,
      379, 385, 382, -1,
      386, 387, 388, -1,
      388, 387, 389, -1,
      388, 389, 390, -1,
      388, 391, 386, -1,
      386, 391, 392, -1,
      386, 392, 393, -1,
      393, 394, 386, -1,
      386, 394, 395, -1,
      386, 395, 396, -1,
      396, 395, 397, -1,
      396, 397, 398, -1,
      398, 397, 399, -1,
      398, 399, 365, -1,
      365, 399, 400, -1,
      365, 400, 363, -1,
      401, 402, 390, -1,
      390, 402, 403, -1,
      390, 403, 388, -1,
      404, 405, 354, -1,
      354, 405, 406, -1,
      354, 406, 355, -1,
      404, 407, 405, -1,
      405, 407, 408, -1,
      405, 408, 409, -1,
      409, 408, 410, -1,
      409, 411, 412, -1,
      410, 413, 409, -1,
      409, 413, 414, -1,
      409, 414, 415, -1,
      415, 416, 409, -1,
      409, 416, 417, -1,
      409, 417, 411, -1,
      412, 418, 409, -1,
      409, 418, 419, -1,
      409, 419, 420, -1,
      421, 422, 423, -1,
      424, 425, 422, -1,
      422, 425, 426, -1,
      422, 426, 423, -1,
      427, 428, 429, -1,
      429, 428, 430, -1,
      429, 430, 431, -1,
      431, 430, 432, -1,
      423, 431, 421, -1,
      421, 431, 432, -1,
      421, 432, 433, -1,
      433, 432, 434, -1,
      364, 435, 365, -1,
      365, 435, 377, -1,
      365, 377, 374, -1,
      374, 377, 379, -1,
      374, 379, 436, -1,
      436, 379, 437, -1,
      438, 439, 440, -1,
      440, 439, 441, -1,
      440, 441, 442, -1,
      443, 444, 445, -1,
      442, 446, 440, -1,
      440, 446, 447, -1,
      440, 447, 379, -1,
      379, 447, 448, -1,
      379, 448, 437, -1,
      432, 374, 434, -1,
      434, 374, 436, -1,
      434, 436, 443, -1,
      443, 436, 449, -1,
      443, 449, 450, -1,
      450, 451, 443, -1,
      443, 451, 452, -1,
      443, 452, 444, -1,
      445, 453, 443, -1,
      443, 453, 454, -1,
      443, 454, 455, -1,
      427, 438, 428, -1,
      428, 438, 440, -1,
      428, 440, 456, -1,
      456, 440, 457, -1,
      456, 457, 458, -1,
      458, 457, 181, -1,
      458, 181, 459, -1,
      459, 181, 8, -1,
      459, 8, 460, -1,
      460, 8, 7, -1,
      461, 462, 463, -1,
      463, 462, 464, -1,
      463, 464, 465, -1,
      465, 464, 459, -1,
      465, 459, 466, -1,
      466, 459, 460, -1,
      466, 460, 467, -1,
      460, 468, 467, -1,
      467, 468, 469, -1,
      467, 469, 470, -1,
      182, 198, 8, -1,
      8, 198, 200, -1,
      8, 200, 6, -1,
      6, 200, 471, -1,
      6, 471, 472, -1,
      472, 471, 473, -1,
      473, 471, 474, -1,
      473, 474, 430, -1,
      349, 475, 476, -1,
      350, 477, 478, -1,
      478, 477, 479, -1,
      480, 481, 482, -1,
      483, 484, 485, -1,
      352, 347, 350, -1,
      350, 347, 349, -1,
      350, 349, 477, -1,
      477, 349, 476, -1,
      486, 487, 480, -1,
      480, 487, 488, -1,
      480, 488, 489, -1,
      489, 488, 485, -1,
      489, 485, 490, -1,
      490, 485, 484, -1,
      491, 349, 492, -1,
      492, 349, 482, -1,
      492, 482, 493, -1,
      493, 482, 481, -1,
      491, 494, 349, -1,
      349, 494, 495, -1,
      349, 495, 496, -1,
      496, 497, 349, -1,
      349, 497, 498, -1,
      349, 498, 475, -1,
      499, 500, 478, -1,
      478, 500, 501, -1,
      478, 501, 502, -1,
      503, 504, 485, -1,
      485, 504, 505, -1,
      485, 505, 506, -1,
      507, 508, 478, -1,
      478, 508, 509, -1,
      478, 509, 499, -1,
      502, 510, 478, -1,
      478, 510, 511, -1,
      478, 511, 482, -1,
      482, 511, 512, -1,
      482, 512, 480, -1,
      480, 512, 513, -1,
      480, 513, 486, -1,
      506, 514, 485, -1,
      485, 514, 515, -1,
      485, 515, 483, -1,
      479, 516, 517, -1,
      517, 518, 479, -1,
      479, 518, 519, -1,
      479, 519, 478, -1,
      478, 519, 520, -1,
      478, 520, 507, -1,
      521, 522, 186, -1,
      186, 522, 185, -1,
      186, 185, 192, -1,
      192, 185, 184, -1,
      523, 524, 334, -1,
      334, 524, 335, -1,
      335, 524, 525, -1,
      335, 525, 526, -1,
      527, 528, 526, -1,
      526, 528, 521, -1,
      526, 521, 335, -1,
      335, 521, 186, -1,
      430, 474, 432, -1,
      432, 474, 529, -1,
      432, 529, 374, -1,
      374, 529, 530, -1,
      374, 530, 368, -1,
      368, 530, 5, -1,
      368, 5, 349, -1,
      349, 5, 4, -1,
      349, 4, 482, -1,
      3, 5, 320, -1,
      320, 5, 530, -1,
      320, 530, 531, -1,
      531, 530, 529, -1,
      531, 529, 532, -1,
      532, 529, 474, -1,
      532, 474, 533, -1,
      533, 474, 471, -1,
      533, 471, 231, -1,
      231, 471, 200, -1,
      231, 200, 233, -1,
      233, 200, 202, -1,
      233, 202, 242, -1,
      534, 535, 536, -1,
      536, 535, 30, -1,
      536, 30, 537, -1,
      537, 30, 23, -1,
      537, 23, 330, -1,
      330, 23, 0, -1,
      330, 0, 311, -1,
      311, 0, 2, -1,
      220, 478, 213, -1,
      213, 478, 482, -1,
      213, 482, 214, -1,
      214, 482, 4, -1,
      214, 4, 2, -1,
      2, 4, 3, -1,
      2, 3, 311, -1,
      311, 3, 316, -1,
      311, 316, 309, -1,
      309, 316, 319, -1,
      227, 229, 231, -1,
      231, 229, 253, -1,
      231, 253, 533, -1,
      533, 253, 259, -1,
      533, 259, 532, -1,
      532, 259, 258, -1,
      532, 258, 531, -1,
      531, 258, 11, -1,
      531, 11, 320, -1,
      320, 11, 10, -1,
      320, 10, 321, -1,
      538, 539, 229, -1,
      540, 541, 542, -1,
      542, 541, 543, -1,
      539, 544, 229, -1,
      229, 544, 545, -1,
      229, 545, 546, -1,
      247, 547, 542, -1,
      542, 547, 548, -1,
      542, 548, 549, -1,
      546, 550, 229, -1,
      229, 550, 551, -1,
      229, 551, 253, -1,
      253, 551, 552, -1,
      253, 552, 247, -1,
      247, 552, 553, -1,
      247, 553, 547, -1,
      549, 554, 542, -1,
      542, 554, 555, -1,
      542, 555, 540, -1,
      225, 224, 230, -1,
      230, 224, 542, -1,
      230, 542, 229, -1,
      229, 542, 543, -1,
      229, 543, 538, -1,
      522, 523, 185, -1,
      185, 523, 334, -1,
      185, 334, 202, -1,
      202, 334, 343, -1,
      202, 343, 242, -1,
      242, 343, 341, -1,
      242, 341, 244, -1,
      244, 341, 339, -1,
      244, 339, 245, -1,
      245, 339, 337, -1,
      297, 299, 13, -1,
      13, 299, 556, -1,
      13, 556, 14, -1,
      14, 556, 535, -1,
      14, 535, 306, -1,
      306, 535, 534, -1,
      306, 534, 326, -1,
      332, 331, 337, -1,
      337, 331, 557, -1,
      337, 557, 245, -1,
      245, 557, 558, -1,
      245, 558, 224, -1,
      224, 558, 559, -1,
      224, 559, 542, -1,
      542, 559, 560, -1,
      542, 560, 247, -1,
      247, 560, 561, -1,
      247, 561, 248, -1,
      248, 561, 562, -1,
      248, 562, 267, -1,
      267, 562, 299, -1,
      267, 299, 270, -1,
      270, 299, 301, -1,
      270, 301, 271, -1,
      333, 563, 331, -1,
      331, 563, 564, -1,
      331, 564, 557, -1,
      557, 564, 565, -1,
      557, 565, 558, -1,
      558, 565, 566, -1,
      558, 566, 559, -1,
      559, 566, 567, -1,
      559, 567, 560, -1,
      560, 567, 568, -1,
      560, 568, 561, -1,
      561, 568, 569, -1,
      561, 569, 562, -1,
      562, 569, 570, -1,
      562, 570, 299, -1,
      299, 570, 571, -1,
      299, 571, 556, -1,
      556, 571, 572, -1,
      556, 572, 535, -1,
      535, 572, 35, -1,
      535, 35, 30, -1,
      30, 35, 36, -1,
      30, 36, 31, -1,
      573, 574, 575, -1,
      575, 574, 576, -1,
      577, 578, 579, -1,
      579, 578, 580, -1,
      581, 582, 583, -1,
      583, 582, 584, -1,
      585, 586, 587, -1,
      587, 586, 588, -1,
      589, 590, 591, -1,
      591, 590, 592, -1,
      593, 594, 595, -1,
      595, 594, 596, -1,
      597, 598, 599, -1,
      599, 598, 600, -1,
      601, 602, 603, -1,
      603, 602, 604, -1,
      605, 606, 607, -1,
      607, 606, 608, -1,
      336, 59, 609, -1,
      609, 59, 610, -1,
      611, 612, 613, -1,
      613, 612, 614, -1,
      615, 616, 617, -1,
      617, 616, 618, -1,
      619, 620, 621, -1,
      621, 620, 622, -1,
      623, 624, 625, -1,
      625, 624, 626, -1,
      627, 628, 618, -1,
      618, 628, 629, -1,
      618, 629, 617, -1,
      617, 629, 630, -1,
      578, 577, 631, -1,
      632, 606, 633, -1,
      633, 606, 605, -1,
      633, 605, 586, -1,
      577, 576, 631, -1,
      631, 576, 574, -1,
      631, 574, 634, -1,
      586, 585, 633, -1,
      633, 585, 582, -1,
      633, 582, 631, -1,
      631, 582, 581, -1,
      631, 581, 578, -1,
      635, 589, 636, -1,
      636, 589, 591, -1,
      636, 591, 595, -1,
      603, 604, 637, -1,
      604, 613, 637, -1,
      637, 613, 614, -1,
      637, 614, 638, -1,
      595, 596, 636, -1,
      636, 596, 599, -1,
      636, 599, 637, -1,
      637, 599, 600, -1,
      637, 600, 603, -1,
      610, 639, 640, -1,
      610, 640, 609, -1,
      609, 640, 641, -1,
      609, 641, 642, -1,
      643, 612, 644, -1,
      644, 612, 611, -1,
      644, 611, 602, -1,
      594, 593, 645, -1,
      602, 601, 644, -1,
      644, 601, 598, -1,
      644, 598, 645, -1,
      645, 598, 597, -1,
      645, 597, 594, -1,
      593, 592, 645, -1,
      645, 592, 590, -1,
      645, 590, 646, -1,
      647, 573, 648, -1,
      648, 573, 575, -1,
      648, 575, 579, -1,
      587, 588, 649, -1,
      579, 580, 648, -1,
      648, 580, 583, -1,
      648, 583, 649, -1,
      649, 583, 584, -1,
      649, 584, 587, -1,
      588, 607, 649, -1,
      649, 607, 608, -1,
      649, 608, 650, -1,
      615, 651, 652, -1,
      615, 652, 616, -1,
      616, 652, 653, -1,
      616, 653, 654, -1,
      32, 333, 655, -1,
      655, 333, 656, -1,
      655, 656, 657, -1,
      657, 656, 658, -1,
      657, 658, 659, -1,
      659, 658, 660, -1,
      659, 660, 661, -1,
      661, 660, 662, -1,
      661, 662, 663, -1,
      663, 662, 664, -1,
      663, 664, 665, -1,
      665, 664, 666, -1,
      665, 666, 667, -1,
      667, 666, 668, -1,
      667, 668, 669, -1,
      669, 668, 670, -1,
      669, 670, 671, -1,
      671, 670, 672, -1,
      671, 672, 673, -1,
      672, 674, 673, -1,
      673, 674, 620, -1,
      673, 620, 619, -1,
      661, 663, 675, -1,
      676, 677, 678, -1,
      619, 679, 680, -1,
      681, 679, 619, -1,
      678, 677, 619, -1,
      673, 619, 677, -1,
      682, 683, 684, -1,
      683, 682, 685, -1,
      685, 682, 686, -1,
      685, 686, 687, -1,
      687, 686, 688, -1,
      687, 688, 689, -1,
      689, 688, 690, -1,
      689, 690, 691, -1,
      691, 690, 692, -1,
      692, 690, 693, -1,
      692, 693, 694, -1,
      694, 693, 695, -1,
      695, 693, 696, -1,
      695, 696, 649, -1,
      697, 681, 619, -1,
      665, 667, 676, -1,
      676, 667, 669, -1,
      676, 669, 677, -1,
      677, 669, 671, -1,
      677, 671, 673, -1,
      698, 680, 699, -1,
      699, 680, 679, -1,
      699, 679, 700, -1,
      700, 679, 681, -1,
      700, 681, 701, -1,
      697, 702, 681, -1,
      681, 702, 703, -1,
      681, 703, 701, -1,
      701, 703, 704, -1,
      701, 704, 705, -1,
      675, 698, 706, -1,
      706, 698, 699, -1,
      706, 699, 707, -1,
      707, 699, 700, -1,
      707, 700, 708, -1,
      708, 700, 701, -1,
      708, 701, 709, -1,
      709, 701, 705, -1,
      657, 659, 710, -1,
      710, 659, 661, -1,
      661, 675, 710, -1,
      710, 675, 706, -1,
      710, 706, 711, -1,
      711, 706, 707, -1,
      711, 707, 712, -1,
      712, 707, 708, -1,
      712, 708, 713, -1,
      713, 708, 709, -1,
      713, 709, 714, -1,
      663, 665, 675, -1,
      675, 665, 676, -1,
      675, 676, 698, -1,
      698, 676, 678, -1,
      698, 678, 680, -1,
      680, 678, 619, -1,
      657, 682, 655, -1,
      655, 682, 684, -1,
      655, 684, 32, -1,
      705, 715, 709, -1,
      709, 715, 716, -1,
      709, 716, 714, -1,
      714, 716, 717, -1,
      714, 717, 718, -1,
      657, 710, 682, -1,
      682, 710, 711, -1,
      682, 711, 686, -1,
      686, 711, 712, -1,
      686, 712, 688, -1,
      688, 712, 713, -1,
      688, 713, 690, -1,
      690, 713, 714, -1,
      690, 714, 693, -1,
      693, 714, 718, -1,
      693, 718, 696, -1,
      719, 720, 721, -1,
      722, 723, 724, -1,
      620, 725, 726, -1,
      727, 725, 620, -1,
      724, 723, 620, -1,
      728, 620, 723, -1,
      729, 730, 731, -1,
      730, 729, 732, -1,
      732, 729, 733, -1,
      732, 733, 734, -1,
      734, 733, 735, -1,
      734, 735, 736, -1,
      736, 735, 737, -1,
      736, 737, 738, -1,
      738, 737, 739, -1,
      739, 737, 740, -1,
      739, 740, 741, -1,
      741, 740, 742, -1,
      742, 740, 656, -1,
      742, 656, 333, -1,
      674, 727, 620, -1,
      743, 744, 722, -1,
      722, 744, 745, -1,
      722, 745, 723, -1,
      723, 745, 746, -1,
      723, 746, 728, -1,
      747, 726, 748, -1,
      748, 726, 725, -1,
      748, 725, 749, -1,
      749, 725, 727, -1,
      749, 727, 750, -1,
      674, 672, 727, -1,
      727, 672, 670, -1,
      727, 670, 750, -1,
      750, 670, 668, -1,
      750, 668, 666, -1,
      721, 747, 751, -1,
      751, 747, 748, -1,
      751, 748, 752, -1,
      752, 748, 749, -1,
      752, 749, 753, -1,
      753, 749, 750, -1,
      753, 750, 754, -1,
      754, 750, 666, -1,
      755, 756, 757, -1,
      757, 756, 719, -1,
      719, 721, 757, -1,
      757, 721, 751, -1,
      757, 751, 758, -1,
      758, 751, 752, -1,
      758, 752, 759, -1,
      759, 752, 753, -1,
      759, 753, 760, -1,
      760, 753, 754, -1,
      760, 754, 761, -1,
      720, 743, 721, -1,
      721, 743, 722, -1,
      721, 722, 747, -1,
      747, 722, 724, -1,
      747, 724, 726, -1,
      726, 724, 620, -1,
      755, 729, 762, -1,
      762, 729, 731, -1,
      762, 731, 644, -1,
      666, 664, 754, -1,
      754, 664, 662, -1,
      754, 662, 761, -1,
      761, 662, 660, -1,
      761, 660, 658, -1,
      755, 757, 729, -1,
      729, 757, 758, -1,
      729, 758, 733, -1,
      733, 758, 759, -1,
      733, 759, 735, -1,
      735, 759, 760, -1,
      735, 760, 737, -1,
      737, 760, 761, -1,
      737, 761, 740, -1,
      740, 761, 658, -1,
      740, 658, 656, -1,
      763, 764, 765, -1,
      697, 619, 621, -1,
      621, 763, 697, -1,
      697, 763, 765, -1,
      697, 765, 702, -1,
      702, 765, 766, -1,
      702, 766, 703, -1,
      703, 766, 767, -1,
      703, 767, 704, -1,
      704, 767, 768, -1,
      704, 768, 705, -1,
      705, 768, 769, -1,
      705, 769, 715, -1,
      715, 769, 770, -1,
      715, 770, 716, -1,
      716, 770, 771, -1,
      716, 771, 717, -1,
      717, 771, 772, -1,
      717, 772, 718, -1,
      718, 772, 773, -1,
      718, 773, 696, -1,
      696, 773, 648, -1,
      696, 648, 649, -1,
      774, 775, 684, -1,
      684, 775, 776, -1,
      684, 776, 32, -1,
      32, 776, 777, -1,
      32, 777, 63, -1,
      684, 683, 774, -1,
      774, 683, 685, -1,
      774, 685, 778, -1,
      778, 685, 687, -1,
      687, 689, 778, -1,
      778, 689, 691, -1,
      778, 691, 779, -1,
      779, 691, 692, -1,
      779, 692, 780, -1,
      780, 692, 694, -1,
      780, 694, 781, -1,
      781, 694, 695, -1,
      781, 695, 782, -1,
      782, 695, 649, -1,
      782, 649, 650, -1,
      783, 784, 731, -1,
      731, 784, 785, -1,
      731, 785, 644, -1,
      644, 785, 786, -1,
      644, 786, 643, -1,
      731, 730, 783, -1,
      783, 730, 732, -1,
      783, 732, 787, -1,
      787, 732, 734, -1,
      734, 736, 787, -1,
      787, 736, 738, -1,
      787, 738, 788, -1,
      788, 738, 739, -1,
      788, 739, 789, -1,
      789, 739, 741, -1,
      789, 741, 790, -1,
      790, 741, 742, -1,
      790, 742, 791, -1,
      791, 742, 333, -1,
      791, 333, 346, -1,
      792, 622, 620, -1,
      620, 728, 792, -1,
      792, 728, 793, -1,
      792, 793, 794, -1,
      719, 756, 795, -1,
      795, 756, 755, -1,
      795, 755, 645, -1,
      645, 755, 762, -1,
      645, 762, 644, -1,
      795, 796, 719, -1,
      719, 796, 797, -1,
      719, 797, 720, -1,
      720, 797, 743, -1,
      797, 798, 743, -1,
      743, 798, 799, -1,
      743, 799, 744, -1,
      744, 799, 745, -1,
      799, 800, 745, -1,
      745, 800, 801, -1,
      745, 801, 746, -1,
      746, 801, 728, -1,
      728, 801, 802, -1,
      728, 802, 793, -1,
      653, 652, 803, -1,
      803, 652, 804, -1,
      803, 804, 805, -1,
      805, 804, 806, -1,
      805, 806, 807, -1,
      807, 806, 808, -1,
      807, 808, 809, -1,
      809, 808, 810, -1,
      809, 810, 811, -1,
      811, 810, 812, -1,
      811, 812, 813, -1,
      813, 812, 814, -1,
      813, 814, 815, -1,
      815, 814, 816, -1,
      815, 816, 817, -1,
      816, 818, 817, -1,
      817, 818, 819, -1,
      817, 819, 820, -1,
      769, 768, 821, -1,
      765, 764, 822, -1,
      823, 648, 773, -1,
      824, 825, 823, -1,
      825, 824, 826, -1,
      826, 824, 827, -1,
      826, 827, 828, -1,
      828, 827, 829, -1,
      828, 829, 830, -1,
      830, 829, 831, -1,
      830, 831, 832, -1,
      832, 831, 833, -1,
      833, 831, 834, -1,
      833, 834, 835, -1,
      835, 834, 836, -1,
      836, 834, 804, -1,
      836, 804, 652, -1,
      767, 766, 837, -1,
      837, 766, 765, -1,
      765, 822, 837, -1,
      837, 822, 838, -1,
      837, 838, 839, -1,
      839, 838, 840, -1,
      839, 840, 841, -1,
      841, 840, 842, -1,
      841, 842, 843, -1,
      843, 842, 844, -1,
      843, 844, 845, -1,
      844, 819, 818, -1,
      844, 818, 845, -1,
      845, 818, 816, -1,
      845, 816, 814, -1,
      814, 846, 845, -1,
      845, 846, 847, -1,
      845, 847, 843, -1,
      843, 847, 848, -1,
      843, 848, 841, -1,
      841, 848, 849, -1,
      841, 849, 839, -1,
      839, 849, 821, -1,
      839, 821, 837, -1,
      837, 821, 768, -1,
      837, 768, 767, -1,
      771, 770, 850, -1,
      850, 770, 769, -1,
      769, 821, 850, -1,
      850, 821, 849, -1,
      850, 849, 851, -1,
      851, 849, 848, -1,
      851, 848, 852, -1,
      852, 848, 847, -1,
      852, 847, 853, -1,
      853, 847, 846, -1,
      853, 846, 854, -1,
      823, 773, 824, -1,
      824, 773, 772, -1,
      824, 772, 771, -1,
      814, 812, 846, -1,
      846, 812, 810, -1,
      846, 810, 854, -1,
      854, 810, 808, -1,
      854, 808, 806, -1,
      771, 850, 824, -1,
      824, 850, 851, -1,
      824, 851, 827, -1,
      827, 851, 852, -1,
      827, 852, 829, -1,
      829, 852, 853, -1,
      829, 853, 831, -1,
      831, 853, 854, -1,
      831, 854, 834, -1,
      834, 854, 806, -1,
      834, 806, 804, -1,
      610, 59, 639, -1,
      639, 59, 63, -1,
      639, 63, 855, -1,
      855, 63, 777, -1,
      855, 777, 856, -1,
      856, 777, 776, -1,
      856, 776, 857, -1,
      857, 776, 775, -1,
      857, 775, 858, -1,
      858, 775, 774, -1,
      858, 774, 859, -1,
      859, 774, 778, -1,
      859, 778, 860, -1,
      860, 778, 779, -1,
      860, 779, 861, -1,
      861, 779, 780, -1,
      861, 780, 862, -1,
      862, 780, 781, -1,
      862, 781, 863, -1,
      863, 781, 782, -1,
      863, 782, 632, -1,
      632, 782, 650, -1,
      632, 650, 606, -1,
      606, 650, 608, -1,
      336, 609, 346, -1,
      346, 609, 642, -1,
      346, 642, 791, -1,
      791, 642, 864, -1,
      791, 864, 790, -1,
      790, 864, 865, -1,
      790, 865, 789, -1,
      789, 865, 866, -1,
      789, 866, 788, -1,
      788, 866, 867, -1,
      788, 867, 787, -1,
      787, 867, 868, -1,
      787, 868, 783, -1,
      783, 868, 869, -1,
      783, 869, 784, -1,
      784, 869, 870, -1,
      784, 870, 785, -1,
      785, 870, 871, -1,
      785, 871, 786, -1,
      786, 871, 872, -1,
      786, 872, 643, -1,
      643, 872, 638, -1,
      643, 638, 612, -1,
      612, 638, 614, -1,
      873, 874, 875, -1,
      874, 873, 876, -1,
      876, 873, 877, -1,
      876, 877, 878, -1,
      878, 877, 879, -1,
      878, 879, 880, -1,
      880, 879, 881, -1,
      880, 881, 882, -1,
      882, 881, 883, -1,
      883, 881, 884, -1,
      883, 884, 885, -1,
      884, 796, 795, -1,
      885, 884, 886, -1,
      886, 884, 795, -1,
      886, 795, 645, -1,
      887, 815, 817, -1,
      794, 888, 889, -1,
      889, 888, 890, -1,
      889, 890, 891, -1,
      891, 890, 892, -1,
      891, 892, 893, -1,
      893, 892, 894, -1,
      893, 894, 895, -1,
      895, 894, 887, -1,
      895, 887, 896, -1,
      896, 887, 817, -1,
      896, 817, 820, -1,
      809, 811, 897, -1,
      897, 811, 813, -1,
      794, 793, 888, -1,
      888, 793, 802, -1,
      888, 802, 801, -1,
      801, 898, 888, -1,
      888, 898, 899, -1,
      888, 899, 890, -1,
      890, 899, 900, -1,
      890, 900, 892, -1,
      892, 900, 901, -1,
      892, 901, 894, -1,
      894, 901, 897, -1,
      894, 897, 887, -1,
      887, 897, 813, -1,
      887, 813, 815, -1,
      805, 807, 902, -1,
      902, 807, 809, -1,
      809, 897, 902, -1,
      902, 897, 901, -1,
      902, 901, 903, -1,
      903, 901, 900, -1,
      903, 900, 904, -1,
      904, 900, 899, -1,
      904, 899, 905, -1,
      905, 899, 898, -1,
      905, 898, 906, -1,
      805, 873, 803, -1,
      803, 873, 875, -1,
      803, 875, 653, -1,
      801, 800, 898, -1,
      898, 800, 799, -1,
      898, 799, 906, -1,
      906, 799, 798, -1,
      906, 798, 797, -1,
      805, 902, 873, -1,
      873, 902, 903, -1,
      873, 903, 877, -1,
      877, 903, 904, -1,
      877, 904, 879, -1,
      879, 904, 905, -1,
      879, 905, 881, -1,
      881, 905, 906, -1,
      881, 906, 884, -1,
      884, 906, 797, -1,
      884, 797, 796, -1,
      907, 908, 823, -1,
      823, 908, 909, -1,
      823, 909, 648, -1,
      648, 909, 910, -1,
      648, 910, 647, -1,
      823, 825, 907, -1,
      907, 825, 826, -1,
      907, 826, 911, -1,
      911, 826, 828, -1,
      828, 830, 911, -1,
      911, 830, 832, -1,
      911, 832, 912, -1,
      912, 832, 833, -1,
      912, 833, 913, -1,
      913, 833, 835, -1,
      913, 835, 914, -1,
      914, 835, 836, -1,
      914, 836, 915, -1,
      915, 836, 652, -1,
      915, 652, 651, -1,
      860, 861, 916, -1,
      916, 861, 862, -1,
      916, 862, 633, -1,
      633, 862, 863, -1,
      633, 863, 632, -1,
      916, 917, 860, -1,
      860, 917, 918, -1,
      860, 918, 859, -1,
      859, 918, 919, -1,
      919, 920, 859, -1,
      859, 920, 921, -1,
      859, 921, 858, -1,
      858, 921, 922, -1,
      858, 922, 857, -1,
      857, 922, 923, -1,
      857, 923, 856, -1,
      856, 923, 924, -1,
      856, 924, 855, -1,
      855, 924, 640, -1,
      855, 640, 639, -1,
      641, 640, 925, -1,
      925, 640, 926, -1,
      925, 926, 927, -1,
      927, 926, 928, -1,
      927, 928, 929, -1,
      929, 928, 930, -1,
      929, 930, 931, -1,
      931, 930, 932, -1,
      931, 932, 933, -1,
      933, 932, 934, -1,
      933, 934, 935, -1,
      935, 934, 936, -1,
      935, 936, 937, -1,
      937, 936, 938, -1,
      937, 938, 939, -1,
      939, 938, 940, -1,
      939, 940, 941, -1,
      941, 940, 942, -1,
      941, 942, 943, -1,
      942, 944, 943, -1,
      943, 944, 626, -1,
      943, 626, 624, -1,
      867, 866, 945, -1,
      945, 866, 865, -1,
      945, 865, 641, -1,
      641, 865, 864, -1,
      641, 864, 642, -1,
      945, 946, 867, -1,
      867, 946, 947, -1,
      867, 947, 868, -1,
      868, 947, 948, -1,
      948, 949, 868, -1,
      868, 949, 950, -1,
      868, 950, 869, -1,
      869, 950, 951, -1,
      869, 951, 870, -1,
      870, 951, 952, -1,
      870, 952, 871, -1,
      871, 952, 953, -1,
      871, 953, 872, -1,
      872, 953, 637, -1,
      872, 637, 638, -1,
      954, 955, 875, -1,
      875, 955, 956, -1,
      875, 956, 653, -1,
      653, 956, 957, -1,
      653, 957, 654, -1,
      875, 874, 954, -1,
      954, 874, 876, -1,
      954, 876, 958, -1,
      958, 876, 878, -1,
      878, 880, 958, -1,
      958, 880, 882, -1,
      958, 882, 959, -1,
      959, 882, 883, -1,
      959, 883, 960, -1,
      960, 883, 885, -1,
      960, 885, 961, -1,
      961, 885, 886, -1,
      961, 886, 962, -1,
      962, 886, 645, -1,
      962, 645, 646, -1,
      615, 617, 651, -1,
      651, 617, 630, -1,
      651, 630, 915, -1,
      915, 630, 963, -1,
      915, 963, 914, -1,
      914, 963, 964, -1,
      914, 964, 913, -1,
      913, 964, 965, -1,
      913, 965, 912, -1,
      912, 965, 966, -1,
      912, 966, 911, -1,
      911, 966, 967, -1,
      911, 967, 907, -1,
      907, 967, 968, -1,
      907, 968, 908, -1,
      908, 968, 969, -1,
      908, 969, 909, -1,
      909, 969, 970, -1,
      909, 970, 910, -1,
      910, 970, 971, -1,
      910, 971, 647, -1,
      647, 971, 634, -1,
      647, 634, 573, -1,
      573, 634, 574, -1,
      972, 626, 973, -1,
      940, 938, 974, -1,
      936, 934, 975, -1,
      976, 977, 978, -1,
      916, 633, 979, -1,
      918, 917, 980, -1,
      980, 917, 916, -1,
      924, 923, 977, -1,
      977, 923, 922, -1,
      977, 922, 978, -1,
      978, 922, 921, -1,
      978, 921, 920, -1,
      640, 924, 926, -1,
      926, 924, 977, -1,
      926, 977, 928, -1,
      928, 977, 976, -1,
      928, 976, 930, -1,
      930, 976, 932, -1,
      916, 979, 980, -1,
      980, 979, 981, -1,
      980, 981, 982, -1,
      934, 932, 975, -1,
      975, 932, 976, -1,
      975, 976, 983, -1,
      983, 976, 978, -1,
      983, 978, 984, -1,
      984, 978, 920, -1,
      981, 985, 982, -1,
      982, 985, 986, -1,
      982, 986, 987, -1,
      938, 936, 974, -1,
      974, 936, 975, -1,
      974, 975, 988, -1,
      988, 975, 983, -1,
      988, 983, 989, -1,
      989, 983, 984, -1,
      986, 990, 987, -1,
      987, 990, 991, -1,
      987, 991, 992, -1,
      989, 993, 988, -1,
      988, 993, 994, -1,
      988, 994, 974, -1,
      974, 994, 995, -1,
      974, 995, 940, -1,
      919, 918, 996, -1,
      996, 918, 980, -1,
      996, 980, 997, -1,
      997, 980, 982, -1,
      997, 982, 998, -1,
      998, 982, 987, -1,
      998, 987, 999, -1,
      999, 987, 992, -1,
      999, 992, 1000, -1,
      1000, 992, 973, -1,
      1000, 973, 626, -1,
      626, 944, 995, -1,
      995, 944, 942, -1,
      995, 942, 940, -1,
      993, 1001, 994, -1,
      994, 1001, 1002, -1,
      994, 1002, 995, -1,
      995, 1002, 626, -1,
      1001, 1003, 1002, -1,
      1002, 1003, 626, -1,
      991, 1004, 992, -1,
      992, 1004, 1005, -1,
      992, 1005, 973, -1,
      973, 1005, 1006, -1,
      973, 1006, 972, -1,
      920, 919, 984, -1,
      984, 919, 996, -1,
      984, 996, 989, -1,
      989, 996, 997, -1,
      989, 997, 993, -1,
      993, 997, 998, -1,
      993, 998, 1001, -1,
      1001, 998, 999, -1,
      1001, 999, 1003, -1,
      1003, 999, 1000, -1,
      1003, 1000, 626, -1,
      943, 624, 1007, -1,
      1008, 1009, 1010, -1,
      1011, 1012, 1013, -1,
      1014, 1015, 1016, -1,
      945, 641, 925, -1,
      947, 946, 1017, -1,
      1017, 946, 945, -1,
      953, 952, 1015, -1,
      1015, 952, 951, -1,
      1015, 951, 1016, -1,
      1016, 951, 950, -1,
      1016, 950, 949, -1,
      637, 953, 1018, -1,
      1018, 953, 1015, -1,
      1018, 1015, 1019, -1,
      1019, 1015, 1014, -1,
      1019, 1014, 1020, -1,
      1020, 1014, 1021, -1,
      945, 925, 1017, -1,
      1017, 925, 927, -1,
      1017, 927, 1022, -1,
      1012, 1021, 1013, -1,
      1013, 1021, 1014, -1,
      1013, 1014, 1023, -1,
      1023, 1014, 1016, -1,
      1023, 1016, 1024, -1,
      1024, 1016, 949, -1,
      927, 929, 1022, -1,
      1022, 929, 931, -1,
      1022, 931, 1025, -1,
      1009, 1011, 1010, -1,
      1010, 1011, 1013, -1,
      1010, 1013, 1026, -1,
      1026, 1013, 1023, -1,
      1026, 1023, 1027, -1,
      1027, 1023, 1024, -1,
      931, 933, 1025, -1,
      1025, 933, 935, -1,
      1025, 935, 1028, -1,
      1027, 1029, 1026, -1,
      1026, 1029, 1030, -1,
      1026, 1030, 1010, -1,
      1010, 1030, 1031, -1,
      1010, 1031, 1008, -1,
      948, 947, 1032, -1,
      1032, 947, 1017, -1,
      1032, 1017, 1033, -1,
      1033, 1017, 1022, -1,
      1033, 1022, 1034, -1,
      1034, 1022, 1025, -1,
      1034, 1025, 1035, -1,
      1035, 1025, 1028, -1,
      1035, 1028, 1036, -1,
      1036, 1028, 1007, -1,
      1036, 1007, 624, -1,
      624, 1037, 1031, -1,
      1031, 1037, 1038, -1,
      1031, 1038, 1008, -1,
      1029, 1039, 1030, -1,
      1030, 1039, 1040, -1,
      1030, 1040, 1031, -1,
      1031, 1040, 624, -1,
      1039, 1041, 1040, -1,
      1040, 1041, 624, -1,
      935, 937, 1028, -1,
      1028, 937, 939, -1,
      1028, 939, 1007, -1,
      1007, 939, 941, -1,
      1007, 941, 943, -1,
      949, 948, 1024, -1,
      1024, 948, 1032, -1,
      1024, 1032, 1027, -1,
      1027, 1032, 1033, -1,
      1027, 1033, 1029, -1,
      1029, 1033, 1034, -1,
      1029, 1034, 1039, -1,
      1039, 1034, 1035, -1,
      1039, 1035, 1041, -1,
      1041, 1035, 1036, -1,
      1041, 1036, 624, -1,
      590, 589, 646, -1,
      646, 589, 635, -1,
      646, 635, 962, -1,
      962, 635, 1042, -1,
      962, 1042, 961, -1,
      961, 1042, 1043, -1,
      961, 1043, 960, -1,
      960, 1043, 1044, -1,
      960, 1044, 959, -1,
      959, 1044, 1045, -1,
      959, 1045, 958, -1,
      958, 1045, 1046, -1,
      958, 1046, 954, -1,
      954, 1046, 1047, -1,
      954, 1047, 955, -1,
      955, 1047, 1048, -1,
      955, 1048, 956, -1,
      956, 1048, 1049, -1,
      956, 1049, 957, -1,
      957, 1049, 1050, -1,
      957, 1050, 654, -1,
      654, 1050, 627, -1,
      654, 627, 616, -1,
      616, 627, 618, -1,
      630, 629, 963, -1,
      963, 629, 1051, -1,
      963, 1051, 964, -1,
      964, 1051, 1052, -1,
      964, 1052, 965, -1,
      965, 1052, 1053, -1,
      965, 1053, 966, -1,
      1053, 1054, 966, -1,
      966, 1054, 1055, -1,
      966, 1055, 967, -1,
      631, 634, 1056, -1,
      1056, 634, 971, -1,
      1056, 971, 1057, -1,
      1057, 971, 970, -1,
      1057, 970, 1058, -1,
      1058, 970, 969, -1,
      1058, 969, 1059, -1,
      1059, 969, 968, -1,
      1059, 968, 1060, -1,
      1060, 968, 967, -1,
      1060, 967, 1061, -1,
      1061, 967, 1055, -1,
      633, 631, 979, -1,
      979, 631, 1062, -1,
      979, 1062, 981, -1,
      981, 1062, 1063, -1,
      981, 1063, 985, -1,
      985, 1063, 1064, -1,
      985, 1064, 986, -1,
      986, 1064, 1065, -1,
      986, 1065, 990, -1,
      990, 1065, 1066, -1,
      990, 1066, 991, -1,
      991, 1066, 1067, -1,
      991, 1067, 1004, -1,
      1004, 1067, 1068, -1,
      1004, 1068, 1005, -1,
      1005, 1068, 1069, -1,
      1005, 1069, 1006, -1,
      1006, 1069, 1070, -1,
      1006, 1070, 972, -1,
      1070, 1071, 972, -1,
      972, 1071, 625, -1,
      972, 625, 626, -1,
      636, 637, 1072, -1,
      1072, 637, 1018, -1,
      1072, 1018, 1073, -1,
      1073, 1018, 1019, -1,
      1073, 1019, 1074, -1,
      1074, 1019, 1020, -1,
      1074, 1020, 1075, -1,
      1075, 1020, 1021, -1,
      1075, 1021, 1076, -1,
      1076, 1021, 1012, -1,
      1076, 1012, 1077, -1,
      1077, 1012, 1011, -1,
      1077, 1011, 1078, -1,
      1078, 1011, 1009, -1,
      1078, 1009, 1079, -1,
      1079, 1009, 1008, -1,
      1079, 1008, 1080, -1,
      1080, 1008, 1038, -1,
      1080, 1038, 1081, -1,
      1038, 1037, 1081, -1,
      1081, 1037, 624, -1,
      1081, 624, 623, -1,
      1045, 1044, 1082, -1,
      1082, 1044, 1043, -1,
      1082, 1043, 636, -1,
      636, 1043, 1042, -1,
      636, 1042, 635, -1,
      1082, 1083, 1045, -1,
      1045, 1083, 1084, -1,
      1045, 1084, 1046, -1,
      1046, 1084, 1085, -1,
      1085, 1086, 1046, -1,
      1046, 1086, 1087, -1,
      1046, 1087, 1047, -1,
      1047, 1087, 1088, -1,
      1047, 1088, 1048, -1,
      1048, 1088, 1089, -1,
      1048, 1089, 1049, -1,
      1049, 1089, 1090, -1,
      1049, 1090, 1050, -1,
      1050, 1090, 628, -1,
      1050, 628, 627, -1,
      1091, 625, 1092, -1,
      1093, 1094, 625, -1,
      1069, 1068, 1095, -1,
      1067, 1066, 1096, -1,
      1097, 1098, 1099, -1,
      1054, 1053, 1100, -1,
      1052, 1051, 1101, -1,
      1101, 1051, 629, -1,
      1102, 1060, 1061, -1,
      1099, 1058, 1059, -1,
      1058, 1099, 1057, -1,
      1057, 1099, 1098, -1,
      1057, 1098, 1056, -1,
      631, 1056, 1062, -1,
      1062, 1056, 1098, -1,
      1062, 1098, 1063, -1,
      1063, 1098, 1097, -1,
      1063, 1097, 1064, -1,
      1064, 1097, 1065, -1,
      629, 1103, 1101, -1,
      1101, 1103, 1104, -1,
      1101, 1104, 1105, -1,
      1066, 1065, 1096, -1,
      1096, 1065, 1097, -1,
      1096, 1097, 1106, -1,
      1106, 1097, 1099, -1,
      1106, 1099, 1102, -1,
      1102, 1099, 1059, -1,
      1102, 1059, 1060, -1,
      1104, 1107, 1105, -1,
      1105, 1107, 1108, -1,
      1105, 1108, 1109, -1,
      1068, 1067, 1095, -1,
      1095, 1067, 1096, -1,
      1095, 1096, 1110, -1,
      1110, 1096, 1106, -1,
      1110, 1106, 1111, -1,
      1111, 1106, 1102, -1,
      1111, 1102, 1112, -1,
      1112, 1102, 1061, -1,
      1112, 1061, 1055, -1,
      1108, 1113, 1109, -1,
      1109, 1113, 1114, -1,
      1109, 1114, 1115, -1,
      1112, 1116, 1111, -1,
      1111, 1116, 1117, -1,
      1111, 1117, 1110, -1,
      1110, 1117, 1118, -1,
      1110, 1118, 1095, -1,
      1095, 1118, 1119, -1,
      1095, 1119, 1069, -1,
      1094, 1093, 1120, -1,
      1053, 1052, 1100, -1,
      1100, 1052, 1101, -1,
      1100, 1101, 1121, -1,
      1121, 1101, 1105, -1,
      1121, 1105, 1122, -1,
      1122, 1105, 1109, -1,
      1122, 1109, 1123, -1,
      1123, 1109, 1115, -1,
      1123, 1115, 1124, -1,
      1124, 1115, 1092, -1,
      1124, 1092, 625, -1,
      625, 1071, 1119, -1,
      1119, 1071, 1070, -1,
      1119, 1070, 1069, -1,
      1116, 1125, 1117, -1,
      1117, 1125, 1126, -1,
      1117, 1126, 1118, -1,
      1118, 1126, 1127, -1,
      1118, 1127, 1119, -1,
      1119, 1127, 625, -1,
      1125, 1120, 1126, -1,
      1126, 1120, 1093, -1,
      1126, 1093, 1127, -1,
      1127, 1093, 625, -1,
      1114, 1128, 1115, -1,
      1115, 1128, 1129, -1,
      1115, 1129, 1092, -1,
      1092, 1129, 1130, -1,
      1092, 1130, 1091, -1,
      1055, 1054, 1112, -1,
      1112, 1054, 1100, -1,
      1112, 1100, 1116, -1,
      1116, 1100, 1121, -1,
      1116, 1121, 1125, -1,
      1125, 1121, 1122, -1,
      1125, 1122, 1120, -1,
      1120, 1122, 1123, -1,
      1120, 1123, 1094, -1,
      1094, 1123, 1124, -1,
      1094, 1124, 625, -1,
      1081, 623, 1131, -1,
      1132, 1133, 1134, -1,
      1135, 1136, 1137, -1,
      1138, 1139, 1140, -1,
      1082, 636, 1072, -1,
      1084, 1083, 1141, -1,
      1141, 1083, 1082, -1,
      1090, 1089, 1139, -1,
      1139, 1089, 1088, -1,
      1139, 1088, 1140, -1,
      1140, 1088, 1087, -1,
      1140, 1087, 1086, -1,
      628, 1090, 1142, -1,
      1142, 1090, 1139, -1,
      1142, 1139, 1143, -1,
      1143, 1139, 1138, -1,
      1143, 1138, 1144, -1,
      1144, 1138, 1145, -1,
      1082, 1072, 1141, -1,
      1141, 1072, 1073, -1,
      1141, 1073, 1146, -1,
      1136, 1145, 1137, -1,
      1137, 1145, 1138, -1,
      1137, 1138, 1147, -1,
      1147, 1138, 1140, -1,
      1147, 1140, 1148, -1,
      1148, 1140, 1086, -1,
      1073, 1074, 1146, -1,
      1146, 1074, 1075, -1,
      1146, 1075, 1149, -1,
      1133, 1135, 1134, -1,
      1134, 1135, 1137, -1,
      1134, 1137, 1150, -1,
      1150, 1137, 1147, -1,
      1150, 1147, 1151, -1,
      1151, 1147, 1148, -1,
      1075, 1076, 1149, -1,
      1149, 1076, 1077, -1,
      1149, 1077, 1152, -1,
      1151, 1153, 1150, -1,
      1150, 1153, 1154, -1,
      1150, 1154, 1134, -1,
      1134, 1154, 1155, -1,
      1134, 1155, 1132, -1,
      1085, 1084, 1156, -1,
      1156, 1084, 1141, -1,
      1156, 1141, 1157, -1,
      1157, 1141, 1146, -1,
      1157, 1146, 1158, -1,
      1158, 1146, 1149, -1,
      1158, 1149, 1159, -1,
      1159, 1149, 1152, -1,
      1159, 1152, 1160, -1,
      1160, 1152, 1131, -1,
      1160, 1131, 623, -1,
      623, 1161, 1155, -1,
      1155, 1161, 1162, -1,
      1155, 1162, 1132, -1,
      1153, 1163, 1154, -1,
      1154, 1163, 1164, -1,
      1154, 1164, 1155, -1,
      1155, 1164, 623, -1,
      1163, 1165, 1164, -1,
      1164, 1165, 623, -1,
      1077, 1078, 1152, -1,
      1152, 1078, 1079, -1,
      1152, 1079, 1131, -1,
      1131, 1079, 1080, -1,
      1131, 1080, 1081, -1,
      1086, 1085, 1148, -1,
      1148, 1085, 1156, -1,
      1148, 1156, 1151, -1,
      1151, 1156, 1157, -1,
      1151, 1157, 1153, -1,
      1153, 1157, 1158, -1,
      1153, 1158, 1163, -1,
      1163, 1158, 1159, -1,
      1163, 1159, 1165, -1,
      1165, 1159, 1160, -1,
      1165, 1160, 623, -1,
      629, 628, 1103, -1,
      1103, 628, 1142, -1,
      1103, 1142, 1104, -1,
      1104, 1142, 1143, -1,
      1104, 1143, 1107, -1,
      1107, 1143, 1144, -1,
      1107, 1144, 1108, -1,
      1108, 1144, 1145, -1,
      1108, 1145, 1113, -1,
      1113, 1145, 1136, -1,
      1113, 1136, 1114, -1,
      1114, 1136, 1135, -1,
      1114, 1135, 1128, -1,
      1128, 1135, 1133, -1,
      1128, 1133, 1129, -1,
      1129, 1133, 1132, -1,
      1129, 1132, 1130, -1,
      1130, 1132, 1162, -1,
      1130, 1162, 1091, -1,
      1162, 1161, 1091, -1,
      1091, 1161, 623, -1,
      1091, 623, 625, -1,
    ]
  }
}

Shape {
  appearance Appearance {
    material Material {
      diffuseColor 0.4392 0.4392 0.4392
      specularColor 0.2196 0.2196 0.2196
      ambientIntensity 0.2
      transparency 0.0000
      shininess 0.5
    }
  }
  geometry IndexedFaceSet {
    ccw TRUE
    solid FALSE
    coord DEF co Coordinate {
      point [
        0.511228 -0.310159 0.511811,
        -0.511228 -0.310159 0.511811,
        0.516781 -0.310159 0.511417,
        0.516781 -0.481700 0.511417,
        -0.516781 -0.310159 0.511417,
        -0.516781 -0.481700 0.511417,
        0.511228 -0.487254 0.511417,
        -0.511228 -0.487254 0.511417,
        0.516592 -0.483137 0.511417,
        0.516037 -0.484477 0.511417,
        0.515155 -0.485627 0.511417,
        0.514005 -0.486510 0.511417,
        0.512665 -0.487065 0.511417,
        -0.516592 -0.483137 0.511417,
        -0.516037 -0.484477 0.511417,
        -0.515155 -0.485627 0.511417,
        -0.514005 -0.486510 0.511417,
        -0.512665 -0.487065 0.511417,
      ]
    }
    coordIndex [
      1, 4, 0, -1,
      0, 4, 2, -1,
      15, 16, 17, -1,
      10, 9, 8, -1,
      4, 5, 7, -1,
      7, 5, 13, -1,
      7, 13, 17, -1,
      17, 13, 14, -1,
      17, 14, 15, -1,
      4, 7, 2, -1,
      2, 7, 6, -1,
      2, 6, 3, -1,
      3, 6, 12, -1,
      3, 12, 8, -1,
      8, 12, 11, -1,
      8, 11, 10, -1,
    ]
  }
}

Shape {
  appearance Appearance {
    material Material {
      diffuseColor 0.6471 0.6196 0.5882
      specularColor 0.4510 0.4353 0.4118
      ambientIntensity 0.2
      transparency 0.0000
      shininess 0.5
    }
  }
  geometry IndexedFaceSet {
    ccw TRUE
    solid FALSE
    coord DEF co Coordinate {
      point [
        0.580709 -0.433071 0.305118,
        0.580709 -0.433071 0.246063,
        0.580709 -0.334646 0.246063,
        0.580709 -0.177165 0.246063,
        0.580709 -0.334646 0.305118,
        0.580709 -0.177165 0.305118,
        0.580709 -0.078740 0.246063,
        0.580709 0.078740 0.246063,
        0.580709 -0.078740 0.305118,
        0.580709 0.078740 0.305118,
        0.580709 0.177165 0.246063,
        0.580709 0.334646 0.246063,
        0.580709 0.177165 0.305118,
        0.580709 0.334646 0.305118,
        -0.580709 -0.433071 0.246063,
        -0.580709 -0.433071 0.305118,
        -0.580709 -0.334646 0.305118,
        -0.580709 -0.177165 0.305118,
        -0.580709 -0.334646 0.246063,
        -0.580709 -0.177165 0.246063,
        -0.580709 -0.078740 0.305118,
        -0.580709 0.078740 0.305118,
        -0.580709 -0.078740 0.246063,
        -0.580709 0.078740 0.246063,
        -0.580709 0.177165 0.305118,
        -0.580709 0.334646 0.305118,
        -0.580709 0.177165 0.246063,
        -0.580709 0.334646 0.246063,
        0.580709 0.433071 0.246063,
        0.580709 0.433071 0.305118,
        -0.580709 0.433071 0.305118,
        -0.580709 0.433071 0.246063,
        -0.600770 0.433071 0.302817,
        -0.587396 0.433071 0.245296,
        -0.619789 0.433071 0.296031,
        -0.593735 0.433071 0.243034,
        -0.636778 0.433071 0.285115,
        -0.599398 0.433071 0.239395,
        -0.650852 0.433071 0.270635,
        -0.604090 0.433071 0.234569,
        -0.661282 0.433071 0.253344,
        -0.607567 0.433071 0.228805,
        -0.667524 0.433071 0.234140,
        -0.609647 0.433071 0.222404,
        -0.698230 0.433071 0.082715,
        -0.640353 0.433071 0.070978,
        -0.700311 0.433071 0.076313,
        -0.646595 0.433071 0.051774,
        -0.703787 0.433071 0.070550,
        -0.657025 0.433071 0.034483,
        -0.708479 0.433071 0.065723,
        -0.671100 0.433071 0.020003,
        -0.714142 0.433071 0.062084,
        -0.688088 0.433071 0.009087,
        -0.720481 0.433071 0.059822,
        -0.707107 0.433071 0.002302,
        -0.727169 0.433071 0.059055,
        -0.727169 0.433071 0.000000,
        -0.787402 0.433071 0.059055,
        -0.787402 0.433071 0.000000,
        -0.787402 0.334646 0.059055,
        -0.787402 0.334646 0.000000,
        -0.727169 0.334646 0.059055,
        -0.727169 0.334646 0.000000,
        -0.720481 0.334646 0.059822,
        -0.707107 0.334646 0.002302,
        -0.714142 0.334646 0.062084,
        -0.688088 0.334646 0.009087,
        -0.708479 0.334646 0.065723,
        -0.671100 0.334646 0.020003,
        -0.703787 0.334646 0.070550,
        -0.657025 0.334646 0.034483,
        -0.700311 0.334646 0.076313,
        -0.646595 0.334646 0.051774,
        -0.698230 0.334646 0.082715,
        -0.640353 0.334646 0.070978,
        -0.667524 0.334646 0.234140,
        -0.609647 0.334646 0.222404,
        -0.661282 0.334646 0.253344,
        -0.607567 0.334646 0.228805,
        -0.650852 0.334646 0.270635,
        -0.604090 0.334646 0.234569,
        -0.636778 0.334646 0.285115,
        -0.599398 0.334646 0.239395,
        -0.619789 0.334646 0.296031,
        -0.593735 0.334646 0.243034,
        -0.600770 0.334646 0.302817,
        -0.587396 0.334646 0.245296,
        -0.600770 0.177165 0.302817,
        -0.587396 0.177165 0.245296,
        -0.619789 0.177165 0.296031,
        -0.593735 0.177165 0.243034,
        -0.636778 0.177165 0.285115,
        -0.599398 0.177165 0.239395,
        -0.650852 0.177165 0.270635,
        -0.604090 0.177165 0.234569,
        -0.661282 0.177165 0.253344,
        -0.607567 0.177165 0.228805,
        -0.667524 0.177165 0.234140,
        -0.609647 0.177165 0.222404,
        -0.698230 0.177165 0.082715,
        -0.640353 0.177165 0.070978,
        -0.700311 0.177165 0.076313,
        -0.646595 0.177165 0.051774,
        -0.703787 0.177165 0.070550,
        -0.657025 0.177165 0.034483,
        -0.708479 0.177165 0.065723,
        -0.671100 0.177165 0.020003,
        -0.714142 0.177165 0.062084,
        -0.688088 0.177165 0.009087,
        -0.720481 0.177165 0.059822,
        -0.707107 0.177165 0.002302,
        -0.727169 0.177165 0.059055,
        -0.727169 0.177165 0.000000,
        -0.787402 0.177165 0.059055,
        -0.787402 0.177165 0.000000,
        -0.787402 0.078740 0.059055,
        -0.787402 0.078740 0.000000,
        -0.727169 0.078740 0.059055,
        -0.727169 0.078740 0.000000,
        -0.720481 0.078740 0.059822,
        -0.707107 0.078740 0.002302,
        -0.714142 0.078740 0.062084,
        -0.688088 0.078740 0.009087,
        -0.708479 0.078740 0.065723,
        -0.671100 0.078740 0.020003,
        -0.703787 0.078740 0.070550,
        -0.657025 0.078740 0.034483,
        -0.700311 0.078740 0.076313,
        -0.646595 0.078740 0.051774,
        -0.698230 0.078740 0.082715,
        -0.640353 0.078740 0.070978,
        -0.667524 0.078740 0.234140,
        -0.609647 0.078740 0.222404,
        -0.661282 0.078740 0.253344,
        -0.607567 0.078740 0.228805,
        -0.650852 0.078740 0.270635,
        -0.604090 0.078740 0.234569,
        -0.636778 0.078740 0.285115,
        -0.599398 0.078740 0.239395,
        -0.619789 0.078740 0.296031,
        -0.593735 0.078740 0.243034,
        -0.600770 0.078740 0.302817,
        -0.587396 0.078740 0.245296,
        -0.600770 -0.078740 0.302817,
        -0.587396 -0.078740 0.245296,
        -0.619789 -0.078740 0.296031,
        -0.593735 -0.078740 0.243034,
        -0.636778 -0.078740 0.285115,
        -0.599398 -0.078740 0.239395,
        -0.650852 -0.078740 0.270635,
        -0.604090 -0.078740 0.234569,
        -0.661282 -0.078740 0.253344,
        -0.607567 -0.078740 0.228805,
        -0.667524 -0.078740 0.234140,
        -0.609647 -0.078740 0.222404,
        -0.698230 -0.078740 0.082715,
        -0.640353 -0.078740 0.070978,
        -0.700311 -0.078740 0.076313,
        -0.646595 -0.078740 0.051774,
        -0.703787 -0.078740 0.070550,
        -0.657025 -0.078740 0.034483,
        -0.708479 -0.078740 0.065723,
        -0.671100 -0.078740 0.020003,
        -0.714142 -0.078740 0.062084,
        -0.688088 -0.078740 0.009087,
        -0.720481 -0.078740 0.059822,
        -0.707107 -0.078740 0.002302,
        -0.727169 -0.078740 0.059055,
        -0.727169 -0.078740 0.000000,
        -0.787402 -0.078740 0.059055,
        -0.787402 -0.078740 0.000000,
        -0.787402 -0.177165 0.059055,
        -0.787402 -0.177165 0.000000,
        -0.727169 -0.177165 0.059055,
        -0.727169 -0.177165 0.000000,
        -0.720481 -0.177165 0.059822,
        -0.707107 -0.177165 0.002302,
        -0.714142 -0.177165 0.062084,
        -0.688088 -0.177165 0.009087,
        -0.708479 -0.177165 0.065723,
        -0.671100 -0.177165 0.020003,
        -0.703787 -0.177165 0.070550,
        -0.657025 -0.177165 0.034483,
        -0.700311 -0.177165 0.076313,
        -0.646595 -0.177165 0.051774,
        -0.698230 -0.177165 0.082715,
        -0.640353 -0.177165 0.070978,
        -0.667524 -0.177165 0.234140,
        -0.609647 -0.177165 0.222404,
        -0.661282 -0.177165 0.253344,
        -0.607567 -0.177165 0.228805,
        -0.650852 -0.177165 0.270635,
        -0.604090 -0.177165 0.234569,
        -0.636778 -0.177165 0.285115,
        -0.599398 -0.177165 0.239395,
        -0.619789 -0.177165 0.296031,
        -0.593735 -0.177165 0.243034,
        -0.600770 -0.177165 0.302817,
        -0.587396 -0.177165 0.245296,
        -0.600770 -0.334646 0.302817,
        -0.587396 -0.334646 0.245296,
        -0.619789 -0.334646 0.296031,
        -0.593735 -0.334646 0.243034,
        -0.636778 -0.334646 0.285115,
        -0.599398 -0.334646 0.239395,
        -0.650852 -0.334646 0.270635,
        -0.604090 -0.334646 0.234569,
        -0.661282 -0.334646 0.253344,
        -0.607567 -0.334646 0.228805,
        -0.667524 -0.334646 0.234140,
        -0.609647 -0.334646 0.222404,
        -0.698230 -0.334646 0.082715,
        -0.640353 -0.334646 0.070978,
        -0.700311 -0.334646 0.076313,
        -0.646595 -0.334646 0.051774,
        -0.703787 -0.334646 0.070550,
        -0.657025 -0.334646 0.034483,
        -0.708479 -0.334646 0.065723,
        -0.671100 -0.334646 0.020003,
        -0.714142 -0.334646 0.062084,
        -0.688088 -0.334646 0.009087,
        -0.720481 -0.334646 0.059822,
        -0.707107 -0.334646 0.002302,
        -0.727169 -0.334646 0.059055,
        -0.727169 -0.334646 0.000000,
        -0.787402 -0.334646 0.059055,
        -0.787402 -0.334646 0.000000,
        -0.787402 -0.433071 0.059055,
        -0.787402 -0.433071 0.000000,
        -0.727169 -0.433071 0.059055,
        -0.727169 -0.433071 0.000000,
        -0.720481 -0.433071 0.059822,
        -0.707107 -0.433071 0.002302,
        -0.714142 -0.433071 0.062084,
        -0.688088 -0.433071 0.009087,
        -0.708479 -0.433071 0.065723,
        -0.671100 -0.433071 0.020003,
        -0.703787 -0.433071 0.070550,
        -0.657025 -0.433071 0.034483,
        -0.700311 -0.433071 0.076313,
        -0.646595 -0.433071 0.051774,
        -0.698230 -0.433071 0.082715,
        -0.640353 -0.433071 0.070978,
        -0.667524 -0.433071 0.234140,
        -0.609647 -0.433071 0.222404,
        -0.661282 -0.433071 0.253344,
        -0.607567 -0.433071 0.228805,
        -0.650852 -0.433071 0.270635,
        -0.604090 -0.433071 0.234569,
        -0.636778 -0.433071 0.285115,
        -0.599398 -0.433071 0.239395,
        -0.619789 -0.433071 0.296031,
        -0.593735 -0.433071 0.243034,
        -0.600770 -0.433071 0.302817,
        -0.587396 -0.433071 0.245296,
        0.787402 0.433071 0.059055,
        0.787402 0.433071 0.000000,
        0.727169 0.433071 0.059055,
        0.727169 0.433071 0.000000,
        0.720481 0.433071 0.059822,
        0.707107 0.433071 0.002302,
        0.714142 0.433071 0.062084,
        0.688088 0.433071 0.009087,
        0.708479 0.433071 0.065723,
        0.671100 0.433071 0.020003,
        0.703787 0.433071 0.070550,
        0.657025 0.433071 0.034483,
        0.700311 0.433071 0.076313,
        0.646595 0.433071 0.051774,
        0.698230 0.433071 0.082715,
        0.640353 0.433071 0.070978,
        0.667524 0.433071 0.234140,
        0.609647 0.433071 0.222404,
        0.661282 0.433071 0.253344,
        0.607567 0.433071 0.228805,
        0.650852 0.433071 0.270635,
        0.604090 0.433071 0.234569,
        0.636778 0.433071 0.285115,
        0.599398 0.433071 0.239395,
        0.619789 0.433071 0.296031,
        0.593735 0.433071 0.243034,
        0.600770 0.433071 0.302817,
        0.587396 0.433071 0.245296,
        0.600770 0.334646 0.302817,
        0.587396 0.334646 0.245296,
        0.619789 0.334646 0.296031,
        0.593735 0.334646 0.243034,
        0.636778 0.334646 0.285115,
        0.599398 0.334646 0.239395,
        0.650852 0.334646 0.270635,
        0.604090 0.334646 0.234569,
        0.661282 0.334646 0.253344,
        0.607567 0.334646 0.228805,
        0.667524 0.334646 0.234140,
        0.609647 0.334646 0.222404,
        0.698230 0.334646 0.082715,
        0.640353 0.334646 0.070978,
        0.700311 0.334646 0.076313,
        0.646595 0.334646 0.051774,
        0.703787 0.334646 0.070550,
        0.657025 0.334646 0.034483,
        0.708479 0.334646 0.065723,
        0.671100 0.334646 0.020003,
        0.714142 0.334646 0.062084,
        0.688088 0.334646 0.009087,
        0.720481 0.334646 0.059822,
        0.707107 0.334646 0.002302,
        0.727169 0.334646 0.059055,
        0.727169 0.334646 0.000000,
        0.787402 0.334646 0.059055,
        0.787402 0.334646 0.000000,
        0.787402 0.177165 0.059055,
        0.787402 0.177165 0.000000,
        0.727169 0.177165 0.059055,
        0.727169 0.177165 0.000000,
        0.720481 0.177165 0.059822,
        0.707107 0.177165 0.002302,
        0.714142 0.177165 0.062084,
        0.688088 0.177165 0.009087,
        0.708479 0.177165 0.065723,
        0.671100 0.177165 0.020003,
        0.703787 0.177165 0.070550,
        0.657025 0.177165 0.034483,
        0.700311 0.177165 0.076313,
        0.646595 0.177165 0.051774,
        0.698230 0.177165 0.082715,
        0.640353 0.177165 0.070978,
        0.667524 0.177165 0.234140,
        0.609647 0.177165 0.222404,
        0.661282 0.177165 0.253344,
        0.607567 0.177165 0.228805,
        0.650852 0.177165 0.270635,
        0.604090 0.177165 0.234569,
        0.636778 0.177165 0.285115,
        0.599398 0.177165 0.239395,
        0.619789 0.177165 0.296031,
        0.593735 0.177165 0.243034,
        0.600770 0.177165 0.302817,
        0.587396 0.177165 0.245296,
        0.600770 0.078740 0.302817,
        0.587396 0.078740 0.245296,
        0.619789 0.078740 0.296031,
        0.593735 0.078740 0.243034,
        0.636778 0.078740 0.285115,
        0.599398 0.078740 0.239395,
        0.650852 0.078740 0.270635,
        0.604090 0.078740 0.234569,
        0.661282 0.078740 0.253344,
        0.607567 0.078740 0.228805,
        0.667524 0.078740 0.234140,
        0.609647 0.078740 0.222404,
        0.698230 0.078740 0.082715,
        0.640353 0.078740 0.070978,
        0.700311 0.078740 0.076313,
        0.646595 0.078740 0.051774,
        0.703787 0.078740 0.070550,
        0.657025 0.078740 0.034483,
        0.708479 0.078740 0.065723,
        0.671100 0.078740 0.020003,
        0.714142 0.078740 0.062084,
        0.688088 0.078740 0.009087,
        0.720481 0.078740 0.059822,
        0.707107 0.078740 0.002302,
        0.727169 0.078740 0.059055,
        0.727169 0.078740 0.000000,
        0.787402 0.078740 0.059055,
        0.787402 0.078740 0.000000,
        0.787402 -0.078740 0.059055,
        0.787402 -0.078740 0.000000,
        0.727169 -0.078740 0.059055,
        0.727169 -0.078740 0.000000,
        0.720481 -0.078740 0.059822,
        0.707107 -0.078740 0.002302,
        0.714142 -0.078740 0.062084,
        0.688088 -0.078740 0.009087,
        0.708479 -0.078740 0.065723,
        0.671100 -0.078740 0.020003,
        0.703787 -0.078740 0.070550,
        0.657025 -0.078740 0.034483,
        0.700311 -0.078740 0.076313,
        0.646595 -0.078740 0.051774,
        0.698230 -0.078740 0.082715,
        0.640353 -0.078740 0.070978,
        0.667524 -0.078740 0.234140,
        0.609647 -0.078740 0.222404,
        0.661282 -0.078740 0.253344,
        0.607567 -0.078740 0.228805,
        0.650852 -0.078740 0.270635,
        0.604090 -0.078740 0.234569,
        0.636778 -0.078740 0.285115,
        0.599398 -0.078740 0.239395,
        0.619789 -0.078740 0.296031,
        0.593735 -0.078740 0.243034,
        0.600770 -0.078740 0.302817,
        0.587396 -0.078740 0.245296,
        0.600770 -0.177165 0.302817,
        0.587396 -0.177165 0.245296,
        0.619789 -0.177165 0.296031,
        0.593735 -0.177165 0.243034,
        0.636778 -0.177165 0.285115,
        0.599398 -0.177165 0.239395,
        0.650852 -0.177165 0.270635,
        0.604090 -0.177165 0.234569,
        0.661282 -0.177165 0.253344,
        0.607567 -0.177165 0.228805,
        0.667524 -0.177165 0.234140,
        0.609647 -0.177165 0.222404,
        0.698230 -0.177165 0.082715,
        0.640353 -0.177165 0.070978,
        0.700311 -0.177165 0.076313,
        0.646595 -0.177165 0.051774,
        0.703787 -0.177165 0.070550,
        0.657025 -0.177165 0.034483,
        0.708479 -0.177165 0.065723,
        0.671100 -0.177165 0.020003,
        0.714142 -0.177165 0.062084,
        0.688088 -0.177165 0.009087,
        0.720481 -0.177165 0.059822,
        0.707107 -0.177165 0.002302,
        0.727169 -0.177165 0.059055,
        0.727169 -0.177165 0.000000,
        0.787402 -0.177165 0.059055,
        0.787402 -0.177165 0.000000,
        0.787402 -0.334646 0.059055,
        0.787402 -0.334646 0.000000,
        0.727169 -0.334646 0.059055,
        0.727169 -0.334646 0.000000,
        0.720481 -0.334646 0.059822,
        0.707107 -0.334646 0.002302,
        0.714142 -0.334646 0.062084,
        0.688088 -0.334646 0.009087,
        0.708479 -0.334646 0.065723,
        0.671100 -0.334646 0.020003,
        0.703787 -0.334646 0.070550,
        0.657025 -0.334646 0.034483,
        0.700311 -0.334646 0.076313,
        0.646595 -0.334646 0.051774,
        0.698230 -0.334646 0.082715,
        0.640353 -0.334646 0.070978,
        0.667524 -0.334646 0.234140,
        0.609647 -0.334646 0.222404,
        0.661282 -0.334646 0.253344,
        0.607567 -0.334646 0.228805,
        0.650852 -0.334646 0.270635,
        0.604090 -0.334646 0.234569,
        0.636778 -0.334646 0.285115,
        0.599398 -0.334646 0.239395,
        0.619789 -0.334646 0.296031,
        0.593735 -0.334646 0.243034,
        0.600770 -0.334646 0.302817,
        0.587396 -0.334646 0.245296,
        0.600770 -0.433071 0.302817,
        0.587396 -0.433071 0.245296,
        0.619789 -0.433071 0.296031,
        0.593735 -0.433071 0.243034,
        0.636778 -0.433071 0.285115,
        0.599398 -0.433071 0.239395,
        0.650852 -0.433071 0.270635,
        0.604090 -0.433071 0.234569,
        0.661282 -0.433071 0.253344,
        0.607567 -0.433071 0.228805,
        0.667524 -0.433071 0.234140,
        0.609647 -0.433071 0.222404,
        0.698230 -0.433071 0.082715,
        0.640353 -0.433071 0.070978,
        0.700311 -0.433071 0.076313,
        0.646595 -0.433071 0.051774,
        0.703787 -0.433071 0.070550,
        0.657025 -0.433071 0.034483,
        0.708479 -0.433071 0.065723,
        0.671100 -0.433071 0.020003,
        0.714142 -0.433071 0.062084,
        0.688088 -0.433071 0.009087,
        0.720481 -0.433071 0.059822,
        0.707107 -0.433071 0.002302,
        0.727169 -0.433071 0.059055,
        0.727169 -0.433071 0.000000,
        0.787402 -0.433071 0.059055,
        0.787402 -0.433071 0.000000,
      ]
    }
    coordIndex [
      30, 31, 32, -1,
      32, 31, 33, -1,
      32, 33, 34, -1,
      34, 33, 35, -1,
      34, 35, 36, -1,
      36, 35, 37, -1,
      36, 37, 38, -1,
      38, 37, 39, -1,
      38, 39, 40, -1,
      40, 39, 41, -1,
      40, 41, 42, -1,
      42, 41, 43, -1,
      42, 43, 44, -1,
      44, 43, 45, -1,
      44, 45, 46, -1,
      46, 45, 47, -1,
      46, 47, 48, -1,
      48, 47, 49, -1,
      48, 49, 50, -1,
      50, 49, 51, -1,
      50, 51, 52, -1,
      52, 51, 53, -1,
      52, 53, 54, -1,
      54, 53, 55, -1,
      54, 55, 56, -1,
      56, 55, 57, -1,
      56, 57, 58, -1,
      58, 57, 59, -1,
      60, 61, 62, -1,
      62, 61, 63, -1,
      62, 63, 64, -1,
      64, 63, 65, -1,
      64, 65, 66, -1,
      66, 65, 67, -1,
      66, 67, 68, -1,
      68, 67, 69, -1,
      68, 69, 70, -1,
      70, 69, 71, -1,
      70, 71, 72, -1,
      72, 71, 73, -1,
      72, 73, 74, -1,
      74, 73, 75, -1,
      74, 75, 76, -1,
      76, 75, 77, -1,
      76, 77, 78, -1,
      78, 77, 79, -1,
      78, 79, 80, -1,
      80, 79, 81, -1,
      80, 81, 82, -1,
      82, 81, 83, -1,
      82, 83, 84, -1,
      84, 83, 85, -1,
      84, 85, 86, -1,
      86, 85, 87, -1,
      86, 87, 25, -1,
      25, 87, 27, -1,
      59, 57, 61, -1,
      61, 57, 63, -1,
      58, 59, 60, -1,
      60, 59, 61, -1,
      56, 58, 62, -1,
      62, 58, 60, -1,
      56, 62, 54, -1,
      54, 62, 64, -1,
      54, 64, 52, -1,
      52, 64, 66, -1,
      52, 66, 50, -1,
      50, 66, 68, -1,
      50, 68, 48, -1,
      48, 68, 70, -1,
      48, 70, 46, -1,
      46, 70, 72, -1,
      46, 72, 44, -1,
      44, 72, 74, -1,
      42, 44, 76, -1,
      76, 44, 74, -1,
      42, 76, 78, -1,
      42, 78, 40, -1,
      40, 78, 80, -1,
      40, 80, 38, -1,
      38, 80, 82, -1,
      38, 82, 36, -1,
      36, 82, 84, -1,
      36, 84, 34, -1,
      34, 84, 86, -1,
      34, 86, 32, -1,
      32, 86, 25, -1,
      32, 25, 30, -1,
      31, 27, 33, -1,
      33, 27, 87, -1,
      33, 87, 35, -1,
      35, 87, 85, -1,
      35, 85, 37, -1,
      37, 85, 83, -1,
      37, 83, 39, -1,
      39, 83, 81, -1,
      39, 81, 41, -1,
      41, 81, 79, -1,
      41, 79, 43, -1,
      43, 79, 77, -1,
      45, 43, 75, -1,
      75, 43, 77, -1,
      45, 75, 73, -1,
      45, 73, 47, -1,
      47, 73, 71, -1,
      47, 71, 49, -1,
      49, 71, 69, -1,
      49, 69, 51, -1,
      51, 69, 67, -1,
      51, 67, 53, -1,
      53, 67, 65, -1,
      53, 65, 55, -1,
      55, 65, 63, -1,
      55, 63, 57, -1,
      24, 26, 88, -1,
      88, 26, 89, -1,
      88, 89, 90, -1,
      90, 89, 91, -1,
      90, 91, 92, -1,
      92, 91, 93, -1,
      92, 93, 94, -1,
      94, 93, 95, -1,
      94, 95, 96, -1,
      96, 95, 97, -1,
      96, 97, 98, -1,
      98, 97, 99, -1,
      98, 99, 100, -1,
      100, 99, 101, -1,
      100, 101, 102, -1,
      102, 101, 103, -1,
      102, 103, 104, -1,
      104, 103, 105, -1,
      104, 105, 106, -1,
      106, 105, 107, -1,
      106, 107, 108, -1,
      108, 107, 109, -1,
      108, 109, 110, -1,
      110, 109, 111, -1,
      110, 111, 112, -1,
      112, 111, 113, -1,
      112, 113, 114, -1,
      114, 113, 115, -1,
      116, 117, 118, -1,
      118, 117, 119, -1,
      118, 119, 120, -1,
      120, 119, 121, -1,
      120, 121, 122, -1,
      122, 121, 123, -1,
      122, 123, 124, -1,
      124, 123, 125, -1,
      124, 125, 126, -1,
      126, 125, 127, -1,
      126, 127, 128, -1,
      128, 127, 129, -1,
      128, 129, 130, -1,
      130, 129, 131, -1,
      130, 131, 132, -1,
      132, 131, 133, -1,
      132, 133, 134, -1,
      134, 133, 135, -1,
      134, 135, 136, -1,
      136, 135, 137, -1,
      136, 137, 138, -1,
      138, 137, 139, -1,
      138, 139, 140, -1,
      140, 139, 141, -1,
      140, 141, 142, -1,
      142, 141, 143, -1,
      142, 143, 21, -1,
      21, 143, 23, -1,
      115, 113, 117, -1,
      117, 113, 119, -1,
      114, 115, 116, -1,
      116, 115, 117, -1,
      112, 114, 118, -1,
      118, 114, 116, -1,
      112, 118, 110, -1,
      110, 118, 120, -1,
      110, 120, 108, -1,
      108, 120, 122, -1,
      108, 122, 106, -1,
      106, 122, 124, -1,
      106, 124, 104, -1,
      104, 124, 126, -1,
      104, 126, 102, -1,
      102, 126, 128, -1,
      102, 128, 100, -1,
      100, 128, 130, -1,
      98, 100, 132, -1,
      132, 100, 130, -1,
      98, 132, 134, -1,
      98, 134, 96, -1,
      96, 134, 136, -1,
      96, 136, 94, -1,
      94, 136, 138, -1,
      94, 138, 92, -1,
      92, 138, 140, -1,
      92, 140, 90, -1,
      90, 140, 142, -1,
      90, 142, 88, -1,
      88, 142, 21, -1,
      88, 21, 24, -1,
      26, 23, 89, -1,
      89, 23, 143, -1,
      89, 143, 91, -1,
      91, 143, 141, -1,
      91, 141, 93, -1,
      93, 141, 139, -1,
      93, 139, 95, -1,
      95, 139, 137, -1,
      95, 137, 97, -1,
      97, 137, 135, -1,
      97, 135, 99, -1,
      99, 135, 133, -1,
      101, 99, 131, -1,
      131, 99, 133, -1,
      101, 131, 129, -1,
      101, 129, 103, -1,
      103, 129, 127, -1,
      103, 127, 105, -1,
      105, 127, 125, -1,
      105, 125, 107, -1,
      107, 125, 123, -1,
      107, 123, 109, -1,
      109, 123, 121, -1,
      109, 121, 111, -1,
      111, 121, 119, -1,
      111, 119, 113, -1,
      20, 22, 144, -1,
      144, 22, 145, -1,
      144, 145, 146, -1,
      146, 145, 147, -1,
      146, 147, 148, -1,
      148, 147, 149, -1,
      148, 149, 150, -1,
      150, 149, 151, -1,
      150, 151, 152, -1,
      152, 151, 153, -1,
      152, 153, 154, -1,
      154, 153, 155, -1,
      154, 155, 156, -1,
      156, 155, 157, -1,
      156, 157, 158, -1,
      158, 157, 159, -1,
      158, 159, 160, -1,
      160, 159, 161, -1,
      160, 161, 162, -1,
      162, 161, 163, -1,
      162, 163, 164, -1,
      164, 163, 165, -1,
      164, 165, 166, -1,
      166, 165, 167, -1,
      166, 167, 168, -1,
      168, 167, 169, -1,
      168, 169, 170, -1,
      170, 169, 171, -1,
      172, 173, 174, -1,
      174, 173, 175, -1,
      174, 175, 176, -1,
      176, 175, 177, -1,
      176, 177, 178, -1,
      178, 177, 179, -1,
      178, 179, 180, -1,
      180, 179, 181, -1,
      180, 181, 182, -1,
      182, 181, 183, -1,
      182, 183, 184, -1,
      184, 183, 185, -1,
      184, 185, 186, -1,
      186, 185, 187, -1,
      186, 187, 188, -1,
      188, 187, 189, -1,
      188, 189, 190, -1,
      190, 189, 191, -1,
      190, 191, 192, -1,
      192, 191, 193, -1,
      192, 193, 194, -1,
      194, 193, 195, -1,
      194, 195, 196, -1,
      196, 195, 197, -1,
      196, 197, 198, -1,
      198, 197, 199, -1,
      198, 199, 17, -1,
      17, 199, 19, -1,
      171, 169, 173, -1,
      173, 169, 175, -1,
      170, 171, 172, -1,
      172, 171, 173, -1,
      168, 170, 174, -1,
      174, 170, 172, -1,
      168, 174, 166, -1,
      166, 174, 176, -1,
      166, 176, 164, -1,
      164, 176, 178, -1,
      164, 178, 162, -1,
      162, 178, 180, -1,
      162, 180, 160, -1,
      160, 180, 182, -1,
      160, 182, 158, -1,
      158, 182, 184, -1,
      158, 184, 156, -1,
      156, 184, 186, -1,
      154, 156, 188, -1,
      188, 156, 186, -1,
      154, 188, 190, -1,
      154, 190, 152, -1,
      152, 190, 192, -1,
      152, 192, 150, -1,
      150, 192, 194, -1,
      150, 194, 148, -1,
      148, 194, 196, -1,
      148, 196, 146, -1,
      146, 196, 198, -1,
      146, 198, 144, -1,
      144, 198, 17, -1,
      144, 17, 20, -1,
      22, 19, 145, -1,
      145, 19, 199, -1,
      145, 199, 147, -1,
      147, 199, 197, -1,
      147, 197, 149, -1,
      149, 197, 195, -1,
      149, 195, 151, -1,
      151, 195, 193, -1,
      151, 193, 153, -1,
      153, 193, 191, -1,
      153, 191, 155, -1,
      155, 191, 189, -1,
      157, 155, 187, -1,
      187, 155, 189, -1,
      157, 187, 185, -1,
      157, 185, 159, -1,
      159, 185, 183, -1,
      159, 183, 161, -1,
      161, 183, 181, -1,
      161, 181, 163, -1,
      163, 181, 179, -1,
      163, 179, 165, -1,
      165, 179, 177, -1,
      165, 177, 167, -1,
      167, 177, 175, -1,
      167, 175, 169, -1,
      16, 18, 200, -1,
      200, 18, 201, -1,
      200, 201, 202, -1,
      202, 201, 203, -1,
      202, 203, 204, -1,
      204, 203, 205, -1,
      204, 205, 206, -1,
      206, 205, 207, -1,
      206, 207, 208, -1,
      208, 207, 209, -1,
      208, 209, 210, -1,
      210, 209, 211, -1,
      210, 211, 212, -1,
      212, 211, 213, -1,
      212, 213, 214, -1,
      214, 213, 215, -1,
      214, 215, 216, -1,
      216, 215, 217, -1,
      216, 217, 218, -1,
      218, 217, 219, -1,
      218, 219, 220, -1,
      220, 219, 221, -1,
      220, 221, 222, -1,
      222, 221, 223, -1,
      222, 223, 224, -1,
      224, 223, 225, -1,
      224, 225, 226, -1,
      226, 225, 227, -1,
      228, 229, 230, -1,
      230, 229, 231, -1,
      230, 231, 232, -1,
      232, 231, 233, -1,
      232, 233, 234, -1,
      234, 233, 235, -1,
      234, 235, 236, -1,
      236, 235, 237, -1,
      236, 237, 238, -1,
      238, 237, 239, -1,
      238, 239, 240, -1,
      240, 239, 241, -1,
      240, 241, 242, -1,
      242, 241, 243, -1,
      242, 243, 244, -1,
      244, 243, 245, -1,
      244, 245, 246, -1,
      246, 245, 247, -1,
      246, 247, 248, -1,
      248, 247, 249, -1,
      248, 249, 250, -1,
      250, 249, 251, -1,
      250, 251, 252, -1,
      252, 251, 253, -1,
      252, 253, 254, -1,
      254, 253, 255, -1,
      254, 255, 15, -1,
      15, 255, 14, -1,
      227, 225, 229, -1,
      229, 225, 231, -1,
      226, 227, 228, -1,
      228, 227, 229, -1,
      224, 226, 230, -1,
      230, 226, 228, -1,
      224, 230, 222, -1,
      222, 230, 232, -1,
      222, 232, 220, -1,
      220, 232, 234, -1,
      220, 234, 218, -1,
      218, 234, 236, -1,
      218, 236, 216, -1,
      216, 236, 238, -1,
      216, 238, 214, -1,
      214, 238, 240, -1,
      214, 240, 212, -1,
      212, 240, 242, -1,
      210, 212, 244, -1,
      244, 212, 242, -1,
      210, 244, 246, -1,
      210, 246, 208, -1,
      208, 246, 248, -1,
      208, 248, 206, -1,
      206, 248, 250, -1,
      206, 250, 204, -1,
      204, 250, 252, -1,
      204, 252, 202, -1,
      202, 252, 254, -1,
      202, 254, 200, -1,
      200, 254, 15, -1,
      200, 15, 16, -1,
      18, 14, 201, -1,
      201, 14, 255, -1,
      201, 255, 203, -1,
      203, 255, 253, -1,
      203, 253, 205, -1,
      205, 253, 251, -1,
      205, 251, 207, -1,
      207, 251, 249, -1,
      207, 249, 209, -1,
      209, 249, 247, -1,
      209, 247, 211, -1,
      211, 247, 245, -1,
      213, 211, 243, -1,
      243, 211, 245, -1,
      213, 243, 241, -1,
      213, 241, 215, -1,
      215, 241, 239, -1,
      215, 239, 217, -1,
      217, 239, 237, -1,
      217, 237, 219, -1,
      219, 237, 235, -1,
      219, 235, 221, -1,
      221, 235, 233, -1,
      221, 233, 223, -1,
      223, 233, 231, -1,
      223, 231, 225, -1,
      256, 257, 258, -1,
      258, 257, 259, -1,
      258, 259, 260, -1,
      260, 259, 261, -1,
      260, 261, 262, -1,
      262, 261, 263, -1,
      262, 263, 264, -1,
      264, 263, 265, -1,
      264, 265, 266, -1,
      266, 265, 267, -1,
      266, 267, 268, -1,
      268, 267, 269, -1,
      268, 269, 270, -1,
      270, 269, 271, -1,
      270, 271, 272, -1,
      272, 271, 273, -1,
      272, 273, 274, -1,
      274, 273, 275, -1,
      274, 275, 276, -1,
      276, 275, 277, -1,
      276, 277, 278, -1,
      278, 277, 279, -1,
      278, 279, 280, -1,
      280, 279, 281, -1,
      280, 281, 282, -1,
      282, 281, 283, -1,
      282, 283, 29, -1,
      29, 283, 28, -1,
      13, 11, 284, -1,
      284, 11, 285, -1,
      284, 285, 286, -1,
      286, 285, 287, -1,
      286, 287, 288, -1,
      288, 287, 289, -1,
      288, 289, 290, -1,
      290, 289, 291, -1,
      290, 291, 292, -1,
      292, 291, 293, -1,
      292, 293, 294, -1,
      294, 293, 295, -1,
      294, 295, 296, -1,
      296, 295, 297, -1,
      296, 297, 298, -1,
      298, 297, 299, -1,
      298, 299, 300, -1,
      300, 299, 301, -1,
      300, 301, 302, -1,
      302, 301, 303, -1,
      302, 303, 304, -1,
      304, 303, 305, -1,
      304, 305, 306, -1,
      306, 305, 307, -1,
      306, 307, 308, -1,
      308, 307, 309, -1,
      308, 309, 310, -1,
      310, 309, 311, -1,
      259, 257, 309, -1,
      309, 257, 311, -1,
      259, 309, 307, -1,
      259, 307, 261, -1,
      261, 307, 305, -1,
      261, 305, 263, -1,
      263, 305, 303, -1,
      263, 303, 265, -1,
      265, 303, 301, -1,
      265, 301, 267, -1,
      267, 301, 299, -1,
      267, 299, 269, -1,
      269, 299, 297, -1,
      269, 297, 271, -1,
      273, 271, 295, -1,
      295, 271, 297, -1,
      273, 295, 275, -1,
      275, 295, 293, -1,
      275, 293, 277, -1,
      277, 293, 291, -1,
      277, 291, 279, -1,
      279, 291, 289, -1,
      279, 289, 281, -1,
      281, 289, 287, -1,
      281, 287, 283, -1,
      283, 287, 285, -1,
      283, 285, 28, -1,
      28, 285, 11, -1,
      29, 13, 284, -1,
      29, 284, 282, -1,
      282, 284, 286, -1,
      282, 286, 280, -1,
      280, 286, 288, -1,
      280, 288, 278, -1,
      278, 288, 290, -1,
      278, 290, 276, -1,
      276, 290, 292, -1,
      276, 292, 274, -1,
      274, 292, 294, -1,
      274, 294, 272, -1,
      270, 272, 296, -1,
      296, 272, 294, -1,
      270, 296, 268, -1,
      268, 296, 298, -1,
      268, 298, 266, -1,
      266, 298, 300, -1,
      266, 300, 264, -1,
      264, 300, 302, -1,
      264, 302, 262, -1,
      262, 302, 304, -1,
      262, 304, 260, -1,
      260, 304, 306, -1,
      260, 306, 258, -1,
      258, 306, 308, -1,
      256, 258, 310, -1,
      310, 258, 308, -1,
      257, 256, 311, -1,
      311, 256, 310, -1,
      312, 313, 314, -1,
      314, 313, 315, -1,
      314, 315, 316, -1,
      316, 315, 317, -1,
      316, 317, 318, -1,
      318, 317, 319, -1,
      318, 319, 320, -1,
      320, 319, 321, -1,
      320, 321, 322, -1,
      322, 321, 323, -1,
      322, 323, 324, -1,
      324, 323, 325, -1,
      324, 325, 326, -1,
      326, 325, 327, -1,
      326, 327, 328, -1,
      328, 327, 329, -1,
      328, 329, 330, -1,
      330, 329, 331, -1,
      330, 331, 332, -1,
      332, 331, 333, -1,
      332, 333, 334, -1,
      334, 333, 335, -1,
      334, 335, 336, -1,
      336, 335, 337, -1,
      336, 337, 338, -1,
      338, 337, 339, -1,
      338, 339, 12, -1,
      12, 339, 10, -1,
      9, 7, 340, -1,
      340, 7, 341, -1,
      340, 341, 342, -1,
      342, 341, 343, -1,
      342, 343, 344, -1,
      344, 343, 345, -1,
      344, 345, 346, -1,
      346, 345, 347, -1,
      346, 347, 348, -1,
      348, 347, 349, -1,
      348, 349, 350, -1,
      350, 349, 351, -1,
      350, 351, 352, -1,
      352, 351, 353, -1,
      352, 353, 354, -1,
      354, 353, 355, -1,
      354, 355, 356, -1,
      356, 355, 357, -1,
      356, 357, 358, -1,
      358, 357, 359, -1,
      358, 359, 360, -1,
      360, 359, 361, -1,
      360, 361, 362, -1,
      362, 361, 363, -1,
      362, 363, 364, -1,
      364, 363, 365, -1,
      364, 365, 366, -1,
      366, 365, 367, -1,
      315, 313, 365, -1,
      365, 313, 367, -1,
      315, 365, 363, -1,
      315, 363, 317, -1,
      317, 363, 361, -1,
      317, 361, 319, -1,
      319, 361, 359, -1,
      319, 359, 321, -1,
      321, 359, 357, -1,
      321, 357, 323, -1,
      323, 357, 355, -1,
      323, 355, 325, -1,
      325, 355, 353, -1,
      325, 353, 327, -1,
      329, 327, 351, -1,
      351, 327, 353, -1,
      329, 351, 331, -1,
      331, 351, 349, -1,
      331, 349, 333, -1,
      333, 349, 347, -1,
      333, 347, 335, -1,
      335, 347, 345, -1,
      335, 345, 337, -1,
      337, 345, 343, -1,
      337, 343, 339, -1,
      339, 343, 341, -1,
      339, 341, 10, -1,
      10, 341, 7, -1,
      12, 9, 340, -1,
      12, 340, 338, -1,
      338, 340, 342, -1,
      338, 342, 336, -1,
      336, 342, 344, -1,
      336, 344, 334, -1,
      334, 344, 346, -1,
      334, 346, 332, -1,
      332, 346, 348, -1,
      332, 348, 330, -1,
      330, 348, 350, -1,
      330, 350, 328, -1,
      326, 328, 352, -1,
      352, 328, 350, -1,
      326, 352, 324, -1,
      324, 352, 354, -1,
      324, 354, 322, -1,
      322, 354, 356, -1,
      322, 356, 320, -1,
      320, 356, 358, -1,
      320, 358, 318, -1,
      318, 358, 360, -1,
      318, 360, 316, -1,
      316, 360, 362, -1,
      316, 362, 314, -1,
      314, 362, 364, -1,
      312, 314, 366, -1,
      366, 314, 364, -1,
      313, 312, 367, -1,
      367, 312, 366, -1,
      368, 369, 370, -1,
      370, 369, 371, -1,
      370, 371, 372, -1,
      372, 371, 373, -1,
      372, 373, 374, -1,
      374, 373, 375, -1,
      374, 375, 376, -1,
      376, 375, 377, -1,
      376, 377, 378, -1,
      378, 377, 379, -1,
      378, 379, 380, -1,
      380, 379, 381, -1,
      380, 381, 382, -1,
      382, 381, 383, -1,
      382, 383, 384, -1,
      384, 383, 385, -1,
      384, 385, 386, -1,
      386, 385, 387, -1,
      386, 387, 388, -1,
      388, 387, 389, -1,
      388, 389, 390, -1,
      390, 389, 391, -1,
      390, 391, 392, -1,
      392, 391, 393, -1,
      392, 393, 394, -1,
      394, 393, 395, -1,
      394, 395, 8, -1,
      8, 395, 6, -1,
      5, 3, 396, -1,
      396, 3, 397, -1,
      396, 397, 398, -1,
      398, 397, 399, -1,
      398, 399, 400, -1,
      400, 399, 401, -1,
      400, 401, 402, -1,
      402, 401, 403, -1,
      402, 403, 404, -1,
      404, 403, 405, -1,
      404, 405, 406, -1,
      406, 405, 407, -1,
      406, 407, 408, -1,
      408, 407, 409, -1,
      408, 409, 410, -1,
      410, 409, 411, -1,
      410, 411, 412, -1,
      412, 411, 413, -1,
      412, 413, 414, -1,
      414, 413, 415, -1,
      414, 415, 416, -1,
      416, 415, 417, -1,
      416, 417, 418, -1,
      418, 417, 419, -1,
      418, 419, 420, -1,
      420, 419, 421, -1,
      420, 421, 422, -1,
      422, 421, 423, -1,
      371, 369, 421, -1,
      421, 369, 423, -1,
      371, 421, 419, -1,
      371, 419, 373, -1,
      373, 419, 417, -1,
      373, 417, 375, -1,
      375, 417, 415, -1,
      375, 415, 377, -1,
      377, 415, 413, -1,
      377, 413, 379, -1,
      379, 413, 411, -1,
      379, 411, 381, -1,
      381, 411, 409, -1,
      381, 409, 383, -1,
      385, 383, 407, -1,
      407, 383, 409, -1,
      385, 407, 387, -1,
      387, 407, 405, -1,
      387, 405, 389, -1,
      389, 405, 403, -1,
      389, 403, 391, -1,
      391, 403, 401, -1,
      391, 401, 393, -1,
      393, 401, 399, -1,
      393, 399, 395, -1,
      395, 399, 397, -1,
      395, 397, 6, -1,
      6, 397, 3, -1,
      8, 5, 396, -1,
      8, 396, 394, -1,
      394, 396, 398, -1,
      394, 398, 392, -1,
      392, 398, 400, -1,
      392, 400, 390, -1,
      390, 400, 402, -1,
      390, 402, 388, -1,
      388, 402, 404, -1,
      388, 404, 386, -1,
      386, 404, 406, -1,
      386, 406, 384, -1,
      382, 384, 408, -1,
      408, 384, 406, -1,
      382, 408, 380, -1,
      380, 408, 410, -1,
      380, 410, 378, -1,
      378, 410, 412, -1,
      378, 412, 376, -1,
      376, 412, 414, -1,
      376, 414, 374, -1,
      374, 414, 416, -1,
      374, 416, 372, -1,
      372, 416, 418, -1,
      372, 418, 370, -1,
      370, 418, 420, -1,
      368, 370, 422, -1,
      422, 370, 420, -1,
      369, 368, 423, -1,
      423, 368, 422, -1,
      424, 425, 426, -1,
      426, 425, 427, -1,
      426, 427, 428, -1,
      428, 427, 429, -1,
      428, 429, 430, -1,
      430, 429, 431, -1,
      430, 431, 432, -1,
      432, 431, 433, -1,
      432, 433, 434, -1,
      434, 433, 435, -1,
      434, 435, 436, -1,
      436, 435, 437, -1,
      436, 437, 438, -1,
      438, 437, 439, -1,
      438, 439, 440, -1,
      440, 439, 441, -1,
      440, 441, 442, -1,
      442, 441, 443, -1,
      442, 443, 444, -1,
      444, 443, 445, -1,
      444, 445, 446, -1,
      446, 445, 447, -1,
      446, 447, 448, -1,
      448, 447, 449, -1,
      448, 449, 450, -1,
      450, 449, 451, -1,
      450, 451, 4, -1,
      4, 451, 2, -1,
      0, 1, 452, -1,
      452, 1, 453, -1,
      452, 453, 454, -1,
      454, 453, 455, -1,
      454, 455, 456, -1,
      456, 455, 457, -1,
      456, 457, 458, -1,
      458, 457, 459, -1,
      458, 459, 460, -1,
      460, 459, 461, -1,
      460, 461, 462, -1,
      462, 461, 463, -1,
      462, 463, 464, -1,
      464, 463, 465, -1,
      464, 465, 466, -1,
      466, 465, 467, -1,
      466, 467, 468, -1,
      468, 467, 469, -1,
      468, 469, 470, -1,
      470, 469, 471, -1,
      470, 471, 472, -1,
      472, 471, 473, -1,
      472, 473, 474, -1,
      474, 473, 475, -1,
      474, 475, 476, -1,
      476, 475, 477, -1,
      476, 477, 478, -1,
      478, 477, 479, -1,
      427, 425, 477, -1,
      477, 425, 479, -1,
      427, 477, 475, -1,
      427, 475, 429, -1,
      429, 475, 473, -1,
      429, 473, 431, -1,
      431, 473, 471, -1,
      431, 471, 433, -1,
      433, 471, 469, -1,
      433, 469, 435, -1,
      435, 469, 467, -1,
      435, 467, 437, -1,
      437, 467, 465, -1,
      437, 465, 439, -1,
      441, 439, 463, -1,
      463, 439, 465, -1,
      441, 463, 443, -1,
      443, 463, 461, -1,
      443, 461, 445, -1,
      445, 461, 459, -1,
      445, 459, 447, -1,
      447, 459, 457, -1,
      447, 457, 449, -1,
      449, 457, 455, -1,
      449, 455, 451, -1,
      451, 455, 453, -1,
      451, 453, 2, -1,
      2, 453, 1, -1,
      4, 0, 452, -1,
      4, 452, 450, -1,
      450, 452, 454, -1,
      450, 454, 448, -1,
      448, 454, 456, -1,
      448, 456, 446, -1,
      446, 456, 458, -1,
      446, 458, 444, -1,
      444, 458, 460, -1,
      444, 460, 442, -1,
      442, 460, 462, -1,
      442, 462, 440, -1,
      438, 440, 464, -1,
      464, 440, 462, -1,
      438, 464, 436, -1,
      436, 464, 466, -1,
      436, 466, 434, -1,
      434, 466, 468, -1,
      434, 468, 432, -1,
      432, 468, 470, -1,
      432, 470, 430, -1,
      430, 470, 472, -1,
      430, 472, 428, -1,
      428, 472, 474, -1,
      428, 474, 426, -1,
      426, 474, 476, -1,
      424, 426, 478, -1,
      478, 426, 476, -1,
      425, 424, 479, -1,
      479, 424, 478, -1,
    ]
  }
}

Shape {
  appearance Appearance {
    material Material {
      diffuseColor 1.0000 1.0000 1.0000
      specularColor 0.5020 0.5020 0.5020
      ambientIntensity 0.2
      transparency 0.0000
      shininess 0.5
    }
  }
  geometry IndexedFaceSet {
    ccw TRUE
    solid FALSE
    coord DEF co Coordinate {
      point [
        -0.057170 0.533353 0.406228,
        -0.052328 0.533427 0.405806,
        -0.047137 0.526378 0.445783,
        -0.047872 0.526363 0.445866,
        -0.091070 0.526426 0.445509,
        -0.085827 0.529444 0.428393,
        -0.089810 0.529450 0.428365,
        -0.091037 0.527226 0.440974,
        -0.089778 0.530246 0.423850,
        -0.085827 0.527220 0.441011,
        -0.075584 0.527207 0.441082,
        -0.075493 0.529432 0.428465,
        -0.070165 0.533353 0.406228,
        -0.075461 0.530228 0.423950,
        -0.075365 0.532567 0.410687,
        -0.085827 0.530241 0.423877,
        -0.085827 0.532580 0.410614,
        -0.091729 0.532587 0.410572,
        -0.091696 0.533379 0.406078,
        -0.085827 0.533372 0.406119,
        -0.070449 0.526401 0.445654,
        -0.085827 0.526420 0.445546,
        -0.060425 0.526455 0.445349,
        -0.062430 0.526558 0.444762,
        -0.062391 0.527496 0.439441,
        -0.061947 0.527454 0.439681,
        -0.060425 0.532331 0.412024,
        -0.062199 0.532195 0.412794,
        -0.038544 0.530964 0.419776,
        -0.039916 0.531509 0.416680,
        -0.051418 0.527081 0.441794,
        -0.053722 0.532638 0.410282,
        -0.052972 0.527072 0.441845,
        -0.058255 0.532497 0.411082,
        -0.057897 0.527181 0.441231,
        -0.060425 0.527351 0.440263,
        -0.041589 0.531903 0.414450,
        -0.042374 0.532040 0.413675,
        -0.044978 0.532364 0.411836,
        -0.047823 0.532559 0.410731,
        -0.051844 0.532648 0.410226,
        -0.042032 0.527830 0.437547,
        -0.039821 0.528357 0.434561,
        -0.044772 0.527443 0.439744,
        -0.047931 0.527194 0.441157,
        -0.038450 0.528954 0.431174,
        -0.037741 0.529915 0.425725,
        -0.037822 0.530295 0.423569,
        -0.052954 0.526262 0.446441,
        -0.052990 0.526262 0.446441,
        -0.058223 0.526341 0.445993,
        -0.058659 0.526363 0.445866,
        -0.035277 0.527922 0.437024,
        -0.038207 0.527268 0.440739,
        -0.039182 0.527108 0.441644,
        -0.042946 0.526656 0.444208,
        -0.033344 0.528693 0.432658,
        -0.033828 0.528500 0.433749,
        -0.033828 0.531444 0.417052,
        -0.033068 0.531101 0.418997,
        -0.032315 0.529961 0.425460,
        -0.032400 0.529599 0.427517,
        -0.048648 0.533424 0.405826,
        -0.044316 0.533263 0.406735,
        -0.040550 0.532949 0.408517,
        -0.037349 0.532481 0.411174,
        -0.034675 0.531827 0.414880,
        -0.051065 0.533446 0.405696,
        -0.049008 0.533427 0.405806,
        -0.062164 0.533055 0.407917,
        -0.061479 0.533113 0.407586,
        -0.060425 0.533172 0.407254,
        -0.014880 0.526363 0.445866,
        -0.014629 0.532492 0.411111,
        -0.030573 0.532511 0.411000,
        -0.030541 0.533304 0.406505,
        -0.009429 0.533278 0.406652,
        -0.014881 0.526332 0.446042,
        -0.009713 0.526326 0.446078,
        -0.009711 0.526363 0.445866,
        -0.131861 0.530306 0.423509,
        -0.130859 0.531119 0.418899,
        -0.129905 0.528237 0.435243,
        -0.131364 0.528901 0.431477,
        -0.131999 0.529864 0.426014,
        -0.128859 0.531835 0.414834,
        -0.125855 0.532448 0.411362,
        -0.121680 0.532960 0.408453,
        -0.110964 0.526451 0.445370,
        -0.117071 0.526576 0.444663,
        -0.121890 0.526888 0.442892,
        -0.117109 0.533265 0.406724,
        -0.110270 0.533402 0.405948,
        -0.099259 0.533389 0.406025,
        -0.099543 0.526437 0.445450,
        -0.126062 0.527390 0.440044,
        -0.127447 0.527628 0.438693,
        -0.030573 0.532550 0.411006,
        -0.030541 0.533343 0.406511,
        -0.014629 0.532530 0.411118,
        -0.014881 0.526371 0.446048,
        -0.009713 0.526365 0.446085,
        -0.009429 0.533317 0.406659,
        -0.062164 0.533094 0.407923,
        -0.061479 0.533152 0.407593,
        -0.051065 0.533485 0.405703,
        -0.057170 0.533391 0.406235,
        -0.062199 0.532233 0.412801,
        -0.058255 0.532535 0.411089,
        -0.053722 0.532676 0.410289,
        -0.051844 0.532687 0.410233,
        -0.047823 0.532597 0.410738,
        -0.044978 0.532403 0.411843,
        -0.042374 0.532078 0.413682,
        -0.041589 0.531942 0.414457,
        -0.039916 0.531548 0.416687,
        -0.038544 0.531003 0.419783,
        -0.037822 0.530334 0.423575,
        -0.037741 0.529954 0.425731,
        -0.038450 0.528993 0.431181,
        -0.039821 0.528396 0.434568,
        -0.042032 0.527869 0.437554,
        -0.044772 0.527482 0.439750,
        -0.047931 0.527232 0.441165,
        -0.051418 0.527120 0.441801,
        -0.052972 0.527111 0.441852,
        -0.062391 0.527535 0.439448,
        -0.061947 0.527493 0.439688,
        -0.057897 0.527220 0.441238,
        -0.062430 0.526597 0.444769,
        -0.058223 0.526380 0.446000,
        -0.052990 0.526301 0.446448,
        -0.052954 0.526301 0.446448,
        -0.047137 0.526417 0.445789,
        -0.042946 0.526694 0.444215,
        -0.039182 0.527147 0.441650,
        -0.038207 0.527306 0.440745,
        -0.035277 0.527961 0.437031,
        -0.033344 0.528731 0.432665,
        -0.032400 0.529638 0.427524,
        -0.032315 0.530000 0.425467,
        -0.037349 0.532519 0.411181,
        -0.034675 0.531866 0.414887,
        -0.033068 0.531140 0.419004,
        -0.048648 0.533463 0.405832,
        -0.044316 0.533302 0.406743,
        -0.040550 0.532988 0.408523,
        -0.091729 0.532626 0.410579,
        -0.091696 0.533418 0.406084,
        -0.075365 0.532605 0.410694,
        -0.075461 0.530267 0.423956,
        -0.089778 0.530284 0.423856,
        -0.089810 0.529488 0.428371,
        -0.075493 0.529470 0.428471,
        -0.075584 0.527246 0.441089,
        -0.091037 0.527265 0.440981,
        -0.091070 0.526465 0.445517,
        -0.070449 0.526440 0.445660,
        -0.070165 0.533391 0.406235,
        -0.123977 0.531574 0.416543,
        -0.122204 0.531938 0.414478,
        -0.125855 0.532486 0.411369,
        -0.121759 0.532009 0.414075,
        -0.121680 0.532999 0.408460,
        -0.119171 0.532319 0.412320,
        -0.117109 0.533304 0.406731,
        -0.115867 0.532538 0.411074,
        -0.110270 0.533441 0.405955,
        -0.110272 0.532648 0.410450,
        -0.099259 0.533427 0.406031,
        -0.104459 0.532641 0.410490,
        -0.099543 0.526476 0.445457,
        -0.104678 0.527281 0.440886,
        -0.110964 0.526489 0.445378,
        -0.110726 0.527289 0.440844,
        -0.117071 0.526614 0.444670,
        -0.115869 0.527394 0.440249,
        -0.121890 0.526927 0.442898,
        -0.119334 0.527615 0.438993,
        -0.126062 0.527429 0.440051,
        -0.122254 0.527957 0.437054,
        -0.127447 0.527667 0.438699,
        -0.123341 0.528145 0.435987,
        -0.129905 0.528276 0.435250,
        -0.124881 0.528536 0.433773,
        -0.131364 0.528939 0.431484,
        -0.125995 0.529043 0.430897,
        -0.131999 0.529903 0.426020,
        -0.126564 0.529921 0.425918,
        -0.131861 0.530344 0.423516,
        -0.126341 0.530458 0.422870,
        -0.130859 0.531157 0.418906,
        -0.125456 0.531072 0.419386,
        -0.128859 0.531874 0.414841,
        -0.110726 0.527250 0.440837,
        -0.104678 0.527243 0.440879,
        -0.104459 0.532602 0.410483,
        -0.110272 0.532609 0.410443,
        -0.122204 0.531899 0.414472,
        -0.121759 0.531970 0.414069,
        -0.119171 0.532280 0.412314,
        -0.115867 0.532499 0.411068,
        -0.126564 0.529882 0.425911,
        -0.126341 0.530419 0.422863,
        -0.125456 0.531034 0.419379,
        -0.123977 0.531535 0.416536,
        -0.122254 0.527919 0.437047,
        -0.123341 0.528107 0.435980,
        -0.124881 0.528497 0.433766,
        -0.125995 0.529004 0.430890,
        -0.115869 0.527355 0.440243,
        -0.119334 0.527576 0.438986,
      ]
    }
    coordIndex [
      97, 98, 74, -1,
      74, 98, 75, -1,
      99, 97, 73, -1,
      73, 97, 74, -1,
      77, 100, 72, -1,
      72, 100, 99, -1,
      72, 99, 73, -1,
      101, 100, 78, -1,
      78, 100, 77, -1,
      76, 102, 79, -1,
      79, 102, 101, -1,
      79, 101, 78, -1,
      98, 102, 75, -1,
      75, 102, 76, -1,
      100, 101, 99, -1,
      99, 101, 102, -1,
      99, 102, 97, -1,
      97, 102, 98, -1,
      69, 103, 104, -1,
      105, 67, 1, -1,
      105, 1, 106, -1,
      1, 0, 106, -1,
      106, 0, 71, -1,
      106, 71, 104, -1,
      104, 71, 70, -1,
      104, 70, 69, -1,
      107, 103, 27, -1,
      27, 103, 69, -1,
      107, 27, 26, -1,
      107, 26, 108, -1,
      26, 33, 108, -1,
      108, 33, 31, -1,
      108, 31, 109, -1,
      109, 31, 40, -1,
      109, 40, 110, -1,
      110, 40, 39, -1,
      110, 39, 111, -1,
      111, 39, 38, -1,
      111, 38, 112, -1,
      112, 38, 37, -1,
      112, 37, 113, -1,
      113, 37, 36, -1,
      113, 36, 114, -1,
      114, 36, 29, -1,
      114, 29, 115, -1,
      115, 29, 28, -1,
      115, 28, 116, -1,
      116, 28, 47, -1,
      116, 47, 117, -1,
      117, 47, 46, -1,
      117, 46, 118, -1,
      118, 46, 45, -1,
      118, 45, 119, -1,
      119, 45, 42, -1,
      119, 42, 120, -1,
      120, 42, 41, -1,
      120, 41, 121, -1,
      121, 41, 43, -1,
      121, 43, 122, -1,
      122, 43, 44, -1,
      122, 44, 123, -1,
      123, 44, 30, -1,
      123, 30, 124, -1,
      124, 30, 32, -1,
      124, 32, 125, -1,
      24, 126, 127, -1,
      125, 32, 34, -1,
      125, 34, 128, -1,
      128, 34, 35, -1,
      128, 35, 127, -1,
      127, 35, 25, -1,
      127, 25, 24, -1,
      129, 126, 23, -1,
      23, 126, 24, -1,
      51, 130, 22, -1,
      22, 130, 129, -1,
      22, 129, 23, -1,
      51, 50, 130, -1,
      130, 50, 49, -1,
      130, 49, 131, -1,
      131, 49, 48, -1,
      131, 48, 132, -1,
      133, 132, 3, -1,
      3, 132, 48, -1,
      3, 2, 133, -1,
      133, 2, 55, -1,
      133, 55, 134, -1,
      134, 55, 54, -1,
      134, 54, 135, -1,
      135, 54, 53, -1,
      135, 53, 136, -1,
      136, 53, 52, -1,
      136, 52, 137, -1,
      137, 52, 57, -1,
      137, 57, 138, -1,
      57, 56, 138, -1,
      138, 56, 61, -1,
      138, 61, 139, -1,
      139, 61, 60, -1,
      139, 60, 140, -1,
      65, 141, 142, -1,
      140, 60, 59, -1,
      140, 59, 143, -1,
      143, 59, 58, -1,
      143, 58, 142, -1,
      142, 58, 66, -1,
      142, 66, 65, -1,
      67, 105, 68, -1,
      68, 105, 144, -1,
      68, 144, 62, -1,
      62, 144, 145, -1,
      62, 145, 63, -1,
      63, 145, 146, -1,
      63, 146, 64, -1,
      64, 146, 141, -1,
      64, 141, 65, -1,
      127, 126, 129, -1,
      122, 135, 121, -1,
      121, 135, 136, -1,
      121, 136, 120, -1,
      120, 136, 137, -1,
      120, 137, 119, -1,
      140, 118, 139, -1,
      139, 118, 119, -1,
      139, 119, 138, -1,
      138, 119, 137, -1,
      127, 129, 128, -1,
      128, 129, 130, -1,
      128, 130, 125, -1,
      125, 130, 131, -1,
      125, 131, 124, -1,
      124, 131, 132, -1,
      124, 132, 123, -1,
      123, 132, 133, -1,
      123, 133, 122, -1,
      122, 133, 134, -1,
      122, 134, 135, -1,
      103, 107, 104, -1,
      104, 107, 108, -1,
      104, 108, 106, -1,
      106, 108, 109, -1,
      106, 109, 105, -1,
      105, 109, 110, -1,
      105, 110, 144, -1,
      144, 110, 111, -1,
      144, 111, 145, -1,
      145, 111, 112, -1,
      145, 112, 146, -1,
      146, 112, 113, -1,
      146, 113, 141, -1,
      141, 113, 114, -1,
      141, 114, 142, -1,
      142, 114, 115, -1,
      142, 115, 143, -1,
      143, 115, 116, -1,
      143, 116, 140, -1,
      140, 116, 117, -1,
      140, 117, 118, -1,
      147, 148, 17, -1,
      17, 148, 18, -1,
      14, 149, 16, -1,
      16, 149, 147, -1,
      16, 147, 17, -1,
      150, 149, 13, -1,
      13, 149, 14, -1,
      8, 151, 15, -1,
      15, 151, 150, -1,
      15, 150, 13, -1,
      152, 151, 6, -1,
      6, 151, 8, -1,
      11, 153, 5, -1,
      5, 153, 152, -1,
      5, 152, 6, -1,
      154, 153, 10, -1,
      10, 153, 11, -1,
      7, 155, 9, -1,
      9, 155, 154, -1,
      9, 154, 10, -1,
      156, 155, 4, -1,
      4, 155, 7, -1,
      20, 157, 21, -1,
      21, 157, 156, -1,
      21, 156, 4, -1,
      158, 157, 12, -1,
      12, 157, 20, -1,
      18, 148, 19, -1,
      19, 148, 158, -1,
      19, 158, 12, -1,
      158, 148, 147, -1,
      147, 149, 158, -1,
      158, 149, 150, -1,
      158, 150, 157, -1,
      155, 156, 154, -1,
      154, 156, 157, -1,
      154, 157, 153, -1,
      153, 157, 150, -1,
      153, 150, 152, -1,
      152, 150, 151, -1,
      159, 160, 161, -1,
      161, 160, 162, -1,
      161, 162, 163, -1,
      163, 162, 164, -1,
      163, 164, 165, -1,
      165, 164, 166, -1,
      165, 166, 167, -1,
      167, 166, 168, -1,
      167, 168, 169, -1,
      169, 168, 170, -1,
      169, 170, 171, -1,
      171, 170, 172, -1,
      171, 172, 173, -1,
      173, 172, 174, -1,
      173, 174, 175, -1,
      175, 174, 176, -1,
      175, 176, 177, -1,
      177, 176, 178, -1,
      177, 178, 179, -1,
      179, 178, 180, -1,
      179, 180, 181, -1,
      181, 180, 182, -1,
      181, 182, 183, -1,
      183, 182, 184, -1,
      183, 184, 185, -1,
      185, 184, 186, -1,
      185, 186, 187, -1,
      187, 186, 188, -1,
      187, 188, 189, -1,
      189, 188, 190, -1,
      189, 190, 191, -1,
      191, 190, 192, -1,
      191, 192, 193, -1,
      193, 192, 159, -1,
      193, 159, 161, -1,
      167, 169, 92, -1,
      92, 169, 93, -1,
      167, 92, 91, -1,
      167, 91, 165, -1,
      165, 91, 87, -1,
      165, 87, 163, -1,
      163, 87, 86, -1,
      163, 86, 161, -1,
      161, 86, 85, -1,
      161, 85, 193, -1,
      193, 85, 81, -1,
      193, 81, 191, -1,
      191, 81, 80, -1,
      191, 80, 189, -1,
      189, 80, 84, -1,
      189, 84, 187, -1,
      187, 84, 83, -1,
      187, 83, 185, -1,
      185, 83, 82, -1,
      185, 82, 183, -1,
      183, 82, 96, -1,
      183, 96, 181, -1,
      181, 96, 95, -1,
      181, 95, 179, -1,
      179, 95, 90, -1,
      179, 90, 177, -1,
      177, 90, 89, -1,
      177, 89, 175, -1,
      175, 89, 88, -1,
      175, 88, 173, -1,
      171, 173, 94, -1,
      94, 173, 88, -1,
      169, 171, 93, -1,
      93, 171, 94, -1,
      174, 172, 194, -1,
      194, 172, 195, -1,
      172, 170, 195, -1,
      195, 170, 196, -1,
      170, 168, 196, -1,
      196, 168, 197, -1,
      160, 198, 199, -1,
      160, 199, 162, -1,
      162, 199, 200, -1,
      162, 200, 164, -1,
      164, 200, 201, -1,
      164, 201, 166, -1,
      166, 201, 197, -1,
      166, 197, 168, -1,
      188, 202, 203, -1,
      188, 203, 190, -1,
      190, 203, 204, -1,
      190, 204, 192, -1,
      192, 204, 205, -1,
      192, 205, 159, -1,
      159, 205, 198, -1,
      159, 198, 160, -1,
      180, 206, 207, -1,
      180, 207, 182, -1,
      182, 207, 208, -1,
      182, 208, 184, -1,
      184, 208, 209, -1,
      184, 209, 186, -1,
      186, 209, 202, -1,
      186, 202, 188, -1,
      174, 194, 210, -1,
      174, 210, 176, -1,
      176, 210, 211, -1,
      176, 211, 178, -1,
      178, 211, 206, -1,
      178, 206, 180, -1,
    ]
  }
}

Shape {
  appearance Appearance {
    material Material {
      diffuseColor 0.2235 0.2235 0.2235
      specularColor 0.1137 0.1137 0.1137
      ambientIntensity 0.2
      transparency 0.0000
      shininess 0.5
    }
  }
  geometry IndexedFaceSet {
    ccw TRUE
    solid FALSE
    coord DEF co Coordinate {
      point [
        -0.110726 0.527250 0.440837,
        -0.104678 0.527243 0.440879,
        -0.104459 0.532602 0.410483,
        -0.110272 0.532609 0.410443,
        -0.122204 0.531899 0.414472,
        -0.121759 0.531970 0.414069,
        -0.119171 0.532280 0.412314,
        -0.115867 0.532499 0.411068,
        -0.126564 0.529882 0.425911,
        -0.126341 0.530419 0.422863,
        -0.125456 0.531034 0.419379,
        -0.123977 0.531535 0.416536,
        -0.122254 0.527919 0.437047,
        -0.123341 0.528107 0.435980,
        -0.124881 0.528497 0.433766,
        -0.125995 0.529004 0.430890,
        -0.115869 0.527355 0.440243,
        -0.119334 0.527576 0.438986,
      ]
    }
    coordIndex [
      5, 4, 0, -1,
      1, 2, 0, -1,
      0, 2, 3, -1,
      3, 7, 0, -1,
      0, 7, 6, -1,
      0, 6, 5, -1,
      4, 11, 0, -1,
      0, 11, 10, -1,
      0, 10, 9, -1,
      9, 8, 0, -1,
      0, 8, 15, -1,
      0, 15, 14, -1,
      14, 13, 0, -1,
      0, 13, 12, -1,
      0, 12, 16, -1,
      16, 12, 17, -1,
    ]
  }
}

Shape {
  appearance Appearance {
    material Material {
      diffuseColor 1.0000 1.0000 1.0000
      specularColor 0.5020 0.5020 0.5020
      ambientIntensity 0.2
      transparency 0.0000
      shininess 0.5
    }
  }
  geometry IndexedFaceSet {
    ccw TRUE
    solid FALSE
    coord DEF co Coordinate {
      point [
        -0.149606 0.526498 0.445101,
        -0.155132 0.526505 0.445062,
        -0.134074 0.533431 0.405781,
        -0.134083 0.533427 0.405806,
        -0.145178 0.528475 0.433892,
        -0.139784 0.533439 0.405742,
        -0.139808 0.533427 0.405806,
        -0.145178 0.531544 0.416488,
        -0.143710 0.531542 0.416498,
        -0.160380 0.531562 0.416382,
        -0.164298 0.533427 0.405806,
        -0.164386 0.533469 0.405570,
        -0.170096 0.533476 0.405530,
        -0.169991 0.533427 0.405806,
        -0.145379 0.530797 0.420948,
        -0.151484 0.527915 0.437294,
        -0.149606 0.526537 0.445107,
        -0.134074 0.533470 0.405789,
        -0.139784 0.533477 0.405748,
        -0.143710 0.531580 0.416505,
        -0.151839 0.527708 0.438468,
        -0.152159 0.527429 0.440050,
        -0.155132 0.526544 0.445069,
        -0.152281 0.527429 0.440050,
        -0.152593 0.527724 0.438379,
        -0.152886 0.527917 0.437284,
        -0.158816 0.530814 0.420854,
        -0.170096 0.533515 0.405537,
        -0.164386 0.533507 0.405577,
        -0.160380 0.531601 0.416389,
        -0.145379 0.530758 0.420941,
        -0.158816 0.530775 0.420848,
        -0.152886 0.527878 0.437277,
        -0.152281 0.527390 0.440043,
        -0.152593 0.527685 0.438372,
        -0.152159 0.527390 0.440043,
        -0.151484 0.527876 0.437287,
        -0.151839 0.527669 0.438461,
      ]
    }
    coordIndex [
      14, 15, 16, -1,
      17, 18, 19, -1,
      15, 20, 16, -1,
      16, 20, 21, -1,
      16, 21, 22, -1,
      22, 21, 23, -1,
      22, 23, 24, -1,
      24, 25, 22, -1,
      22, 25, 26, -1,
      22, 26, 27, -1,
      28, 27, 29, -1,
      29, 27, 26, -1,
      29, 26, 19, -1,
      19, 26, 14, -1,
      19, 14, 17, -1,
      17, 14, 16, -1,
      1, 22, 13, -1,
      13, 22, 27, -1,
      13, 27, 12, -1,
      16, 22, 0, -1,
      0, 22, 1, -1,
      3, 2, 17, -1,
      3, 17, 4, -1,
      4, 17, 16, -1,
      4, 16, 0, -1,
      18, 17, 5, -1,
      5, 17, 2, -1,
      8, 19, 6, -1,
      6, 19, 18, -1,
      6, 18, 5, -1,
      9, 29, 7, -1,
      7, 29, 19, -1,
      7, 19, 8, -1,
      11, 28, 10, -1,
      10, 28, 29, -1,
      10, 29, 9, -1,
      27, 28, 12, -1,
      12, 28, 11, -1,
      14, 26, 30, -1,
      30, 26, 31, -1,
      26, 25, 31, -1,
      31, 25, 32, -1,
      23, 33, 34, -1,
      23, 34, 24, -1,
      24, 34, 32, -1,
      24, 32, 25, -1,
      23, 21, 33, -1,
      33, 21, 35, -1,
      15, 36, 37, -1,
      15, 37, 20, -1,
      20, 37, 35, -1,
      20, 35, 21, -1,
      15, 14, 36, -1,
      36, 14, 30, -1,
    ]
  }
}

Shape {
  appearance Appearance {
    material Material {
      diffuseColor 0.2235 0.2235 0.2235
      specularColor 0.1137 0.1137 0.1137
      ambientIntensity 0.2
      transparency 0.0000
      shininess 0.5
    }
  }
  geometry IndexedFaceSet {
    ccw TRUE
    solid FALSE
    coord DEF co Coordinate {
      point [
        -0.145379 0.530758 0.420941,
        -0.158816 0.530775 0.420848,
        -0.152886 0.527878 0.437277,
        -0.152281 0.527390 0.440043,
        -0.152593 0.527685 0.438372,
        -0.152159 0.527390 0.440043,
        -0.151484 0.527876 0.437287,
        -0.151839 0.527669 0.438461,
      ]
    }
    coordIndex [
      3, 5, 4, -1,
      4, 5, 7, -1,
      4, 7, 2, -1,
      2, 7, 6, -1,
      2, 6, 1, -1,
      1, 6, 0, -1,
    ]
  }
}

Shape {
  appearance Appearance {
    material Material {
      diffuseColor 1.0000 1.0000 1.0000
      specularColor 0.5020 0.5020 0.5020
      ambientIntensity 0.2
      transparency 0.0000
      shininess 0.5
    }
  }
  geometry IndexedFaceSet {
    ccw TRUE
    solid FALSE
    coord DEF co Coordinate {
      point [
        -0.014274 0.541181 0.361829,
        -0.014179 0.543520 0.348566,
        -0.028591 0.541199 0.361729,
        -0.030542 0.543540 0.348452,
        -0.028624 0.540403 0.366244,
        -0.029850 0.538180 0.378854,
        -0.014307 0.540385 0.366344,
        -0.014398 0.538161 0.378962,
        -0.029876 0.537557 0.382381,
        -0.029881 0.537423 0.383146,
        -0.029883 0.537380 0.383389,
        -0.009262 0.537354 0.383533,
        -0.009259 0.537423 0.383146,
        -0.030510 0.544333 0.343957,
        -0.008978 0.544306 0.344107,
        -0.009254 0.537557 0.382381,
        -0.057952 0.540438 0.366047,
        -0.058414 0.541172 0.361883,
        -0.058284 0.544367 0.343763,
        -0.053269 0.544361 0.343798,
        -0.038257 0.540571 0.365290,
        -0.038292 0.539725 0.370087,
        -0.049366 0.540016 0.368441,
        -0.047656 0.539982 0.368631,
        -0.044917 0.541400 0.360587,
        -0.037264 0.542007 0.357144,
        -0.038736 0.541774 0.358470,
        -0.040753 0.541583 0.359552,
        -0.041736 0.540198 0.367409,
        -0.044885 0.540025 0.368388,
        -0.048155 0.539276 0.372639,
        -0.043052 0.539377 0.372063,
        -0.039316 0.539624 0.370662,
        -0.051647 0.539345 0.372244,
        -0.053643 0.539470 0.371538,
        -0.055225 0.539647 0.370532,
        -0.056090 0.539794 0.369697,
        -0.057141 0.540064 0.368166,
        -0.039457 0.544275 0.344286,
        -0.037777 0.544068 0.345458,
        -0.037316 0.543987 0.345916,
        -0.036262 0.543725 0.347405,
        -0.053398 0.541205 0.361697,
        -0.053243 0.540822 0.363865,
        -0.052738 0.540511 0.365633,
        -0.052157 0.540330 0.366657,
        -0.046987 0.544419 0.343465,
        -0.044372 0.544467 0.343195,
        -0.041374 0.544403 0.343559,
        -0.035637 0.543436 0.349043,
        -0.035364 0.543009 0.351462,
        -0.035606 0.542608 0.353738,
        -0.036222 0.542289 0.355546,
        -0.051407 0.540189 0.367458,
        -0.050522 0.540088 0.368031,
        -0.053301 0.543593 0.348152,
        -0.053168 0.543593 0.348153,
        -0.052325 0.543811 0.346919,
        -0.050723 0.544101 0.345270,
        -0.049020 0.544294 0.344179,
        -0.030542 0.543579 0.348459,
        -0.030510 0.544372 0.343964,
        -0.014179 0.543559 0.348573,
        -0.014274 0.541220 0.361836,
        -0.028591 0.541238 0.361736,
        -0.028624 0.540442 0.366251,
        -0.014307 0.540424 0.366351,
        -0.014398 0.538199 0.378969,
        -0.029850 0.538218 0.378861,
        -0.029883 0.537419 0.383396,
        -0.009262 0.537393 0.383540,
        -0.008978 0.544345 0.344114,
        -0.053269 0.544400 0.343805,
        -0.058284 0.544406 0.343770,
        -0.053301 0.543632 0.348159,
        -0.058414 0.541211 0.361890,
        -0.053168 0.543631 0.348159,
        -0.050531 0.543500 0.348906,
        -0.052325 0.543849 0.346926,
        -0.049108 0.543665 0.347973,
        -0.043512 0.542183 0.356378,
        -0.046672 0.542056 0.357094,
        -0.053371 0.541908 0.357934,
        -0.053352 0.542384 0.355233,
        -0.053344 0.542442 0.354906,
        -0.053006 0.542830 0.352705,
        -0.052257 0.543140 0.350948,
        -0.051161 0.543394 0.349504,
        -0.051647 0.539384 0.372250,
        -0.050522 0.540127 0.368038,
        -0.053643 0.539508 0.371544,
        -0.051407 0.540228 0.367465,
        -0.042379 0.542279 0.355831,
        -0.053398 0.541244 0.361704,
        -0.053243 0.540861 0.363871,
        -0.057952 0.540476 0.366054,
        -0.052738 0.540549 0.365640,
        -0.057141 0.540103 0.368173,
        -0.052157 0.540369 0.366664,
        -0.056090 0.539833 0.369704,
        -0.055225 0.539685 0.370539,
        -0.038292 0.539764 0.370094,
        -0.038257 0.540610 0.365296,
        -0.039316 0.539663 0.370669,
        -0.041736 0.540236 0.367416,
        -0.043052 0.539416 0.372069,
        -0.044885 0.540064 0.368395,
        -0.048155 0.539314 0.372645,
        -0.047656 0.540021 0.368637,
        -0.049366 0.540054 0.368448,
        -0.041459 0.543489 0.348966,
        -0.037777 0.544107 0.345465,
        -0.041882 0.543565 0.348541,
        -0.039457 0.544313 0.344293,
        -0.042877 0.543684 0.347862,
        -0.041374 0.544442 0.343566,
        -0.044008 0.543758 0.347444,
        -0.044372 0.544506 0.343202,
        -0.045700 0.543793 0.347244,
        -0.046987 0.544458 0.343472,
        -0.047583 0.543759 0.347439,
        -0.049020 0.544332 0.344186,
        -0.050723 0.544140 0.345277,
        -0.044917 0.541439 0.360594,
        -0.040753 0.541622 0.359559,
        -0.041809 0.542356 0.355395,
        -0.038736 0.541813 0.358477,
        -0.041203 0.542484 0.354667,
        -0.037264 0.542046 0.357151,
        -0.040757 0.542646 0.353749,
        -0.036222 0.542328 0.355553,
        -0.040501 0.542845 0.352620,
        -0.035606 0.542647 0.353745,
        -0.040453 0.542983 0.351836,
        -0.035364 0.543048 0.351469,
        -0.040572 0.543183 0.350702,
        -0.035637 0.543475 0.349050,
        -0.040895 0.543342 0.349802,
        -0.036262 0.543764 0.347412,
        -0.037316 0.544026 0.345923,
        -0.041809 0.542317 0.355388,
        -0.042379 0.542240 0.355824,
        -0.043512 0.542144 0.356372,
        -0.046672 0.542017 0.357087,
        -0.040453 0.542944 0.351830,
        -0.040501 0.542806 0.352613,
        -0.040757 0.542607 0.353742,
        -0.041203 0.542446 0.354660,
        -0.041882 0.543526 0.348534,
        -0.041459 0.543451 0.348959,
        -0.040895 0.543303 0.349795,
        -0.040572 0.543144 0.350695,
        -0.045700 0.543754 0.347237,
        -0.044008 0.543719 0.347437,
        -0.042877 0.543645 0.347855,
        -0.051161 0.543356 0.349497,
        -0.050531 0.543461 0.348899,
        -0.049108 0.543626 0.347967,
        -0.047583 0.543720 0.347432,
        -0.053352 0.542346 0.355227,
        -0.053344 0.542404 0.354899,
        -0.053006 0.542791 0.352698,
        -0.052257 0.543101 0.350941,
        -0.053371 0.541869 0.357928,
      ]
    }
    coordIndex [
      60, 61, 3, -1,
      3, 61, 13, -1,
      62, 60, 1, -1,
      1, 60, 3, -1,
      63, 62, 0, -1,
      0, 62, 1, -1,
      64, 63, 2, -1,
      2, 63, 0, -1,
      65, 64, 4, -1,
      4, 64, 2, -1,
      66, 65, 6, -1,
      6, 65, 4, -1,
      67, 66, 7, -1,
      7, 66, 6, -1,
      68, 67, 5, -1,
      5, 67, 7, -1,
      68, 5, 8, -1,
      68, 8, 69, -1,
      69, 8, 9, -1,
      69, 9, 10, -1,
      70, 69, 11, -1,
      11, 69, 10, -1,
      14, 71, 15, -1,
      15, 71, 70, -1,
      15, 70, 12, -1,
      12, 70, 11, -1,
      61, 71, 13, -1,
      13, 71, 14, -1,
      71, 61, 60, -1,
      60, 62, 71, -1,
      71, 62, 63, -1,
      71, 63, 70, -1,
      68, 69, 67, -1,
      67, 69, 70, -1,
      67, 70, 66, -1,
      66, 70, 63, -1,
      66, 63, 65, -1,
      65, 63, 64, -1,
      72, 73, 74, -1,
      74, 73, 75, -1,
      76, 77, 78, -1,
      78, 77, 79, -1,
      80, 81, 75, -1,
      75, 81, 82, -1,
      75, 82, 83, -1,
      83, 84, 75, -1,
      75, 84, 85, -1,
      75, 85, 74, -1,
      74, 85, 86, -1,
      74, 86, 76, -1,
      76, 86, 87, -1,
      76, 87, 77, -1,
      88, 89, 90, -1,
      90, 89, 91, -1,
      92, 80, 93, -1,
      93, 80, 75, -1,
      93, 75, 94, -1,
      94, 75, 95, -1,
      94, 95, 96, -1,
      96, 95, 97, -1,
      96, 97, 98, -1,
      98, 97, 99, -1,
      98, 99, 91, -1,
      91, 99, 100, -1,
      91, 100, 90, -1,
      101, 102, 103, -1,
      103, 102, 104, -1,
      103, 104, 105, -1,
      105, 104, 106, -1,
      105, 106, 107, -1,
      107, 106, 108, -1,
      107, 108, 88, -1,
      88, 108, 109, -1,
      88, 109, 89, -1,
      110, 111, 112, -1,
      112, 111, 113, -1,
      112, 113, 114, -1,
      114, 113, 115, -1,
      114, 115, 116, -1,
      116, 115, 117, -1,
      116, 117, 118, -1,
      118, 117, 119, -1,
      118, 119, 120, -1,
      120, 119, 121, -1,
      120, 121, 79, -1,
      79, 121, 122, -1,
      79, 122, 78, -1,
      93, 123, 92, -1,
      92, 123, 124, -1,
      92, 124, 125, -1,
      125, 124, 126, -1,
      125, 126, 127, -1,
      127, 126, 128, -1,
      127, 128, 129, -1,
      129, 128, 130, -1,
      129, 130, 131, -1,
      131, 130, 132, -1,
      131, 132, 133, -1,
      133, 132, 134, -1,
      133, 134, 135, -1,
      135, 134, 136, -1,
      135, 136, 137, -1,
      137, 136, 138, -1,
      137, 138, 110, -1,
      110, 138, 139, -1,
      110, 139, 111, -1,
      107, 30, 31, -1,
      107, 31, 105, -1,
      105, 31, 32, -1,
      105, 32, 103, -1,
      103, 32, 21, -1,
      103, 21, 101, -1,
      102, 101, 20, -1,
      20, 101, 21, -1,
      102, 20, 28, -1,
      102, 28, 104, -1,
      104, 28, 29, -1,
      104, 29, 106, -1,
      106, 29, 23, -1,
      106, 23, 108, -1,
      108, 23, 22, -1,
      108, 22, 109, -1,
      109, 22, 54, -1,
      109, 54, 89, -1,
      89, 54, 53, -1,
      89, 53, 91, -1,
      91, 53, 45, -1,
      91, 45, 98, -1,
      98, 45, 44, -1,
      98, 44, 96, -1,
      96, 44, 43, -1,
      96, 43, 94, -1,
      94, 43, 42, -1,
      94, 42, 93, -1,
      123, 93, 24, -1,
      24, 93, 42, -1,
      123, 24, 27, -1,
      123, 27, 124, -1,
      124, 27, 26, -1,
      124, 26, 126, -1,
      126, 26, 25, -1,
      126, 25, 128, -1,
      128, 25, 52, -1,
      128, 52, 130, -1,
      130, 52, 51, -1,
      130, 51, 132, -1,
      132, 51, 50, -1,
      132, 50, 134, -1,
      134, 50, 49, -1,
      134, 49, 136, -1,
      136, 49, 41, -1,
      136, 41, 138, -1,
      138, 41, 40, -1,
      138, 40, 139, -1,
      139, 40, 39, -1,
      139, 39, 111, -1,
      111, 39, 38, -1,
      111, 38, 113, -1,
      113, 38, 48, -1,
      113, 48, 115, -1,
      115, 48, 47, -1,
      115, 47, 117, -1,
      117, 47, 46, -1,
      117, 46, 119, -1,
      119, 46, 59, -1,
      119, 59, 121, -1,
      121, 59, 58, -1,
      121, 58, 122, -1,
      122, 58, 57, -1,
      122, 57, 78, -1,
      78, 57, 56, -1,
      78, 56, 76, -1,
      74, 76, 55, -1,
      55, 76, 56, -1,
      72, 74, 19, -1,
      19, 74, 55, -1,
      73, 72, 18, -1,
      18, 72, 19, -1,
      75, 73, 17, -1,
      17, 73, 18, -1,
      75, 17, 16, -1,
      75, 16, 95, -1,
      95, 16, 37, -1,
      95, 37, 97, -1,
      97, 37, 36, -1,
      97, 36, 99, -1,
      99, 36, 35, -1,
      99, 35, 100, -1,
      100, 35, 34, -1,
      100, 34, 90, -1,
      90, 34, 33, -1,
      90, 33, 88, -1,
      88, 33, 30, -1,
      88, 30, 107, -1,
      125, 140, 141, -1,
      125, 141, 92, -1,
      92, 141, 142, -1,
      92, 142, 80, -1,
      80, 142, 143, -1,
      80, 143, 81, -1,
      133, 144, 145, -1,
      133, 145, 131, -1,
      131, 145, 146, -1,
      131, 146, 129, -1,
      129, 146, 147, -1,
      129, 147, 127, -1,
      127, 147, 140, -1,
      127, 140, 125, -1,
      112, 148, 149, -1,
      112, 149, 110, -1,
      110, 149, 150, -1,
      110, 150, 137, -1,
      137, 150, 151, -1,
      137, 151, 135, -1,
      135, 151, 144, -1,
      135, 144, 133, -1,
      118, 152, 153, -1,
      118, 153, 116, -1,
      116, 153, 154, -1,
      116, 154, 114, -1,
      114, 154, 148, -1,
      114, 148, 112, -1,
      87, 155, 156, -1,
      87, 156, 77, -1,
      77, 156, 157, -1,
      77, 157, 79, -1,
      79, 157, 158, -1,
      79, 158, 120, -1,
      120, 158, 152, -1,
      120, 152, 118, -1,
      83, 159, 160, -1,
      83, 160, 84, -1,
      84, 160, 161, -1,
      84, 161, 85, -1,
      85, 161, 162, -1,
      85, 162, 86, -1,
      86, 162, 155, -1,
      86, 155, 87, -1,
      83, 82, 159, -1,
      159, 82, 163, -1,
      82, 81, 163, -1,
      163, 81, 143, -1,
    ]
  }
}

Shape {
  appearance Appearance {
    material Material {
      diffuseColor 0.2235 0.2235 0.2235
      specularColor 0.1137 0.1137 0.1137
      ambientIntensity 0.2
      transparency 0.0000
      shininess 0.5
    }
  }
  geometry IndexedFaceSet {
    ccw TRUE
    solid FALSE
    coord DEF co Coordinate {
      point [
        -0.041809 0.542317 0.355388,
        -0.042379 0.542240 0.355824,
        -0.043512 0.542144 0.356372,
        -0.046672 0.542017 0.357087,
        -0.040453 0.542944 0.351830,
        -0.040501 0.542806 0.352613,
        -0.040757 0.542607 0.353742,
        -0.041203 0.542446 0.354660,
        -0.041882 0.543526 0.348534,
        -0.041459 0.543451 0.348959,
        -0.040895 0.543303 0.349795,
        -0.040572 0.543144 0.350695,
        -0.045700 0.543754 0.347237,
        -0.044008 0.543719 0.347437,
        -0.042877 0.543645 0.347855,
        -0.051161 0.543356 0.349497,
        -0.050531 0.543461 0.348899,
        -0.049108 0.543626 0.347967,
        -0.047583 0.543720 0.347432,
        -0.053352 0.542346 0.355227,
        -0.053344 0.542404 0.354899,
        -0.053006 0.542791 0.352698,
        -0.052257 0.543101 0.350941,
        -0.053371 0.541869 0.357928,
      ]
    }
    coordIndex [
      20, 19, 0, -1,
      19, 23, 3, -1,
      3, 2, 19, -1,
      19, 2, 1, -1,
      19, 1, 0, -1,
      20, 0, 21, -1,
      21, 0, 7, -1,
      21, 7, 22, -1,
      9, 8, 16, -1,
      9, 16, 10, -1,
      17, 16, 18, -1,
      18, 16, 12, -1,
      7, 6, 22, -1,
      22, 6, 5, -1,
      22, 5, 15, -1,
      15, 5, 4, -1,
      15, 4, 16, -1,
      16, 4, 11, -1,
      16, 11, 10, -1,
      8, 14, 16, -1,
      16, 14, 13, -1,
      16, 13, 12, -1,
    ]
  }
}

Shape {
  appearance Appearance {
    material Material {
      diffuseColor 1.0000 1.0000 1.0000
      specularColor 0.5020 0.5020 0.5020
      ambientIntensity 0.2
      transparency 0.0000
      shininess 0.5
    }
  }
  geometry IndexedFaceSet {
    ccw TRUE
    solid FALSE
    coord DEF co Coordinate {
      point [
        -0.140754 0.537517 0.382615,
        -0.140752 0.537557 0.382381,
        -0.148943 0.544479 0.343130,
        -0.179589 0.539327 0.372348,
        -0.181048 0.539991 0.368582,
        -0.178543 0.542925 0.351939,
        -0.175539 0.543537 0.348467,
        -0.171363 0.544050 0.345558,
        -0.166793 0.544355 0.343829,
        -0.159954 0.544492 0.343053,
        -0.181683 0.540954 0.363119,
        -0.181545 0.541396 0.360614,
        -0.180543 0.542209 0.356004,
        -0.171574 0.537978 0.379997,
        -0.175746 0.538480 0.377150,
        -0.177131 0.538719 0.375798,
        -0.149226 0.537557 0.382381,
        -0.149227 0.537527 0.382556,
        -0.160648 0.537541 0.382476,
        -0.161469 0.537557 0.382381,
        -0.166755 0.537666 0.381769,
        -0.065086 0.544201 0.344703,
        -0.065123 0.543302 0.349803,
        -0.067626 0.544360 0.343804,
        -0.067383 0.543543 0.348439,
        -0.067626 0.543557 0.348354,
        -0.067626 0.541706 0.358852,
        -0.066648 0.541537 0.359810,
        -0.066005 0.541356 0.360837,
        -0.065461 0.541090 0.362347,
        -0.065257 0.540750 0.364275,
        -0.065466 0.540441 0.366029,
        -0.067462 0.541687 0.358959,
        -0.068600 0.544420 0.343460,
        -0.082800 0.542226 0.355908,
        -0.083724 0.542466 0.354546,
        -0.083182 0.540385 0.366347,
        -0.068514 0.539695 0.370259,
        -0.069749 0.539565 0.370994,
        -0.066072 0.540161 0.367615,
        -0.067010 0.539927 0.368944,
        -0.067626 0.539832 0.369482,
        -0.072443 0.539389 0.371997,
        -0.076451 0.539310 0.372441,
        -0.079967 0.539369 0.372109,
        -0.083217 0.539539 0.371144,
        -0.084445 0.543048 0.351240,
        -0.084193 0.543397 0.349262,
        -0.083567 0.543672 0.347701,
        -0.082624 0.543901 0.346405,
        -0.077372 0.544414 0.343496,
        -0.072831 0.544502 0.342996,
        -0.081178 0.544118 0.345176,
        -0.080014 0.544240 0.344481,
        -0.075931 0.540017 0.368433,
        -0.074446 0.540035 0.368334,
        -0.070429 0.540678 0.364682,
        -0.073102 0.540094 0.367994,
        -0.071973 0.540197 0.367413,
        -0.070470 0.540794 0.364025,
        -0.070663 0.540930 0.363256,
        -0.071020 0.541048 0.362587,
        -0.071505 0.541142 0.362054,
        -0.073265 0.541336 0.360953,
        -0.079427 0.540095 0.367990,
        -0.076359 0.541574 0.359601,
        -0.082257 0.540289 0.366889,
        -0.078295 0.541713 0.358814,
        -0.081612 0.542039 0.356967,
        -0.071212 0.540312 0.366759,
        -0.070778 0.540422 0.366134,
        -0.070525 0.540540 0.365469,
        -0.070535 0.543737 0.347333,
        -0.072792 0.542202 0.356038,
        -0.069813 0.541961 0.357408,
        -0.073352 0.543792 0.347024,
        -0.073573 0.543792 0.347024,
        -0.076075 0.542446 0.354657,
        -0.076145 0.543745 0.347290,
        -0.079294 0.543128 0.350792,
        -0.079249 0.543019 0.351407,
        -0.077443 0.543665 0.347747,
        -0.077902 0.543617 0.348017,
        -0.078481 0.543529 0.348516,
        -0.078923 0.543417 0.349150,
        -0.079183 0.543293 0.349851,
        -0.079027 0.542883 0.352180,
        -0.078644 0.542767 0.352837,
        -0.078024 0.542653 0.353482,
        -0.095494 0.540816 0.363900,
        -0.100128 0.543185 0.350465,
        -0.101489 0.543194 0.350415,
        -0.100726 0.543594 0.348143,
        -0.100858 0.543595 0.348142,
        -0.101096 0.543425 0.349106,
        -0.101439 0.545170 0.339208,
        -0.119849 0.544443 0.343333,
        -0.114648 0.539471 0.371529,
        -0.120130 0.537557 0.382381,
        -0.109450 0.539465 0.371565,
        -0.092810 0.539444 0.371681,
        -0.087202 0.539437 0.371721,
        -0.084250 0.542723 0.353087,
        -0.087972 0.545896 0.335090,
        -0.087940 0.546671 0.330696,
        -0.099109 0.545942 0.334831,
        -0.097030 0.546356 0.332481,
        -0.095494 0.546547 0.331400,
        -0.095376 0.546561 0.331317,
        -0.095494 0.543178 0.350507,
        -0.094008 0.545803 0.335620,
        -0.094950 0.545625 0.336628,
        -0.093413 0.546699 0.330537,
        -0.091171 0.546746 0.330270,
        -0.090065 0.546738 0.330317,
        -0.088995 0.545956 0.334752,
        -0.090813 0.545999 0.334506,
        -0.092149 0.545972 0.334661,
        -0.093237 0.545896 0.335091,
        -0.095494 0.545456 0.337587,
        -0.095979 0.545306 0.338440,
        -0.098216 0.544406 0.343544,
        -0.133040 0.544459 0.343241,
        -0.141380 0.544469 0.343183,
        -0.141413 0.543677 0.347678,
        -0.140721 0.538316 0.378080,
        -0.125145 0.541318 0.361055,
        -0.125049 0.543657 0.347792,
        -0.133040 0.541328 0.361000,
        -0.133040 0.543667 0.347736,
        -0.139462 0.541335 0.360955,
        -0.139494 0.540539 0.365470,
        -0.133040 0.540531 0.365515,
        -0.133040 0.538307 0.378133,
        -0.125268 0.538297 0.378187,
        -0.125178 0.540522 0.365570,
        -0.133040 0.537507 0.382669,
        -0.120133 0.537491 0.382759,
        -0.065123 0.543341 0.349809,
        -0.067383 0.543581 0.348446,
        -0.073352 0.543831 0.347031,
        -0.070535 0.543776 0.347340,
        -0.065086 0.544240 0.344710,
        -0.072831 0.544541 0.343003,
        -0.068600 0.544459 0.343467,
        -0.077372 0.544453 0.343503,
        -0.080014 0.544279 0.344488,
        -0.081178 0.544157 0.345182,
        -0.082624 0.543940 0.346412,
        -0.083567 0.543711 0.347708,
        -0.084193 0.543436 0.349269,
        -0.084445 0.543087 0.351247,
        -0.084250 0.542762 0.353094,
        -0.083724 0.542504 0.354552,
        -0.082800 0.542264 0.355915,
        -0.081612 0.542078 0.356974,
        -0.078295 0.541752 0.358821,
        -0.076359 0.541613 0.359608,
        -0.073265 0.541375 0.360960,
        -0.071505 0.541181 0.362061,
        -0.071020 0.541087 0.362594,
        -0.070663 0.540969 0.363263,
        -0.070470 0.540833 0.364032,
        -0.070429 0.540717 0.364689,
        -0.070525 0.540578 0.365476,
        -0.070778 0.540461 0.366141,
        -0.071212 0.540351 0.366767,
        -0.071973 0.540236 0.367420,
        -0.073102 0.540133 0.368000,
        -0.074446 0.540073 0.368341,
        -0.075931 0.540056 0.368440,
        -0.079427 0.540134 0.367997,
        -0.082257 0.540328 0.366896,
        -0.083182 0.540424 0.366354,
        -0.083217 0.539578 0.371151,
        -0.079967 0.539407 0.372116,
        -0.076451 0.539349 0.372448,
        -0.072443 0.539427 0.372004,
        -0.069749 0.539604 0.371001,
        -0.068514 0.539734 0.370266,
        -0.067010 0.539966 0.368951,
        -0.066072 0.540200 0.367622,
        -0.065466 0.540480 0.366036,
        -0.065257 0.540789 0.364281,
        -0.065461 0.541129 0.362354,
        -0.066005 0.541395 0.360843,
        -0.066648 0.541576 0.359817,
        -0.072792 0.542241 0.356045,
        -0.069813 0.542000 0.357415,
        -0.067462 0.541726 0.358967,
        -0.076075 0.542485 0.354664,
        -0.078024 0.542692 0.353489,
        -0.078644 0.542806 0.352844,
        -0.079027 0.542922 0.352187,
        -0.079249 0.543058 0.351414,
        -0.079294 0.543166 0.350799,
        -0.079183 0.543332 0.349858,
        -0.078923 0.543456 0.349157,
        -0.078481 0.543568 0.348523,
        -0.077902 0.543656 0.348024,
        -0.077443 0.543703 0.347754,
        -0.076145 0.543784 0.347296,
        -0.073573 0.543831 0.347031,
        -0.109450 0.539504 0.371572,
        -0.114648 0.539510 0.371536,
        -0.101489 0.543233 0.350422,
        -0.101096 0.543464 0.349112,
        -0.100858 0.543633 0.348149,
        -0.100726 0.543633 0.348150,
        -0.100128 0.543224 0.350472,
        -0.092810 0.539483 0.371689,
        -0.087202 0.539476 0.371728,
        -0.098216 0.544444 0.343552,
        -0.095979 0.545344 0.338447,
        -0.094950 0.545664 0.336634,
        -0.094008 0.545841 0.335628,
        -0.093237 0.545935 0.335097,
        -0.092149 0.546011 0.334668,
        -0.090813 0.546038 0.334512,
        -0.088995 0.545995 0.334758,
        -0.087972 0.545935 0.335096,
        -0.087940 0.546710 0.330702,
        -0.090065 0.546777 0.330324,
        -0.091171 0.546785 0.330277,
        -0.093413 0.546738 0.330544,
        -0.095376 0.546600 0.331324,
        -0.097030 0.546395 0.332489,
        -0.099109 0.545981 0.334838,
        -0.101439 0.545209 0.339215,
        -0.141413 0.543715 0.347684,
        -0.141380 0.544508 0.343189,
        -0.125049 0.543695 0.347799,
        -0.125145 0.541357 0.361061,
        -0.139462 0.541374 0.360961,
        -0.139494 0.540578 0.365476,
        -0.125178 0.540561 0.365576,
        -0.125268 0.538336 0.378194,
        -0.140721 0.538355 0.378086,
        -0.140754 0.537555 0.382621,
        -0.120133 0.537530 0.382765,
        -0.119849 0.544481 0.343340,
        -0.173661 0.542664 0.353648,
        -0.171887 0.543028 0.351583,
        -0.175539 0.543576 0.348474,
        -0.171443 0.543099 0.351180,
        -0.171363 0.544089 0.345565,
        -0.168855 0.543408 0.349426,
        -0.166793 0.544394 0.343836,
        -0.165551 0.543628 0.348180,
        -0.159954 0.544531 0.343060,
        -0.159956 0.543738 0.347555,
        -0.148943 0.544517 0.343137,
        -0.154143 0.543731 0.347595,
        -0.149227 0.537566 0.382562,
        -0.154362 0.538372 0.377991,
        -0.160648 0.537580 0.382482,
        -0.160410 0.538379 0.377949,
        -0.166755 0.537704 0.381775,
        -0.165553 0.538484 0.377354,
        -0.171574 0.538017 0.380004,
        -0.169018 0.538706 0.376098,
        -0.175746 0.538519 0.377156,
        -0.171937 0.539047 0.374159,
        -0.177131 0.538757 0.375804,
        -0.173024 0.539235 0.373092,
        -0.179589 0.539365 0.372355,
        -0.174565 0.539626 0.370878,
        -0.181048 0.540030 0.368589,
        -0.175679 0.540133 0.368002,
        -0.181683 0.540993 0.363126,
        -0.176248 0.541011 0.363022,
        -0.181545 0.541434 0.360621,
        -0.176024 0.541548 0.359975,
        -0.180543 0.542247 0.356011,
        -0.175140 0.542163 0.356491,
        -0.178543 0.542964 0.351946,
        -0.160410 0.538340 0.377942,
        -0.154362 0.538333 0.377984,
        -0.154143 0.543693 0.347589,
        -0.159956 0.543700 0.347548,
        -0.171887 0.542989 0.351577,
        -0.171443 0.543060 0.351174,
        -0.168855 0.543370 0.349419,
        -0.165551 0.543589 0.348173,
        -0.176248 0.540972 0.363016,
        -0.176024 0.541509 0.359969,
        -0.175140 0.542124 0.356484,
        -0.173661 0.542625 0.353641,
        -0.171937 0.539008 0.374152,
        -0.173024 0.539196 0.373085,
        -0.174565 0.539587 0.370871,
        -0.175679 0.540094 0.367995,
        -0.165553 0.538445 0.377348,
        -0.169018 0.538667 0.376091,
      ]
    }
    coordIndex [
      22, 138, 139, -1,
      140, 75, 72, -1,
      140, 72, 141, -1,
      141, 72, 25, -1,
      141, 25, 139, -1,
      139, 25, 24, -1,
      139, 24, 22, -1,
      142, 138, 21, -1,
      21, 138, 22, -1,
      51, 143, 144, -1,
      142, 21, 23, -1,
      142, 23, 144, -1,
      144, 23, 33, -1,
      144, 33, 51, -1,
      143, 51, 50, -1,
      143, 50, 145, -1,
      145, 50, 53, -1,
      145, 53, 146, -1,
      146, 53, 52, -1,
      146, 52, 147, -1,
      147, 52, 49, -1,
      147, 49, 148, -1,
      148, 49, 48, -1,
      148, 48, 149, -1,
      149, 48, 47, -1,
      149, 47, 150, -1,
      150, 47, 46, -1,
      150, 46, 151, -1,
      151, 46, 102, -1,
      151, 102, 152, -1,
      152, 102, 35, -1,
      152, 35, 153, -1,
      153, 35, 34, -1,
      153, 34, 154, -1,
      154, 34, 68, -1,
      154, 68, 155, -1,
      155, 68, 67, -1,
      155, 67, 156, -1,
      156, 67, 65, -1,
      156, 65, 157, -1,
      157, 65, 63, -1,
      157, 63, 158, -1,
      158, 63, 62, -1,
      158, 62, 159, -1,
      159, 62, 61, -1,
      159, 61, 160, -1,
      160, 61, 60, -1,
      160, 60, 161, -1,
      161, 60, 59, -1,
      161, 59, 162, -1,
      162, 59, 56, -1,
      162, 56, 163, -1,
      163, 56, 71, -1,
      163, 71, 164, -1,
      164, 71, 70, -1,
      164, 70, 165, -1,
      165, 70, 69, -1,
      165, 69, 166, -1,
      166, 69, 58, -1,
      166, 58, 167, -1,
      167, 58, 57, -1,
      167, 57, 168, -1,
      168, 57, 55, -1,
      168, 55, 169, -1,
      169, 55, 54, -1,
      169, 54, 170, -1,
      170, 54, 64, -1,
      170, 64, 171, -1,
      171, 64, 66, -1,
      171, 66, 172, -1,
      172, 66, 36, -1,
      172, 36, 173, -1,
      174, 173, 45, -1,
      45, 173, 36, -1,
      174, 45, 44, -1,
      174, 44, 175, -1,
      175, 44, 43, -1,
      175, 43, 176, -1,
      176, 43, 42, -1,
      176, 42, 177, -1,
      177, 42, 38, -1,
      177, 38, 178, -1,
      178, 38, 37, -1,
      178, 37, 179, -1,
      180, 179, 41, -1,
      41, 179, 37, -1,
      41, 40, 180, -1,
      180, 40, 39, -1,
      180, 39, 181, -1,
      181, 39, 31, -1,
      181, 31, 182, -1,
      182, 31, 30, -1,
      182, 30, 183, -1,
      183, 30, 29, -1,
      183, 29, 184, -1,
      184, 29, 28, -1,
      184, 28, 185, -1,
      185, 28, 27, -1,
      185, 27, 186, -1,
      73, 187, 188, -1,
      186, 27, 32, -1,
      186, 32, 189, -1,
      189, 32, 26, -1,
      189, 26, 188, -1,
      188, 26, 74, -1,
      188, 74, 73, -1,
      187, 73, 77, -1,
      187, 77, 190, -1,
      190, 77, 88, -1,
      190, 88, 191, -1,
      191, 88, 87, -1,
      191, 87, 192, -1,
      192, 87, 86, -1,
      192, 86, 193, -1,
      193, 86, 80, -1,
      193, 80, 194, -1,
      194, 80, 79, -1,
      194, 79, 195, -1,
      195, 79, 85, -1,
      195, 85, 196, -1,
      196, 85, 84, -1,
      196, 84, 197, -1,
      197, 84, 83, -1,
      197, 83, 198, -1,
      198, 83, 82, -1,
      198, 82, 199, -1,
      199, 82, 81, -1,
      199, 81, 200, -1,
      200, 81, 78, -1,
      200, 78, 201, -1,
      201, 78, 76, -1,
      201, 76, 202, -1,
      202, 76, 75, -1,
      202, 75, 140, -1,
      165, 166, 179, -1,
      179, 166, 178, -1,
      178, 166, 167, -1,
      178, 167, 177, -1,
      190, 157, 187, -1,
      187, 157, 158, -1,
      146, 147, 198, -1,
      198, 147, 148, -1,
      198, 148, 197, -1,
      197, 148, 149, -1,
      197, 149, 196, -1,
      196, 149, 150, -1,
      196, 150, 195, -1,
      195, 150, 151, -1,
      195, 151, 194, -1,
      194, 151, 152, -1,
      194, 152, 193, -1,
      193, 152, 153, -1,
      193, 153, 192, -1,
      192, 153, 154, -1,
      192, 154, 191, -1,
      191, 154, 155, -1,
      191, 155, 190, -1,
      190, 155, 156, -1,
      190, 156, 157, -1,
      143, 140, 144, -1,
      144, 140, 141, -1,
      144, 141, 142, -1,
      142, 141, 139, -1,
      142, 139, 138, -1,
      167, 168, 177, -1,
      177, 168, 169, -1,
      177, 169, 176, -1,
      176, 169, 170, -1,
      176, 170, 175, -1,
      175, 170, 171, -1,
      175, 171, 174, -1,
      174, 171, 172, -1,
      174, 172, 173, -1,
      198, 199, 146, -1,
      146, 199, 200, -1,
      146, 200, 145, -1,
      145, 200, 201, -1,
      145, 201, 143, -1,
      143, 201, 202, -1,
      143, 202, 140, -1,
      179, 180, 165, -1,
      165, 180, 181, -1,
      165, 181, 164, -1,
      164, 181, 182, -1,
      164, 182, 163, -1,
      163, 182, 183, -1,
      163, 183, 162, -1,
      162, 183, 184, -1,
      162, 184, 161, -1,
      161, 184, 185, -1,
      161, 185, 160, -1,
      160, 185, 186, -1,
      160, 186, 159, -1,
      159, 186, 189, -1,
      159, 189, 158, -1,
      158, 189, 188, -1,
      158, 188, 187, -1,
      203, 204, 99, -1,
      99, 204, 97, -1,
      205, 203, 91, -1,
      91, 203, 99, -1,
      205, 91, 94, -1,
      205, 94, 206, -1,
      206, 94, 93, -1,
      206, 93, 207, -1,
      208, 207, 92, -1,
      92, 207, 93, -1,
      209, 208, 90, -1,
      90, 208, 92, -1,
      100, 210, 89, -1,
      89, 210, 209, -1,
      89, 209, 90, -1,
      211, 210, 101, -1,
      101, 210, 100, -1,
      121, 212, 109, -1,
      109, 212, 211, -1,
      109, 211, 101, -1,
      213, 212, 120, -1,
      120, 212, 121, -1,
      213, 120, 119, -1,
      213, 119, 214, -1,
      119, 111, 214, -1,
      214, 111, 110, -1,
      214, 110, 215, -1,
      215, 110, 118, -1,
      215, 118, 216, -1,
      216, 118, 117, -1,
      216, 117, 217, -1,
      217, 117, 116, -1,
      217, 116, 218, -1,
      218, 116, 115, -1,
      218, 115, 219, -1,
      219, 115, 103, -1,
      219, 103, 220, -1,
      221, 220, 104, -1,
      104, 220, 103, -1,
      221, 104, 114, -1,
      221, 114, 222, -1,
      222, 114, 113, -1,
      222, 113, 223, -1,
      223, 113, 112, -1,
      223, 112, 224, -1,
      224, 112, 108, -1,
      224, 108, 225, -1,
      225, 108, 107, -1,
      225, 107, 226, -1,
      107, 106, 226, -1,
      226, 106, 105, -1,
      226, 105, 227, -1,
      227, 105, 95, -1,
      227, 95, 228, -1,
      204, 228, 97, -1,
      97, 228, 95, -1,
      206, 207, 228, -1,
      204, 203, 228, -1,
      228, 203, 205, -1,
      228, 205, 206, -1,
      210, 211, 209, -1,
      209, 211, 212, -1,
      209, 212, 208, -1,
      207, 208, 228, -1,
      228, 208, 212, -1,
      228, 212, 227, -1,
      220, 221, 219, -1,
      219, 221, 222, -1,
      219, 222, 218, -1,
      218, 222, 223, -1,
      218, 223, 217, -1,
      217, 223, 224, -1,
      217, 224, 216, -1,
      216, 224, 225, -1,
      216, 225, 215, -1,
      215, 225, 226, -1,
      215, 226, 214, -1,
      214, 226, 227, -1,
      214, 227, 213, -1,
      213, 227, 212, -1,
      229, 230, 124, -1,
      124, 230, 123, -1,
      127, 231, 129, -1,
      129, 231, 229, -1,
      129, 229, 124, -1,
      232, 231, 126, -1,
      126, 231, 127, -1,
      130, 233, 128, -1,
      128, 233, 232, -1,
      128, 232, 126, -1,
      234, 233, 131, -1,
      131, 233, 130, -1,
      135, 235, 132, -1,
      132, 235, 234, -1,
      132, 234, 131, -1,
      236, 235, 134, -1,
      134, 235, 135, -1,
      125, 237, 133, -1,
      133, 237, 236, -1,
      133, 236, 134, -1,
      0, 238, 1, -1,
      1, 238, 237, -1,
      1, 237, 125, -1,
      137, 239, 136, -1,
      136, 239, 238, -1,
      136, 238, 0, -1,
      96, 240, 98, -1,
      98, 240, 239, -1,
      98, 239, 137, -1,
      123, 230, 122, -1,
      122, 230, 240, -1,
      122, 240, 96, -1,
      237, 238, 236, -1,
      236, 238, 239, -1,
      236, 239, 235, -1,
      230, 229, 240, -1,
      240, 229, 231, -1,
      240, 231, 232, -1,
      233, 234, 232, -1,
      232, 234, 235, -1,
      232, 235, 240, -1,
      240, 235, 239, -1,
      241, 242, 243, -1,
      243, 242, 244, -1,
      243, 244, 245, -1,
      245, 244, 246, -1,
      245, 246, 247, -1,
      247, 246, 248, -1,
      247, 248, 249, -1,
      249, 248, 250, -1,
      249, 250, 251, -1,
      251, 250, 252, -1,
      251, 252, 253, -1,
      253, 252, 254, -1,
      253, 254, 255, -1,
      255, 254, 256, -1,
      255, 256, 257, -1,
      257, 256, 258, -1,
      257, 258, 259, -1,
      259, 258, 260, -1,
      259, 260, 261, -1,
      261, 260, 262, -1,
      261, 262, 263, -1,
      263, 262, 264, -1,
      263, 264, 265, -1,
      265, 264, 266, -1,
      265, 266, 267, -1,
      267, 266, 268, -1,
      267, 268, 269, -1,
      269, 268, 270, -1,
      269, 270, 271, -1,
      271, 270, 272, -1,
      271, 272, 273, -1,
      273, 272, 274, -1,
      273, 274, 275, -1,
      275, 274, 241, -1,
      275, 241, 243, -1,
      249, 251, 9, -1,
      9, 251, 2, -1,
      249, 9, 8, -1,
      249, 8, 247, -1,
      247, 8, 7, -1,
      247, 7, 245, -1,
      245, 7, 6, -1,
      245, 6, 243, -1,
      243, 6, 5, -1,
      243, 5, 275, -1,
      275, 5, 12, -1,
      275, 12, 273, -1,
      273, 12, 11, -1,
      273, 11, 271, -1,
      271, 11, 10, -1,
      271, 10, 269, -1,
      269, 10, 4, -1,
      269, 4, 267, -1,
      267, 4, 3, -1,
      267, 3, 265, -1,
      265, 3, 15, -1,
      265, 15, 263, -1,
      263, 15, 14, -1,
      263, 14, 261, -1,
      18, 255, 19, -1,
      19, 255, 257, -1,
      19, 257, 20, -1,
      20, 257, 259, -1,
      20, 259, 13, -1,
      13, 259, 261, -1,
      13, 261, 14, -1,
      253, 255, 17, -1,
      17, 255, 18, -1,
      2, 251, 16, -1,
      16, 251, 253, -1,
      16, 253, 17, -1,
      256, 254, 276, -1,
      276, 254, 277, -1,
      254, 252, 277, -1,
      277, 252, 278, -1,
      252, 250, 278, -1,
      278, 250, 279, -1,
      242, 280, 281, -1,
      242, 281, 244, -1,
      244, 281, 282, -1,
      244, 282, 246, -1,
      246, 282, 283, -1,
      246, 283, 248, -1,
      248, 283, 279, -1,
      248, 279, 250, -1,
      270, 284, 285, -1,
      270, 285, 272, -1,
      272, 285, 286, -1,
      272, 286, 274, -1,
      274, 286, 287, -1,
      274, 287, 241, -1,
      241, 287, 280, -1,
      241, 280, 242, -1,
      262, 288, 289, -1,
      262, 289, 264, -1,
      264, 289, 290, -1,
      264, 290, 266, -1,
      266, 290, 291, -1,
      266, 291, 268, -1,
      268, 291, 284, -1,
      268, 284, 270, -1,
      256, 276, 292, -1,
      256, 292, 258, -1,
      258, 292, 293, -1,
      258, 293, 260, -1,
      260, 293, 288, -1,
      260, 288, 262, -1,
    ]
  }
}

Shape {
  appearance Appearance {
    material Material {
      diffuseColor 0.2235 0.2235 0.2235
      specularColor 0.1137 0.1137 0.1137
      ambientIntensity 0.2
      transparency 0.0000
      shininess 0.5
    }
  }
  geometry IndexedFaceSet {
    ccw TRUE
    solid FALSE
    coord DEF co Coordinate {
      point [
        -0.160410 0.538340 0.377942,
        -0.154362 0.538333 0.377984,
        -0.154143 0.543693 0.347589,
        -0.159956 0.543700 0.347548,
        -0.171887 0.542989 0.351577,
        -0.171443 0.543060 0.351174,
        -0.168855 0.543370 0.349419,
        -0.165551 0.543589 0.348173,
        -0.176248 0.540972 0.363016,
        -0.176024 0.541509 0.359969,
        -0.175140 0.542124 0.356484,
        -0.173661 0.542625 0.353641,
        -0.171937 0.539008 0.374152,
        -0.173024 0.539196 0.373085,
        -0.174565 0.539587 0.370871,
        -0.175679 0.540094 0.367995,
        -0.165553 0.538445 0.377348,
        -0.169018 0.538667 0.376091,
      ]
    }
    coordIndex [
      5, 4, 0, -1,
      1, 2, 0, -1,
      0, 2, 3, -1,
      3, 7, 0, -1,
      0, 7, 6, -1,
      0, 6, 5, -1,
      4, 11, 0, -1,
      0, 11, 10, -1,
      0, 10, 9, -1,
      9, 8, 0, -1,
      0, 8, 15, -1,
      0, 15, 14, -1,
      14, 13, 0, -1,
      0, 13, 12, -1,
      0, 12, 16, -1,
      16, 12, 17, -1,
    ]
  }
}

Shape {
  appearance Appearance {
    material Material {
      diffuseColor 1.0000 1.0000 1.0000
      specularColor 0.5020 0.5020 0.5020
      ambientIntensity 0.2
      transparency 0.0000
      shininess 0.5
    }
  }
  geometry IndexedFaceSet {
    ccw TRUE
    solid FALSE
    coord DEF co Coordinate {
      point [
        -0.189468 0.544528 0.342847,
        -0.183758 0.544522 0.342887,
        -0.199290 0.537589 0.382206,
        -0.204816 0.537595 0.382167,
        -0.219780 0.544566 0.342635,
        -0.214070 0.544559 0.342675,
        -0.210064 0.542652 0.353487,
        -0.193394 0.542632 0.353604,
        -0.195063 0.541887 0.358054,
        -0.201168 0.539005 0.374398,
        -0.199290 0.537627 0.382213,
        -0.183758 0.544560 0.342894,
        -0.189468 0.544567 0.342854,
        -0.193394 0.542670 0.353610,
        -0.201523 0.538798 0.375573,
        -0.201843 0.538519 0.377156,
        -0.204816 0.537634 0.382174,
        -0.201965 0.538519 0.377155,
        -0.202277 0.538814 0.375484,
        -0.202570 0.539007 0.374389,
        -0.208500 0.541904 0.357959,
        -0.219780 0.544605 0.342642,
        -0.214070 0.544598 0.342682,
        -0.210064 0.542691 0.353494,
        -0.195063 0.541848 0.358046,
        -0.208500 0.541865 0.357953,
        -0.202570 0.538968 0.374382,
        -0.201965 0.538480 0.377148,
        -0.202277 0.538775 0.375478,
        -0.201843 0.538480 0.377148,
        -0.201168 0.538966 0.374392,
        -0.201523 0.538759 0.375566,
      ]
    }
    coordIndex [
      8, 9, 10, -1,
      11, 12, 13, -1,
      9, 14, 10, -1,
      10, 14, 15, -1,
      10, 15, 16, -1,
      16, 15, 17, -1,
      16, 17, 18, -1,
      18, 19, 16, -1,
      16, 19, 20, -1,
      16, 20, 21, -1,
      22, 21, 23, -1,
      23, 21, 20, -1,
      23, 20, 13, -1,
      13, 20, 8, -1,
      13, 8, 11, -1,
      11, 8, 10, -1,
      16, 21, 3, -1,
      3, 21, 4, -1,
      10, 16, 2, -1,
      2, 16, 3, -1,
      11, 10, 1, -1,
      1, 10, 2, -1,
      12, 11, 0, -1,
      0, 11, 1, -1,
      13, 12, 7, -1,
      7, 12, 0, -1,
      23, 13, 6, -1,
      6, 13, 7, -1,
      22, 23, 5, -1,
      5, 23, 6, -1,
      21, 22, 4, -1,
      4, 22, 5, -1,
      8, 20, 24, -1,
      24, 20, 25, -1,
      20, 19, 25, -1,
      25, 19, 26, -1,
      17, 27, 28, -1,
      17, 28, 18, -1,
      18, 28, 26, -1,
      18, 26, 19, -1,
      17, 15, 27, -1,
      27, 15, 29, -1,
      9, 30, 31, -1,
      9, 31, 14, -1,
      14, 31, 29, -1,
      14, 29, 15, -1,
      9, 8, 30, -1,
      30, 8, 24, -1,
    ]
  }
}

Shape {
  appearance Appearance {
    material Material {
      diffuseColor 0.2235 0.2235 0.2235
      specularColor 0.1137 0.1137 0.1137
      ambientIntensity 0.2
      transparency 0.0000
      shininess 0.5
    }
  }
  geometry IndexedFaceSet {
    ccw TRUE
    solid FALSE
    coord DEF co Coordinate {
      point [
        -0.195063 0.541848 0.358046,
        -0.208500 0.541865 0.357953,
        -0.202570 0.538968 0.374382,
        -0.201965 0.538480 0.377148,
        -0.202277 0.538775 0.375478,
        -0.201843 0.538480 0.377148,
        -0.201168 0.538966 0.374392,
        -0.201523 0.538759 0.375566,
      ]
    }
    coordIndex [
      3, 5, 4, -1,
      4, 5, 7, -1,
      4, 7, 2, -1,
      2, 7, 6, -1,
      2, 6, 1, -1,
      1, 6, 0, -1,
    ]
  }
}

Shape {
  appearance Appearance {
    material Material {
      diffuseColor 1.0000 1.0000 1.0000
      specularColor 0.5020 0.5020 0.5020
      ambientIntensity 0.2
      transparency 0.0000
      shininess 0.5
    }
  }
  geometry IndexedFaceSet {
    ccw TRUE
    solid FALSE
    coord DEF co Coordinate {
      point [
        0.138825 0.537557 0.382381,
        0.103930 0.537557 0.382381,
        0.102416 0.537423 0.383146,
        0.132566 0.525470 0.450930,
        0.129777 0.525287 0.451970,
        0.041589 0.531687 0.415678,
        0.033919 0.532831 0.409189,
        0.071490 0.526363 0.445866,
        0.066652 0.526937 0.442613,
        0.057449 0.528805 0.432020,
        0.051441 0.530861 0.420361,
        0.050027 0.530945 0.419881,
        0.079287 0.525439 0.451107,
        0.081717 0.525287 0.451970,
        0.119408 0.524606 0.455836,
        0.105258 0.524319 0.457459,
        0.093536 0.524548 0.456164,
        0.140576 0.526363 0.445866,
        0.139493 0.526205 0.446766,
        0.191478 0.530589 0.421900,
        0.189240 0.530230 0.423939,
        0.179693 0.529114 0.430265,
        0.169067 0.528451 0.434026,
        0.158648 0.528257 0.435126,
        0.146222 0.527191 0.441171,
        0.155376 0.528292 0.434928,
        0.152106 0.528364 0.434520,
        0.204649 0.535415 0.394531,
        0.202762 0.533750 0.403978,
        0.201885 0.533427 0.405806,
        0.197987 0.531993 0.413939,
        0.080476 0.541336 0.360954,
        0.078515 0.541206 0.361692,
        0.075091 0.538394 0.377636,
        0.193352 0.541610 0.359400,
        0.200169 0.539860 0.369323,
        0.082239 0.541548 0.359752,
        0.185327 0.542841 0.352418,
        0.076342 0.541161 0.361947,
        0.076065 0.541165 0.361925,
        0.075213 0.541198 0.361733,
        0.203973 0.538007 0.379830,
        0.204251 0.537557 0.382381,
        0.204335 0.537423 0.383146,
        0.205086 0.536207 0.390038,
        0.204974 0.535702 0.392907,
        0.024916 0.539139 0.373409,
        0.028564 0.540699 0.364564,
        0.034250 0.542053 0.356887,
        0.158141 0.546721 0.330411,
        0.163678 0.545985 0.334585,
        0.167872 0.545073 0.339761,
        0.116987 0.544224 0.344576,
        0.120393 0.545322 0.338346,
        0.047056 0.540004 0.368506,
        0.043894 0.539237 0.372857,
        0.041897 0.538358 0.377840,
        0.077863 0.537557 0.382381,
        0.042052 0.543183 0.350478,
        0.050769 0.543910 0.346356,
        0.060243 0.544245 0.344454,
        0.085228 0.542682 0.353319,
        0.085163 0.542507 0.354311,
        0.115089 0.542003 0.357172,
        0.084605 0.542130 0.356448,
        0.083520 0.541791 0.358369,
        0.124824 0.546173 0.333520,
        0.130522 0.546851 0.329676,
        0.136888 0.547266 0.327322,
        0.082352 0.543817 0.346885,
        0.083009 0.543698 0.347554,
        0.084237 0.543387 0.349323,
        0.084973 0.543050 0.351229,
        0.115280 0.543005 0.351486,
        0.115109 0.542497 0.354369,
        0.143774 0.547404 0.326536,
        0.144883 0.547400 0.326565,
        0.151595 0.547209 0.327646,
        0.170678 0.544010 0.345786,
        0.175194 0.543761 0.347201,
        0.074636 0.541212 0.361655,
        0.061828 0.541228 0.361565,
        0.056733 0.541065 0.362487,
        0.077036 0.544224 0.344572,
        0.078638 0.544178 0.344837,
        0.080516 0.544046 0.345580,
        0.051692 0.540669 0.364738,
        0.047456 0.540078 0.368089,
        0.041296 0.537557 0.382381,
        0.041195 0.537423 0.383146,
        0.078309 0.537423 0.383146,
        0.041176 0.537398 0.383286,
        0.185970 0.537423 0.383146,
        0.186846 0.536887 0.386184,
        0.083807 0.535764 0.392554,
        0.187150 0.536131 0.390473,
        0.186613 0.535415 0.394531,
        0.041295 0.536970 0.385716,
        0.042586 0.536018 0.391111,
        0.044421 0.535415 0.394531,
        0.133040 0.537815 0.380921,
        0.127024 0.538385 0.377689,
        0.122090 0.539177 0.373199,
        0.156464 0.538016 0.379783,
        0.150159 0.537606 0.382104,
        0.185749 0.537557 0.382381,
        0.147737 0.537557 0.382381,
        0.143369 0.537470 0.382879,
        0.139898 0.537510 0.382651,
        0.184862 0.538100 0.379306,
        0.167061 0.539638 0.370580,
        0.162314 0.538710 0.375844,
        0.181493 0.539113 0.373561,
        0.176425 0.540029 0.368364,
        0.170258 0.540699 0.364565,
        0.065498 0.533513 0.405322,
        0.183774 0.533837 0.403478,
        0.186255 0.534937 0.397243,
        0.063220 0.533515 0.405306,
        0.045193 0.535161 0.395970,
        0.048471 0.534516 0.399630,
        0.052865 0.533976 0.402695,
        0.057820 0.533638 0.404612,
        0.077650 0.529233 0.429589,
        0.078669 0.529069 0.430520,
        0.143429 0.531983 0.413995,
        0.071343 0.530582 0.421940,
        0.182105 0.533427 0.405806,
        0.145494 0.531784 0.415124,
        0.065600 0.533427 0.405806,
        0.067088 0.532186 0.412843,
        0.151861 0.531373 0.417456,
        0.158485 0.531223 0.418306,
        0.161414 0.531246 0.418178,
        0.086639 0.528100 0.436020,
        0.095548 0.527499 0.439428,
        0.139117 0.530452 0.422681,
        0.105094 0.527285 0.440639,
        0.168454 0.531525 0.416595,
        0.174827 0.532100 0.413330,
        0.179791 0.532858 0.409035,
        0.115389 0.527498 0.439431,
        0.124744 0.528134 0.435825,
        0.132715 0.529130 0.430174,
        0.023568 0.537423 0.383146,
        0.023674 0.537557 0.382381,
        0.024758 0.535758 0.392585,
        0.023527 0.537370 0.383443,
        0.031494 0.533427 0.405806,
        0.028171 0.534244 0.401171,
        0.025532 0.535415 0.394531,
        0.167872 0.545111 0.339768,
        0.163678 0.546024 0.334592,
        0.170258 0.540738 0.364572,
        0.075091 0.538433 0.377643,
        0.083807 0.535802 0.392561,
        0.122090 0.539215 0.373206,
        0.141345 0.540672 0.364943,
        0.138715 0.540843 0.363976,
        0.174827 0.532139 0.413337,
        0.168454 0.531563 0.416602,
        0.169067 0.528490 0.434033,
        0.158648 0.528296 0.435133,
        0.136447 0.541116 0.362426,
        0.134640 0.541476 0.360386,
        0.115089 0.542041 0.357178,
        0.124744 0.528173 0.435832,
        0.132566 0.525509 0.450937,
        0.139493 0.526244 0.446773,
        0.176425 0.540068 0.368371,
        0.175194 0.543800 0.347208,
        0.170678 0.544049 0.345793,
        0.133435 0.541885 0.358069,
        0.132820 0.542344 0.355461,
        0.115109 0.542536 0.354375,
        0.132833 0.542774 0.353026,
        0.065498 0.533551 0.405328,
        0.063220 0.533554 0.405313,
        0.051441 0.530900 0.420368,
        0.057820 0.533676 0.404619,
        0.050027 0.530984 0.419888,
        0.052865 0.534015 0.402702,
        0.041589 0.531725 0.415685,
        0.033919 0.532869 0.409196,
        0.132715 0.529169 0.430181,
        0.146222 0.527230 0.441178,
        0.139117 0.530490 0.422688,
        0.152106 0.528403 0.434526,
        0.143429 0.532022 0.414002,
        0.161414 0.531285 0.418184,
        0.158485 0.531262 0.418312,
        0.155376 0.528331 0.434935,
        0.151861 0.531412 0.417463,
        0.145494 0.531823 0.415131,
        0.151005 0.544023 0.345939,
        0.148681 0.544285 0.344455,
        0.158141 0.546760 0.330418,
        0.146018 0.544441 0.343573,
        0.146254 0.540668 0.364969,
        0.150159 0.537645 0.382111,
        0.148767 0.540822 0.364094,
        0.156464 0.538054 0.379789,
        0.151043 0.541081 0.362622,
        0.162314 0.538749 0.375851,
        0.152912 0.541434 0.360623,
        0.167061 0.539677 0.370587,
        0.154237 0.541863 0.358190,
        0.154894 0.542338 0.355496,
        0.034250 0.542092 0.356894,
        0.047456 0.540117 0.368096,
        0.042052 0.543222 0.350485,
        0.051692 0.540707 0.364745,
        0.050769 0.543948 0.346363,
        0.056733 0.541104 0.362494,
        0.060243 0.544284 0.344461,
        0.061828 0.541267 0.361572,
        0.077036 0.544263 0.344578,
        0.074636 0.541251 0.361661,
        0.078638 0.544216 0.344844,
        0.186255 0.534976 0.397250,
        0.204974 0.535740 0.392914,
        0.187150 0.536170 0.390480,
        0.205086 0.536246 0.390044,
        0.186846 0.536926 0.386191,
        0.203973 0.538046 0.379837,
        0.184862 0.538139 0.379313,
        0.200169 0.539899 0.369330,
        0.181493 0.539152 0.373568,
        0.193352 0.541648 0.359407,
        0.185327 0.542880 0.352425,
        0.133040 0.537854 0.380928,
        0.139898 0.537549 0.382658,
        0.143369 0.537509 0.382885,
        0.048471 0.534555 0.399637,
        0.045193 0.535200 0.395977,
        0.028171 0.534283 0.401178,
        0.042586 0.536057 0.391118,
        0.024758 0.535797 0.392591,
        0.041295 0.537008 0.385723,
        0.023527 0.537409 0.383450,
        0.041176 0.537437 0.383293,
        0.024916 0.539178 0.373416,
        0.041897 0.538397 0.377846,
        0.028564 0.540738 0.364571,
        0.043894 0.539276 0.372864,
        0.047056 0.540043 0.368513,
        0.066652 0.526976 0.442620,
        0.077650 0.529272 0.429596,
        0.057449 0.528844 0.432027,
        0.071343 0.530621 0.421947,
        0.067088 0.532225 0.412850,
        0.179693 0.529153 0.430272,
        0.189240 0.530269 0.423946,
        0.179791 0.532896 0.409042,
        0.191478 0.530628 0.421907,
        0.183774 0.533876 0.403485,
        0.197987 0.532032 0.413946,
        0.202762 0.533788 0.403984,
        0.152875 0.543674 0.347919,
        0.154156 0.543272 0.350197,
        0.154852 0.542822 0.352752,
        0.119408 0.524644 0.455843,
        0.115389 0.527537 0.439438,
        0.105258 0.524358 0.457467,
        0.105094 0.527324 0.440646,
        0.093536 0.524586 0.456171,
        0.095548 0.527537 0.439435,
        0.079287 0.525478 0.451115,
        0.086639 0.528138 0.436027,
        0.078669 0.529108 0.430527,
        0.143780 0.540622 0.365228,
        0.127024 0.538424 0.377696,
        0.076065 0.541203 0.361932,
        0.083009 0.543737 0.347560,
        0.082352 0.543855 0.346893,
        0.075213 0.541237 0.361740,
        0.080516 0.544085 0.345587,
        0.151595 0.547248 0.327653,
        0.144883 0.547438 0.326571,
        0.143938 0.544477 0.343364,
        0.143774 0.547443 0.326543,
        0.141443 0.544432 0.343621,
        0.136888 0.547305 0.327328,
        0.138938 0.544278 0.344492,
        0.130522 0.546890 0.329683,
        0.136720 0.544025 0.345928,
        0.124824 0.546212 0.333527,
        0.134848 0.543673 0.347925,
        0.120393 0.545361 0.338354,
        0.133517 0.543248 0.350336,
        0.116987 0.544263 0.344582,
        0.115280 0.543044 0.351493,
        0.085228 0.542721 0.353326,
        0.084973 0.543089 0.351236,
        0.084237 0.543425 0.349330,
        0.078515 0.541244 0.361699,
        0.080476 0.541374 0.360961,
        0.085163 0.542546 0.354318,
        0.082239 0.541586 0.359759,
        0.083520 0.541830 0.358376,
        0.084605 0.542169 0.356455,
        0.076342 0.541200 0.361954,
        0.143780 0.540583 0.365221,
        0.141345 0.540633 0.364936,
        0.138715 0.540804 0.363970,
        0.136447 0.541078 0.362419,
        0.134640 0.541437 0.360379,
        0.133435 0.541846 0.358062,
        0.132820 0.542306 0.355455,
        0.132833 0.542735 0.353019,
        0.133517 0.543209 0.350329,
        0.134848 0.543634 0.347918,
        0.136720 0.543986 0.345921,
        0.138938 0.544239 0.344485,
        0.141443 0.544393 0.343615,
        0.143938 0.544439 0.343357,
        0.146018 0.544402 0.343566,
        0.148681 0.544246 0.344448,
        0.151005 0.543985 0.345932,
        0.152875 0.543635 0.347912,
        0.154156 0.543233 0.350191,
        0.154852 0.542783 0.352746,
        0.154894 0.542299 0.355489,
        0.154237 0.541824 0.358183,
        0.152912 0.541395 0.360616,
        0.151043 0.541043 0.362615,
        0.148767 0.540783 0.364088,
        0.146254 0.540629 0.364962,
      ]
    }
    coordIndex [
      151, 152, 153, -1,
      154, 155, 156, -1,
      157, 158, 154, -1,
      159, 160, 161, -1,
      161, 160, 162, -1,
      158, 163, 154, -1,
      154, 163, 164, -1,
      154, 164, 165, -1,
      166, 167, 168, -1,
      169, 170, 153, -1,
      153, 170, 171, -1,
      153, 171, 151, -1,
      164, 172, 165, -1,
      165, 172, 173, -1,
      165, 173, 174, -1,
      174, 173, 175, -1,
      176, 177, 178, -1,
      178, 177, 179, -1,
      178, 179, 180, -1,
      180, 179, 181, -1,
      180, 181, 182, -1,
      182, 181, 183, -1,
      166, 168, 184, -1,
      184, 168, 185, -1,
      184, 185, 186, -1,
      186, 185, 187, -1,
      186, 187, 188, -1,
      160, 189, 162, -1,
      162, 189, 190, -1,
      162, 190, 191, -1,
      191, 190, 192, -1,
      191, 192, 187, -1,
      187, 192, 193, -1,
      187, 193, 188, -1,
      194, 152, 195, -1,
      195, 152, 196, -1,
      195, 196, 197, -1,
      198, 199, 200, -1,
      200, 199, 201, -1,
      200, 201, 202, -1,
      202, 201, 203, -1,
      202, 203, 204, -1,
      204, 203, 205, -1,
      204, 205, 206, -1,
      206, 205, 153, -1,
      206, 153, 207, -1,
      208, 209, 210, -1,
      210, 209, 211, -1,
      210, 211, 212, -1,
      212, 211, 213, -1,
      212, 213, 214, -1,
      214, 213, 215, -1,
      214, 215, 216, -1,
      216, 215, 217, -1,
      216, 217, 218, -1,
      219, 220, 221, -1,
      221, 220, 222, -1,
      221, 222, 223, -1,
      223, 222, 224, -1,
      223, 224, 225, -1,
      225, 224, 226, -1,
      225, 226, 227, -1,
      227, 226, 228, -1,
      227, 228, 169, -1,
      169, 228, 229, -1,
      169, 229, 170, -1,
      230, 231, 198, -1,
      198, 231, 232, -1,
      198, 232, 199, -1,
      181, 233, 183, -1,
      183, 233, 234, -1,
      183, 234, 235, -1,
      235, 234, 236, -1,
      235, 236, 237, -1,
      237, 236, 238, -1,
      237, 238, 239, -1,
      239, 238, 240, -1,
      239, 240, 241, -1,
      241, 240, 242, -1,
      241, 242, 243, -1,
      243, 242, 244, -1,
      243, 244, 208, -1,
      208, 244, 245, -1,
      208, 245, 209, -1,
      246, 247, 248, -1,
      248, 247, 249, -1,
      248, 249, 178, -1,
      178, 249, 250, -1,
      178, 250, 176, -1,
      161, 251, 159, -1,
      159, 251, 252, -1,
      159, 252, 253, -1,
      253, 252, 254, -1,
      253, 254, 255, -1,
      255, 254, 256, -1,
      255, 256, 219, -1,
      219, 256, 257, -1,
      219, 257, 220, -1,
      194, 258, 152, -1,
      152, 258, 259, -1,
      152, 259, 153, -1,
      153, 259, 260, -1,
      153, 260, 207, -1,
      167, 166, 261, -1,
      261, 166, 262, -1,
      261, 262, 263, -1,
      263, 262, 264, -1,
      263, 264, 265, -1,
      265, 264, 266, -1,
      265, 266, 267, -1,
      267, 266, 268, -1,
      267, 268, 246, -1,
      246, 268, 269, -1,
      246, 269, 247, -1,
      157, 154, 270, -1,
      270, 154, 156, -1,
      270, 156, 198, -1,
      198, 156, 271, -1,
      198, 271, 230, -1,
      272, 273, 274, -1,
      217, 275, 218, -1,
      218, 275, 272, -1,
      218, 272, 276, -1,
      276, 272, 274, -1,
      196, 277, 197, -1,
      197, 277, 278, -1,
      197, 278, 279, -1,
      279, 278, 280, -1,
      279, 280, 281, -1,
      281, 280, 282, -1,
      281, 282, 283, -1,
      283, 282, 284, -1,
      283, 284, 285, -1,
      285, 284, 286, -1,
      285, 286, 287, -1,
      287, 286, 288, -1,
      287, 288, 289, -1,
      289, 288, 290, -1,
      289, 290, 175, -1,
      175, 290, 291, -1,
      175, 291, 174, -1,
      292, 293, 272, -1,
      272, 293, 294, -1,
      272, 294, 273, -1,
      295, 296, 297, -1,
      296, 298, 297, -1,
      297, 298, 299, -1,
      297, 299, 300, -1,
      292, 272, 297, -1,
      297, 272, 301, -1,
      297, 301, 295, -1,
      239, 147, 146, -1,
      148, 183, 235, -1,
      239, 146, 237, -1,
      237, 146, 150, -1,
      237, 150, 235, -1,
      235, 150, 149, -1,
      235, 149, 148, -1,
      148, 6, 183, -1,
      183, 6, 5, -1,
      183, 5, 182, -1,
      182, 5, 11, -1,
      182, 11, 180, -1,
      180, 11, 10, -1,
      180, 10, 178, -1,
      178, 10, 9, -1,
      178, 9, 248, -1,
      248, 9, 8, -1,
      248, 8, 246, -1,
      15, 263, 265, -1,
      246, 8, 7, -1,
      246, 7, 267, -1,
      7, 12, 267, -1,
      267, 12, 13, -1,
      267, 13, 265, -1,
      265, 13, 16, -1,
      265, 16, 15, -1,
      18, 168, 167, -1,
      263, 15, 14, -1,
      263, 14, 261, -1,
      261, 14, 4, -1,
      261, 4, 167, -1,
      167, 4, 3, -1,
      167, 3, 18, -1,
      26, 187, 185, -1,
      168, 18, 17, -1,
      168, 17, 185, -1,
      185, 17, 24, -1,
      185, 24, 26, -1,
      187, 26, 25, -1,
      187, 25, 191, -1,
      191, 25, 23, -1,
      191, 23, 162, -1,
      162, 23, 22, -1,
      162, 22, 161, -1,
      161, 22, 21, -1,
      161, 21, 251, -1,
      251, 21, 20, -1,
      251, 20, 252, -1,
      252, 20, 19, -1,
      252, 19, 254, -1,
      44, 222, 220, -1,
      254, 19, 30, -1,
      254, 30, 256, -1,
      256, 30, 29, -1,
      256, 29, 257, -1,
      29, 28, 257, -1,
      257, 28, 27, -1,
      257, 27, 220, -1,
      220, 27, 45, -1,
      220, 45, 44, -1,
      42, 224, 43, -1,
      43, 224, 222, -1,
      43, 222, 44, -1,
      42, 41, 224, -1,
      224, 41, 35, -1,
      224, 35, 226, -1,
      226, 35, 34, -1,
      226, 34, 228, -1,
      228, 34, 37, -1,
      228, 37, 229, -1,
      229, 37, 79, -1,
      229, 79, 170, -1,
      170, 79, 78, -1,
      170, 78, 171, -1,
      171, 78, 51, -1,
      171, 51, 151, -1,
      151, 51, 50, -1,
      151, 50, 152, -1,
      152, 50, 49, -1,
      152, 49, 196, -1,
      196, 49, 77, -1,
      196, 77, 277, -1,
      277, 77, 76, -1,
      277, 76, 278, -1,
      278, 76, 75, -1,
      278, 75, 280, -1,
      280, 75, 68, -1,
      280, 68, 282, -1,
      282, 68, 67, -1,
      282, 67, 284, -1,
      284, 67, 66, -1,
      284, 66, 286, -1,
      286, 66, 53, -1,
      286, 53, 288, -1,
      288, 53, 52, -1,
      288, 52, 290, -1,
      290, 52, 73, -1,
      290, 73, 291, -1,
      291, 73, 74, -1,
      291, 74, 174, -1,
      165, 174, 63, -1,
      63, 174, 74, -1,
      154, 165, 33, -1,
      33, 165, 63, -1,
      94, 155, 90, -1,
      90, 155, 154, -1,
      90, 154, 57, -1,
      57, 154, 33, -1,
      102, 156, 1, -1,
      1, 156, 155, -1,
      1, 155, 2, -1,
      2, 155, 94, -1,
      107, 232, 231, -1,
      156, 102, 101, -1,
      156, 101, 271, -1,
      271, 101, 100, -1,
      271, 100, 230, -1,
      230, 100, 0, -1,
      230, 0, 231, -1,
      231, 0, 108, -1,
      231, 108, 107, -1,
      199, 232, 106, -1,
      106, 232, 107, -1,
      106, 104, 199, -1,
      199, 104, 103, -1,
      199, 103, 201, -1,
      201, 103, 111, -1,
      201, 111, 203, -1,
      203, 111, 110, -1,
      203, 110, 205, -1,
      205, 110, 114, -1,
      205, 114, 153, -1,
      92, 223, 105, -1,
      105, 223, 225, -1,
      105, 225, 109, -1,
      109, 225, 227, -1,
      109, 227, 112, -1,
      112, 227, 169, -1,
      112, 169, 113, -1,
      113, 169, 153, -1,
      113, 153, 114, -1,
      92, 93, 223, -1,
      223, 93, 95, -1,
      223, 95, 221, -1,
      219, 221, 96, -1,
      96, 221, 95, -1,
      96, 117, 219, -1,
      219, 117, 116, -1,
      219, 116, 255, -1,
      255, 116, 127, -1,
      255, 127, 253, -1,
      127, 140, 253, -1,
      253, 140, 139, -1,
      253, 139, 159, -1,
      159, 139, 138, -1,
      159, 138, 160, -1,
      160, 138, 133, -1,
      160, 133, 189, -1,
      189, 133, 132, -1,
      189, 132, 190, -1,
      190, 132, 131, -1,
      190, 131, 192, -1,
      192, 131, 128, -1,
      192, 128, 193, -1,
      193, 128, 125, -1,
      193, 125, 188, -1,
      188, 125, 136, -1,
      188, 136, 186, -1,
      186, 136, 143, -1,
      186, 143, 184, -1,
      184, 143, 142, -1,
      184, 142, 166, -1,
      166, 142, 141, -1,
      166, 141, 262, -1,
      262, 141, 137, -1,
      262, 137, 264, -1,
      115, 176, 129, -1,
      129, 176, 250, -1,
      129, 250, 130, -1,
      130, 250, 249, -1,
      130, 249, 126, -1,
      126, 249, 247, -1,
      126, 247, 123, -1,
      123, 247, 269, -1,
      123, 269, 124, -1,
      124, 269, 268, -1,
      124, 268, 134, -1,
      134, 268, 266, -1,
      134, 266, 135, -1,
      135, 266, 264, -1,
      135, 264, 137, -1,
      177, 176, 118, -1,
      118, 176, 115, -1,
      177, 118, 122, -1,
      177, 122, 179, -1,
      179, 122, 121, -1,
      179, 121, 181, -1,
      181, 121, 120, -1,
      181, 120, 233, -1,
      233, 120, 119, -1,
      233, 119, 234, -1,
      234, 119, 99, -1,
      234, 99, 236, -1,
      99, 98, 236, -1,
      236, 98, 97, -1,
      236, 97, 238, -1,
      238, 97, 91, -1,
      238, 91, 240, -1,
      91, 89, 240, -1,
      240, 89, 88, -1,
      240, 88, 242, -1,
      88, 56, 242, -1,
      242, 56, 55, -1,
      242, 55, 244, -1,
      244, 55, 54, -1,
      244, 54, 245, -1,
      245, 54, 87, -1,
      245, 87, 209, -1,
      209, 87, 86, -1,
      209, 86, 211, -1,
      211, 86, 82, -1,
      211, 82, 213, -1,
      213, 82, 81, -1,
      213, 81, 215, -1,
      217, 215, 80, -1,
      80, 215, 81, -1,
      217, 80, 40, -1,
      217, 40, 275, -1,
      275, 40, 39, -1,
      275, 39, 272, -1,
      272, 39, 38, -1,
      272, 38, 301, -1,
      301, 38, 32, -1,
      301, 32, 295, -1,
      295, 32, 31, -1,
      295, 31, 296, -1,
      296, 31, 36, -1,
      296, 36, 298, -1,
      298, 36, 65, -1,
      298, 65, 299, -1,
      299, 65, 64, -1,
      299, 64, 300, -1,
      300, 64, 62, -1,
      300, 62, 297, -1,
      297, 62, 61, -1,
      297, 61, 292, -1,
      292, 61, 72, -1,
      292, 72, 293, -1,
      293, 72, 71, -1,
      293, 71, 294, -1,
      294, 71, 70, -1,
      294, 70, 273, -1,
      273, 70, 69, -1,
      273, 69, 274, -1,
      274, 69, 85, -1,
      274, 85, 276, -1,
      276, 85, 84, -1,
      276, 84, 218, -1,
      218, 84, 83, -1,
      218, 83, 216, -1,
      214, 216, 60, -1,
      60, 216, 83, -1,
      214, 60, 59, -1,
      214, 59, 212, -1,
      212, 59, 58, -1,
      212, 58, 210, -1,
      210, 58, 48, -1,
      210, 48, 208, -1,
      208, 48, 47, -1,
      208, 47, 243, -1,
      243, 47, 46, -1,
      243, 46, 241, -1,
      241, 46, 145, -1,
      241, 145, 239, -1,
      239, 145, 144, -1,
      239, 144, 147, -1,
      270, 302, 303, -1,
      270, 303, 157, -1,
      157, 303, 304, -1,
      157, 304, 158, -1,
      158, 304, 305, -1,
      158, 305, 163, -1,
      163, 305, 306, -1,
      163, 306, 164, -1,
      164, 306, 307, -1,
      164, 307, 172, -1,
      172, 307, 308, -1,
      172, 308, 173, -1,
      173, 308, 309, -1,
      173, 309, 175, -1,
      175, 309, 310, -1,
      175, 310, 289, -1,
      289, 310, 311, -1,
      289, 311, 287, -1,
      287, 311, 312, -1,
      287, 312, 285, -1,
      285, 312, 313, -1,
      285, 313, 283, -1,
      283, 313, 314, -1,
      283, 314, 281, -1,
      281, 314, 315, -1,
      281, 315, 279, -1,
      279, 315, 316, -1,
      279, 316, 197, -1,
      197, 316, 317, -1,
      197, 317, 195, -1,
      195, 317, 318, -1,
      195, 318, 194, -1,
      194, 318, 319, -1,
      194, 319, 258, -1,
      258, 319, 320, -1,
      258, 320, 259, -1,
      259, 320, 321, -1,
      259, 321, 260, -1,
      260, 321, 322, -1,
      260, 322, 207, -1,
      207, 322, 323, -1,
      207, 323, 206, -1,
      206, 323, 324, -1,
      206, 324, 204, -1,
      204, 324, 325, -1,
      204, 325, 202, -1,
      202, 325, 326, -1,
      202, 326, 200, -1,
      200, 326, 327, -1,
      200, 327, 198, -1,
      198, 327, 302, -1,
      198, 302, 270, -1,
    ]
  }
}

Shape {
  appearance Appearance {
    material Material {
      diffuseColor 0.2235 0.2235 0.2235
      specularColor 0.1137 0.1137 0.1137
      ambientIntensity 0.2
      transparency 0.0000
      shininess 0.5
    }
  }
  geometry IndexedFaceSet {
    ccw TRUE
    solid FALSE
    coord DEF co Coordinate {
      point [
        0.143780 0.540583 0.365221,
        0.141345 0.540633 0.364936,
        0.138715 0.540804 0.363970,
        0.136447 0.541078 0.362419,
        0.134640 0.541437 0.360379,
        0.133435 0.541846 0.358062,
        0.132820 0.542306 0.355455,
        0.132833 0.542735 0.353019,
        0.133517 0.543209 0.350329,
        0.134848 0.543634 0.347918,
        0.136720 0.543986 0.345921,
        0.138938 0.544239 0.344485,
        0.141443 0.544393 0.343615,
        0.143938 0.544439 0.343357,
        0.146018 0.544402 0.343566,
        0.148681 0.544246 0.344448,
        0.151005 0.543985 0.345932,
        0.152875 0.543635 0.347912,
        0.154156 0.543233 0.350191,
        0.154852 0.542783 0.352746,
        0.154894 0.542299 0.355489,
        0.154237 0.541824 0.358183,
        0.152912 0.541395 0.360616,
        0.151043 0.541043 0.362615,
        0.148767 0.540783 0.364088,
        0.146254 0.540629 0.364962,
      ]
    }
    coordIndex [
      14, 13, 0, -1,
      11, 7, 12, -1,
      12, 7, 6, -1,
      12, 6, 13, -1,
      6, 5, 13, -1,
      13, 5, 4, -1,
      13, 4, 3, -1,
      24, 17, 16, -1,
      3, 2, 13, -1,
      13, 2, 1, -1,
      13, 1, 0, -1,
      17, 24, 18, -1,
      18, 24, 23, -1,
      18, 23, 19, -1,
      0, 25, 14, -1,
      14, 25, 24, -1,
      14, 24, 15, -1,
      15, 24, 16, -1,
      11, 10, 7, -1,
      7, 10, 9, -1,
      7, 9, 8, -1,
      19, 23, 20, -1,
      20, 23, 22, -1,
      20, 22, 21, -1,
    ]
  }
}
