#VRML V2.0 utf8

Shape {
  appearance Appearance {
    material Material {
      diffuseColor 0.6667 0.6667 0.6667
      specularColor 0.4667 0.4667 0.4667
      ambientIntensity 0.2
      transparency 0.0000
      shininess 0.5
    }
  }
  geometry IndexedFaceSet {
    ccw TRUE
    solid FALSE
    coord DEF co Coordinate {
      point [
        2.293307 1.582528 0.310212,
        2.293307 1.546463 0.296253,
        2.293307 1.092520 0.500000,
        2.293307 1.376102 0.122265,
        2.293307 1.342520 0.118110,
        2.293307 1.015748 0.500000,
        2.293307 -0.452756 0.307087,
        2.293307 -0.452756 0.425197,
        2.293307 -0.330709 0.500000,
        2.293307 1.514887 0.273926,
        2.293307 1.489704 0.244576,
        2.293307 1.472434 0.209974,
        2.293307 1.457323 0.179697,
        2.293307 0.531496 0.500000,
        2.293307 0.700787 0.500000,
        2.293307 0.633858 0.251969,
        2.293307 0.633858 0.177165,
        2.293307 0.692913 0.118110,
        2.293307 -0.216535 0.307087,
        2.293307 -0.216535 0.346457,
        2.293307 -0.137795 0.346457,
        2.293307 -0.137795 0.251969,
        2.293307 2.118110 0.500000,
        2.293307 2.078740 0.314961,
        2.293307 1.620908 0.314961,
        2.293307 1.435289 0.154016,
        2.293307 1.407659 0.134479,
        2.293307 -1.870079 0.236220,
        2.293307 -1.870079 0.314961,
        2.293307 -1.240157 0.307087,
        2.293307 -1.871420 0.325150,
        2.293307 -1.236133 0.337656,
        2.293307 2.118110 0.354331,
        2.293307 2.116769 0.344141,
        2.293307 2.112835 0.334646,
        2.293307 0.663386 0.126022,
        2.293307 0.651155 0.135407,
        2.293307 0.677629 0.120122,
        2.293307 0.641770 0.147638,
        2.293307 0.635870 0.161881,
        2.293307 -1.181102 0.409373,
        2.293307 -1.205564 0.390603,
        2.293307 -1.224334 0.366142,
        2.293307 -1.152617 0.421172,
        2.293307 -1.875353 0.334646,
        2.293307 -1.122047 0.425197,
        2.293307 -1.881610 0.342800,
        2.293307 -1.889764 0.349056,
        2.293307 -1.899259 0.352989,
        2.293307 -1.919639 0.352989,
        2.293307 -1.929134 0.349056,
        2.293307 -2.244094 0.500000,
        2.293307 -1.937288 0.342800,
        2.293307 -1.943544 0.334646,
        2.293307 -1.948819 0.039370,
        2.293307 -2.244094 0.039370,
        2.293307 -1.948819 0.314961,
        2.293307 -1.947478 0.325150,
        2.293307 2.106579 0.326492,
        2.293307 2.098425 0.320235,
        2.293307 2.088930 0.316302,
        2.293307 -1.244607 0.230663,
        2.293307 -1.249930 0.222883,
        2.293307 -1.256950 0.216591,
        2.293307 -1.394458 0.121329,
        2.293307 -1.402089 0.118923,
        2.293307 -1.410048 0.118110,
        2.293307 -1.751969 0.118110,
        2.293307 -1.866054 0.205651,
        2.293307 -1.811024 0.133934,
        2.293307 -1.835485 0.152704,
        2.293307 -1.854255 0.177165,
        2.293307 -1.909449 0.354331,
        2.293307 -1.387471 0.125227,
        2.293307 -1.240157 0.248845,
        2.293307 -1.241286 0.239486,
        2.293307 -1.782538 0.122135,
        2.352362 -1.240157 0.307087,
        2.352362 -1.236133 0.337656,
        2.352362 -1.870079 0.314961,
        2.352362 -0.452756 0.307087,
        2.352362 -0.216535 0.307087,
        2.352362 -0.452756 0.425197,
        2.352362 -0.216535 0.346457,
        2.352362 -0.137795 0.346457,
        2.352362 -1.947478 0.325150,
        2.352362 -1.943544 0.334646,
        2.352362 -2.244094 0.500000,
        2.352362 -1.937288 0.342800,
        2.352362 -1.929134 0.349056,
        2.352362 -1.889764 0.349056,
        2.352362 -1.881610 0.342800,
        2.352362 -1.122047 0.425197,
        2.352362 -1.875353 0.334646,
        2.352362 -1.152617 0.421172,
        2.352362 -1.871420 0.325150,
        2.352362 -1.181102 0.409373,
        2.352362 -1.205564 0.390603,
        2.352362 -1.224334 0.366142,
        2.352362 -2.244094 0.039370,
        2.352362 -1.948819 0.039370,
        2.352362 -1.948819 0.314961,
        2.352362 1.472434 0.209974,
        2.352362 1.489704 0.244576,
        2.352362 0.633858 0.251969,
        2.352362 1.514887 0.273926,
        2.352362 -1.751969 0.118110,
        2.352362 -1.870079 0.236220,
        2.352362 -1.410048 0.118110,
        2.352362 -1.402089 0.118923,
        2.352362 1.546463 0.296253,
        2.352362 1.582528 0.310212,
        2.352362 2.118110 0.500000,
        2.352362 1.620908 0.314961,
        2.352362 2.078740 0.314961,
        2.352362 2.118110 0.354331,
        2.352362 2.116769 0.344141,
        2.352362 -1.919639 0.352989,
        2.352362 -1.909449 0.354331,
        2.352362 -1.899259 0.352989,
        2.352362 -0.137795 0.251969,
        2.352362 -1.256950 0.216591,
        2.352362 -1.249930 0.222883,
        2.352362 -1.244607 0.230663,
        2.352362 0.692913 0.118110,
        2.352362 0.633858 0.177165,
        2.352362 1.342520 0.118110,
        2.352362 1.376102 0.122265,
        2.352362 1.407659 0.134479,
        2.352362 1.435289 0.154016,
        2.352362 1.457323 0.179697,
        2.352362 -1.854255 0.177165,
        2.352362 -1.835485 0.152704,
        2.352362 -1.811024 0.133934,
        2.352362 -1.394458 0.121329,
        2.352362 -1.387471 0.125227,
        2.352362 -1.240157 0.248845,
        2.352362 -1.241286 0.239486,
        2.352362 2.098425 0.320235,
        2.352362 2.106579 0.326492,
        2.352362 2.112835 0.334646,
        2.352362 -1.866054 0.205651,
        2.352362 -1.782538 0.122135,
        2.352362 0.635870 0.161881,
        2.352362 0.641770 0.147638,
        2.352362 0.677629 0.120122,
        2.352362 0.651155 0.135407,
        2.352362 0.663386 0.126022,
        2.352362 2.088930 0.316302,
        -2.352362 -1.653543 0.039370,
        -2.352362 2.118110 0.039370,
        -2.293307 -1.653543 0.039370,
        -2.293307 2.118110 0.039370,
        -2.293307 -1.704444 0.106579,
        -2.293307 -1.698188 0.098425,
        -2.293307 -0.330709 0.500000,
        -2.293307 -1.712598 0.112836,
        -2.293307 2.118110 0.500000,
        -2.293307 1.092520 0.500000,
        -2.293307 1.015748 0.500000,
        -2.293307 -1.771654 0.039370,
        -2.293307 -1.771654 0.078740,
        -2.293307 -2.244094 0.039370,
        -2.293307 -1.770312 0.088930,
        -2.293307 -2.244094 0.500000,
        -2.293307 -1.766379 0.098425,
        -2.293307 -1.760122 0.106579,
        -2.293307 -1.751969 0.112836,
        -2.293307 -1.742473 0.116769,
        -2.293307 -1.732283 0.118110,
        -2.293307 -1.722094 0.116769,
        -2.293307 -1.694255 0.088930,
        -2.293307 -1.692913 0.078740,
        -2.293307 0.531496 0.500000,
        -2.293307 -1.687639 0.059055,
        -2.293307 -1.681382 0.050901,
        -2.293307 -1.673228 0.044644,
        -2.293307 0.700787 0.500000,
        -2.293307 -1.663733 0.040711,
        -2.293307 -1.691572 0.068550,
        -2.352362 -1.771654 0.078740,
        -2.352362 -1.771654 0.039370,
        -2.352362 -2.244094 0.039370,
        -2.352362 -1.692913 0.078740,
        -2.352362 2.118110 0.500000,
        -2.352362 -1.694255 0.088930,
        -2.352362 -1.698188 0.098425,
        -2.352362 -1.732283 0.118110,
        -2.352362 -1.742473 0.116769,
        -2.352362 -2.244094 0.500000,
        -2.352362 -1.751969 0.112836,
        -2.352362 -1.760122 0.106579,
        -2.352362 -1.766379 0.098425,
        -2.352362 -1.770312 0.088930,
        -2.352362 -1.663733 0.040711,
        -2.352362 -1.673228 0.044644,
        -2.352362 -1.704444 0.106579,
        -2.352362 -1.712598 0.112836,
        -2.352362 -1.722094 0.116769,
        -2.352362 -1.681382 0.050901,
        -2.352362 -1.687639 0.059055,
        -2.352362 -1.691572 0.068550,
        -2.122047 -2.244094 -0.019685,
        -2.122047 -2.244094 0.039370,
        -2.293307 -2.244094 -0.019685,
        -2.308592 -2.244094 -0.017673,
        -2.322835 -2.244094 -0.011773,
        -2.308592 -2.244094 0.557043,
        -2.322835 -2.244094 0.551143,
        -2.335065 -2.244094 0.541758,
        -2.344450 -2.244094 0.529528,
        -2.350350 -2.244094 0.024085,
        -2.344450 -2.244094 0.009843,
        -2.335065 -2.244094 -0.002388,
        -2.041339 -2.244094 0.500000,
        -2.041339 -2.244094 0.559055,
        -2.129921 -2.244094 0.500000,
        -2.129921 -2.244094 0.559055,
        -2.293307 -2.244094 0.559055,
        -2.350350 -2.244094 0.515285,
        0.654952 1.032056 0.500000,
        0.642439 1.015748 0.500000,
        0.572835 1.015748 0.500000,
        0.490717 0.684480 0.500000,
        0.503230 0.700787 0.500000,
        0.572835 0.700787 0.500000,
        1.165354 2.181102 0.500000,
        1.165354 2.244094 0.500000,
        1.573819 2.244094 0.500000,
        0.288862 -1.682724 0.500000,
        0.287521 -1.692913 0.500000,
        0.139764 -1.692913 0.500000,
        -0.774130 -1.682724 0.500000,
        -0.775471 -1.692913 0.500000,
        -1.159449 -1.692913 0.500000,
        -1.923228 -2.125984 0.500000,
        0.615933 2.158285 0.500000,
        0.622047 2.157480 0.500000,
        0.572835 1.092520 0.500000,
        0.610236 2.160645 0.500000,
        0.572835 2.185039 0.500000,
        0.598425 2.185039 0.500000,
        0.598425 2.181102 0.500000,
        1.147846 2.158285 0.500000,
        1.153543 2.160645 0.500000,
        1.160433 1.092520 0.500000,
        1.158435 2.164399 0.500000,
        1.160433 2.167002 0.500000,
        0.599230 2.174989 0.500000,
        0.601590 2.169291 0.500000,
        0.605344 2.164399 0.500000,
        1.118915 2.174989 0.500000,
        0.638750 2.164399 0.500000,
        0.642505 2.169291 0.500000,
        0.628161 2.158285 0.500000,
        0.633858 2.160645 0.500000,
        1.125029 2.164399 0.500000,
        1.121275 2.169291 0.500000,
        1.129921 2.160645 0.500000,
        1.135619 2.158285 0.500000,
        1.141732 2.157480 0.500000,
        0.645669 2.181102 0.500000,
        0.645669 2.185039 0.500000,
        1.118110 2.185039 0.500000,
        0.644865 2.174989 0.500000,
        1.118110 2.181102 0.500000,
        -1.159449 1.092520 0.500000,
        -1.159449 2.185039 0.500000,
        -0.726378 1.092520 0.500000,
        -0.726378 2.185039 0.500000,
        0.139764 1.092520 0.500000,
        0.139764 2.185039 0.500000,
        -1.185039 2.185039 0.500000,
        -1.185039 2.181102 0.500000,
        -1.185844 2.174989 0.500000,
        -1.592520 2.185039 0.500000,
        -1.232283 2.185039 0.500000,
        -1.232283 2.181102 0.500000,
        -1.225365 2.164399 0.500000,
        -1.592520 1.092520 0.500000,
        -1.229119 2.169291 0.500000,
        -1.231479 2.174989 0.500000,
        -1.220472 2.160645 0.500000,
        -1.214775 2.158285 0.500000,
        -1.208661 2.157480 0.500000,
        -1.202548 2.158285 0.500000,
        -1.196850 2.160645 0.500000,
        -1.191958 2.164399 0.500000,
        -1.188204 2.169291 0.500000,
        -1.744094 2.118110 0.500000,
        -1.733905 2.119452 0.500000,
        -1.854255 2.177165 0.500000,
        -1.835485 2.152704 0.500000,
        -2.129921 1.092520 0.500000,
        -1.704724 2.185039 0.500000,
        -1.704724 2.157480 0.500000,
        -1.706066 2.147291 0.500000,
        -1.724409 2.123385 0.500000,
        -1.716256 2.129641 0.500000,
        -1.709999 2.137795 0.500000,
        -1.811024 2.133934 0.500000,
        -1.782538 2.122135 0.500000,
        -1.751969 2.118110 0.500000,
        -2.106299 2.244094 0.500000,
        -1.870079 2.244094 0.500000,
        -2.106299 2.236220 0.500000,
        -1.870079 2.236220 0.500000,
        -2.109261 2.209939 0.500000,
        -1.866054 2.205651 0.500000,
        -2.117996 2.184974 0.500000,
        -2.129921 2.165995 0.500000,
        -2.173163 2.129807 0.500000,
        -2.150769 2.143878 0.500000,
        -2.198128 2.121072 0.500000,
        -2.132067 2.162580 0.500000,
        -2.224409 2.118110 0.500000,
        -2.129921 -0.330709 0.500000,
        -1.824803 -1.719286 0.500000,
        -1.865572 -1.750569 0.500000,
        -1.896855 -1.791339 0.500000,
        -1.916521 -1.838815 0.500000,
        -1.923228 -1.889764 0.500000,
        -1.592520 -0.330709 0.500000,
        -1.726378 -1.692913 0.500000,
        -1.777327 -1.699621 0.500000,
        -1.957822 -2.209501 0.500000,
        -1.939052 -2.185039 0.500000,
        -1.927253 -2.156554 0.500000,
        -1.982283 -2.228271 0.500000,
        -2.010769 -2.240070 0.500000,
        -1.159449 -0.330709 0.500000,
        -1.592520 -1.692913 0.500000,
        -0.746291 -1.654885 0.500000,
        -0.736101 -1.653543 0.500000,
        -0.726378 -0.330709 0.500000,
        -0.726378 -1.654823 0.500000,
        -0.755786 -1.658818 0.500000,
        -0.763940 -1.665075 0.500000,
        -0.770197 -1.673228 0.500000,
        -0.702006 -1.673228 0.500000,
        -0.708263 -1.665075 0.500000,
        0.139764 -0.330709 0.500000,
        -0.716416 -1.658818 0.500000,
        -0.725911 -1.654885 0.500000,
        -0.698073 -1.682724 0.500000,
        -0.696731 -1.692913 0.500000,
        0.572835 -1.692913 0.500000,
        0.366261 -1.692913 0.500000,
        0.364919 -1.682724 0.500000,
        0.360986 -1.673228 0.500000,
        0.354730 -1.665075 0.500000,
        0.572835 -0.330709 0.500000,
        0.346576 -1.658818 0.500000,
        0.337081 -1.654885 0.500000,
        0.326891 -1.653543 0.500000,
        0.316701 -1.654885 0.500000,
        0.307206 -1.658818 0.500000,
        0.299052 -1.665075 0.500000,
        0.292795 -1.673228 0.500000,
        1.486220 -1.889764 0.500000,
        1.479513 -1.838815 0.500000,
        1.573819 -0.330709 0.500000,
        1.459848 -1.791339 0.500000,
        1.428564 -1.750569 0.500000,
        1.387795 -1.719286 0.500000,
        1.573819 -2.209414 0.500000,
        1.543876 -2.186439 0.500000,
        1.486220 -2.047244 0.500000,
        1.512593 -2.145669 0.500000,
        1.492928 -2.098193 0.500000,
        1.160433 -1.692913 0.500000,
        1.160433 -0.330709 0.500000,
        1.289370 -1.692913 0.500000,
        1.340319 -1.699621 0.500000,
        1.584646 -2.217722 0.500000,
        1.844488 -0.330709 0.500000,
        1.632122 -2.237387 0.500000,
        1.683071 -2.244094 0.500000,
        1.844488 1.092520 0.500000,
        1.844488 1.132254 0.500000,
        1.887910 1.137970 0.500000,
        2.232283 2.244094 0.500000,
        2.232283 2.118110 0.500000,
        2.016867 1.949938 0.500000,
        1.984252 1.974965 0.500000,
        1.946271 1.990697 0.500000,
        1.844488 2.244094 0.500000,
        1.944882 1.161569 0.500000,
        1.993805 1.199109 0.500000,
        2.031344 1.248031 0.500000,
        2.057626 1.879342 0.500000,
        2.041894 1.917323 0.500000,
        2.054943 1.305004 0.500000,
        2.062992 1.366142 0.500000,
        2.062992 1.838583 0.500000,
        1.374016 1.161569 0.500000,
        1.430987 1.137970 0.500000,
        1.164549 2.174989 0.500000,
        1.430987 1.988014 0.500000,
        1.374016 1.964415 0.500000,
        1.573819 1.092520 0.500000,
        1.325093 1.926876 0.500000,
        1.287553 1.877953 0.500000,
        1.263954 1.305004 0.500000,
        1.287553 1.248031 0.500000,
        1.325093 1.199109 0.500000,
        1.162190 2.169291 0.500000,
        1.263954 1.820981 0.500000,
        1.255906 1.759843 0.500000,
        1.255906 1.366142 0.500000,
        -1.218504 0.897638 0.500000,
        -1.221187 0.918017 0.500000,
        -1.159449 1.015748 0.500000,
        -1.229053 0.937008 0.500000,
        -1.241567 0.953316 0.500000,
        -1.257874 0.965829 0.500000,
        -1.218504 0.740157 0.500000,
        -1.159449 0.700787 0.500000,
        -1.221187 0.719778 0.500000,
        -1.475104 0.973695 0.500000,
        -1.494094 0.965829 0.500000,
        -1.592520 1.015748 0.500000,
        -1.510402 0.953316 0.500000,
        -1.522915 0.937008 0.500000,
        -1.530781 0.918017 0.500000,
        -1.533465 0.897638 0.500000,
        -1.592520 0.700787 0.500000,
        -1.533465 0.740157 0.500000,
        -1.276865 0.973695 0.500000,
        -1.297244 0.976378 0.500000,
        -1.454724 0.976378 0.500000,
        -1.276865 0.664100 0.500000,
        -1.257874 0.671967 0.500000,
        -1.159449 0.531496 0.500000,
        -1.241567 0.684480 0.500000,
        -1.229053 0.700787 0.500000,
        -1.530781 0.719778 0.500000,
        -1.522915 0.700787 0.500000,
        -1.592520 0.531496 0.500000,
        -1.510402 0.684480 0.500000,
        -1.494094 0.671967 0.500000,
        -1.475104 0.664100 0.500000,
        -1.454724 0.661417 0.500000,
        -1.297244 0.661417 0.500000,
        -0.843794 0.565675 0.500000,
        -0.824803 0.573541 0.500000,
        -0.726378 0.531496 0.500000,
        -0.808496 0.586055 0.500000,
        -1.097711 0.621353 0.500000,
        -1.089844 0.602362 0.500000,
        -1.077331 0.586055 0.500000,
        -1.061024 0.573541 0.500000,
        -1.100394 0.641732 0.500000,
        -1.100394 0.700787 0.500000,
        -0.795982 0.602362 0.500000,
        -0.788116 0.621353 0.500000,
        -0.726378 0.700787 0.500000,
        -0.785433 0.641732 0.500000,
        -0.785433 0.700787 0.500000,
        -1.042033 0.565675 0.500000,
        -1.021654 0.562992 0.500000,
        -0.864173 0.562992 0.500000,
        -0.785433 0.897638 0.500000,
        -0.726378 1.015748 0.500000,
        -0.788116 0.918017 0.500000,
        -0.795982 0.937008 0.500000,
        -0.808496 0.953316 0.500000,
        -0.824803 0.965829 0.500000,
        -0.843794 0.973695 0.500000,
        -0.864173 0.976378 0.500000,
        -1.021654 0.976378 0.500000,
        -1.042033 0.973695 0.500000,
        -1.061024 0.965829 0.500000,
        -1.100394 0.897638 0.500000,
        -1.097711 0.918017 0.500000,
        -1.077331 0.953316 0.500000,
        -1.089844 0.937008 0.500000,
        0.078026 0.918017 0.500000,
        0.070159 0.937008 0.500000,
        0.139764 1.015748 0.500000,
        0.139764 0.700787 0.500000,
        0.080709 0.700787 0.500000,
        0.080709 0.897638 0.500000,
        -0.234252 0.700787 0.500000,
        -0.363431 0.700787 0.500000,
        -0.360160 0.705993 0.500000,
        -0.664640 0.918017 0.500000,
        -0.667323 0.897638 0.500000,
        0.057646 0.953316 0.500000,
        0.041339 0.965829 0.500000,
        0.022348 0.973695 0.500000,
        0.001969 0.976378 0.500000,
        -0.155512 0.976378 0.500000,
        -0.175891 0.973695 0.500000,
        -0.608962 0.973695 0.500000,
        -0.627953 0.965829 0.500000,
        -0.360160 0.931802 0.500000,
        -0.369541 0.946731 0.500000,
        -0.231569 0.918017 0.500000,
        -0.382009 0.959199 0.500000,
        -0.223703 0.937008 0.500000,
        -0.667323 0.740157 0.500000,
        -0.644260 0.953316 0.500000,
        -0.656774 0.937008 0.500000,
        -0.413581 0.974404 0.500000,
        -0.431102 0.976378 0.500000,
        -0.588583 0.976378 0.500000,
        -0.354336 0.722636 0.500000,
        -0.352362 0.740157 0.500000,
        -0.234252 0.897638 0.500000,
        -0.352362 0.897638 0.500000,
        -0.354336 0.915159 0.500000,
        -0.396938 0.968580 0.500000,
        -0.211189 0.953316 0.500000,
        -0.194882 0.965829 0.500000,
        -0.627953 0.671967 0.500000,
        -0.608962 0.664100 0.500000,
        -0.664640 0.719778 0.500000,
        -0.656774 0.700787 0.500000,
        -0.644260 0.684480 0.500000,
        -0.231569 0.621353 0.500000,
        -0.223703 0.602362 0.500000,
        -0.211189 0.586055 0.500000,
        -0.194882 0.573541 0.500000,
        0.022348 0.565675 0.500000,
        0.041339 0.573541 0.500000,
        0.139764 0.531496 0.500000,
        0.057646 0.586055 0.500000,
        0.070159 0.602362 0.500000,
        0.078026 0.621353 0.500000,
        0.080709 0.641732 0.500000,
        -0.369541 0.691064 0.500000,
        -0.382009 0.678596 0.500000,
        -0.396938 0.669215 0.500000,
        -0.234252 0.641732 0.500000,
        -0.588583 0.661417 0.500000,
        -0.431102 0.661417 0.500000,
        -0.413581 0.663391 0.500000,
        -0.175891 0.565675 0.500000,
        -0.155512 0.562992 0.500000,
        0.001969 0.562992 0.500000,
        0.511096 0.918017 0.500000,
        0.503230 0.937008 0.500000,
        0.209368 0.937008 0.500000,
        0.221881 0.953316 0.500000,
        0.238189 0.965829 0.500000,
        0.490717 0.953316 0.500000,
        0.474409 0.965829 0.500000,
        0.455419 0.973695 0.500000,
        0.435039 0.976378 0.500000,
        0.277559 0.976378 0.500000,
        0.257180 0.973695 0.500000,
        0.201502 0.918017 0.500000,
        0.198819 0.897638 0.500000,
        0.198819 0.740157 0.500000,
        0.511096 0.719778 0.500000,
        0.513780 0.740157 0.500000,
        0.513780 0.897638 0.500000,
        0.201502 0.719778 0.500000,
        0.209368 0.700787 0.500000,
        0.221881 0.684480 0.500000,
        0.238189 0.671967 0.500000,
        0.572835 0.531496 0.500000,
        0.455419 0.664100 0.500000,
        0.474409 0.671967 0.500000,
        0.257180 0.664100 0.500000,
        0.277559 0.661417 0.500000,
        0.435039 0.661417 0.500000,
        0.634573 0.798518 0.500000,
        0.642439 0.779528 0.500000,
        0.654952 0.763220 0.500000,
        0.671260 0.750707 0.500000,
        1.075510 0.700787 0.500000,
        0.888490 0.742841 0.500000,
        0.907480 0.750707 0.500000,
        1.088023 0.953316 0.500000,
        1.075510 0.937008 0.500000,
        0.944167 0.996757 0.500000,
        0.946850 0.976378 0.500000,
        0.634573 0.996757 0.500000,
        0.631890 0.976378 0.500000,
        0.631890 0.818898 0.500000,
        1.160433 0.976378 0.500000,
        1.143701 0.976378 0.500000,
        1.160433 1.015748 0.500000,
        1.123321 0.973695 0.500000,
        1.104331 0.965829 0.500000,
        0.923788 0.763220 0.500000,
        0.936301 0.779528 0.500000,
        1.067644 0.719778 0.500000,
        1.064961 0.740157 0.500000,
        0.944167 0.798518 0.500000,
        0.946850 0.818898 0.500000,
        1.064961 0.897638 0.500000,
        1.067644 0.918017 0.500000,
        0.690250 0.742841 0.500000,
        0.710630 0.740157 0.500000,
        0.868110 0.740157 0.500000,
        0.936301 1.015748 0.500000,
        0.923788 1.032056 0.500000,
        0.907480 1.044569 0.500000,
        0.690250 1.052435 0.500000,
        0.671260 1.044569 0.500000,
        0.888490 1.052435 0.500000,
        0.868110 1.055118 0.500000,
        0.710630 1.055118 0.500000,
        1.356859 0.684480 0.500000,
        1.369372 0.700787 0.500000,
        1.573819 0.700787 0.500000,
        1.377238 0.719778 0.500000,
        1.301181 0.976378 0.500000,
        1.573819 1.015748 0.500000,
        1.321561 0.973695 0.500000,
        1.369372 0.937008 0.500000,
        1.356859 0.953316 0.500000,
        1.340551 0.965829 0.500000,
        1.379921 0.740157 0.500000,
        1.379921 0.897638 0.500000,
        1.377238 0.918017 0.500000,
        1.143701 0.661417 0.500000,
        1.160433 0.661417 0.500000,
        1.160433 0.531496 0.500000,
        1.301181 0.661417 0.500000,
        1.573819 0.531496 0.500000,
        1.321561 0.664100 0.500000,
        1.340551 0.671967 0.500000,
        1.088023 0.684480 0.500000,
        1.104331 0.671967 0.500000,
        1.123321 0.664100 0.500000,
        2.023622 0.161493 0.500000,
        2.048083 0.180263 0.500000,
        2.015813 0.488304 0.500000,
        2.038207 0.474232 0.500000,
        2.056909 0.455530 0.500000,
        1.855257 0.149694 0.500000,
        1.885827 0.145669 0.500000,
        1.964567 0.145669 0.500000,
        1.995136 0.149694 0.500000,
        2.082677 0.381890 0.500000,
        2.079716 0.408172 0.500000,
        2.070981 0.433136 0.500000,
        1.990849 0.497039 0.500000,
        1.964567 0.500000 0.500000,
        1.844488 0.531496 0.500000,
        1.885827 0.500000 0.500000,
        1.859545 0.497039 0.500000,
        2.066854 0.204724 0.500000,
        2.078653 0.233210 0.500000,
        2.082677 0.263780 0.500000,
        1.771741 0.233210 0.500000,
        1.783540 0.204724 0.500000,
        1.767717 0.263780 0.500000,
        1.802310 0.180263 0.500000,
        1.826772 0.161493 0.500000,
        1.844488 0.154155 0.500000,
        1.793485 0.455530 0.500000,
        1.779413 0.433136 0.500000,
        1.770678 0.408172 0.500000,
        1.767717 0.381890 0.500000,
        1.844488 0.491770 0.500000,
        1.834581 0.488304 0.500000,
        1.812186 0.474232 0.500000,
        1.905512 1.996063 0.500000,
        1.844488 1.996063 0.500000,
        1.573819 1.996063 0.500000,
        1.492126 1.996063 0.500000,
        1.492126 1.129921 0.500000,
        1.573819 1.129921 0.500000,
        1.826772 1.129921 0.500000,
        -1.927165 0.965829 0.500000,
        -1.943473 0.953316 0.500000,
        -2.129921 1.015748 0.500000,
        -1.955986 0.937008 0.500000,
        -1.654258 0.918017 0.500000,
        -1.662124 0.937008 0.500000,
        -1.674637 0.953316 0.500000,
        -1.690945 0.965829 0.500000,
        -1.709935 0.973695 0.500000,
        -1.654258 0.719778 0.500000,
        -1.651575 0.740157 0.500000,
        -1.963852 0.918017 0.500000,
        -1.966535 0.897638 0.500000,
        -2.129921 0.700787 0.500000,
        -1.966535 0.740157 0.500000,
        -1.730315 0.976378 0.500000,
        -1.887795 0.976378 0.500000,
        -1.908175 0.973695 0.500000,
        -1.651575 0.897638 0.500000,
        -1.963852 0.719778 0.500000,
        -1.955986 0.700787 0.500000,
        -2.129921 0.531496 0.500000,
        -1.943473 0.684480 0.500000,
        -1.927165 0.671967 0.500000,
        -1.709935 0.664100 0.500000,
        -1.690945 0.671967 0.500000,
        -1.674637 0.684480 0.500000,
        -1.662124 0.700787 0.500000,
        -1.908175 0.664100 0.500000,
        -1.887795 0.661417 0.500000,
        -1.730315 0.661417 0.500000,
        1.844488 -2.244094 0.500000,
        1.921260 -1.122047 0.500000,
        1.923943 -1.142427 0.500000,
        1.931809 -1.161417 0.500000,
        1.944322 -1.177725 0.500000,
        1.960630 -1.190238 0.500000,
        2.154798 -0.865447 0.500000,
        2.146931 -0.846457 0.500000,
        2.134418 -0.830149 0.500000,
        2.118110 -0.817636 0.500000,
        1.979620 -0.809770 0.500000,
        1.960630 -0.817636 0.500000,
        1.944322 -0.830149 0.500000,
        1.931809 -0.846457 0.500000,
        1.923943 -0.865447 0.500000,
        1.921260 -0.885827 0.500000,
        2.099120 -1.198104 0.500000,
        2.118110 -1.190238 0.500000,
        2.134418 -1.177725 0.500000,
        2.146931 -1.161417 0.500000,
        1.979620 -1.198104 0.500000,
        2.000000 -1.200787 0.500000,
        2.078740 -1.200787 0.500000,
        2.154798 -1.142427 0.500000,
        2.157480 -1.122047 0.500000,
        2.157480 -0.885827 0.500000,
        2.099120 -0.809770 0.500000,
        2.078740 -0.807087 0.500000,
        2.000000 -0.807087 0.500000,
        1.844488 0.700787 0.500000,
        1.844488 1.015748 0.500000,
        -2.224409 2.118110 0.559055,
        -2.293307 2.118110 0.559055,
        -2.293307 1.092520 0.559055,
        0.364919 -1.682724 0.559055,
        0.366261 -1.692913 0.559055,
        0.572835 -1.692913 0.559055,
        1.492126 1.996063 0.559055,
        1.573819 1.996063 0.559055,
        1.164549 2.174989 0.559055,
        1.855257 0.149694 0.559055,
        1.844488 0.154155 0.559055,
        1.844488 -0.330709 0.559055,
        0.634573 0.996757 0.559055,
        0.642439 1.015748 0.559055,
        0.572835 1.015748 0.559055,
        -1.229053 0.937008 0.559055,
        -1.221187 0.918017 0.559055,
        -1.159449 1.015748 0.559055,
        -1.218504 0.897638 0.559055,
        -1.276865 0.973695 0.559055,
        -1.257874 0.965829 0.559055,
        -1.241567 0.953316 0.559055,
        -1.218504 0.740157 0.559055,
        -1.159449 0.700787 0.559055,
        -1.533465 0.897638 0.559055,
        -1.530781 0.918017 0.559055,
        -1.592520 1.015748 0.559055,
        -1.522915 0.937008 0.559055,
        -1.510402 0.953316 0.559055,
        -1.494094 0.965829 0.559055,
        -1.533465 0.740157 0.559055,
        -1.592520 0.700787 0.559055,
        -1.530781 0.719778 0.559055,
        -1.475104 0.973695 0.559055,
        -1.454724 0.976378 0.559055,
        -1.297244 0.976378 0.559055,
        -1.221187 0.719778 0.559055,
        -1.229053 0.700787 0.559055,
        -1.159449 0.531496 0.559055,
        -1.241567 0.684480 0.559055,
        -1.257874 0.671967 0.559055,
        -1.475104 0.664100 0.559055,
        -1.494094 0.671967 0.559055,
        -1.592520 0.531496 0.559055,
        -1.510402 0.684480 0.559055,
        -1.522915 0.700787 0.559055,
        -1.276865 0.664100 0.559055,
        -1.297244 0.661417 0.559055,
        -1.454724 0.661417 0.559055,
        -1.100394 0.897638 0.559055,
        -1.097711 0.918017 0.559055,
        -0.726378 1.015748 0.559055,
        -0.788116 0.918017 0.559055,
        -0.785433 0.897638 0.559055,
        -0.726378 0.700787 0.559055,
        -1.100394 0.700787 0.559055,
        -0.843794 0.973695 0.559055,
        -0.824803 0.965829 0.559055,
        -1.089844 0.937008 0.559055,
        -1.077331 0.953316 0.559055,
        -1.061024 0.965829 0.559055,
        -1.042033 0.973695 0.559055,
        -1.021654 0.976378 0.559055,
        -0.864173 0.976378 0.559055,
        -0.808496 0.953316 0.559055,
        -0.795982 0.937008 0.559055,
        -1.061024 0.573541 0.559055,
        -1.077331 0.586055 0.559055,
        -0.795982 0.602362 0.559055,
        -0.808496 0.586055 0.559055,
        -0.726378 0.531496 0.559055,
        -0.824803 0.573541 0.559055,
        -0.843794 0.565675 0.559055,
        -0.785433 0.700787 0.559055,
        -0.785433 0.641732 0.559055,
        -0.788116 0.621353 0.559055,
        -1.089844 0.602362 0.559055,
        -1.097711 0.621353 0.559055,
        -1.100394 0.641732 0.559055,
        -0.864173 0.562992 0.559055,
        -1.021654 0.562992 0.559055,
        -1.042033 0.565675 0.559055,
        -0.664640 0.918017 0.559055,
        -0.656774 0.937008 0.559055,
        -0.644260 0.953316 0.559055,
        0.139764 1.015748 0.559055,
        0.078026 0.918017 0.559055,
        0.080709 0.897638 0.559055,
        -0.664640 0.719778 0.559055,
        -0.667323 0.740157 0.559055,
        0.139764 0.700787 0.559055,
        -0.211189 0.953316 0.559055,
        -0.194882 0.965829 0.559055,
        0.022348 0.973695 0.559055,
        0.041339 0.965829 0.559055,
        -0.667323 0.897638 0.559055,
        -0.413581 0.974404 0.559055,
        -0.396938 0.968580 0.559055,
        -0.223703 0.937008 0.559055,
        -0.382009 0.959199 0.559055,
        -0.231569 0.918017 0.559055,
        -0.369541 0.946731 0.559055,
        0.057646 0.953316 0.559055,
        0.070159 0.937008 0.559055,
        -0.627953 0.965829 0.559055,
        -0.608962 0.973695 0.559055,
        -0.588583 0.976378 0.559055,
        -0.175891 0.973695 0.559055,
        -0.155512 0.976378 0.559055,
        0.001969 0.976378 0.559055,
        -0.360160 0.931802 0.559055,
        -0.354336 0.915159 0.559055,
        -0.234252 0.897638 0.559055,
        -0.352362 0.897638 0.559055,
        -0.234252 0.700787 0.559055,
        -0.352362 0.740157 0.559055,
        -0.354336 0.722636 0.559055,
        -0.431102 0.976378 0.559055,
        0.070159 0.602362 0.559055,
        0.057646 0.586055 0.559055,
        0.139764 0.531496 0.559055,
        0.041339 0.573541 0.559055,
        0.022348 0.565675 0.559055,
        0.080709 0.700787 0.559055,
        0.080709 0.641732 0.559055,
        0.078026 0.621353 0.559055,
        -0.194882 0.573541 0.559055,
        -0.211189 0.586055 0.559055,
        -0.223703 0.602362 0.559055,
        -0.231569 0.621353 0.559055,
        0.001969 0.562992 0.559055,
        -0.155512 0.562992 0.559055,
        -0.175891 0.565675 0.559055,
        -0.608962 0.664100 0.559055,
        -0.627953 0.671967 0.559055,
        -0.644260 0.684480 0.559055,
        -0.656774 0.700787 0.559055,
        -0.360160 0.705993 0.559055,
        -0.363431 0.700787 0.559055,
        -0.234252 0.641732 0.559055,
        -0.369541 0.691064 0.559055,
        -0.382009 0.678596 0.559055,
        -0.396938 0.669215 0.559055,
        -0.413581 0.663391 0.559055,
        -0.431102 0.661417 0.559055,
        -0.588583 0.661417 0.559055,
        0.201502 0.918017 0.559055,
        0.209368 0.937008 0.559055,
        0.221881 0.953316 0.559055,
        0.238189 0.965829 0.559055,
        0.201502 0.719778 0.559055,
        0.198819 0.740157 0.559055,
        0.257180 0.973695 0.559055,
        0.277559 0.976378 0.559055,
        0.435039 0.976378 0.559055,
        0.455419 0.973695 0.559055,
        0.474409 0.965829 0.559055,
        0.490717 0.953316 0.559055,
        0.503230 0.937008 0.559055,
        0.513780 0.740157 0.559055,
        0.572835 0.700787 0.559055,
        0.513780 0.897638 0.559055,
        0.511096 0.918017 0.559055,
        0.198819 0.897638 0.559055,
        0.511096 0.719778 0.559055,
        0.503230 0.700787 0.559055,
        0.572835 0.531496 0.559055,
        0.490717 0.684480 0.559055,
        0.474409 0.671967 0.559055,
        0.257180 0.664100 0.559055,
        0.238189 0.671967 0.559055,
        0.221881 0.684480 0.559055,
        0.209368 0.700787 0.559055,
        0.455419 0.664100 0.559055,
        0.435039 0.661417 0.559055,
        0.277559 0.661417 0.559055,
        0.654952 1.032056 0.559055,
        0.572835 1.092520 0.559055,
        0.671260 1.044569 0.559055,
        0.690250 1.052435 0.559055,
        0.710630 1.055118 0.559055,
        0.868110 1.055118 0.559055,
        1.160433 1.092520 0.559055,
        0.888490 1.052435 0.559055,
        1.104331 0.965829 0.559055,
        1.123321 0.973695 0.559055,
        1.160433 1.015748 0.559055,
        1.143701 0.976378 0.559055,
        1.160433 0.976378 0.559055,
        0.671260 0.750707 0.559055,
        0.654952 0.763220 0.559055,
        0.642439 0.779528 0.559055,
        0.907480 0.750707 0.559055,
        0.888490 0.742841 0.559055,
        1.075510 0.700787 0.559055,
        0.907480 1.044569 0.559055,
        0.923788 1.032056 0.559055,
        0.936301 1.015748 0.559055,
        0.634573 0.798518 0.559055,
        0.631890 0.818898 0.559055,
        0.631890 0.976378 0.559055,
        1.064961 0.740157 0.559055,
        1.064961 0.897638 0.559055,
        0.946850 0.976378 0.559055,
        1.067644 0.918017 0.559055,
        0.944167 0.996757 0.559055,
        1.075510 0.937008 0.559055,
        1.088023 0.953316 0.559055,
        0.868110 0.740157 0.559055,
        0.710630 0.740157 0.559055,
        0.690250 0.742841 0.559055,
        0.946850 0.818898 0.559055,
        0.944167 0.798518 0.559055,
        1.067644 0.719778 0.559055,
        0.936301 0.779528 0.559055,
        0.923788 0.763220 0.559055,
        1.301181 0.976378 0.559055,
        1.321561 0.973695 0.559055,
        1.573819 1.015748 0.559055,
        1.340551 0.965829 0.559055,
        1.356859 0.953316 0.559055,
        1.369372 0.937008 0.559055,
        1.379921 0.740157 0.559055,
        1.573819 0.700787 0.559055,
        1.379921 0.897638 0.559055,
        1.377238 0.918017 0.559055,
        1.160433 0.661417 0.559055,
        1.143701 0.661417 0.559055,
        1.160433 0.531496 0.559055,
        1.123321 0.664100 0.559055,
        1.088023 0.684480 0.559055,
        1.104331 0.671967 0.559055,
        1.377238 0.719778 0.559055,
        1.369372 0.700787 0.559055,
        1.573819 0.531496 0.559055,
        1.356859 0.684480 0.559055,
        1.340551 0.671967 0.559055,
        1.321561 0.664100 0.559055,
        1.301181 0.661417 0.559055,
        2.066854 0.204724 0.559055,
        2.048083 0.180263 0.559055,
        2.293307 -0.330709 0.559055,
        1.885827 0.145669 0.559055,
        2.023622 0.161493 0.559055,
        1.995136 0.149694 0.559055,
        1.964567 0.145669 0.559055,
        1.844488 0.531496 0.559055,
        1.859545 0.497039 0.559055,
        1.885827 0.500000 0.559055,
        1.964567 0.500000 0.559055,
        1.990849 0.497039 0.559055,
        2.293307 0.531496 0.559055,
        2.015813 0.488304 0.559055,
        2.038207 0.474232 0.559055,
        2.056909 0.455530 0.559055,
        2.070981 0.433136 0.559055,
        2.079716 0.408172 0.559055,
        2.082677 0.381890 0.559055,
        2.082677 0.263780 0.559055,
        2.078653 0.233210 0.559055,
        1.826772 0.161493 0.559055,
        1.573819 -0.330709 0.559055,
        1.802310 0.180263 0.559055,
        1.783540 0.204724 0.559055,
        1.771741 0.233210 0.559055,
        1.812186 0.474232 0.559055,
        1.834581 0.488304 0.559055,
        1.844488 0.491770 0.559055,
        1.767717 0.263780 0.559055,
        1.767717 0.381890 0.559055,
        1.770678 0.408172 0.559055,
        1.779413 0.433136 0.559055,
        1.793485 0.455530 0.559055,
        1.165354 2.181102 0.559055,
        1.573819 2.244094 0.559055,
        1.165354 2.244094 0.559055,
        1.826772 1.129921 0.559055,
        1.573819 1.129921 0.559055,
        1.573819 1.092520 0.559055,
        1.492126 1.129921 0.559055,
        1.430987 1.137970 0.559055,
        1.374016 1.161569 0.559055,
        1.325093 1.199109 0.559055,
        1.287553 1.248031 0.559055,
        1.255906 1.759843 0.559055,
        1.263954 1.820981 0.559055,
        1.160433 2.167002 0.559055,
        1.287553 1.877953 0.559055,
        1.325093 1.926876 0.559055,
        1.162190 2.169291 0.559055,
        1.374016 1.964415 0.559055,
        1.430987 1.988014 0.559055,
        1.263954 1.305004 0.559055,
        1.255906 1.366142 0.559055,
        1.887910 1.137970 0.559055,
        1.844488 1.132254 0.559055,
        1.844488 1.092520 0.559055,
        1.944882 1.161569 0.559055,
        2.031344 1.248031 0.559055,
        1.993805 1.199109 0.559055,
        2.293307 1.092520 0.559055,
        2.293307 2.118110 0.559055,
        2.232283 2.118110 0.559055,
        2.041894 1.917323 0.559055,
        2.232283 2.244094 0.559055,
        1.984252 1.974965 0.559055,
        2.016867 1.949938 0.559055,
        2.054943 1.305004 0.559055,
        2.057626 1.879342 0.559055,
        2.062992 1.838583 0.559055,
        2.062992 1.366142 0.559055,
        1.844488 1.996063 0.559055,
        1.844488 2.244094 0.559055,
        1.905512 1.996063 0.559055,
        1.946271 1.990697 0.559055,
        -2.129921 0.700787 0.559055,
        -1.963852 0.719778 0.559055,
        -1.966535 0.740157 0.559055,
        -1.963852 0.918017 0.559055,
        -1.955986 0.937008 0.559055,
        -2.129921 1.015748 0.559055,
        -1.943473 0.953316 0.559055,
        -1.927165 0.965829 0.559055,
        -1.966535 0.897638 0.559055,
        -1.709935 0.973695 0.559055,
        -1.690945 0.965829 0.559055,
        -1.674637 0.953316 0.559055,
        -1.662124 0.937008 0.559055,
        -1.651575 0.740157 0.559055,
        -1.651575 0.897638 0.559055,
        -1.654258 0.918017 0.559055,
        -1.908175 0.973695 0.559055,
        -1.887795 0.976378 0.559055,
        -1.730315 0.976378 0.559055,
        -1.908175 0.664100 0.559055,
        -1.927165 0.671967 0.559055,
        -2.129921 0.531496 0.559055,
        -1.943473 0.684480 0.559055,
        -1.955986 0.700787 0.559055,
        -1.654258 0.719778 0.559055,
        -1.662124 0.700787 0.559055,
        -1.674637 0.684480 0.559055,
        -1.690945 0.671967 0.559055,
        -1.709935 0.664100 0.559055,
        -1.730315 0.661417 0.559055,
        -1.887795 0.661417 0.559055,
        0.628161 2.158285 0.559055,
        0.622047 2.157480 0.559055,
        1.129921 2.160645 0.559055,
        1.125029 2.164399 0.559055,
        1.158435 2.164399 0.559055,
        1.153543 2.160645 0.559055,
        0.615933 2.158285 0.559055,
        0.610236 2.160645 0.559055,
        0.605344 2.164399 0.559055,
        0.601590 2.169291 0.559055,
        0.599230 2.174989 0.559055,
        0.572835 2.185039 0.559055,
        0.598425 2.181102 0.559055,
        0.598425 2.185039 0.559055,
        1.147846 2.158285 0.559055,
        1.141732 2.157480 0.559055,
        1.135619 2.158285 0.559055,
        1.121275 2.169291 0.559055,
        0.638750 2.164399 0.559055,
        1.118915 2.174989 0.559055,
        0.642505 2.169291 0.559055,
        0.633858 2.160645 0.559055,
        1.118110 2.185039 0.559055,
        0.645669 2.185039 0.559055,
        1.118110 2.181102 0.559055,
        0.645669 2.181102 0.559055,
        0.644865 2.174989 0.559055,
        1.584646 -2.217722 0.559055,
        1.632122 -2.237387 0.559055,
        1.683071 -2.244094 0.559055,
        1.844488 -2.244094 0.559055,
        1.573819 -2.209414 0.559055,
        1.387795 -1.719286 0.559055,
        1.428564 -1.750569 0.559055,
        1.459848 -1.791339 0.559055,
        1.486220 -2.047244 0.559055,
        1.492928 -2.098193 0.559055,
        1.512593 -2.145669 0.559055,
        1.160433 -1.692913 0.559055,
        1.289370 -1.692913 0.559055,
        1.340319 -1.699621 0.559055,
        1.479513 -1.838815 0.559055,
        1.486220 -1.889764 0.559055,
        1.543876 -2.186439 0.559055,
        1.160433 -0.330709 0.559055,
        0.572835 -0.330709 0.559055,
        0.287521 -1.692913 0.559055,
        0.288862 -1.682724 0.559055,
        0.139764 -1.692913 0.559055,
        0.292795 -1.673228 0.559055,
        0.139764 -0.330709 0.559055,
        0.299052 -1.665075 0.559055,
        0.307206 -1.658818 0.559055,
        0.316701 -1.654885 0.559055,
        0.326891 -1.653543 0.559055,
        0.337081 -1.654885 0.559055,
        0.346576 -1.658818 0.559055,
        0.354730 -1.665075 0.559055,
        0.360986 -1.673228 0.559055,
        -0.726378 -0.330709 0.559055,
        -0.726378 -1.654823 0.559055,
        -0.725911 -1.654885 0.559055,
        -0.716416 -1.658818 0.559055,
        -0.708263 -1.665075 0.559055,
        -0.702006 -1.673228 0.559055,
        -0.698073 -1.682724 0.559055,
        -0.696731 -1.692913 0.559055,
        -0.770197 -1.673228 0.559055,
        -1.159449 -1.692913 0.559055,
        -0.774130 -1.682724 0.559055,
        -0.775471 -1.692913 0.559055,
        -0.763940 -1.665075 0.559055,
        -1.159449 -0.330709 0.559055,
        -0.755786 -1.658818 0.559055,
        -0.746291 -1.654885 0.559055,
        -0.736101 -1.653543 0.559055,
        -1.592520 -0.330709 0.559055,
        -1.592520 -1.692913 0.559055,
        -1.896855 -1.791339 0.559055,
        -1.865572 -1.750569 0.559055,
        -2.129921 -0.330709 0.559055,
        -1.824803 -1.719286 0.559055,
        -1.777327 -1.699621 0.559055,
        -1.726378 -1.692913 0.559055,
        -1.982283 -2.228271 0.559055,
        -1.957822 -2.209501 0.559055,
        -1.923228 -2.125984 0.559055,
        -1.939052 -2.185039 0.559055,
        -1.927253 -2.156554 0.559055,
        -1.916521 -1.838815 0.559055,
        -1.923228 -1.889764 0.559055,
        -2.010769 -2.240070 0.559055,
        -2.129921 1.092520 0.559055,
        -2.129921 2.165995 0.559055,
        -2.132067 2.162580 0.559055,
        -2.150769 2.143878 0.559055,
        -2.173163 2.129807 0.559055,
        -2.198128 2.121072 0.559055,
        -1.724409 2.123385 0.559055,
        -1.733905 2.119452 0.559055,
        -1.592520 1.092520 0.559055,
        -1.592520 2.185039 0.559055,
        -1.704724 2.185039 0.559055,
        -1.704724 2.157480 0.559055,
        -1.811024 2.133934 0.559055,
        -1.835485 2.152704 0.559055,
        -1.706066 2.147291 0.559055,
        -1.709999 2.137795 0.559055,
        -1.716256 2.129641 0.559055,
        -1.854255 2.177165 0.559055,
        -1.866054 2.205651 0.559055,
        -1.744094 2.118110 0.559055,
        -1.751969 2.118110 0.559055,
        -1.782538 2.122135 0.559055,
        -1.870079 2.236220 0.559055,
        -1.870079 2.244094 0.559055,
        -2.106299 2.244094 0.559055,
        -2.106299 2.236220 0.559055,
        -2.109261 2.209939 0.559055,
        -2.117996 2.184974 0.559055,
        -1.185844 2.174989 0.559055,
        -1.159449 2.185039 0.559055,
        -1.185039 2.181102 0.559055,
        -1.185039 2.185039 0.559055,
        -1.232283 2.185039 0.559055,
        -1.232283 2.181102 0.559055,
        -1.231479 2.174989 0.559055,
        -1.188204 2.169291 0.559055,
        -1.159449 1.092520 0.559055,
        -1.191958 2.164399 0.559055,
        -1.196850 2.160645 0.559055,
        -1.202548 2.158285 0.559055,
        -1.208661 2.157480 0.559055,
        -1.214775 2.158285 0.559055,
        -1.220472 2.160645 0.559055,
        -1.225365 2.164399 0.559055,
        -1.229119 2.169291 0.559055,
        -0.726378 1.092520 0.559055,
        -0.726378 2.185039 0.559055,
        0.139764 1.092520 0.559055,
        0.139764 2.185039 0.559055,
        2.293307 1.015748 0.559055,
        1.844488 1.015748 0.559055,
        2.293307 0.700787 0.559055,
        1.844488 0.700787 0.559055,
        2.154798 -1.142427 0.559055,
        2.293307 -2.244094 0.559055,
        2.157480 -1.122047 0.559055,
        2.146931 -1.161417 0.559055,
        2.134418 -1.177725 0.559055,
        2.118110 -1.190238 0.559055,
        1.923943 -0.865447 0.559055,
        1.931809 -0.846457 0.559055,
        1.944322 -0.830149 0.559055,
        1.960630 -0.817636 0.559055,
        2.099120 -0.809770 0.559055,
        2.118110 -0.817636 0.559055,
        2.134418 -0.830149 0.559055,
        2.146931 -0.846457 0.559055,
        2.154798 -0.865447 0.559055,
        2.157480 -0.885827 0.559055,
        1.979620 -1.198104 0.559055,
        1.960630 -1.190238 0.559055,
        1.944322 -1.177725 0.559055,
        1.931809 -1.161417 0.559055,
        2.099120 -1.198104 0.559055,
        2.078740 -1.200787 0.559055,
        2.000000 -1.200787 0.559055,
        1.923943 -1.142427 0.559055,
        1.921260 -1.122047 0.559055,
        1.921260 -0.885827 0.559055,
        1.979620 -0.809770 0.559055,
        2.000000 -0.807087 0.559055,
        2.078740 -0.807087 0.559055,
        -2.293307 1.015748 0.559055,
        -2.293307 0.700787 0.559055,
        -2.293307 0.531496 0.559055,
        -2.293307 -0.330709 0.559055,
        2.308592 2.118110 0.557043,
        2.308592 -2.244094 0.557043,
        2.322835 -2.244094 0.551143,
        2.322835 2.118110 0.551143,
        2.335065 -2.244094 0.541758,
        2.335065 2.118110 0.541758,
        2.344450 -2.244094 0.529528,
        2.344450 2.118110 0.529528,
        2.350350 -2.244094 0.515285,
        2.350350 2.118110 0.515285,
        -2.350350 2.118110 0.515285,
        -2.344450 2.118110 0.529528,
        -2.335065 2.118110 0.541758,
        -2.322835 2.118110 0.551143,
        -2.308592 2.118110 0.557043,
        2.003937 -2.244094 0.039370,
        2.003937 -2.244094 -0.019685,
        2.293307 -2.244094 -0.019685,
        2.308592 -2.244094 -0.017673,
        2.322835 -2.244094 -0.011773,
        2.335065 -2.244094 -0.002388,
        2.344450 -2.244094 0.009843,
        2.350350 -2.244094 0.024085,
        -1.232283 1.968504 0.039370,
        -1.232283 2.185039 0.039370,
        -1.704724 1.968504 0.039370,
        -1.704724 2.185039 0.039370,
        -1.232283 1.968504 -0.019685,
        -1.704724 1.968504 -0.019685,
        -1.232283 2.185039 -0.019685,
        -1.704724 2.185039 -0.019685,
        -1.704724 2.244094 0.039370,
        -1.704724 2.244094 0.500000,
        -1.232283 2.244094 0.039370,
        -1.232283 2.244094 0.500000,
        -1.232283 2.200324 -0.017673,
        -1.232283 2.200324 0.557043,
        -1.232283 2.214567 0.551143,
        -1.232283 2.242082 0.515285,
        -1.232283 2.236183 0.529528,
        -1.232283 2.226798 0.541758,
        -1.232283 2.214567 -0.011773,
        -1.232283 2.226798 -0.002388,
        -1.232283 2.236183 0.009843,
        -1.232283 2.242082 0.024085,
        -1.704724 2.200324 -0.017673,
        -1.704724 2.214567 -0.011773,
        -1.704724 2.226798 0.541758,
        -1.704724 2.236183 0.529528,
        -1.704724 2.242082 0.024085,
        -1.704724 2.236183 0.009843,
        -1.704724 2.226798 -0.002388,
        -1.704724 2.200324 0.557043,
        -1.704724 2.214567 0.551143,
        -1.704724 2.242082 0.515285,
        1.118110 1.968504 0.039370,
        1.118110 2.185039 0.039370,
        0.645669 1.968504 0.039370,
        0.645669 2.185039 0.039370,
        1.118110 1.968504 -0.019685,
        0.645669 1.968504 -0.019685,
        1.118110 2.185039 -0.019685,
        0.645669 2.185039 -0.019685,
        0.645669 2.244094 0.039370,
        0.645669 2.244094 0.500000,
        1.118110 2.244094 0.039370,
        1.118110 2.244094 0.500000,
        1.118110 2.200324 -0.017673,
        1.118110 2.200324 0.557043,
        1.118110 2.214567 0.551143,
        1.118110 2.242082 0.515285,
        1.118110 2.236183 0.529528,
        1.118110 2.226798 0.541758,
        1.118110 2.214567 -0.011773,
        1.118110 2.226798 -0.002388,
        1.118110 2.236183 0.009843,
        1.118110 2.242082 0.024085,
        0.645669 2.200324 -0.017673,
        0.645669 2.214567 -0.011773,
        0.645669 2.226798 0.541758,
        0.645669 2.236183 0.529528,
        0.645669 2.242082 0.024085,
        0.645669 2.236183 0.009843,
        0.645669 2.226798 -0.002388,
        0.645669 2.200324 0.557043,
        0.645669 2.214567 0.551143,
        0.645669 2.242082 0.515285,
        0.598425 2.244094 0.500000,
        0.598425 2.244094 0.039370,
        -1.185039 2.244094 0.500000,
        -1.185039 2.244094 0.039370,
        -1.185039 2.185039 0.039370,
        0.598425 2.185039 0.039370,
        0.598425 2.242082 0.515285,
        0.598425 2.236183 0.529528,
        0.598425 2.226798 0.541758,
        0.598425 2.214567 0.551143,
        0.598425 2.200324 0.557043,
        -1.185039 2.226798 0.541758,
        -1.185039 2.236183 0.529528,
        -1.185039 2.242082 0.515285,
        -1.185039 2.200324 0.557043,
        -1.185039 2.214567 0.551143,
        -2.122047 -1.771654 0.039370,
        -2.122047 -1.771654 -0.019685,
        -2.293307 -1.771654 -0.019685,
        -2.308592 -1.771654 -0.017673,
        -2.350350 -1.771654 0.024085,
        -2.344450 -1.771654 0.009843,
        -2.322835 -1.771654 -0.011773,
        -2.335065 -1.771654 -0.002388,
        2.003937 -1.948819 0.039370,
        2.293307 -1.948819 -0.019685,
        2.003937 -1.948819 -0.019685,
        2.335065 -1.948819 -0.002388,
        2.322835 -1.948819 -0.011773,
        2.308592 -1.948819 -0.017673,
        2.350350 -1.948819 0.024085,
        2.344450 -1.948819 0.009843,
      ]
    }
    coordIndex [
      0, 1, 2, -1,
      3, 4, 5, -1,
      6, 7, 8, -1,
      1, 9, 2, -1,
      2, 9, 10, -1,
      2, 10, 5, -1,
      5, 10, 11, -1,
      5, 11, 12, -1,
      13, 14, 15, -1,
      15, 14, 5, -1,
      15, 5, 16, -1,
      16, 5, 4, -1,
      16, 4, 17, -1,
      18, 6, 19, -1,
      19, 6, 8, -1,
      19, 8, 20, -1,
      20, 8, 13, -1,
      20, 13, 21, -1,
      21, 13, 15, -1,
      22, 23, 2, -1,
      2, 23, 24, -1,
      2, 24, 0, -1,
      12, 25, 5, -1,
      5, 25, 26, -1,
      5, 26, 3, -1,
      27, 28, 29, -1,
      29, 28, 30, -1,
      29, 30, 31, -1,
      22, 32, 23, -1,
      23, 32, 33, -1,
      23, 33, 34, -1,
      35, 36, 37, -1,
      37, 36, 38, -1,
      37, 38, 17, -1,
      17, 38, 39, -1,
      17, 39, 16, -1,
      40, 41, 30, -1,
      30, 41, 42, -1,
      30, 42, 31, -1,
      40, 30, 43, -1,
      43, 30, 44, -1,
      43, 44, 45, -1,
      44, 46, 45, -1,
      45, 46, 47, -1,
      45, 47, 48, -1,
      49, 50, 51, -1,
      51, 50, 52, -1,
      51, 52, 53, -1,
      54, 55, 56, -1,
      56, 55, 51, -1,
      56, 51, 57, -1,
      57, 51, 53, -1,
      34, 58, 23, -1,
      23, 58, 59, -1,
      23, 59, 60, -1,
      61, 62, 63, -1,
      64, 65, 29, -1,
      29, 65, 66, -1,
      29, 66, 27, -1,
      27, 66, 67, -1,
      27, 67, 68, -1,
      69, 70, 71, -1,
      7, 45, 8, -1,
      8, 45, 48, -1,
      8, 48, 51, -1,
      51, 48, 72, -1,
      51, 72, 49, -1,
      64, 29, 73, -1,
      73, 29, 74, -1,
      73, 74, 63, -1,
      63, 74, 75, -1,
      63, 75, 61, -1,
      68, 67, 71, -1,
      71, 67, 76, -1,
      71, 76, 69, -1,
      77, 78, 79, -1,
      80, 81, 82, -1,
      82, 81, 83, -1,
      82, 83, 84, -1,
      85, 86, 87, -1,
      87, 86, 88, -1,
      87, 88, 89, -1,
      90, 91, 92, -1,
      92, 91, 93, -1,
      92, 93, 94, -1,
      94, 93, 95, -1,
      94, 95, 96, -1,
      96, 95, 97, -1,
      79, 78, 95, -1,
      95, 78, 98, -1,
      95, 98, 97, -1,
      99, 100, 87, -1,
      87, 100, 101, -1,
      87, 101, 85, -1,
      102, 103, 104, -1,
      104, 103, 105, -1,
      106, 79, 107, -1,
      79, 106, 77, -1,
      77, 106, 108, -1,
      77, 108, 109, -1,
      105, 110, 104, -1,
      104, 110, 111, -1,
      104, 111, 112, -1,
      111, 113, 112, -1,
      112, 113, 114, -1,
      112, 114, 115, -1,
      115, 114, 116, -1,
      89, 117, 87, -1,
      87, 117, 118, -1,
      87, 118, 119, -1,
      120, 104, 84, -1,
      84, 104, 112, -1,
      84, 112, 82, -1,
      82, 112, 87, -1,
      82, 87, 92, -1,
      92, 87, 119, -1,
      92, 119, 90, -1,
      121, 122, 123, -1,
      124, 104, 125, -1,
      104, 124, 102, -1,
      102, 124, 126, -1,
      102, 126, 127, -1,
      127, 128, 102, -1,
      102, 128, 129, -1,
      102, 129, 130, -1,
      131, 132, 133, -1,
      109, 134, 77, -1,
      77, 134, 135, -1,
      77, 135, 136, -1,
      136, 135, 121, -1,
      136, 121, 137, -1,
      137, 121, 123, -1,
      138, 139, 140, -1,
      107, 141, 106, -1,
      106, 141, 131, -1,
      106, 131, 142, -1,
      142, 131, 133, -1,
      125, 143, 124, -1,
      124, 143, 144, -1,
      124, 144, 145, -1,
      145, 144, 146, -1,
      145, 146, 147, -1,
      116, 114, 140, -1,
      140, 114, 148, -1,
      140, 148, 138, -1,
      149, 150, 151, -1,
      151, 150, 152, -1,
      153, 154, 155, -1,
      153, 155, 156, -1,
      157, 158, 152, -1,
      152, 158, 159, -1,
      160, 161, 162, -1,
      162, 161, 163, -1,
      162, 163, 164, -1,
      163, 165, 164, -1,
      164, 165, 166, -1,
      164, 166, 167, -1,
      167, 168, 164, -1,
      164, 168, 169, -1,
      164, 169, 155, -1,
      155, 169, 170, -1,
      155, 170, 156, -1,
      154, 171, 155, -1,
      155, 171, 172, -1,
      155, 172, 173, -1,
      174, 175, 176, -1,
      159, 177, 152, -1,
      152, 177, 173, -1,
      152, 173, 151, -1,
      151, 173, 172, -1,
      151, 172, 178, -1,
      178, 172, 176, -1,
      176, 172, 179, -1,
      176, 179, 174, -1,
      180, 181, 182, -1,
      150, 183, 184, -1,
      184, 183, 185, -1,
      184, 185, 186, -1,
      187, 188, 189, -1,
      189, 188, 190, -1,
      190, 191, 189, -1,
      189, 191, 192, -1,
      189, 192, 182, -1,
      182, 192, 193, -1,
      182, 193, 180, -1,
      150, 149, 183, -1,
      183, 149, 194, -1,
      183, 194, 195, -1,
      186, 196, 184, -1,
      184, 196, 197, -1,
      184, 197, 189, -1,
      189, 197, 198, -1,
      189, 198, 187, -1,
      199, 200, 195, -1,
      195, 200, 201, -1,
      195, 201, 183, -1,
      202, 203, 204, -1,
      204, 203, 162, -1,
      204, 162, 205, -1,
      205, 162, 206, -1,
      207, 208, 164, -1,
      164, 208, 209, -1,
      164, 209, 210, -1,
      211, 212, 162, -1,
      162, 212, 213, -1,
      162, 213, 206, -1,
      214, 215, 216, -1,
      216, 215, 217, -1,
      216, 217, 164, -1,
      164, 217, 218, -1,
      164, 218, 207, -1,
      210, 219, 164, -1,
      164, 219, 189, -1,
      164, 189, 162, -1,
      162, 189, 182, -1,
      162, 182, 211, -1,
      216, 164, 155, -1,
      220, 221, 222, -1,
      223, 224, 225, -1,
      226, 227, 228, -1,
      229, 230, 231, -1,
      232, 233, 234, -1,
      214, 216, 235, -1,
      236, 237, 238, -1,
      236, 238, 239, -1,
      240, 241, 242, -1,
      243, 244, 245, -1,
      245, 244, 246, -1,
      245, 246, 247, -1,
      248, 249, 238, -1,
      238, 249, 250, -1,
      238, 250, 239, -1,
      251, 252, 253, -1,
      237, 254, 238, -1,
      238, 254, 255, -1,
      238, 255, 256, -1,
      256, 255, 252, -1,
      256, 252, 257, -1,
      257, 252, 251, -1,
      256, 258, 238, -1,
      238, 258, 259, -1,
      238, 259, 245, -1,
      245, 259, 260, -1,
      245, 260, 243, -1,
      261, 262, 263, -1,
      253, 264, 251, -1,
      251, 264, 261, -1,
      251, 261, 265, -1,
      265, 261, 263, -1,
      266, 267, 268, -1,
      268, 267, 269, -1,
      268, 269, 270, -1,
      270, 269, 271, -1,
      270, 271, 238, -1,
      238, 271, 240, -1,
      238, 240, 248, -1,
      248, 240, 242, -1,
      272, 267, 273, -1,
      273, 267, 274, -1,
      275, 276, 277, -1,
      278, 279, 280, -1,
      280, 279, 275, -1,
      280, 275, 281, -1,
      281, 275, 277, -1,
      278, 282, 279, -1,
      279, 282, 283, -1,
      279, 283, 266, -1,
      266, 283, 284, -1,
      266, 284, 285, -1,
      285, 286, 266, -1,
      266, 286, 287, -1,
      266, 287, 267, -1,
      267, 287, 288, -1,
      267, 288, 274, -1,
      289, 290, 279, -1,
      291, 292, 293, -1,
      294, 275, 295, -1,
      295, 275, 296, -1,
      290, 297, 279, -1,
      279, 297, 298, -1,
      279, 298, 275, -1,
      275, 298, 299, -1,
      275, 299, 296, -1,
      292, 300, 293, -1,
      293, 300, 301, -1,
      293, 301, 279, -1,
      279, 301, 302, -1,
      279, 302, 289, -1,
      303, 304, 305, -1,
      305, 304, 306, -1,
      305, 306, 307, -1,
      307, 306, 308, -1,
      307, 308, 309, -1,
      309, 308, 310, -1,
      311, 312, 293, -1,
      311, 293, 313, -1,
      308, 291, 310, -1,
      310, 291, 293, -1,
      310, 293, 314, -1,
      314, 293, 312, -1,
      158, 157, 293, -1,
      293, 157, 315, -1,
      293, 315, 313, -1,
      316, 317, 318, -1,
      318, 319, 316, -1,
      316, 319, 320, -1,
      316, 320, 216, -1,
      216, 320, 321, -1,
      216, 321, 235, -1,
      322, 323, 316, -1,
      316, 323, 324, -1,
      316, 324, 317, -1,
      325, 235, 326, -1,
      326, 235, 327, -1,
      325, 328, 235, -1,
      235, 328, 329, -1,
      235, 329, 214, -1,
      330, 234, 322, -1,
      322, 234, 331, -1,
      322, 331, 323, -1,
      332, 330, 333, -1,
      333, 330, 334, -1,
      333, 334, 335, -1,
      332, 336, 330, -1,
      330, 336, 337, -1,
      330, 337, 234, -1,
      234, 337, 338, -1,
      234, 338, 232, -1,
      339, 340, 341, -1,
      341, 340, 342, -1,
      341, 342, 334, -1,
      334, 342, 343, -1,
      334, 343, 335, -1,
      339, 341, 344, -1,
      344, 341, 231, -1,
      344, 231, 345, -1,
      346, 347, 348, -1,
      349, 350, 351, -1,
      350, 352, 351, -1,
      351, 352, 353, -1,
      351, 353, 341, -1,
      341, 353, 354, -1,
      341, 354, 355, -1,
      355, 356, 341, -1,
      341, 356, 357, -1,
      341, 357, 231, -1,
      231, 357, 358, -1,
      231, 358, 229, -1,
      359, 360, 361, -1,
      360, 362, 361, -1,
      361, 362, 363, -1,
      361, 363, 364, -1,
      365, 366, 367, -1,
      367, 366, 368, -1,
      367, 368, 369, -1,
      348, 349, 346, -1,
      346, 349, 351, -1,
      346, 351, 370, -1,
      370, 351, 371, -1,
      370, 371, 372, -1,
      372, 371, 361, -1,
      372, 361, 373, -1,
      373, 361, 364, -1,
      367, 359, 365, -1,
      365, 359, 361, -1,
      365, 361, 374, -1,
      374, 361, 375, -1,
      374, 375, 376, -1,
      376, 375, 377, -1,
      378, 379, 380, -1,
      381, 382, 383, -1,
      383, 384, 381, -1,
      381, 384, 385, -1,
      381, 385, 386, -1,
      378, 380, 2, -1,
      380, 387, 2, -1,
      2, 387, 388, -1,
      2, 388, 389, -1,
      22, 390, 382, -1,
      382, 390, 391, -1,
      382, 391, 383, -1,
      389, 392, 2, -1,
      2, 392, 393, -1,
      2, 393, 22, -1,
      22, 393, 394, -1,
      22, 394, 390, -1,
      395, 396, 245, -1,
      226, 228, 397, -1,
      398, 399, 397, -1,
      245, 396, 400, -1,
      401, 402, 247, -1,
      403, 404, 245, -1,
      245, 404, 405, -1,
      245, 405, 395, -1,
      401, 247, 399, -1,
      399, 247, 406, -1,
      399, 406, 397, -1,
      402, 407, 247, -1,
      247, 407, 408, -1,
      247, 408, 245, -1,
      245, 408, 409, -1,
      245, 409, 403, -1,
      410, 411, 412, -1,
      411, 413, 412, -1,
      412, 413, 414, -1,
      412, 414, 415, -1,
      410, 412, 416, -1,
      416, 412, 417, -1,
      416, 417, 418, -1,
      419, 420, 421, -1,
      421, 420, 422, -1,
      421, 422, 423, -1,
      423, 424, 421, -1,
      421, 424, 425, -1,
      421, 425, 426, -1,
      426, 425, 427, -1,
      415, 428, 412, -1,
      412, 428, 429, -1,
      412, 429, 421, -1,
      421, 429, 430, -1,
      421, 430, 419, -1,
      431, 432, 433, -1,
      433, 432, 434, -1,
      433, 434, 417, -1,
      417, 434, 435, -1,
      417, 435, 418, -1,
      427, 436, 426, -1,
      426, 436, 437, -1,
      426, 437, 438, -1,
      438, 437, 439, -1,
      438, 439, 440, -1,
      440, 441, 438, -1,
      438, 441, 442, -1,
      438, 442, 433, -1,
      433, 442, 443, -1,
      433, 443, 431, -1,
      444, 445, 446, -1,
      446, 445, 447, -1,
      448, 449, 433, -1,
      433, 449, 450, -1,
      433, 450, 451, -1,
      448, 433, 452, -1,
      452, 433, 417, -1,
      452, 417, 453, -1,
      447, 454, 446, -1,
      446, 454, 455, -1,
      446, 455, 456, -1,
      456, 455, 457, -1,
      456, 457, 458, -1,
      451, 459, 433, -1,
      433, 459, 460, -1,
      433, 460, 446, -1,
      446, 460, 461, -1,
      446, 461, 444, -1,
      458, 462, 463, -1,
      463, 462, 464, -1,
      463, 464, 465, -1,
      465, 466, 463, -1,
      463, 466, 467, -1,
      463, 467, 468, -1,
      468, 469, 463, -1,
      463, 469, 470, -1,
      463, 470, 412, -1,
      412, 470, 471, -1,
      412, 471, 472, -1,
      453, 417, 473, -1,
      473, 417, 412, -1,
      473, 412, 474, -1,
      472, 475, 412, -1,
      412, 475, 476, -1,
      412, 476, 474, -1,
      477, 478, 479, -1,
      480, 481, 479, -1,
      479, 481, 482, -1,
      479, 482, 477, -1,
      483, 484, 485, -1,
      463, 486, 487, -1,
      478, 488, 479, -1,
      479, 488, 489, -1,
      479, 489, 490, -1,
      490, 491, 479, -1,
      479, 491, 492, -1,
      479, 492, 463, -1,
      463, 492, 493, -1,
      463, 494, 495, -1,
      496, 497, 498, -1,
      498, 497, 499, -1,
      498, 499, 500, -1,
      458, 463, 456, -1,
      456, 463, 487, -1,
      456, 487, 501, -1,
      495, 502, 463, -1,
      463, 502, 503, -1,
      463, 503, 486, -1,
      504, 505, 463, -1,
      463, 505, 506, -1,
      463, 506, 494, -1,
      485, 507, 483, -1,
      483, 507, 508, -1,
      483, 508, 509, -1,
      509, 508, 510, -1,
      509, 510, 498, -1,
      498, 510, 511, -1,
      498, 511, 496, -1,
      499, 512, 500, -1,
      500, 512, 504, -1,
      500, 504, 513, -1,
      513, 504, 463, -1,
      513, 463, 514, -1,
      514, 463, 493, -1,
      515, 516, 446, -1,
      501, 517, 456, -1,
      456, 517, 518, -1,
      456, 518, 446, -1,
      446, 518, 519, -1,
      446, 519, 515, -1,
      520, 521, 446, -1,
      446, 521, 522, -1,
      446, 522, 523, -1,
      524, 525, 526, -1,
      526, 525, 527, -1,
      527, 528, 526, -1,
      526, 528, 529, -1,
      526, 529, 480, -1,
      480, 529, 530, -1,
      480, 530, 481, -1,
      531, 520, 532, -1,
      532, 520, 533, -1,
      484, 483, 531, -1,
      531, 483, 534, -1,
      531, 534, 520, -1,
      516, 535, 446, -1,
      446, 535, 536, -1,
      446, 536, 520, -1,
      520, 536, 537, -1,
      520, 537, 533, -1,
      523, 538, 446, -1,
      446, 538, 539, -1,
      446, 539, 526, -1,
      526, 539, 540, -1,
      526, 540, 524, -1,
      222, 541, 542, -1,
      543, 479, 544, -1,
      544, 479, 545, -1,
      542, 546, 222, -1,
      222, 546, 547, -1,
      222, 547, 548, -1,
      548, 549, 222, -1,
      222, 549, 550, -1,
      222, 550, 479, -1,
      479, 550, 551, -1,
      479, 551, 545, -1,
      543, 552, 479, -1,
      479, 552, 553, -1,
      479, 553, 480, -1,
      480, 553, 554, -1,
      224, 555, 225, -1,
      225, 555, 556, -1,
      225, 556, 222, -1,
      222, 556, 557, -1,
      222, 557, 541, -1,
      554, 558, 480, -1,
      480, 558, 559, -1,
      480, 559, 526, -1,
      526, 559, 560, -1,
      526, 560, 561, -1,
      562, 563, 564, -1,
      561, 565, 526, -1,
      526, 565, 566, -1,
      526, 566, 562, -1,
      562, 566, 567, -1,
      562, 567, 563, -1,
      568, 569, 225, -1,
      225, 569, 570, -1,
      225, 570, 571, -1,
      572, 573, 574, -1,
      575, 576, 577, -1,
      577, 576, 578, -1,
      221, 579, 222, -1,
      222, 579, 580, -1,
      222, 580, 225, -1,
      225, 580, 581, -1,
      225, 581, 568, -1,
      582, 583, 584, -1,
      584, 583, 585, -1,
      584, 585, 577, -1,
      577, 585, 586, -1,
      577, 586, 575, -1,
      574, 587, 572, -1,
      572, 587, 588, -1,
      572, 588, 589, -1,
      589, 588, 590, -1,
      588, 591, 590, -1,
      590, 591, 592, -1,
      590, 592, 593, -1,
      593, 592, 578, -1,
      593, 578, 594, -1,
      594, 578, 576, -1,
      571, 595, 225, -1,
      225, 595, 596, -1,
      225, 596, 597, -1,
      598, 599, 245, -1,
      245, 599, 600, -1,
      238, 601, 602, -1,
      600, 603, 245, -1,
      245, 603, 604, -1,
      245, 604, 238, -1,
      238, 604, 605, -1,
      238, 605, 601, -1,
      606, 607, 608, -1,
      608, 607, 609, -1,
      582, 584, 610, -1,
      610, 584, 611, -1,
      610, 611, 612, -1,
      613, 614, 611, -1,
      611, 614, 615, -1,
      611, 615, 612, -1,
      616, 617, 611, -1,
      611, 617, 618, -1,
      611, 618, 613, -1,
      619, 620, 621, -1,
      621, 620, 622, -1,
      621, 622, 623, -1,
      623, 622, 624, -1,
      623, 624, 625, -1,
      564, 223, 562, -1,
      562, 223, 225, -1,
      562, 225, 572, -1,
      572, 225, 597, -1,
      572, 597, 573, -1,
      572, 626, 562, -1,
      562, 626, 627, -1,
      562, 627, 621, -1,
      621, 627, 628, -1,
      621, 628, 619, -1,
      8, 629, 630, -1,
      631, 13, 632, -1,
      632, 13, 633, -1,
      634, 635, 375, -1,
      375, 635, 636, -1,
      375, 636, 8, -1,
      8, 636, 637, -1,
      8, 637, 629, -1,
      638, 639, 13, -1,
      13, 639, 640, -1,
      13, 640, 633, -1,
      631, 641, 13, -1,
      13, 641, 642, -1,
      13, 642, 643, -1,
      643, 642, 644, -1,
      643, 644, 645, -1,
      630, 646, 8, -1,
      8, 646, 647, -1,
      8, 647, 13, -1,
      13, 647, 648, -1,
      13, 648, 638, -1,
      649, 650, 361, -1,
      649, 361, 651, -1,
      650, 652, 361, -1,
      361, 652, 653, -1,
      361, 653, 375, -1,
      375, 653, 654, -1,
      375, 654, 634, -1,
      655, 656, 623, -1,
      623, 656, 657, -1,
      623, 657, 658, -1,
      645, 659, 643, -1,
      643, 659, 660, -1,
      643, 660, 623, -1,
      623, 660, 661, -1,
      623, 661, 655, -1,
      385, 662, 386, -1,
      386, 662, 663, -1,
      386, 663, 228, -1,
      228, 663, 664, -1,
      228, 664, 397, -1,
      397, 664, 665, -1,
      397, 665, 398, -1,
      396, 666, 400, -1,
      400, 666, 667, -1,
      400, 667, 378, -1,
      378, 667, 668, -1,
      378, 668, 379, -1,
      669, 670, 671, -1,
      671, 670, 672, -1,
      421, 673, 674, -1,
      674, 675, 421, -1,
      421, 675, 676, -1,
      421, 676, 677, -1,
      426, 678, 679, -1,
      672, 680, 671, -1,
      671, 680, 681, -1,
      671, 681, 682, -1,
      682, 681, 683, -1,
      677, 684, 421, -1,
      421, 684, 685, -1,
      421, 685, 671, -1,
      671, 685, 686, -1,
      671, 686, 669, -1,
      426, 679, 421, -1,
      421, 679, 687, -1,
      421, 687, 673, -1,
      683, 688, 682, -1,
      682, 688, 689, -1,
      682, 689, 690, -1,
      690, 689, 691, -1,
      690, 691, 692, -1,
      693, 694, 438, -1,
      438, 694, 695, -1,
      438, 695, 426, -1,
      426, 695, 696, -1,
      426, 696, 678, -1,
      692, 697, 690, -1,
      690, 697, 698, -1,
      690, 698, 438, -1,
      438, 698, 699, -1,
      438, 699, 693, -1,
      377, 375, 700, -1,
      700, 375, 701, -1,
      700, 701, 702, -1,
      702, 703, 700, -1,
      700, 703, 704, -1,
      700, 704, 705, -1,
      706, 707, 8, -1,
      8, 707, 708, -1,
      8, 708, 709, -1,
      710, 711, 375, -1,
      375, 711, 712, -1,
      375, 712, 713, -1,
      713, 714, 375, -1,
      375, 714, 715, -1,
      375, 715, 701, -1,
      716, 717, 51, -1,
      51, 717, 718, -1,
      51, 718, 719, -1,
      705, 720, 700, -1,
      700, 720, 721, -1,
      700, 721, 51, -1,
      51, 721, 722, -1,
      51, 722, 716, -1,
      719, 723, 51, -1,
      51, 723, 724, -1,
      51, 724, 8, -1,
      8, 724, 725, -1,
      8, 725, 706, -1,
      709, 726, 8, -1,
      8, 726, 727, -1,
      8, 727, 375, -1,
      375, 727, 728, -1,
      375, 728, 710, -1,
      316, 690, 322, -1,
      322, 690, 438, -1,
      322, 438, 330, -1,
      330, 438, 433, -1,
      330, 433, 334, -1,
      334, 433, 446, -1,
      334, 446, 341, -1,
      341, 446, 526, -1,
      341, 526, 351, -1,
      351, 526, 562, -1,
      351, 562, 371, -1,
      371, 562, 621, -1,
      371, 621, 361, -1,
      361, 621, 623, -1,
      361, 623, 651, -1,
      651, 623, 658, -1,
      625, 606, 623, -1,
      623, 606, 608, -1,
      623, 608, 643, -1,
      643, 608, 729, -1,
      643, 729, 13, -1,
      13, 729, 14, -1,
      609, 616, 608, -1,
      608, 616, 611, -1,
      608, 611, 729, -1,
      729, 611, 730, -1,
      729, 730, 14, -1,
      14, 730, 5, -1,
      216, 155, 316, -1,
      316, 155, 173, -1,
      316, 173, 690, -1,
      690, 173, 177, -1,
      690, 177, 682, -1,
      682, 177, 159, -1,
      682, 159, 671, -1,
      577, 598, 584, -1,
      584, 598, 245, -1,
      584, 245, 611, -1,
      611, 245, 400, -1,
      611, 400, 730, -1,
      730, 400, 378, -1,
      730, 378, 5, -1,
      5, 378, 2, -1,
      159, 158, 671, -1,
      671, 158, 293, -1,
      671, 293, 421, -1,
      421, 293, 279, -1,
      421, 279, 412, -1,
      412, 279, 266, -1,
      412, 266, 463, -1,
      463, 266, 268, -1,
      463, 268, 479, -1,
      479, 268, 270, -1,
      479, 270, 222, -1,
      222, 270, 238, -1,
      222, 238, 220, -1,
      220, 238, 602, -1,
      731, 732, 733, -1,
      734, 735, 736, -1,
      737, 738, 739, -1,
      740, 741, 742, -1,
      743, 744, 745, -1,
      746, 747, 748, -1,
      748, 747, 749, -1,
      750, 751, 748, -1,
      748, 751, 752, -1,
      748, 752, 746, -1,
      749, 753, 754, -1,
      755, 756, 757, -1,
      756, 758, 757, -1,
      757, 758, 759, -1,
      757, 759, 760, -1,
      755, 757, 761, -1,
      761, 757, 762, -1,
      761, 762, 763, -1,
      760, 764, 757, -1,
      757, 764, 765, -1,
      757, 765, 748, -1,
      748, 765, 766, -1,
      748, 766, 750, -1,
      753, 767, 754, -1,
      754, 767, 768, -1,
      754, 768, 769, -1,
      769, 768, 770, -1,
      769, 770, 771, -1,
      772, 773, 774, -1,
      774, 773, 775, -1,
      774, 775, 762, -1,
      762, 775, 776, -1,
      762, 776, 763, -1,
      771, 777, 769, -1,
      769, 777, 778, -1,
      769, 778, 774, -1,
      774, 778, 779, -1,
      774, 779, 772, -1,
      780, 781, 748, -1,
      782, 783, 784, -1,
      782, 784, 785, -1,
      749, 754, 748, -1,
      748, 754, 786, -1,
      748, 786, 780, -1,
      782, 787, 788, -1,
      781, 789, 748, -1,
      748, 789, 790, -1,
      748, 790, 791, -1,
      791, 792, 748, -1,
      748, 792, 793, -1,
      748, 793, 782, -1,
      782, 793, 794, -1,
      782, 794, 787, -1,
      788, 795, 782, -1,
      782, 795, 796, -1,
      782, 796, 783, -1,
      797, 798, 769, -1,
      799, 800, 801, -1,
      801, 800, 802, -1,
      801, 802, 803, -1,
      784, 804, 785, -1,
      785, 804, 805, -1,
      785, 805, 801, -1,
      801, 805, 806, -1,
      801, 806, 799, -1,
      798, 807, 769, -1,
      769, 807, 808, -1,
      769, 808, 754, -1,
      754, 808, 809, -1,
      754, 809, 786, -1,
      803, 810, 801, -1,
      801, 810, 811, -1,
      801, 811, 769, -1,
      769, 811, 812, -1,
      769, 812, 797, -1,
      813, 814, 782, -1,
      782, 814, 815, -1,
      816, 817, 818, -1,
      785, 819, 820, -1,
      816, 818, 821, -1,
      822, 823, 782, -1,
      816, 824, 825, -1,
      785, 820, 782, -1,
      782, 820, 826, -1,
      782, 826, 813, -1,
      827, 828, 829, -1,
      829, 828, 830, -1,
      829, 830, 831, -1,
      831, 830, 832, -1,
      825, 833, 816, -1,
      816, 833, 834, -1,
      816, 834, 817, -1,
      815, 835, 782, -1,
      782, 835, 836, -1,
      782, 836, 837, -1,
      823, 838, 782, -1,
      782, 838, 839, -1,
      782, 839, 816, -1,
      816, 839, 840, -1,
      816, 840, 824, -1,
      832, 841, 831, -1,
      831, 841, 842, -1,
      831, 842, 843, -1,
      843, 842, 844, -1,
      843, 844, 845, -1,
      845, 844, 846, -1,
      845, 846, 847, -1,
      837, 848, 782, -1,
      782, 848, 827, -1,
      782, 827, 822, -1,
      822, 827, 829, -1,
      849, 850, 851, -1,
      851, 850, 852, -1,
      851, 852, 853, -1,
      818, 854, 821, -1,
      821, 854, 855, -1,
      821, 855, 851, -1,
      851, 855, 856, -1,
      851, 856, 849, -1,
      857, 858, 801, -1,
      801, 858, 859, -1,
      801, 859, 860, -1,
      853, 861, 851, -1,
      851, 861, 862, -1,
      851, 862, 801, -1,
      801, 862, 863, -1,
      801, 863, 857, -1,
      864, 865, 801, -1,
      801, 865, 866, -1,
      801, 866, 785, -1,
      785, 866, 867, -1,
      785, 867, 819, -1,
      847, 868, 845, -1,
      845, 868, 869, -1,
      845, 869, 870, -1,
      870, 869, 871, -1,
      870, 871, 860, -1,
      860, 871, 872, -1,
      860, 872, 873, -1,
      873, 874, 860, -1,
      860, 874, 875, -1,
      860, 875, 801, -1,
      801, 875, 876, -1,
      801, 876, 864, -1,
      877, 878, 816, -1,
      816, 878, 879, -1,
      816, 879, 880, -1,
      821, 881, 882, -1,
      880, 883, 816, -1,
      816, 883, 884, -1,
      816, 884, 745, -1,
      745, 884, 885, -1,
      745, 885, 886, -1,
      886, 887, 745, -1,
      745, 887, 888, -1,
      745, 888, 889, -1,
      890, 891, 892, -1,
      892, 891, 745, -1,
      892, 745, 893, -1,
      893, 745, 889, -1,
      821, 882, 816, -1,
      816, 882, 894, -1,
      816, 894, 877, -1,
      890, 895, 891, -1,
      891, 895, 896, -1,
      891, 896, 897, -1,
      897, 896, 898, -1,
      897, 898, 899, -1,
      900, 901, 851, -1,
      851, 901, 902, -1,
      851, 902, 821, -1,
      821, 902, 903, -1,
      821, 903, 881, -1,
      899, 904, 897, -1,
      897, 904, 905, -1,
      897, 905, 851, -1,
      851, 905, 906, -1,
      851, 906, 900, -1,
      744, 907, 908, -1,
      908, 907, 909, -1,
      908, 909, 910, -1,
      910, 911, 908, -1,
      908, 911, 912, -1,
      908, 912, 913, -1,
      913, 912, 914, -1,
      915, 916, 917, -1,
      917, 916, 918, -1,
      917, 918, 919, -1,
      920, 921, 891, -1,
      891, 921, 922, -1,
      923, 924, 925, -1,
      914, 926, 913, -1,
      913, 926, 927, -1,
      913, 927, 917, -1,
      917, 927, 928, -1,
      917, 928, 915, -1,
      922, 929, 891, -1,
      891, 929, 930, -1,
      891, 930, 745, -1,
      745, 930, 931, -1,
      745, 931, 743, -1,
      932, 933, 934, -1,
      934, 933, 935, -1,
      934, 935, 936, -1,
      936, 935, 937, -1,
      936, 937, 928, -1,
      928, 937, 938, -1,
      928, 938, 915, -1,
      939, 940, 891, -1,
      891, 940, 941, -1,
      891, 941, 920, -1,
      934, 942, 932, -1,
      932, 942, 943, -1,
      932, 943, 944, -1,
      944, 943, 945, -1,
      944, 945, 925, -1,
      925, 945, 946, -1,
      925, 946, 923, -1,
      947, 948, 949, -1,
      948, 950, 949, -1,
      949, 950, 951, -1,
      949, 951, 952, -1,
      953, 954, 955, -1,
      955, 954, 949, -1,
      955, 949, 956, -1,
      956, 949, 952, -1,
      957, 958, 959, -1,
      959, 958, 960, -1,
      959, 960, 897, -1,
      924, 939, 925, -1,
      925, 939, 891, -1,
      925, 891, 961, -1,
      961, 891, 897, -1,
      961, 897, 962, -1,
      962, 897, 960, -1,
      953, 963, 954, -1,
      954, 963, 964, -1,
      954, 964, 965, -1,
      965, 964, 966, -1,
      966, 967, 965, -1,
      965, 967, 968, -1,
      965, 968, 959, -1,
      959, 968, 969, -1,
      959, 969, 957, -1,
      970, 971, 972, -1,
      740, 742, 973, -1,
      971, 974, 972, -1,
      972, 974, 975, -1,
      972, 975, 742, -1,
      742, 975, 976, -1,
      742, 976, 973, -1,
      977, 978, 979, -1,
      980, 981, 982, -1,
      982, 981, 983, -1,
      982, 983, 984, -1,
      984, 985, 982, -1,
      982, 985, 986, -1,
      982, 986, 987, -1,
      987, 988, 982, -1,
      982, 988, 989, -1,
      982, 989, 972, -1,
      972, 989, 990, -1,
      972, 990, 970, -1,
      741, 991, 992, -1,
      991, 993, 992, -1,
      992, 993, 994, -1,
      992, 994, 995, -1,
      996, 997, 977, -1,
      977, 997, 998, -1,
      977, 998, 978, -1,
      995, 999, 965, -1,
      965, 999, 1000, -1,
      1000, 1001, 965, -1,
      965, 1001, 1002, -1,
      965, 1002, 1003, -1,
      739, 738, 1004, -1,
      1005, 1006, 1004, -1,
      1007, 1008, 1009, -1,
      1009, 1008, 1010, -1,
      1011, 1012, 913, -1,
      913, 1012, 1013, -1,
      913, 1013, 1014, -1,
      1015, 1016, 1017, -1,
      1016, 1018, 1017, -1,
      1017, 1018, 1019, -1,
      1017, 1019, 1020, -1,
      1020, 1019, 1021, -1,
      1020, 1021, 739, -1,
      739, 1021, 1022, -1,
      739, 1022, 737, -1,
      1014, 1023, 913, -1,
      913, 1023, 1024, -1,
      913, 1024, 1015, -1,
      1025, 1026, 1027, -1,
      1025, 1027, 1028, -1,
      1029, 1030, 1031, -1,
      1032, 1033, 1034, -1,
      1035, 1036, 1033, -1,
      1033, 1036, 1037, -1,
      1033, 1037, 1034, -1,
      1029, 1031, 1038, -1,
      1034, 1039, 1032, -1,
      1032, 1039, 1040, -1,
      1032, 1040, 1031, -1,
      1031, 1040, 1041, -1,
      1031, 1041, 1038, -1,
      1004, 738, 1005, -1,
      1005, 738, 1042, -1,
      1005, 1042, 1043, -1,
      1043, 1042, 1044, -1,
      1043, 1044, 1035, -1,
      1035, 1044, 1045, -1,
      1035, 1045, 1036, -1,
      1046, 1047, 1048, -1,
      1049, 1050, 1051, -1,
      1051, 1050, 1052, -1,
      1051, 1052, 1053, -1,
      1046, 1048, 1051, -1,
      1051, 1048, 1054, -1,
      1051, 1054, 1049, -1,
      1055, 1056, 757, -1,
      757, 1056, 1057, -1,
      757, 1057, 1058, -1,
      1059, 762, 1060, -1,
      1060, 762, 757, -1,
      1060, 757, 1061, -1,
      1061, 757, 1058, -1,
      1053, 1062, 1051, -1,
      1051, 1062, 1063, -1,
      1051, 1063, 757, -1,
      757, 1063, 1064, -1,
      757, 1064, 1055, -1,
      1065, 1066, 1067, -1,
      1067, 1066, 1068, -1,
      1067, 1068, 1046, -1,
      1046, 1068, 1069, -1,
      1046, 1069, 1047, -1,
      1059, 1070, 762, -1,
      762, 1070, 1071, -1,
      762, 1071, 774, -1,
      774, 1071, 1072, -1,
      774, 1072, 1073, -1,
      1073, 1074, 774, -1,
      774, 1074, 1075, -1,
      774, 1075, 1067, -1,
      1067, 1075, 1076, -1,
      1067, 1076, 1065, -1,
      1077, 1078, 908, -1,
      1079, 1080, 908, -1,
      1015, 1017, 913, -1,
      913, 1017, 1081, -1,
      913, 1081, 1082, -1,
      1078, 1083, 908, -1,
      908, 1083, 1084, -1,
      908, 1084, 1085, -1,
      1086, 1087, 1088, -1,
      1088, 1087, 1089, -1,
      1088, 1089, 1090, -1,
      1082, 1091, 913, -1,
      913, 1091, 1092, -1,
      913, 1092, 908, -1,
      908, 1092, 1093, -1,
      908, 1093, 1079, -1,
      1080, 1094, 1095, -1,
      1095, 1094, 1096, -1,
      1095, 1096, 1097, -1,
      1080, 1095, 908, -1,
      908, 1095, 1098, -1,
      908, 1098, 1077, -1,
      1099, 1100, 1101, -1,
      1101, 1100, 1102, -1,
      1101, 1102, 1096, -1,
      1096, 1102, 1103, -1,
      1096, 1103, 1097, -1,
      1104, 1105, 742, -1,
      742, 1105, 1106, -1,
      742, 1106, 1107, -1,
      741, 992, 742, -1,
      742, 992, 1108, -1,
      742, 1108, 1104, -1,
      1109, 1110, 992, -1,
      992, 1110, 1111, -1,
      1112, 1113, 1114, -1,
      1115, 1116, 992, -1,
      992, 1116, 1117, -1,
      992, 1117, 1109, -1,
      1111, 1118, 992, -1,
      992, 1118, 1119, -1,
      992, 1119, 1108, -1,
      1108, 1119, 1112, -1,
      1108, 1112, 1120, -1,
      1120, 1112, 1114, -1,
      992, 1121, 1115, -1,
      1115, 1121, 1122, -1,
      1115, 1122, 736, -1,
      1123, 1124, 1125, -1,
      1125, 1124, 1126, -1,
      1125, 1126, 1127, -1,
      1127, 1126, 1128, -1,
      1127, 1128, 1129, -1,
      1129, 1130, 1127, -1,
      1127, 1130, 1131, -1,
      1127, 1131, 1122, -1,
      1122, 1131, 1132, -1,
      1132, 1133, 1122, -1,
      1122, 1133, 1134, -1,
      1122, 1134, 736, -1,
      736, 1134, 1135, -1,
      736, 1135, 734, -1,
      1136, 1137, 1127, -1,
      1127, 1137, 1138, -1,
      1127, 1138, 1139, -1,
      1139, 1140, 1127, -1,
      1127, 1140, 1141, -1,
      1127, 1141, 1125, -1,
      1125, 1141, 1142, -1,
      1125, 1142, 1143, -1,
      1144, 1145, 1146, -1,
      1146, 1145, 1147, -1,
      1144, 1148, 1149, -1,
      1148, 1150, 1149, -1,
      1149, 1150, 1151, -1,
      1149, 1151, 1136, -1,
      1136, 1151, 1152, -1,
      1136, 1152, 1137, -1,
      1144, 1149, 1145, -1,
      1145, 1149, 1153, -1,
      1145, 1153, 1154, -1,
      1155, 1156, 1157, -1,
      1156, 1158, 1157, -1,
      1157, 1158, 1159, -1,
      1157, 1159, 1153, -1,
      1153, 1159, 1160, -1,
      1153, 1160, 1154, -1,
      1161, 1162, 1163, -1,
      1163, 1162, 1164, -1,
      1163, 1164, 1165, -1,
      1155, 1157, 1166, -1,
      1166, 1157, 217, -1,
      1166, 217, 1167, -1,
      1167, 217, 215, -1,
      1167, 215, 1163, -1,
      1163, 215, 1168, -1,
      1163, 1168, 1161, -1,
      1169, 1170, 1171, -1,
      1171, 1172, 1169, -1,
      1169, 1172, 1173, -1,
      1169, 1173, 1174, -1,
      1175, 1176, 1177, -1,
      1178, 1179, 1180, -1,
      1181, 1182, 1169, -1,
      1180, 1183, 1178, -1,
      1178, 1183, 1184, -1,
      1178, 1184, 1177, -1,
      1177, 1184, 1185, -1,
      1177, 1185, 1175, -1,
      1169, 1182, 1170, -1,
      1170, 1182, 1186, -1,
      1170, 1186, 1187, -1,
      1176, 1188, 1177, -1,
      1177, 1188, 1189, -1,
      1177, 1189, 1169, -1,
      1169, 1189, 1190, -1,
      1169, 1190, 1181, -1,
      1191, 1192, 1193, -1,
      1193, 1194, 1191, -1,
      1191, 1194, 1195, -1,
      1191, 1195, 1187, -1,
      1187, 1195, 1196, -1,
      1187, 1196, 1170, -1,
      1197, 1198, 1199, -1,
      1199, 1198, 1200, -1,
      1201, 1178, 1202, -1,
      1202, 1178, 1203, -1,
      1197, 1204, 1205, -1,
      1205, 1204, 1206, -1,
      1205, 1206, 1207, -1,
      1207, 1208, 1205, -1,
      1205, 1208, 1209, -1,
      1205, 1209, 1177, -1,
      1177, 1209, 1210, -1,
      1210, 1211, 1177, -1,
      1177, 1211, 1212, -1,
      1177, 1212, 1178, -1,
      1178, 1212, 1213, -1,
      1178, 1213, 1203, -1,
      1197, 1205, 1198, -1,
      1198, 1205, 1214, -1,
      1198, 1214, 1215, -1,
      1215, 1214, 1216, -1,
      1215, 1216, 1217, -1,
      1217, 1216, 908, -1,
      1217, 908, 1088, -1,
      1088, 908, 1085, -1,
      1088, 1085, 1086, -1,
      1010, 1011, 1009, -1,
      1009, 1011, 913, -1,
      1009, 913, 949, -1,
      949, 913, 917, -1,
      949, 917, 947, -1,
      947, 917, 919, -1,
      744, 908, 745, -1,
      745, 908, 1216, -1,
      745, 1216, 816, -1,
      816, 1216, 1214, -1,
      816, 1214, 782, -1,
      782, 1214, 1205, -1,
      782, 1205, 748, -1,
      748, 1205, 1177, -1,
      748, 1177, 757, -1,
      757, 1177, 1169, -1,
      757, 1169, 1051, -1,
      1030, 1028, 1031, -1,
      1031, 1028, 1027, -1,
      1031, 1027, 1218, -1,
      1218, 1027, 1219, -1,
      1218, 1219, 1220, -1,
      1220, 1219, 1221, -1,
      1220, 1221, 982, -1,
      982, 1221, 977, -1,
      982, 977, 980, -1,
      980, 977, 979, -1,
      1026, 1007, 1027, -1,
      1027, 1007, 1009, -1,
      1027, 1009, 1219, -1,
      1219, 1009, 949, -1,
      1219, 949, 1221, -1,
      1221, 949, 954, -1,
      1221, 954, 977, -1,
      977, 954, 965, -1,
      977, 965, 996, -1,
      996, 965, 1003, -1,
      995, 965, 992, -1,
      992, 965, 959, -1,
      992, 959, 1121, -1,
      1121, 959, 897, -1,
      1121, 897, 1122, -1,
      1122, 897, 851, -1,
      1122, 851, 1127, -1,
      1127, 851, 801, -1,
      1127, 801, 1136, -1,
      1136, 801, 769, -1,
      1136, 769, 1149, -1,
      1149, 769, 774, -1,
      1149, 774, 1153, -1,
      1153, 774, 1067, -1,
      1153, 1067, 1157, -1,
      1222, 1223, 1224, -1,
      1224, 1223, 972, -1,
      1222, 1225, 1223, -1,
      1223, 1225, 1226, -1,
      1223, 1226, 1227, -1,
      1228, 1229, 742, -1,
      742, 1229, 1230, -1,
      742, 1230, 1231, -1,
      1232, 1233, 972, -1,
      972, 1233, 1234, -1,
      972, 1234, 1235, -1,
      1235, 1236, 972, -1,
      972, 1236, 1237, -1,
      972, 1237, 1224, -1,
      1238, 1239, 1107, -1,
      1107, 1239, 1240, -1,
      1107, 1240, 1241, -1,
      1227, 1242, 1223, -1,
      1223, 1242, 1243, -1,
      1223, 1243, 1107, -1,
      1107, 1243, 1244, -1,
      1107, 1244, 1238, -1,
      1241, 1245, 1107, -1,
      1107, 1245, 1246, -1,
      1107, 1246, 742, -1,
      742, 1246, 1247, -1,
      742, 1247, 1228, -1,
      1231, 1248, 742, -1,
      742, 1248, 1249, -1,
      742, 1249, 972, -1,
      972, 1249, 1250, -1,
      972, 1250, 1232, -1,
      1174, 731, 1169, -1,
      1169, 731, 733, -1,
      1169, 733, 1051, -1,
      1051, 733, 1251, -1,
      1051, 1251, 1046, -1,
      1046, 1251, 1252, -1,
      1046, 1252, 1067, -1,
      1067, 1252, 1253, -1,
      1067, 1253, 1157, -1,
      1157, 1253, 1254, -1,
      1157, 1254, 217, -1,
      217, 1254, 218, -1,
      1192, 304, 1193, -1,
      1193, 304, 303, -1,
      227, 1006, 228, -1,
      228, 1006, 1005, -1,
      228, 1005, 386, -1,
      386, 1005, 1043, -1,
      386, 1043, 381, -1,
      381, 1043, 1035, -1,
      1032, 1031, 1255, -1,
      1255, 1031, 1218, -1,
      1255, 1218, 1220, -1,
      1220, 982, 1256, -1,
      1256, 982, 972, -1,
      1256, 972, 1223, -1,
      1220, 1256, 1255, -1,
      1255, 1256, 1257, -1,
      1255, 1257, 1258, -1,
      1258, 1257, 1259, -1,
      1258, 1259, 1260, -1,
      1260, 1259, 1261, -1,
      1260, 1261, 1262, -1,
      1262, 1261, 1263, -1,
      1262, 1263, 1264, -1,
      1264, 1263, 87, -1,
      1264, 87, 112, -1,
      184, 189, 219, -1,
      184, 219, 1265, -1,
      1265, 219, 210, -1,
      1265, 210, 1266, -1,
      1266, 210, 209, -1,
      1266, 209, 1267, -1,
      1267, 209, 208, -1,
      1267, 208, 1268, -1,
      1268, 208, 207, -1,
      1268, 207, 1269, -1,
      207, 218, 1254, -1,
      207, 1254, 1269, -1,
      1269, 1254, 1253, -1,
      1269, 1253, 1252, -1,
      1252, 1251, 1269, -1,
      1269, 1251, 733, -1,
      1269, 733, 732, -1,
      1270, 1271, 55, -1,
      55, 1271, 1272, -1,
      55, 1272, 1273, -1,
      1106, 377, 1107, -1,
      1107, 377, 700, -1,
      1107, 700, 1223, -1,
      1223, 700, 51, -1,
      1223, 51, 1256, -1,
      1256, 51, 1257, -1,
      1263, 1261, 51, -1,
      51, 1261, 1259, -1,
      51, 1259, 1257, -1,
      1273, 1274, 55, -1,
      55, 1274, 1275, -1,
      55, 1275, 1276, -1,
      1276, 1277, 55, -1,
      55, 1277, 99, -1,
      55, 99, 51, -1,
      51, 99, 87, -1,
      51, 87, 1263, -1,
      157, 1267, 1268, -1,
      152, 150, 157, -1,
      157, 150, 184, -1,
      731, 315, 732, -1,
      732, 315, 157, -1,
      732, 157, 1269, -1,
      1269, 157, 1268, -1,
      184, 1265, 157, -1,
      157, 1265, 1266, -1,
      157, 1266, 1267, -1,
      1194, 1193, 305, -1,
      305, 1193, 303, -1,
      315, 731, 313, -1,
      313, 731, 1174, -1,
      313, 1174, 311, -1,
      311, 1174, 1173, -1,
      311, 1173, 312, -1,
      312, 1173, 1172, -1,
      312, 1172, 314, -1,
      314, 1172, 1171, -1,
      314, 1171, 310, -1,
      310, 1171, 1170, -1,
      310, 1170, 309, -1,
      309, 1170, 1196, -1,
      309, 1196, 307, -1,
      307, 1196, 1195, -1,
      307, 1195, 305, -1,
      305, 1195, 1194, -1,
      115, 32, 112, -1,
      112, 32, 22, -1,
      382, 1033, 22, -1,
      22, 1033, 1032, -1,
      1260, 1262, 22, -1,
      22, 1262, 1264, -1,
      22, 1264, 112, -1,
      1032, 1255, 22, -1,
      22, 1255, 1258, -1,
      22, 1258, 1260, -1,
      1035, 1033, 381, -1,
      381, 1033, 382, -1,
      1192, 1191, 304, -1,
      304, 1191, 306, -1,
      289, 1188, 290, -1,
      290, 1188, 1176, -1,
      290, 1176, 297, -1,
      297, 1176, 1175, -1,
      297, 1175, 298, -1,
      298, 1175, 1185, -1,
      298, 1185, 299, -1,
      299, 1185, 1184, -1,
      299, 1184, 296, -1,
      296, 1184, 1183, -1,
      296, 1183, 295, -1,
      295, 1183, 1180, -1,
      1189, 1188, 302, -1,
      302, 1188, 289, -1,
      306, 1191, 308, -1,
      308, 1191, 1187, -1,
      308, 1187, 291, -1,
      291, 1187, 1186, -1,
      291, 1186, 292, -1,
      292, 1186, 1182, -1,
      292, 1182, 300, -1,
      300, 1182, 1181, -1,
      300, 1181, 301, -1,
      301, 1181, 1190, -1,
      301, 1190, 302, -1,
      302, 1190, 1189, -1,
      345, 1143, 344, -1,
      344, 1143, 1142, -1,
      344, 1142, 339, -1,
      339, 1142, 1141, -1,
      339, 1141, 340, -1,
      340, 1141, 1140, -1,
      340, 1140, 342, -1,
      342, 1140, 1139, -1,
      342, 1139, 343, -1,
      343, 1139, 1138, -1,
      343, 1138, 335, -1,
      335, 1138, 1137, -1,
      335, 1137, 333, -1,
      333, 1137, 1152, -1,
      333, 1152, 332, -1,
      332, 1152, 1151, -1,
      332, 1151, 336, -1,
      336, 1151, 1150, -1,
      336, 1150, 337, -1,
      337, 1150, 1148, -1,
      337, 1148, 338, -1,
      338, 1148, 1144, -1,
      338, 1144, 232, -1,
      232, 1144, 1146, -1,
      232, 1146, 233, -1,
      233, 1146, 1147, -1,
      233, 1147, 234, -1,
      234, 1147, 1145, -1,
      234, 1145, 331, -1,
      331, 1145, 1154, -1,
      331, 1154, 323, -1,
      323, 1154, 1160, -1,
      323, 1160, 324, -1,
      324, 1160, 1159, -1,
      324, 1159, 317, -1,
      317, 1159, 1158, -1,
      317, 1158, 318, -1,
      318, 1158, 1156, -1,
      318, 1156, 319, -1,
      319, 1156, 1155, -1,
      319, 1155, 320, -1,
      320, 1155, 1166, -1,
      320, 1166, 321, -1,
      321, 1166, 1167, -1,
      1167, 1163, 321, -1,
      321, 1163, 235, -1,
      235, 1163, 1165, -1,
      235, 1165, 327, -1,
      327, 1165, 1164, -1,
      327, 1164, 326, -1,
      326, 1164, 1162, -1,
      326, 1162, 325, -1,
      325, 1162, 1161, -1,
      325, 1161, 328, -1,
      328, 1161, 1168, -1,
      328, 1168, 329, -1,
      329, 1168, 215, -1,
      329, 215, 214, -1,
      377, 1106, 1105, -1,
      377, 1105, 376, -1,
      376, 1105, 1104, -1,
      376, 1104, 374, -1,
      374, 1104, 365, -1,
      365, 1104, 1108, -1,
      365, 1108, 366, -1,
      1108, 1120, 366, -1,
      366, 1120, 1114, -1,
      366, 1114, 368, -1,
      368, 1114, 1113, -1,
      368, 1113, 369, -1,
      369, 1113, 1112, -1,
      369, 1112, 367, -1,
      1112, 1119, 367, -1,
      367, 1119, 359, -1,
      359, 1119, 360, -1,
      360, 1119, 1118, -1,
      360, 1118, 362, -1,
      362, 1118, 1111, -1,
      362, 1111, 363, -1,
      363, 1111, 1110, -1,
      363, 1110, 364, -1,
      364, 1110, 1109, -1,
      364, 1109, 373, -1,
      373, 1109, 1117, -1,
      373, 1117, 372, -1,
      372, 1117, 1116, -1,
      372, 1116, 370, -1,
      370, 1116, 1115, -1,
      370, 1115, 346, -1,
      346, 1115, 736, -1,
      346, 736, 347, -1,
      347, 736, 735, -1,
      347, 735, 348, -1,
      348, 735, 734, -1,
      348, 734, 349, -1,
      349, 734, 1135, -1,
      349, 1135, 350, -1,
      350, 1135, 1134, -1,
      350, 1134, 352, -1,
      352, 1134, 1133, -1,
      352, 1133, 353, -1,
      353, 1133, 1132, -1,
      353, 1132, 354, -1,
      354, 1132, 1131, -1,
      354, 1131, 355, -1,
      355, 1131, 1130, -1,
      355, 1130, 356, -1,
      356, 1130, 1129, -1,
      356, 1129, 357, -1,
      357, 1129, 1128, -1,
      357, 1128, 358, -1,
      358, 1128, 1126, -1,
      358, 1126, 229, -1,
      229, 1126, 1124, -1,
      229, 1124, 230, -1,
      230, 1124, 1123, -1,
      230, 1123, 231, -1,
      231, 1123, 1125, -1,
      231, 1125, 345, -1,
      345, 1125, 1143, -1,
      410, 749, 411, -1,
      411, 749, 747, -1,
      411, 747, 413, -1,
      413, 747, 746, -1,
      413, 746, 414, -1,
      414, 746, 752, -1,
      414, 752, 415, -1,
      415, 752, 751, -1,
      415, 751, 428, -1,
      428, 751, 750, -1,
      428, 750, 429, -1,
      429, 750, 766, -1,
      749, 410, 753, -1,
      753, 410, 416, -1,
      443, 778, 431, -1,
      431, 778, 777, -1,
      431, 777, 432, -1,
      432, 777, 771, -1,
      432, 771, 434, -1,
      434, 771, 770, -1,
      434, 770, 435, -1,
      435, 770, 768, -1,
      435, 768, 418, -1,
      418, 768, 767, -1,
      418, 767, 416, -1,
      416, 767, 753, -1,
      778, 443, 779, -1,
      779, 443, 442, -1,
      427, 761, 436, -1,
      436, 761, 763, -1,
      436, 763, 437, -1,
      437, 763, 776, -1,
      437, 776, 439, -1,
      439, 776, 775, -1,
      439, 775, 440, -1,
      440, 775, 773, -1,
      440, 773, 441, -1,
      441, 773, 772, -1,
      441, 772, 442, -1,
      442, 772, 779, -1,
      761, 427, 755, -1,
      755, 427, 425, -1,
      430, 765, 419, -1,
      419, 765, 764, -1,
      419, 764, 420, -1,
      420, 764, 760, -1,
      420, 760, 422, -1,
      422, 760, 759, -1,
      422, 759, 423, -1,
      423, 759, 758, -1,
      423, 758, 424, -1,
      424, 758, 756, -1,
      424, 756, 425, -1,
      425, 756, 755, -1,
      765, 430, 766, -1,
      766, 430, 429, -1,
      462, 784, 464, -1,
      464, 784, 783, -1,
      464, 783, 465, -1,
      465, 783, 796, -1,
      465, 796, 466, -1,
      466, 796, 795, -1,
      466, 795, 467, -1,
      467, 795, 788, -1,
      467, 788, 468, -1,
      468, 788, 787, -1,
      468, 787, 469, -1,
      469, 787, 794, -1,
      784, 462, 804, -1,
      804, 462, 458, -1,
      804, 458, 805, -1,
      805, 458, 457, -1,
      461, 810, 444, -1,
      444, 810, 803, -1,
      444, 803, 445, -1,
      445, 803, 802, -1,
      445, 802, 447, -1,
      447, 802, 800, -1,
      447, 800, 454, -1,
      454, 800, 799, -1,
      454, 799, 455, -1,
      455, 799, 806, -1,
      455, 806, 457, -1,
      457, 806, 805, -1,
      810, 461, 811, -1,
      811, 461, 460, -1,
      452, 809, 448, -1,
      448, 809, 808, -1,
      448, 808, 449, -1,
      449, 808, 807, -1,
      449, 807, 450, -1,
      450, 807, 798, -1,
      450, 798, 451, -1,
      451, 798, 797, -1,
      451, 797, 459, -1,
      459, 797, 812, -1,
      459, 812, 460, -1,
      460, 812, 811, -1,
      809, 452, 786, -1,
      786, 452, 453, -1,
      786, 453, 780, -1,
      780, 453, 473, -1,
      470, 793, 471, -1,
      471, 793, 792, -1,
      471, 792, 472, -1,
      472, 792, 791, -1,
      472, 791, 475, -1,
      475, 791, 790, -1,
      475, 790, 476, -1,
      476, 790, 789, -1,
      476, 789, 474, -1,
      474, 789, 781, -1,
      474, 781, 473, -1,
      473, 781, 780, -1,
      793, 470, 794, -1,
      794, 470, 469, -1,
      506, 837, 494, -1,
      494, 837, 836, -1,
      494, 836, 495, -1,
      495, 836, 835, -1,
      495, 835, 502, -1,
      502, 835, 815, -1,
      502, 815, 503, -1,
      503, 815, 814, -1,
      503, 814, 486, -1,
      486, 814, 813, -1,
      486, 813, 487, -1,
      487, 813, 826, -1,
      837, 506, 848, -1,
      848, 506, 505, -1,
      510, 844, 511, -1,
      511, 844, 842, -1,
      511, 842, 496, -1,
      496, 842, 841, -1,
      496, 841, 497, -1,
      497, 841, 832, -1,
      497, 832, 499, -1,
      499, 832, 830, -1,
      499, 830, 512, -1,
      512, 830, 828, -1,
      512, 828, 504, -1,
      504, 828, 827, -1,
      504, 827, 505, -1,
      505, 827, 848, -1,
      844, 510, 846, -1,
      846, 510, 508, -1,
      536, 875, 537, -1,
      537, 875, 874, -1,
      537, 874, 533, -1,
      533, 874, 873, -1,
      533, 873, 532, -1,
      532, 873, 872, -1,
      532, 872, 531, -1,
      531, 872, 871, -1,
      531, 871, 484, -1,
      484, 871, 869, -1,
      484, 869, 485, -1,
      485, 869, 868, -1,
      485, 868, 507, -1,
      507, 868, 847, -1,
      507, 847, 508, -1,
      508, 847, 846, -1,
      875, 536, 876, -1,
      876, 536, 535, -1,
      501, 820, 517, -1,
      517, 820, 819, -1,
      517, 819, 518, -1,
      518, 819, 867, -1,
      518, 867, 519, -1,
      519, 867, 866, -1,
      519, 866, 515, -1,
      515, 866, 865, -1,
      515, 865, 516, -1,
      516, 865, 864, -1,
      516, 864, 535, -1,
      535, 864, 876, -1,
      820, 501, 826, -1,
      826, 501, 487, -1,
      492, 839, 493, -1,
      493, 839, 838, -1,
      493, 838, 514, -1,
      514, 838, 823, -1,
      514, 823, 513, -1,
      513, 823, 822, -1,
      513, 822, 500, -1,
      500, 822, 829, -1,
      500, 829, 498, -1,
      498, 829, 831, -1,
      498, 831, 509, -1,
      509, 831, 843, -1,
      839, 492, 840, -1,
      840, 492, 491, -1,
      482, 818, 477, -1,
      477, 818, 817, -1,
      477, 817, 478, -1,
      478, 817, 834, -1,
      478, 834, 488, -1,
      488, 834, 833, -1,
      488, 833, 489, -1,
      489, 833, 825, -1,
      489, 825, 490, -1,
      490, 825, 824, -1,
      490, 824, 491, -1,
      491, 824, 840, -1,
      818, 482, 854, -1,
      854, 482, 481, -1,
      854, 481, 855, -1,
      855, 481, 530, -1,
      540, 861, 524, -1,
      524, 861, 853, -1,
      524, 853, 525, -1,
      525, 853, 852, -1,
      525, 852, 527, -1,
      527, 852, 850, -1,
      527, 850, 528, -1,
      528, 850, 849, -1,
      528, 849, 529, -1,
      529, 849, 856, -1,
      529, 856, 530, -1,
      530, 856, 855, -1,
      861, 540, 862, -1,
      862, 540, 539, -1,
      534, 870, 520, -1,
      520, 870, 860, -1,
      520, 860, 521, -1,
      521, 860, 859, -1,
      521, 859, 522, -1,
      522, 859, 858, -1,
      522, 858, 523, -1,
      523, 858, 857, -1,
      523, 857, 538, -1,
      538, 857, 863, -1,
      538, 863, 539, -1,
      539, 863, 862, -1,
      870, 534, 845, -1,
      845, 534, 483, -1,
      845, 483, 843, -1,
      843, 483, 509, -1,
      557, 892, 541, -1,
      541, 892, 893, -1,
      541, 893, 542, -1,
      542, 893, 889, -1,
      542, 889, 546, -1,
      546, 889, 888, -1,
      546, 888, 547, -1,
      547, 888, 887, -1,
      547, 887, 548, -1,
      548, 887, 886, -1,
      548, 886, 549, -1,
      549, 886, 885, -1,
      892, 557, 890, -1,
      890, 557, 556, -1,
      567, 905, 563, -1,
      563, 905, 904, -1,
      563, 904, 564, -1,
      564, 904, 899, -1,
      564, 899, 223, -1,
      223, 899, 898, -1,
      223, 898, 224, -1,
      224, 898, 896, -1,
      224, 896, 555, -1,
      555, 896, 895, -1,
      555, 895, 556, -1,
      556, 895, 890, -1,
      905, 567, 906, -1,
      906, 567, 566, -1,
      554, 882, 558, -1,
      558, 882, 881, -1,
      558, 881, 559, -1,
      559, 881, 903, -1,
      559, 903, 560, -1,
      560, 903, 902, -1,
      560, 902, 561, -1,
      561, 902, 901, -1,
      561, 901, 565, -1,
      565, 901, 900, -1,
      565, 900, 566, -1,
      566, 900, 906, -1,
      882, 554, 894, -1,
      894, 554, 553, -1,
      550, 884, 551, -1,
      551, 884, 883, -1,
      551, 883, 545, -1,
      545, 883, 880, -1,
      545, 880, 544, -1,
      544, 880, 879, -1,
      544, 879, 543, -1,
      543, 879, 878, -1,
      543, 878, 552, -1,
      552, 878, 877, -1,
      552, 877, 553, -1,
      553, 877, 894, -1,
      884, 550, 885, -1,
      885, 550, 549, -1,
      578, 934, 577, -1,
      577, 934, 936, -1,
      577, 936, 598, -1,
      598, 936, 928, -1,
      598, 928, 599, -1,
      599, 928, 927, -1,
      599, 927, 600, -1,
      600, 927, 926, -1,
      600, 926, 603, -1,
      603, 926, 914, -1,
      603, 914, 604, -1,
      604, 914, 912, -1,
      934, 578, 942, -1,
      942, 578, 592, -1,
      597, 939, 573, -1,
      573, 939, 924, -1,
      573, 924, 574, -1,
      574, 924, 923, -1,
      574, 923, 587, -1,
      587, 923, 946, -1,
      587, 946, 588, -1,
      588, 946, 945, -1,
      588, 945, 591, -1,
      591, 945, 943, -1,
      591, 943, 592, -1,
      592, 943, 942, -1,
      939, 597, 940, -1,
      940, 597, 596, -1,
      581, 930, 568, -1,
      568, 930, 929, -1,
      568, 929, 569, -1,
      569, 929, 922, -1,
      569, 922, 570, -1,
      570, 922, 921, -1,
      570, 921, 571, -1,
      571, 921, 920, -1,
      571, 920, 595, -1,
      595, 920, 941, -1,
      595, 941, 596, -1,
      596, 941, 940, -1,
      930, 581, 931, -1,
      931, 581, 580, -1,
      605, 911, 601, -1,
      601, 911, 910, -1,
      601, 910, 602, -1,
      602, 910, 909, -1,
      602, 909, 220, -1,
      220, 909, 907, -1,
      220, 907, 221, -1,
      221, 907, 744, -1,
      221, 744, 579, -1,
      579, 744, 743, -1,
      579, 743, 580, -1,
      580, 743, 931, -1,
      911, 605, 912, -1,
      912, 605, 604, -1,
      617, 955, 618, -1,
      618, 955, 956, -1,
      618, 956, 613, -1,
      613, 956, 952, -1,
      613, 952, 614, -1,
      614, 952, 951, -1,
      614, 951, 615, -1,
      615, 951, 950, -1,
      615, 950, 612, -1,
      612, 950, 948, -1,
      612, 948, 610, -1,
      610, 948, 947, -1,
      955, 617, 953, -1,
      953, 617, 616, -1,
      622, 969, 624, -1,
      624, 969, 968, -1,
      624, 968, 625, -1,
      625, 968, 967, -1,
      625, 967, 606, -1,
      606, 967, 966, -1,
      606, 966, 607, -1,
      607, 966, 964, -1,
      607, 964, 609, -1,
      609, 964, 963, -1,
      609, 963, 616, -1,
      616, 963, 953, -1,
      969, 622, 957, -1,
      957, 622, 620, -1,
      957, 620, 958, -1,
      958, 620, 619, -1,
      590, 932, 589, -1,
      589, 932, 944, -1,
      589, 944, 572, -1,
      572, 944, 925, -1,
      572, 925, 626, -1,
      626, 925, 961, -1,
      626, 961, 627, -1,
      627, 961, 962, -1,
      627, 962, 628, -1,
      628, 962, 960, -1,
      628, 960, 619, -1,
      619, 960, 958, -1,
      932, 590, 933, -1,
      933, 590, 593, -1,
      583, 918, 585, -1,
      585, 918, 916, -1,
      585, 916, 586, -1,
      586, 916, 915, -1,
      586, 915, 575, -1,
      575, 915, 938, -1,
      575, 938, 576, -1,
      576, 938, 937, -1,
      576, 937, 594, -1,
      594, 937, 935, -1,
      594, 935, 593, -1,
      593, 935, 933, -1,
      918, 583, 919, -1,
      919, 583, 582, -1,
      919, 582, 947, -1,
      947, 582, 610, -1,
      638, 988, 639, -1,
      639, 988, 987, -1,
      639, 987, 640, -1,
      640, 987, 986, -1,
      640, 986, 633, -1,
      633, 986, 985, -1,
      633, 985, 632, -1,
      632, 985, 984, -1,
      632, 984, 631, -1,
      631, 984, 983, -1,
      631, 983, 641, -1,
      641, 983, 981, -1,
      641, 981, 642, -1,
      642, 981, 980, -1,
      988, 638, 989, -1,
      989, 638, 648, -1,
      636, 976, 637, -1,
      637, 976, 975, -1,
      637, 975, 629, -1,
      629, 975, 974, -1,
      629, 974, 630, -1,
      630, 974, 971, -1,
      630, 971, 646, -1,
      646, 971, 970, -1,
      646, 970, 647, -1,
      647, 970, 990, -1,
      647, 990, 648, -1,
      648, 990, 989, -1,
      976, 636, 973, -1,
      973, 636, 635, -1,
      651, 999, 649, -1,
      649, 999, 995, -1,
      649, 995, 650, -1,
      650, 995, 994, -1,
      650, 994, 652, -1,
      652, 994, 993, -1,
      652, 993, 653, -1,
      653, 993, 991, -1,
      653, 991, 654, -1,
      654, 991, 741, -1,
      654, 741, 634, -1,
      634, 741, 740, -1,
      634, 740, 635, -1,
      635, 740, 973, -1,
      999, 651, 1000, -1,
      1000, 651, 658, -1,
      644, 979, 645, -1,
      645, 979, 978, -1,
      645, 978, 659, -1,
      659, 978, 998, -1,
      659, 998, 660, -1,
      660, 998, 997, -1,
      660, 997, 661, -1,
      661, 997, 996, -1,
      661, 996, 655, -1,
      655, 996, 1003, -1,
      655, 1003, 656, -1,
      656, 1003, 1002, -1,
      656, 1002, 657, -1,
      657, 1002, 1001, -1,
      657, 1001, 658, -1,
      658, 1001, 1000, -1,
      979, 644, 980, -1,
      980, 644, 642, -1,
      725, 1237, 706, -1,
      706, 1237, 1236, -1,
      706, 1236, 707, -1,
      707, 1236, 1235, -1,
      707, 1235, 708, -1,
      708, 1235, 1234, -1,
      708, 1234, 709, -1,
      709, 1234, 1233, -1,
      709, 1233, 726, -1,
      726, 1233, 1232, -1,
      726, 1232, 727, -1,
      727, 1232, 1250, -1,
      1237, 725, 1224, -1,
      1224, 725, 724, -1,
      722, 1243, 716, -1,
      716, 1243, 1242, -1,
      716, 1242, 717, -1,
      717, 1242, 1227, -1,
      717, 1227, 718, -1,
      718, 1227, 1226, -1,
      718, 1226, 719, -1,
      719, 1226, 1225, -1,
      719, 1225, 723, -1,
      723, 1225, 1222, -1,
      723, 1222, 724, -1,
      724, 1222, 1224, -1,
      1243, 722, 1244, -1,
      1244, 722, 721, -1,
      701, 1246, 702, -1,
      702, 1246, 1245, -1,
      702, 1245, 703, -1,
      703, 1245, 1241, -1,
      703, 1241, 704, -1,
      704, 1241, 1240, -1,
      704, 1240, 705, -1,
      705, 1240, 1239, -1,
      705, 1239, 720, -1,
      720, 1239, 1238, -1,
      720, 1238, 721, -1,
      721, 1238, 1244, -1,
      1246, 701, 1247, -1,
      1247, 701, 715, -1,
      728, 1249, 710, -1,
      710, 1249, 1248, -1,
      710, 1248, 711, -1,
      711, 1248, 1231, -1,
      711, 1231, 712, -1,
      712, 1231, 1230, -1,
      712, 1230, 713, -1,
      713, 1230, 1229, -1,
      713, 1229, 714, -1,
      714, 1229, 1228, -1,
      714, 1228, 715, -1,
      715, 1228, 1247, -1,
      1249, 728, 1250, -1,
      1250, 728, 727, -1,
      409, 1024, 403, -1,
      403, 1024, 1023, -1,
      403, 1023, 404, -1,
      404, 1023, 1014, -1,
      404, 1014, 405, -1,
      405, 1014, 1013, -1,
      405, 1013, 395, -1,
      395, 1013, 1012, -1,
      395, 1012, 396, -1,
      396, 1012, 1011, -1,
      396, 1011, 666, -1,
      666, 1011, 1010, -1,
      1024, 409, 1015, -1,
      1015, 409, 408, -1,
      665, 737, 398, -1,
      398, 737, 1022, -1,
      398, 1022, 399, -1,
      399, 1022, 1021, -1,
      399, 1021, 401, -1,
      401, 1021, 1019, -1,
      401, 1019, 402, -1,
      402, 1019, 1018, -1,
      402, 1018, 407, -1,
      407, 1018, 1016, -1,
      407, 1016, 408, -1,
      408, 1016, 1015, -1,
      737, 665, 738, -1,
      738, 665, 664, -1,
      738, 664, 1042, -1,
      1042, 664, 663, -1,
      1042, 663, 1044, -1,
      1044, 663, 662, -1,
      394, 1040, 390, -1,
      390, 1040, 1039, -1,
      390, 1039, 391, -1,
      391, 1039, 1034, -1,
      391, 1034, 383, -1,
      383, 1034, 1037, -1,
      383, 1037, 384, -1,
      384, 1037, 1036, -1,
      384, 1036, 385, -1,
      385, 1036, 1045, -1,
      385, 1045, 662, -1,
      662, 1045, 1044, -1,
      1040, 394, 1041, -1,
      1041, 394, 393, -1,
      668, 1007, 379, -1,
      379, 1007, 1026, -1,
      379, 1026, 380, -1,
      380, 1026, 1025, -1,
      380, 1025, 387, -1,
      387, 1025, 1028, -1,
      387, 1028, 388, -1,
      388, 1028, 1030, -1,
      388, 1030, 389, -1,
      389, 1030, 1029, -1,
      389, 1029, 392, -1,
      392, 1029, 1038, -1,
      392, 1038, 393, -1,
      393, 1038, 1041, -1,
      1007, 668, 1008, -1,
      1008, 668, 667, -1,
      1008, 667, 1010, -1,
      1010, 667, 666, -1,
      687, 1060, 673, -1,
      673, 1060, 1061, -1,
      673, 1061, 674, -1,
      674, 1061, 1058, -1,
      674, 1058, 675, -1,
      675, 1058, 1057, -1,
      675, 1057, 676, -1,
      676, 1057, 1056, -1,
      676, 1056, 677, -1,
      677, 1056, 1055, -1,
      677, 1055, 684, -1,
      684, 1055, 1064, -1,
      1060, 687, 1059, -1,
      1059, 687, 679, -1,
      699, 1075, 693, -1,
      693, 1075, 1074, -1,
      693, 1074, 694, -1,
      694, 1074, 1073, -1,
      694, 1073, 695, -1,
      695, 1073, 1072, -1,
      695, 1072, 696, -1,
      696, 1072, 1071, -1,
      696, 1071, 678, -1,
      678, 1071, 1070, -1,
      678, 1070, 679, -1,
      679, 1070, 1059, -1,
      1075, 699, 1076, -1,
      1076, 699, 698, -1,
      683, 1048, 688, -1,
      688, 1048, 1047, -1,
      688, 1047, 689, -1,
      689, 1047, 1069, -1,
      689, 1069, 691, -1,
      691, 1069, 1068, -1,
      691, 1068, 692, -1,
      692, 1068, 1066, -1,
      692, 1066, 697, -1,
      697, 1066, 1065, -1,
      697, 1065, 698, -1,
      698, 1065, 1076, -1,
      1048, 683, 1054, -1,
      1054, 683, 681, -1,
      685, 1063, 686, -1,
      686, 1063, 1062, -1,
      686, 1062, 669, -1,
      669, 1062, 1053, -1,
      669, 1053, 670, -1,
      670, 1053, 1052, -1,
      670, 1052, 672, -1,
      672, 1052, 1050, -1,
      672, 1050, 680, -1,
      680, 1050, 1049, -1,
      680, 1049, 681, -1,
      681, 1049, 1054, -1,
      1063, 685, 1064, -1,
      1064, 685, 684, -1,
      1278, 1279, 1280, -1,
      1280, 1279, 1281, -1,
      1282, 1278, 1283, -1,
      1283, 1278, 1280, -1,
      1284, 1282, 1285, -1,
      1285, 1282, 1283, -1,
      1286, 1287, 1288, -1,
      1288, 1287, 1289, -1,
      294, 1281, 275, -1,
      275, 1281, 1279, -1,
      275, 1279, 276, -1,
      1201, 1202, 277, -1,
      1278, 1282, 1279, -1,
      1279, 1282, 1284, -1,
      1279, 1284, 1290, -1,
      1201, 277, 1291, -1,
      1291, 277, 276, -1,
      1291, 276, 1292, -1,
      1293, 1294, 276, -1,
      276, 1294, 1295, -1,
      276, 1295, 1292, -1,
      1290, 1296, 1279, -1,
      1279, 1296, 1297, -1,
      1279, 1297, 1298, -1,
      1298, 1299, 1279, -1,
      1279, 1299, 1288, -1,
      1279, 1288, 276, -1,
      276, 1288, 1289, -1,
      276, 1289, 1293, -1,
      1283, 1280, 1285, -1,
      1285, 1280, 1281, -1,
      1285, 1281, 1300, -1,
      1300, 1281, 1301, -1,
      294, 1302, 1303, -1,
      295, 1180, 294, -1,
      294, 1180, 1179, -1,
      1304, 1305, 1281, -1,
      1281, 1305, 1306, -1,
      1281, 1306, 1301, -1,
      1179, 1307, 294, -1,
      294, 1307, 1308, -1,
      294, 1308, 1302, -1,
      1303, 1309, 294, -1,
      294, 1309, 1287, -1,
      294, 1287, 1281, -1,
      1281, 1287, 1286, -1,
      1281, 1286, 1304, -1,
      1284, 1285, 1300, -1,
      1284, 1300, 1290, -1,
      1290, 1300, 1301, -1,
      1290, 1301, 1296, -1,
      1296, 1301, 1306, -1,
      1296, 1306, 1297, -1,
      1297, 1306, 1305, -1,
      1297, 1305, 1298, -1,
      1298, 1305, 1304, -1,
      1298, 1304, 1299, -1,
      1299, 1304, 1286, -1,
      1299, 1286, 1288, -1,
      1289, 1287, 1309, -1,
      1307, 1179, 1178, -1,
      1289, 1309, 1293, -1,
      1293, 1309, 1303, -1,
      1293, 1303, 1294, -1,
      1294, 1303, 1302, -1,
      1294, 1302, 1295, -1,
      1295, 1302, 1308, -1,
      1295, 1308, 1292, -1,
      1292, 1308, 1307, -1,
      1292, 1307, 1291, -1,
      1291, 1307, 1178, -1,
      1291, 1178, 1201, -1,
      1310, 1311, 1312, -1,
      1312, 1311, 1313, -1,
      1314, 1310, 1315, -1,
      1315, 1310, 1312, -1,
      1316, 1314, 1317, -1,
      1317, 1314, 1315, -1,
      1318, 1319, 1320, -1,
      1320, 1319, 1321, -1,
      1311, 263, 1313, -1,
      1313, 263, 262, -1,
      1099, 1101, 265, -1,
      1310, 1314, 1311, -1,
      1311, 1314, 1316, -1,
      1311, 1316, 1322, -1,
      1099, 265, 1323, -1,
      1323, 265, 263, -1,
      1323, 263, 1324, -1,
      1325, 1326, 263, -1,
      263, 1326, 1327, -1,
      263, 1327, 1324, -1,
      1322, 1328, 1311, -1,
      1311, 1328, 1329, -1,
      1311, 1329, 1330, -1,
      1330, 1331, 1311, -1,
      1311, 1331, 1320, -1,
      1311, 1320, 263, -1,
      263, 1320, 1321, -1,
      263, 1321, 1325, -1,
      1315, 1312, 1317, -1,
      1317, 1312, 1313, -1,
      1317, 1313, 1332, -1,
      1332, 1313, 1333, -1,
      262, 1334, 1335, -1,
      1336, 1337, 1313, -1,
      1313, 1337, 1338, -1,
      1313, 1338, 1333, -1,
      1102, 1100, 261, -1,
      261, 1100, 1339, -1,
      261, 1339, 262, -1,
      262, 1339, 1340, -1,
      262, 1340, 1334, -1,
      1335, 1341, 262, -1,
      262, 1341, 1319, -1,
      262, 1319, 1313, -1,
      1313, 1319, 1318, -1,
      1313, 1318, 1336, -1,
      1316, 1317, 1332, -1,
      1316, 1332, 1322, -1,
      1322, 1332, 1333, -1,
      1322, 1333, 1328, -1,
      1328, 1333, 1338, -1,
      1328, 1338, 1329, -1,
      1329, 1338, 1337, -1,
      1329, 1337, 1330, -1,
      1330, 1337, 1336, -1,
      1330, 1336, 1331, -1,
      1331, 1336, 1318, -1,
      1331, 1318, 1320, -1,
      1321, 1319, 1341, -1,
      1321, 1341, 1325, -1,
      1325, 1341, 1335, -1,
      1325, 1335, 1326, -1,
      1326, 1335, 1334, -1,
      1326, 1334, 1327, -1,
      1327, 1334, 1340, -1,
      1327, 1340, 1324, -1,
      1324, 1340, 1339, -1,
      1324, 1339, 1323, -1,
      1323, 1339, 1100, -1,
      1323, 1100, 1099, -1,
      1004, 1006, 226, -1,
      226, 1006, 227, -1,
      1342, 1343, 1344, -1,
      1344, 1343, 1345, -1,
      1345, 1343, 1346, -1,
      1346, 1343, 1347, -1,
      267, 272, 1346, -1,
      241, 240, 1347, -1,
      1347, 240, 271, -1,
      1347, 271, 1346, -1,
      1346, 271, 269, -1,
      1346, 269, 267, -1,
      1347, 1343, 241, -1,
      241, 1343, 1342, -1,
      1342, 1348, 241, -1,
      241, 1348, 1349, -1,
      241, 1349, 1350, -1,
      1350, 1351, 241, -1,
      241, 1351, 1352, -1,
      241, 1352, 242, -1,
      242, 1352, 1090, -1,
      242, 1090, 1089, -1,
      272, 1353, 1354, -1,
      1345, 1346, 1344, -1,
      1344, 1346, 272, -1,
      1344, 272, 1355, -1,
      1355, 272, 1354, -1,
      1199, 1200, 273, -1,
      273, 1200, 1356, -1,
      273, 1356, 272, -1,
      272, 1356, 1357, -1,
      272, 1357, 1353, -1,
      1088, 1090, 1352, -1,
      1342, 1344, 1355, -1,
      1200, 1198, 1356, -1,
      1356, 1198, 1215, -1,
      1356, 1215, 1217, -1,
      1342, 1355, 1348, -1,
      1348, 1355, 1354, -1,
      1348, 1354, 1349, -1,
      1349, 1354, 1353, -1,
      1349, 1353, 1350, -1,
      1350, 1353, 1357, -1,
      1350, 1357, 1351, -1,
      1351, 1357, 1356, -1,
      1351, 1356, 1352, -1,
      1352, 1356, 1217, -1,
      1352, 1217, 1088, -1,
      265, 1101, 251, -1,
      251, 1101, 1096, -1,
      251, 1096, 257, -1,
      257, 1096, 1094, -1,
      257, 1094, 256, -1,
      256, 1094, 1080, -1,
      256, 1080, 258, -1,
      258, 1080, 1079, -1,
      258, 1079, 259, -1,
      259, 1079, 1093, -1,
      259, 1093, 260, -1,
      260, 1093, 1092, -1,
      260, 1092, 243, -1,
      243, 1092, 1091, -1,
      243, 1091, 244, -1,
      244, 1091, 1082, -1,
      244, 1082, 246, -1,
      246, 1082, 1081, -1,
      246, 1081, 247, -1,
      247, 1081, 1017, -1,
      247, 1017, 406, -1,
      406, 1017, 1020, -1,
      406, 1020, 397, -1,
      397, 1020, 739, -1,
      397, 739, 226, -1,
      226, 739, 1004, -1,
      1078, 237, 1083, -1,
      1083, 237, 236, -1,
      1083, 236, 1084, -1,
      1084, 236, 239, -1,
      1084, 239, 1085, -1,
      1085, 239, 250, -1,
      1085, 250, 1086, -1,
      1086, 250, 249, -1,
      1086, 249, 1087, -1,
      1087, 249, 248, -1,
      1087, 248, 1089, -1,
      1089, 248, 242, -1,
      1102, 261, 1103, -1,
      1103, 261, 264, -1,
      1103, 264, 1097, -1,
      1097, 264, 253, -1,
      1097, 253, 1095, -1,
      1095, 253, 252, -1,
      1095, 252, 1098, -1,
      1098, 252, 255, -1,
      1098, 255, 1077, -1,
      1077, 255, 254, -1,
      1077, 254, 1078, -1,
      1078, 254, 237, -1,
      277, 1202, 281, -1,
      281, 1202, 1203, -1,
      281, 1203, 280, -1,
      280, 1203, 1213, -1,
      280, 1213, 278, -1,
      278, 1213, 1212, -1,
      278, 1212, 282, -1,
      282, 1212, 1211, -1,
      282, 1211, 283, -1,
      283, 1211, 1210, -1,
      283, 1210, 284, -1,
      284, 1210, 1209, -1,
      284, 1209, 285, -1,
      285, 1209, 1208, -1,
      285, 1208, 286, -1,
      286, 1208, 1207, -1,
      286, 1207, 287, -1,
      287, 1207, 1206, -1,
      287, 1206, 288, -1,
      288, 1206, 1204, -1,
      288, 1204, 274, -1,
      274, 1204, 1197, -1,
      274, 1197, 273, -1,
      273, 1197, 1199, -1,
      162, 203, 160, -1,
      160, 203, 1358, -1,
      1359, 1358, 202, -1,
      202, 1358, 203, -1,
      1360, 1359, 204, -1,
      204, 1359, 202, -1,
      1358, 1359, 160, -1,
      160, 1359, 1360, -1,
      160, 1360, 1361, -1,
      180, 161, 181, -1,
      181, 161, 160, -1,
      181, 160, 1362, -1,
      1362, 160, 1363, -1,
      1361, 1364, 160, -1,
      160, 1364, 1365, -1,
      160, 1365, 1363, -1,
      187, 169, 188, -1,
      188, 169, 168, -1,
      188, 168, 190, -1,
      190, 168, 167, -1,
      190, 167, 191, -1,
      191, 167, 166, -1,
      191, 166, 192, -1,
      192, 166, 165, -1,
      192, 165, 193, -1,
      193, 165, 163, -1,
      193, 163, 180, -1,
      180, 163, 161, -1,
      183, 172, 185, -1,
      185, 172, 171, -1,
      185, 171, 186, -1,
      186, 171, 154, -1,
      186, 154, 196, -1,
      196, 154, 153, -1,
      196, 153, 197, -1,
      197, 153, 156, -1,
      197, 156, 198, -1,
      198, 156, 170, -1,
      198, 170, 187, -1,
      187, 170, 169, -1,
      149, 151, 178, -1,
      149, 178, 194, -1,
      194, 178, 176, -1,
      194, 176, 195, -1,
      195, 176, 175, -1,
      195, 175, 199, -1,
      199, 175, 174, -1,
      199, 174, 200, -1,
      200, 174, 179, -1,
      200, 179, 201, -1,
      201, 179, 172, -1,
      201, 172, 183, -1,
      182, 181, 1362, -1,
      182, 1362, 211, -1,
      211, 1362, 1363, -1,
      211, 1363, 212, -1,
      212, 1363, 1365, -1,
      212, 1365, 213, -1,
      213, 1365, 1364, -1,
      213, 1364, 206, -1,
      206, 1364, 1361, -1,
      206, 1361, 205, -1,
      205, 1361, 1360, -1,
      205, 1360, 204, -1,
      1366, 1270, 54, -1,
      54, 1270, 55, -1,
      1272, 1271, 1367, -1,
      1367, 1271, 1368, -1,
      1366, 1368, 1270, -1,
      1270, 1368, 1271, -1,
      1368, 1366, 1367, -1,
      1367, 1366, 54, -1,
      56, 101, 54, -1,
      54, 101, 100, -1,
      1369, 1370, 54, -1,
      54, 1370, 1371, -1,
      54, 1371, 1367, -1,
      100, 1372, 54, -1,
      54, 1372, 1373, -1,
      54, 1373, 1369, -1,
      107, 79, 27, -1,
      27, 79, 28, -1,
      118, 72, 119, -1,
      119, 72, 48, -1,
      119, 48, 90, -1,
      90, 48, 47, -1,
      90, 47, 91, -1,
      91, 47, 46, -1,
      91, 46, 93, -1,
      93, 46, 44, -1,
      93, 44, 95, -1,
      95, 44, 30, -1,
      95, 30, 79, -1,
      79, 30, 28, -1,
      72, 118, 49, -1,
      49, 118, 117, -1,
      49, 117, 50, -1,
      50, 117, 89, -1,
      50, 89, 52, -1,
      52, 89, 88, -1,
      52, 88, 53, -1,
      53, 88, 86, -1,
      53, 86, 57, -1,
      57, 86, 85, -1,
      57, 85, 56, -1,
      56, 85, 101, -1,
      1272, 1367, 1371, -1,
      1272, 1371, 1273, -1,
      1273, 1371, 1370, -1,
      1273, 1370, 1274, -1,
      1274, 1370, 1369, -1,
      1274, 1369, 1275, -1,
      1275, 1369, 1373, -1,
      1275, 1373, 1276, -1,
      1276, 1373, 1372, -1,
      1276, 1372, 1277, -1,
      1277, 1372, 100, -1,
      1277, 100, 99, -1,
      74, 136, 137, -1,
      74, 137, 75, -1,
      75, 137, 123, -1,
      75, 123, 61, -1,
      61, 123, 122, -1,
      61, 122, 62, -1,
      62, 122, 121, -1,
      62, 121, 63, -1,
      77, 136, 29, -1,
      29, 136, 74, -1,
      45, 92, 43, -1,
      43, 92, 94, -1,
      43, 94, 40, -1,
      40, 94, 96, -1,
      40, 96, 41, -1,
      41, 96, 97, -1,
      41, 97, 42, -1,
      42, 97, 98, -1,
      42, 98, 31, -1,
      31, 98, 78, -1,
      31, 78, 29, -1,
      29, 78, 77, -1,
      82, 92, 7, -1,
      7, 92, 45, -1,
      80, 82, 6, -1,
      6, 82, 7, -1,
      81, 80, 18, -1,
      18, 80, 6, -1,
      83, 81, 19, -1,
      19, 81, 18, -1,
      84, 83, 20, -1,
      20, 83, 19, -1,
      120, 84, 21, -1,
      21, 84, 20, -1,
      104, 120, 15, -1,
      15, 120, 21, -1,
      125, 104, 16, -1,
      16, 104, 15, -1,
      17, 124, 145, -1,
      17, 145, 37, -1,
      37, 145, 147, -1,
      37, 147, 35, -1,
      35, 147, 146, -1,
      35, 146, 36, -1,
      36, 146, 144, -1,
      36, 144, 38, -1,
      38, 144, 143, -1,
      38, 143, 39, -1,
      39, 143, 125, -1,
      39, 125, 16, -1,
      126, 124, 4, -1,
      4, 124, 17, -1,
      11, 102, 130, -1,
      11, 130, 12, -1,
      12, 130, 129, -1,
      12, 129, 25, -1,
      25, 129, 128, -1,
      25, 128, 26, -1,
      26, 128, 127, -1,
      26, 127, 3, -1,
      3, 127, 126, -1,
      3, 126, 4, -1,
      24, 113, 0, -1,
      0, 113, 111, -1,
      0, 111, 1, -1,
      1, 111, 110, -1,
      1, 110, 9, -1,
      9, 110, 105, -1,
      9, 105, 10, -1,
      10, 105, 103, -1,
      10, 103, 11, -1,
      11, 103, 102, -1,
      114, 113, 23, -1,
      23, 113, 24, -1,
      108, 106, 66, -1,
      66, 106, 67, -1,
      73, 135, 134, -1,
      73, 134, 64, -1,
      64, 134, 109, -1,
      64, 109, 65, -1,
      65, 109, 108, -1,
      65, 108, 66, -1,
      121, 135, 63, -1,
      63, 135, 73, -1,
      32, 115, 116, -1,
      32, 116, 33, -1,
      33, 116, 140, -1,
      33, 140, 34, -1,
      34, 140, 139, -1,
      34, 139, 58, -1,
      58, 139, 138, -1,
      58, 138, 59, -1,
      59, 138, 148, -1,
      59, 148, 60, -1,
      60, 148, 114, -1,
      60, 114, 23, -1,
      67, 106, 142, -1,
      67, 142, 76, -1,
      76, 142, 133, -1,
      76, 133, 69, -1,
      69, 133, 132, -1,
      69, 132, 70, -1,
      70, 132, 131, -1,
      70, 131, 71, -1,
      71, 131, 141, -1,
      71, 141, 68, -1,
      68, 141, 107, -1,
      68, 107, 27, -1,
    ]
  }
}

Shape {
  appearance Appearance {
    material Material {
      diffuseColor 0.2078 0.2078 0.2078
      specularColor 0.0157 0.0157 0.0157
      ambientIntensity 0.2
      transparency 0.0000
      shininess 0.5
    }
  }
  geometry IndexedFaceSet {
    ccw TRUE
    solid FALSE
    coord DEF co Coordinate {
      point [
        1.165354 2.244094 0.500000,
        -1.704724 2.157480 0.500000,
        -1.704724 2.244094 0.039370,
        -1.704724 2.244094 0.500000,
        0.337061 -0.977545 0.000000,
        0.375828 -0.981898 0.000000,
        0.251919 -1.273128 0.000000,
        2.039370 -0.000000 0.000000,
        2.293307 -0.000000 0.000000,
        2.293307 -1.335236 0.000000,
        0.244863 -1.312431 0.000000,
        0.206453 -1.335236 0.000000,
        0.244863 -1.269219 0.000000,
        0.206453 -0.492126 0.000000,
        1.988124 1.996178 0.000000,
        1.965730 1.982106 0.000000,
        1.470472 2.244094 0.000000,
        2.013088 2.004913 0.000000,
        1.947028 1.963404 0.000000,
        1.932956 1.941010 0.000000,
        1.924221 1.916046 0.000000,
        1.965730 1.482461 0.000000,
        1.470472 -0.492126 0.000000,
        1.947028 1.501163 0.000000,
        1.932956 1.523557 0.000000,
        0.439867 -1.319472 0.000000,
        0.571346 -1.332836 0.000000,
        0.401708 -1.332606 0.000000,
        0.376343 -1.335236 0.000000,
        0.772998 -1.332836 0.000000,
        0.772998 -0.939135 0.000000,
        0.720184 -0.939135 0.000000,
        0.405296 -0.992533 0.000000,
        0.432546 -1.010763 0.000000,
        0.456321 -1.037010 0.000000,
        0.484924 -1.140186 0.000000,
        0.480938 -1.182807 0.000000,
        0.470242 -1.216670 0.000000,
        0.382635 -1.290307 0.000000,
        0.345913 -1.294426 0.000000,
        0.411322 -1.279746 0.000000,
        0.435484 -1.263460 0.000000,
        0.453959 -1.243970 0.000000,
        0.293653 -1.288625 0.000000,
        0.289209 -0.983762 0.000000,
        0.244863 -1.002751 0.000000,
        0.244863 -0.949938 0.000000,
        2.039370 2.007874 0.000000,
        2.293307 2.244094 0.000000,
        2.293307 2.007874 0.000000,
        2.013088 0.548220 0.000000,
        1.988124 1.468389 0.000000,
        1.988124 0.539485 0.000000,
        1.965730 0.525413 0.000000,
        1.947028 0.506711 0.000000,
        0.472552 -1.067407 0.000000,
        0.483046 -1.109554 0.000000,
        1.921260 0.118110 0.000000,
        1.924221 0.091828 0.000000,
        1.932956 0.066864 0.000000,
        1.947028 0.044470 0.000000,
        1.965730 0.025768 0.000000,
        1.988124 0.011696 0.000000,
        2.013088 0.002961 0.000000,
        1.921260 1.889764 0.000000,
        1.921260 1.574803 0.000000,
        1.924221 1.548521 0.000000,
        0.471536 -1.299249 0.000000,
        0.501108 -1.268116 0.000000,
        0.571346 -1.289625 0.000000,
        0.522081 -1.230681 0.000000,
        0.720184 -1.289625 0.000000,
        0.516960 -1.042830 0.000000,
        0.493884 -1.006022 0.000000,
        0.458340 -0.971838 0.000000,
        0.420944 -0.950313 0.000000,
        0.377055 -0.937562 0.000000,
        2.039370 1.456693 0.000000,
        2.293307 1.456693 0.000000,
        2.293307 0.551181 0.000000,
        1.932956 0.484317 0.000000,
        1.924221 0.459353 0.000000,
        1.921260 0.433071 0.000000,
        2.013088 1.459654 0.000000,
        2.039370 0.551181 0.000000,
        0.533931 -1.189008 0.000000,
        0.537738 -1.143412 0.000000,
        0.532074 -1.087440 0.000000,
        0.337511 -0.934334 0.000000,
        0.290381 -0.937586 0.000000,
        1.801181 -1.771654 0.000000,
        2.293307 -1.771654 0.000000,
        0.342426 -1.337452 0.000000,
        0.206453 -1.870079 0.000000,
        0.326611 -1.335236 0.000000,
        0.286829 -1.329662 0.000000,
        1.801181 -1.870079 0.000000,
        0.353191 -1.337637 0.000000,
        -0.465719 -1.332836 0.000000,
        -0.417252 -1.224931 0.000000,
        -0.394675 -1.260145 0.000000,
        -0.033609 -0.982346 0.000000,
        0.115230 -0.982346 0.000000,
        0.115230 -1.111979 0.000000,
        -0.362270 -1.291173 0.000000,
        -0.321162 -1.315062 0.000000,
        -0.275796 -1.328583 0.000000,
        -2.293307 -1.335236 0.000000,
        -2.293307 2.244094 0.000000,
        -2.049213 -0.492126 0.000000,
        -2.049213 2.244094 0.000000,
        -0.120031 -0.939135 0.000000,
        -0.024006 -1.111979 0.000000,
        -0.024006 -1.155190 0.000000,
        0.115230 -1.155190 0.000000,
        0.115230 -1.289625 0.000000,
        -0.043211 -1.289625 0.000000,
        -0.043211 -1.332836 0.000000,
        -0.120031 -1.332836 0.000000,
        -0.227083 -1.332836 0.000000,
        -0.033609 -0.939135 0.000000,
        -0.288013 -0.945215 0.000000,
        -0.334077 -0.961390 0.000000,
        -0.614557 -0.939135 0.000000,
        -0.376928 -0.990107 0.000000,
        -0.763395 -1.332836 0.000000,
        -0.821010 -1.332836 0.000000,
        -0.667371 -0.939135 0.000000,
        -0.231134 -0.939135 0.000000,
        -0.377339 -0.990469 0.000000,
        -0.405180 -1.021340 0.000000,
        -0.423476 -1.055199 0.000000,
        -0.723560 -1.222407 0.000000,
        -0.560919 -1.222407 0.000000,
        -0.523334 -1.332836 0.000000,
        -0.434051 -1.093989 0.000000,
        -0.436912 -1.131034 0.000000,
        -0.431387 -1.183722 0.000000,
        0.168043 -1.332836 0.000000,
        0.168043 -0.939135 0.000000,
        -2.293307 -1.594488 0.000000,
        -1.976378 -1.594488 0.000000,
        -1.976378 -1.870079 0.000000,
        1.289370 -1.870079 0.066929,
        1.155512 -1.870079 0.066929,
        1.005906 -1.870079 0.033465,
        1.289370 -1.870079 0.125984,
        2.155512 -1.870079 0.185039,
        1.005906 -1.870079 0.185039,
        1.155512 -1.870079 0.125984,
        2.293307 -1.870079 0.500000,
        2.155512 -1.870079 0.500000,
        2.293307 -1.870079 0.066929,
        1.801181 -1.870079 0.066929,
        1.801181 -1.870079 0.033465,
        -1.976378 -1.870079 0.033465,
        -1.926181 -1.870079 0.033465,
        -1.976378 -1.870079 0.185039,
        -1.926181 -1.870079 0.185039,
        -1.875984 -1.870079 0.125984,
        -1.875984 -1.870079 0.066929,
        -1.742126 -1.870079 0.066929,
        -1.592520 -1.870079 0.033465,
        -1.742126 -1.870079 0.125984,
        -1.592520 -1.870079 0.185039,
        -1.442913 -1.870079 0.125984,
        -1.442913 -1.870079 0.066929,
        -1.309055 -1.870079 0.066929,
        -1.159449 -1.870079 0.033465,
        -1.309055 -1.870079 0.125984,
        -1.159449 -1.870079 0.185039,
        -1.009843 -1.870079 0.125984,
        -1.009843 -1.870079 0.066929,
        -0.875984 -1.870079 0.066929,
        -0.726378 -1.870079 0.033465,
        -0.875984 -1.870079 0.125984,
        -0.726378 -1.870079 0.185039,
        -0.576772 -1.870079 0.125984,
        -0.576772 -1.870079 0.066929,
        -0.442913 -1.870079 0.066929,
        -0.293307 -1.870079 0.033465,
        -0.442913 -1.870079 0.125984,
        -0.293307 -1.870079 0.185039,
        0.139764 -1.870079 0.033465,
        -0.009843 -1.870079 0.066929,
        -0.143701 -1.870079 0.066929,
        -0.009843 -1.870079 0.125984,
        0.139764 -1.870079 0.185039,
        -0.143701 -1.870079 0.125984,
        0.289370 -1.870079 0.125984,
        0.289370 -1.870079 0.066929,
        0.423228 -1.870079 0.066929,
        0.572835 -1.870079 0.033465,
        0.423228 -1.870079 0.125984,
        0.572835 -1.870079 0.185039,
        0.722441 -1.870079 0.125984,
        0.722441 -1.870079 0.066929,
        0.856299 -1.870079 0.066929,
        0.856299 -1.870079 0.125984,
        1.005906 -1.870079 0.000000,
        0.572835 -1.870079 0.000000,
        0.139764 -1.870079 0.000000,
        -0.293307 -1.870079 0.000000,
        -0.726378 -1.870079 0.000000,
        -1.159449 -1.870079 0.000000,
        -1.592520 -1.870079 0.000000,
        -1.926181 -1.870079 0.000000,
        -1.704724 2.157480 0.039370,
        1.165354 2.157480 0.039370,
        1.165354 2.157480 0.500000,
        -2.049213 2.244094 0.039370,
        -2.293307 2.244094 0.500000,
        2.293307 2.244094 0.500000,
        2.293307 -1.771654 0.066929,
        2.293307 0.551181 0.059055,
        2.293307 -0.000000 0.059055,
        2.293307 2.007874 0.059055,
        2.293307 1.456693 0.059055,
        1.165354 2.244094 0.039370,
        1.470472 2.244094 0.039370,
        -2.293307 -1.594488 0.500000,
        -2.230315 -1.594488 0.500000,
        -2.230315 2.066929 0.500000,
        2.155512 2.066929 0.500000,
        -2.043830 1.032947 0.039370,
        -2.049213 0.992204 0.039370,
        -1.932479 1.144244 0.039370,
        -1.970450 1.128521 0.039370,
        1.465910 1.030554 0.039370,
        1.470474 0.992915 0.039370,
        -2.003060 1.103509 0.039370,
        -2.028088 1.070911 0.039370,
        1.452150 1.066641 0.039370,
        1.430022 1.098293 0.039370,
        1.400855 1.123607 0.039370,
        1.366403 1.141062 0.039370,
        1.328739 1.149606 0.039370,
        -1.891732 1.149606 0.039370,
        1.470472 -0.492126 0.185039,
        1.470472 0.992204 0.185039,
        1.470472 0.992204 0.039370,
        1.470472 0.992915 0.039370,
        -2.049213 0.992204 0.185039,
        -2.049213 -0.492126 0.185039,
        -2.049213 -0.492126 0.155512,
        -1.962598 -0.492126 0.185039,
        -1.962598 -0.492126 0.155512,
        -1.962598 -0.492126 0.000000,
        -1.742126 -0.492126 0.066929,
        -1.592520 -0.492126 0.000000,
        -1.875984 -0.492126 0.066929,
        -1.875984 -0.492126 0.125984,
        -1.742126 -0.492126 0.125984,
        -1.592520 -0.492126 0.155512,
        -1.159449 -0.492126 0.155512,
        -1.309055 -0.492126 0.125984,
        -1.442913 -0.492126 0.125984,
        -1.309055 -0.492126 0.066929,
        -1.159449 -0.492126 0.000000,
        -1.442913 -0.492126 0.066929,
        -0.875984 -0.492126 0.066929,
        -0.726378 -0.492126 0.000000,
        -1.009843 -0.492126 0.066929,
        -1.009843 -0.492126 0.125984,
        -0.875984 -0.492126 0.125984,
        -0.726378 -0.492126 0.155512,
        -0.293307 -0.492126 0.155512,
        -0.442913 -0.492126 0.125984,
        -0.576772 -0.492126 0.125984,
        -0.442913 -0.492126 0.066929,
        -0.293307 -0.492126 0.000000,
        -0.576772 -0.492126 0.066929,
        -0.009843 -0.492126 0.066929,
        0.139764 -0.492126 0.000000,
        -0.143701 -0.492126 0.066929,
        -0.143701 -0.492126 0.125984,
        -0.009843 -0.492126 0.125984,
        0.139764 -0.492126 0.155512,
        0.572835 -0.492126 0.155512,
        0.423228 -0.492126 0.125984,
        0.289370 -0.492126 0.125984,
        0.423228 -0.492126 0.066929,
        0.572835 -0.492126 0.000000,
        0.289370 -0.492126 0.066929,
        0.856299 -0.492126 0.066929,
        1.005906 -0.492126 0.000000,
        0.722441 -0.492126 0.066929,
        0.722441 -0.492126 0.125984,
        0.856299 -0.492126 0.125984,
        1.005906 -0.492126 0.155512,
        1.289370 -0.492126 0.066929,
        1.155512 -0.492126 0.066929,
        1.155512 -0.492126 0.125984,
        1.289370 -0.492126 0.125984,
        1.470472 -0.492126 0.155512,
        -1.592520 -0.492126 0.185039,
        -1.159449 -0.492126 0.185039,
        -0.726378 -0.492126 0.185039,
        -0.293307 -0.492126 0.185039,
        0.139764 -0.492126 0.185039,
        0.572835 -0.492126 0.185039,
        1.005906 -0.492126 0.185039,
        -2.230315 -1.594488 0.185039,
        -1.976378 -1.594488 0.185039,
        1.801181 -1.771654 0.066929,
        2.039370 2.007874 0.059055,
        1.921260 1.889764 0.059055,
        1.924221 1.916046 0.059055,
        1.932956 1.941010 0.059055,
        1.947028 1.963404 0.059055,
        1.965730 1.982106 0.059055,
        1.988124 1.996178 0.059055,
        2.013088 2.004913 0.059055,
        1.921260 1.574803 0.059055,
        2.039370 1.456693 0.059055,
        2.013088 1.459654 0.059055,
        1.988124 1.468389 0.059055,
        1.965730 1.482461 0.059055,
        1.947028 1.501163 0.059055,
        1.932956 1.523557 0.059055,
        1.924221 1.548521 0.059055,
        2.155512 1.653543 0.059055,
        2.155512 1.811024 0.059055,
        2.214567 1.811024 0.059055,
        2.214567 1.653543 0.059055,
        2.039370 0.551181 0.059055,
        1.921260 0.433071 0.059055,
        1.924221 0.459353 0.059055,
        1.932956 0.484317 0.059055,
        1.947028 0.506711 0.059055,
        1.965730 0.525413 0.059055,
        1.988124 0.539485 0.059055,
        2.013088 0.548220 0.059055,
        1.921260 0.118110 0.059055,
        2.039370 -0.000000 0.059055,
        2.013088 0.002961 0.059055,
        1.988124 0.011696 0.059055,
        1.965730 0.025768 0.059055,
        1.947028 0.044470 0.059055,
        1.932956 0.066864 0.059055,
        1.924221 0.091828 0.059055,
        2.155512 0.354331 0.059055,
        2.155512 0.196850 0.059055,
        2.214567 0.354331 0.059055,
        2.214567 0.196850 0.059055,
      ]
    }
    coordIndex [
      4, 5, 6, -1,
      7, 8, 9, -1,
      10, 11, 12, -1,
      12, 11, 13, -1,
      14, 15, 16, -1,
      14, 16, 17, -1,
      15, 18, 16, -1,
      16, 18, 19, -1,
      16, 19, 20, -1,
      21, 22, 23, -1,
      23, 22, 24, -1,
      25, 26, 27, -1,
      27, 26, 28, -1,
      9, 29, 22, -1,
      22, 29, 30, -1,
      22, 30, 13, -1,
      13, 30, 31, -1,
      5, 32, 6, -1,
      6, 32, 33, -1,
      6, 33, 34, -1,
      35, 36, 6, -1,
      6, 36, 37, -1,
      38, 39, 40, -1,
      40, 39, 41, -1,
      37, 42, 6, -1,
      6, 42, 41, -1,
      6, 41, 43, -1,
      43, 41, 39, -1,
      4, 6, 44, -1,
      44, 6, 12, -1,
      44, 12, 45, -1,
      45, 12, 13, -1,
      45, 13, 46, -1,
      17, 16, 47, -1,
      47, 16, 48, -1,
      47, 48, 49, -1,
      50, 21, 51, -1,
      50, 52, 21, -1,
      21, 52, 53, -1,
      21, 53, 54, -1,
      34, 55, 6, -1,
      6, 55, 56, -1,
      6, 56, 35, -1,
      57, 58, 22, -1,
      22, 58, 59, -1,
      22, 59, 60, -1,
      60, 61, 22, -1,
      22, 61, 62, -1,
      22, 62, 9, -1,
      9, 62, 63, -1,
      9, 63, 7, -1,
      20, 64, 16, -1,
      16, 64, 65, -1,
      16, 65, 22, -1,
      22, 65, 66, -1,
      22, 66, 24, -1,
      25, 67, 26, -1,
      26, 67, 68, -1,
      26, 68, 69, -1,
      69, 68, 70, -1,
      69, 70, 71, -1,
      72, 73, 31, -1,
      31, 73, 74, -1,
      31, 74, 13, -1,
      13, 74, 75, -1,
      13, 75, 76, -1,
      77, 78, 79, -1,
      54, 80, 21, -1,
      21, 80, 81, -1,
      21, 81, 22, -1,
      22, 81, 82, -1,
      22, 82, 57, -1,
      51, 83, 50, -1,
      50, 83, 77, -1,
      50, 77, 84, -1,
      84, 77, 79, -1,
      70, 85, 71, -1,
      71, 85, 86, -1,
      71, 86, 31, -1,
      31, 86, 87, -1,
      31, 87, 72, -1,
      76, 88, 13, -1,
      13, 88, 89, -1,
      13, 89, 46, -1,
      26, 29, 28, -1,
      28, 29, 9, -1,
      28, 9, 90, -1,
      90, 9, 91, -1,
      92, 93, 94, -1,
      94, 93, 11, -1,
      94, 11, 95, -1,
      95, 11, 10, -1,
      90, 96, 28, -1,
      28, 96, 93, -1,
      28, 93, 97, -1,
      97, 93, 92, -1,
      98, 99, 100, -1,
      101, 102, 103, -1,
      100, 104, 98, -1,
      98, 104, 105, -1,
      98, 105, 106, -1,
      107, 108, 109, -1,
      109, 108, 110, -1,
      111, 112, 113, -1,
      114, 115, 113, -1,
      113, 115, 116, -1,
      113, 116, 111, -1,
      111, 116, 117, -1,
      111, 117, 118, -1,
      118, 117, 11, -1,
      118, 11, 119, -1,
      103, 112, 101, -1,
      101, 112, 111, -1,
      101, 111, 120, -1,
      121, 122, 123, -1,
      123, 122, 124, -1,
      125, 11, 126, -1,
      126, 11, 107, -1,
      126, 107, 127, -1,
      127, 107, 109, -1,
      127, 109, 123, -1,
      123, 109, 128, -1,
      123, 128, 121, -1,
      124, 129, 123, -1,
      123, 129, 130, -1,
      123, 130, 131, -1,
      132, 133, 125, -1,
      125, 133, 134, -1,
      125, 134, 11, -1,
      11, 134, 98, -1,
      11, 98, 119, -1,
      119, 98, 106, -1,
      131, 135, 123, -1,
      123, 135, 136, -1,
      123, 136, 98, -1,
      98, 136, 137, -1,
      98, 137, 99, -1,
      117, 138, 11, -1,
      11, 138, 139, -1,
      11, 139, 13, -1,
      13, 139, 120, -1,
      13, 120, 109, -1,
      109, 120, 111, -1,
      109, 111, 128, -1,
      140, 107, 141, -1,
      141, 107, 11, -1,
      141, 11, 142, -1,
      142, 11, 93, -1,
      143, 144, 145, -1,
      146, 147, 148, -1,
      145, 144, 148, -1,
      148, 144, 149, -1,
      148, 149, 146, -1,
      150, 151, 152, -1,
      152, 151, 147, -1,
      152, 147, 153, -1,
      153, 147, 146, -1,
      153, 146, 154, -1,
      146, 143, 154, -1,
      154, 143, 145, -1,
      154, 145, 96, -1,
      155, 156, 157, -1,
      157, 156, 158, -1,
      159, 158, 160, -1,
      160, 158, 156, -1,
      160, 156, 161, -1,
      161, 156, 162, -1,
      161, 162, 163, -1,
      163, 162, 164, -1,
      163, 164, 159, -1,
      159, 164, 158, -1,
      165, 164, 166, -1,
      166, 164, 162, -1,
      166, 162, 167, -1,
      167, 162, 168, -1,
      167, 168, 169, -1,
      169, 168, 170, -1,
      169, 170, 165, -1,
      165, 170, 164, -1,
      171, 170, 172, -1,
      172, 170, 168, -1,
      172, 168, 173, -1,
      173, 168, 174, -1,
      173, 174, 175, -1,
      175, 174, 176, -1,
      175, 176, 171, -1,
      171, 176, 170, -1,
      177, 176, 178, -1,
      178, 176, 174, -1,
      178, 174, 179, -1,
      179, 174, 180, -1,
      179, 180, 181, -1,
      181, 180, 182, -1,
      181, 182, 177, -1,
      177, 182, 176, -1,
      183, 184, 185, -1,
      184, 183, 186, -1,
      186, 183, 187, -1,
      186, 187, 188, -1,
      188, 187, 182, -1,
      188, 182, 185, -1,
      185, 182, 180, -1,
      185, 180, 183, -1,
      189, 187, 190, -1,
      190, 187, 183, -1,
      190, 183, 191, -1,
      191, 183, 192, -1,
      191, 192, 193, -1,
      193, 192, 194, -1,
      193, 194, 189, -1,
      189, 194, 187, -1,
      195, 194, 196, -1,
      196, 194, 192, -1,
      196, 192, 197, -1,
      197, 192, 145, -1,
      197, 145, 198, -1,
      198, 145, 148, -1,
      198, 148, 195, -1,
      195, 148, 194, -1,
      96, 145, 199, -1,
      199, 145, 192, -1,
      199, 192, 200, -1,
      200, 192, 183, -1,
      200, 183, 201, -1,
      201, 183, 180, -1,
      201, 180, 202, -1,
      202, 180, 174, -1,
      202, 174, 203, -1,
      203, 174, 168, -1,
      203, 168, 204, -1,
      204, 168, 162, -1,
      204, 162, 205, -1,
      205, 162, 156, -1,
      205, 156, 206, -1,
      206, 156, 155, -1,
      206, 155, 142, -1,
      3, 1, 2, -1,
      2, 1, 207, -1,
      208, 207, 209, -1,
      209, 207, 1, -1,
      110, 108, 210, -1,
      210, 108, 211, -1,
      210, 211, 2, -1,
      2, 211, 3, -1,
      212, 150, 213, -1,
      213, 150, 152, -1,
      214, 212, 215, -1,
      215, 212, 213, -1,
      215, 213, 8, -1,
      8, 213, 91, -1,
      49, 48, 216, -1,
      216, 48, 212, -1,
      216, 212, 217, -1,
      217, 212, 214, -1,
      217, 214, 78, -1,
      78, 214, 79, -1,
      218, 0, 219, -1,
      219, 0, 212, -1,
      219, 212, 16, -1,
      16, 212, 48, -1,
      220, 211, 140, -1,
      140, 211, 108, -1,
      220, 221, 211, -1,
      211, 221, 222, -1,
      151, 150, 223, -1,
      223, 150, 212, -1,
      3, 211, 1, -1,
      1, 211, 222, -1,
      1, 222, 209, -1,
      209, 222, 223, -1,
      209, 223, 0, -1,
      0, 223, 212, -1,
      2, 207, 210, -1,
      210, 207, 224, -1,
      210, 224, 225, -1,
      226, 227, 207, -1,
      208, 218, 228, -1,
      228, 218, 219, -1,
      228, 219, 229, -1,
      227, 230, 207, -1,
      207, 230, 231, -1,
      207, 231, 224, -1,
      228, 232, 208, -1,
      208, 232, 233, -1,
      208, 233, 234, -1,
      234, 235, 208, -1,
      208, 235, 236, -1,
      208, 236, 207, -1,
      207, 236, 237, -1,
      207, 237, 226, -1,
      238, 239, 22, -1,
      22, 239, 240, -1,
      22, 240, 16, -1,
      16, 240, 241, -1,
      16, 241, 219, -1,
      110, 210, 225, -1,
      242, 243, 225, -1,
      225, 243, 109, -1,
      225, 109, 110, -1,
      244, 243, 245, -1,
      244, 246, 109, -1,
      109, 246, 247, -1,
      248, 249, 250, -1,
      250, 249, 247, -1,
      250, 247, 251, -1,
      251, 247, 246, -1,
      251, 246, 252, -1,
      252, 246, 253, -1,
      252, 253, 248, -1,
      248, 253, 249, -1,
      254, 255, 256, -1,
      255, 254, 257, -1,
      257, 254, 258, -1,
      257, 258, 259, -1,
      259, 258, 249, -1,
      259, 249, 256, -1,
      256, 249, 253, -1,
      256, 253, 254, -1,
      260, 261, 262, -1,
      262, 261, 258, -1,
      262, 258, 263, -1,
      263, 258, 254, -1,
      263, 254, 264, -1,
      264, 254, 265, -1,
      264, 265, 260, -1,
      260, 265, 261, -1,
      266, 267, 268, -1,
      267, 266, 269, -1,
      269, 266, 270, -1,
      269, 270, 271, -1,
      271, 270, 261, -1,
      271, 261, 268, -1,
      268, 261, 265, -1,
      268, 265, 266, -1,
      272, 273, 274, -1,
      274, 273, 270, -1,
      274, 270, 275, -1,
      275, 270, 266, -1,
      275, 266, 276, -1,
      276, 266, 277, -1,
      276, 277, 272, -1,
      272, 277, 273, -1,
      278, 279, 280, -1,
      279, 278, 281, -1,
      281, 278, 282, -1,
      281, 282, 283, -1,
      283, 282, 273, -1,
      283, 273, 280, -1,
      280, 273, 277, -1,
      280, 277, 278, -1,
      284, 285, 286, -1,
      286, 285, 282, -1,
      286, 282, 287, -1,
      287, 282, 278, -1,
      287, 278, 288, -1,
      288, 278, 289, -1,
      288, 289, 284, -1,
      284, 289, 285, -1,
      290, 22, 291, -1,
      291, 22, 285, -1,
      291, 285, 292, -1,
      292, 285, 289, -1,
      292, 289, 293, -1,
      293, 289, 294, -1,
      293, 294, 290, -1,
      290, 294, 22, -1,
      244, 245, 246, -1,
      246, 245, 295, -1,
      246, 295, 253, -1,
      253, 295, 296, -1,
      253, 296, 254, -1,
      254, 296, 297, -1,
      254, 297, 265, -1,
      265, 297, 298, -1,
      265, 298, 266, -1,
      266, 298, 299, -1,
      266, 299, 277, -1,
      277, 299, 300, -1,
      277, 300, 278, -1,
      278, 300, 301, -1,
      278, 301, 289, -1,
      289, 301, 238, -1,
      289, 238, 294, -1,
      208, 209, 218, -1,
      218, 209, 0, -1,
      221, 220, 302, -1,
      302, 220, 140, -1,
      302, 140, 303, -1,
      303, 140, 141, -1,
      157, 303, 155, -1,
      155, 303, 141, -1,
      155, 141, 142, -1,
      96, 90, 154, -1,
      154, 90, 304, -1,
      154, 304, 153, -1,
      213, 304, 91, -1,
      91, 304, 90, -1,
      213, 152, 304, -1,
      304, 152, 153, -1,
      216, 305, 49, -1,
      49, 305, 47, -1,
      306, 64, 307, -1,
      307, 64, 20, -1,
      307, 20, 308, -1,
      308, 20, 19, -1,
      308, 19, 309, -1,
      309, 19, 18, -1,
      309, 18, 310, -1,
      310, 18, 15, -1,
      310, 15, 311, -1,
      311, 15, 14, -1,
      311, 14, 312, -1,
      312, 14, 17, -1,
      312, 17, 305, -1,
      305, 17, 47, -1,
      306, 313, 64, -1,
      64, 313, 65, -1,
      314, 77, 315, -1,
      315, 77, 83, -1,
      315, 83, 316, -1,
      316, 83, 51, -1,
      316, 51, 317, -1,
      317, 51, 21, -1,
      317, 21, 318, -1,
      318, 21, 23, -1,
      318, 23, 319, -1,
      319, 23, 24, -1,
      319, 24, 320, -1,
      320, 24, 66, -1,
      320, 66, 313, -1,
      313, 66, 65, -1,
      314, 217, 77, -1,
      77, 217, 78, -1,
      315, 316, 321, -1,
      310, 311, 322, -1,
      311, 312, 322, -1,
      322, 312, 305, -1,
      322, 305, 323, -1,
      323, 305, 216, -1,
      323, 216, 324, -1,
      324, 216, 217, -1,
      324, 217, 321, -1,
      321, 217, 314, -1,
      321, 314, 315, -1,
      316, 317, 321, -1,
      321, 317, 318, -1,
      321, 318, 319, -1,
      319, 320, 321, -1,
      321, 320, 313, -1,
      321, 313, 322, -1,
      322, 313, 306, -1,
      322, 306, 307, -1,
      307, 308, 322, -1,
      322, 308, 309, -1,
      322, 309, 310, -1,
      214, 325, 79, -1,
      79, 325, 84, -1,
      326, 82, 327, -1,
      327, 82, 81, -1,
      327, 81, 328, -1,
      328, 81, 80, -1,
      328, 80, 329, -1,
      329, 80, 54, -1,
      329, 54, 330, -1,
      330, 54, 53, -1,
      330, 53, 331, -1,
      331, 53, 52, -1,
      331, 52, 332, -1,
      332, 52, 50, -1,
      332, 50, 325, -1,
      325, 50, 84, -1,
      326, 333, 82, -1,
      82, 333, 57, -1,
      334, 7, 335, -1,
      335, 7, 63, -1,
      335, 63, 336, -1,
      336, 63, 62, -1,
      336, 62, 337, -1,
      337, 62, 61, -1,
      337, 61, 338, -1,
      338, 61, 60, -1,
      338, 60, 339, -1,
      339, 60, 59, -1,
      339, 59, 340, -1,
      340, 59, 58, -1,
      340, 58, 333, -1,
      333, 58, 57, -1,
      334, 215, 7, -1,
      7, 215, 8, -1,
      332, 325, 341, -1,
      342, 333, 341, -1,
      341, 333, 326, -1,
      341, 325, 343, -1,
      343, 325, 214, -1,
      343, 214, 344, -1,
      344, 214, 215, -1,
      344, 215, 342, -1,
      342, 215, 334, -1,
      342, 334, 335, -1,
      335, 336, 342, -1,
      342, 336, 337, -1,
      342, 337, 338, -1,
      338, 339, 342, -1,
      342, 339, 340, -1,
      342, 340, 333, -1,
      326, 327, 341, -1,
      341, 327, 328, -1,
      341, 328, 329, -1,
      329, 330, 341, -1,
      341, 330, 331, -1,
      341, 331, 332, -1,
    ]
  }
}

Shape {
  appearance Appearance {
    material Material {
      diffuseColor 0.8275 0.6667 0.1294
      specularColor 0.8275 0.6667 0.1294
      ambientIntensity 0.2
      transparency 0.0000
      shininess 0.5
    }
  }
  geometry IndexedFaceSet {
    ccw TRUE
    solid FALSE
    coord DEF co Coordinate {
      point [
        2.155512 1.653543 0.059055,
        2.155512 1.811024 0.059055,
        2.214567 1.811024 0.059055,
        2.214567 1.653543 0.059055,
        2.155512 0.354331 0.059055,
        2.155512 0.196850 0.059055,
        2.214567 0.354331 0.059055,
        2.214567 0.196850 0.059055,
        2.352362 1.653543 -0.019685,
        2.214567 1.653543 -0.019685,
        2.352362 1.811024 -0.019685,
        2.214567 1.811024 -0.019685,
        2.352362 1.653543 0.039370,
        2.352362 1.811024 0.039370,
        2.214567 1.653543 0.039370,
        2.214567 1.811024 0.039370,
        2.155512 1.653543 0.039370,
        2.155512 1.811024 0.039370,
        2.156993 1.811024 0.026229,
        2.156993 1.653543 0.026229,
        2.161360 1.811024 0.013747,
        2.161360 1.653543 0.013747,
        2.168396 1.811024 0.002550,
        2.168396 1.653543 0.002550,
        2.177746 1.811024 -0.006801,
        2.177746 1.653543 -0.006801,
        2.188944 1.811024 -0.013837,
        2.188944 1.653543 -0.013837,
        2.201426 1.811024 -0.018204,
        2.201426 1.653543 -0.018204,
        2.352362 0.196850 -0.019685,
        2.214567 0.196850 -0.019685,
        2.352362 0.354331 -0.019685,
        2.214567 0.354331 -0.019685,
        2.352362 0.196850 0.039370,
        2.352362 0.354331 0.039370,
        2.214567 0.196850 0.039370,
        2.214567 0.354331 0.039370,
        2.155512 0.196850 0.039370,
        2.155512 0.354331 0.039370,
        2.156993 0.354331 0.026229,
        2.156993 0.196850 0.026229,
        2.161360 0.354331 0.013747,
        2.161360 0.196850 0.013747,
        2.168396 0.354331 0.002550,
        2.168396 0.196850 0.002550,
        2.177746 0.354331 -0.006801,
        2.177746 0.196850 -0.006801,
        2.188944 0.354331 -0.013837,
        2.188944 0.196850 -0.013837,
        2.201426 0.354331 -0.018204,
        2.201426 0.196850 -0.018204,
      ]
    }
    coordIndex [
      8, 9, 10, -1,
      10, 9, 11, -1,
      12, 8, 13, -1,
      13, 8, 10, -1,
      14, 12, 15, -1,
      15, 12, 13, -1,
      3, 14, 2, -1,
      2, 14, 15, -1,
      16, 0, 17, -1,
      17, 0, 1, -1,
      16, 17, 18, -1,
      16, 18, 19, -1,
      19, 18, 20, -1,
      19, 20, 21, -1,
      21, 20, 22, -1,
      21, 22, 23, -1,
      23, 22, 24, -1,
      23, 24, 25, -1,
      25, 24, 26, -1,
      25, 26, 27, -1,
      27, 26, 28, -1,
      27, 28, 29, -1,
      29, 28, 11, -1,
      29, 11, 9, -1,
      8, 12, 9, -1,
      9, 12, 14, -1,
      3, 0, 14, -1,
      14, 0, 16, -1,
      14, 16, 19, -1,
      19, 21, 14, -1,
      14, 21, 23, -1,
      14, 23, 25, -1,
      25, 27, 14, -1,
      14, 27, 29, -1,
      14, 29, 9, -1,
      1, 2, 17, -1,
      17, 2, 15, -1,
      22, 20, 15, -1,
      15, 20, 18, -1,
      15, 18, 17, -1,
      13, 10, 15, -1,
      15, 10, 11, -1,
      15, 11, 28, -1,
      28, 26, 15, -1,
      15, 26, 24, -1,
      15, 24, 22, -1,
      30, 31, 32, -1,
      32, 31, 33, -1,
      34, 30, 35, -1,
      35, 30, 32, -1,
      36, 34, 37, -1,
      37, 34, 35, -1,
      7, 36, 6, -1,
      6, 36, 37, -1,
      38, 5, 39, -1,
      39, 5, 4, -1,
      38, 39, 40, -1,
      38, 40, 41, -1,
      41, 40, 42, -1,
      41, 42, 43, -1,
      43, 42, 44, -1,
      43, 44, 45, -1,
      45, 44, 46, -1,
      45, 46, 47, -1,
      47, 46, 48, -1,
      47, 48, 49, -1,
      49, 48, 50, -1,
      49, 50, 51, -1,
      51, 50, 33, -1,
      51, 33, 31, -1,
      30, 34, 31, -1,
      31, 34, 36, -1,
      7, 5, 36, -1,
      36, 5, 38, -1,
      36, 38, 41, -1,
      41, 43, 36, -1,
      36, 43, 45, -1,
      36, 45, 47, -1,
      47, 49, 36, -1,
      36, 49, 51, -1,
      36, 51, 31, -1,
      4, 6, 39, -1,
      39, 6, 37, -1,
      44, 42, 37, -1,
      37, 42, 40, -1,
      37, 40, 39, -1,
      35, 32, 37, -1,
      37, 32, 33, -1,
      37, 33, 50, -1,
      50, 48, 37, -1,
      37, 48, 46, -1,
      37, 46, 44, -1,
    ]
  }
}

Shape {
  appearance Appearance {
    material Material {
      diffuseColor 0.2078 0.2078 0.2078
      specularColor 0.0157 0.0157 0.0157
      ambientIntensity 0.2
      transparency 0.0000
      shininess 0.5
    }
  }
  geometry IndexedFaceSet {
    ccw TRUE
    solid FALSE
    coord DEF co Coordinate {
      point [
        2.155512 -1.870079 0.185039,
        1.005906 -1.870079 0.185039,
        2.155512 -1.870079 0.500000,
        -1.976378 -1.870079 0.185039,
        -1.926181 -1.870079 0.185039,
        -1.592520 -1.870079 0.185039,
        -1.159449 -1.870079 0.185039,
        -0.726378 -1.870079 0.185039,
        -0.293307 -1.870079 0.185039,
        0.139764 -1.870079 0.185039,
        0.572835 -1.870079 0.185039,
        -2.230315 -1.594488 0.500000,
        -2.230315 2.066929 0.500000,
        2.155512 2.066929 0.500000,
        -2.043830 1.032947 0.039370,
        -2.049213 0.992204 0.039370,
        -1.932479 1.144244 0.039370,
        -1.970450 1.128521 0.039370,
        1.465910 1.030554 0.039370,
        1.470474 0.992915 0.039370,
        -2.003060 1.103509 0.039370,
        -2.028088 1.070911 0.039370,
        1.452150 1.066641 0.039370,
        1.430022 1.098293 0.039370,
        1.400855 1.123607 0.039370,
        1.366403 1.141062 0.039370,
        1.328739 1.149606 0.039370,
        -1.891732 1.149606 0.039370,
        1.470472 -0.492126 0.185039,
        1.470472 0.992204 0.185039,
        1.470472 0.992204 0.039370,
        -2.049213 0.992204 0.185039,
        -2.049213 -0.492126 0.185039,
        -2.230315 -1.594488 0.185039,
        -1.976378 -1.594488 0.185039,
        -2.230315 2.066929 0.185039,
        -2.043830 1.032947 0.185039,
        -2.028088 1.070911 0.185039,
        -2.003060 1.103509 0.185039,
        -1.970450 1.128521 0.185039,
        2.155512 2.066929 0.185039,
        1.430022 1.098293 0.185039,
        1.400855 1.123607 0.185039,
        1.366403 1.141062 0.185039,
        1.452150 1.066641 0.185039,
        1.465910 1.030554 0.185039,
        -1.932479 1.144244 0.185039,
        -1.891732 1.149606 0.185039,
        1.328739 1.149606 0.185039,
      ]
    }
    coordIndex [
      12, 11, 35, -1,
      35, 11, 33, -1,
      31, 36, 35, -1,
      34, 3, 4, -1,
      31, 35, 32, -1,
      32, 35, 33, -1,
      32, 33, 34, -1,
      36, 37, 35, -1,
      35, 37, 38, -1,
      35, 38, 39, -1,
      4, 5, 34, -1,
      34, 5, 6, -1,
      34, 6, 7, -1,
      28, 0, 29, -1,
      29, 0, 40, -1,
      41, 40, 42, -1,
      42, 40, 43, -1,
      41, 44, 40, -1,
      40, 44, 45, -1,
      40, 45, 29, -1,
      39, 46, 35, -1,
      35, 46, 47, -1,
      35, 47, 40, -1,
      40, 47, 48, -1,
      40, 48, 43, -1,
      7, 8, 34, -1,
      34, 8, 9, -1,
      34, 9, 10, -1,
      28, 32, 0, -1,
      0, 32, 34, -1,
      0, 34, 1, -1,
      1, 34, 10, -1,
      13, 40, 2, -1,
      2, 40, 0, -1,
      40, 13, 35, -1,
      35, 13, 12, -1,
      48, 26, 43, -1,
      43, 26, 25, -1,
      43, 25, 42, -1,
      42, 25, 24, -1,
      42, 24, 41, -1,
      41, 24, 23, -1,
      41, 23, 44, -1,
      44, 23, 22, -1,
      44, 22, 45, -1,
      30, 29, 19, -1,
      19, 29, 45, -1,
      19, 45, 18, -1,
      18, 45, 22, -1,
      26, 48, 27, -1,
      27, 48, 47, -1,
      31, 15, 36, -1,
      36, 15, 14, -1,
      36, 14, 37, -1,
      37, 14, 21, -1,
      37, 21, 38, -1,
      38, 21, 20, -1,
      38, 20, 39, -1,
      39, 20, 17, -1,
      39, 17, 46, -1,
      46, 17, 16, -1,
      46, 16, 47, -1,
      47, 16, 27, -1,
    ]
  }
}

Shape {
  appearance Appearance {
    material Material {
      diffuseColor 0.8275 0.6667 0.1294
      specularColor 0.8275 0.6667 0.1294
      ambientIntensity 0.2
      transparency 0.0000
      shininess 0.5
    }
  }
  geometry IndexedFaceSet {
    ccw TRUE
    solid FALSE
    coord DEF co Coordinate {
      point [
        1.289370 -1.870079 0.066929,
        1.155512 -1.870079 0.066929,
        1.289370 -1.870079 0.125984,
        1.155512 -1.870079 0.125984,
        -1.875984 -1.870079 0.125984,
        -1.875984 -1.870079 0.066929,
        -1.742126 -1.870079 0.066929,
        -1.742126 -1.870079 0.125984,
        -1.442913 -1.870079 0.125984,
        -1.442913 -1.870079 0.066929,
        -1.309055 -1.870079 0.066929,
        -1.309055 -1.870079 0.125984,
        -1.009843 -1.870079 0.125984,
        -1.009843 -1.870079 0.066929,
        -0.875984 -1.870079 0.066929,
        -0.875984 -1.870079 0.125984,
        -0.576772 -1.870079 0.125984,
        -0.576772 -1.870079 0.066929,
        -0.442913 -1.870079 0.066929,
        -0.442913 -1.870079 0.125984,
        -0.009843 -1.870079 0.066929,
        -0.143701 -1.870079 0.066929,
        -0.009843 -1.870079 0.125984,
        -0.143701 -1.870079 0.125984,
        0.289370 -1.870079 0.125984,
        0.289370 -1.870079 0.066929,
        0.423228 -1.870079 0.066929,
        0.423228 -1.870079 0.125984,
        0.722441 -1.870079 0.125984,
        0.722441 -1.870079 0.066929,
        0.856299 -1.870079 0.066929,
        0.856299 -1.870079 0.125984,
        -1.742126 -0.492126 0.066929,
        -1.875984 -0.492126 0.066929,
        -1.875984 -0.492126 0.125984,
        -1.742126 -0.492126 0.125984,
        -1.309055 -0.492126 0.125984,
        -1.442913 -0.492126 0.125984,
        -1.309055 -0.492126 0.066929,
        -1.442913 -0.492126 0.066929,
        -0.875984 -0.492126 0.066929,
        -1.009843 -0.492126 0.066929,
        -1.009843 -0.492126 0.125984,
        -0.875984 -0.492126 0.125984,
        -0.442913 -0.492126 0.125984,
        -0.576772 -0.492126 0.125984,
        -0.442913 -0.492126 0.066929,
        -0.576772 -0.492126 0.066929,
        -0.009843 -0.492126 0.066929,
        -0.143701 -0.492126 0.066929,
        -0.143701 -0.492126 0.125984,
        -0.009843 -0.492126 0.125984,
        0.423228 -0.492126 0.125984,
        0.289370 -0.492126 0.125984,
        0.423228 -0.492126 0.066929,
        0.289370 -0.492126 0.066929,
        0.856299 -0.492126 0.066929,
        0.722441 -0.492126 0.066929,
        0.722441 -0.492126 0.125984,
        0.856299 -0.492126 0.125984,
        1.289370 -0.492126 0.066929,
        1.155512 -0.492126 0.066929,
        1.155512 -0.492126 0.125984,
        1.289370 -0.492126 0.125984,
        1.289370 -2.224409 0.039370,
        1.289370 -2.076482 0.039370,
        1.155512 -2.224409 0.039370,
        1.155512 -2.076482 0.039370,
        1.289370 -2.224409 -0.019685,
        1.155512 -2.224409 -0.019685,
        1.289370 -2.076482 -0.019685,
        1.155512 -2.076482 -0.019685,
        1.155512 -2.053440 -0.017416,
        1.289370 -2.053440 -0.017416,
        1.155512 -2.031283 -0.010694,
        1.289370 -2.031283 -0.010694,
        1.155512 -2.010863 0.000220,
        1.289370 -2.010863 0.000220,
        1.155512 -1.992965 0.014909,
        1.289370 -1.992965 0.014909,
        1.289370 -1.958242 0.049632,
        1.155512 -1.958242 0.049632,
        1.289370 -1.949293 0.056976,
        1.155512 -1.949293 0.056976,
        1.289370 -1.939083 0.062434,
        1.155512 -1.939083 0.062434,
        1.289370 -1.928004 0.065794,
        1.155512 -1.928004 0.065794,
        1.289370 -1.916483 0.066929,
        1.155512 -1.916483 0.066929,
        1.289370 -1.916483 0.125984,
        1.155512 -1.916483 0.125984,
        1.155512 -1.939526 0.123715,
        1.289370 -1.939526 0.123715,
        1.155512 -1.961682 0.116994,
        1.289370 -1.961682 0.116994,
        1.155512 -1.982102 0.106079,
        1.289370 -1.982102 0.106079,
        1.155512 -2.000000 0.091391,
        1.289370 -2.000000 0.091391,
        1.289370 -2.034724 0.056667,
        1.155512 -2.034724 0.056667,
        1.289370 -2.043672 0.049323,
        1.155512 -2.043672 0.049323,
        1.289370 -2.053883 0.043865,
        1.155512 -2.053883 0.043865,
        1.289370 -2.064961 0.040505,
        1.155512 -2.064961 0.040505,
        0.856299 -2.224409 0.039370,
        0.856299 -2.076482 0.039370,
        0.722441 -2.224409 0.039370,
        0.722441 -2.076482 0.039370,
        0.856299 -2.224409 -0.019685,
        0.722441 -2.224409 -0.019685,
        0.856299 -2.076482 -0.019685,
        0.722441 -2.076482 -0.019685,
        0.722441 -2.053440 -0.017416,
        0.856299 -2.053440 -0.017416,
        0.722441 -2.031283 -0.010694,
        0.856299 -2.031283 -0.010694,
        0.722441 -2.010863 0.000220,
        0.856299 -2.010863 0.000220,
        0.722441 -1.992965 0.014909,
        0.856299 -1.992965 0.014909,
        0.856299 -1.958242 0.049632,
        0.722441 -1.958242 0.049632,
        0.856299 -1.949293 0.056976,
        0.722441 -1.949293 0.056976,
        0.856299 -1.939083 0.062434,
        0.722441 -1.939083 0.062434,
        0.856299 -1.928004 0.065794,
        0.722441 -1.928004 0.065794,
        0.856299 -1.916483 0.066929,
        0.722441 -1.916483 0.066929,
        0.856299 -1.916483 0.125984,
        0.722441 -1.916483 0.125984,
        0.722441 -1.939526 0.123715,
        0.856299 -1.939526 0.123715,
        0.722441 -1.961682 0.116994,
        0.856299 -1.961682 0.116994,
        0.722441 -1.982102 0.106079,
        0.856299 -1.982102 0.106079,
        0.722441 -2.000000 0.091391,
        0.856299 -2.000000 0.091391,
        0.856299 -2.034724 0.056667,
        0.722441 -2.034724 0.056667,
        0.856299 -2.043672 0.049323,
        0.722441 -2.043672 0.049323,
        0.856299 -2.053883 0.043865,
        0.722441 -2.053883 0.043865,
        0.856299 -2.064961 0.040505,
        0.722441 -2.064961 0.040505,
        0.423228 -2.224409 0.039370,
        0.423228 -2.076482 0.039370,
        0.289370 -2.224409 0.039370,
        0.289370 -2.076482 0.039370,
        0.423228 -2.224409 -0.019685,
        0.289370 -2.224409 -0.019685,
        0.423228 -2.076482 -0.019685,
        0.289370 -2.076482 -0.019685,
        0.289370 -2.053440 -0.017416,
        0.423228 -2.053440 -0.017416,
        0.289370 -2.031283 -0.010694,
        0.423228 -2.031283 -0.010694,
        0.289370 -2.010863 0.000220,
        0.423228 -2.010863 0.000220,
        0.289370 -1.992965 0.014909,
        0.423228 -1.992965 0.014909,
        0.423228 -1.958242 0.049632,
        0.289370 -1.958242 0.049632,
        0.423228 -1.949293 0.056976,
        0.289370 -1.949293 0.056976,
        0.423228 -1.939083 0.062434,
        0.289370 -1.939083 0.062434,
        0.423228 -1.928004 0.065794,
        0.289370 -1.928004 0.065794,
        0.423228 -1.916483 0.066929,
        0.289370 -1.916483 0.066929,
        0.423228 -1.916483 0.125984,
        0.289370 -1.916483 0.125984,
        0.289370 -1.939526 0.123715,
        0.423228 -1.939526 0.123715,
        0.289370 -1.961682 0.116994,
        0.423228 -1.961682 0.116994,
        0.289370 -1.982102 0.106079,
        0.423228 -1.982102 0.106079,
        0.289370 -2.000000 0.091391,
        0.423228 -2.000000 0.091391,
        0.423228 -2.034724 0.056667,
        0.289370 -2.034724 0.056667,
        0.423228 -2.043672 0.049323,
        0.289370 -2.043672 0.049323,
        0.423228 -2.053883 0.043865,
        0.289370 -2.053883 0.043865,
        0.423228 -2.064961 0.040505,
        0.289370 -2.064961 0.040505,
        -0.009843 -2.224409 0.039370,
        -0.009843 -2.076482 0.039370,
        -0.143701 -2.224409 0.039370,
        -0.143701 -2.076482 0.039370,
        -0.009843 -2.224409 -0.019685,
        -0.143701 -2.224409 -0.019685,
        -0.009843 -2.076482 -0.019685,
        -0.143701 -2.076482 -0.019685,
        -0.143701 -2.053440 -0.017416,
        -0.009843 -2.053440 -0.017416,
        -0.143701 -2.031283 -0.010694,
        -0.009843 -2.031283 -0.010694,
        -0.143701 -2.010863 0.000220,
        -0.009843 -2.010863 0.000220,
        -0.143701 -1.992965 0.014909,
        -0.009843 -1.992965 0.014909,
        -0.009843 -1.958242 0.049632,
        -0.143701 -1.958242 0.049632,
        -0.009843 -1.949293 0.056976,
        -0.143701 -1.949293 0.056976,
        -0.009843 -1.939083 0.062434,
        -0.143701 -1.939083 0.062434,
        -0.009843 -1.928004 0.065794,
        -0.143701 -1.928004 0.065794,
        -0.009843 -1.916483 0.066929,
        -0.143701 -1.916483 0.066929,
        -0.009843 -1.916483 0.125984,
        -0.143701 -1.916483 0.125984,
        -0.143701 -1.939526 0.123715,
        -0.009843 -1.939526 0.123715,
        -0.143701 -1.961682 0.116994,
        -0.009843 -1.961682 0.116994,
        -0.143701 -1.982102 0.106079,
        -0.009843 -1.982102 0.106079,
        -0.143701 -2.000000 0.091391,
        -0.009843 -2.000000 0.091391,
        -0.009843 -2.034724 0.056667,
        -0.143701 -2.034724 0.056667,
        -0.009843 -2.043672 0.049323,
        -0.143701 -2.043672 0.049323,
        -0.009843 -2.053883 0.043865,
        -0.143701 -2.053883 0.043865,
        -0.009843 -2.064961 0.040505,
        -0.143701 -2.064961 0.040505,
        -0.442913 -2.224409 0.039370,
        -0.442913 -2.076482 0.039370,
        -0.576772 -2.224409 0.039370,
        -0.576772 -2.076482 0.039370,
        -0.442913 -2.224409 -0.019685,
        -0.576772 -2.224409 -0.019685,
        -0.442913 -2.076482 -0.019685,
        -0.576772 -2.076482 -0.019685,
        -0.576772 -2.053440 -0.017416,
        -0.442913 -2.053440 -0.017416,
        -0.576772 -2.031283 -0.010694,
        -0.442913 -2.031283 -0.010694,
        -0.576772 -2.010863 0.000220,
        -0.442913 -2.010863 0.000220,
        -0.576772 -1.992965 0.014909,
        -0.442913 -1.992965 0.014909,
        -0.442913 -1.958242 0.049632,
        -0.576772 -1.958242 0.049632,
        -0.442913 -1.949293 0.056976,
        -0.576772 -1.949293 0.056976,
        -0.442913 -1.939083 0.062434,
        -0.576772 -1.939083 0.062434,
        -0.442913 -1.928004 0.065794,
        -0.576772 -1.928004 0.065794,
        -0.442913 -1.916483 0.066929,
        -0.576772 -1.916483 0.066929,
        -0.442913 -1.916483 0.125984,
        -0.576772 -1.916483 0.125984,
        -0.576772 -1.939526 0.123715,
        -0.442913 -1.939526 0.123715,
        -0.576772 -1.961682 0.116994,
        -0.442913 -1.961682 0.116994,
        -0.576772 -1.982102 0.106079,
        -0.442913 -1.982102 0.106079,
        -0.576772 -2.000000 0.091391,
        -0.442913 -2.000000 0.091391,
        -0.442913 -2.034724 0.056667,
        -0.576772 -2.034724 0.056667,
        -0.442913 -2.043672 0.049323,
        -0.576772 -2.043672 0.049323,
        -0.442913 -2.053883 0.043865,
        -0.576772 -2.053883 0.043865,
        -0.442913 -2.064961 0.040505,
        -0.576772 -2.064961 0.040505,
        -0.875984 -2.224409 0.039370,
        -0.875984 -2.076482 0.039370,
        -1.009843 -2.224409 0.039370,
        -1.009843 -2.076482 0.039370,
        -0.875984 -2.224409 -0.019685,
        -1.009843 -2.224409 -0.019685,
        -0.875984 -2.076482 -0.019685,
        -1.009843 -2.076482 -0.019685,
        -1.009843 -2.053440 -0.017416,
        -0.875984 -2.053440 -0.017416,
        -1.009843 -2.031283 -0.010694,
        -0.875984 -2.031283 -0.010694,
        -1.009843 -2.010863 0.000220,
        -0.875984 -2.010863 0.000220,
        -1.009843 -1.992965 0.014909,
        -0.875984 -1.992965 0.014909,
        -0.875984 -1.958242 0.049632,
        -1.009843 -1.958242 0.049632,
        -0.875984 -1.949293 0.056976,
        -1.009843 -1.949293 0.056976,
        -0.875984 -1.939083 0.062434,
        -1.009843 -1.939083 0.062434,
        -0.875984 -1.928004 0.065794,
        -1.009843 -1.928004 0.065794,
        -0.875984 -1.916483 0.066929,
        -1.009843 -1.916483 0.066929,
        -0.875984 -1.916483 0.125984,
        -1.009843 -1.916483 0.125984,
        -1.009843 -1.939526 0.123715,
        -0.875984 -1.939526 0.123715,
        -1.009843 -1.961682 0.116994,
        -0.875984 -1.961682 0.116994,
        -1.009843 -1.982102 0.106079,
        -0.875984 -1.982102 0.106079,
        -1.009843 -2.000000 0.091391,
        -0.875984 -2.000000 0.091391,
        -0.875984 -2.034724 0.056667,
        -1.009843 -2.034724 0.056667,
        -0.875984 -2.043672 0.049323,
        -1.009843 -2.043672 0.049323,
        -0.875984 -2.053883 0.043865,
        -1.009843 -2.053883 0.043865,
        -0.875984 -2.064961 0.040505,
        -1.009843 -2.064961 0.040505,
        -1.309055 -2.224409 0.039370,
        -1.309055 -2.076482 0.039370,
        -1.442913 -2.224409 0.039370,
        -1.442913 -2.076482 0.039370,
        -1.309055 -2.224409 -0.019685,
        -1.442913 -2.224409 -0.019685,
        -1.309055 -2.076482 -0.019685,
        -1.442913 -2.076482 -0.019685,
        -1.442913 -2.053440 -0.017416,
        -1.309055 -2.053440 -0.017416,
        -1.442913 -2.031283 -0.010694,
        -1.309055 -2.031283 -0.010694,
        -1.442913 -2.010863 0.000220,
        -1.309055 -2.010863 0.000220,
        -1.442913 -1.992965 0.014909,
        -1.309055 -1.992965 0.014909,
        -1.309055 -1.958242 0.049632,
        -1.442913 -1.958242 0.049632,
        -1.309055 -1.949293 0.056976,
        -1.442913 -1.949293 0.056976,
        -1.309055 -1.939083 0.062434,
        -1.442913 -1.939083 0.062434,
        -1.309055 -1.928004 0.065794,
        -1.442913 -1.928004 0.065794,
        -1.309055 -1.916483 0.066929,
        -1.442913 -1.916483 0.066929,
        -1.309055 -1.916483 0.125984,
        -1.442913 -1.916483 0.125984,
        -1.442913 -1.939526 0.123715,
        -1.309055 -1.939526 0.123715,
        -1.442913 -1.961682 0.116994,
        -1.309055 -1.961682 0.116994,
        -1.442913 -1.982102 0.106079,
        -1.309055 -1.982102 0.106079,
        -1.442913 -2.000000 0.091391,
        -1.309055 -2.000000 0.091391,
        -1.309055 -2.034724 0.056667,
        -1.442913 -2.034724 0.056667,
        -1.309055 -2.043672 0.049323,
        -1.442913 -2.043672 0.049323,
        -1.309055 -2.053883 0.043865,
        -1.442913 -2.053883 0.043865,
        -1.309055 -2.064961 0.040505,
        -1.442913 -2.064961 0.040505,
        -1.742126 -2.224409 0.039370,
        -1.742126 -2.076482 0.039370,
        -1.875984 -2.224409 0.039370,
        -1.875984 -2.076482 0.039370,
        -1.742126 -2.224409 -0.019685,
        -1.875984 -2.224409 -0.019685,
        -1.742126 -2.076482 -0.019685,
        -1.875984 -2.076482 -0.019685,
        -1.875984 -2.053440 -0.017416,
        -1.742126 -2.053440 -0.017416,
        -1.875984 -2.031283 -0.010694,
        -1.742126 -2.031283 -0.010694,
        -1.875984 -2.010863 0.000220,
        -1.742126 -2.010863 0.000220,
        -1.875984 -1.992965 0.014909,
        -1.742126 -1.992965 0.014909,
        -1.742126 -1.958242 0.049632,
        -1.875984 -1.958242 0.049632,
        -1.742126 -1.949293 0.056976,
        -1.875984 -1.949293 0.056976,
        -1.742126 -1.939083 0.062434,
        -1.875984 -1.939083 0.062434,
        -1.742126 -1.928004 0.065794,
        -1.875984 -1.928004 0.065794,
        -1.742126 -1.916483 0.066929,
        -1.875984 -1.916483 0.066929,
        -1.742126 -1.916483 0.125984,
        -1.875984 -1.916483 0.125984,
        -1.875984 -1.939526 0.123715,
        -1.742126 -1.939526 0.123715,
        -1.875984 -1.961682 0.116994,
        -1.742126 -1.961682 0.116994,
        -1.875984 -1.982102 0.106079,
        -1.742126 -1.982102 0.106079,
        -1.875984 -2.000000 0.091391,
        -1.742126 -2.000000 0.091391,
        -1.742126 -2.034724 0.056667,
        -1.875984 -2.034724 0.056667,
        -1.742126 -2.043672 0.049323,
        -1.875984 -2.043672 0.049323,
        -1.742126 -2.053883 0.043865,
        -1.875984 -2.053883 0.043865,
        -1.742126 -2.064961 0.040505,
        -1.875984 -2.064961 0.040505,
        1.155512 -0.020136 0.066929,
        1.289370 -0.020136 0.066929,
        1.289370 -0.029665 0.125984,
        1.155512 -0.029665 0.125984,
        1.289370 0.657653 0.353730,
        1.289370 0.698907 0.305187,
        1.289370 0.712332 0.329165,
        1.289370 0.681846 0.383895,
        1.289370 0.731322 0.349027,
        1.289370 0.712290 0.407736,
        1.289370 0.754672 0.363515,
        1.289370 0.880840 0.337640,
        1.289370 0.924562 0.377337,
        1.289370 0.859953 0.355497,
        1.289370 0.895450 0.402787,
        1.289370 0.835267 0.367569,
        1.289370 0.861294 0.420915,
        1.289370 0.808347 0.373090,
        1.289370 0.823900 0.430761,
        1.289370 0.780902 0.371709,
        1.289370 0.785246 0.431806,
        1.289370 0.747375 0.423993,
        1.155512 0.698907 0.305187,
        1.155512 0.657653 0.353730,
        1.155512 0.712332 0.329165,
        1.155512 0.731322 0.349027,
        1.155512 0.924562 0.377337,
        1.155512 0.880840 0.337640,
        1.155512 0.895450 0.402787,
        1.155512 0.859953 0.355497,
        1.155512 0.861294 0.420915,
        1.155512 0.835267 0.367569,
        1.155512 0.823900 0.430761,
        1.155512 0.808347 0.373090,
        1.155512 0.785246 0.431806,
        1.155512 0.780902 0.371709,
        1.155512 0.747375 0.423993,
        1.155512 0.754672 0.363515,
        1.155512 0.712290 0.407736,
        1.155512 0.681846 0.383895,
        -1.875984 -0.020136 0.066929,
        -1.742126 -0.020136 0.066929,
        -1.742126 -0.029665 0.125984,
        -1.875984 -0.029665 0.125984,
        -1.742126 0.657653 0.353730,
        -1.742126 0.698907 0.305187,
        -1.742126 0.712332 0.329165,
        -1.742126 0.681846 0.383895,
        -1.742126 0.731322 0.349027,
        -1.742126 0.712290 0.407736,
        -1.742126 0.754672 0.363515,
        -1.742126 0.880840 0.337640,
        -1.742126 0.924562 0.377337,
        -1.742126 0.859953 0.355497,
        -1.742126 0.895450 0.402787,
        -1.742126 0.835267 0.367569,
        -1.742126 0.861294 0.420915,
        -1.742126 0.808347 0.373090,
        -1.742126 0.823900 0.430761,
        -1.742126 0.780902 0.371709,
        -1.742126 0.785246 0.431806,
        -1.742126 0.747375 0.423993,
        -1.875984 0.698907 0.305187,
        -1.875984 0.657653 0.353730,
        -1.875984 0.712332 0.329165,
        -1.875984 0.731322 0.349027,
        -1.875984 0.924562 0.377337,
        -1.875984 0.880840 0.337640,
        -1.875984 0.895450 0.402787,
        -1.875984 0.859953 0.355497,
        -1.875984 0.861294 0.420915,
        -1.875984 0.835267 0.367569,
        -1.875984 0.823900 0.430761,
        -1.875984 0.808347 0.373090,
        -1.875984 0.785246 0.431806,
        -1.875984 0.780902 0.371709,
        -1.875984 0.747375 0.423993,
        -1.875984 0.754672 0.363515,
        -1.875984 0.712290 0.407736,
        -1.875984 0.681846 0.383895,
        -1.442913 -0.020136 0.066929,
        -1.309055 -0.020136 0.066929,
        -1.309055 -0.029665 0.125984,
        -1.442913 -0.029665 0.125984,
        -1.309055 0.657653 0.353730,
        -1.309055 0.698907 0.305187,
        -1.309055 0.712332 0.329165,
        -1.309055 0.681846 0.383895,
        -1.309055 0.731322 0.349027,
        -1.309055 0.712290 0.407736,
        -1.309055 0.754672 0.363515,
        -1.309055 0.880840 0.337640,
        -1.309055 0.924562 0.377337,
        -1.309055 0.859953 0.355497,
        -1.309055 0.895450 0.402787,
        -1.309055 0.835267 0.367569,
        -1.309055 0.861294 0.420915,
        -1.309055 0.808347 0.373090,
        -1.309055 0.823900 0.430761,
        -1.309055 0.780902 0.371709,
        -1.309055 0.785246 0.431806,
        -1.309055 0.747375 0.423993,
        -1.442913 0.698907 0.305187,
        -1.442913 0.657653 0.353730,
        -1.442913 0.712332 0.329165,
        -1.442913 0.731322 0.349027,
        -1.442913 0.924562 0.377337,
        -1.442913 0.880840 0.337640,
        -1.442913 0.895450 0.402787,
        -1.442913 0.859953 0.355497,
        -1.442913 0.861294 0.420915,
        -1.442913 0.835267 0.367569,
        -1.442913 0.823900 0.430761,
        -1.442913 0.808347 0.373090,
        -1.442913 0.785246 0.431806,
        -1.442913 0.780902 0.371709,
        -1.442913 0.747375 0.423993,
        -1.442913 0.754672 0.363515,
        -1.442913 0.712290 0.407736,
        -1.442913 0.681846 0.383895,
        -1.009843 -0.118561 0.066929,
        -0.875984 -0.118561 0.066929,
        -0.875984 -0.128091 0.125984,
        -1.009843 -0.128091 0.125984,
        -0.875984 0.559228 0.353730,
        -0.875984 0.600482 0.305187,
        -0.875984 0.613907 0.329165,
        -0.875984 0.583421 0.383895,
        -0.875984 0.632896 0.349027,
        -0.875984 0.613865 0.407736,
        -0.875984 0.656247 0.363515,
        -0.875984 0.782415 0.337640,
        -0.875984 0.826137 0.377337,
        -0.875984 0.761528 0.355497,
        -0.875984 0.797025 0.402787,
        -0.875984 0.736841 0.367569,
        -0.875984 0.762869 0.420915,
        -0.875984 0.709922 0.373090,
        -0.875984 0.725475 0.430761,
        -0.875984 0.682476 0.371709,
        -0.875984 0.686821 0.431806,
        -0.875984 0.648950 0.423993,
        -1.009843 0.600482 0.305187,
        -1.009843 0.559228 0.353730,
        -1.009843 0.613907 0.329165,
        -1.009843 0.632896 0.349027,
        -1.009843 0.826137 0.377337,
        -1.009843 0.782415 0.337640,
        -1.009843 0.797025 0.402787,
        -1.009843 0.761528 0.355497,
        -1.009843 0.762869 0.420915,
        -1.009843 0.736841 0.367569,
        -1.009843 0.725475 0.430761,
        -1.009843 0.709922 0.373090,
        -1.009843 0.686821 0.431806,
        -1.009843 0.682476 0.371709,
        -1.009843 0.648950 0.423993,
        -1.009843 0.656247 0.363515,
        -1.009843 0.613865 0.407736,
        -1.009843 0.583421 0.383895,
        -0.576772 -0.020136 0.066929,
        -0.442913 -0.020136 0.066929,
        -0.442913 -0.029665 0.125984,
        -0.576772 -0.029665 0.125984,
        -0.442913 0.657653 0.353730,
        -0.442913 0.698907 0.305187,
        -0.442913 0.712332 0.329165,
        -0.442913 0.681846 0.383895,
        -0.442913 0.731322 0.349027,
        -0.442913 0.712290 0.407736,
        -0.442913 0.754672 0.363515,
        -0.442913 0.880840 0.337640,
        -0.442913 0.924562 0.377337,
        -0.442913 0.859953 0.355497,
        -0.442913 0.895450 0.402787,
        -0.442913 0.835267 0.367569,
        -0.442913 0.861294 0.420915,
        -0.442913 0.808347 0.373090,
        -0.442913 0.823900 0.430761,
        -0.442913 0.780902 0.371709,
        -0.442913 0.785246 0.431806,
        -0.442913 0.747375 0.423993,
        -0.576772 0.698907 0.305187,
        -0.576772 0.657653 0.353730,
        -0.576772 0.712332 0.329165,
        -0.576772 0.731322 0.349027,
        -0.576772 0.924562 0.377337,
        -0.576772 0.880840 0.337640,
        -0.576772 0.895450 0.402787,
        -0.576772 0.859953 0.355497,
        -0.576772 0.861294 0.420915,
        -0.576772 0.835267 0.367569,
        -0.576772 0.823900 0.430761,
        -0.576772 0.808347 0.373090,
        -0.576772 0.785246 0.431806,
        -0.576772 0.780902 0.371709,
        -0.576772 0.747375 0.423993,
        -0.576772 0.754672 0.363515,
        -0.576772 0.712290 0.407736,
        -0.576772 0.681846 0.383895,
        -0.143701 -0.118561 0.066929,
        -0.009843 -0.118561 0.066929,
        -0.009843 -0.128091 0.125984,
        -0.143701 -0.128091 0.125984,
        -0.009843 0.559228 0.353730,
        -0.009843 0.600482 0.305187,
        -0.009843 0.613907 0.329165,
        -0.009843 0.583421 0.383895,
        -0.009843 0.632896 0.349027,
        -0.009843 0.613865 0.407736,
        -0.009843 0.656247 0.363515,
        -0.009843 0.782415 0.337640,
        -0.009843 0.826137 0.377337,
        -0.009843 0.761528 0.355497,
        -0.009843 0.797025 0.402787,
        -0.009843 0.736841 0.367569,
        -0.009843 0.762869 0.420915,
        -0.009843 0.709922 0.373090,
        -0.009843 0.725475 0.430761,
        -0.009843 0.682476 0.371709,
        -0.009843 0.686821 0.431806,
        -0.009843 0.648950 0.423993,
        -0.143701 0.600482 0.305187,
        -0.143701 0.559228 0.353730,
        -0.143701 0.613907 0.329165,
        -0.143701 0.632896 0.349027,
        -0.143701 0.826137 0.377337,
        -0.143701 0.782415 0.337640,
        -0.143701 0.797025 0.402787,
        -0.143701 0.761528 0.355497,
        -0.143701 0.762869 0.420915,
        -0.143701 0.736841 0.367569,
        -0.143701 0.725475 0.430761,
        -0.143701 0.709922 0.373090,
        -0.143701 0.686821 0.431806,
        -0.143701 0.682476 0.371709,
        -0.143701 0.648950 0.423993,
        -0.143701 0.656247 0.363515,
        -0.143701 0.613865 0.407736,
        -0.143701 0.583421 0.383895,
        0.289370 -0.020136 0.066929,
        0.423228 -0.020136 0.066929,
        0.423228 -0.029665 0.125984,
        0.289370 -0.029665 0.125984,
        0.423228 0.657653 0.353730,
        0.423228 0.698907 0.305187,
        0.423228 0.712332 0.329165,
        0.423228 0.681846 0.383895,
        0.423228 0.731322 0.349027,
        0.423228 0.712290 0.407736,
        0.423228 0.754672 0.363515,
        0.423228 0.880840 0.337640,
        0.423228 0.924562 0.377337,
        0.423228 0.859953 0.355497,
        0.423228 0.895450 0.402787,
        0.423228 0.835267 0.367569,
        0.423228 0.861294 0.420915,
        0.423228 0.808347 0.373090,
        0.423228 0.823900 0.430761,
        0.423228 0.780902 0.371709,
        0.423228 0.785246 0.431806,
        0.423228 0.747375 0.423993,
        0.289370 0.698907 0.305187,
        0.289370 0.657653 0.353730,
        0.289370 0.712332 0.329165,
        0.289370 0.731322 0.349027,
        0.289370 0.924562 0.377337,
        0.289370 0.880840 0.337640,
        0.289370 0.895450 0.402787,
        0.289370 0.859953 0.355497,
        0.289370 0.861294 0.420915,
        0.289370 0.835267 0.367569,
        0.289370 0.823900 0.430761,
        0.289370 0.808347 0.373090,
        0.289370 0.785246 0.431806,
        0.289370 0.780902 0.371709,
        0.289370 0.747375 0.423993,
        0.289370 0.754672 0.363515,
        0.289370 0.712290 0.407736,
        0.289370 0.681846 0.383895,
        0.722441 0.058604 0.066929,
        0.856299 0.058604 0.066929,
        0.856299 0.049075 0.125984,
        0.722441 0.049075 0.125984,
        0.856299 0.736393 0.353730,
        0.856299 0.959580 0.337640,
        0.856299 1.003302 0.377337,
        0.856299 0.938693 0.355497,
        0.856299 0.974190 0.402787,
        0.856299 0.914006 0.367569,
        0.856299 0.940034 0.420915,
        0.856299 0.887087 0.373090,
        0.856299 0.902641 0.430761,
        0.856299 0.859642 0.371709,
        0.856299 0.863986 0.431806,
        0.856299 0.833412 0.363515,
        0.856299 0.777648 0.305187,
        0.856299 0.791072 0.329165,
        0.856299 0.760587 0.383895,
        0.856299 0.810062 0.349027,
        0.856299 0.791031 0.407736,
        0.856299 0.826115 0.423993,
        0.722441 0.810062 0.349027,
        0.722441 0.791072 0.329165,
        0.722441 0.736393 0.353730,
        0.722441 0.777648 0.305187,
        0.722441 1.003302 0.377337,
        0.722441 0.959580 0.337640,
        0.722441 0.974190 0.402787,
        0.722441 0.938693 0.355497,
        0.722441 0.940034 0.420915,
        0.722441 0.914006 0.367569,
        0.722441 0.902641 0.430761,
        0.722441 0.887087 0.373090,
        0.722441 0.863986 0.431806,
        0.722441 0.859642 0.371709,
        0.722441 0.826115 0.423993,
        0.722441 0.833412 0.363515,
        0.722441 0.791031 0.407736,
        0.722441 0.760587 0.383895,
      ]
    }
    coordIndex [
      64, 65, 66, -1,
      66, 65, 67, -1,
      68, 64, 69, -1,
      69, 64, 66, -1,
      70, 68, 71, -1,
      71, 68, 69, -1,
      70, 71, 72, -1,
      70, 72, 73, -1,
      73, 72, 74, -1,
      73, 74, 75, -1,
      75, 74, 76, -1,
      75, 76, 77, -1,
      77, 76, 78, -1,
      77, 78, 79, -1,
      80, 79, 81, -1,
      81, 79, 78, -1,
      80, 81, 82, -1,
      82, 81, 83, -1,
      82, 83, 84, -1,
      84, 83, 85, -1,
      84, 85, 86, -1,
      86, 85, 87, -1,
      86, 87, 88, -1,
      88, 87, 89, -1,
      0, 88, 1, -1,
      1, 88, 89, -1,
      90, 2, 91, -1,
      91, 2, 3, -1,
      90, 91, 92, -1,
      90, 92, 93, -1,
      93, 92, 94, -1,
      93, 94, 95, -1,
      95, 94, 96, -1,
      95, 96, 97, -1,
      97, 96, 98, -1,
      97, 98, 99, -1,
      100, 99, 101, -1,
      101, 99, 98, -1,
      100, 101, 102, -1,
      102, 101, 103, -1,
      102, 103, 104, -1,
      104, 103, 105, -1,
      104, 105, 106, -1,
      106, 105, 107, -1,
      106, 107, 65, -1,
      65, 107, 67, -1,
      64, 68, 65, -1,
      65, 68, 70, -1,
      65, 70, 106, -1,
      106, 70, 73, -1,
      106, 73, 104, -1,
      104, 73, 75, -1,
      104, 75, 102, -1,
      102, 75, 77, -1,
      102, 77, 100, -1,
      100, 77, 79, -1,
      100, 79, 99, -1,
      99, 79, 80, -1,
      99, 80, 97, -1,
      97, 80, 82, -1,
      97, 82, 95, -1,
      95, 82, 84, -1,
      95, 84, 93, -1,
      93, 84, 86, -1,
      93, 86, 90, -1,
      90, 86, 88, -1,
      90, 88, 2, -1,
      2, 88, 0, -1,
      3, 1, 91, -1,
      91, 1, 89, -1,
      91, 89, 92, -1,
      92, 89, 87, -1,
      92, 87, 94, -1,
      94, 87, 85, -1,
      94, 85, 96, -1,
      96, 85, 83, -1,
      96, 83, 98, -1,
      98, 83, 81, -1,
      98, 81, 101, -1,
      101, 81, 78, -1,
      101, 78, 103, -1,
      103, 78, 76, -1,
      103, 76, 105, -1,
      105, 76, 74, -1,
      105, 74, 107, -1,
      107, 74, 72, -1,
      107, 72, 67, -1,
      67, 72, 71, -1,
      67, 71, 66, -1,
      66, 71, 69, -1,
      108, 109, 110, -1,
      110, 109, 111, -1,
      112, 108, 113, -1,
      113, 108, 110, -1,
      114, 112, 115, -1,
      115, 112, 113, -1,
      114, 115, 116, -1,
      114, 116, 117, -1,
      117, 116, 118, -1,
      117, 118, 119, -1,
      119, 118, 120, -1,
      119, 120, 121, -1,
      121, 120, 122, -1,
      121, 122, 123, -1,
      124, 123, 125, -1,
      125, 123, 122, -1,
      124, 125, 126, -1,
      126, 125, 127, -1,
      126, 127, 128, -1,
      128, 127, 129, -1,
      128, 129, 130, -1,
      130, 129, 131, -1,
      130, 131, 132, -1,
      132, 131, 133, -1,
      30, 132, 29, -1,
      29, 132, 133, -1,
      134, 31, 135, -1,
      135, 31, 28, -1,
      134, 135, 136, -1,
      134, 136, 137, -1,
      137, 136, 138, -1,
      137, 138, 139, -1,
      139, 138, 140, -1,
      139, 140, 141, -1,
      141, 140, 142, -1,
      141, 142, 143, -1,
      144, 143, 145, -1,
      145, 143, 142, -1,
      144, 145, 146, -1,
      146, 145, 147, -1,
      146, 147, 148, -1,
      148, 147, 149, -1,
      148, 149, 150, -1,
      150, 149, 151, -1,
      150, 151, 109, -1,
      109, 151, 111, -1,
      30, 31, 132, -1,
      132, 31, 134, -1,
      132, 134, 130, -1,
      130, 134, 137, -1,
      130, 137, 128, -1,
      128, 137, 139, -1,
      128, 139, 126, -1,
      126, 139, 141, -1,
      126, 141, 124, -1,
      124, 141, 143, -1,
      124, 143, 123, -1,
      123, 143, 144, -1,
      123, 144, 121, -1,
      121, 144, 146, -1,
      121, 146, 119, -1,
      119, 146, 148, -1,
      119, 148, 117, -1,
      117, 148, 150, -1,
      117, 150, 114, -1,
      114, 150, 109, -1,
      114, 109, 112, -1,
      112, 109, 108, -1,
      28, 29, 135, -1,
      135, 29, 133, -1,
      135, 133, 136, -1,
      136, 133, 131, -1,
      136, 131, 138, -1,
      138, 131, 129, -1,
      138, 129, 140, -1,
      140, 129, 127, -1,
      140, 127, 142, -1,
      142, 127, 125, -1,
      142, 125, 145, -1,
      145, 125, 122, -1,
      145, 122, 147, -1,
      147, 122, 120, -1,
      147, 120, 149, -1,
      149, 120, 118, -1,
      149, 118, 151, -1,
      151, 118, 116, -1,
      151, 116, 111, -1,
      111, 116, 115, -1,
      111, 115, 110, -1,
      110, 115, 113, -1,
      152, 153, 154, -1,
      154, 153, 155, -1,
      156, 152, 157, -1,
      157, 152, 154, -1,
      158, 156, 159, -1,
      159, 156, 157, -1,
      158, 159, 160, -1,
      158, 160, 161, -1,
      161, 160, 162, -1,
      161, 162, 163, -1,
      163, 162, 164, -1,
      163, 164, 165, -1,
      165, 164, 166, -1,
      165, 166, 167, -1,
      168, 167, 169, -1,
      169, 167, 166, -1,
      168, 169, 170, -1,
      170, 169, 171, -1,
      170, 171, 172, -1,
      172, 171, 173, -1,
      172, 173, 174, -1,
      174, 173, 175, -1,
      174, 175, 176, -1,
      176, 175, 177, -1,
      26, 176, 25, -1,
      25, 176, 177, -1,
      178, 27, 179, -1,
      179, 27, 24, -1,
      178, 179, 180, -1,
      178, 180, 181, -1,
      181, 180, 182, -1,
      181, 182, 183, -1,
      183, 182, 184, -1,
      183, 184, 185, -1,
      185, 184, 186, -1,
      185, 186, 187, -1,
      188, 187, 189, -1,
      189, 187, 186, -1,
      188, 189, 190, -1,
      190, 189, 191, -1,
      190, 191, 192, -1,
      192, 191, 193, -1,
      192, 193, 194, -1,
      194, 193, 195, -1,
      194, 195, 153, -1,
      153, 195, 155, -1,
      152, 156, 153, -1,
      153, 156, 158, -1,
      153, 158, 194, -1,
      194, 158, 161, -1,
      194, 161, 192, -1,
      192, 161, 163, -1,
      192, 163, 190, -1,
      190, 163, 165, -1,
      190, 165, 188, -1,
      188, 165, 167, -1,
      188, 167, 187, -1,
      187, 167, 168, -1,
      187, 168, 185, -1,
      185, 168, 170, -1,
      185, 170, 183, -1,
      183, 170, 172, -1,
      183, 172, 181, -1,
      181, 172, 174, -1,
      181, 174, 178, -1,
      178, 174, 176, -1,
      178, 176, 27, -1,
      27, 176, 26, -1,
      24, 25, 179, -1,
      179, 25, 177, -1,
      179, 177, 180, -1,
      180, 177, 175, -1,
      180, 175, 182, -1,
      182, 175, 173, -1,
      182, 173, 184, -1,
      184, 173, 171, -1,
      184, 171, 186, -1,
      186, 171, 169, -1,
      186, 169, 189, -1,
      189, 169, 166, -1,
      189, 166, 191, -1,
      191, 166, 164, -1,
      191, 164, 193, -1,
      193, 164, 162, -1,
      193, 162, 195, -1,
      195, 162, 160, -1,
      195, 160, 155, -1,
      155, 160, 159, -1,
      155, 159, 154, -1,
      154, 159, 157, -1,
      196, 197, 198, -1,
      198, 197, 199, -1,
      200, 196, 201, -1,
      201, 196, 198, -1,
      202, 200, 203, -1,
      203, 200, 201, -1,
      202, 203, 204, -1,
      202, 204, 205, -1,
      205, 204, 206, -1,
      205, 206, 207, -1,
      207, 206, 208, -1,
      207, 208, 209, -1,
      209, 208, 210, -1,
      209, 210, 211, -1,
      212, 211, 213, -1,
      213, 211, 210, -1,
      212, 213, 214, -1,
      214, 213, 215, -1,
      214, 215, 216, -1,
      216, 215, 217, -1,
      216, 217, 218, -1,
      218, 217, 219, -1,
      218, 219, 220, -1,
      220, 219, 221, -1,
      20, 220, 21, -1,
      21, 220, 221, -1,
      222, 22, 223, -1,
      223, 22, 23, -1,
      222, 223, 224, -1,
      222, 224, 225, -1,
      225, 224, 226, -1,
      225, 226, 227, -1,
      227, 226, 228, -1,
      227, 228, 229, -1,
      229, 228, 230, -1,
      229, 230, 231, -1,
      232, 231, 233, -1,
      233, 231, 230, -1,
      232, 233, 234, -1,
      234, 233, 235, -1,
      234, 235, 236, -1,
      236, 235, 237, -1,
      236, 237, 238, -1,
      238, 237, 239, -1,
      238, 239, 197, -1,
      197, 239, 199, -1,
      20, 22, 220, -1,
      220, 22, 222, -1,
      220, 222, 218, -1,
      218, 222, 225, -1,
      218, 225, 216, -1,
      216, 225, 227, -1,
      216, 227, 214, -1,
      214, 227, 229, -1,
      214, 229, 212, -1,
      212, 229, 231, -1,
      212, 231, 211, -1,
      211, 231, 232, -1,
      211, 232, 209, -1,
      209, 232, 234, -1,
      209, 234, 207, -1,
      207, 234, 236, -1,
      207, 236, 205, -1,
      205, 236, 238, -1,
      205, 238, 202, -1,
      202, 238, 197, -1,
      202, 197, 200, -1,
      200, 197, 196, -1,
      23, 21, 223, -1,
      223, 21, 221, -1,
      223, 221, 224, -1,
      224, 221, 219, -1,
      224, 219, 226, -1,
      226, 219, 217, -1,
      226, 217, 228, -1,
      228, 217, 215, -1,
      228, 215, 230, -1,
      230, 215, 213, -1,
      230, 213, 233, -1,
      233, 213, 210, -1,
      233, 210, 235, -1,
      235, 210, 208, -1,
      235, 208, 237, -1,
      237, 208, 206, -1,
      237, 206, 239, -1,
      239, 206, 204, -1,
      239, 204, 199, -1,
      199, 204, 203, -1,
      199, 203, 198, -1,
      198, 203, 201, -1,
      240, 241, 242, -1,
      242, 241, 243, -1,
      244, 240, 245, -1,
      245, 240, 242, -1,
      246, 244, 247, -1,
      247, 244, 245, -1,
      246, 247, 248, -1,
      246, 248, 249, -1,
      249, 248, 250, -1,
      249, 250, 251, -1,
      251, 250, 252, -1,
      251, 252, 253, -1,
      253, 252, 254, -1,
      253, 254, 255, -1,
      256, 255, 257, -1,
      257, 255, 254, -1,
      256, 257, 258, -1,
      258, 257, 259, -1,
      258, 259, 260, -1,
      260, 259, 261, -1,
      260, 261, 262, -1,
      262, 261, 263, -1,
      262, 263, 264, -1,
      264, 263, 265, -1,
      18, 264, 17, -1,
      17, 264, 265, -1,
      266, 19, 267, -1,
      267, 19, 16, -1,
      266, 267, 268, -1,
      266, 268, 269, -1,
      269, 268, 270, -1,
      269, 270, 271, -1,
      271, 270, 272, -1,
      271, 272, 273, -1,
      273, 272, 274, -1,
      273, 274, 275, -1,
      276, 275, 277, -1,
      277, 275, 274, -1,
      276, 277, 278, -1,
      278, 277, 279, -1,
      278, 279, 280, -1,
      280, 279, 281, -1,
      280, 281, 282, -1,
      282, 281, 283, -1,
      282, 283, 241, -1,
      241, 283, 243, -1,
      18, 19, 264, -1,
      264, 19, 266, -1,
      264, 266, 262, -1,
      262, 266, 269, -1,
      262, 269, 260, -1,
      260, 269, 271, -1,
      260, 271, 258, -1,
      258, 271, 273, -1,
      258, 273, 256, -1,
      256, 273, 275, -1,
      256, 275, 255, -1,
      255, 275, 276, -1,
      255, 276, 253, -1,
      253, 276, 278, -1,
      253, 278, 251, -1,
      251, 278, 280, -1,
      251, 280, 249, -1,
      249, 280, 282, -1,
      249, 282, 246, -1,
      246, 282, 241, -1,
      246, 241, 244, -1,
      244, 241, 240, -1,
      245, 242, 247, -1,
      247, 242, 243, -1,
      247, 243, 248, -1,
      248, 243, 283, -1,
      248, 283, 250, -1,
      250, 283, 281, -1,
      250, 281, 252, -1,
      252, 281, 279, -1,
      252, 279, 254, -1,
      254, 279, 277, -1,
      254, 277, 257, -1,
      257, 277, 274, -1,
      257, 274, 259, -1,
      259, 274, 272, -1,
      259, 272, 261, -1,
      261, 272, 270, -1,
      261, 270, 263, -1,
      263, 270, 268, -1,
      263, 268, 265, -1,
      265, 268, 267, -1,
      265, 267, 17, -1,
      17, 267, 16, -1,
      284, 285, 286, -1,
      286, 285, 287, -1,
      288, 284, 289, -1,
      289, 284, 286, -1,
      290, 288, 291, -1,
      291, 288, 289, -1,
      290, 291, 292, -1,
      290, 292, 293, -1,
      293, 292, 294, -1,
      293, 294, 295, -1,
      295, 294, 296, -1,
      295, 296, 297, -1,
      297, 296, 298, -1,
      297, 298, 299, -1,
      300, 299, 301, -1,
      301, 299, 298, -1,
      300, 301, 302, -1,
      302, 301, 303, -1,
      302, 303, 304, -1,
      304, 303, 305, -1,
      304, 305, 306, -1,
      306, 305, 307, -1,
      306, 307, 308, -1,
      308, 307, 309, -1,
      14, 308, 13, -1,
      13, 308, 309, -1,
      310, 15, 311, -1,
      311, 15, 12, -1,
      310, 311, 312, -1,
      310, 312, 313, -1,
      313, 312, 314, -1,
      313, 314, 315, -1,
      315, 314, 316, -1,
      315, 316, 317, -1,
      317, 316, 318, -1,
      317, 318, 319, -1,
      320, 319, 321, -1,
      321, 319, 318, -1,
      320, 321, 322, -1,
      322, 321, 323, -1,
      322, 323, 324, -1,
      324, 323, 325, -1,
      324, 325, 326, -1,
      326, 325, 327, -1,
      326, 327, 285, -1,
      285, 327, 287, -1,
      14, 15, 308, -1,
      308, 15, 310, -1,
      308, 310, 306, -1,
      306, 310, 313, -1,
      306, 313, 304, -1,
      304, 313, 315, -1,
      304, 315, 302, -1,
      302, 315, 317, -1,
      302, 317, 300, -1,
      300, 317, 319, -1,
      300, 319, 299, -1,
      299, 319, 320, -1,
      299, 320, 297, -1,
      297, 320, 322, -1,
      297, 322, 295, -1,
      295, 322, 324, -1,
      295, 324, 293, -1,
      293, 324, 326, -1,
      293, 326, 290, -1,
      290, 326, 285, -1,
      290, 285, 288, -1,
      288, 285, 284, -1,
      12, 13, 311, -1,
      311, 13, 309, -1,
      311, 309, 312, -1,
      312, 309, 307, -1,
      312, 307, 314, -1,
      314, 307, 305, -1,
      314, 305, 316, -1,
      316, 305, 303, -1,
      316, 303, 318, -1,
      318, 303, 301, -1,
      318, 301, 321, -1,
      321, 301, 298, -1,
      321, 298, 323, -1,
      323, 298, 296, -1,
      323, 296, 325, -1,
      325, 296, 294, -1,
      325, 294, 327, -1,
      327, 294, 292, -1,
      327, 292, 287, -1,
      287, 292, 291, -1,
      287, 291, 286, -1,
      286, 291, 289, -1,
      328, 329, 330, -1,
      330, 329, 331, -1,
      332, 328, 333, -1,
      333, 328, 330, -1,
      334, 332, 335, -1,
      335, 332, 333, -1,
      334, 335, 336, -1,
      334, 336, 337, -1,
      337, 336, 338, -1,
      337, 338, 339, -1,
      339, 338, 340, -1,
      339, 340, 341, -1,
      341, 340, 342, -1,
      341, 342, 343, -1,
      344, 343, 345, -1,
      345, 343, 342, -1,
      344, 345, 346, -1,
      346, 345, 347, -1,
      346, 347, 348, -1,
      348, 347, 349, -1,
      348, 349, 350, -1,
      350, 349, 351, -1,
      350, 351, 352, -1,
      352, 351, 353, -1,
      10, 352, 9, -1,
      9, 352, 353, -1,
      354, 11, 355, -1,
      355, 11, 8, -1,
      354, 355, 356, -1,
      354, 356, 357, -1,
      357, 356, 358, -1,
      357, 358, 359, -1,
      359, 358, 360, -1,
      359, 360, 361, -1,
      361, 360, 362, -1,
      361, 362, 363, -1,
      364, 363, 365, -1,
      365, 363, 362, -1,
      364, 365, 366, -1,
      366, 365, 367, -1,
      366, 367, 368, -1,
      368, 367, 369, -1,
      368, 369, 370, -1,
      370, 369, 371, -1,
      370, 371, 329, -1,
      329, 371, 331, -1,
      10, 11, 352, -1,
      352, 11, 354, -1,
      352, 354, 350, -1,
      350, 354, 357, -1,
      350, 357, 348, -1,
      348, 357, 359, -1,
      348, 359, 346, -1,
      346, 359, 361, -1,
      346, 361, 344, -1,
      344, 361, 363, -1,
      344, 363, 343, -1,
      343, 363, 364, -1,
      343, 364, 341, -1,
      341, 364, 366, -1,
      341, 366, 339, -1,
      339, 366, 368, -1,
      339, 368, 337, -1,
      337, 368, 370, -1,
      337, 370, 334, -1,
      334, 370, 329, -1,
      334, 329, 332, -1,
      332, 329, 328, -1,
      333, 330, 335, -1,
      335, 330, 331, -1,
      335, 331, 336, -1,
      336, 331, 371, -1,
      336, 371, 338, -1,
      338, 371, 369, -1,
      338, 369, 340, -1,
      340, 369, 367, -1,
      340, 367, 342, -1,
      342, 367, 365, -1,
      342, 365, 345, -1,
      345, 365, 362, -1,
      345, 362, 347, -1,
      347, 362, 360, -1,
      347, 360, 349, -1,
      349, 360, 358, -1,
      349, 358, 351, -1,
      351, 358, 356, -1,
      351, 356, 353, -1,
      353, 356, 355, -1,
      353, 355, 9, -1,
      9, 355, 8, -1,
      372, 373, 374, -1,
      374, 373, 375, -1,
      376, 372, 377, -1,
      377, 372, 374, -1,
      378, 376, 379, -1,
      379, 376, 377, -1,
      378, 379, 380, -1,
      378, 380, 381, -1,
      381, 380, 382, -1,
      381, 382, 383, -1,
      383, 382, 384, -1,
      383, 384, 385, -1,
      385, 384, 386, -1,
      385, 386, 387, -1,
      388, 387, 389, -1,
      389, 387, 386, -1,
      388, 389, 390, -1,
      390, 389, 391, -1,
      390, 391, 392, -1,
      392, 391, 393, -1,
      392, 393, 394, -1,
      394, 393, 395, -1,
      394, 395, 396, -1,
      396, 395, 397, -1,
      6, 396, 5, -1,
      5, 396, 397, -1,
      398, 7, 399, -1,
      399, 7, 4, -1,
      398, 399, 400, -1,
      398, 400, 401, -1,
      401, 400, 402, -1,
      401, 402, 403, -1,
      403, 402, 404, -1,
      403, 404, 405, -1,
      405, 404, 406, -1,
      405, 406, 407, -1,
      408, 407, 409, -1,
      409, 407, 406, -1,
      408, 409, 410, -1,
      410, 409, 411, -1,
      410, 411, 412, -1,
      412, 411, 413, -1,
      412, 413, 414, -1,
      414, 413, 415, -1,
      414, 415, 373, -1,
      373, 415, 375, -1,
      6, 7, 396, -1,
      396, 7, 398, -1,
      396, 398, 394, -1,
      394, 398, 401, -1,
      394, 401, 392, -1,
      392, 401, 403, -1,
      392, 403, 390, -1,
      390, 403, 405, -1,
      390, 405, 388, -1,
      388, 405, 407, -1,
      388, 407, 387, -1,
      387, 407, 408, -1,
      387, 408, 385, -1,
      385, 408, 410, -1,
      385, 410, 383, -1,
      383, 410, 412, -1,
      383, 412, 381, -1,
      381, 412, 414, -1,
      381, 414, 378, -1,
      378, 414, 373, -1,
      378, 373, 376, -1,
      376, 373, 372, -1,
      4, 5, 399, -1,
      399, 5, 397, -1,
      399, 397, 400, -1,
      400, 397, 395, -1,
      400, 395, 402, -1,
      402, 395, 393, -1,
      402, 393, 404, -1,
      404, 393, 391, -1,
      404, 391, 406, -1,
      406, 391, 389, -1,
      406, 389, 409, -1,
      409, 389, 386, -1,
      409, 386, 411, -1,
      411, 386, 384, -1,
      411, 384, 413, -1,
      413, 384, 382, -1,
      413, 382, 415, -1,
      415, 382, 380, -1,
      415, 380, 375, -1,
      375, 380, 379, -1,
      375, 379, 374, -1,
      374, 379, 377, -1,
      416, 417, 61, -1,
      61, 417, 60, -1,
      63, 418, 62, -1,
      62, 418, 419, -1,
      63, 60, 418, -1,
      418, 60, 417, -1,
      418, 417, 420, -1,
      417, 421, 420, -1,
      420, 421, 422, -1,
      420, 422, 423, -1,
      423, 422, 424, -1,
      423, 424, 425, -1,
      425, 424, 426, -1,
      427, 428, 429, -1,
      429, 428, 430, -1,
      429, 430, 431, -1,
      431, 430, 432, -1,
      431, 432, 433, -1,
      433, 432, 434, -1,
      433, 434, 435, -1,
      435, 434, 436, -1,
      435, 436, 426, -1,
      426, 436, 437, -1,
      426, 437, 425, -1,
      61, 62, 416, -1,
      416, 62, 419, -1,
      416, 419, 438, -1,
      438, 419, 439, -1,
      438, 439, 440, -1,
      440, 439, 441, -1,
      442, 443, 444, -1,
      444, 443, 445, -1,
      444, 445, 446, -1,
      446, 445, 447, -1,
      446, 447, 448, -1,
      448, 447, 449, -1,
      448, 449, 450, -1,
      450, 449, 451, -1,
      450, 451, 452, -1,
      452, 451, 453, -1,
      452, 453, 454, -1,
      454, 453, 441, -1,
      454, 441, 455, -1,
      455, 441, 439, -1,
      421, 417, 438, -1,
      438, 417, 416, -1,
      421, 438, 422, -1,
      422, 438, 440, -1,
      422, 440, 424, -1,
      424, 440, 441, -1,
      424, 441, 426, -1,
      426, 441, 453, -1,
      426, 453, 435, -1,
      435, 453, 451, -1,
      435, 451, 433, -1,
      433, 451, 449, -1,
      433, 449, 431, -1,
      431, 449, 447, -1,
      431, 447, 429, -1,
      429, 447, 445, -1,
      429, 445, 427, -1,
      427, 445, 443, -1,
      428, 427, 442, -1,
      442, 427, 443, -1,
      428, 442, 444, -1,
      428, 444, 430, -1,
      430, 444, 446, -1,
      430, 446, 432, -1,
      432, 446, 448, -1,
      432, 448, 434, -1,
      434, 448, 450, -1,
      434, 450, 436, -1,
      436, 450, 452, -1,
      436, 452, 437, -1,
      437, 452, 454, -1,
      437, 454, 425, -1,
      425, 454, 455, -1,
      425, 455, 423, -1,
      423, 455, 439, -1,
      423, 439, 420, -1,
      418, 420, 419, -1,
      419, 420, 439, -1,
      456, 457, 33, -1,
      33, 457, 32, -1,
      35, 458, 34, -1,
      34, 458, 459, -1,
      35, 32, 458, -1,
      458, 32, 457, -1,
      458, 457, 460, -1,
      457, 461, 460, -1,
      460, 461, 462, -1,
      460, 462, 463, -1,
      463, 462, 464, -1,
      463, 464, 465, -1,
      465, 464, 466, -1,
      467, 468, 469, -1,
      469, 468, 470, -1,
      469, 470, 471, -1,
      471, 470, 472, -1,
      471, 472, 473, -1,
      473, 472, 474, -1,
      473, 474, 475, -1,
      475, 474, 476, -1,
      475, 476, 466, -1,
      466, 476, 477, -1,
      466, 477, 465, -1,
      33, 34, 456, -1,
      456, 34, 459, -1,
      456, 459, 478, -1,
      478, 459, 479, -1,
      478, 479, 480, -1,
      480, 479, 481, -1,
      482, 483, 484, -1,
      484, 483, 485, -1,
      484, 485, 486, -1,
      486, 485, 487, -1,
      486, 487, 488, -1,
      488, 487, 489, -1,
      488, 489, 490, -1,
      490, 489, 491, -1,
      490, 491, 492, -1,
      492, 491, 493, -1,
      492, 493, 494, -1,
      494, 493, 481, -1,
      494, 481, 495, -1,
      495, 481, 479, -1,
      461, 457, 478, -1,
      478, 457, 456, -1,
      461, 478, 462, -1,
      462, 478, 480, -1,
      462, 480, 464, -1,
      464, 480, 481, -1,
      464, 481, 466, -1,
      466, 481, 493, -1,
      466, 493, 475, -1,
      475, 493, 491, -1,
      475, 491, 473, -1,
      473, 491, 489, -1,
      473, 489, 471, -1,
      471, 489, 487, -1,
      471, 487, 469, -1,
      469, 487, 485, -1,
      469, 485, 467, -1,
      467, 485, 483, -1,
      468, 467, 482, -1,
      482, 467, 483, -1,
      468, 482, 484, -1,
      468, 484, 470, -1,
      470, 484, 486, -1,
      470, 486, 472, -1,
      472, 486, 488, -1,
      472, 488, 474, -1,
      474, 488, 490, -1,
      474, 490, 476, -1,
      476, 490, 492, -1,
      476, 492, 477, -1,
      477, 492, 494, -1,
      477, 494, 465, -1,
      465, 494, 495, -1,
      465, 495, 463, -1,
      463, 495, 479, -1,
      463, 479, 460, -1,
      458, 460, 459, -1,
      459, 460, 479, -1,
      496, 497, 39, -1,
      39, 497, 38, -1,
      36, 498, 37, -1,
      37, 498, 499, -1,
      36, 38, 498, -1,
      498, 38, 497, -1,
      498, 497, 500, -1,
      497, 501, 500, -1,
      500, 501, 502, -1,
      500, 502, 503, -1,
      503, 502, 504, -1,
      503, 504, 505, -1,
      505, 504, 506, -1,
      507, 508, 509, -1,
      509, 508, 510, -1,
      509, 510, 511, -1,
      511, 510, 512, -1,
      511, 512, 513, -1,
      513, 512, 514, -1,
      513, 514, 515, -1,
      515, 514, 516, -1,
      515, 516, 506, -1,
      506, 516, 517, -1,
      506, 517, 505, -1,
      39, 37, 496, -1,
      496, 37, 499, -1,
      496, 499, 518, -1,
      518, 499, 519, -1,
      518, 519, 520, -1,
      520, 519, 521, -1,
      522, 523, 524, -1,
      524, 523, 525, -1,
      524, 525, 526, -1,
      526, 525, 527, -1,
      526, 527, 528, -1,
      528, 527, 529, -1,
      528, 529, 530, -1,
      530, 529, 531, -1,
      530, 531, 532, -1,
      532, 531, 533, -1,
      532, 533, 534, -1,
      534, 533, 521, -1,
      534, 521, 535, -1,
      535, 521, 519, -1,
      501, 497, 518, -1,
      518, 497, 496, -1,
      501, 518, 502, -1,
      502, 518, 520, -1,
      502, 520, 504, -1,
      504, 520, 521, -1,
      504, 521, 506, -1,
      506, 521, 533, -1,
      506, 533, 515, -1,
      515, 533, 531, -1,
      515, 531, 513, -1,
      513, 531, 529, -1,
      513, 529, 511, -1,
      511, 529, 527, -1,
      511, 527, 509, -1,
      509, 527, 525, -1,
      509, 525, 507, -1,
      507, 525, 523, -1,
      508, 507, 522, -1,
      522, 507, 523, -1,
      508, 522, 524, -1,
      508, 524, 510, -1,
      510, 524, 526, -1,
      510, 526, 512, -1,
      512, 526, 528, -1,
      512, 528, 514, -1,
      514, 528, 530, -1,
      514, 530, 516, -1,
      516, 530, 532, -1,
      516, 532, 517, -1,
      517, 532, 534, -1,
      517, 534, 505, -1,
      505, 534, 535, -1,
      505, 535, 503, -1,
      503, 535, 519, -1,
      503, 519, 500, -1,
      498, 500, 499, -1,
      499, 500, 519, -1,
      536, 537, 41, -1,
      41, 537, 40, -1,
      43, 538, 42, -1,
      42, 538, 539, -1,
      43, 40, 538, -1,
      538, 40, 537, -1,
      538, 537, 540, -1,
      537, 541, 540, -1,
      540, 541, 542, -1,
      540, 542, 543, -1,
      543, 542, 544, -1,
      543, 544, 545, -1,
      545, 544, 546, -1,
      547, 548, 549, -1,
      549, 548, 550, -1,
      549, 550, 551, -1,
      551, 550, 552, -1,
      551, 552, 553, -1,
      553, 552, 554, -1,
      553, 554, 555, -1,
      555, 554, 556, -1,
      555, 556, 546, -1,
      546, 556, 557, -1,
      546, 557, 545, -1,
      41, 42, 536, -1,
      536, 42, 539, -1,
      536, 539, 558, -1,
      558, 539, 559, -1,
      558, 559, 560, -1,
      560, 559, 561, -1,
      562, 563, 564, -1,
      564, 563, 565, -1,
      564, 565, 566, -1,
      566, 565, 567, -1,
      566, 567, 568, -1,
      568, 567, 569, -1,
      568, 569, 570, -1,
      570, 569, 571, -1,
      570, 571, 572, -1,
      572, 571, 573, -1,
      572, 573, 574, -1,
      574, 573, 561, -1,
      574, 561, 575, -1,
      575, 561, 559, -1,
      541, 537, 558, -1,
      558, 537, 536, -1,
      541, 558, 542, -1,
      542, 558, 560, -1,
      542, 560, 544, -1,
      544, 560, 561, -1,
      544, 561, 546, -1,
      546, 561, 573, -1,
      546, 573, 555, -1,
      555, 573, 571, -1,
      555, 571, 553, -1,
      553, 571, 569, -1,
      553, 569, 551, -1,
      551, 569, 567, -1,
      551, 567, 549, -1,
      549, 567, 565, -1,
      549, 565, 547, -1,
      547, 565, 563, -1,
      548, 547, 562, -1,
      562, 547, 563, -1,
      548, 562, 564, -1,
      548, 564, 550, -1,
      550, 564, 566, -1,
      550, 566, 552, -1,
      552, 566, 568, -1,
      552, 568, 554, -1,
      554, 568, 570, -1,
      554, 570, 556, -1,
      556, 570, 572, -1,
      556, 572, 557, -1,
      557, 572, 574, -1,
      557, 574, 545, -1,
      545, 574, 575, -1,
      545, 575, 543, -1,
      543, 575, 559, -1,
      543, 559, 540, -1,
      538, 540, 539, -1,
      539, 540, 559, -1,
      576, 577, 47, -1,
      47, 577, 46, -1,
      44, 578, 45, -1,
      45, 578, 579, -1,
      44, 46, 578, -1,
      578, 46, 577, -1,
      578, 577, 580, -1,
      577, 581, 580, -1,
      580, 581, 582, -1,
      580, 582, 583, -1,
      583, 582, 584, -1,
      583, 584, 585, -1,
      585, 584, 586, -1,
      587, 588, 589, -1,
      589, 588, 590, -1,
      589, 590, 591, -1,
      591, 590, 592, -1,
      591, 592, 593, -1,
      593, 592, 594, -1,
      593, 594, 595, -1,
      595, 594, 596, -1,
      595, 596, 586, -1,
      586, 596, 597, -1,
      586, 597, 585, -1,
      47, 45, 576, -1,
      576, 45, 579, -1,
      576, 579, 598, -1,
      598, 579, 599, -1,
      598, 599, 600, -1,
      600, 599, 601, -1,
      602, 603, 604, -1,
      604, 603, 605, -1,
      604, 605, 606, -1,
      606, 605, 607, -1,
      606, 607, 608, -1,
      608, 607, 609, -1,
      608, 609, 610, -1,
      610, 609, 611, -1,
      610, 611, 612, -1,
      612, 611, 613, -1,
      612, 613, 614, -1,
      614, 613, 601, -1,
      614, 601, 615, -1,
      615, 601, 599, -1,
      581, 577, 598, -1,
      598, 577, 576, -1,
      581, 598, 582, -1,
      582, 598, 600, -1,
      582, 600, 584, -1,
      584, 600, 601, -1,
      584, 601, 586, -1,
      586, 601, 613, -1,
      586, 613, 595, -1,
      595, 613, 611, -1,
      595, 611, 593, -1,
      593, 611, 609, -1,
      593, 609, 591, -1,
      591, 609, 607, -1,
      591, 607, 589, -1,
      589, 607, 605, -1,
      589, 605, 587, -1,
      587, 605, 603, -1,
      588, 587, 602, -1,
      602, 587, 603, -1,
      588, 602, 604, -1,
      588, 604, 590, -1,
      590, 604, 606, -1,
      590, 606, 592, -1,
      592, 606, 608, -1,
      592, 608, 594, -1,
      594, 608, 610, -1,
      594, 610, 596, -1,
      596, 610, 612, -1,
      596, 612, 597, -1,
      597, 612, 614, -1,
      597, 614, 585, -1,
      585, 614, 615, -1,
      585, 615, 583, -1,
      583, 615, 599, -1,
      583, 599, 580, -1,
      578, 580, 579, -1,
      579, 580, 599, -1,
      616, 617, 49, -1,
      49, 617, 48, -1,
      51, 618, 50, -1,
      50, 618, 619, -1,
      51, 48, 618, -1,
      618, 48, 617, -1,
      618, 617, 620, -1,
      617, 621, 620, -1,
      620, 621, 622, -1,
      620, 622, 623, -1,
      623, 622, 624, -1,
      623, 624, 625, -1,
      625, 624, 626, -1,
      627, 628, 629, -1,
      629, 628, 630, -1,
      629, 630, 631, -1,
      631, 630, 632, -1,
      631, 632, 633, -1,
      633, 632, 634, -1,
      633, 634, 635, -1,
      635, 634, 636, -1,
      635, 636, 626, -1,
      626, 636, 637, -1,
      626, 637, 625, -1,
      49, 50, 616, -1,
      616, 50, 619, -1,
      616, 619, 638, -1,
      638, 619, 639, -1,
      638, 639, 640, -1,
      640, 639, 641, -1,
      642, 643, 644, -1,
      644, 643, 645, -1,
      644, 645, 646, -1,
      646, 645, 647, -1,
      646, 647, 648, -1,
      648, 647, 649, -1,
      648, 649, 650, -1,
      650, 649, 651, -1,
      650, 651, 652, -1,
      652, 651, 653, -1,
      652, 653, 654, -1,
      654, 653, 641, -1,
      654, 641, 655, -1,
      655, 641, 639, -1,
      621, 617, 638, -1,
      638, 617, 616, -1,
      621, 638, 622, -1,
      622, 638, 640, -1,
      622, 640, 624, -1,
      624, 640, 641, -1,
      624, 641, 626, -1,
      626, 641, 653, -1,
      626, 653, 635, -1,
      635, 653, 651, -1,
      635, 651, 633, -1,
      633, 651, 649, -1,
      633, 649, 631, -1,
      631, 649, 647, -1,
      631, 647, 629, -1,
      629, 647, 645, -1,
      629, 645, 627, -1,
      627, 645, 643, -1,
      628, 627, 642, -1,
      642, 627, 643, -1,
      628, 642, 644, -1,
      628, 644, 630, -1,
      630, 644, 646, -1,
      630, 646, 632, -1,
      632, 646, 648, -1,
      632, 648, 634, -1,
      634, 648, 650, -1,
      634, 650, 636, -1,
      636, 650, 652, -1,
      636, 652, 637, -1,
      637, 652, 654, -1,
      637, 654, 625, -1,
      625, 654, 655, -1,
      625, 655, 623, -1,
      623, 655, 639, -1,
      623, 639, 620, -1,
      618, 620, 619, -1,
      619, 620, 639, -1,
      656, 657, 55, -1,
      55, 657, 54, -1,
      52, 658, 53, -1,
      53, 658, 659, -1,
      52, 54, 658, -1,
      658, 54, 657, -1,
      658, 657, 660, -1,
      657, 661, 660, -1,
      660, 661, 662, -1,
      660, 662, 663, -1,
      663, 662, 664, -1,
      663, 664, 665, -1,
      665, 664, 666, -1,
      667, 668, 669, -1,
      669, 668, 670, -1,
      669, 670, 671, -1,
      671, 670, 672, -1,
      671, 672, 673, -1,
      673, 672, 674, -1,
      673, 674, 675, -1,
      675, 674, 676, -1,
      675, 676, 666, -1,
      666, 676, 677, -1,
      666, 677, 665, -1,
      55, 53, 656, -1,
      656, 53, 659, -1,
      656, 659, 678, -1,
      678, 659, 679, -1,
      678, 679, 680, -1,
      680, 679, 681, -1,
      682, 683, 684, -1,
      684, 683, 685, -1,
      684, 685, 686, -1,
      686, 685, 687, -1,
      686, 687, 688, -1,
      688, 687, 689, -1,
      688, 689, 690, -1,
      690, 689, 691, -1,
      690, 691, 692, -1,
      692, 691, 693, -1,
      692, 693, 694, -1,
      694, 693, 681, -1,
      694, 681, 695, -1,
      695, 681, 679, -1,
      661, 657, 678, -1,
      678, 657, 656, -1,
      661, 678, 662, -1,
      662, 678, 680, -1,
      662, 680, 664, -1,
      664, 680, 681, -1,
      664, 681, 666, -1,
      666, 681, 693, -1,
      666, 693, 675, -1,
      675, 693, 691, -1,
      675, 691, 673, -1,
      673, 691, 689, -1,
      673, 689, 671, -1,
      671, 689, 687, -1,
      671, 687, 669, -1,
      669, 687, 685, -1,
      669, 685, 667, -1,
      667, 685, 683, -1,
      668, 667, 682, -1,
      682, 667, 683, -1,
      668, 682, 684, -1,
      668, 684, 670, -1,
      670, 684, 686, -1,
      670, 686, 672, -1,
      672, 686, 688, -1,
      672, 688, 674, -1,
      674, 688, 690, -1,
      674, 690, 676, -1,
      676, 690, 692, -1,
      676, 692, 677, -1,
      677, 692, 694, -1,
      677, 694, 665, -1,
      665, 694, 695, -1,
      665, 695, 663, -1,
      663, 695, 679, -1,
      663, 679, 660, -1,
      658, 660, 659, -1,
      659, 660, 679, -1,
      696, 697, 57, -1,
      57, 697, 56, -1,
      59, 698, 58, -1,
      58, 698, 699, -1,
      59, 56, 698, -1,
      698, 56, 697, -1,
      698, 697, 700, -1,
      701, 702, 703, -1,
      703, 702, 704, -1,
      703, 704, 705, -1,
      705, 704, 706, -1,
      705, 706, 707, -1,
      707, 706, 708, -1,
      707, 708, 709, -1,
      709, 708, 710, -1,
      709, 710, 711, -1,
      697, 712, 700, -1,
      700, 712, 713, -1,
      700, 713, 714, -1,
      714, 713, 715, -1,
      714, 715, 716, -1,
      716, 715, 711, -1,
      716, 711, 717, -1,
      717, 711, 710, -1,
      718, 719, 720, -1,
      720, 719, 721, -1,
      720, 721, 699, -1,
      699, 721, 696, -1,
      699, 696, 58, -1,
      58, 696, 57, -1,
      722, 723, 724, -1,
      724, 723, 725, -1,
      724, 725, 726, -1,
      726, 725, 727, -1,
      726, 727, 728, -1,
      728, 727, 729, -1,
      728, 729, 730, -1,
      730, 729, 731, -1,
      730, 731, 732, -1,
      732, 731, 733, -1,
      732, 733, 734, -1,
      734, 733, 718, -1,
      734, 718, 735, -1,
      735, 718, 720, -1,
      712, 697, 721, -1,
      721, 697, 696, -1,
      712, 721, 713, -1,
      713, 721, 719, -1,
      713, 719, 715, -1,
      715, 719, 718, -1,
      715, 718, 711, -1,
      711, 718, 733, -1,
      711, 733, 709, -1,
      709, 733, 731, -1,
      709, 731, 707, -1,
      707, 731, 729, -1,
      707, 729, 705, -1,
      705, 729, 727, -1,
      705, 727, 703, -1,
      703, 727, 725, -1,
      703, 725, 701, -1,
      701, 725, 723, -1,
      702, 701, 722, -1,
      722, 701, 723, -1,
      702, 722, 724, -1,
      702, 724, 704, -1,
      704, 724, 726, -1,
      704, 726, 706, -1,
      706, 726, 728, -1,
      706, 728, 708, -1,
      708, 728, 730, -1,
      708, 730, 710, -1,
      710, 730, 732, -1,
      710, 732, 717, -1,
      717, 732, 734, -1,
      717, 734, 716, -1,
      716, 734, 735, -1,
      716, 735, 714, -1,
      714, 735, 720, -1,
      714, 720, 700, -1,
      698, 700, 699, -1,
      699, 700, 720, -1,
    ]
  }
}

Shape {
  appearance Appearance {
    material Material {
      diffuseColor 1.0000 1.0000 1.0000
      specularColor 0.8784 0.8784 0.8784
      ambientIntensity 0.2
      transparency 0.0000
      shininess 0.5
    }
  }
  geometry IndexedFaceSet {
    ccw TRUE
    solid FALSE
    coord DEF co Coordinate {
      point [
        0.337061 -0.977545 0.000000,
        0.375828 -0.981898 0.000000,
        0.251919 -1.273128 0.000000,
        0.244863 -1.312431 0.000000,
        0.244863 -1.269219 0.000000,
        0.439867 -1.319472 0.000000,
        0.571346 -1.332836 0.000000,
        0.401708 -1.332606 0.000000,
        0.376343 -1.335236 0.000000,
        0.772998 -1.332836 0.000000,
        0.772998 -0.939135 0.000000,
        0.720184 -0.939135 0.000000,
        0.405296 -0.992533 0.000000,
        0.432546 -1.010763 0.000000,
        0.456321 -1.037010 0.000000,
        0.484924 -1.140186 0.000000,
        0.480938 -1.182807 0.000000,
        0.470242 -1.216670 0.000000,
        0.382635 -1.290307 0.000000,
        0.345913 -1.294426 0.000000,
        0.411322 -1.279746 0.000000,
        0.435484 -1.263460 0.000000,
        0.453959 -1.243970 0.000000,
        0.293653 -1.288625 0.000000,
        0.289209 -0.983762 0.000000,
        0.244863 -1.002751 0.000000,
        0.244863 -0.949938 0.000000,
        0.472552 -1.067407 0.000000,
        0.483046 -1.109554 0.000000,
        0.471536 -1.299249 0.000000,
        0.501108 -1.268116 0.000000,
        0.571346 -1.289625 0.000000,
        0.522081 -1.230681 0.000000,
        0.720184 -1.289625 0.000000,
        0.516960 -1.042830 0.000000,
        0.493884 -1.006022 0.000000,
        0.458340 -0.971838 0.000000,
        0.420944 -0.950313 0.000000,
        0.377055 -0.937562 0.000000,
        0.533931 -1.189008 0.000000,
        0.537738 -1.143412 0.000000,
        0.532074 -1.087440 0.000000,
        0.337511 -0.934334 0.000000,
        0.290381 -0.937586 0.000000,
        0.342426 -1.337452 0.000000,
        0.326611 -1.335236 0.000000,
        0.286829 -1.329662 0.000000,
        0.353191 -1.337637 0.000000,
        -0.465719 -1.332836 0.000000,
        -0.417252 -1.224931 0.000000,
        -0.394675 -1.260145 0.000000,
        -0.033609 -0.982346 0.000000,
        0.115230 -0.982346 0.000000,
        0.115230 -1.111979 0.000000,
        -0.362270 -1.291173 0.000000,
        -0.321162 -1.315062 0.000000,
        -0.275796 -1.328583 0.000000,
        -0.120031 -0.939135 0.000000,
        -0.024006 -1.111979 0.000000,
        -0.024006 -1.155190 0.000000,
        0.115230 -1.155190 0.000000,
        0.115230 -1.289625 0.000000,
        -0.043211 -1.289625 0.000000,
        -0.043211 -1.332836 0.000000,
        -0.120031 -1.332836 0.000000,
        -0.227083 -1.332836 0.000000,
        -0.033609 -0.939135 0.000000,
        -0.288013 -0.945215 0.000000,
        -0.334077 -0.961390 0.000000,
        -0.614557 -0.939135 0.000000,
        -0.376928 -0.990107 0.000000,
        -0.763395 -1.332836 0.000000,
        -0.821010 -1.332836 0.000000,
        -0.667371 -0.939135 0.000000,
        -0.231134 -0.939135 0.000000,
        -0.377339 -0.990469 0.000000,
        -0.405180 -1.021340 0.000000,
        -0.423476 -1.055199 0.000000,
        -0.723560 -1.222407 0.000000,
        -0.560919 -1.222407 0.000000,
        -0.523334 -1.332836 0.000000,
        -0.434051 -1.093989 0.000000,
        -0.436912 -1.131034 0.000000,
        -0.431387 -1.183722 0.000000,
        0.168043 -1.332836 0.000000,
        0.168043 -0.939135 0.000000,
        -0.667371 -0.939135 0.007874,
        -0.821010 -1.332836 0.007874,
        -0.763395 -1.332836 0.007874,
        -0.723560 -1.222407 0.007874,
        -0.560919 -1.222407 0.007874,
        -0.523334 -1.332836 0.007874,
        -0.465719 -1.332836 0.007874,
        -0.614557 -0.939135 0.007874,
        -0.574197 -1.179196 0.007874,
        -0.705856 -1.179196 0.007874,
        -0.632937 -1.014754 0.007874,
        -0.636726 -1.001100 0.007874,
        -0.639239 -0.987147 0.007874,
        -0.640514 -0.987147 0.007874,
        -0.643083 -1.001058 0.007874,
        -0.646591 -1.014754 0.007874,
        -0.574197 -1.179196 0.000000,
        -0.705856 -1.179196 0.000000,
        -0.632937 -1.014754 0.000000,
        -0.636726 -1.001100 0.000000,
        -0.639239 -0.987147 0.000000,
        -0.640514 -0.987147 0.000000,
        -0.643083 -1.001058 0.000000,
        -0.646591 -1.014754 0.000000,
        -0.227083 -1.332836 0.007874,
        -0.120031 -1.332836 0.007874,
        -0.120031 -0.939135 0.007874,
        -0.231134 -0.939135 0.007874,
        -0.436912 -1.131034 0.007874,
        -0.434051 -1.093989 0.007874,
        -0.423476 -1.055199 0.007874,
        -0.405180 -1.021340 0.007874,
        -0.377339 -0.990469 0.007874,
        -0.376928 -0.990107 0.007874,
        -0.334077 -0.961390 0.007874,
        -0.288013 -0.945215 0.007874,
        -0.275796 -1.328583 0.007874,
        -0.321162 -1.315062 0.007874,
        -0.362270 -1.291173 0.007874,
        -0.394675 -1.260145 0.007874,
        -0.417252 -1.224931 0.007874,
        -0.431387 -1.183722 0.007874,
        -0.357886 -1.037555 0.007874,
        -0.338763 -1.017250 0.007874,
        -0.310005 -0.998672 0.007874,
        -0.277507 -0.987300 0.007874,
        -0.230909 -0.982346 0.007874,
        -0.172844 -0.982346 0.007874,
        -0.172844 -1.289625 0.007874,
        -0.228733 -1.289625 0.007874,
        -0.270269 -1.285759 0.007874,
        -0.303400 -1.275417 0.007874,
        -0.330250 -1.259474 0.007874,
        -0.352331 -1.237663 0.007874,
        -0.368937 -1.210519 0.007874,
        -0.380483 -1.173511 0.007874,
        -0.384098 -1.132159 0.007874,
        -0.380754 -1.092976 0.007874,
        -0.371563 -1.061837 0.007874,
        -0.230909 -0.982346 0.000000,
        -0.172844 -0.982346 0.000000,
        -0.277507 -0.987300 0.000000,
        -0.310005 -0.998672 0.000000,
        -0.338763 -1.017250 0.000000,
        -0.357886 -1.037555 0.000000,
        -0.371563 -1.061837 0.000000,
        -0.380754 -1.092976 0.000000,
        -0.384098 -1.132159 0.000000,
        -0.380483 -1.173511 0.000000,
        -0.368937 -1.210519 0.000000,
        -0.352331 -1.237663 0.000000,
        -0.330250 -1.259474 0.000000,
        -0.303400 -1.275417 0.000000,
        -0.270269 -1.285759 0.000000,
        -0.228733 -1.289625 0.000000,
        -0.172844 -1.289625 0.000000,
        -0.043211 -1.289625 0.007874,
        -0.043211 -1.332836 0.007874,
        0.168043 -1.332836 0.007874,
        0.168043 -0.939135 0.007874,
        -0.033609 -0.939135 0.007874,
        -0.033609 -0.982346 0.007874,
        0.115230 -0.982346 0.007874,
        0.115230 -1.111979 0.007874,
        -0.024006 -1.111979 0.007874,
        -0.024006 -1.155190 0.007874,
        0.115230 -1.155190 0.007874,
        0.115230 -1.289625 0.007874,
        0.244863 -1.269219 0.007874,
        0.244863 -1.312431 0.007874,
        0.286829 -1.329662 0.007874,
        0.353191 -1.337637 0.007874,
        0.342426 -1.337452 0.007874,
        0.537738 -1.143412 0.007874,
        0.533931 -1.189008 0.007874,
        0.522081 -1.230681 0.007874,
        0.501108 -1.268116 0.007874,
        0.471536 -1.299249 0.007874,
        0.439867 -1.319472 0.007874,
        0.401708 -1.332606 0.007874,
        0.337511 -0.934334 0.007874,
        0.377055 -0.937562 0.007874,
        0.420944 -0.950313 0.007874,
        0.458340 -0.971838 0.007874,
        0.493884 -1.006022 0.007874,
        0.516960 -1.042830 0.007874,
        0.532074 -1.087440 0.007874,
        0.244863 -0.949938 0.007874,
        0.290381 -0.937586 0.007874,
        0.244863 -1.002751 0.007874,
        0.337061 -0.977545 0.007874,
        0.289209 -0.983762 0.007874,
        0.484924 -1.140186 0.007874,
        0.483046 -1.109554 0.007874,
        0.472552 -1.067407 0.007874,
        0.456321 -1.037010 0.007874,
        0.432546 -1.010763 0.007874,
        0.405296 -0.992533 0.007874,
        0.375828 -0.981898 0.007874,
        0.345913 -1.294426 0.007874,
        0.382635 -1.290307 0.007874,
        0.411322 -1.279746 0.007874,
        0.435484 -1.263460 0.007874,
        0.453959 -1.243970 0.007874,
        0.470242 -1.216670 0.007874,
        0.480938 -1.182807 0.007874,
        0.251919 -1.273128 0.007874,
        0.293653 -1.288625 0.007874,
        0.571346 -1.289625 0.007874,
        0.571346 -1.332836 0.007874,
        0.772998 -1.332836 0.007874,
        0.772998 -0.939135 0.007874,
        0.720184 -0.939135 0.007874,
        0.720184 -1.289625 0.007874,
      ]
    }
    coordIndex [
      86, 87, 73, -1,
      73, 87, 72, -1,
      87, 88, 72, -1,
      72, 88, 71, -1,
      88, 89, 71, -1,
      71, 89, 78, -1,
      89, 90, 78, -1,
      78, 90, 79, -1,
      90, 91, 79, -1,
      79, 91, 80, -1,
      91, 92, 80, -1,
      80, 92, 48, -1,
      92, 93, 48, -1,
      48, 93, 69, -1,
      93, 86, 69, -1,
      69, 86, 73, -1,
      94, 90, 95, -1,
      95, 90, 89, -1,
      96, 93, 94, -1,
      94, 93, 92, -1,
      94, 92, 90, -1,
      90, 92, 91, -1,
      96, 97, 93, -1,
      93, 97, 98, -1,
      93, 98, 86, -1,
      86, 98, 99, -1,
      86, 99, 100, -1,
      100, 101, 86, -1,
      86, 101, 95, -1,
      86, 95, 87, -1,
      87, 95, 89, -1,
      87, 89, 88, -1,
      94, 95, 102, -1,
      102, 95, 103, -1,
      96, 94, 104, -1,
      104, 94, 102, -1,
      96, 104, 105, -1,
      96, 105, 97, -1,
      97, 105, 106, -1,
      97, 106, 98, -1,
      99, 98, 107, -1,
      107, 98, 106, -1,
      99, 107, 108, -1,
      99, 108, 100, -1,
      100, 108, 109, -1,
      100, 109, 101, -1,
      95, 101, 103, -1,
      103, 101, 109, -1,
      110, 111, 65, -1,
      65, 111, 64, -1,
      111, 112, 64, -1,
      64, 112, 57, -1,
      112, 113, 57, -1,
      57, 113, 74, -1,
      114, 82, 81, -1,
      114, 81, 115, -1,
      115, 81, 77, -1,
      115, 77, 116, -1,
      116, 77, 76, -1,
      116, 76, 117, -1,
      117, 76, 75, -1,
      117, 75, 118, -1,
      118, 75, 70, -1,
      118, 70, 119, -1,
      119, 70, 68, -1,
      119, 68, 120, -1,
      120, 68, 67, -1,
      120, 67, 121, -1,
      121, 67, 74, -1,
      121, 74, 113, -1,
      110, 65, 56, -1,
      110, 56, 122, -1,
      122, 56, 55, -1,
      122, 55, 123, -1,
      123, 55, 54, -1,
      123, 54, 124, -1,
      124, 54, 50, -1,
      124, 50, 125, -1,
      125, 50, 49, -1,
      125, 49, 126, -1,
      126, 49, 83, -1,
      126, 83, 127, -1,
      127, 83, 82, -1,
      127, 82, 114, -1,
      116, 117, 128, -1,
      128, 117, 118, -1,
      128, 118, 129, -1,
      129, 118, 119, -1,
      129, 119, 130, -1,
      130, 119, 120, -1,
      130, 120, 131, -1,
      131, 120, 121, -1,
      131, 121, 132, -1,
      132, 121, 113, -1,
      132, 113, 133, -1,
      133, 113, 112, -1,
      133, 112, 134, -1,
      134, 112, 111, -1,
      134, 111, 135, -1,
      135, 111, 110, -1,
      135, 110, 136, -1,
      136, 110, 122, -1,
      136, 122, 137, -1,
      137, 122, 123, -1,
      137, 123, 138, -1,
      138, 123, 124, -1,
      138, 124, 139, -1,
      139, 124, 125, -1,
      139, 125, 140, -1,
      140, 125, 126, -1,
      140, 126, 141, -1,
      141, 126, 127, -1,
      141, 127, 142, -1,
      142, 127, 114, -1,
      142, 114, 143, -1,
      143, 114, 115, -1,
      143, 115, 144, -1,
      144, 115, 116, -1,
      144, 116, 128, -1,
      132, 133, 145, -1,
      145, 133, 146, -1,
      132, 145, 147, -1,
      132, 147, 131, -1,
      131, 147, 148, -1,
      131, 148, 130, -1,
      130, 148, 149, -1,
      130, 149, 129, -1,
      129, 149, 150, -1,
      129, 150, 128, -1,
      128, 150, 151, -1,
      128, 151, 144, -1,
      144, 151, 152, -1,
      144, 152, 143, -1,
      143, 152, 153, -1,
      143, 153, 142, -1,
      142, 153, 154, -1,
      142, 154, 141, -1,
      141, 154, 155, -1,
      141, 155, 140, -1,
      140, 155, 156, -1,
      140, 156, 139, -1,
      139, 156, 157, -1,
      139, 157, 138, -1,
      138, 157, 158, -1,
      138, 158, 137, -1,
      137, 158, 159, -1,
      137, 159, 136, -1,
      136, 159, 160, -1,
      136, 160, 135, -1,
      134, 135, 161, -1,
      161, 135, 160, -1,
      133, 134, 146, -1,
      146, 134, 161, -1,
      162, 163, 62, -1,
      62, 163, 63, -1,
      163, 164, 63, -1,
      63, 164, 84, -1,
      164, 165, 84, -1,
      84, 165, 85, -1,
      165, 166, 85, -1,
      85, 166, 66, -1,
      166, 167, 66, -1,
      66, 167, 51, -1,
      167, 168, 51, -1,
      51, 168, 52, -1,
      168, 169, 52, -1,
      52, 169, 53, -1,
      169, 170, 53, -1,
      53, 170, 58, -1,
      170, 171, 58, -1,
      58, 171, 59, -1,
      171, 172, 59, -1,
      59, 172, 60, -1,
      172, 173, 60, -1,
      60, 173, 61, -1,
      173, 162, 61, -1,
      61, 162, 62, -1,
      164, 163, 162, -1,
      162, 173, 164, -1,
      164, 173, 172, -1,
      164, 172, 165, -1,
      167, 166, 168, -1,
      168, 166, 165, -1,
      168, 165, 169, -1,
      169, 165, 172, -1,
      169, 172, 170, -1,
      170, 172, 171, -1,
      174, 175, 4, -1,
      4, 175, 3, -1,
      3, 175, 176, -1,
      177, 47, 44, -1,
      177, 44, 178, -1,
      178, 44, 45, -1,
      178, 45, 176, -1,
      176, 45, 46, -1,
      176, 46, 3, -1,
      179, 40, 39, -1,
      179, 39, 180, -1,
      180, 39, 32, -1,
      180, 32, 181, -1,
      181, 32, 30, -1,
      181, 30, 182, -1,
      182, 30, 29, -1,
      182, 29, 183, -1,
      183, 29, 5, -1,
      183, 5, 184, -1,
      184, 5, 7, -1,
      184, 7, 185, -1,
      185, 7, 177, -1,
      177, 7, 8, -1,
      177, 8, 47, -1,
      186, 42, 38, -1,
      186, 38, 187, -1,
      187, 38, 37, -1,
      187, 37, 188, -1,
      188, 37, 36, -1,
      188, 36, 189, -1,
      189, 36, 35, -1,
      189, 35, 190, -1,
      190, 35, 34, -1,
      190, 34, 191, -1,
      191, 34, 41, -1,
      191, 41, 192, -1,
      192, 41, 40, -1,
      192, 40, 179, -1,
      193, 26, 43, -1,
      193, 43, 194, -1,
      194, 43, 42, -1,
      194, 42, 186, -1,
      193, 195, 26, -1,
      26, 195, 25, -1,
      196, 0, 24, -1,
      196, 24, 197, -1,
      197, 24, 25, -1,
      197, 25, 195, -1,
      198, 15, 28, -1,
      198, 28, 199, -1,
      199, 28, 27, -1,
      199, 27, 200, -1,
      200, 27, 14, -1,
      200, 14, 201, -1,
      201, 14, 13, -1,
      201, 13, 202, -1,
      202, 13, 12, -1,
      202, 12, 203, -1,
      203, 12, 1, -1,
      203, 1, 204, -1,
      204, 1, 0, -1,
      204, 0, 196, -1,
      205, 19, 18, -1,
      205, 18, 206, -1,
      206, 18, 20, -1,
      206, 20, 207, -1,
      207, 20, 21, -1,
      207, 21, 208, -1,
      208, 21, 22, -1,
      208, 22, 209, -1,
      209, 22, 17, -1,
      209, 17, 210, -1,
      210, 17, 16, -1,
      210, 16, 211, -1,
      211, 16, 15, -1,
      211, 15, 198, -1,
      174, 4, 2, -1,
      174, 2, 212, -1,
      212, 2, 23, -1,
      212, 23, 213, -1,
      213, 23, 19, -1,
      213, 19, 205, -1,
      206, 177, 205, -1,
      205, 177, 178, -1,
      205, 178, 213, -1,
      213, 178, 176, -1,
      213, 176, 212, -1,
      212, 176, 175, -1,
      212, 175, 174, -1,
      195, 193, 197, -1,
      197, 193, 194, -1,
      197, 194, 196, -1,
      196, 194, 186, -1,
      196, 186, 204, -1,
      204, 186, 187, -1,
      204, 187, 203, -1,
      203, 187, 188, -1,
      203, 188, 202, -1,
      202, 188, 189, -1,
      202, 189, 201, -1,
      201, 189, 190, -1,
      201, 190, 200, -1,
      200, 190, 191, -1,
      200, 191, 199, -1,
      199, 191, 192, -1,
      199, 192, 198, -1,
      198, 192, 179, -1,
      198, 179, 211, -1,
      211, 179, 180, -1,
      211, 180, 210, -1,
      210, 180, 181, -1,
      210, 181, 209, -1,
      209, 181, 182, -1,
      209, 182, 208, -1,
      208, 182, 183, -1,
      208, 183, 207, -1,
      207, 183, 184, -1,
      207, 184, 206, -1,
      206, 184, 185, -1,
      206, 185, 177, -1,
      214, 215, 31, -1,
      31, 215, 6, -1,
      215, 216, 6, -1,
      6, 216, 9, -1,
      216, 217, 9, -1,
      9, 217, 10, -1,
      217, 218, 10, -1,
      10, 218, 11, -1,
      218, 219, 11, -1,
      11, 219, 33, -1,
      219, 214, 33, -1,
      33, 214, 31, -1,
      218, 217, 219, -1,
      219, 217, 216, -1,
      219, 216, 214, -1,
      214, 216, 215, -1,
    ]
  }
}

Shape {
  appearance Appearance {
    material Material {
      diffuseColor 0.2078 0.2078 0.2078
      specularColor 0.0157 0.0157 0.0157
      ambientIntensity 0.2
      transparency 0.0000
      shininess 0.5
    }
  }
  geometry IndexedFaceSet {
    ccw TRUE
    solid FALSE
    coord DEF co Coordinate {
      point [
        -0.574197 -1.179196 0.000000,
        -0.705856 -1.179196 0.000000,
        -0.632937 -1.014754 0.000000,
        -0.636726 -1.001100 0.000000,
        -0.639239 -0.987147 0.000000,
        -0.640514 -0.987147 0.000000,
        -0.643083 -1.001058 0.000000,
        -0.646591 -1.014754 0.000000,
        -0.230909 -0.982346 0.000000,
        -0.172844 -0.982346 0.000000,
        -0.277507 -0.987300 0.000000,
        -0.310005 -0.998672 0.000000,
        -0.338763 -1.017250 0.000000,
        -0.357886 -1.037555 0.000000,
        -0.371563 -1.061837 0.000000,
        -0.380754 -1.092976 0.000000,
        -0.384098 -1.132159 0.000000,
        -0.380483 -1.173511 0.000000,
        -0.368937 -1.210519 0.000000,
        -0.352331 -1.237663 0.000000,
        -0.330250 -1.259474 0.000000,
        -0.303400 -1.275417 0.000000,
        -0.270269 -1.285759 0.000000,
        -0.228733 -1.289625 0.000000,
        -0.172844 -1.289625 0.000000,
      ]
    }
    coordIndex [
      0, 1, 2, -1,
      2, 1, 7, -1,
      2, 7, 3, -1,
      3, 7, 6, -1,
      3, 6, 4, -1,
      4, 6, 5, -1,
      9, 24, 8, -1,
      8, 24, 23, -1,
      8, 23, 22, -1,
      16, 15, 8, -1,
      8, 15, 14, -1,
      8, 14, 10, -1,
      22, 21, 8, -1,
      8, 21, 20, -1,
      8, 20, 19, -1,
      19, 18, 8, -1,
      8, 18, 17, -1,
      8, 17, 16, -1,
      13, 12, 14, -1,
      14, 12, 11, -1,
      14, 11, 10, -1,
    ]
  }
}
