#VRML V2.0 utf8

Shape {
  appearance Appearance {
    material Material {
      diffuseColor 0.1176 0.1176 0.1765
      specularColor 0.0588 0.0588 0.0863
      ambientIntensity 0.2
      transparency 0.0000
      shininess 0.5
    }
  }
  geometry IndexedFaceSet {
    ccw TRUE
    solid FALSE
    coord DEF co Coordinate {
      point [
        0.580709 -0.610236 0.574803,
        0.610236 -0.610236 0.574803,
        0.610236 -0.455569 0.574803,
        -0.283006 0.168426 0.574803,
        -0.281504 0.165934 0.574803,
        -0.281504 0.168790 0.574803,
        -0.041248 -0.245198 0.574803,
        -0.040948 -0.245252 0.574803,
        -0.040948 -0.234989 0.574803,
        -0.037624 -0.247993 0.574803,
        -0.038216 -0.248276 0.574803,
        -0.038216 -0.254494 0.574803,
        -0.199811 -0.048549 0.574803,
        -0.043939 -0.048549 0.574803,
        -0.043939 -0.033970 0.574803,
        -0.215236 0.142106 0.574803,
        -0.214614 0.142106 0.574803,
        -0.215255 0.142348 0.574803,
        -0.228006 0.143731 0.574803,
        -0.229978 0.145703 0.574803,
        -0.229978 0.142106 0.574803,
        0.073266 0.036794 0.574803,
        0.069176 0.037653 0.574803,
        0.078089 -0.015595 0.574803,
        -0.297120 -0.026449 0.574803,
        -0.294461 -0.022331 0.574803,
        -0.446664 -0.029699 0.574803,
        -0.391987 -0.021794 0.574803,
        -0.392967 -0.021618 0.574803,
        -0.448367 -0.022331 0.574803,
        -0.393847 -0.019353 0.574803,
        -0.386171 -0.005762 0.574803,
        -0.385626 -0.010293 0.574803,
        -0.381935 -0.012264 0.574803,
        -0.427236 -0.000939 0.574803,
        -0.451313 0.008122 0.574803,
        -0.450339 -0.004212 0.574803,
        -0.391533 -0.021757 0.574803,
        -0.395231 -0.015661 0.574803,
        -0.411112 -0.008033 0.574803,
        -0.418811 -0.004537 0.574803,
        -0.384663 0.000544 0.574803,
        -0.369859 0.011261 0.574803,
        -0.382318 0.003507 0.574803,
        -0.377689 0.007352 0.574803,
        -0.378571 -0.014806 0.574803,
        -0.378662 -0.014970 0.574803,
        -0.378822 -0.015140 0.574803,
        -0.449341 -0.016542 0.574803,
        -0.385794 -0.001674 0.574803,
        -0.386232 -0.003369 0.574803,
        -0.386225 -0.005208 0.574803,
        -0.293158 -0.004392 0.574803,
        -0.295168 0.000291 0.574803,
        -0.378536 -0.014579 0.574803,
        -0.353915 0.015169 0.574803,
        -0.378678 -0.014348 0.574803,
        -0.351672 0.015446 0.574803,
        -0.378597 -0.014438 0.574803,
        -0.298484 0.004672 0.574803,
        -0.302573 0.007963 0.574803,
        -0.378554 -0.014513 0.574803,
        -0.310370 0.011567 0.574803,
        -0.327804 0.015238 0.574803,
        -0.379422 -0.015531 0.574803,
        -0.380432 -0.016068 0.574803,
        -0.381389 -0.016542 0.574803,
        -0.378533 -0.014652 0.574803,
        -0.294283 -0.022057 0.574803,
        -0.292638 -0.017127 0.574803,
        -0.292171 -0.010586 0.574803,
        -0.390156 -0.021072 0.574803,
        -0.391059 -0.021598 0.574803,
        -0.378556 -0.014762 0.574803,
        -0.447915 -0.025015 0.574803,
        -0.281504 -0.048549 0.574803,
        -0.306454 -0.040519 0.574803,
        -0.322769 -0.043009 0.574803,
        -0.316826 -0.037120 0.574803,
        -0.307460 -0.034068 0.574803,
        -0.445468 -0.033970 0.574803,
        -0.307294 -0.033970 0.574803,
        -0.301369 -0.030474 0.574803,
        -0.325602 -0.043136 0.574803,
        -0.336633 -0.043429 0.574803,
        -0.464758 -0.048549 0.574803,
        -0.336633 -0.040325 0.574803,
        -0.445356 -0.034369 0.574803,
        -0.444224 -0.037180 0.574803,
        -0.454710 -0.044268 0.574803,
        -0.456646 -0.045441 0.574803,
        -0.457004 -0.045599 0.574803,
        -0.457409 -0.045731 0.574803,
        -0.457586 -0.045738 0.574803,
        -0.457739 -0.045709 0.574803,
        -0.457876 -0.045650 0.574803,
        -0.457973 -0.045577 0.574803,
        -0.458033 -0.045502 0.574803,
        -0.458076 -0.045412 0.574803,
        -0.458107 -0.045267 0.574803,
        -0.458100 -0.045027 0.574803,
        -0.464758 -0.033970 0.574803,
        -0.457952 -0.044477 0.574803,
        -0.457528 -0.043654 0.574803,
        -0.456948 -0.042463 0.574803,
        -0.456750 -0.041104 0.574803,
        -0.456975 -0.038060 0.574803,
        -0.285635 -0.026842 0.574803,
        -0.289967 -0.031651 0.574803,
        -0.281504 -0.033970 0.574803,
        -0.293274 -0.033970 0.574803,
        -0.297663 -0.037049 0.574803,
        -0.283396 -0.022593 0.574803,
        -0.281504 -0.022331 0.574803,
        -0.283329 -0.022331 0.574803,
        -0.300377 0.016480 0.574803,
        -0.292718 0.012028 0.574803,
        -0.281504 0.040567 0.574803,
        -0.287492 0.007060 0.574803,
        -0.284477 0.002839 0.574803,
        -0.452868 0.021853 0.574803,
        -0.464758 0.040567 0.574803,
        -0.453209 0.021796 0.574803,
        -0.453649 0.021632 0.574803,
        -0.466329 0.011771 0.574803,
        -0.464758 0.013030 0.574803,
        -0.464198 0.013479 0.574803,
        -0.446783 0.015462 0.574803,
        -0.428674 0.008139 0.574803,
        -0.394684 0.000669 0.574803,
        -0.410835 0.000194 0.574803,
        -0.395106 -0.002600 0.574803,
        -0.394686 -0.008321 0.574803,
        -0.452574 0.021830 0.574803,
        -0.452303 0.021738 0.574803,
        -0.363970 0.021715 0.574803,
        -0.451822 0.021446 0.574803,
        -0.380323 0.015714 0.574803,
        -0.387550 0.011066 0.574803,
        -0.340545 0.023941 0.574803,
        -0.338605 0.023977 0.574803,
        -0.316188 0.021610 0.574803,
        -0.282734 -0.001707 0.574803,
        -0.281727 -0.009999 0.574803,
        -0.282044 -0.017253 0.574803,
        -0.462051 0.015169 0.574803,
        -0.455256 0.020580 0.574803,
        -0.449341 0.018566 0.574803,
        -0.393213 0.004426 0.574803,
        -0.450768 0.020409 0.574803,
        -0.390884 0.007818 0.574803,
        -0.610236 0.040567 0.574803,
        -0.610236 -0.022331 0.574803,
        -0.461506 0.006696 0.574803,
        -0.464064 0.009506 0.574803,
        -0.464758 -0.022331 0.574803,
        -0.464758 0.010200 0.574803,
        -0.457108 -0.033970 0.574803,
        -0.457269 -0.029000 0.574803,
        -0.458060 -0.022331 0.574803,
        -0.386171 -0.107774 0.574803,
        -0.385626 -0.112304 0.574803,
        -0.381935 -0.114275 0.574803,
        -0.391533 -0.123769 0.574803,
        -0.391987 -0.123805 0.574803,
        -0.305294 -0.134802 0.574803,
        -0.445798 -0.134802 0.574803,
        -0.307460 -0.136080 0.574803,
        -0.392967 -0.123629 0.574803,
        -0.393847 -0.121364 0.574803,
        -0.446664 -0.131711 0.574803,
        -0.395231 -0.117673 0.574803,
        -0.384663 -0.101468 0.574803,
        -0.369859 -0.090750 0.574803,
        -0.382318 -0.098504 0.574803,
        -0.377689 -0.094659 0.574803,
        -0.385794 -0.103686 0.574803,
        -0.386232 -0.105381 0.574803,
        -0.386225 -0.107220 0.574803,
        -0.293158 -0.106404 0.574803,
        -0.295168 -0.101721 0.574803,
        -0.378536 -0.116590 0.574803,
        -0.449341 -0.118554 0.574803,
        -0.418811 -0.106549 0.574803,
        -0.450339 -0.106223 0.574803,
        -0.427236 -0.102950 0.574803,
        -0.451313 -0.093890 0.574803,
        -0.411112 -0.110045 0.574803,
        -0.447915 -0.127027 0.574803,
        -0.353915 -0.086843 0.574803,
        -0.378678 -0.116360 0.574803,
        -0.351672 -0.086565 0.574803,
        -0.378597 -0.116449 0.574803,
        -0.298484 -0.097339 0.574803,
        -0.302573 -0.094049 0.574803,
        -0.378554 -0.116525 0.574803,
        -0.310370 -0.090444 0.574803,
        -0.327804 -0.086773 0.574803,
        -0.378556 -0.116774 0.574803,
        -0.378571 -0.116817 0.574803,
        -0.378662 -0.116981 0.574803,
        -0.378822 -0.117152 0.574803,
        -0.379422 -0.117543 0.574803,
        -0.380432 -0.118080 0.574803,
        -0.381389 -0.118554 0.574803,
        -0.297120 -0.128460 0.574803,
        -0.294283 -0.124068 0.574803,
        -0.378533 -0.116663 0.574803,
        -0.292638 -0.119139 0.574803,
        -0.292171 -0.112598 0.574803,
        -0.390156 -0.123084 0.574803,
        -0.391059 -0.123609 0.574803,
        -0.301369 -0.132486 0.574803,
        -0.444224 -0.139191 0.574803,
        -0.336633 -0.145441 0.574803,
        -0.445356 -0.136381 0.574803,
        -0.336633 -0.142337 0.574803,
        -0.316826 -0.139132 0.574803,
        -0.306454 -0.142530 0.574803,
        -0.322769 -0.145021 0.574803,
        -0.281504 -0.148916 0.574803,
        -0.325602 -0.145147 0.574803,
        -0.454710 -0.146280 0.574803,
        -0.456646 -0.147452 0.574803,
        -0.457004 -0.147611 0.574803,
        -0.457409 -0.147743 0.574803,
        -0.457586 -0.147750 0.574803,
        -0.464758 -0.148916 0.574803,
        -0.457739 -0.147720 0.574803,
        -0.457876 -0.147661 0.574803,
        -0.457973 -0.147589 0.574803,
        -0.458033 -0.147514 0.574803,
        -0.458076 -0.147424 0.574803,
        -0.458107 -0.147279 0.574803,
        -0.458100 -0.147039 0.574803,
        -0.464758 -0.134802 0.574803,
        -0.457952 -0.146489 0.574803,
        -0.457528 -0.145665 0.574803,
        -0.456948 -0.144475 0.574803,
        -0.456750 -0.143115 0.574803,
        -0.456975 -0.140072 0.574803,
        -0.283396 -0.124605 0.574803,
        -0.285635 -0.128854 0.574803,
        -0.281504 -0.134802 0.574803,
        -0.284477 -0.099172 0.574803,
        -0.287492 -0.094952 0.574803,
        -0.292718 -0.089984 0.574803,
        -0.289967 -0.133663 0.574803,
        -0.291592 -0.134802 0.574803,
        -0.297663 -0.139061 0.574803,
        -0.453649 -0.080379 0.574803,
        -0.453209 -0.080215 0.574803,
        -0.452868 -0.080158 0.574803,
        -0.452574 -0.080181 0.574803,
        -0.338605 -0.078034 0.574803,
        -0.316188 -0.080402 0.574803,
        -0.300377 -0.085531 0.574803,
        -0.464758 -0.088981 0.574803,
        -0.464198 -0.088532 0.574803,
        -0.446783 -0.086549 0.574803,
        -0.428674 -0.093872 0.574803,
        -0.394684 -0.101343 0.574803,
        -0.410835 -0.101817 0.574803,
        -0.395106 -0.104611 0.574803,
        -0.394686 -0.110332 0.574803,
        -0.387550 -0.090946 0.574803,
        -0.380323 -0.086298 0.574803,
        -0.451822 -0.080566 0.574803,
        -0.363970 -0.080297 0.574803,
        -0.452303 -0.080273 0.574803,
        -0.462051 -0.086843 0.574803,
        -0.455256 -0.081432 0.574803,
        -0.449341 -0.083445 0.574803,
        -0.393213 -0.097586 0.574803,
        -0.450768 -0.081602 0.574803,
        -0.390884 -0.094194 0.574803,
        -0.340545 -0.078071 0.574803,
        -0.282734 -0.103719 0.574803,
        -0.281727 -0.112010 0.574803,
        -0.282044 -0.119264 0.574803,
        -0.466329 -0.090241 0.574803,
        -0.610236 -0.048549 0.574803,
        -0.610236 -0.134802 0.574803,
        -0.464064 -0.092506 0.574803,
        -0.464758 -0.091811 0.574803,
        -0.461506 -0.095316 0.574803,
        -0.457269 -0.131011 0.574803,
        -0.457146 -0.134802 0.574803,
        -0.281504 -0.234989 0.574803,
        -0.281504 -0.221116 0.574803,
        -0.298421 -0.228744 0.574803,
        -0.310585 -0.225347 0.574803,
        -0.355971 -0.217941 0.574803,
        -0.446693 -0.234989 0.574803,
        -0.300522 -0.228113 0.574803,
        -0.302657 -0.227612 0.574803,
        -0.430927 -0.193385 0.574803,
        -0.447328 -0.186589 0.574803,
        -0.447454 -0.203012 0.574803,
        -0.387426 -0.209709 0.574803,
        -0.405718 -0.203577 0.574803,
        -0.446783 -0.233023 0.574803,
        -0.447328 -0.219433 0.574803,
        -0.278329 -0.219684 0.574803,
        -0.279461 -0.220195 0.574803,
        -0.279459 -0.234989 0.574803,
        -0.255999 -0.234989 0.574803,
        -0.255999 -0.161098 0.574803,
        -0.279462 -0.217713 0.574803,
        -0.281504 -0.161098 0.574803,
        -0.281504 -0.217713 0.574803,
        -0.464758 -0.161098 0.574803,
        -0.464758 -0.181381 0.574803,
        -0.451313 -0.172118 0.574803,
        -0.327109 -0.215552 0.574803,
        -0.325212 -0.215806 0.574803,
        -0.291626 -0.217713 0.574803,
        -0.445063 -0.178913 0.574803,
        -0.401498 -0.197209 0.574803,
        -0.374770 -0.205501 0.574803,
        -0.465742 -0.182059 0.574803,
        -0.610236 -0.161098 0.574803,
        -0.610236 -0.234989 0.574803,
        -0.464758 -0.234989 0.574803,
        -0.464758 -0.182746 0.574803,
        -0.457269 -0.187974 0.574803,
        -0.456681 -0.213183 0.574803,
        -0.456596 -0.225083 0.574803,
        -0.457157 -0.234989 0.574803,
        -0.445063 -0.242629 0.574803,
        -0.281504 -0.254494 0.574803,
        -0.444935 -0.241793 0.574803,
        -0.445063 -0.240951 0.574803,
        -0.446195 -0.238098 0.574803,
        -0.464758 -0.254494 0.574803,
        -0.457814 -0.246865 0.574803,
        -0.457269 -0.236966 0.574803,
        -0.457644 -0.253412 0.574803,
        -0.457750 -0.253396 0.574803,
        -0.446666 -0.235583 0.574803,
        -0.445593 -0.243499 0.574803,
        -0.447784 -0.245476 0.574803,
        -0.449341 -0.246613 0.574803,
        -0.457530 -0.253402 0.574803,
        -0.456136 -0.252528 0.574803,
        -0.457394 -0.253359 0.574803,
        -0.457880 -0.253343 0.574803,
        -0.458035 -0.253230 0.574803,
        -0.458161 -0.253084 0.574803,
        -0.458301 -0.252818 0.574803,
        -0.458402 -0.252528 0.574803,
        0.071001 0.340270 0.574803,
        0.069176 0.342095 0.574803,
        0.077113 0.286287 0.574803,
        0.250588 0.333604 0.574803,
        0.253993 0.610236 0.574803,
        0.247573 0.337824 0.574803,
        0.242347 0.342792 0.574803,
        0.198431 0.290439 0.574803,
        0.181150 0.345933 0.574803,
        0.165206 0.342026 0.574803,
        0.081416 0.352397 0.574803,
        0.081855 0.352561 0.574803,
        0.069176 0.610236 0.574803,
        0.082197 0.352618 0.574803,
        0.082491 0.352595 0.574803,
        0.196460 0.354742 0.574803,
        0.218877 0.352374 0.574803,
        0.234688 0.347245 0.574803,
        0.251669 0.308171 0.574803,
        0.249430 0.303922 0.574803,
        0.253993 0.270718 0.574803,
        0.245097 0.299113 0.574803,
        0.148893 0.325002 0.574803,
        0.149439 0.320472 0.574803,
        0.153130 0.318501 0.574803,
        0.218239 0.293644 0.574803,
        0.207261 0.346003 0.574803,
        0.183393 0.346211 0.574803,
        0.157376 0.338117 0.574803,
        0.152747 0.334272 0.574803,
        0.150402 0.331308 0.574803,
        0.069176 0.342889 0.574803,
        0.070867 0.344244 0.574803,
        0.140379 0.322444 0.574803,
        0.139959 0.328165 0.574803,
        0.124230 0.330959 0.574803,
        0.140381 0.331433 0.574803,
        0.106391 0.338904 0.574803,
        0.084297 0.351174 0.574803,
        0.085724 0.349331 0.574803,
        0.088282 0.346227 0.574803,
        0.237402 0.293716 0.574803,
        0.228611 0.290246 0.574803,
        0.212296 0.287755 0.574803,
        0.078419 0.285324 0.574803,
        0.078061 0.285165 0.574803,
        0.069176 0.270718 0.574803,
        0.077656 0.285033 0.574803,
        0.077478 0.285026 0.574803,
        0.076957 0.285497 0.574803,
        0.076964 0.285737 0.574803,
        0.073014 0.345933 0.574803,
        0.079809 0.351344 0.574803,
        0.143531 0.309007 0.574803,
        0.143078 0.308971 0.574803,
        0.198431 0.287335 0.574803,
        0.090841 0.293585 0.574803,
        0.080354 0.286496 0.574803,
        0.077326 0.285056 0.574803,
        0.077188 0.285115 0.574803,
        0.077091 0.285187 0.574803,
        0.077031 0.285262 0.574803,
        0.076988 0.285352 0.574803,
        0.147515 0.341830 0.574803,
        0.154742 0.346478 0.574803,
        0.171095 0.352479 0.574803,
        0.194520 0.354705 0.574803,
        0.252331 0.329057 0.574803,
        0.253338 0.320766 0.574803,
        0.253020 0.313512 0.574803,
        0.209463 0.287629 0.574803,
        0.149271 0.329091 0.574803,
        0.142098 0.309147 0.574803,
        0.141217 0.311412 0.574803,
        0.089708 0.296395 0.574803,
        0.139833 0.315103 0.574803,
        0.088401 0.301065 0.574803,
        0.242427 0.313638 0.574803,
        0.242893 0.320179 0.574803,
        0.224695 0.342331 0.574803,
        0.144181 0.338582 0.574803,
        0.141851 0.335190 0.574803,
        0.082762 0.352503 0.574803,
        0.083243 0.352210 0.574803,
        0.148833 0.327395 0.574803,
        0.148839 0.325556 0.574803,
        0.156402 0.315795 0.574803,
        0.156243 0.315624 0.574803,
        0.156387 0.316416 0.574803,
        0.156467 0.316327 0.574803,
        0.156511 0.316251 0.574803,
        0.156529 0.316186 0.574803,
        0.156531 0.316113 0.574803,
        0.085724 0.314222 0.574803,
        0.116254 0.326228 0.574803,
        0.084726 0.326553 0.574803,
        0.107829 0.329826 0.574803,
        0.083752 0.338886 0.574803,
        0.123953 0.322731 0.574803,
        0.087150 0.305749 0.574803,
        0.240781 0.308708 0.574803,
        0.241907 0.326372 0.574803,
        0.239897 0.331055 0.574803,
        0.232491 0.338728 0.574803,
        0.236581 0.335437 0.574803,
        0.155642 0.315233 0.574803,
        0.154633 0.314696 0.574803,
        0.153675 0.314222 0.574803,
        0.073559 0.337460 0.574803,
        0.077796 0.301765 0.574803,
        0.078089 0.292704 0.574803,
        0.077537 0.287111 0.574803,
        0.078315 0.289661 0.574803,
        0.078117 0.288301 0.574803,
        0.227605 0.296696 0.574803,
        0.233696 0.300290 0.574803,
        0.237945 0.304316 0.574803,
        0.156509 0.316003 0.574803,
        0.156494 0.315959 0.574803,
        0.144909 0.309692 0.574803,
        0.144006 0.309167 0.574803,
        0.068735 0.342535 0.574803,
        -0.038216 0.270718 0.574803,
        -0.038216 0.610236 0.574803,
        0.101033 -0.018700 0.574803,
        0.166427 -0.018700 0.574803,
        0.104138 0.022911 0.574803,
        0.076602 0.036097 0.574803,
        0.089414 -0.018118 0.574803,
        0.089340 0.031356 0.574803,
        0.081860 0.034651 0.574803,
        0.066470 0.038220 0.574803,
        0.068377 -0.022331 0.574803,
        0.069176 -0.021777 0.574803,
        0.068735 -0.028598 0.574803,
        0.064206 -0.029731 0.574803,
        0.069176 -0.033970 0.574803,
        0.238024 -0.029787 0.574803,
        0.234488 -0.028381 0.574803,
        0.231650 -0.027522 0.574803,
        0.253993 -0.033970 0.574803,
        0.239217 -0.030015 0.574803,
        0.238808 -0.030009 0.574803,
        0.246836 -0.028053 0.574803,
        0.241511 -0.029480 0.574803,
        0.240071 -0.029830 0.574803,
        0.217224 -0.026109 0.574803,
        0.213586 -0.026063 0.574803,
        0.207491 -0.026040 0.574803,
        0.097049 -0.026040 0.574803,
        0.082804 -0.026479 0.574803,
        0.075996 -0.027113 0.574803,
        0.069176 -0.028508 0.574803,
        0.262259 -0.023769 0.574803,
        0.258579 -0.025223 0.574803,
        0.254291 -0.033970 0.574803,
        0.257029 -0.025494 0.574803,
        0.254291 -0.026182 0.574803,
        0.253993 -0.026257 0.574803,
        0.263619 -0.022713 0.574803,
        0.263338 -0.023045 0.574803,
        0.278183 -0.033970 0.574803,
        0.262732 -0.023504 0.574803,
        0.263823 -0.021704 0.574803,
        0.263854 -0.021761 0.574803,
        0.278183 -0.022331 0.574803,
        0.263869 -0.021819 0.574803,
        0.263869 -0.021902 0.574803,
        0.263824 -0.022097 0.574803,
        0.263773 -0.022331 0.574803,
        0.263744 -0.022463 0.574803,
        0.263761 -0.021633 0.574803,
        0.278183 0.040567 0.574803,
        0.263637 -0.021542 0.574803,
        0.254291 0.040567 0.574803,
        0.254291 -0.019834 0.574803,
        0.257196 -0.020032 0.574803,
        0.258874 -0.020267 0.574803,
        0.260152 -0.020484 0.574803,
        0.262634 -0.021138 0.574803,
        0.262975 -0.021254 0.574803,
        0.263405 -0.021426 0.574803,
        0.253993 0.040567 0.574803,
        0.253086 0.040567 0.574803,
        0.253086 0.037088 0.574803,
        0.146880 0.003657 0.574803,
        0.180604 -0.018700 0.574803,
        0.225025 0.029999 0.574803,
        0.229555 -0.018700 0.574803,
        0.238841 0.034400 0.574803,
        0.249940 -0.019538 0.574803,
        0.253993 -0.019814 0.574803,
        0.253086 0.061165 0.574803,
        0.253993 0.074825 0.574803,
        0.248263 0.061165 0.574803,
        0.066470 0.041912 0.574803,
        0.069176 0.042155 0.574803,
        0.069176 0.074825 0.574803,
        0.091680 0.044177 0.574803,
        0.243110 0.048530 0.574803,
        0.240764 0.046165 0.574803,
        0.236870 0.043878 0.574803,
        0.247130 0.056887 0.574803,
        0.245707 0.052666 0.574803,
        0.106990 0.029454 0.574803,
        0.138952 0.009320 0.574803,
        0.221082 0.037088 0.574803,
        0.229170 0.040567 0.574803,
        0.094789 0.040567 0.574803,
        0.098628 0.036109 0.574803,
        0.061395 -0.027172 0.574803,
        -0.038216 -0.022331 0.574803,
        -0.038216 0.040567 0.574803,
        0.066470 0.040567 0.574803,
        -0.038216 0.074825 0.574803,
        0.329318 -0.455569 0.574803,
        0.354701 -0.455569 0.574803,
        0.354331 -0.452756 0.574803,
        0.367517 -0.403543 0.574803,
        0.383159 -0.383159 0.574803,
        0.329318 -0.353596 0.574803,
        0.452756 -0.354331 0.574803,
        0.478230 -0.357685 0.574803,
        0.580709 -0.353596 0.574803,
        0.501969 -0.367517 0.574803,
        0.522353 -0.383159 0.574803,
        0.537994 -0.403543 0.574803,
        0.547828 -0.427281 0.574803,
        0.580709 -0.455569 0.574803,
        0.551181 -0.452756 0.574803,
        0.403543 -0.367517 0.574803,
        0.427281 -0.357685 0.574803,
        0.357685 -0.427281 0.574803,
        0.427281 -0.547828 0.574803,
        0.403543 -0.537994 0.574803,
        0.329318 -0.610236 0.574803,
        0.383159 -0.522353 0.574803,
        0.367517 -0.501969 0.574803,
        0.357685 -0.478230 0.574803,
        0.550811 -0.455569 0.574803,
        0.547828 -0.478230 0.574803,
        0.537994 -0.501969 0.574803,
        0.522353 -0.522353 0.574803,
        0.501969 -0.537994 0.574803,
        0.478230 -0.547828 0.574803,
        0.452756 -0.551181 0.574803,
        -0.373263 -0.344314 0.574803,
        -0.379107 -0.340263 0.574803,
        -0.391959 -0.338140 0.574803,
        -0.384493 -0.335035 0.574803,
        -0.387304 -0.331637 0.574803,
        -0.281504 -0.353596 0.574803,
        -0.281504 -0.344314 0.574803,
        -0.302167 -0.344314 0.574803,
        -0.340325 -0.352861 0.574803,
        -0.356932 -0.351194 0.574803,
        -0.464758 -0.353596 0.574803,
        -0.370780 -0.346034 0.574803,
        -0.442613 -0.344314 0.574803,
        -0.464758 -0.344314 0.574803,
        -0.442585 -0.344329 0.574803,
        -0.432353 -0.346905 0.574803,
        -0.307579 -0.347155 0.574803,
        -0.326427 -0.351926 0.574803,
        -0.395789 -0.341048 0.574803,
        -0.403512 -0.344314 0.574803,
        -0.406170 -0.345438 0.574803,
        -0.410587 -0.346584 0.574803,
        -0.422481 -0.347483 0.574803,
        -0.450668 -0.339892 0.574803,
        -0.457933 -0.333320 0.574803,
        -0.460882 -0.329103 0.574803,
        -0.462583 -0.324521 0.574803,
        -0.463477 -0.317166 0.574803,
        -0.464758 -0.263354 0.574803,
        -0.462176 -0.310112 0.574803,
        -0.459444 -0.304179 0.574803,
        -0.281504 -0.263354 0.574803,
        -0.282272 -0.315194 0.574803,
        -0.283312 -0.323047 0.574803,
        -0.285993 -0.329555 0.574803,
        -0.455236 -0.298859 0.574803,
        -0.448769 -0.294026 0.574803,
        -0.447952 -0.293559 0.574803,
        -0.438688 -0.289733 0.574803,
        -0.426060 -0.287865 0.574803,
        -0.420734 -0.287720 0.574803,
        -0.387304 -0.302737 0.574803,
        -0.377081 -0.292321 0.574803,
        -0.389569 -0.299339 0.574803,
        -0.390510 -0.298126 0.574803,
        -0.407541 -0.289288 0.574803,
        -0.397798 -0.293237 0.574803,
        -0.393161 -0.295966 0.574803,
        -0.318513 -0.281512 0.574803,
        -0.302624 -0.286425 0.574803,
        -0.288589 -0.296015 0.574803,
        -0.285350 -0.301027 0.574803,
        -0.282926 -0.307639 0.574803,
        -0.290566 -0.335897 0.574803,
        -0.297305 -0.341761 0.574803,
        -0.323020 -0.280870 0.574803,
        -0.293598 -0.291337 0.574803,
        -0.292717 -0.291979 0.574803,
        -0.367554 -0.286639 0.574803,
        -0.353147 -0.282114 0.574803,
        -0.347157 -0.281155 0.574803,
        -0.151246 0.006612 0.574803,
        -0.155902 0.000109 0.574803,
        -0.148435 0.003214 0.574803,
        -0.143049 -0.002015 0.574803,
        -0.196295 -0.008656 0.574803,
        -0.206527 -0.006080 0.574803,
        -0.229978 -0.022331 0.574803,
        -0.049292 0.037222 0.574803,
        -0.046868 0.030610 0.574803,
        -0.043939 0.040567 0.574803,
        -0.046214 0.023054 0.574803,
        -0.043939 -0.022331 0.574803,
        -0.047254 0.015201 0.574803,
        -0.049935 0.008694 0.574803,
        -0.071521 -0.008906 0.574803,
        -0.090369 -0.013677 0.574803,
        -0.104267 -0.014613 0.574803,
        -0.134722 -0.007785 0.574803,
        -0.159731 -0.002799 0.574803,
        -0.120874 -0.012945 0.574803,
        -0.054508 0.002351 0.574803,
        -0.061247 -0.003512 0.574803,
        -0.214610 -0.001643 0.574803,
        -0.221875 0.004929 0.574803,
        -0.224824 0.009146 0.574803,
        -0.226526 0.013728 0.574803,
        -0.227419 0.021083 0.574803,
        -0.229978 0.040567 0.574803,
        -0.226118 0.028137 0.574803,
        -0.223386 0.034070 0.574803,
        -0.170113 -0.007189 0.574803,
        -0.174529 -0.008335 0.574803,
        -0.186424 -0.009234 0.574803,
        -0.211894 0.044689 0.574803,
        -0.202630 0.048516 0.574803,
        -0.229978 0.074825 0.574803,
        -0.171483 0.048961 0.574803,
        -0.141024 0.045928 0.574803,
        -0.131496 0.051609 0.574803,
        -0.154997 0.040567 0.574803,
        -0.146285 0.040567 0.574803,
        -0.157103 0.042283 0.574803,
        -0.161739 0.045011 0.574803,
        -0.219178 0.039390 0.574803,
        -0.217604 0.040567 0.574803,
        -0.212711 0.044222 0.574803,
        -0.082455 0.056737 0.574803,
        -0.066567 0.051824 0.574803,
        -0.043939 0.074825 0.574803,
        -0.052531 0.042234 0.574803,
        -0.051454 0.040567 0.574803,
        -0.057540 0.046912 0.574803,
        -0.056659 0.046270 0.574803,
        -0.117089 0.056135 0.574803,
        -0.111099 0.057094 0.574803,
        -0.086962 0.057379 0.574803,
        -0.184676 0.050529 0.574803,
        -0.190002 0.050383 0.574803,
        -0.154452 0.040122 0.574803,
        -0.153511 0.038910 0.574803,
        -0.151246 0.035512 0.574803,
        -0.049577 0.107383 0.574803,
        -0.053909 0.102574 0.574803,
        -0.061605 0.097177 0.574803,
        -0.070396 0.093707 0.574803,
        -0.086711 0.091216 0.574803,
        -0.145877 0.121962 0.574803,
        -0.142620 0.119877 0.574803,
        -0.150152 0.130941 0.574803,
        -0.100576 0.093900 0.574803,
        -0.080768 0.097105 0.574803,
        -0.057576 0.130941 0.574803,
        -0.071402 0.100158 0.574803,
        -0.065311 0.103751 0.574803,
        -0.046485 0.130941 0.574803,
        -0.045669 0.124227 0.574803,
        -0.043939 0.130941 0.574803,
        -0.045987 0.116973 0.574803,
        -0.047338 0.111632 0.574803,
        -0.150113 0.128463 0.574803,
        -0.149568 0.123933 0.574803,
        -0.221351 0.088495 0.574803,
        -0.220945 0.088626 0.574803,
        -0.220588 0.088785 0.574803,
        -0.211857 0.109211 0.574803,
        -0.210606 0.104526 0.574803,
        -0.182753 0.129689 0.574803,
        -0.089544 0.091090 0.574803,
        -0.100576 0.090796 0.574803,
        -0.218652 0.089957 0.574803,
        -0.155476 0.112468 0.574803,
        -0.155929 0.112432 0.574803,
        -0.208166 0.097046 0.574803,
        -0.221528 0.088488 0.574803,
        -0.221681 0.088517 0.574803,
        -0.221819 0.088576 0.574803,
        -0.221915 0.088648 0.574803,
        -0.221976 0.088724 0.574803,
        -0.222019 0.088814 0.574803,
        -0.058226 0.112169 0.574803,
        -0.056580 0.117099 0.574803,
        -0.061061 0.107777 0.574803,
        -0.056113 0.123640 0.574803,
        -0.057100 0.129833 0.574803,
        -0.150174 0.130856 0.574803,
        -0.150167 0.129017 0.574803,
        -0.142539 0.119788 0.574803,
        -0.142496 0.119712 0.574803,
        -0.156908 0.112608 0.574803,
        -0.157789 0.114873 0.574803,
        -0.209298 0.099857 0.574803,
        -0.159174 0.118564 0.574803,
        -0.175054 0.126193 0.574803,
        -0.142604 0.119256 0.574803,
        -0.142764 0.119086 0.574803,
        -0.220917 0.096165 0.574803,
        -0.221211 0.105226 0.574803,
        -0.229978 0.130941 0.574803,
        -0.142478 0.119647 0.574803,
        -0.142475 0.119574 0.574803,
        -0.220890 0.091762 0.574803,
        -0.220692 0.093122 0.574803,
        -0.221470 0.090572 0.574803,
        -0.221894 0.089748 0.574803,
        -0.222043 0.089198 0.574803,
        -0.222049 0.088958 0.574803,
        -0.143365 0.118694 0.574803,
        -0.144374 0.118157 0.574803,
        -0.145331 0.117683 0.574803,
        -0.142497 0.119464 0.574803,
        -0.142513 0.119420 0.574803,
        -0.154098 0.113154 0.574803,
        -0.155000 0.112628 0.574803,
        -0.146260 0.137733 0.574803,
        -0.148605 0.134769 0.574803,
        -0.141631 0.141578 0.574803,
        -0.149735 0.132552 0.574803,
        -0.115613 0.149672 0.574803,
        -0.117857 0.149394 0.574803,
        -0.066413 0.142106 0.574803,
        -0.059110 0.134517 0.574803,
        -0.062426 0.138898 0.574803,
        -0.140572 0.142106 0.574803,
        -0.133801 0.145487 0.574803,
        -0.066515 0.142189 0.574803,
        -0.074311 0.145793 0.574803,
        -0.091746 0.149464 0.574803,
        -0.051434 0.141286 0.574803,
        -0.048419 0.137065 0.574803,
        -0.043939 0.142106 0.574803,
        -0.046676 0.132518 0.574803,
        -0.216245 0.155964 0.574803,
        -0.215764 0.155671 0.574803,
        -0.127912 0.155940 0.574803,
        -0.043939 0.168790 0.574803,
        -0.056660 0.146253 0.574803,
        -0.052298 0.142106 0.574803,
        -0.102547 0.158203 0.574803,
        -0.080130 0.155835 0.574803,
        -0.064319 0.150706 0.574803,
        -0.217591 0.155858 0.574803,
        -0.217152 0.156022 0.574803,
        -0.229978 0.168790 0.574803,
        -0.216810 0.156079 0.574803,
        -0.216516 0.156056 0.574803,
        -0.229978 0.146232 0.574803,
        -0.228140 0.147705 0.574803,
        -0.214710 0.154635 0.574803,
        -0.151492 0.145291 0.574803,
        -0.144265 0.149939 0.574803,
        -0.225993 0.149394 0.574803,
        -0.219198 0.154805 0.574803,
        -0.213283 0.152792 0.574803,
        -0.210724 0.149688 0.574803,
        -0.192616 0.142365 0.574803,
        -0.104487 0.158167 0.574803,
        -0.154761 0.142106 0.574803,
        -0.192035 0.142106 0.574803,
        -0.154826 0.142043 0.574803,
        -0.158628 0.125905 0.574803,
        -0.158998 0.130941 0.574803,
        -0.168180 0.130941 0.574803,
        -0.159048 0.131626 0.574803,
        -0.174777 0.134420 0.574803,
        -0.158626 0.134895 0.574803,
        -0.157156 0.138652 0.574803,
        -0.230271 0.145997 0.574803,
        -0.255999 0.142106 0.574803,
        -0.255999 0.168790 0.574803,
        -0.224263 0.130941 0.574803,
        -0.225447 0.140921 0.574803,
        -0.226526 0.142106 0.574803,
        -0.191178 0.133287 0.574803,
        -0.214354 0.130941 0.574803,
        -0.185685 0.130941 0.574803,
        -0.214281 0.130014 0.574803,
        -0.213283 0.117683 0.574803,
        0.094469 -0.263354 0.574803,
        0.230981 -0.262151 0.574803,
        0.229555 -0.259593 0.574803,
        0.083812 -0.254494 0.574803,
        0.090254 -0.261606 0.574803,
        0.069176 -0.254494 0.574803,
        0.079055 -0.254494 0.574803,
        0.069176 -0.234989 0.574803,
        0.081781 -0.252252 0.574803,
        0.253993 -0.234989 0.574803,
        0.241723 -0.251418 0.574803,
        0.241807 -0.251546 0.574803,
        0.253993 -0.254494 0.574803,
        0.240437 -0.250992 0.574803,
        0.240889 -0.251036 0.574803,
        0.239371 -0.251282 0.574803,
        0.239947 -0.251063 0.574803,
        0.241392 -0.251199 0.574803,
        0.241614 -0.251320 0.574803,
        0.241881 -0.251760 0.574803,
        0.241940 -0.252139 0.574803,
        0.242013 -0.253385 0.574803,
        0.235469 -0.254494 0.574803,
        0.238070 -0.252252 0.574803,
        0.238785 -0.251653 0.574803,
        0.068287 -0.263354 0.574803,
        0.069176 -0.262622 0.574803,
        -0.038216 -0.263354 0.574803,
        -0.038216 -0.344314 0.574803,
        0.067351 -0.264123 0.574803,
        0.069176 -0.344314 0.574803,
        0.069176 -0.265183 0.574803,
        0.085724 -0.268653 0.574803,
        0.086521 -0.273317 0.574803,
        0.088576 -0.269240 0.574803,
        0.095096 -0.271599 0.574803,
        0.101579 -0.274064 0.574803,
        0.087150 -0.278007 0.574803,
        0.235511 -0.329809 0.574803,
        0.089121 -0.300364 0.574803,
        0.089708 -0.306320 0.574803,
        0.081894 -0.333605 0.574803,
        0.081506 -0.332710 0.574803,
        0.081487 -0.332662 0.574803,
        0.081893 -0.329124 0.574803,
        0.083460 -0.334381 0.574803,
        0.083239 -0.334406 0.574803,
        0.083017 -0.334376 0.574803,
        0.082759 -0.334271 0.574803,
        0.082233 -0.333956 0.574803,
        0.082038 -0.333800 0.574803,
        0.081781 -0.325573 0.574803,
        0.081487 -0.321630 0.574803,
        0.081193 -0.314248 0.574803,
        0.083937 -0.334137 0.574803,
        0.083675 -0.334301 0.574803,
        0.237776 -0.335766 0.574803,
        0.080354 -0.303761 0.574803,
        0.079344 -0.292864 0.574803,
        0.078089 -0.281992 0.574803,
        0.076663 -0.269534 0.574803,
        0.085472 -0.332662 0.574803,
        0.084786 -0.333390 0.574803,
        0.084300 -0.333847 0.574803,
        0.090508 -0.314158 0.574803,
        0.091973 -0.321882 0.574803,
        0.093106 -0.325280 0.574803,
        0.253993 -0.344314 0.574803,
        0.253993 -0.327535 0.574803,
        0.254291 -0.344314 0.574803,
        0.254291 -0.327384 0.574803,
        0.254470 -0.327293 0.574803,
        0.278183 -0.344314 0.574803,
        0.278183 -0.263354 0.574803,
        0.253993 -0.263354 0.574803,
        0.253993 -0.326922 0.574803,
        0.254291 -0.327153 0.574803,
        0.243732 -0.278594 0.574803,
        0.244772 -0.294744 0.574803,
        0.246291 -0.310850 0.574803,
        0.248263 -0.322469 0.574803,
        0.242085 -0.254494 0.574803,
        0.242306 -0.257915 0.574803,
        0.242681 -0.263354 0.574803,
        0.238363 -0.323014 0.574803,
        0.237231 -0.304348 0.574803,
        0.235478 -0.283009 0.574803,
        0.233881 -0.272854 0.574803,
        0.232538 -0.266138 0.574803,
        0.231450 -0.263354 0.574803,
        0.090547 -0.160727 0.574803,
        0.073853 -0.158714 0.574803,
        0.069176 -0.161098 0.574803,
        0.119234 -0.160872 0.574803,
        0.118057 -0.161098 0.574803,
        0.149439 -0.159846 0.574803,
        0.224030 -0.161098 0.574803,
        0.069176 -0.148916 0.574803,
        0.073853 -0.154477 0.574803,
        0.149439 -0.154477 0.574803,
        0.184254 -0.150241 0.574803,
        0.209037 -0.151448 0.574803,
        0.253993 -0.148916 0.574803,
        0.241061 -0.161098 0.574803,
        0.253993 -0.161098 0.574803,
        0.236891 -0.158350 0.574803,
        0.226580 -0.154204 0.574803,
        0.184002 -0.154771 0.574803,
        0.207605 -0.157472 0.574803,
        0.198976 -0.156197 0.574803,
        0.251037 -0.198514 0.574803,
        0.247006 -0.205017 0.574803,
        0.076288 -0.203209 0.574803,
        0.072341 -0.196880 0.574803,
        0.243969 -0.163015 0.574803,
        0.248506 -0.167933 0.574803,
        0.251896 -0.174002 0.574803,
        0.072874 -0.178779 0.574803,
        0.076409 -0.172328 0.574803,
        0.081860 -0.166330 0.574803,
        0.107245 -0.221709 0.574803,
        0.090959 -0.215470 0.574803,
        0.082643 -0.210047 0.574803,
        0.071114 -0.193326 0.574803,
        0.070723 -0.188428 0.574803,
        0.070749 -0.187027 0.574803,
        0.086017 -0.163244 0.574803,
        0.089878 -0.161098 0.574803,
        0.253552 -0.179620 0.574803,
        0.253925 -0.183084 0.574803,
        0.253510 -0.191134 0.574803,
        0.241617 -0.209924 0.574803,
        0.229701 -0.216670 0.574803,
        0.204624 -0.224313 0.574803,
        0.200780 -0.225009 0.574803,
        0.161927 -0.228337 0.574803,
        0.132157 -0.226665 0.574803,
        0.224877 -0.210389 0.574803,
        0.233785 -0.205230 0.574803,
        0.209333 -0.215064 0.574803,
        0.238222 -0.201452 0.574803,
        0.241569 -0.197411 0.574803,
        0.127207 -0.218612 0.574803,
        0.117524 -0.216889 0.574803,
        0.100237 -0.164533 0.574803,
        0.090750 -0.168706 0.574803,
        0.080061 -0.184762 0.574803,
        0.080422 -0.190650 0.574803,
        0.081168 -0.179971 0.574803,
        0.082122 -0.195718 0.574803,
        0.085108 -0.200514 0.574803,
        0.089639 -0.205084 0.574803,
        0.097765 -0.210219 0.574803,
        0.243412 -0.193838 0.574803,
        0.244376 -0.189610 0.574803,
        0.244571 -0.187027 0.574803,
        0.238366 -0.169541 0.574803,
        0.233697 -0.165388 0.574803,
        0.086296 -0.172072 0.574803,
        0.083051 -0.176069 0.574803,
        0.244083 -0.180697 0.574803,
        0.241830 -0.174561 0.574803,
        0.163697 -0.220694 0.574803,
        0.176074 -0.220164 0.574803,
        0.226411 -0.161624 0.574803,
        -0.281504 0.074825 0.574803,
        -0.291387 0.074825 0.574803,
        -0.295310 0.071987 0.574803,
        -0.307437 0.066411 0.574803,
        -0.334520 0.059517 0.574803,
        -0.363224 0.057327 0.574803,
        -0.375727 0.057156 0.574803,
        -0.282309 0.085702 0.574803,
        -0.284803 0.081188 0.574803,
        -0.288416 0.076974 0.574803,
        -0.279459 0.130941 0.574803,
        -0.281396 0.091996 0.574803,
        -0.279459 0.074825 0.574803,
        -0.281433 0.089454 0.574803,
        -0.281504 0.089150 0.574803,
        -0.407364 0.060331 0.574803,
        -0.431409 0.066121 0.574803,
        -0.464758 0.074825 0.574803,
        -0.449046 0.074825 0.574803,
        -0.449889 0.075241 0.574803,
        -0.456591 0.080142 0.574803,
        -0.459755 0.083414 0.574803,
        -0.462238 0.087849 0.574803,
        -0.463535 0.091930 0.574803,
        -0.463770 0.095410 0.574803,
        -0.464758 0.130941 0.574803,
        -0.462631 0.099447 0.574803,
        -0.287918 0.104742 0.574803,
        -0.284362 0.100385 0.574803,
        -0.281504 0.130941 0.574803,
        -0.282064 0.095315 0.574803,
        -0.281504 0.092534 0.574803,
        -0.458641 0.105990 0.574803,
        -0.454302 0.110141 0.574803,
        -0.445894 0.114965 0.574803,
        -0.336288 0.124198 0.574803,
        -0.309591 0.116758 0.574803,
        -0.295474 0.110124 0.574803,
        -0.293310 0.108822 0.574803,
        -0.419431 0.123494 0.574803,
        -0.385736 0.127525 0.574803,
        -0.369477 0.127960 0.574803,
        -0.208878 -0.107567 0.574803,
        -0.209005 -0.108403 0.574803,
        -0.043939 -0.134802 0.574803,
        -0.209535 -0.109274 0.574803,
        -0.220078 -0.118302 0.574803,
        -0.221336 -0.119133 0.574803,
        -0.229978 -0.134802 0.574803,
        -0.221756 -0.112639 0.574803,
        -0.221211 -0.102740 0.574803,
        -0.229978 -0.048549 0.574803,
        -0.220539 -0.090857 0.574803,
        -0.220624 -0.078957 0.574803,
        -0.209005 -0.106725 0.574803,
        -0.151367 -0.075483 0.574803,
        -0.169660 -0.069352 0.574803,
        -0.042271 -0.085459 0.574803,
        -0.043939 -0.086211 0.574803,
        -0.062363 -0.094519 0.574803,
        -0.064464 -0.093887 0.574803,
        -0.210137 -0.103873 0.574803,
        -0.066600 -0.093387 0.574803,
        -0.074528 -0.091121 0.574803,
        -0.119913 -0.083715 0.574803,
        -0.211726 -0.111250 0.574803,
        -0.213283 -0.112388 0.574803,
        -0.221472 -0.119176 0.574803,
        -0.221586 -0.119186 0.574803,
        -0.221692 -0.119170 0.574803,
        -0.194869 -0.059159 0.574803,
        -0.211270 -0.052364 0.574803,
        -0.211396 -0.068786 0.574803,
        -0.221822 -0.119117 0.574803,
        -0.221977 -0.119004 0.574803,
        -0.222102 -0.118858 0.574803,
        -0.222243 -0.118592 0.574803,
        -0.222343 -0.118302 0.574803,
        -0.211270 -0.085207 0.574803,
        -0.210724 -0.098797 0.574803,
        -0.210608 -0.101358 0.574803,
        -0.043939 -0.083487 0.574803,
        -0.043404 -0.083487 0.574803,
        -0.040948 -0.048549 0.574803,
        -0.040948 -0.134802 0.574803,
        -0.091051 -0.081327 0.574803,
        -0.089154 -0.081581 0.574803,
        -0.055568 -0.083487 0.574803,
        -0.165439 -0.062983 0.574803,
        -0.138712 -0.071275 0.574803,
        -0.215255 -0.037893 0.574803,
        -0.229978 -0.033970 0.574803,
        -0.229684 -0.047833 0.574803,
        -0.228659 -0.048549 0.574803,
        -0.221211 -0.053748 0.574803,
        -0.229978 -0.263354 0.574803,
        -0.229978 -0.255114 0.574803,
        -0.231110 -0.255380 0.574803,
        -0.061958 -0.255387 0.574803,
        -0.061313 -0.255541 0.574803,
        -0.043939 -0.263354 0.574803,
        -0.057190 -0.254494 0.574803,
        -0.059380 -0.255206 0.574803,
        -0.060794 -0.255527 0.574803,
        -0.064417 -0.254494 0.574803,
        -0.227338 -0.254494 0.574803,
        -0.074469 -0.252232 0.574803,
        -0.080115 -0.251789 0.574803,
        -0.064668 -0.254404 0.574803,
        -0.093780 -0.251689 0.574803,
        -0.197680 -0.251689 0.574803,
        -0.212041 -0.252305 0.574803,
        -0.226286 -0.254248 0.574803,
        -0.040948 -0.254494 0.574803,
        -0.043656 -0.250263 0.574803,
        -0.043939 -0.254494 0.574803,
        -0.043939 -0.250350 0.574803,
        -0.053848 -0.253409 0.574803,
        -0.038484 -0.248404 0.574803,
        -0.040006 -0.248878 0.574803,
        -0.040948 -0.249236 0.574803,
        -0.036915 -0.246428 0.574803,
        -0.036860 -0.246487 0.574803,
        -0.036830 -0.246539 0.574803,
        -0.036815 -0.246589 0.574803,
        -0.036812 -0.246658 0.574803,
        -0.036846 -0.246817 0.574803,
        -0.036860 -0.246865 0.574803,
        -0.037075 -0.247420 0.574803,
        -0.037312 -0.247736 0.574803,
        -0.037690 -0.246036 0.574803,
        -0.038216 -0.234989 0.574803,
        -0.038012 -0.245922 0.574803,
        -0.038216 -0.245861 0.574803,
        -0.037424 -0.246147 0.574803,
        -0.037231 -0.246239 0.574803,
        -0.037001 -0.246365 0.574803,
        -0.040106 -0.245401 0.574803,
        -0.038500 -0.245776 0.574803,
        -0.043939 -0.245033 0.574803,
        -0.043939 -0.234989 0.574803,
        -0.046214 -0.244894 0.574803,
        -0.069704 -0.244055 0.574803,
        -0.205519 -0.243588 0.574803,
        -0.193737 -0.244055 0.574803,
        -0.216933 -0.240657 0.574803,
        -0.229978 -0.234989 0.574803,
        -0.229978 -0.250367 0.574803,
        -0.255999 -0.254494 0.574803,
        -0.232110 -0.254494 0.574803,
        -0.233669 -0.253115 0.574803,
        -0.222170 -0.345379 0.574803,
        -0.222193 -0.344314 0.574803,
        -0.229978 -0.344314 0.574803,
        -0.222236 -0.342389 0.574803,
        -0.222343 -0.340404 0.574803,
        -0.215403 -0.271200 0.574803,
        -0.215061 -0.271141 0.574803,
        -0.214766 -0.271156 0.574803,
        -0.214578 -0.271208 0.574803,
        -0.214485 -0.271258 0.574803,
        -0.214421 -0.271314 0.574803,
        -0.214369 -0.271389 0.574803,
        -0.077086 -0.311797 0.574803,
        -0.214320 -0.271517 0.574803,
        -0.214226 -0.272126 0.574803,
        -0.214122 -0.274717 0.574803,
        -0.214122 -0.280673 0.574803,
        -0.213828 -0.301898 0.574803,
        -0.222343 -0.334447 0.574803,
        -0.222889 -0.319724 0.574803,
        -0.223182 -0.307854 0.574803,
        -0.213953 -0.306283 0.574803,
        -0.213828 -0.310664 0.574803,
        -0.213535 -0.311797 0.574803,
        -0.224387 -0.297327 0.574803,
        -0.225248 -0.289825 0.574803,
        -0.225675 -0.287618 0.574803,
        -0.217062 -0.272074 0.574803,
        -0.216343 -0.271629 0.574803,
        -0.215815 -0.271350 0.574803,
        -0.225993 -0.286881 0.574803,
        -0.228258 -0.280925 0.574803,
        -0.218065 -0.272746 0.574803,
        -0.229978 -0.353596 0.574803,
        -0.222595 -0.350890 0.574803,
        -0.222343 -0.346360 0.574803,
        -0.221189 -0.359933 0.574803,
        -0.221411 -0.359951 0.574803,
        -0.229978 -0.455569 0.574803,
        -0.222635 -0.359270 0.574803,
        -0.222520 -0.359470 0.574803,
        -0.222391 -0.359603 0.574803,
        -0.221739 -0.359898 0.574803,
        -0.222169 -0.359739 0.574803,
        -0.222720 -0.359015 0.574803,
        -0.222886 -0.357719 0.574803,
        -0.222889 -0.357685 0.574803,
        -0.222617 -0.354296 0.574803,
        -0.222612 -0.353596 0.574803,
        -0.043939 -0.455569 0.574803,
        -0.220574 -0.359668 0.574803,
        -0.220912 -0.359848 0.574803,
        -0.214979 -0.353596 0.574803,
        -0.218946 -0.358231 0.574803,
        -0.219620 -0.358905 0.574803,
        -0.220145 -0.359360 0.574803,
        -0.211363 -0.344314 0.574803,
        -0.210724 -0.348625 0.574803,
        -0.043939 -0.353596 0.574803,
        -0.074176 -0.321151 0.574803,
        -0.092504 -0.319753 0.574803,
        -0.212059 -0.336923 0.574803,
        -0.096633 -0.319724 0.574803,
        -0.212530 -0.331349 0.574803,
        -0.213283 -0.319724 0.574803,
        -0.062041 -0.323787 0.574803,
        -0.063382 -0.324011 0.574803,
        -0.043939 -0.344314 0.574803,
        -0.064063 -0.323961 0.574803,
        -0.211563 -0.342962 0.574803,
        -0.045124 -0.318245 0.574803,
        -0.046508 -0.318592 0.574803,
        -0.056700 -0.321990 0.574803,
        -0.065501 -0.323455 0.574803,
        -0.040948 -0.344314 0.574803,
        -0.041413 -0.316902 0.574803,
        -0.043939 -0.317816 0.574803,
        -0.039794 -0.315563 0.574803,
        -0.039919 -0.315813 0.574803,
        -0.040197 -0.316140 0.574803,
        -0.039672 -0.314809 0.574803,
        -0.039644 -0.314854 0.574803,
        -0.040766 -0.316565 0.574803,
        -0.040948 -0.316660 0.574803,
        -0.039630 -0.314894 0.574803,
        -0.039626 -0.314941 0.574803,
        -0.039636 -0.315009 0.574803,
        -0.039713 -0.315194 0.574803,
        -0.040948 -0.263354 0.574803,
        -0.040948 -0.314234 0.574803,
        -0.040057 -0.314559 0.574803,
        -0.039832 -0.314681 0.574803,
        -0.039743 -0.314741 0.574803,
        -0.049067 -0.313223 0.574803,
        -0.043939 -0.313754 0.574803,
        -0.041599 -0.313996 0.574803,
        -0.455256 0.162565 0.574803,
        -0.455699 0.164976 0.574803,
        -0.464758 0.168790 0.574803,
        -0.456136 0.167389 0.574803,
        -0.456265 0.168790 0.574803,
        -0.293241 0.150669 0.574803,
        -0.293539 0.150560 0.574803,
        -0.281504 0.142106 0.574803,
        -0.293785 0.150524 0.574803,
        -0.294011 0.150545 0.574803,
        -0.455623 0.150954 0.574803,
        -0.456136 0.151533 0.574803,
        -0.464758 0.142106 0.574803,
        -0.294443 0.150703 0.574803,
        -0.294983 0.150974 0.574803,
        -0.295134 0.151098 0.574803,
        -0.455256 0.156651 0.574803,
        -0.453939 0.150304 0.574803,
        -0.454625 0.150412 0.574803,
        -0.455186 0.150639 0.574803,
        -0.295238 0.151238 0.574803,
        -0.295332 0.151467 0.574803,
        -0.443678 0.161726 0.574803,
        -0.295354 0.151552 0.574803,
        -0.295415 0.152149 0.574803,
        -0.295317 0.153253 0.574803,
        -0.295317 0.157196 0.574803,
        -0.295317 0.161726 0.574803,
        -0.280876 0.162969 0.574803,
        -0.281504 0.162090 0.574803,
        -0.282198 0.161118 0.574803,
        -0.285978 0.157057 0.574803,
        -0.291789 0.151689 0.574803,
        -0.292380 0.151213 0.574803,
        -0.292862 0.150880 0.574803,
        -0.450854 0.151744 0.574803,
        -0.449887 0.152960 0.574803,
        -0.445650 0.158035 0.574803,
        -0.451705 0.151006 0.574803,
        -0.452582 0.150540 0.574803,
        -0.453197 0.150361 0.574803,
        -0.444573 0.159831 0.574803,
        -0.287389 0.155770 0.574803,
        -0.291039 0.152372 0.574803,
        -0.280675 0.164528 0.574803,
        -0.280594 0.164285 0.574803,
        -0.279459 0.168790 0.574803,
        -0.280650 0.163515 0.574803,
        -0.279459 0.142106 0.574803,
        -0.281213 0.165451 0.574803,
        -0.460935 0.205344 0.574803,
        -0.459396 0.211713 0.574803,
        -0.464758 0.270718 0.574803,
        -0.292423 0.213715 0.574803,
        -0.289775 0.208887 0.574803,
        -0.281504 0.270718 0.574803,
        -0.287882 0.201528 0.574803,
        -0.339004 0.234319 0.574803,
        -0.317852 0.230091 0.574803,
        -0.285670 0.185509 0.574803,
        -0.284244 0.173052 0.574803,
        -0.283103 0.168790 0.574803,
        -0.461506 0.196541 0.574803,
        -0.460989 0.190264 0.574803,
        -0.456736 0.216830 0.574803,
        -0.452779 0.221379 0.574803,
        -0.446576 0.225801 0.574803,
        -0.456681 0.173345 0.574803,
        -0.459786 0.184083 0.574803,
        -0.303716 0.223609 0.574803,
        -0.296767 0.218560 0.574803,
        -0.436157 0.229981 0.574803,
        -0.412342 0.233987 0.574803,
        -0.363520 0.235928 0.574803,
        0.292490 0.394904 0.574803,
        0.304304 0.394904 0.574803,
        0.329318 0.610236 0.574803,
        0.329318 0.270718 0.574803,
        0.278183 0.610236 0.574803,
        0.278183 0.270718 0.574803,
        0.292490 0.270718 0.574803,
        0.278183 0.168790 0.574803,
        0.292490 0.168790 0.574803,
        0.278183 0.142106 0.574803,
        0.292490 0.142106 0.574803,
        0.304304 0.142106 0.574803,
        0.304304 0.133922 0.574803,
        0.329318 0.130941 0.574803,
        0.292490 0.133922 0.574803,
        0.278183 0.130941 0.574803,
        0.304304 0.270718 0.574803,
        0.304304 0.168790 0.574803,
        0.329318 0.168790 0.574803,
        0.329318 0.142106 0.574803,
        0.278183 -0.610236 0.574803,
        0.278183 -0.455569 0.574803,
        0.254291 -0.610236 0.574803,
        0.254291 -0.455569 0.574803,
        0.253993 -0.610236 0.574803,
        0.253993 -0.455569 0.574803,
        0.069176 -0.610236 0.574803,
        0.069176 -0.455569 0.574803,
        -0.038216 -0.610236 0.574803,
        -0.038216 -0.455569 0.574803,
        -0.040948 -0.610236 0.574803,
        -0.040948 -0.455569 0.574803,
        -0.043939 -0.610236 0.574803,
        -0.229978 -0.610236 0.574803,
        -0.464758 -0.455569 0.574803,
        -0.281504 -0.455569 0.574803,
        -0.464758 -0.610236 0.574803,
        -0.281504 -0.610236 0.574803,
        0.278183 -0.353596 0.574803,
        0.254291 -0.353596 0.574803,
        0.253993 -0.353596 0.574803,
        0.069176 -0.353596 0.574803,
        -0.038216 -0.353596 0.574803,
        -0.040948 -0.353596 0.574803,
        -0.255999 -0.263354 0.574803,
        -0.255999 -0.344314 0.574803,
        -0.255999 -0.353596 0.574803,
        -0.255999 -0.455569 0.574803,
        -0.255999 -0.610236 0.574803,
        -0.610236 -0.254494 0.574803,
        -0.610236 -0.263354 0.574803,
        -0.610236 -0.344314 0.574803,
        -0.610236 -0.353596 0.574803,
        -0.610236 -0.455569 0.574803,
        -0.610236 -0.610236 0.574803,
        -0.279459 -0.254494 0.574803,
        -0.279459 -0.263354 0.574803,
        -0.279459 -0.344314 0.574803,
        -0.279459 -0.353596 0.574803,
        -0.279459 -0.455569 0.574803,
        -0.279459 -0.610236 0.574803,
        -0.610236 -0.148916 0.574803,
        -0.229978 -0.148916 0.574803,
        -0.043939 -0.148916 0.574803,
        -0.229978 -0.161098 0.574803,
        -0.043939 -0.161098 0.574803,
        -0.040948 -0.148916 0.574803,
        -0.040948 -0.161098 0.574803,
        0.245806 -0.064615 0.574803,
        0.248391 -0.067607 0.574803,
        0.253993 -0.048549 0.574803,
        0.115149 -0.109548 0.574803,
        0.145777 -0.112865 0.574803,
        0.152026 -0.108076 0.574803,
        0.153969 -0.113077 0.574803,
        0.165000 -0.113329 0.574803,
        0.145799 -0.103959 0.574803,
        0.140990 -0.098733 0.574803,
        0.138375 -0.094223 0.574803,
        0.252535 -0.075870 0.574803,
        0.253631 -0.080485 0.574803,
        0.253993 -0.134802 0.574803,
        0.253601 -0.086591 0.574803,
        0.252283 -0.091127 0.574803,
        0.086383 -0.107918 0.574803,
        0.078956 -0.102563 0.574803,
        0.069176 -0.134802 0.574803,
        0.075184 -0.098332 0.574803,
        0.072866 -0.093985 0.574803,
        0.136436 -0.085309 0.574803,
        0.137297 -0.078206 0.574803,
        0.124817 -0.055318 0.574803,
        0.139240 -0.073573 0.574803,
        0.143188 -0.068383 0.574803,
        0.089444 -0.060386 0.574803,
        0.106619 -0.055884 0.574803,
        0.069176 -0.048549 0.574803,
        0.115757 -0.055318 0.574803,
        0.088613 -0.098437 0.574803,
        0.098613 -0.104472 0.574803,
        0.107026 -0.061596 0.574803,
        0.124817 -0.059261 0.574803,
        0.136702 -0.087832 0.574803,
        0.248089 -0.098276 0.574803,
        0.243197 -0.103582 0.574803,
        0.235604 -0.108433 0.574803,
        0.073543 -0.073344 0.574803,
        0.075414 -0.070287 0.574803,
        0.077221 -0.068311 0.574803,
        0.083067 -0.063427 0.574803,
        0.150116 -0.062665 0.574803,
        0.163456 -0.056157 0.574803,
        0.172046 -0.053791 0.574803,
        0.194914 -0.052035 0.574803,
        0.210050 -0.052759 0.574803,
        0.152836 -0.121256 0.574803,
        0.121370 -0.118749 0.574803,
        0.100024 -0.114048 0.574803,
        0.234098 -0.058367 0.574803,
        0.241801 -0.061688 0.574803,
        0.083233 -0.092292 0.574803,
        0.089817 -0.068262 0.574803,
        0.081874 -0.088306 0.574803,
        0.085973 -0.071648 0.574803,
        0.083320 -0.075400 0.574803,
        0.081908 -0.078864 0.574803,
        0.081319 -0.082867 0.574803,
        0.096781 -0.064454 0.574803,
        0.084868 -0.094867 0.574803,
        0.071579 -0.089048 0.574803,
        0.071294 -0.083337 0.574803,
        0.072087 -0.077616 0.574803,
        0.217306 -0.115512 0.574803,
        0.197890 -0.118887 0.574803,
        0.163566 -0.121526 0.574803,
        -0.038216 -0.033970 0.574803,
        -0.038216 -0.048549 0.574803,
        -0.038216 -0.134802 0.574803,
        -0.038216 -0.148916 0.574803,
        -0.038216 -0.161098 0.574803,
        0.254291 -0.263354 0.574803,
        0.254291 -0.254494 0.574803,
        0.254291 -0.234989 0.574803,
        0.254291 -0.161098 0.574803,
        0.254291 -0.148916 0.574803,
        0.254291 -0.134802 0.574803,
        0.254291 -0.048549 0.574803,
        0.278183 -0.048549 0.574803,
        0.278183 -0.134802 0.574803,
        0.278183 -0.148916 0.574803,
        0.278183 -0.161098 0.574803,
        0.278183 -0.234989 0.574803,
        0.278183 -0.254494 0.574803,
        -0.610236 -0.033970 0.574803,
        -0.209005 -0.044688 0.574803,
        -0.279459 -0.161098 0.574803,
        -0.279459 -0.148916 0.574803,
        -0.279459 -0.134802 0.574803,
        -0.279459 -0.048549 0.574803,
        -0.279459 -0.033970 0.574803,
        -0.279459 -0.022331 0.574803,
        -0.279459 0.040567 0.574803,
        0.278183 0.074825 0.574803,
        0.329318 0.074825 0.574803,
        0.329318 0.040567 0.574803,
        0.329318 -0.022331 0.574803,
        0.329318 -0.033970 0.574803,
        0.329318 -0.048549 0.574803,
        0.329318 -0.134802 0.574803,
        0.329318 -0.148916 0.574803,
        0.329318 -0.161098 0.574803,
        0.329318 -0.234989 0.574803,
        0.329318 -0.254494 0.574803,
        0.329318 -0.263354 0.574803,
        0.329318 -0.344314 0.574803,
        -0.255999 0.130941 0.574803,
        -0.255999 0.074825 0.574803,
        -0.255999 0.040567 0.574803,
        -0.255999 -0.022331 0.574803,
        -0.255999 -0.033970 0.574803,
        -0.255999 -0.048549 0.574803,
        -0.255999 -0.134802 0.574803,
        -0.255999 -0.148916 0.574803,
        0.069176 0.130941 0.574803,
        -0.038216 0.130941 0.574803,
        0.069176 0.142106 0.574803,
        -0.038216 0.142106 0.574803,
        0.069176 0.168790 0.574803,
        -0.038216 0.168790 0.574803,
        0.253993 0.130941 0.574803,
        0.253993 0.142106 0.574803,
        0.253993 0.168790 0.574803,
        -0.610236 0.074825 0.574803,
        -0.610236 0.130941 0.574803,
        -0.610236 0.142106 0.574803,
        -0.610236 0.168790 0.574803,
        -0.610236 0.270718 0.574803,
        -0.043939 0.270718 0.574803,
        -0.229978 0.270718 0.574803,
        -0.255999 0.270718 0.574803,
        -0.279459 0.270718 0.574803,
        0.252936 0.186177 0.574803,
        0.252636 0.185478 0.574803,
        0.252146 0.184828 0.574803,
        0.251511 0.184324 0.574803,
        0.240551 0.256393 0.574803,
        0.241095 0.256366 0.574803,
        0.242444 0.255652 0.574803,
        0.242629 0.255349 0.574803,
        0.079055 0.179446 0.574803,
        0.078889 0.179514 0.574803,
        0.078744 0.179620 0.574803,
        0.078369 0.180247 0.574803,
        0.078275 0.180737 0.574803,
        0.153130 0.194678 0.574803,
        0.150026 0.218461 0.574803,
        0.090841 0.194678 0.574803,
        0.148035 0.228276 0.574803,
        0.142644 0.239979 0.574803,
        0.082620 0.248200 0.574803,
        0.083207 0.243670 0.574803,
        0.069617 0.241405 0.574803,
        0.078089 0.249584 0.574803,
        0.155276 0.248388 0.574803,
        0.155522 0.247935 0.574803,
        0.229555 0.247319 0.574803,
        0.154788 0.248948 0.574803,
        0.241657 0.256197 0.574803,
        0.242198 0.255889 0.574803,
        0.253067 0.186899 0.574803,
        0.253005 0.188337 0.574803,
        0.084093 0.237006 0.574803,
        0.084885 0.230331 0.574803,
        0.144070 0.237420 0.574803,
        0.145802 0.234563 0.574803,
        0.080223 0.250655 0.574803,
        0.080643 0.250717 0.574803,
        0.078570 0.179826 0.574803,
        0.078546 0.179864 0.574803,
        0.238363 0.255247 0.574803,
        0.239379 0.256019 0.574803,
        0.239971 0.256286 0.574803,
        0.081013 0.250685 0.574803,
        0.081350 0.250575 0.574803,
        0.081666 0.250376 0.574803,
        0.082063 0.249965 0.574803,
        0.153453 0.249461 0.574803,
        0.082390 0.249461 0.574803,
        0.082549 0.248996 0.574803,
        0.163029 0.194678 0.574803,
        0.239748 0.194678 0.574803,
        0.233833 0.236875 0.574803,
        0.249101 0.206548 0.574803,
        0.251367 0.193545 0.574803,
        0.252537 0.190361 0.574803,
        0.250681 0.183952 0.574803,
        0.249588 0.183753 0.574803,
        0.247424 0.183898 0.574803,
        0.082265 0.179804 0.574803,
        0.081154 0.179503 0.574803,
        0.080429 0.179469 0.574803,
        0.078312 0.181491 0.574803,
        0.078383 0.181926 0.574803,
        0.079222 0.187295 0.574803,
        0.079028 0.250135 0.574803,
        0.079709 0.250472 0.574803,
        0.153933 0.249403 0.574803,
        0.154395 0.249226 0.574803,
        0.151667 0.248806 0.574803,
        0.152320 0.249181 0.574803,
        0.152936 0.249398 0.574803,
        0.155648 0.247439 0.574803,
        0.155689 0.246774 0.574803,
        0.230981 0.244802 0.574803,
        0.232771 0.240968 0.574803,
        0.242780 0.254902 0.574803,
        0.242891 0.253773 0.574803,
        0.242893 0.253569 0.574803,
        0.079860 0.179449 0.574803,
        0.079270 0.179415 0.574803,
        0.079814 0.192107 0.574803,
        0.079809 0.196943 0.574803,
        0.079809 0.197781 0.574803,
        0.076957 0.219887 0.574803,
        0.074987 0.229638 0.574803,
        0.243145 0.249333 0.574803,
        0.245777 0.227893 0.574803,
        0.087330 0.183458 0.574803,
        0.085064 0.181600 0.574803,
        0.083507 0.180450 0.574803,
        0.079673 0.203325 0.574803,
        0.078928 0.208813 0.574803,
        0.072167 0.237398 0.574803,
        0.071294 0.238846 0.574803,
        0.150865 0.248200 0.574803,
        0.240287 0.185722 0.574803,
        0.232952 0.186456 0.574803,
        0.227583 0.186456 0.574803,
        0.090841 0.186456 0.574803,
        0.220494 0.186750 0.574803,
        0.224039 0.186629 0.574803,
        -0.043939 0.610236 0.574803,
        -0.229978 0.610236 0.574803,
        -0.255999 0.610236 0.574803,
        -0.279459 0.610236 0.574803,
        -0.281504 0.610236 0.574803,
        -0.464758 0.610236 0.574803,
        -0.610236 0.610236 0.574803,
        -0.040948 -0.033970 0.574803,
        -0.040948 -0.022331 0.574803,
        -0.040948 0.040567 0.574803,
        -0.040948 0.074825 0.574803,
        -0.040948 0.130941 0.574803,
        -0.040948 0.142106 0.574803,
        -0.040948 0.168790 0.574803,
        -0.040948 0.270718 0.574803,
        -0.040948 0.610236 0.574803,
        0.254291 0.074825 0.574803,
        0.254291 0.130941 0.574803,
        0.254291 0.142106 0.574803,
        0.254291 0.168790 0.574803,
        0.254291 0.270718 0.574803,
        0.254291 0.610236 0.574803,
        0.580709 -0.344314 0.574803,
        0.580709 -0.263354 0.574803,
        0.580709 -0.254494 0.574803,
        0.580709 -0.234989 0.574803,
        0.580709 -0.161098 0.574803,
        0.580709 -0.148916 0.574803,
        0.580709 -0.134802 0.574803,
        0.580709 -0.048549 0.574803,
        0.580709 -0.033970 0.574803,
        0.580709 -0.022331 0.574803,
        0.580709 0.040567 0.574803,
        0.580709 0.074825 0.574803,
        0.580709 0.130941 0.574803,
        0.580709 0.142106 0.574803,
        0.580709 0.168790 0.574803,
        0.580709 0.270718 0.574803,
        0.580709 0.610236 0.574803,
        0.610236 -0.353596 0.574803,
        0.610236 -0.344314 0.574803,
        0.610236 -0.263354 0.574803,
        0.610236 -0.254494 0.574803,
        0.610236 -0.234989 0.574803,
        0.610236 -0.161098 0.574803,
        0.610236 -0.148916 0.574803,
        0.610236 -0.134802 0.574803,
        0.610236 -0.048549 0.574803,
        0.610236 -0.033970 0.574803,
        0.610236 -0.022331 0.574803,
        0.610236 0.040567 0.574803,
        0.610236 0.074825 0.574803,
        0.610236 0.130941 0.574803,
        0.610236 0.142106 0.574803,
        0.610236 0.168790 0.574803,
        0.610236 0.270718 0.574803,
        0.610236 0.610236 0.574803,
        0.344488 0.531496 0.003937,
        0.261811 0.531496 0.003937,
        0.261811 0.649606 0.003937,
        0.649606 0.610236 0.003937,
        0.649606 0.456693 0.003937,
        0.462598 0.456693 0.003937,
        0.648265 0.620426 0.003937,
        0.261811 -0.649606 0.003937,
        0.261811 -0.531496 0.003937,
        0.344488 -0.531496 0.003937,
        0.649606 0.318898 0.003937,
        0.649606 0.196850 0.003937,
        0.462598 0.318898 0.003937,
        0.462598 0.196850 0.003937,
        0.462598 0.059055 0.003937,
        0.610236 -0.649606 0.003937,
        0.462598 -0.456693 0.003937,
        0.462598 -0.072622 0.003937,
        0.649606 -0.072622 0.003937,
        0.649606 0.059055 0.003937,
        0.610236 0.649606 0.003937,
        0.620426 0.648265 0.003937,
        0.629921 0.644332 0.003937,
        0.629921 -0.644332 0.003937,
        0.649606 -0.610236 0.003937,
        0.638075 -0.638075 0.003937,
        0.648265 -0.620426 0.003937,
        0.644332 -0.629921 0.003937,
        0.638075 0.638075 0.003937,
        0.644332 0.629921 0.003937,
        0.649606 -0.456693 0.003937,
        0.620426 -0.648265 0.003937,
        0.649606 -0.332464 0.078740,
        0.649606 -0.332464 0.003937,
        0.649606 -0.196850 0.003937,
        0.649606 -0.196850 0.078740,
        0.649606 -0.072622 0.078740,
        0.649606 0.610236 0.535433,
        0.649606 -0.456693 0.078740,
        0.649606 -0.610236 0.535433,
        0.649606 0.059055 0.078740,
        0.649606 0.196850 0.078740,
        0.649606 0.456693 0.078740,
        0.649606 0.318898 0.078740,
        -0.183071 0.531496 0.003937,
        -0.183071 0.649606 0.003937,
        0.183071 0.531496 0.003937,
        0.183071 0.649606 0.003937,
        -0.462598 -0.059055 0.003937,
        -0.649606 -0.059055 0.003937,
        -0.649606 0.059055 0.003937,
        -0.462598 0.318898 0.003937,
        -0.462598 0.456693 0.003937,
        -0.344488 0.531496 0.003937,
        -0.344488 -0.531496 0.003937,
        -0.462598 0.059055 0.003937,
        -0.462598 0.196850 0.003937,
        -0.649606 0.196850 0.003937,
        -0.649606 0.318898 0.003937,
        -0.649606 0.456693 0.003937,
        -0.649606 0.610236 0.003937,
        -0.648265 0.620426 0.003937,
        -0.261811 -0.531496 0.003937,
        -0.261811 -0.649606 0.003937,
        -0.610236 -0.649606 0.003937,
        -0.620426 -0.648265 0.003937,
        -0.462598 -0.456693 0.003937,
        -0.462598 -0.318898 0.003937,
        -0.649606 -0.318898 0.003937,
        -0.649606 -0.196850 0.003937,
        -0.462598 -0.196850 0.003937,
        -0.644332 0.629921 0.003937,
        -0.638075 0.638075 0.003937,
        -0.629921 0.644332 0.003937,
        -0.261811 0.649606 0.003937,
        -0.261811 0.531496 0.003937,
        -0.610236 0.649606 0.003937,
        -0.620426 0.648265 0.003937,
        -0.629921 -0.644332 0.003937,
        -0.638075 -0.638075 0.003937,
        -0.644332 -0.629921 0.003937,
        -0.649606 -0.456693 0.003937,
        -0.649606 -0.610236 0.003937,
        -0.648265 -0.620426 0.003937,
        0.553150 -0.332464 0.003937,
        0.553150 -0.196850 0.003937,
        -0.261811 0.649606 0.078740,
        0.157480 0.649606 0.377953,
        0.098425 0.649606 0.181102,
        0.098425 0.649606 0.220472,
        0.196850 0.649606 0.338583,
        0.196850 0.649606 0.377953,
        0.610236 0.649606 0.535433,
        -0.610236 0.649606 0.535433,
        -0.157480 0.649606 0.338583,
        -0.157480 0.649606 0.377953,
        0.059055 0.649606 0.220472,
        0.183071 0.649606 0.078740,
        -0.183071 0.649606 0.078740,
        -0.295276 0.649606 0.220472,
        -0.295276 0.649606 0.181102,
        0.261811 0.649606 0.078740,
        0.157480 0.649606 0.338583,
        -0.255906 0.649606 0.181102,
        -0.196850 0.649606 0.377953,
        -0.196850 0.649606 0.338583,
        -0.255906 0.649606 0.220472,
        0.059055 0.649606 0.181102,
        -0.183071 -0.649606 0.003937,
        0.183071 -0.649606 0.003937,
        0.183071 -0.649606 0.078740,
        0.261811 -0.649606 0.078740,
        0.610236 -0.649606 0.535433,
        0.000000 -0.649606 0.259843,
        0.039370 -0.649606 0.259843,
        0.011811 -0.649606 0.338583,
        -0.183071 -0.649606 0.078740,
        -0.027559 -0.649606 0.338583,
        -0.261811 -0.649606 0.078740,
        -0.610236 -0.649606 0.535433,
        -0.027559 -0.649606 0.377953,
        0.011811 -0.649606 0.377953,
        0.039370 -0.649606 0.220472,
        -0.000000 -0.649606 0.220472,
        -0.649606 -0.196850 0.078740,
        -0.649606 0.318898 0.078740,
        -0.649606 -0.610236 0.535433,
        -0.649606 0.456693 0.078740,
        -0.649606 0.610236 0.535433,
        -0.649606 -0.456693 0.078740,
        -0.649606 -0.318898 0.078740,
        -0.649606 0.196850 0.078740,
        -0.649606 0.059055 0.078740,
        -0.649606 -0.059055 0.078740,
        0.183071 -0.531496 0.003937,
        -0.183071 -0.531496 0.003937,
      ]
    }
    coordIndex [
      0, 1, 2, -1,
      3, 4, 5, -1,
      6, 7, 8, -1,
      9, 10, 11, -1,
      12, 13, 14, -1,
      15, 16, 17, -1,
      18, 19, 20, -1,
      21, 22, 23, -1,
      24, 25, 26, -1,
      27, 28, 29, -1,
      29, 28, 30, -1,
      31, 32, 33, -1,
      34, 35, 36, -1,
      25, 37, 27, -1,
      30, 38, 29, -1,
      29, 38, 39, -1,
      29, 39, 40, -1,
      41, 42, 43, -1,
      43, 42, 44, -1,
      45, 46, 25, -1,
      25, 46, 47, -1,
      34, 36, 40, -1,
      40, 36, 48, -1,
      40, 48, 29, -1,
      41, 49, 42, -1,
      42, 49, 50, -1,
      42, 50, 51, -1,
      52, 53, 54, -1,
      51, 31, 42, -1,
      42, 31, 33, -1,
      42, 33, 55, -1,
      55, 33, 56, -1,
      55, 56, 57, -1,
      57, 56, 58, -1,
      53, 59, 54, -1,
      54, 59, 60, -1,
      54, 60, 61, -1,
      61, 60, 62, -1,
      61, 62, 58, -1,
      58, 62, 63, -1,
      58, 63, 57, -1,
      47, 64, 25, -1,
      25, 64, 65, -1,
      25, 65, 66, -1,
      67, 68, 69, -1,
      67, 69, 54, -1,
      54, 69, 70, -1,
      54, 70, 52, -1,
      66, 71, 25, -1,
      25, 71, 72, -1,
      25, 72, 37, -1,
      68, 67, 25, -1,
      25, 67, 73, -1,
      25, 73, 45, -1,
      27, 29, 25, -1,
      25, 29, 74, -1,
      25, 74, 26, -1,
      75, 76, 77, -1,
      78, 79, 80, -1,
      80, 79, 81, -1,
      80, 81, 26, -1,
      26, 81, 82, -1,
      26, 82, 24, -1,
      77, 83, 75, -1,
      75, 83, 84, -1,
      75, 84, 85, -1,
      78, 80, 86, -1,
      86, 80, 87, -1,
      86, 87, 84, -1,
      84, 87, 88, -1,
      84, 88, 89, -1,
      89, 90, 84, -1,
      84, 90, 91, -1,
      84, 91, 85, -1,
      85, 91, 92, -1,
      92, 93, 85, -1,
      85, 93, 94, -1,
      85, 94, 95, -1,
      95, 96, 85, -1,
      85, 96, 97, -1,
      85, 97, 98, -1,
      98, 99, 85, -1,
      85, 99, 100, -1,
      85, 100, 101, -1,
      101, 100, 102, -1,
      101, 102, 103, -1,
      103, 104, 101, -1,
      101, 104, 105, -1,
      101, 105, 106, -1,
      107, 108, 109, -1,
      109, 108, 110, -1,
      109, 110, 75, -1,
      75, 110, 111, -1,
      75, 111, 76, -1,
      107, 109, 112, -1,
      112, 109, 113, -1,
      112, 113, 114, -1,
      115, 116, 117, -1,
      117, 116, 118, -1,
      117, 118, 119, -1,
      120, 121, 122, -1,
      122, 121, 123, -1,
      124, 125, 121, -1,
      121, 125, 126, -1,
      127, 128, 129, -1,
      129, 128, 130, -1,
      129, 130, 131, -1,
      131, 130, 132, -1,
      120, 133, 121, -1,
      121, 133, 134, -1,
      121, 134, 135, -1,
      135, 134, 136, -1,
      135, 136, 137, -1,
      137, 136, 138, -1,
      139, 140, 117, -1,
      117, 140, 141, -1,
      117, 141, 115, -1,
      119, 142, 117, -1,
      117, 142, 143, -1,
      117, 143, 113, -1,
      113, 143, 144, -1,
      113, 144, 114, -1,
      126, 145, 121, -1,
      121, 145, 146, -1,
      121, 146, 123, -1,
      127, 129, 147, -1,
      147, 129, 148, -1,
      147, 148, 149, -1,
      149, 148, 136, -1,
      136, 148, 150, -1,
      136, 150, 138, -1,
      124, 151, 152, -1,
      153, 154, 155, -1,
      155, 154, 156, -1,
      155, 156, 124, -1,
      106, 157, 101, -1,
      101, 157, 158, -1,
      101, 158, 155, -1,
      155, 158, 159, -1,
      155, 159, 153, -1,
      160, 161, 162, -1,
      163, 164, 165, -1,
      165, 164, 166, -1,
      165, 166, 167, -1,
      164, 168, 166, -1,
      166, 168, 169, -1,
      166, 169, 170, -1,
      170, 169, 171, -1,
      172, 173, 174, -1,
      174, 173, 175, -1,
      172, 176, 173, -1,
      173, 176, 177, -1,
      173, 177, 178, -1,
      179, 180, 181, -1,
      182, 183, 184, -1,
      184, 183, 185, -1,
      184, 185, 186, -1,
      171, 187, 170, -1,
      170, 187, 183, -1,
      170, 183, 188, -1,
      188, 183, 182, -1,
      178, 160, 173, -1,
      173, 160, 162, -1,
      173, 162, 189, -1,
      189, 162, 190, -1,
      189, 190, 191, -1,
      191, 190, 192, -1,
      180, 193, 181, -1,
      181, 193, 194, -1,
      181, 194, 195, -1,
      195, 194, 196, -1,
      195, 196, 192, -1,
      192, 196, 197, -1,
      192, 197, 191, -1,
      198, 199, 165, -1,
      165, 199, 200, -1,
      165, 200, 201, -1,
      201, 202, 165, -1,
      165, 202, 203, -1,
      165, 203, 204, -1,
      205, 206, 207, -1,
      207, 206, 208, -1,
      207, 208, 181, -1,
      181, 208, 209, -1,
      181, 209, 179, -1,
      204, 210, 165, -1,
      165, 210, 211, -1,
      165, 211, 163, -1,
      198, 165, 207, -1,
      207, 165, 212, -1,
      207, 212, 205, -1,
      213, 214, 215, -1,
      215, 214, 216, -1,
      215, 216, 166, -1,
      166, 216, 217, -1,
      166, 217, 167, -1,
      218, 219, 220, -1,
      220, 219, 221, -1,
      220, 221, 214, -1,
      213, 222, 214, -1,
      214, 222, 223, -1,
      214, 223, 224, -1,
      225, 226, 227, -1,
      227, 226, 228, -1,
      227, 228, 229, -1,
      229, 230, 227, -1,
      227, 230, 231, -1,
      227, 231, 232, -1,
      232, 233, 227, -1,
      227, 233, 234, -1,
      227, 234, 235, -1,
      235, 234, 236, -1,
      235, 236, 237, -1,
      237, 238, 235, -1,
      235, 238, 239, -1,
      235, 239, 240, -1,
      241, 242, 243, -1,
      244, 75, 245, -1,
      245, 75, 246, -1,
      242, 247, 243, -1,
      243, 247, 248, -1,
      243, 248, 220, -1,
      220, 248, 249, -1,
      220, 249, 218, -1,
      250, 251, 85, -1,
      85, 251, 252, -1,
      85, 252, 253, -1,
      254, 255, 75, -1,
      75, 255, 256, -1,
      75, 256, 246, -1,
      85, 257, 258, -1,
      259, 260, 261, -1,
      261, 260, 262, -1,
      261, 262, 263, -1,
      263, 262, 264, -1,
      265, 266, 267, -1,
      267, 266, 268, -1,
      267, 268, 269, -1,
      258, 270, 85, -1,
      85, 270, 271, -1,
      85, 271, 250, -1,
      259, 261, 272, -1,
      272, 261, 273, -1,
      272, 273, 274, -1,
      274, 273, 267, -1,
      267, 273, 275, -1,
      267, 275, 265, -1,
      253, 269, 85, -1,
      85, 269, 268, -1,
      85, 268, 75, -1,
      75, 268, 276, -1,
      75, 276, 254, -1,
      244, 277, 75, -1,
      75, 277, 278, -1,
      75, 278, 243, -1,
      243, 278, 279, -1,
      243, 279, 241, -1,
      280, 281, 282, -1,
      283, 284, 235, -1,
      235, 284, 280, -1,
      285, 283, 286, -1,
      286, 283, 235, -1,
      286, 235, 287, -1,
      287, 235, 240, -1,
      288, 289, 290, -1,
      291, 292, 293, -1,
      290, 294, 293, -1,
      293, 294, 295, -1,
      293, 295, 291, -1,
      296, 297, 298, -1,
      292, 299, 293, -1,
      293, 299, 300, -1,
      293, 300, 301, -1,
      301, 300, 296, -1,
      301, 296, 302, -1,
      302, 296, 298, -1,
      303, 304, 305, -1,
      305, 304, 289, -1,
      303, 306, 307, -1,
      303, 307, 308, -1,
      309, 310, 308, -1,
      311, 312, 313, -1,
      314, 315, 309, -1,
      309, 315, 316, -1,
      309, 316, 310, -1,
      317, 318, 309, -1,
      309, 318, 319, -1,
      309, 319, 314, -1,
      320, 321, 322, -1,
      323, 324, 320, -1,
      325, 324, 326, -1,
      326, 324, 323, -1,
      326, 323, 327, -1,
      327, 323, 328, -1,
      329, 330, 331, -1,
      331, 330, 288, -1,
      331, 288, 332, -1,
      332, 288, 333, -1,
      334, 335, 323, -1,
      323, 335, 336, -1,
      323, 336, 328, -1,
      337, 338, 334, -1,
      290, 293, 288, -1,
      288, 293, 339, -1,
      288, 339, 333, -1,
      329, 340, 330, -1,
      330, 340, 341, -1,
      330, 341, 342, -1,
      337, 334, 343, -1,
      342, 344, 330, -1,
      330, 344, 345, -1,
      330, 345, 343, -1,
      338, 346, 334, -1,
      334, 346, 347, -1,
      334, 347, 348, -1,
      348, 349, 334, -1,
      334, 349, 350, -1,
      334, 350, 335, -1,
      351, 352, 353, -1,
      354, 355, 356, -1,
      356, 355, 357, -1,
      358, 359, 360, -1,
      361, 362, 363, -1,
      363, 362, 364, -1,
      363, 364, 365, -1,
      366, 367, 355, -1,
      355, 367, 368, -1,
      355, 368, 357, -1,
      369, 370, 371, -1,
      371, 370, 372, -1,
      373, 374, 375, -1,
      376, 377, 358, -1,
      358, 377, 378, -1,
      358, 378, 359, -1,
      360, 379, 358, -1,
      358, 379, 380, -1,
      358, 380, 381, -1,
      363, 382, 383, -1,
      384, 385, 386, -1,
      386, 385, 387, -1,
      386, 387, 388, -1,
      389, 390, 387, -1,
      387, 390, 391, -1,
      387, 391, 388, -1,
      372, 392, 371, -1,
      371, 392, 393, -1,
      371, 393, 394, -1,
      395, 396, 397, -1,
      397, 396, 398, -1,
      397, 398, 399, -1,
      397, 400, 401, -1,
      383, 402, 363, -1,
      363, 402, 403, -1,
      363, 403, 361, -1,
      404, 405, 406, -1,
      406, 405, 407, -1,
      406, 407, 408, -1,
      399, 409, 397, -1,
      397, 409, 410, -1,
      397, 410, 411, -1,
      411, 412, 397, -1,
      397, 412, 413, -1,
      397, 413, 400, -1,
      353, 352, 401, -1,
      414, 415, 363, -1,
      363, 415, 416, -1,
      363, 416, 355, -1,
      355, 416, 417, -1,
      355, 417, 366, -1,
      354, 418, 355, -1,
      355, 418, 419, -1,
      355, 419, 371, -1,
      371, 419, 420, -1,
      371, 420, 369, -1,
      394, 421, 371, -1,
      371, 421, 406, -1,
      371, 406, 397, -1,
      397, 406, 408, -1,
      397, 408, 395, -1,
      375, 381, 422, -1,
      405, 423, 407, -1,
      407, 423, 424, -1,
      407, 424, 425, -1,
      425, 424, 426, -1,
      425, 426, 427, -1,
      428, 429, 430, -1,
      414, 363, 431, -1,
      431, 363, 365, -1,
      431, 365, 432, -1,
      432, 365, 433, -1,
      432, 433, 387, -1,
      387, 433, 434, -1,
      387, 434, 389, -1,
      422, 435, 375, -1,
      375, 435, 436, -1,
      375, 436, 373, -1,
      406, 437, 438, -1,
      375, 439, 381, -1,
      381, 439, 440, -1,
      381, 440, 358, -1,
      358, 440, 441, -1,
      358, 441, 406, -1,
      406, 441, 442, -1,
      406, 442, 443, -1,
      444, 445, 446, -1,
      446, 445, 447, -1,
      446, 447, 448, -1,
      426, 449, 427, -1,
      427, 449, 445, -1,
      427, 445, 450, -1,
      450, 445, 444, -1,
      428, 430, 451, -1,
      429, 452, 430, -1,
      430, 452, 453, -1,
      430, 453, 454, -1,
      454, 453, 455, -1,
      438, 456, 406, -1,
      406, 456, 457, -1,
      406, 457, 458, -1,
      459, 351, 460, -1,
      460, 351, 353, -1,
      460, 353, 461, -1,
      461, 353, 462, -1,
      461, 462, 463, -1,
      463, 462, 464, -1,
      376, 465, 377, -1,
      377, 465, 466, -1,
      377, 466, 430, -1,
      430, 466, 467, -1,
      430, 467, 451, -1,
      443, 468, 406, -1,
      406, 468, 469, -1,
      406, 469, 437, -1,
      458, 470, 406, -1,
      406, 470, 471, -1,
      406, 471, 404, -1,
      352, 472, 473, -1,
      382, 363, 472, -1,
      472, 363, 474, -1,
      472, 474, 473, -1,
      475, 476, 477, -1,
      21, 23, 478, -1,
      475, 477, 479, -1,
      479, 477, 480, -1,
      479, 480, 23, -1,
      23, 480, 481, -1,
      23, 481, 478, -1,
      482, 483, 22, -1,
      22, 483, 484, -1,
      22, 484, 23, -1,
      485, 486, 487, -1,
      488, 489, 490, -1,
      491, 492, 493, -1,
      494, 495, 491, -1,
      491, 495, 496, -1,
      491, 496, 492, -1,
      490, 497, 488, -1,
      488, 497, 498, -1,
      488, 498, 493, -1,
      499, 500, 487, -1,
      487, 500, 501, -1,
      501, 502, 487, -1,
      487, 502, 503, -1,
      487, 503, 485, -1,
      504, 505, 506, -1,
      505, 507, 506, -1,
      506, 507, 508, -1,
      506, 508, 509, -1,
      510, 511, 512, -1,
      512, 511, 513, -1,
      512, 513, 504, -1,
      514, 515, 516, -1,
      516, 515, 517, -1,
      516, 517, 518, -1,
      518, 519, 516, -1,
      516, 519, 520, -1,
      516, 520, 512, -1,
      512, 520, 521, -1,
      512, 521, 510, -1,
      514, 516, 522, -1,
      522, 516, 523, -1,
      522, 523, 524, -1,
      525, 526, 527, -1,
      527, 528, 523, -1,
      523, 528, 529, -1,
      523, 529, 530, -1,
      530, 531, 523, -1,
      523, 531, 532, -1,
      523, 532, 524, -1,
      533, 534, 535, -1,
      536, 537, 538, -1,
      538, 537, 539, -1,
      538, 539, 540, -1,
      540, 539, 541, -1,
      540, 541, 535, -1,
      535, 541, 542, -1,
      535, 542, 533, -1,
      533, 542, 526, -1,
      534, 533, 543, -1,
      543, 533, 544, -1,
      543, 544, 545, -1,
      546, 547, 548, -1,
      548, 547, 549, -1,
      550, 549, 551, -1,
      551, 549, 552, -1,
      545, 548, 553, -1,
      553, 548, 549, -1,
      553, 549, 554, -1,
      554, 549, 550, -1,
      555, 556, 557, -1,
      552, 549, 558, -1,
      558, 549, 559, -1,
      558, 559, 557, -1,
      557, 559, 560, -1,
      557, 560, 555, -1,
      561, 483, 562, -1,
      562, 483, 482, -1,
      562, 482, 563, -1,
      563, 482, 564, -1,
      563, 564, 565, -1,
      565, 564, 546, -1,
      566, 567, 568, -1,
      569, 570, 571, -1,
      572, 573, 574, -1,
      574, 573, 575, -1,
      574, 575, 576, -1,
      576, 577, 574, -1,
      574, 577, 578, -1,
      574, 578, 579, -1,
      579, 578, 580, -1,
      570, 581, 571, -1,
      571, 581, 582, -1,
      571, 582, 572, -1,
      566, 568, 571, -1,
      571, 568, 583, -1,
      571, 583, 569, -1,
      584, 585, 586, -1,
      585, 587, 586, -1,
      586, 587, 588, -1,
      586, 588, 566, -1,
      566, 588, 589, -1,
      566, 589, 567, -1,
      580, 590, 579, -1,
      579, 590, 591, -1,
      579, 591, 0, -1,
      0, 591, 592, -1,
      0, 592, 593, -1,
      593, 594, 0, -1,
      0, 594, 595, -1,
      0, 595, 586, -1,
      586, 595, 596, -1,
      586, 596, 584, -1,
      597, 598, 599, -1,
      599, 598, 600, -1,
      599, 600, 601, -1,
      602, 603, 604, -1,
      605, 606, 607, -1,
      607, 606, 608, -1,
      609, 610, 611, -1,
      611, 610, 607, -1,
      611, 607, 612, -1,
      604, 613, 602, -1,
      602, 613, 614, -1,
      602, 614, 605, -1,
      599, 615, 597, -1,
      597, 615, 616, -1,
      597, 616, 608, -1,
      616, 617, 608, -1,
      608, 617, 618, -1,
      608, 618, 607, -1,
      607, 618, 619, -1,
      607, 619, 612, -1,
      609, 620, 610, -1,
      610, 620, 621, -1,
      610, 621, 622, -1,
      622, 623, 610, -1,
      610, 623, 624, -1,
      610, 624, 625, -1,
      625, 624, 626, -1,
      625, 626, 627, -1,
      628, 629, 603, -1,
      603, 629, 630, -1,
      603, 630, 631, -1,
      627, 632, 625, -1,
      625, 632, 633, -1,
      625, 633, 634, -1,
      634, 635, 625, -1,
      625, 635, 636, -1,
      625, 636, 637, -1,
      638, 639, 640, -1,
      640, 639, 641, -1,
      642, 643, 639, -1,
      639, 643, 644, -1,
      639, 644, 641, -1,
      645, 646, 628, -1,
      647, 648, 628, -1,
      628, 648, 649, -1,
      628, 649, 629, -1,
      631, 650, 603, -1,
      603, 650, 651, -1,
      603, 651, 604, -1,
      645, 628, 652, -1,
      646, 653, 628, -1,
      628, 653, 654, -1,
      628, 654, 647, -1,
      639, 655, 642, -1,
      642, 655, 656, -1,
      642, 656, 628, -1,
      628, 656, 657, -1,
      628, 657, 652, -1,
      658, 659, 660, -1,
      660, 659, 661, -1,
      662, 663, 664, -1,
      665, 666, 667, -1,
      667, 666, 668, -1,
      667, 668, 669, -1,
      669, 668, 670, -1,
      669, 670, 671, -1,
      672, 673, 669, -1,
      669, 673, 674, -1,
      661, 659, 675, -1,
      675, 659, 676, -1,
      675, 676, 677, -1,
      671, 678, 669, -1,
      669, 678, 679, -1,
      669, 679, 672, -1,
      663, 680, 664, -1,
      664, 680, 681, -1,
      664, 681, 682, -1,
      682, 683, 664, -1,
      664, 683, 684, -1,
      664, 684, 685, -1,
      685, 684, 686, -1,
      685, 686, 687, -1,
      676, 688, 677, -1,
      677, 688, 689, -1,
      677, 689, 664, -1,
      664, 689, 690, -1,
      664, 690, 662, -1,
      691, 692, 693, -1,
      694, 695, 696, -1,
      697, 698, 699, -1,
      699, 698, 695, -1,
      699, 695, 700, -1,
      700, 695, 694, -1,
      687, 701, 685, -1,
      685, 701, 702, -1,
      685, 702, 693, -1,
      693, 702, 703, -1,
      693, 703, 691, -1,
      704, 705, 706, -1,
      706, 707, 667, -1,
      667, 707, 708, -1,
      667, 708, 665, -1,
      705, 709, 706, -1,
      706, 709, 710, -1,
      706, 710, 707, -1,
      711, 712, 706, -1,
      706, 712, 713, -1,
      706, 713, 704, -1,
      696, 711, 694, -1,
      694, 711, 706, -1,
      694, 706, 714, -1,
      714, 706, 693, -1,
      714, 693, 715, -1,
      715, 693, 692, -1,
      697, 716, 698, -1,
      698, 716, 717, -1,
      698, 717, 718, -1,
      706, 719, 720, -1,
      720, 721, 706, -1,
      706, 721, 722, -1,
      706, 722, 723, -1,
      724, 725, 726, -1,
      727, 728, 729, -1,
      729, 728, 730, -1,
      729, 730, 731, -1,
      732, 733, 734, -1,
      734, 733, 735, -1,
      734, 735, 706, -1,
      706, 735, 736, -1,
      706, 736, 719, -1,
      737, 738, 724, -1,
      739, 693, 740, -1,
      740, 693, 741, -1,
      742, 743, 744, -1,
      723, 745, 706, -1,
      706, 745, 746, -1,
      706, 746, 693, -1,
      693, 746, 747, -1,
      693, 747, 741, -1,
      748, 749, 746, -1,
      746, 749, 750, -1,
      746, 750, 747, -1,
      739, 751, 693, -1,
      693, 751, 752, -1,
      693, 752, 753, -1,
      753, 754, 693, -1,
      693, 754, 755, -1,
      693, 755, 756, -1,
      757, 758, 759, -1,
      759, 758, 760, -1,
      759, 760, 731, -1,
      731, 760, 761, -1,
      731, 761, 729, -1,
      726, 762, 724, -1,
      724, 762, 763, -1,
      724, 763, 737, -1,
      764, 765, 727, -1,
      749, 766, 750, -1,
      750, 766, 767, -1,
      750, 767, 768, -1,
      768, 767, 769, -1,
      768, 769, 743, -1,
      743, 769, 770, -1,
      743, 770, 744, -1,
      746, 771, 772, -1,
      773, 774, 775, -1,
      727, 765, 746, -1,
      746, 765, 776, -1,
      746, 776, 777, -1,
      778, 779, 780, -1,
      780, 779, 773, -1,
      780, 773, 781, -1,
      781, 773, 775, -1,
      781, 775, 782, -1,
      782, 775, 693, -1,
      782, 693, 783, -1,
      783, 693, 756, -1,
      772, 784, 746, -1,
      746, 784, 785, -1,
      746, 785, 786, -1,
      777, 787, 746, -1,
      746, 787, 788, -1,
      746, 788, 771, -1,
      786, 789, 746, -1,
      746, 789, 790, -1,
      746, 790, 748, -1,
      791, 792, 729, -1,
      791, 729, 793, -1,
      792, 794, 729, -1,
      729, 794, 726, -1,
      729, 726, 727, -1,
      727, 726, 725, -1,
      727, 725, 764, -1,
      795, 796, 797, -1,
      729, 798, 793, -1,
      793, 798, 799, -1,
      793, 799, 800, -1,
      800, 799, 797, -1,
      800, 797, 801, -1,
      801, 797, 796, -1,
      802, 803, 797, -1,
      797, 803, 804, -1,
      797, 804, 795, -1,
      805, 806, 807, -1,
      807, 806, 734, -1,
      734, 806, 808, -1,
      734, 808, 732, -1,
      809, 810, 811, -1,
      812, 813, 807, -1,
      807, 813, 814, -1,
      807, 814, 805, -1,
      815, 816, 812, -1,
      812, 816, 817, -1,
      812, 817, 813, -1,
      818, 819, 820, -1,
      820, 819, 821, -1,
      820, 821, 822, -1,
      820, 823, 824, -1,
      825, 826, 810, -1,
      810, 826, 827, -1,
      810, 827, 811, -1,
      824, 828, 820, -1,
      820, 828, 829, -1,
      820, 829, 818, -1,
      830, 831, 832, -1,
      815, 812, 833, -1,
      833, 812, 820, -1,
      833, 820, 811, -1,
      811, 820, 822, -1,
      811, 822, 809, -1,
      825, 830, 826, -1,
      826, 830, 832, -1,
      826, 832, 834, -1,
      834, 832, 835, -1,
      834, 835, 836, -1,
      837, 838, 839, -1,
      839, 838, 840, -1,
      839, 840, 841, -1,
      841, 840, 842, -1,
      841, 842, 835, -1,
      835, 842, 843, -1,
      835, 843, 836, -1,
      19, 844, 845, -1,
      823, 820, 844, -1,
      844, 820, 846, -1,
      844, 846, 845, -1,
      774, 847, 775, -1,
      775, 847, 848, -1,
      775, 848, 20, -1,
      20, 848, 849, -1,
      20, 849, 18, -1,
      16, 15, 850, -1,
      850, 15, 851, -1,
      850, 851, 852, -1,
      852, 851, 853, -1,
      852, 853, 744, -1,
      744, 853, 854, -1,
      744, 854, 742, -1,
      855, 856, 857, -1,
      858, 859, 855, -1,
      860, 861, 862, -1,
      862, 861, 863, -1,
      864, 865, 866, -1,
      864, 866, 867, -1,
      864, 868, 869, -1,
      862, 870, 864, -1,
      864, 870, 871, -1,
      864, 871, 868, -1,
      869, 872, 864, -1,
      864, 872, 873, -1,
      864, 873, 865, -1,
      866, 874, 867, -1,
      867, 874, 875, -1,
      867, 875, 876, -1,
      855, 857, 858, -1,
      858, 857, 877, -1,
      858, 877, 863, -1,
      863, 877, 878, -1,
      863, 878, 862, -1,
      862, 878, 879, -1,
      862, 879, 870, -1,
      11, 880, 860, -1,
      860, 880, 881, -1,
      860, 881, 861, -1,
      882, 883, 884, -1,
      884, 883, 885, -1,
      884, 885, 886, -1,
      887, 888, 889, -1,
      889, 888, 890, -1,
      890, 888, 891, -1,
      891, 888, 892, -1,
      891, 892, 893, -1,
      893, 892, 894, -1,
      893, 894, 895, -1,
      896, 897, 885, -1,
      885, 897, 898, -1,
      885, 898, 899, -1,
      900, 901, 885, -1,
      885, 901, 902, -1,
      885, 902, 903, -1,
      903, 904, 885, -1,
      885, 904, 905, -1,
      885, 905, 896, -1,
      899, 906, 885, -1,
      885, 906, 907, -1,
      885, 907, 908, -1,
      909, 910, 911, -1,
      911, 910, 900, -1,
      908, 912, 885, -1,
      885, 912, 913, -1,
      885, 913, 886, -1,
      886, 913, 914, -1,
      886, 914, 915, -1,
      916, 917, 911, -1,
      911, 917, 918, -1,
      911, 918, 909, -1,
      895, 919, 893, -1,
      893, 919, 920, -1,
      893, 920, 911, -1,
      911, 920, 921, -1,
      911, 921, 916, -1,
      900, 885, 911, -1,
      911, 885, 922, -1,
      911, 922, 923, -1,
      923, 922, 924, -1,
      923, 924, 925, -1,
      925, 924, 926, -1,
      926, 924, 927, -1,
      926, 927, 928, -1,
      929, 930, 931, -1,
      929, 932, 933, -1,
      929, 933, 930, -1,
      930, 933, 934, -1,
      930, 934, 935, -1,
      876, 936, 867, -1,
      867, 936, 937, -1,
      867, 937, 929, -1,
      929, 937, 938, -1,
      929, 938, 932, -1,
      939, 940, 855, -1,
      855, 940, 941, -1,
      855, 941, 942, -1,
      942, 943, 855, -1,
      855, 943, 944, -1,
      855, 944, 856, -1,
      945, 946, 947, -1,
      948, 949, 950, -1,
      950, 949, 951, -1,
      947, 946, 952, -1,
      952, 946, 953, -1,
      952, 953, 954, -1,
      955, 956, 957, -1,
      958, 959, 960, -1,
      960, 959, 957, -1,
      960, 957, 961, -1,
      961, 957, 956, -1,
      950, 962, 954, -1,
      954, 962, 955, -1,
      954, 955, 952, -1,
      951, 963, 950, -1,
      950, 963, 964, -1,
      950, 964, 962, -1,
      965, 966, 864, -1,
      967, 968, 862, -1,
      958, 969, 959, -1,
      959, 969, 970, -1,
      959, 970, 971, -1,
      972, 973, 947, -1,
      947, 973, 974, -1,
      975, 976, 862, -1,
      862, 976, 977, -1,
      862, 977, 967, -1,
      968, 978, 862, -1,
      862, 978, 979, -1,
      862, 979, 947, -1,
      947, 979, 980, -1,
      947, 980, 972, -1,
      974, 981, 947, -1,
      947, 981, 982, -1,
      947, 982, 945, -1,
      971, 983, 959, -1,
      959, 983, 984, -1,
      959, 984, 864, -1,
      864, 984, 985, -1,
      864, 985, 965, -1,
      966, 986, 864, -1,
      864, 986, 987, -1,
      864, 987, 988, -1,
      988, 989, 864, -1,
      864, 989, 990, -1,
      864, 990, 862, -1,
      862, 990, 991, -1,
      862, 991, 975, -1,
      992, 993, 994, -1,
      994, 993, 995, -1,
      994, 995, 996, -1,
      997, 949, 998, -1,
      998, 949, 999, -1,
      998, 999, 1000, -1,
      1001, 1002, 1003, -1,
      1003, 1002, 1004, -1,
      1003, 1004, 1005, -1,
      1005, 1006, 1003, -1,
      1003, 1006, 1007, -1,
      1003, 1007, 998, -1,
      996, 1008, 994, -1,
      994, 1008, 1009, -1,
      994, 1009, 1010, -1,
      994, 1011, 1012, -1,
      1000, 1013, 998, -1,
      998, 1013, 1014, -1,
      998, 1014, 1003, -1,
      1010, 1015, 994, -1,
      994, 1015, 1016, -1,
      994, 1016, 1011, -1,
      997, 1017, 949, -1,
      949, 1017, 1018, -1,
      949, 1018, 951, -1,
      951, 1018, 994, -1,
      951, 994, 1019, -1,
      1019, 994, 1012, -1,
      1020, 1021, 117, -1,
      117, 1021, 1022, -1,
      1022, 1023, 117, -1,
      117, 1023, 1024, -1,
      117, 1024, 1025, -1,
      135, 139, 121, -1,
      121, 139, 117, -1,
      121, 117, 1026, -1,
      1026, 117, 1025, -1,
      1027, 1028, 1020, -1,
      1020, 1028, 1029, -1,
      1020, 1029, 1021, -1,
      1030, 1031, 1032, -1,
      1032, 1031, 1033, -1,
      1032, 1033, 1034, -1,
      1026, 1035, 121, -1,
      121, 1035, 1036, -1,
      121, 1036, 1037, -1,
      1037, 1036, 1038, -1,
      1037, 1038, 1039, -1,
      1039, 1040, 1037, -1,
      1037, 1040, 1041, -1,
      1037, 1041, 1042, -1,
      1042, 1043, 1037, -1,
      1037, 1043, 1044, -1,
      1037, 1044, 1045, -1,
      1045, 1044, 1046, -1,
      1047, 1048, 1049, -1,
      1049, 1048, 1050, -1,
      1049, 1050, 1051, -1,
      1046, 1052, 1045, -1,
      1045, 1052, 1053, -1,
      1045, 1053, 1054, -1,
      1055, 1056, 1049, -1,
      1056, 1057, 1049, -1,
      1049, 1057, 1058, -1,
      1049, 1058, 1047, -1,
      1054, 1059, 1045, -1,
      1045, 1059, 1060, -1,
      1045, 1060, 1061, -1,
      1062, 1063, 1064, -1,
      1064, 1063, 1065, -1,
      1066, 1067, 1068, -1,
      1068, 1069, 1070, -1,
      1068, 1070, 1071, -1,
      1071, 1070, 1072, -1,
      1071, 1072, 1073, -1,
      1074, 1075, 1076, -1,
      1077, 1078, 1064, -1,
      1064, 1078, 1079, -1,
      1064, 1079, 1062, -1,
      1062, 1079, 1080, -1,
      1074, 1076, 1081, -1,
      1080, 1082, 1062, -1,
      1062, 1082, 1083, -1,
      1062, 1083, 1074, -1,
      1074, 1083, 1084, -1,
      1074, 1084, 1075, -1,
      1065, 1085, 1064, -1,
      1064, 1085, 1086, -1,
      1064, 1086, 1066, -1,
      1067, 1087, 1068, -1,
      1068, 1087, 1088, -1,
      1068, 1088, 1089, -1,
      1090, 1091, 1092, -1,
      1089, 1093, 1068, -1,
      1068, 1093, 1094, -1,
      1068, 1094, 1095, -1,
      1095, 1096, 1068, -1,
      1068, 1096, 1097, -1,
      1068, 1097, 1069, -1,
      1092, 1098, 1090, -1,
      1090, 1098, 1099, -1,
      1090, 1099, 1076, -1,
      1076, 1099, 1100, -1,
      1076, 1100, 1081, -1,
      1101, 1102, 1103, -1,
      1103, 1102, 1077, -1,
      1103, 1077, 1104, -1,
      1105, 1106, 13, -1,
      13, 1106, 1107, -1,
      13, 1107, 1101, -1,
      12, 1108, 13, -1,
      13, 1108, 1109, -1,
      13, 1109, 1105, -1,
      1110, 1111, 1112, -1,
      1112, 1111, 1071, -1,
      1112, 1071, 1113, -1,
      1113, 1071, 1073, -1,
      1113, 1073, 1114, -1,
      1115, 1116, 1117, -1,
      1118, 1115, 1119, -1,
      1119, 1115, 1120, -1,
      1121, 1122, 1120, -1,
      1120, 1122, 1123, -1,
      1120, 1123, 1119, -1,
      1118, 1124, 1115, -1,
      1115, 1124, 1125, -1,
      1115, 1125, 1116, -1,
      1126, 1127, 1128, -1,
      1128, 1127, 1124, -1,
      1127, 1129, 1124, -1,
      1124, 1129, 1130, -1,
      1124, 1130, 1125, -1,
      1125, 1130, 1131, -1,
      1125, 1131, 1132, -1,
      1133, 1134, 1135, -1,
      1135, 1134, 1136, -1,
      1135, 1136, 1137, -1,
      10, 1138, 11, -1,
      11, 1138, 1139, -1,
      11, 1139, 1133, -1,
      1133, 1139, 1140, -1,
      1133, 1140, 1134, -1,
      1141, 1142, 862, -1,
      1142, 1143, 862, -1,
      862, 1143, 1144, -1,
      862, 1144, 860, -1,
      860, 1144, 1145, -1,
      860, 1145, 1146, -1,
      1146, 1147, 860, -1,
      860, 1147, 1148, -1,
      860, 1148, 11, -1,
      11, 1148, 1149, -1,
      11, 1149, 9, -1,
      1150, 1151, 1152, -1,
      1152, 1151, 1153, -1,
      1150, 1154, 1151, -1,
      1151, 1154, 1155, -1,
      1151, 1155, 1156, -1,
      7, 1157, 1151, -1,
      1151, 1157, 1158, -1,
      1151, 1158, 1153, -1,
      1159, 1160, 1161, -1,
      1161, 1160, 1162, -1,
      1163, 1164, 1165, -1,
      1165, 1164, 1166, -1,
      1165, 1166, 1167, -1,
      1168, 1169, 1170, -1,
      1168, 1170, 306, -1,
      1171, 1172, 1173, -1,
      1173, 1172, 1174, -1,
      1173, 1174, 1175, -1,
      1176, 1177, 1115, -1,
      1115, 1177, 1178, -1,
      1115, 1178, 1120, -1,
      1120, 1178, 1179, -1,
      1120, 1179, 1180, -1,
      1180, 1181, 1120, -1,
      1120, 1181, 1182, -1,
      1120, 1182, 1183, -1,
      1183, 1182, 1184, -1,
      1183, 1184, 1185, -1,
      1185, 1186, 1183, -1,
      1183, 1186, 1187, -1,
      1183, 1187, 1188, -1,
      1175, 1189, 1173, -1,
      1173, 1189, 1190, -1,
      1173, 1190, 1191, -1,
      1188, 1192, 1183, -1,
      1183, 1192, 1193, -1,
      1183, 1193, 1194, -1,
      1191, 1195, 1173, -1,
      1173, 1195, 1196, -1,
      1173, 1196, 1197, -1,
      1198, 1199, 1115, -1,
      1115, 1199, 1200, -1,
      1115, 1200, 1176, -1,
      1197, 1201, 1173, -1,
      1173, 1201, 1202, -1,
      1173, 1202, 1115, -1,
      1115, 1202, 1203, -1,
      1115, 1203, 1198, -1,
      1204, 1205, 1173, -1,
      1173, 1205, 1206, -1,
      1173, 1206, 1171, -1,
      1207, 1208, 1209, -1,
      1210, 1204, 1211, -1,
      1211, 1204, 1209, -1,
      1211, 1209, 1212, -1,
      1208, 1213, 1209, -1,
      1209, 1213, 1214, -1,
      1209, 1214, 1212, -1,
      1210, 1215, 1204, -1,
      1204, 1215, 1216, -1,
      1204, 1216, 1217, -1,
      1217, 1218, 1204, -1,
      1204, 1218, 1219, -1,
      1204, 1219, 1205, -1,
      1220, 1221, 1209, -1,
      1209, 1221, 1222, -1,
      1209, 1222, 1207, -1,
      1223, 1224, 1220, -1,
      1224, 1225, 1220, -1,
      1220, 1225, 1226, -1,
      1220, 1226, 1221, -1,
      1227, 1228, 1229, -1,
      1230, 1231, 1232, -1,
      1232, 1231, 1233, -1,
      1232, 1233, 1234, -1,
      1234, 1233, 1235, -1,
      1236, 1237, 1238, -1,
      1238, 1237, 1239, -1,
      1238, 1239, 1240, -1,
      1241, 1242, 1238, -1,
      1238, 1242, 1243, -1,
      1238, 1243, 1236, -1,
      1240, 1239, 1232, -1,
      1232, 1239, 1244, -1,
      1232, 1244, 1230, -1,
      1245, 1246, 1238, -1,
      1238, 1246, 1247, -1,
      1238, 1247, 1241, -1,
      883, 1248, 1245, -1,
      1245, 1248, 1249, -1,
      1245, 1249, 1250, -1,
      882, 1251, 1252, -1,
      1250, 1253, 1245, -1,
      1245, 1253, 1254, -1,
      1245, 1254, 1246, -1,
      1252, 1255, 882, -1,
      882, 1255, 1256, -1,
      882, 1256, 883, -1,
      883, 1256, 1257, -1,
      883, 1257, 1248, -1,
      1248, 1257, 1258, -1,
      1259, 1260, 882, -1,
      882, 1260, 1261, -1,
      1261, 1262, 882, -1,
      882, 1262, 1263, -1,
      882, 1263, 1251, -1,
      1183, 1264, 1120, -1,
      1120, 1264, 1265, -1,
      1120, 1265, 1259, -1,
      1259, 1265, 1266, -1,
      1259, 1266, 1260, -1,
      1267, 1268, 1269, -1,
      1269, 1268, 1270, -1,
      1269, 1270, 1271, -1,
      1272, 1273, 1274, -1,
      1274, 1273, 1275, -1,
      1274, 1275, 1276, -1,
      1277, 1278, 1279, -1,
      1276, 1280, 1279, -1,
      1279, 1280, 1281, -1,
      1279, 1281, 1282, -1,
      1279, 1278, 1269, -1,
      1269, 1278, 1283, -1,
      1269, 1283, 1267, -1,
      1284, 1285, 1279, -1,
      1279, 1285, 1286, -1,
      1279, 1286, 1277, -1,
      1287, 1288, 1289, -1,
      1289, 1288, 1290, -1,
      1289, 1290, 1291, -1,
      1291, 1292, 1289, -1,
      1289, 1292, 1293, -1,
      1289, 1293, 1294, -1,
      1295, 1296, 1274, -1,
      1274, 1296, 1297, -1,
      1274, 1297, 1298, -1,
      1299, 1300, 1274, -1,
      1274, 1300, 1301, -1,
      1274, 1301, 1272, -1,
      1302, 1282, 1303, -1,
      1303, 1282, 1304, -1,
      1302, 1305, 1282, -1,
      1282, 1305, 1306, -1,
      1282, 1306, 1279, -1,
      1279, 1306, 1307, -1,
      1279, 1307, 1284, -1,
      1287, 1289, 1282, -1,
      1282, 1289, 1308, -1,
      1282, 1308, 1304, -1,
      1298, 1309, 1274, -1,
      1274, 1309, 1310, -1,
      1274, 1310, 1299, -1,
      1311, 1312, 1313, -1,
      1313, 1312, 1314, -1,
      1313, 1314, 1315, -1,
      1315, 1314, 1295, -1,
      5, 4, 1313, -1,
      1313, 4, 1316, -1,
      1313, 1316, 1311, -1,
      1317, 1318, 1319, -1,
      1320, 1321, 1322, -1,
      1322, 1321, 1323, -1,
      1324, 1325, 1322, -1,
      1326, 1327, 5, -1,
      5, 1327, 1328, -1,
      5, 1328, 3, -1,
      1317, 1319, 1329, -1,
      1329, 1319, 1269, -1,
      1329, 1269, 1330, -1,
      1318, 1331, 1319, -1,
      1319, 1331, 1332, -1,
      1319, 1332, 1333, -1,
      1271, 1334, 1269, -1,
      1269, 1334, 1335, -1,
      1269, 1335, 1330, -1,
      1325, 1336, 1322, -1,
      1322, 1336, 1337, -1,
      1322, 1337, 1320, -1,
      1333, 1338, 1319, -1,
      1319, 1338, 1339, -1,
      1319, 1339, 1322, -1,
      1322, 1339, 1340, -1,
      1322, 1340, 1324, -1,
      1341, 1342, 1343, -1,
      1343, 1342, 1344, -1,
      1343, 1345, 1341, -1,
      1341, 1345, 1346, -1,
      1341, 1346, 1347, -1,
      1347, 1346, 1348, -1,
      1347, 1348, 1349, -1,
      1349, 1348, 1350, -1,
      1349, 1350, 1351, -1,
      1352, 1353, 1354, -1,
      1351, 1350, 1355, -1,
      1355, 1350, 1356, -1,
      1355, 1356, 1353, -1,
      1342, 1357, 1344, -1,
      1344, 1357, 1358, -1,
      1344, 1358, 1359, -1,
      1359, 1358, 1352, -1,
      1359, 1352, 1360, -1,
      1360, 1352, 1354, -1,
      1361, 1362, 1363, -1,
      1363, 1362, 1364, -1,
      1363, 1364, 1365, -1,
      1365, 1364, 1366, -1,
      1365, 1366, 1367, -1,
      1367, 1366, 1368, -1,
      1367, 1368, 1369, -1,
      1369, 1368, 1370, -1,
      1369, 1370, 1371, -1,
      1371, 1370, 1372, -1,
      1371, 1372, 1373, -1,
      1373, 1372, 1220, -1,
      1373, 1220, 1374, -1,
      1374, 1220, 1209, -1,
      605, 607, 602, -1,
      602, 607, 1375, -1,
      602, 1375, 1376, -1,
      1376, 1375, 1377, -1,
      1376, 1377, 1378, -1,
      1362, 1379, 1364, -1,
      1364, 1379, 1380, -1,
      1364, 1380, 1366, -1,
      1366, 1380, 1381, -1,
      1366, 1381, 1368, -1,
      1368, 1381, 1382, -1,
      1368, 1382, 1370, -1,
      1370, 1382, 1383, -1,
      1370, 1383, 1372, -1,
      1372, 1383, 1384, -1,
      1372, 1384, 1220, -1,
      1220, 1384, 1229, -1,
      1220, 1229, 1223, -1,
      1223, 1229, 1228, -1,
      1379, 927, 1380, -1,
      1380, 927, 924, -1,
      1380, 924, 1381, -1,
      1381, 924, 922, -1,
      1381, 922, 1382, -1,
      1382, 922, 885, -1,
      1382, 885, 1383, -1,
      1383, 885, 883, -1,
      1383, 883, 1384, -1,
      1384, 883, 1245, -1,
      1384, 1245, 1229, -1,
      1229, 1245, 1238, -1,
      1229, 1238, 1227, -1,
      1227, 1238, 1240, -1,
      1169, 1168, 1117, -1,
      1117, 1168, 1385, -1,
      1117, 1385, 1115, -1,
      1115, 1385, 1386, -1,
      1115, 1386, 1173, -1,
      1173, 1386, 1387, -1,
      1173, 1387, 1204, -1,
      1204, 1387, 1388, -1,
      1204, 1388, 1209, -1,
      1209, 1388, 1389, -1,
      1209, 1389, 1374, -1,
      343, 334, 330, -1,
      330, 334, 625, -1,
      330, 625, 628, -1,
      628, 625, 637, -1,
      628, 637, 642, -1,
      884, 880, 882, -1,
      882, 880, 11, -1,
      882, 11, 1259, -1,
      1259, 11, 1133, -1,
      1259, 1133, 1120, -1,
      1120, 1133, 1135, -1,
      1120, 1135, 1121, -1,
      1121, 1135, 1137, -1,
      320, 322, 323, -1,
      323, 322, 1390, -1,
      323, 1390, 334, -1,
      334, 1390, 1391, -1,
      334, 1391, 625, -1,
      625, 1391, 1392, -1,
      625, 1392, 610, -1,
      610, 1392, 1393, -1,
      610, 1393, 607, -1,
      607, 1393, 1394, -1,
      607, 1394, 1375, -1,
      1375, 1394, 1395, -1,
      1375, 1395, 1377, -1,
      289, 288, 305, -1,
      305, 288, 330, -1,
      305, 330, 1396, -1,
      1396, 330, 628, -1,
      1396, 628, 1397, -1,
      1397, 628, 603, -1,
      1397, 603, 1398, -1,
      1398, 603, 602, -1,
      1398, 602, 1399, -1,
      1399, 602, 1376, -1,
      1399, 1376, 1400, -1,
      1400, 1376, 1378, -1,
      1400, 1378, 1401, -1,
      303, 305, 306, -1,
      306, 305, 1396, -1,
      306, 1396, 1168, -1,
      1168, 1396, 1397, -1,
      1168, 1397, 1385, -1,
      1385, 1397, 1398, -1,
      1385, 1398, 1386, -1,
      1386, 1398, 1399, -1,
      1386, 1399, 1387, -1,
      1387, 1399, 1400, -1,
      1387, 1400, 1388, -1,
      1388, 1400, 1401, -1,
      1388, 1401, 1389, -1,
      224, 225, 214, -1,
      214, 225, 227, -1,
      214, 227, 220, -1,
      220, 227, 311, -1,
      220, 311, 309, -1,
      309, 311, 313, -1,
      309, 313, 317, -1,
      280, 282, 235, -1,
      235, 282, 1402, -1,
      235, 1402, 227, -1,
      227, 1402, 321, -1,
      227, 321, 311, -1,
      311, 321, 320, -1,
      311, 320, 312, -1,
      1066, 1068, 1064, -1,
      1064, 1068, 1403, -1,
      1064, 1403, 1404, -1,
      1404, 1403, 1405, -1,
      1404, 1405, 1406, -1,
      1406, 1405, 1166, -1,
      1406, 1166, 1160, -1,
      1160, 1166, 1164, -1,
      1160, 1164, 1162, -1,
      1077, 1064, 1104, -1,
      1104, 1064, 1404, -1,
      1104, 1404, 1407, -1,
      1407, 1404, 1406, -1,
      1407, 1406, 1408, -1,
      1408, 1406, 1160, -1,
      1408, 1160, 8, -1,
      8, 1160, 1159, -1,
      8, 1159, 6, -1,
      1409, 1410, 1411, -1,
      1412, 1413, 1414, -1,
      1414, 1413, 1415, -1,
      1414, 1415, 1416, -1,
      1414, 1417, 1412, -1,
      1412, 1417, 1418, -1,
      1412, 1418, 1419, -1,
      1410, 1420, 1411, -1,
      1411, 1420, 1421, -1,
      1411, 1421, 1422, -1,
      1422, 1421, 1423, -1,
      1422, 1423, 1424, -1,
      1425, 1426, 1427, -1,
      1427, 1426, 1428, -1,
      1427, 1428, 1429, -1,
      1430, 1431, 1432, -1,
      1432, 1431, 1433, -1,
      1432, 1433, 1434, -1,
      1435, 1436, 1437, -1,
      1437, 1436, 1438, -1,
      1437, 1438, 1432, -1,
      1439, 1440, 1441, -1,
      1441, 1440, 1412, -1,
      1441, 1412, 1442, -1,
      1442, 1412, 1419, -1,
      1442, 1419, 1432, -1,
      1432, 1419, 1443, -1,
      1432, 1443, 1430, -1,
      1424, 1444, 1422, -1,
      1422, 1444, 1445, -1,
      1422, 1445, 1446, -1,
      1437, 1447, 1448, -1,
      1448, 1449, 1437, -1,
      1437, 1449, 1450, -1,
      1437, 1450, 1435, -1,
      1434, 1451, 1432, -1,
      1432, 1451, 1452, -1,
      1432, 1452, 1453, -1,
      1454, 1455, 1411, -1,
      1456, 1457, 1427, -1,
      1427, 1457, 1458, -1,
      1427, 1458, 1425, -1,
      1455, 1459, 1411, -1,
      1411, 1459, 1460, -1,
      1411, 1460, 1409, -1,
      1461, 1462, 1463, -1,
      1463, 1462, 1464, -1,
      1464, 1465, 1463, -1,
      1463, 1465, 1466, -1,
      1463, 1466, 1467, -1,
      1441, 1468, 1439, -1,
      1439, 1468, 1462, -1,
      1439, 1462, 1469, -1,
      1469, 1462, 1461, -1,
      1429, 1470, 1427, -1,
      1427, 1470, 1471, -1,
      1427, 1471, 1437, -1,
      1437, 1471, 1472, -1,
      1437, 1472, 1447, -1,
      1446, 1473, 1422, -1,
      1422, 1473, 1474, -1,
      1422, 1474, 1475, -1,
      955, 957, 952, -1,
      952, 957, 1422, -1,
      952, 1422, 1427, -1,
      1427, 1422, 1475, -1,
      1427, 1475, 1456, -1,
      561, 562, 486, -1,
      486, 562, 1476, -1,
      486, 1476, 487, -1,
      487, 1476, 1477, -1,
      487, 1477, 1437, -1,
      1437, 1477, 1478, -1,
      1437, 1478, 1427, -1,
      1427, 1478, 1479, -1,
      1427, 1479, 952, -1,
      952, 1479, 1480, -1,
      952, 1480, 947, -1,
      947, 1480, 1151, -1,
      947, 1151, 862, -1,
      862, 1151, 1156, -1,
      862, 1156, 1141, -1,
      498, 499, 493, -1,
      493, 499, 487, -1,
      493, 487, 491, -1,
      491, 487, 1437, -1,
      491, 1437, 1411, -1,
      1411, 1437, 1432, -1,
      1411, 1432, 1454, -1,
      1454, 1432, 1453, -1,
      931, 1481, 929, -1,
      929, 1481, 1482, -1,
      929, 1482, 867, -1,
      867, 1482, 1483, -1,
      867, 1483, 864, -1,
      864, 1483, 1484, -1,
      864, 1484, 959, -1,
      959, 1484, 1485, -1,
      959, 1485, 957, -1,
      957, 1485, 1486, -1,
      957, 1486, 1422, -1,
      1422, 1486, 1487, -1,
      1422, 1487, 1411, -1,
      1411, 1487, 506, -1,
      1411, 506, 491, -1,
      491, 506, 509, -1,
      491, 509, 494, -1,
      504, 506, 512, -1,
      512, 506, 1487, -1,
      512, 1487, 1488, -1,
      1488, 1487, 1486, -1,
      1488, 1486, 1489, -1,
      1489, 1486, 1485, -1,
      1489, 1485, 1490, -1,
      1490, 1485, 1484, -1,
      1490, 1484, 1491, -1,
      1491, 1484, 1483, -1,
      1491, 1483, 1492, -1,
      1492, 1483, 1482, -1,
      1492, 1482, 1493, -1,
      1493, 1482, 1481, -1,
      1493, 1481, 928, -1,
      928, 1481, 931, -1,
      928, 931, 926, -1,
      124, 152, 155, -1,
      155, 152, 1494, -1,
      155, 1494, 101, -1,
      101, 1494, 281, -1,
      101, 281, 85, -1,
      85, 281, 280, -1,
      85, 280, 257, -1,
      1495, 12, 1110, -1,
      1110, 12, 14, -1,
      1110, 14, 1111, -1,
      1111, 14, 669, -1,
      1111, 669, 664, -1,
      664, 669, 674, -1,
      664, 674, 677, -1,
      308, 1496, 309, -1,
      309, 1496, 1497, -1,
      309, 1497, 220, -1,
      220, 1497, 1498, -1,
      220, 1498, 243, -1,
      243, 1498, 1499, -1,
      243, 1499, 75, -1,
      75, 1499, 1500, -1,
      75, 1500, 109, -1,
      109, 1500, 1501, -1,
      109, 1501, 113, -1,
      113, 1501, 1502, -1,
      113, 1502, 117, -1,
      117, 1502, 1032, -1,
      117, 1032, 1020, -1,
      1020, 1032, 1034, -1,
      1020, 1034, 1027, -1,
      1353, 1356, 1354, -1,
      1354, 1356, 1503, -1,
      1354, 1503, 1504, -1,
      1504, 1503, 523, -1,
      1504, 523, 1505, -1,
      1505, 523, 516, -1,
      1505, 516, 1506, -1,
      1506, 516, 512, -1,
      1506, 512, 1507, -1,
      1507, 512, 1488, -1,
      1507, 1488, 1508, -1,
      1508, 1488, 1489, -1,
      1508, 1489, 1509, -1,
      1509, 1489, 1490, -1,
      1509, 1490, 1510, -1,
      1510, 1490, 1491, -1,
      1510, 1491, 1511, -1,
      1511, 1491, 1492, -1,
      1511, 1492, 1512, -1,
      1512, 1492, 1493, -1,
      1512, 1493, 1513, -1,
      1513, 1493, 928, -1,
      1513, 928, 1514, -1,
      1514, 928, 927, -1,
      1514, 927, 1515, -1,
      1515, 927, 1379, -1,
      1515, 1379, 571, -1,
      571, 1379, 1362, -1,
      571, 1362, 566, -1,
      566, 1362, 1361, -1,
      566, 1361, 586, -1,
      1276, 1279, 1274, -1,
      1274, 1279, 1045, -1,
      1274, 1045, 1049, -1,
      1049, 1045, 1061, -1,
      1049, 1061, 1055, -1,
      1295, 1274, 1315, -1,
      1315, 1274, 1049, -1,
      1315, 1049, 1030, -1,
      1030, 1049, 1051, -1,
      1030, 1051, 1031, -1,
      19, 845, 20, -1,
      20, 845, 1516, -1,
      20, 1516, 775, -1,
      775, 1516, 1517, -1,
      775, 1517, 693, -1,
      693, 1517, 1518, -1,
      693, 1518, 685, -1,
      685, 1518, 1519, -1,
      685, 1519, 664, -1,
      664, 1519, 1520, -1,
      664, 1520, 1111, -1,
      1111, 1520, 1521, -1,
      1111, 1521, 1071, -1,
      1071, 1521, 1522, -1,
      1071, 1522, 1068, -1,
      1068, 1522, 1523, -1,
      1068, 1523, 1403, -1,
      1403, 1523, 307, -1,
      1403, 307, 1405, -1,
      1405, 307, 306, -1,
      1405, 306, 1166, -1,
      1166, 306, 1170, -1,
      1166, 1170, 1167, -1,
      308, 307, 1496, -1,
      1496, 307, 1523, -1,
      1496, 1523, 1497, -1,
      1497, 1523, 1522, -1,
      1497, 1522, 1498, -1,
      1498, 1522, 1521, -1,
      1498, 1521, 1499, -1,
      1499, 1521, 1520, -1,
      1499, 1520, 1500, -1,
      1500, 1520, 1519, -1,
      1500, 1519, 1501, -1,
      1501, 1519, 1518, -1,
      1501, 1518, 1502, -1,
      1502, 1518, 1517, -1,
      1502, 1517, 1032, -1,
      1032, 1517, 1516, -1,
      1032, 1516, 1030, -1,
      1030, 1516, 845, -1,
      1030, 845, 1315, -1,
      1315, 845, 846, -1,
      1315, 846, 1313, -1,
      546, 548, 565, -1,
      565, 548, 1524, -1,
      565, 1524, 1525, -1,
      1525, 1524, 1526, -1,
      1525, 1526, 1527, -1,
      1527, 1526, 1528, -1,
      1527, 1528, 1529, -1,
      545, 544, 548, -1,
      548, 544, 1530, -1,
      548, 1530, 1524, -1,
      1524, 1530, 1531, -1,
      1524, 1531, 1526, -1,
      1526, 1531, 1532, -1,
      1526, 1532, 1528, -1,
      124, 121, 151, -1,
      151, 121, 1037, -1,
      151, 1037, 1533, -1,
      1533, 1037, 1045, -1,
      1533, 1045, 1534, -1,
      1534, 1045, 1279, -1,
      1534, 1279, 1535, -1,
      1535, 1279, 1269, -1,
      1535, 1269, 1536, -1,
      1536, 1269, 1319, -1,
      1536, 1319, 1537, -1,
      812, 1538, 820, -1,
      820, 1538, 1539, -1,
      820, 1539, 846, -1,
      846, 1539, 1540, -1,
      846, 1540, 1313, -1,
      1313, 1540, 1541, -1,
      1313, 1541, 5, -1,
      5, 1541, 1322, -1,
      5, 1322, 1326, -1,
      1326, 1322, 1323, -1,
      401, 352, 397, -1,
      397, 352, 473, -1,
      397, 473, 1529, -1,
      1542, 1543, 1532, -1,
      1532, 1543, 1544, -1,
      1532, 1544, 1545, -1,
      1546, 1547, 371, -1,
      371, 1548, 1549, -1,
      1550, 1551, 1528, -1,
      1528, 1551, 1552, -1,
      1528, 1553, 1554, -1,
      1555, 1556, 1557, -1,
      1557, 1556, 1558, -1,
      1559, 1560, 1561, -1,
      1529, 1528, 397, -1,
      397, 1528, 1562, -1,
      397, 1562, 1563, -1,
      1564, 1565, 1566, -1,
      1564, 1566, 1567, -1,
      1547, 1568, 371, -1,
      371, 1568, 1569, -1,
      371, 1569, 1548, -1,
      1542, 1532, 1570, -1,
      1570, 1532, 371, -1,
      1570, 371, 1571, -1,
      1561, 1572, 1559, -1,
      1559, 1572, 1573, -1,
      1559, 1573, 1574, -1,
      1574, 1573, 1557, -1,
      1574, 1557, 1575, -1,
      1575, 1557, 1558, -1,
      1576, 1577, 397, -1,
      1552, 1578, 1528, -1,
      1528, 1578, 1579, -1,
      1528, 1579, 1553, -1,
      1566, 1580, 397, -1,
      397, 1580, 1581, -1,
      397, 1581, 371, -1,
      371, 1581, 1582, -1,
      371, 1582, 1546, -1,
      1577, 1583, 397, -1,
      397, 1583, 1584, -1,
      397, 1584, 1585, -1,
      1585, 1586, 1587, -1,
      1587, 1586, 1588, -1,
      1587, 1588, 1589, -1,
      1590, 1591, 1592, -1,
      1593, 1594, 371, -1,
      371, 1594, 1595, -1,
      371, 1595, 1571, -1,
      1545, 1596, 1532, -1,
      1532, 1596, 1597, -1,
      1532, 1597, 1598, -1,
      1532, 1599, 1528, -1,
      1528, 1599, 1600, -1,
      1528, 1600, 1601, -1,
      1554, 1602, 1528, -1,
      1528, 1602, 1603, -1,
      1528, 1603, 1604, -1,
      1563, 1605, 397, -1,
      397, 1605, 1606, -1,
      397, 1606, 1576, -1,
      1585, 1587, 397, -1,
      397, 1587, 1607, -1,
      397, 1607, 1566, -1,
      1566, 1607, 1608, -1,
      1566, 1608, 1567, -1,
      1609, 1610, 1589, -1,
      1589, 1610, 1611, -1,
      1589, 1611, 1587, -1,
      1565, 1612, 1566, -1,
      1566, 1612, 1613, -1,
      1566, 1613, 1614, -1,
      1614, 1613, 1590, -1,
      1614, 1590, 1615, -1,
      1615, 1590, 1592, -1,
      1549, 1616, 371, -1,
      371, 1616, 1617, -1,
      371, 1617, 1618, -1,
      1601, 1619, 1528, -1,
      1528, 1619, 1620, -1,
      1528, 1620, 1550, -1,
      1604, 1621, 1528, -1,
      1528, 1621, 1622, -1,
      1528, 1622, 1623, -1,
      1528, 1624, 1625, -1,
      1618, 1626, 371, -1,
      371, 1626, 1627, -1,
      371, 1627, 1593, -1,
      1628, 1629, 1532, -1,
      1532, 1629, 1630, -1,
      1532, 1630, 1599, -1,
      1623, 1631, 1528, -1,
      1528, 1631, 1632, -1,
      1528, 1632, 1624, -1,
      1625, 1633, 1528, -1,
      1528, 1633, 1634, -1,
      1528, 1634, 1562, -1,
      1560, 1559, 1589, -1,
      1589, 1559, 1635, -1,
      1589, 1635, 1609, -1,
      1598, 1636, 1532, -1,
      1532, 1636, 1637, -1,
      1532, 1637, 1638, -1,
      1639, 1628, 1640, -1,
      1640, 1628, 1532, -1,
      1640, 1532, 1641, -1,
      1641, 1532, 1638, -1,
      1538, 1642, 1539, -1,
      1539, 1642, 1643, -1,
      1539, 1643, 1540, -1,
      1540, 1643, 1644, -1,
      1540, 1644, 1541, -1,
      1541, 1644, 1645, -1,
      1541, 1645, 1322, -1,
      1322, 1645, 1646, -1,
      1322, 1646, 1319, -1,
      1319, 1646, 1647, -1,
      1319, 1647, 1537, -1,
      1537, 1647, 1648, -1,
      1101, 1103, 13, -1,
      13, 1103, 1649, -1,
      13, 1649, 14, -1,
      14, 1649, 1650, -1,
      14, 1650, 669, -1,
      669, 1650, 1651, -1,
      669, 1651, 667, -1,
      667, 1651, 1652, -1,
      667, 1652, 706, -1,
      706, 1652, 1653, -1,
      706, 1653, 734, -1,
      734, 1653, 1654, -1,
      734, 1654, 807, -1,
      807, 1654, 1655, -1,
      807, 1655, 812, -1,
      812, 1655, 1656, -1,
      812, 1656, 1538, -1,
      1538, 1656, 1657, -1,
      1538, 1657, 1642, -1,
      7, 1151, 8, -1,
      8, 1151, 1480, -1,
      8, 1480, 1408, -1,
      1408, 1480, 1479, -1,
      1408, 1479, 1407, -1,
      1407, 1479, 1478, -1,
      1407, 1478, 1104, -1,
      1104, 1478, 1477, -1,
      1104, 1477, 1103, -1,
      1103, 1477, 1476, -1,
      1103, 1476, 1649, -1,
      1649, 1476, 562, -1,
      1649, 562, 1650, -1,
      1650, 562, 563, -1,
      1650, 563, 1651, -1,
      1651, 563, 565, -1,
      1651, 565, 1652, -1,
      1652, 565, 1525, -1,
      1652, 1525, 1653, -1,
      1653, 1525, 1527, -1,
      1653, 1527, 1654, -1,
      1654, 1527, 1529, -1,
      1654, 1529, 1655, -1,
      1655, 1529, 473, -1,
      1655, 473, 1656, -1,
      1656, 473, 474, -1,
      1656, 474, 1657, -1,
      526, 525, 533, -1,
      533, 525, 1658, -1,
      533, 1658, 544, -1,
      544, 1658, 1659, -1,
      544, 1659, 1530, -1,
      1530, 1659, 1660, -1,
      1530, 1660, 1531, -1,
      1531, 1660, 1661, -1,
      1531, 1661, 1532, -1,
      1532, 1661, 1662, -1,
      1532, 1662, 371, -1,
      371, 1662, 1663, -1,
      371, 1663, 355, -1,
      527, 523, 525, -1,
      525, 523, 1503, -1,
      525, 1503, 1658, -1,
      1658, 1503, 1356, -1,
      1658, 1356, 1659, -1,
      1659, 1356, 1350, -1,
      1659, 1350, 1660, -1,
      1660, 1350, 1348, -1,
      1660, 1348, 1661, -1,
      1661, 1348, 1346, -1,
      1661, 1346, 1662, -1,
      1662, 1346, 1345, -1,
      1662, 1345, 1663, -1,
      572, 574, 571, -1,
      571, 574, 1664, -1,
      571, 1664, 1515, -1,
      1515, 1664, 1665, -1,
      1515, 1665, 1514, -1,
      1514, 1665, 1666, -1,
      1514, 1666, 1513, -1,
      1513, 1666, 1667, -1,
      1513, 1667, 1512, -1,
      1512, 1667, 1668, -1,
      1512, 1668, 1511, -1,
      1511, 1668, 1669, -1,
      1511, 1669, 1510, -1,
      1510, 1669, 1670, -1,
      1510, 1670, 1509, -1,
      1509, 1670, 1671, -1,
      1509, 1671, 1508, -1,
      1508, 1671, 1672, -1,
      1508, 1672, 1507, -1,
      1507, 1672, 1673, -1,
      1507, 1673, 1506, -1,
      1506, 1673, 1674, -1,
      1506, 1674, 1505, -1,
      1505, 1674, 1675, -1,
      1505, 1675, 1504, -1,
      1504, 1675, 1676, -1,
      1504, 1676, 1354, -1,
      1354, 1676, 1677, -1,
      1354, 1677, 1360, -1,
      1360, 1677, 1678, -1,
      1360, 1678, 1359, -1,
      1359, 1678, 1679, -1,
      1359, 1679, 1344, -1,
      1344, 1679, 1680, -1,
      1344, 1680, 1343, -1,
      0, 2, 579, -1,
      579, 2, 1681, -1,
      579, 1681, 574, -1,
      574, 1681, 1682, -1,
      574, 1682, 1664, -1,
      1664, 1682, 1683, -1,
      1664, 1683, 1665, -1,
      1665, 1683, 1684, -1,
      1665, 1684, 1666, -1,
      1666, 1684, 1685, -1,
      1666, 1685, 1667, -1,
      1667, 1685, 1686, -1,
      1667, 1686, 1668, -1,
      1668, 1686, 1687, -1,
      1668, 1687, 1669, -1,
      1669, 1687, 1688, -1,
      1669, 1688, 1670, -1,
      1670, 1688, 1689, -1,
      1670, 1689, 1671, -1,
      1671, 1689, 1690, -1,
      1671, 1690, 1672, -1,
      1672, 1690, 1691, -1,
      1672, 1691, 1673, -1,
      1673, 1691, 1692, -1,
      1673, 1692, 1674, -1,
      1674, 1692, 1693, -1,
      1674, 1693, 1675, -1,
      1675, 1693, 1694, -1,
      1675, 1694, 1676, -1,
      1676, 1694, 1695, -1,
      1676, 1695, 1677, -1,
      1677, 1695, 1696, -1,
      1677, 1696, 1678, -1,
      1678, 1696, 1697, -1,
      1678, 1697, 1679, -1,
      1679, 1697, 1698, -1,
      1679, 1698, 1680, -1,
      1699, 1700, 1701, -1,
      1702, 1703, 1704, -1,
      1705, 1702, 1699, -1,
      1706, 1707, 1708, -1,
      1709, 1710, 1711, -1,
      1711, 1710, 1712, -1,
      1702, 1704, 1699, -1,
      1699, 1704, 1711, -1,
      1699, 1711, 1708, -1,
      1708, 1711, 1712, -1,
      1708, 1712, 1713, -1,
      1714, 1706, 1715, -1,
      1715, 1706, 1708, -1,
      1715, 1708, 1716, -1,
      1716, 1708, 1713, -1,
      1716, 1713, 1717, -1,
      1717, 1713, 1718, -1,
      1701, 1719, 1699, -1,
      1699, 1719, 1720, -1,
      1699, 1720, 1721, -1,
      1722, 1723, 1724, -1,
      1724, 1723, 1725, -1,
      1724, 1725, 1726, -1,
      1721, 1727, 1699, -1,
      1699, 1727, 1728, -1,
      1699, 1728, 1705, -1,
      1715, 1729, 1714, -1,
      1714, 1729, 1723, -1,
      1714, 1723, 1730, -1,
      1730, 1723, 1722, -1,
      1731, 1732, 1733, -1,
      1734, 1735, 1736, -1,
      1733, 1734, 1731, -1,
      1731, 1734, 1736, -1,
      1731, 1736, 1737, -1,
      1737, 1736, 1738, -1,
      1737, 1738, 1729, -1,
      1729, 1738, 1723, -1,
      1717, 1718, 1735, -1,
      1735, 1718, 1739, -1,
      1735, 1739, 1736, -1,
      1736, 1739, 1740, -1,
      1703, 1702, 1741, -1,
      1741, 1702, 1736, -1,
      1741, 1736, 1742, -1,
      1742, 1736, 1740, -1,
      1742, 1740, 1709, -1,
      1709, 1740, 1710, -1,
      1743, 1744, 1745, -1,
      1745, 1744, 1746, -1,
      1747, 1748, 1749, -1,
      1750, 1751, 1752, -1,
      1753, 1754, 1755, -1,
      1756, 1757, 1755, -1,
      1755, 1757, 1750, -1,
      1755, 1750, 1753, -1,
      1753, 1750, 1752, -1,
      1751, 1758, 1752, -1,
      1752, 1758, 1759, -1,
      1752, 1759, 1760, -1,
      1761, 1762, 1753, -1,
      1753, 1762, 1763, -1,
      1753, 1763, 1764, -1,
      1753, 1765, 1766, -1,
      1767, 1768, 1766, -1,
      1766, 1768, 1769, -1,
      1766, 1769, 1753, -1,
      1753, 1769, 1747, -1,
      1753, 1747, 1754, -1,
      1754, 1747, 1749, -1,
      1760, 1770, 1752, -1,
      1752, 1770, 1771, -1,
      1752, 1771, 1772, -1,
      1773, 1774, 1775, -1,
      1775, 1774, 1752, -1,
      1775, 1752, 1776, -1,
      1776, 1752, 1772, -1,
      1764, 1777, 1753, -1,
      1753, 1777, 1778, -1,
      1753, 1778, 1779, -1,
      1780, 1765, 1781, -1,
      1781, 1765, 1753, -1,
      1781, 1753, 1782, -1,
      1782, 1753, 1779, -1,
      1732, 1783, 1733, -1,
      1733, 1783, 1784, -1,
      1785, 1773, 1775, -1,
      1786, 1787, 1788, -1,
      1789, 1790, 1791, -1,
      1791, 1790, 1786, -1,
      1791, 1786, 1792, -1,
      1793, 1794, 1795, -1,
      1746, 1744, 1796, -1,
      1796, 1744, 1797, -1,
      1792, 1798, 1799, -1,
      1719, 1701, 1791, -1,
      1791, 1701, 1800, -1,
      1791, 1800, 1789, -1,
      1789, 1800, 1796, -1,
      1789, 1796, 1801, -1,
      1775, 1792, 1785, -1,
      1785, 1792, 1799, -1,
      1785, 1799, 1797, -1,
      1797, 1799, 1802, -1,
      1788, 1795, 1786, -1,
      1786, 1795, 1794, -1,
      1786, 1794, 1792, -1,
      1792, 1794, 1803, -1,
      1792, 1803, 1798, -1,
      1798, 1803, 1804, -1,
      1798, 1804, 1805, -1,
      1805, 1804, 1793, -1,
      1805, 1793, 1802, -1,
      1802, 1793, 1795, -1,
      1802, 1795, 1797, -1,
      1797, 1795, 1806, -1,
      1797, 1806, 1796, -1,
      1796, 1806, 1787, -1,
      1796, 1787, 1801, -1,
      1801, 1787, 1786, -1,
      1807, 1808, 1809, -1,
      1706, 1714, 1810, -1,
      1810, 1714, 1811, -1,
      1812, 1813, 1814, -1,
      1815, 1816, 1817, -1,
      1817, 1816, 1818, -1,
      1817, 1818, 1762, -1,
      1762, 1818, 1763, -1,
      1816, 1819, 1818, -1,
      1818, 1819, 1820, -1,
      1818, 1820, 1811, -1,
      1811, 1820, 1814, -1,
      1811, 1814, 1810, -1,
      1810, 1814, 1813, -1,
      1810, 1813, 1809, -1,
      1809, 1813, 1821, -1,
      1809, 1821, 1807, -1,
      1807, 1821, 1822, -1,
      1807, 1822, 1815, -1,
      1815, 1822, 1812, -1,
      1815, 1812, 1816, -1,
      1816, 1812, 1814, -1,
      1823, 1768, 1767, -1,
      1824, 1825, 1826, -1,
      1826, 1825, 1827, -1,
      1826, 1827, 1758, -1,
      1758, 1827, 1759, -1,
      1780, 1781, 1828, -1,
      1828, 1781, 1825, -1,
      1828, 1825, 1829, -1,
      1757, 1756, 1824, -1,
      1824, 1756, 1830, -1,
      1824, 1830, 1825, -1,
      1825, 1830, 1831, -1,
      1767, 1829, 1823, -1,
      1823, 1829, 1825, -1,
      1823, 1825, 1832, -1,
      1832, 1825, 1831, -1,
      1832, 1831, 1748, -1,
      1748, 1831, 1749, -1,
      1833, 1808, 1834, -1,
      1834, 1808, 1807, -1,
    ]
  }
}

Shape {
  appearance Appearance {
    material Material {
      diffuseColor 0.5373 0.3490 0.3373
      specularColor 0.3765 0.2431 0.2353
      ambientIntensity 0.2
      transparency 0.0000
      shininess 0.5
    }
  }
  geometry IndexedFaceSet {
    ccw TRUE
    solid FALSE
    coord DEF co Coordinate {
      point [
        0.344488 0.531496 0.003937,
        0.261811 0.531496 0.003937,
        0.261811 0.649606 0.003937,
        0.649606 0.456693 0.003937,
        0.462598 0.456693 0.003937,
        0.261811 -0.649606 0.003937,
        0.261811 -0.531496 0.003937,
        0.344488 -0.531496 0.003937,
        0.649606 0.318898 0.003937,
        0.649606 0.196850 0.003937,
        0.462598 0.318898 0.003937,
        0.462598 0.196850 0.003937,
        0.462598 0.059055 0.003937,
        0.462598 -0.456693 0.003937,
        0.462598 -0.072622 0.003937,
        0.649606 -0.072622 0.003937,
        0.649606 0.059055 0.003937,
        0.649606 -0.456693 0.003937,
        0.649606 -0.332464 0.078740,
        0.649606 -0.332464 0.003937,
        0.649606 -0.196850 0.003937,
        0.649606 -0.196850 0.078740,
        0.649606 -0.072622 0.078740,
        0.649606 -0.456693 0.078740,
        0.649606 0.059055 0.078740,
        0.649606 0.196850 0.078740,
        0.649606 0.456693 0.078740,
        0.649606 0.318898 0.078740,
        -0.183071 0.531496 0.003937,
        -0.183071 0.649606 0.003937,
        0.183071 0.531496 0.003937,
        0.183071 0.649606 0.003937,
        -0.462598 -0.059055 0.003937,
        -0.649606 -0.059055 0.003937,
        -0.649606 0.059055 0.003937,
        -0.462598 0.318898 0.003937,
        -0.462598 0.456693 0.003937,
        -0.344488 0.531496 0.003937,
        -0.344488 -0.531496 0.003937,
        -0.462598 0.059055 0.003937,
        -0.462598 0.196850 0.003937,
        -0.649606 0.196850 0.003937,
        -0.649606 0.318898 0.003937,
        -0.649606 0.456693 0.003937,
        -0.261811 -0.531496 0.003937,
        -0.261811 -0.649606 0.003937,
        -0.462598 -0.456693 0.003937,
        -0.462598 -0.318898 0.003937,
        -0.649606 -0.318898 0.003937,
        -0.649606 -0.196850 0.003937,
        -0.462598 -0.196850 0.003937,
        -0.261811 0.649606 0.003937,
        -0.261811 0.531496 0.003937,
        -0.649606 -0.456693 0.003937,
        0.553150 -0.332464 0.003937,
        0.553150 -0.196850 0.003937,
        -0.261811 0.649606 0.078740,
        0.157480 0.649606 0.377953,
        0.098425 0.649606 0.181102,
        0.098425 0.649606 0.220472,
        0.196850 0.649606 0.338583,
        0.196850 0.649606 0.377953,
        -0.157480 0.649606 0.338583,
        -0.157480 0.649606 0.377953,
        0.059055 0.649606 0.220472,
        0.183071 0.649606 0.078740,
        -0.183071 0.649606 0.078740,
        -0.295276 0.649606 0.220472,
        -0.295276 0.649606 0.181102,
        0.261811 0.649606 0.078740,
        0.157480 0.649606 0.338583,
        -0.255906 0.649606 0.181102,
        -0.196850 0.649606 0.377953,
        -0.196850 0.649606 0.338583,
        -0.255906 0.649606 0.220472,
        0.059055 0.649606 0.181102,
        -0.183071 -0.649606 0.003937,
        0.183071 -0.649606 0.003937,
        0.183071 -0.649606 0.078740,
        0.261811 -0.649606 0.078740,
        0.000000 -0.649606 0.259843,
        0.039370 -0.649606 0.259843,
        0.011811 -0.649606 0.338583,
        -0.183071 -0.649606 0.078740,
        -0.027559 -0.649606 0.338583,
        -0.261811 -0.649606 0.078740,
        -0.027559 -0.649606 0.377953,
        0.011811 -0.649606 0.377953,
        0.039370 -0.649606 0.220472,
        -0.000000 -0.649606 0.220472,
        -0.649606 -0.196850 0.078740,
        -0.649606 0.318898 0.078740,
        -0.649606 0.456693 0.078740,
        -0.649606 -0.456693 0.078740,
        -0.649606 -0.318898 0.078740,
        -0.649606 0.196850 0.078740,
        -0.649606 0.059055 0.078740,
        -0.649606 -0.059055 0.078740,
        0.183071 -0.531496 0.003937,
        -0.183071 -0.531496 0.003937,
        -0.653543 0.456693 0.078740,
        -0.653543 0.318898 0.078740,
        -0.653543 0.318898 0.000000,
        -0.462598 0.318898 0.000000,
        -0.462598 0.456693 0.000000,
        -0.653543 0.456693 0.000000,
        -0.653543 0.196850 0.078740,
        -0.653543 0.059055 0.078740,
        -0.462598 0.196850 0.000000,
        -0.653543 0.196850 0.000000,
        -0.653543 0.059055 0.000000,
        -0.462598 0.059055 0.000000,
        -0.653543 -0.059055 0.078740,
        -0.653543 -0.196850 0.078740,
        -0.653543 -0.196850 0.000000,
        -0.462598 -0.196850 0.000000,
        -0.462598 -0.059055 0.000000,
        -0.653543 -0.059055 0.000000,
        -0.653543 -0.318898 0.078740,
        -0.653543 -0.456693 0.078740,
        -0.462598 -0.318898 0.000000,
        -0.653543 -0.318898 0.000000,
        -0.653543 -0.456693 0.000000,
        -0.462598 -0.456693 0.000000,
        0.261811 0.653543 0.078740,
        0.183071 0.653543 0.078740,
        -0.183071 0.653543 0.078740,
        -0.261811 0.653543 0.078740,
        -0.261811 -0.653543 0.078740,
        -0.183071 -0.653543 0.078740,
        0.183071 -0.653543 0.078740,
        0.261811 -0.653543 0.078740,
        0.344488 -0.531496 0.000000,
        0.344488 0.531496 0.000000,
        0.261811 0.531496 0.000000,
        0.261811 0.653543 0.000000,
        0.183071 0.653543 0.000000,
        0.183071 0.531496 0.000000,
        -0.183071 0.531496 0.000000,
        -0.183071 0.653543 0.000000,
        -0.261811 0.653543 0.000000,
        -0.261811 0.531496 0.000000,
        -0.344488 0.531496 0.000000,
        -0.344488 -0.531496 0.000000,
        -0.261811 -0.531496 0.000000,
        -0.261811 -0.653543 0.000000,
        -0.183071 -0.653543 0.000000,
        -0.183071 -0.531496 0.000000,
        0.183071 -0.531496 0.000000,
        0.183071 -0.653543 0.000000,
        0.261811 -0.653543 0.000000,
        0.261811 -0.531496 0.000000,
        0.249343 0.146067 0.000000,
        0.247371 0.148332 0.000000,
        0.344488 -0.042593 0.000000,
        0.247897 -0.039181 0.000000,
        0.248046 -0.038517 0.000000,
        0.095906 0.062260 0.000000,
        0.156615 0.043569 0.000000,
        0.156224 0.035625 0.000000,
        0.246532 0.115783 0.000000,
        0.247981 -0.036854 0.000000,
        0.246532 -0.011648 0.000000,
        0.247113 -0.028790 0.000000,
        0.247078 -0.028342 0.000000,
        -0.013648 -0.030707 0.000000,
        -0.013450 -0.030860 0.000000,
        -0.024625 -0.042593 0.000000,
        0.151124 0.002367 0.000000,
        0.092257 0.012722 0.000000,
        0.090831 0.027697 0.000000,
        0.090537 0.062260 0.000000,
        0.086300 0.027445 0.000000,
        0.248797 0.143215 0.000000,
        0.246737 0.129595 0.000000,
        0.055872 -0.041250 0.000000,
        0.056653 -0.040925 0.000000,
        0.119144 -0.042226 0.000000,
        0.057310 -0.040438 0.000000,
        0.057743 -0.039904 0.000000,
        0.234913 0.132770 0.000000,
        0.196995 -0.021002 0.000000,
        0.134939 -0.039209 0.000000,
        0.185376 -0.033711 0.000000,
        0.127269 -0.041816 0.000000,
        0.185708 -0.034355 0.000000,
        0.185955 -0.034626 0.000000,
        0.236885 -0.039961 0.000000,
        0.243428 -0.040506 0.000000,
        0.245405 -0.040963 0.000000,
        0.058328 -0.038012 0.000000,
        0.104027 -0.036830 0.000000,
        0.110157 -0.040231 0.000000,
        0.114881 0.138804 0.000000,
        0.108520 0.135382 0.000000,
        0.094773 0.137846 0.000000,
        0.062652 0.131925 0.000000,
        0.090537 0.137846 0.000000,
        0.062628 0.131363 0.000000,
        0.062595 0.130578 0.000000,
        0.062661 0.132518 0.000000,
        0.062612 0.132703 0.000000,
        0.062524 0.132863 0.000000,
        -0.024625 0.531496 0.000000,
        -0.005225 -0.017856 0.000000,
        -0.013152 -0.026664 0.000000,
        -0.013934 -0.027698 0.000000,
        -0.014202 -0.028303 0.000000,
        -0.014306 -0.028875 0.000000,
        -0.014280 -0.029378 0.000000,
        0.186376 -0.034905 0.000000,
        0.187121 -0.035181 0.000000,
        0.187706 -0.035281 0.000000,
        0.208544 -0.037439 0.000000,
        0.203623 -0.036913 0.000000,
        0.191891 -0.035297 0.000000,
        -0.014115 -0.029920 0.000000,
        -0.013832 -0.030473 0.000000,
        0.246863 -0.040649 0.000000,
        0.247156 -0.040393 0.000000,
        0.247498 -0.039941 0.000000,
        0.058109 -0.039118 0.000000,
        0.116149 -0.041928 0.000000,
        0.151376 0.121017 0.000000,
        0.145839 0.129374 0.000000,
        0.044313 0.131890 0.000000,
        0.061143 0.133438 0.000000,
        0.045152 0.131890 0.000000,
        0.060169 0.133316 0.000000,
        0.049987 0.131885 0.000000,
        0.054799 0.132477 0.000000,
        0.047417 0.058569 0.000000,
        0.023634 0.061673 0.000000,
        0.047417 0.120858 0.000000,
        0.013817 0.063666 0.000000,
        0.002116 0.069056 0.000000,
        -0.006106 0.129080 0.000000,
        -0.001576 0.128492 0.000000,
        0.094049 0.000777 0.000000,
        0.146450 -0.013176 0.000000,
        0.141291 -0.022085 0.000000,
        0.137509 -0.026526 0.000000,
        0.133469 -0.029871 0.000000,
        0.129896 -0.031714 0.000000,
        0.125668 -0.032678 0.000000,
        0.123087 -0.032872 0.000000,
        0.097979 -0.015483 0.000000,
        0.101596 -0.022222 0.000000,
        0.155110 0.081241 0.000000,
        0.096940 0.092514 0.000000,
        0.152718 0.095229 0.000000,
        0.100583 0.111433 0.000000,
        0.104763 0.120945 0.000000,
        0.058199 -0.035739 0.000000,
        0.094326 -0.025046 0.000000,
        0.098906 -0.032070 0.000000,
        0.239150 -0.029475 0.000000,
        0.217356 -0.027686 0.000000,
        0.239150 0.114902 0.000000,
        0.206971 -0.026056 0.000000,
        0.198212 -0.021557 0.000000,
        0.239069 0.118389 0.000000,
        0.237922 0.126435 0.000000,
        0.102419 0.129863 0.000000,
        0.099304 0.125682 0.000000,
        0.096787 0.121152 0.000000,
        0.058681 0.124381 0.000000,
        0.060500 0.126642 0.000000,
        0.061659 0.128173 0.000000,
        0.062293 0.129443 0.000000,
        0.038767 0.131986 0.000000,
        0.033281 0.132770 0.000000,
        0.022207 0.134742 0.000000,
        0.007533 0.065897 0.000000,
        0.004674 0.067629 0.000000,
        0.011763 0.126815 0.000000,
        0.005091 0.127627 0.000000,
        0.000690 0.142083 0.000000,
        -0.007490 0.133609 0.000000,
        -0.007367 0.058271 0.000000,
        -0.007421 0.129321 0.000000,
        -0.007301 0.058776 0.000000,
        -0.006877 0.129150 0.000000,
        -0.007083 0.059387 0.000000,
        -0.006708 0.060037 0.000000,
        0.116667 -0.032365 0.000000,
        0.110547 -0.030091 0.000000,
        0.105598 -0.026704 0.000000,
        0.141275 0.121854 0.000000,
        0.146171 0.114123 0.000000,
        0.112187 0.128640 0.000000,
        0.108123 0.125397 0.000000,
        0.055638 0.120858 0.000000,
        0.055344 -0.008796 0.000000,
        0.087521 0.002467 0.000000,
        0.055466 -0.012341 0.000000,
        0.090256 -0.014883 0.000000,
        0.055638 -0.015884 0.000000,
        0.058197 -0.035724 0.000000,
        0.056365 -0.028589 0.000000,
        0.055638 -0.021254 0.000000,
        0.140682 -0.035648 0.000000,
        0.145501 -0.030593 0.000000,
        0.185514 -0.032678 0.000000,
        0.151577 -0.020542 0.000000,
        0.185892 -0.031421 0.000000,
        0.138745 0.135787 0.000000,
        0.132999 0.139321 0.000000,
        0.129019 0.140635 0.000000,
        0.062358 0.133043 0.000000,
        -0.008586 0.130683 0.000000,
        -0.008455 0.130297 0.000000,
        -0.007130 0.057302 0.000000,
        -0.006825 0.056847 0.000000,
        -0.006400 0.056461 0.000000,
        -0.006057 0.056261 0.000000,
        0.120822 0.131638 0.000000,
        0.126744 0.131274 0.000000,
        0.116103 0.130557 0.000000,
        0.131761 0.129544 0.000000,
        0.136562 0.126561 0.000000,
        0.225014 -0.038829 0.000000,
        0.203259 -0.025147 0.000000,
        0.201097 -0.024019 0.000000,
        0.124563 0.140985 0.000000,
        0.123087 0.140950 0.000000,
        0.047417 0.048670 0.000000,
        0.047417 -0.028048 0.000000,
        0.005220 -0.022134 0.000000,
        -0.006106 0.060834 0.000000,
        0.186333 -0.030678 0.000000,
        0.159370 0.002369 0.000000,
        0.187291 -0.029704 0.000000,
        0.062066 0.133237 0.000000,
        0.061660 0.133385 0.000000,
        -0.008036 0.132678 0.000000,
        -0.008374 0.132000 0.000000,
        -0.008559 0.131487 0.000000,
        -0.008622 0.131072 0.000000,
        -0.008229 0.129942 0.000000,
        -0.007910 0.129625 0.000000,
        -0.005519 0.056086 0.000000,
        -0.004680 0.056010 0.000000,
        -0.002708 -0.019282 0.000000,
        0.001126 -0.021072 0.000000,
        0.246101 -0.040933 0.000000,
        0.246535 -0.040820 0.000000,
        0.162920 0.025183 0.000000,
        0.164362 0.060298 0.000000,
        0.162725 0.079542 0.000000,
        0.157779 0.104422 0.000000,
        0.054875 -0.041408 0.000000,
        0.053517 -0.041311 0.000000,
        0.012457 0.136715 0.000000,
        0.004639 0.139562 0.000000,
        0.003248 0.140405 0.000000,
        -0.007304 0.057763 0.000000,
        -0.013132 -0.030998 0.000000,
        -0.012204 -0.031160 0.000000,
        -0.011475 -0.031194 0.000000,
        0.190394 -0.026833 0.000000,
        0.035546 -0.037402 0.000000,
        0.048550 -0.039667 0.000000,
        0.051646 -0.040811 0.000000,
        -0.007238 -0.031446 0.000000,
        0.014201 -0.034078 0.000000,
        -0.036181 0.132770 0.000000,
        -0.041298 0.131890 0.000000,
        -0.047212 0.131890 0.000000,
        -0.035590 -0.028417 0.000000,
        -0.035730 -0.028244 0.000000,
        -0.344488 -0.042593 0.000000,
        -0.222756 -0.018917 0.000000,
        -0.222793 -0.019561 0.000000,
        -0.049624 0.132333 0.000000,
        -0.052036 0.132770 0.000000,
        -0.057992 0.133316 0.000000,
        -0.222293 -0.026664 0.000000,
        -0.221160 -0.039374 0.000000,
        -0.035674 0.128289 0.000000,
        -0.035224 0.129081 0.000000,
        -0.209541 0.022915 0.000000,
        -0.212939 0.008738 0.000000,
        -0.222320 -0.017991 0.000000,
        -0.222620 -0.018492 0.000000,
        -0.035198 -0.029765 0.000000,
        -0.035172 -0.029508 0.000000,
        -0.035212 -0.029245 0.000000,
        -0.035468 -0.028633 0.000000,
        -0.035880 -0.028133 0.000000,
        -0.036117 -0.028035 0.000000,
        -0.046373 0.120313 0.000000,
        -0.036194 -0.028015 0.000000,
        -0.036779 -0.027951 0.000000,
        -0.037900 -0.028048 0.000000,
        -0.041843 -0.028048 0.000000,
        -0.046373 -0.028048 0.000000,
        -0.222551 -0.022441 0.000000,
        -0.222472 -0.023607 0.000000,
        -0.035831 -0.030951 0.000000,
        -0.035499 -0.030458 0.000000,
        -0.035296 -0.030072 0.000000,
        -0.214444 0.002039 0.000000,
        -0.216337 -0.004559 0.000000,
        -0.218308 -0.009928 0.000000,
        -0.220126 -0.015010 0.000000,
        -0.221323 -0.016792 0.000000,
        -0.042682 0.122284 0.000000,
        -0.037607 0.126521 0.000000,
        -0.036405 0.127478 0.000000,
        -0.034988 0.129923 0.000000,
        -0.034966 0.130687 0.000000,
        -0.035137 0.131472 0.000000,
        -0.035374 0.131965 0.000000,
        -0.035763 0.132420 0.000000,
        -0.044478 0.121207 0.000000,
        -0.097859 -0.031289 0.000000,
        -0.092504 -0.033981 0.000000,
        -0.141483 -0.042593 0.000000,
        -0.081280 -0.036281 0.000000,
        -0.105757 0.129702 0.000000,
        -0.110240 0.123580 0.000000,
        -0.178124 0.144348 0.000000,
        -0.114696 -0.005631 0.000000,
        -0.140242 -0.019124 0.000000,
        -0.140751 -0.018149 0.000000,
        -0.043026 -0.038670 0.000000,
        -0.040417 -0.035976 0.000000,
        -0.089989 0.137575 0.000000,
        -0.096563 0.135926 0.000000,
        -0.101478 0.133375 0.000000,
        -0.037019 -0.032327 0.000000,
        -0.036315 -0.031555 0.000000,
        -0.139646 -0.020845 0.000000,
        -0.107514 -0.020794 0.000000,
        -0.139528 -0.023431 0.000000,
        -0.102658 -0.027157 0.000000,
        -0.139912 -0.028930 0.000000,
        -0.068730 0.136420 0.000000,
        -0.074911 0.137624 0.000000,
        -0.081188 0.138140 0.000000,
        -0.141296 -0.040800 0.000000,
        -0.070156 -0.037696 0.000000,
        -0.057698 -0.039122 0.000000,
        -0.053074 -0.040360 0.000000,
        -0.182067 0.144348 0.000000,
        -0.142177 -0.015591 0.000000,
        -0.145879 -0.003227 0.000000,
        -0.118961 0.015591 0.000000,
        -0.148972 0.009325 0.000000,
        -0.120575 0.040155 0.000000,
        -0.114379 0.113596 0.000000,
        -0.118439 0.091033 0.000000,
        -0.120574 0.040302 0.000000,
        -0.047910 -0.042622 0.000000,
        -0.047864 -0.042593 0.000000,
        -0.046956 -0.042026 0.000000,
        -0.143025 -0.049204 0.000000,
        -0.142897 -0.049156 0.000000,
        -0.142560 -0.048837 0.000000,
        -0.142270 -0.048316 0.000000,
        -0.049343 -0.042593 0.000000,
        -0.142088 -0.047646 0.000000,
        -0.048287 -0.042744 0.000000,
        -0.024625 -0.531496 0.000000,
        -0.048932 -0.042771 0.000000,
        -0.049175 -0.042691 0.000000,
        -0.142752 -0.049054 0.000000,
        -0.050098 -0.042153 0.000000,
        -0.141697 -0.044644 0.000000,
        -0.220041 -0.047937 0.000000,
        -0.219903 -0.048248 0.000000,
        -0.219750 -0.048460 0.000000,
        -0.219575 -0.048609 0.000000,
        -0.219354 -0.048721 0.000000,
        -0.143674 -0.049097 0.000000,
        -0.143413 -0.049194 0.000000,
        -0.143203 -0.049223 0.000000,
        -0.217951 -0.048040 0.000000,
        -0.217647 -0.047359 0.000000,
        -0.146236 -0.042593 0.000000,
        -0.217469 -0.046756 0.000000,
        -0.216744 -0.042593 0.000000,
        -0.218706 -0.048713 0.000000,
        -0.218467 -0.048596 0.000000,
        -0.218224 -0.048398 0.000000,
        -0.220769 -0.042593 0.000000,
        -0.220573 -0.044198 0.000000,
        -0.220463 -0.045703 0.000000,
        -0.220297 -0.046763 0.000000,
        -0.220162 -0.047489 0.000000,
        -0.144561 -0.048141 0.000000,
        -0.144255 -0.048601 0.000000,
        -0.143956 -0.048909 0.000000,
        -0.218929 -0.048767 0.000000,
        -0.145281 -0.046463 0.000000,
        -0.144891 -0.047463 0.000000,
        -0.219147 -0.048770 0.000000,
        -0.198804 0.033360 0.000000,
        -0.160297 0.024048 0.000000,
        -0.215498 -0.035431 0.000000,
        -0.151237 -0.018149 0.000000,
        -0.146959 -0.039667 0.000000,
        0.653543 -0.456693 0.078740,
        0.653543 -0.332464 0.078740,
        0.653543 -0.196850 0.078740,
        0.653543 -0.072622 0.078740,
        0.553150 -0.196850 0.000000,
        0.653543 -0.196850 0.000000,
        0.653543 -0.072622 0.000000,
        0.462598 -0.072622 0.000000,
        0.462598 -0.456693 0.000000,
        0.653543 -0.456693 0.000000,
        0.653543 -0.332464 0.000000,
        0.553150 -0.332464 0.000000,
        0.653543 0.059055 0.078740,
        0.653543 0.196850 0.078740,
        0.653543 0.196850 0.000000,
        0.653543 0.059055 0.000000,
        0.462598 0.196850 0.000000,
        0.462598 0.059055 0.000000,
        0.653543 0.318898 0.078740,
        0.653543 0.456693 0.078740,
        0.462598 0.456693 0.000000,
        0.462598 0.318898 0.000000,
        0.653543 0.318898 0.000000,
        0.653543 0.456693 0.000000,
        -0.196850 0.653543 0.377953,
        -0.196850 0.653543 0.338583,
        -0.157480 0.653543 0.377953,
        -0.157480 0.653543 0.338583,
        0.157480 0.653543 0.377953,
        0.157480 0.653543 0.338583,
        0.196850 0.653543 0.377953,
        0.196850 0.653543 0.338583,
        -0.295276 0.653543 0.220472,
        -0.295276 0.653543 0.181102,
        -0.255906 0.653543 0.220472,
        -0.255906 0.653543 0.181102,
        0.059055 0.653543 0.220472,
        0.059055 0.653543 0.181102,
        0.098425 0.653543 0.220472,
        0.098425 0.653543 0.181102,
        0.011811 -0.653543 0.377953,
        0.011811 -0.653543 0.338583,
        -0.027559 -0.653543 0.377953,
        -0.027559 -0.653543 0.338583,
        0.039370 -0.653543 0.259843,
        0.039370 -0.653543 0.220472,
        -0.000000 -0.653543 0.259843,
        -0.000000 -0.653543 0.220472,
      ]
    }
    coordIndex [
      100, 101, 92, -1,
      92, 101, 91, -1,
      91, 101, 42, -1,
      42, 101, 102, -1,
      42, 102, 35, -1,
      35, 102, 103, -1,
      36, 104, 43, -1,
      43, 104, 105, -1,
      43, 105, 92, -1,
      92, 105, 100, -1,
      101, 100, 102, -1,
      102, 100, 105, -1,
      103, 104, 35, -1,
      35, 104, 36, -1,
      104, 103, 105, -1,
      105, 103, 102, -1,
      106, 107, 95, -1,
      95, 107, 96, -1,
      40, 108, 41, -1,
      41, 108, 109, -1,
      41, 109, 95, -1,
      95, 109, 106, -1,
      96, 107, 34, -1,
      34, 107, 110, -1,
      34, 110, 39, -1,
      39, 110, 111, -1,
      39, 111, 40, -1,
      40, 111, 108, -1,
      107, 106, 110, -1,
      110, 106, 109, -1,
      110, 109, 111, -1,
      111, 109, 108, -1,
      112, 113, 97, -1,
      97, 113, 90, -1,
      90, 113, 49, -1,
      49, 113, 114, -1,
      49, 114, 50, -1,
      50, 114, 115, -1,
      32, 116, 33, -1,
      33, 116, 117, -1,
      33, 117, 97, -1,
      97, 117, 112, -1,
      113, 112, 114, -1,
      114, 112, 117, -1,
      115, 116, 50, -1,
      50, 116, 32, -1,
      116, 115, 117, -1,
      117, 115, 114, -1,
      118, 119, 94, -1,
      94, 119, 93, -1,
      47, 120, 48, -1,
      48, 120, 121, -1,
      48, 121, 94, -1,
      94, 121, 118, -1,
      93, 119, 53, -1,
      53, 119, 122, -1,
      53, 122, 46, -1,
      46, 122, 123, -1,
      46, 123, 47, -1,
      47, 123, 120, -1,
      119, 118, 122, -1,
      122, 118, 121, -1,
      122, 121, 123, -1,
      123, 121, 120, -1,
      124, 125, 69, -1,
      69, 125, 65, -1,
      126, 127, 66, -1,
      66, 127, 56, -1,
      128, 129, 85, -1,
      85, 129, 83, -1,
      130, 131, 78, -1,
      78, 131, 79, -1,
      7, 132, 0, -1,
      0, 132, 133, -1,
      133, 134, 0, -1,
      0, 134, 1, -1,
      1, 134, 2, -1,
      2, 134, 135, -1,
      2, 135, 69, -1,
      69, 135, 124, -1,
      125, 124, 136, -1,
      136, 124, 135, -1,
      65, 125, 31, -1,
      31, 125, 136, -1,
      31, 136, 30, -1,
      30, 136, 137, -1,
      30, 137, 28, -1,
      28, 137, 138, -1,
      28, 138, 29, -1,
      29, 138, 139, -1,
      29, 139, 66, -1,
      66, 139, 126, -1,
      127, 126, 140, -1,
      140, 126, 139, -1,
      56, 127, 51, -1,
      51, 127, 140, -1,
      51, 140, 52, -1,
      52, 140, 141, -1,
      52, 141, 37, -1,
      37, 141, 142, -1,
      142, 143, 37, -1,
      37, 143, 38, -1,
      143, 144, 38, -1,
      38, 144, 44, -1,
      44, 144, 45, -1,
      45, 144, 145, -1,
      45, 145, 85, -1,
      85, 145, 128, -1,
      129, 128, 146, -1,
      146, 128, 145, -1,
      83, 129, 76, -1,
      76, 129, 146, -1,
      76, 146, 99, -1,
      99, 146, 147, -1,
      147, 148, 99, -1,
      99, 148, 98, -1,
      98, 148, 77, -1,
      77, 148, 149, -1,
      77, 149, 78, -1,
      78, 149, 130, -1,
      131, 130, 150, -1,
      150, 130, 149, -1,
      79, 131, 5, -1,
      5, 131, 150, -1,
      5, 150, 6, -1,
      6, 150, 151, -1,
      6, 151, 7, -1,
      7, 151, 132, -1,
      137, 136, 135, -1,
      152, 153, 134, -1,
      134, 153, 135, -1,
      154, 155, 156, -1,
      157, 158, 159, -1,
      160, 161, 162, -1,
      162, 161, 163, -1,
      162, 163, 164, -1,
      165, 166, 167, -1,
      152, 134, 156, -1,
      156, 134, 133, -1,
      156, 133, 154, -1,
      168, 169, 170, -1,
      159, 168, 157, -1,
      157, 168, 170, -1,
      157, 170, 171, -1,
      171, 170, 172, -1,
      156, 161, 152, -1,
      152, 161, 160, -1,
      152, 160, 173, -1,
      173, 160, 174, -1,
      175, 176, 177, -1,
      177, 176, 178, -1,
      177, 178, 179, -1,
      135, 153, 137, -1,
      137, 153, 180, -1,
      137, 180, 181, -1,
      182, 183, 184, -1,
      184, 183, 185, -1,
      184, 185, 186, -1,
      187, 188, 189, -1,
      190, 191, 192, -1,
      193, 194, 195, -1,
      196, 197, 198, -1,
      198, 197, 199, -1,
      196, 200, 197, -1,
      197, 200, 201, -1,
      197, 201, 202, -1,
      203, 204, 205, -1,
      205, 206, 203, -1,
      203, 206, 207, -1,
      203, 207, 167, -1,
      167, 207, 208, -1,
      167, 208, 209, -1,
      186, 210, 184, -1,
      184, 210, 211, -1,
      184, 211, 212, -1,
      213, 184, 214, -1,
      214, 184, 212, -1,
      214, 212, 215, -1,
      209, 216, 167, -1,
      167, 216, 217, -1,
      167, 217, 165, -1,
      218, 219, 154, -1,
      154, 219, 220, -1,
      154, 220, 155, -1,
      179, 221, 177, -1,
      177, 221, 190, -1,
      177, 190, 222, -1,
      222, 190, 192, -1,
      223, 224, 137, -1,
      225, 226, 227, -1,
      227, 226, 228, -1,
      227, 228, 229, -1,
      229, 228, 230, -1,
      231, 232, 233, -1,
      233, 232, 234, -1,
      235, 236, 237, -1,
      169, 168, 238, -1,
      238, 168, 239, -1,
      238, 239, 240, -1,
      240, 241, 238, -1,
      238, 241, 242, -1,
      238, 242, 243, -1,
      243, 244, 238, -1,
      238, 244, 245, -1,
      238, 245, 246, -1,
      246, 245, 247, -1,
      158, 157, 248, -1,
      248, 157, 249, -1,
      248, 249, 250, -1,
      250, 249, 251, -1,
      250, 251, 252, -1,
      253, 254, 190, -1,
      190, 254, 255, -1,
      190, 255, 191, -1,
      256, 257, 258, -1,
      258, 257, 259, -1,
      258, 260, 261, -1,
      261, 260, 181, -1,
      261, 181, 262, -1,
      262, 181, 180, -1,
      194, 263, 195, -1,
      195, 263, 264, -1,
      195, 264, 265, -1,
      266, 267, 171, -1,
      171, 267, 268, -1,
      171, 268, 197, -1,
      197, 268, 269, -1,
      197, 269, 199, -1,
      225, 270, 226, -1,
      226, 270, 271, -1,
      226, 271, 272, -1,
      234, 273, 233, -1,
      233, 273, 274, -1,
      233, 274, 275, -1,
      275, 274, 235, -1,
      275, 235, 276, -1,
      276, 235, 237, -1,
      203, 277, 278, -1,
      279, 280, 281, -1,
      281, 280, 282, -1,
      281, 282, 283, -1,
      283, 282, 284, -1,
      285, 286, 245, -1,
      245, 286, 287, -1,
      245, 287, 247, -1,
      288, 289, 290, -1,
      290, 289, 250, -1,
      290, 250, 291, -1,
      291, 250, 252, -1,
      266, 171, 292, -1,
      292, 171, 172, -1,
      292, 172, 293, -1,
      293, 172, 294, -1,
      293, 294, 295, -1,
      295, 294, 296, -1,
      295, 296, 297, -1,
      253, 298, 254, -1,
      254, 298, 299, -1,
      254, 299, 296, -1,
      296, 299, 300, -1,
      296, 300, 297, -1,
      182, 301, 183, -1,
      183, 301, 302, -1,
      183, 302, 303, -1,
      303, 302, 304, -1,
      303, 304, 305, -1,
      224, 306, 137, -1,
      137, 306, 307, -1,
      137, 307, 308, -1,
      202, 309, 197, -1,
      197, 309, 203, -1,
      197, 203, 195, -1,
      195, 203, 137, -1,
      195, 137, 193, -1,
      310, 311, 279, -1,
      312, 313, 204, -1,
      204, 313, 314, -1,
      204, 314, 315, -1,
      316, 317, 318, -1,
      318, 317, 319, -1,
      318, 319, 290, -1,
      290, 319, 320, -1,
      290, 320, 288, -1,
      213, 321, 184, -1,
      184, 321, 187, -1,
      184, 187, 177, -1,
      259, 322, 258, -1,
      258, 322, 323, -1,
      258, 323, 260, -1,
      308, 324, 137, -1,
      137, 324, 325, -1,
      137, 325, 193, -1,
      326, 327, 328, -1,
      236, 235, 282, -1,
      282, 235, 329, -1,
      282, 329, 284, -1,
      305, 304, 330, -1,
      330, 304, 331, -1,
      330, 331, 332, -1,
      309, 333, 203, -1,
      203, 333, 334, -1,
      203, 334, 226, -1,
      278, 335, 203, -1,
      203, 335, 336, -1,
      203, 336, 337, -1,
      310, 279, 338, -1,
      311, 339, 279, -1,
      279, 339, 340, -1,
      279, 340, 280, -1,
      315, 341, 204, -1,
      204, 341, 342, -1,
      204, 342, 343, -1,
      343, 342, 326, -1,
      343, 326, 344, -1,
      344, 326, 328, -1,
      189, 345, 154, -1,
      154, 345, 346, -1,
      154, 346, 218, -1,
      347, 348, 181, -1,
      181, 348, 349, -1,
      181, 349, 137, -1,
      137, 349, 350, -1,
      137, 350, 223, -1,
      175, 177, 351, -1,
      351, 177, 167, -1,
      351, 167, 352, -1,
      272, 353, 226, -1,
      226, 353, 354, -1,
      226, 354, 203, -1,
      203, 354, 355, -1,
      203, 355, 277, -1,
      337, 338, 203, -1,
      203, 338, 279, -1,
      203, 279, 204, -1,
      204, 279, 356, -1,
      204, 356, 312, -1,
      166, 357, 167, -1,
      167, 357, 358, -1,
      167, 358, 359, -1,
      347, 181, 331, -1,
      331, 181, 360, -1,
      331, 360, 332, -1,
      361, 362, 167, -1,
      167, 362, 363, -1,
      167, 363, 352, -1,
      359, 364, 167, -1,
      167, 364, 365, -1,
      167, 365, 361, -1,
      366, 367, 368, -1,
      140, 139, 141, -1,
      141, 139, 138, -1,
      369, 370, 203, -1,
      371, 372, 373, -1,
      368, 374, 366, -1,
      366, 374, 375, -1,
      366, 375, 376, -1,
      377, 378, 371, -1,
      379, 380, 370, -1,
      381, 382, 142, -1,
      142, 383, 371, -1,
      371, 383, 384, -1,
      371, 384, 372, -1,
      385, 386, 167, -1,
      167, 386, 387, -1,
      167, 387, 203, -1,
      203, 387, 388, -1,
      203, 388, 369, -1,
      389, 390, 391, -1,
      391, 390, 392, -1,
      391, 392, 393, -1,
      393, 394, 391, -1,
      391, 394, 395, -1,
      391, 395, 396, -1,
      373, 397, 371, -1,
      371, 397, 398, -1,
      371, 398, 377, -1,
      399, 400, 167, -1,
      167, 400, 401, -1,
      167, 401, 385, -1,
      382, 402, 142, -1,
      142, 402, 403, -1,
      142, 403, 404, -1,
      404, 405, 142, -1,
      142, 405, 406, -1,
      142, 406, 383, -1,
      407, 408, 370, -1,
      370, 408, 409, -1,
      370, 409, 379, -1,
      380, 410, 370, -1,
      370, 410, 411, -1,
      370, 411, 203, -1,
      203, 411, 412, -1,
      203, 412, 138, -1,
      138, 412, 413, -1,
      138, 413, 141, -1,
      141, 413, 414, -1,
      141, 414, 366, -1,
      389, 391, 370, -1,
      370, 391, 415, -1,
      370, 415, 407, -1,
      416, 417, 418, -1,
      418, 417, 419, -1,
      420, 421, 422, -1,
      423, 424, 425, -1,
      167, 426, 427, -1,
      428, 429, 141, -1,
      141, 429, 430, -1,
      427, 431, 167, -1,
      167, 431, 432, -1,
      167, 432, 399, -1,
      424, 423, 433, -1,
      433, 423, 434, -1,
      433, 434, 435, -1,
      435, 434, 436, -1,
      435, 436, 437, -1,
      376, 438, 366, -1,
      366, 438, 439, -1,
      366, 439, 141, -1,
      141, 439, 440, -1,
      141, 440, 428, -1,
      416, 418, 436, -1,
      436, 418, 441, -1,
      436, 441, 437, -1,
      419, 442, 418, -1,
      418, 442, 443, -1,
      418, 443, 444, -1,
      430, 420, 141, -1,
      141, 420, 422, -1,
      141, 422, 142, -1,
      142, 422, 445, -1,
      142, 445, 381, -1,
      425, 446, 423, -1,
      423, 446, 447, -1,
      423, 447, 448, -1,
      448, 447, 449, -1,
      448, 449, 450, -1,
      421, 451, 422, -1,
      422, 451, 452, -1,
      422, 452, 449, -1,
      449, 452, 453, -1,
      449, 453, 450, -1,
      143, 371, 144, -1,
      144, 371, 147, -1,
      144, 147, 145, -1,
      145, 147, 146, -1,
      454, 455, 167, -1,
      167, 455, 456, -1,
      167, 456, 426, -1,
      147, 457, 458, -1,
      459, 460, 461, -1,
      461, 460, 462, -1,
      463, 464, 465, -1,
      465, 464, 147, -1,
      465, 147, 466, -1,
      466, 147, 458, -1,
      466, 458, 461, -1,
      461, 458, 467, -1,
      461, 467, 459, -1,
      444, 468, 418, -1,
      418, 468, 461, -1,
      418, 461, 469, -1,
      469, 461, 462, -1,
      470, 471, 371, -1,
      371, 471, 472, -1,
      371, 472, 147, -1,
      147, 472, 473, -1,
      147, 473, 474, -1,
      475, 476, 147, -1,
      147, 476, 477, -1,
      147, 477, 457, -1,
      478, 479, 480, -1,
      480, 479, 481, -1,
      480, 481, 482, -1,
      483, 484, 480, -1,
      480, 484, 485, -1,
      480, 485, 478, -1,
      378, 486, 371, -1,
      371, 486, 487, -1,
      371, 487, 488, -1,
      488, 489, 371, -1,
      371, 489, 490, -1,
      371, 490, 470, -1,
      491, 492, 147, -1,
      147, 492, 493, -1,
      147, 493, 475, -1,
      483, 480, 494, -1,
      494, 480, 495, -1,
      494, 495, 496, -1,
      474, 497, 147, -1,
      147, 497, 494, -1,
      147, 494, 491, -1,
      491, 494, 496, -1,
      187, 189, 177, -1,
      177, 189, 154, -1,
      177, 154, 167, -1,
      167, 154, 132, -1,
      167, 132, 151, -1,
      463, 454, 464, -1,
      464, 454, 167, -1,
      464, 167, 148, -1,
      148, 167, 151, -1,
      148, 151, 149, -1,
      149, 151, 150, -1,
      498, 499, 500, -1,
      500, 499, 501, -1,
      500, 501, 482, -1,
      482, 501, 502, -1,
      482, 502, 480, -1,
      503, 504, 23, -1,
      23, 504, 18, -1,
      505, 506, 21, -1,
      21, 506, 22, -1,
      55, 507, 20, -1,
      20, 507, 508, -1,
      20, 508, 21, -1,
      21, 508, 505, -1,
      506, 505, 509, -1,
      509, 505, 508, -1,
      22, 506, 15, -1,
      15, 506, 509, -1,
      15, 509, 14, -1,
      14, 509, 510, -1,
      510, 511, 14, -1,
      14, 511, 13, -1,
      13, 511, 17, -1,
      17, 511, 512, -1,
      17, 512, 23, -1,
      23, 512, 503, -1,
      504, 503, 513, -1,
      513, 503, 512, -1,
      18, 504, 19, -1,
      19, 504, 513, -1,
      19, 513, 54, -1,
      54, 513, 514, -1,
      54, 514, 55, -1,
      55, 514, 507, -1,
      513, 512, 514, -1,
      514, 512, 511, -1,
      514, 511, 507, -1,
      507, 511, 510, -1,
      507, 510, 508, -1,
      508, 510, 509, -1,
      515, 516, 24, -1,
      24, 516, 25, -1,
      516, 515, 517, -1,
      517, 515, 518, -1,
      25, 516, 9, -1,
      9, 516, 517, -1,
      9, 517, 11, -1,
      11, 517, 519, -1,
      519, 520, 11, -1,
      11, 520, 12, -1,
      12, 520, 16, -1,
      16, 520, 518, -1,
      16, 518, 24, -1,
      24, 518, 515, -1,
      520, 519, 518, -1,
      518, 519, 517, -1,
      521, 522, 27, -1,
      27, 522, 26, -1,
      4, 523, 10, -1,
      10, 523, 524, -1,
      10, 524, 8, -1,
      8, 524, 525, -1,
      8, 525, 27, -1,
      27, 525, 521, -1,
      522, 521, 526, -1,
      526, 521, 525, -1,
      26, 522, 3, -1,
      3, 522, 526, -1,
      3, 526, 4, -1,
      4, 526, 523, -1,
      526, 525, 523, -1,
      523, 525, 524, -1,
      527, 528, 72, -1,
      72, 528, 73, -1,
      529, 527, 63, -1,
      63, 527, 72, -1,
      530, 529, 62, -1,
      62, 529, 63, -1,
      528, 530, 73, -1,
      73, 530, 62, -1,
      529, 530, 527, -1,
      527, 530, 528, -1,
      531, 532, 57, -1,
      57, 532, 70, -1,
      533, 531, 61, -1,
      61, 531, 57, -1,
      534, 533, 60, -1,
      60, 533, 61, -1,
      532, 534, 70, -1,
      70, 534, 60, -1,
      533, 534, 531, -1,
      531, 534, 532, -1,
      535, 536, 67, -1,
      67, 536, 68, -1,
      537, 535, 74, -1,
      74, 535, 67, -1,
      538, 537, 71, -1,
      71, 537, 74, -1,
      536, 538, 68, -1,
      68, 538, 71, -1,
      537, 538, 535, -1,
      535, 538, 536, -1,
      539, 540, 64, -1,
      64, 540, 75, -1,
      541, 539, 59, -1,
      59, 539, 64, -1,
      542, 541, 58, -1,
      58, 541, 59, -1,
      540, 542, 75, -1,
      75, 542, 58, -1,
      541, 542, 539, -1,
      539, 542, 540, -1,
      543, 544, 87, -1,
      87, 544, 82, -1,
      545, 543, 86, -1,
      86, 543, 87, -1,
      546, 545, 84, -1,
      84, 545, 86, -1,
      544, 546, 82, -1,
      82, 546, 84, -1,
      545, 546, 543, -1,
      543, 546, 544, -1,
      547, 548, 81, -1,
      81, 548, 88, -1,
      549, 547, 80, -1,
      80, 547, 81, -1,
      550, 549, 89, -1,
      89, 549, 80, -1,
      548, 550, 88, -1,
      88, 550, 89, -1,
      549, 550, 547, -1,
      547, 550, 548, -1,
    ]
  }
}

Shape {
  appearance Appearance {
    material Material {
      diffuseColor 0.1176 0.1176 0.1765
      specularColor 0.0588 0.0588 0.0863
      ambientIntensity 0.2
      transparency 0.0000
      shininess 0.5
    }
  }
  geometry IndexedFaceSet {
    ccw TRUE
    solid FALSE
    coord DEF co Coordinate {
      point [
        0.580709 -0.610236 0.574803,
        0.610236 -0.610236 0.574803,
        0.610236 -0.455569 0.574803,
        -0.610236 0.040567 0.574803,
        -0.610236 -0.022331 0.574803,
        -0.610236 -0.048549 0.574803,
        -0.610236 -0.134802 0.574803,
        -0.610236 -0.161098 0.574803,
        -0.610236 -0.234989 0.574803,
        0.253993 0.610236 0.574803,
        0.069176 0.610236 0.574803,
        -0.038216 0.610236 0.574803,
        0.329318 -0.610236 0.574803,
        0.329318 0.610236 0.574803,
        0.278183 0.610236 0.574803,
        0.278183 -0.610236 0.574803,
        0.254291 -0.610236 0.574803,
        0.253993 -0.610236 0.574803,
        0.069176 -0.610236 0.574803,
        -0.038216 -0.610236 0.574803,
        -0.040948 -0.610236 0.574803,
        -0.043939 -0.610236 0.574803,
        -0.229978 -0.610236 0.574803,
        -0.464758 -0.610236 0.574803,
        -0.281504 -0.610236 0.574803,
        -0.255999 -0.610236 0.574803,
        -0.610236 -0.254494 0.574803,
        -0.610236 -0.263354 0.574803,
        -0.610236 -0.344314 0.574803,
        -0.610236 -0.353596 0.574803,
        -0.610236 -0.455569 0.574803,
        -0.610236 -0.610236 0.574803,
        -0.279459 -0.610236 0.574803,
        -0.610236 -0.148916 0.574803,
        -0.610236 -0.033970 0.574803,
        -0.610236 0.074825 0.574803,
        -0.610236 0.130941 0.574803,
        -0.610236 0.142106 0.574803,
        -0.610236 0.168790 0.574803,
        -0.610236 0.270718 0.574803,
        -0.043939 0.610236 0.574803,
        -0.229978 0.610236 0.574803,
        -0.255999 0.610236 0.574803,
        -0.279459 0.610236 0.574803,
        -0.281504 0.610236 0.574803,
        -0.464758 0.610236 0.574803,
        -0.610236 0.610236 0.574803,
        -0.040948 0.610236 0.574803,
        0.254291 0.610236 0.574803,
        0.580709 0.610236 0.574803,
        0.610236 -0.353596 0.574803,
        0.610236 -0.344314 0.574803,
        0.610236 -0.263354 0.574803,
        0.610236 -0.254494 0.574803,
        0.610236 -0.234989 0.574803,
        0.610236 -0.161098 0.574803,
        0.610236 -0.148916 0.574803,
        0.610236 -0.134802 0.574803,
        0.610236 -0.048549 0.574803,
        0.610236 -0.033970 0.574803,
        0.610236 -0.022331 0.574803,
        0.610236 0.040567 0.574803,
        0.610236 0.074825 0.574803,
        0.610236 0.130941 0.574803,
        0.610236 0.142106 0.574803,
        0.610236 0.168790 0.574803,
        0.610236 0.270718 0.574803,
        0.610236 0.610236 0.574803,
        0.649606 0.610236 0.003937,
        0.648265 0.620426 0.003937,
        0.610236 -0.649606 0.003937,
        0.610236 0.649606 0.003937,
        0.620426 0.648265 0.003937,
        0.629921 0.644332 0.003937,
        0.629921 -0.644332 0.003937,
        0.649606 -0.610236 0.003937,
        0.638075 -0.638075 0.003937,
        0.648265 -0.620426 0.003937,
        0.644332 -0.629921 0.003937,
        0.638075 0.638075 0.003937,
        0.644332 0.629921 0.003937,
        0.620426 -0.648265 0.003937,
        0.649606 0.610236 0.535433,
        0.649606 -0.610236 0.535433,
        -0.649606 0.610236 0.003937,
        -0.648265 0.620426 0.003937,
        -0.610236 -0.649606 0.003937,
        -0.620426 -0.648265 0.003937,
        -0.644332 0.629921 0.003937,
        -0.638075 0.638075 0.003937,
        -0.629921 0.644332 0.003937,
        -0.610236 0.649606 0.003937,
        -0.620426 0.648265 0.003937,
        -0.629921 -0.644332 0.003937,
        -0.638075 -0.638075 0.003937,
        -0.644332 -0.629921 0.003937,
        -0.649606 -0.610236 0.003937,
        -0.648265 -0.620426 0.003937,
        0.610236 0.649606 0.535433,
        -0.610236 0.649606 0.535433,
        0.610236 -0.649606 0.535433,
        -0.610236 -0.649606 0.535433,
        -0.649606 -0.610236 0.535433,
        -0.649606 0.610236 0.535433,
        -0.620426 0.648265 0.535433,
        -0.629921 0.644332 0.535433,
        -0.638075 0.638075 0.535433,
        -0.644332 0.629921 0.535433,
        -0.648265 0.620426 0.535433,
        -0.610236 0.620426 0.573462,
        0.610236 0.629921 0.569528,
        -0.610236 0.629921 0.569528,
        0.610236 0.638075 0.563272,
        -0.610236 0.638075 0.563272,
        0.610236 0.644332 0.555118,
        -0.610236 0.644332 0.555118,
        0.610236 0.648265 0.545623,
        -0.610236 0.648265 0.545623,
        0.610236 0.620426 0.573462,
        0.648265 0.620426 0.535433,
        0.644332 0.629921 0.535433,
        0.638075 0.638075 0.535433,
        0.629921 0.644332 0.535433,
        0.620426 0.648265 0.535433,
        -0.648265 0.610236 0.545623,
        -0.646969 0.620079 0.545623,
        -0.627284 0.620079 0.569528,
        -0.619061 0.615331 0.573462,
        -0.617441 0.617441 0.573462,
        -0.612874 0.620079 0.573462,
        -0.620079 0.612874 0.573462,
        -0.629250 0.615331 0.569528,
        -0.637126 0.617441 0.563272,
        -0.620426 0.610236 0.573462,
        -0.624156 0.624156 0.569528,
        -0.615331 0.619061 0.573462,
        -0.620079 0.627284 0.569528,
        -0.615331 0.629250 0.569528,
        -0.629921 0.610236 0.569528,
        -0.638075 0.610236 0.563272,
        -0.644332 0.610236 0.555118,
        -0.634345 0.624156 0.563272,
        -0.629921 0.629921 0.563272,
        -0.624156 0.634345 0.563272,
        -0.617441 0.637126 0.563272,
        -0.643170 0.619061 0.555118,
        -0.639764 0.627284 0.555118,
        -0.634345 0.634345 0.555118,
        -0.627284 0.639764 0.555118,
        -0.619061 0.643170 0.555118,
        -0.643170 0.629250 0.545623,
        -0.637126 0.637126 0.545623,
        -0.629250 0.643170 0.545623,
        -0.620079 0.646969 0.545623,
        0.620079 0.646969 0.545623,
        0.620079 0.627284 0.569528,
        0.615331 0.619061 0.573462,
        0.617441 0.617441 0.573462,
        0.620426 0.610236 0.573462,
        0.620079 0.612874 0.573462,
        0.612874 0.620079 0.573462,
        0.615331 0.629250 0.569528,
        0.617441 0.637126 0.563272,
        0.624156 0.624156 0.569528,
        0.619061 0.615331 0.573462,
        0.627284 0.620079 0.569528,
        0.629250 0.615331 0.569528,
        0.629921 0.610236 0.569528,
        0.624156 0.634345 0.563272,
        0.629921 0.629921 0.563272,
        0.634345 0.624156 0.563272,
        0.637126 0.617441 0.563272,
        0.638075 0.610236 0.563272,
        0.619061 0.643170 0.555118,
        0.627284 0.639764 0.555118,
        0.634345 0.634345 0.555118,
        0.639764 0.627284 0.555118,
        0.643170 0.619061 0.555118,
        0.644332 0.610236 0.555118,
        0.629250 0.643170 0.545623,
        0.637126 0.637126 0.545623,
        0.643170 0.629250 0.545623,
        0.646969 0.620079 0.545623,
        0.648265 0.610236 0.545623,
        -0.648265 -0.620426 0.535433,
        -0.644332 -0.629921 0.535433,
        -0.638075 -0.638075 0.535433,
        -0.629921 -0.644332 0.535433,
        -0.620426 -0.648265 0.535433,
        -0.648265 -0.610236 0.545623,
        -0.620426 -0.610236 0.573462,
        -0.644332 -0.610236 0.555118,
        -0.638075 -0.610236 0.563272,
        -0.629921 -0.610236 0.569528,
        0.648265 -0.610236 0.545623,
        0.644332 -0.610236 0.555118,
        0.638075 -0.610236 0.563272,
        0.629921 -0.610236 0.569528,
        0.620426 -0.610236 0.573462,
        0.620426 -0.648265 0.535433,
        0.629921 -0.644332 0.535433,
        0.638075 -0.638075 0.535433,
        0.644332 -0.629921 0.535433,
        0.648265 -0.620426 0.535433,
        -0.610236 -0.648265 0.545623,
        -0.620079 -0.646969 0.545623,
        -0.620079 -0.627284 0.569528,
        -0.615331 -0.619061 0.573462,
        -0.617441 -0.617441 0.573462,
        -0.620079 -0.612874 0.573462,
        -0.612874 -0.620079 0.573462,
        -0.615331 -0.629250 0.569528,
        -0.617441 -0.637126 0.563272,
        -0.610236 -0.620426 0.573462,
        -0.624156 -0.624156 0.569528,
        -0.619061 -0.615331 0.573462,
        -0.627284 -0.620079 0.569528,
        -0.629250 -0.615331 0.569528,
        -0.610236 -0.629921 0.569528,
        -0.610236 -0.638075 0.563272,
        -0.610236 -0.644332 0.555118,
        -0.624156 -0.634345 0.563272,
        -0.629921 -0.629921 0.563272,
        -0.634345 -0.624156 0.563272,
        -0.637126 -0.617441 0.563272,
        -0.619061 -0.643170 0.555118,
        -0.627284 -0.639764 0.555118,
        -0.634345 -0.634345 0.555118,
        -0.639764 -0.627284 0.555118,
        -0.643170 -0.619061 0.555118,
        -0.629250 -0.643170 0.545623,
        -0.637126 -0.637126 0.545623,
        -0.643170 -0.629250 0.545623,
        -0.646969 -0.620079 0.545623,
        0.646969 -0.620079 0.545623,
        0.627284 -0.620079 0.569528,
        0.619061 -0.615331 0.573462,
        0.617441 -0.617441 0.573462,
        0.610236 -0.620426 0.573462,
        0.612874 -0.620079 0.573462,
        0.620079 -0.612874 0.573462,
        0.629250 -0.615331 0.569528,
        0.637126 -0.617441 0.563272,
        0.624156 -0.624156 0.569528,
        0.615331 -0.619061 0.573462,
        0.620079 -0.627284 0.569528,
        0.615331 -0.629250 0.569528,
        0.610236 -0.629921 0.569528,
        0.634345 -0.624156 0.563272,
        0.629921 -0.629921 0.563272,
        0.624156 -0.634345 0.563272,
        0.617441 -0.637126 0.563272,
        0.610236 -0.638075 0.563272,
        0.643170 -0.619061 0.555118,
        0.639764 -0.627284 0.555118,
        0.634345 -0.634345 0.555118,
        0.627284 -0.639764 0.555118,
        0.619061 -0.643170 0.555118,
        0.610236 -0.644332 0.555118,
        0.643170 -0.629250 0.545623,
        0.637126 -0.637126 0.545623,
        0.629250 -0.643170 0.545623,
        0.620079 -0.646969 0.545623,
        0.610236 -0.648265 0.545623,
      ]
    }
    coordIndex [
      99, 91, 92, -1,
      99, 92, 104, -1,
      104, 92, 90, -1,
      104, 90, 105, -1,
      105, 90, 89, -1,
      105, 89, 106, -1,
      106, 89, 88, -1,
      106, 88, 107, -1,
      107, 88, 85, -1,
      107, 85, 108, -1,
      108, 85, 84, -1,
      108, 84, 103, -1,
      109, 110, 111, -1,
      111, 110, 112, -1,
      111, 112, 113, -1,
      113, 112, 114, -1,
      113, 114, 115, -1,
      115, 114, 116, -1,
      115, 116, 117, -1,
      117, 116, 98, -1,
      117, 98, 99, -1,
      46, 45, 109, -1,
      109, 45, 44, -1,
      44, 43, 109, -1,
      109, 43, 118, -1,
      109, 118, 110, -1,
      43, 42, 118, -1,
      118, 42, 41, -1,
      118, 41, 40, -1,
      40, 47, 118, -1,
      118, 47, 11, -1,
      118, 11, 10, -1,
      10, 9, 118, -1,
      118, 9, 48, -1,
      118, 48, 14, -1,
      14, 13, 118, -1,
      118, 13, 49, -1,
      118, 49, 67, -1,
      82, 68, 69, -1,
      82, 69, 119, -1,
      119, 69, 80, -1,
      119, 80, 120, -1,
      120, 80, 79, -1,
      120, 79, 121, -1,
      121, 79, 73, -1,
      121, 73, 122, -1,
      122, 73, 72, -1,
      122, 72, 123, -1,
      123, 72, 71, -1,
      123, 71, 98, -1,
      103, 124, 125, -1,
      126, 127, 128, -1,
      46, 109, 129, -1,
      128, 127, 46, -1,
      130, 46, 127, -1,
      130, 127, 131, -1,
      131, 127, 126, -1,
      131, 126, 132, -1,
      133, 46, 130, -1,
      134, 135, 136, -1,
      136, 135, 129, -1,
      136, 129, 137, -1,
      137, 129, 109, -1,
      137, 109, 111, -1,
      133, 130, 138, -1,
      138, 130, 131, -1,
      138, 131, 139, -1,
      139, 131, 132, -1,
      139, 132, 140, -1,
      141, 134, 142, -1,
      142, 134, 136, -1,
      142, 136, 143, -1,
      143, 136, 137, -1,
      143, 137, 144, -1,
      144, 137, 111, -1,
      144, 111, 113, -1,
      145, 141, 146, -1,
      146, 141, 142, -1,
      146, 142, 147, -1,
      147, 142, 143, -1,
      147, 143, 148, -1,
      148, 143, 144, -1,
      148, 144, 149, -1,
      149, 144, 113, -1,
      149, 113, 115, -1,
      124, 145, 125, -1,
      125, 145, 146, -1,
      125, 146, 150, -1,
      150, 146, 147, -1,
      150, 147, 151, -1,
      151, 147, 148, -1,
      151, 148, 152, -1,
      152, 148, 149, -1,
      152, 149, 153, -1,
      153, 149, 115, -1,
      153, 115, 117, -1,
      103, 125, 108, -1,
      108, 125, 150, -1,
      108, 150, 107, -1,
      107, 150, 151, -1,
      107, 151, 106, -1,
      106, 151, 152, -1,
      106, 152, 105, -1,
      105, 152, 153, -1,
      105, 153, 104, -1,
      104, 153, 117, -1,
      104, 117, 99, -1,
      135, 46, 129, -1,
      124, 140, 145, -1,
      145, 140, 132, -1,
      145, 132, 141, -1,
      141, 132, 126, -1,
      141, 126, 134, -1,
      134, 126, 128, -1,
      134, 128, 135, -1,
      135, 128, 46, -1,
      98, 116, 154, -1,
      155, 156, 157, -1,
      67, 158, 159, -1,
      157, 156, 67, -1,
      160, 67, 156, -1,
      160, 156, 161, -1,
      161, 156, 155, -1,
      161, 155, 162, -1,
      118, 67, 160, -1,
      163, 164, 165, -1,
      165, 164, 159, -1,
      165, 159, 166, -1,
      166, 159, 158, -1,
      166, 158, 167, -1,
      118, 160, 110, -1,
      110, 160, 161, -1,
      110, 161, 112, -1,
      112, 161, 162, -1,
      112, 162, 114, -1,
      168, 163, 169, -1,
      169, 163, 165, -1,
      169, 165, 170, -1,
      170, 165, 166, -1,
      170, 166, 171, -1,
      171, 166, 167, -1,
      171, 167, 172, -1,
      173, 168, 174, -1,
      174, 168, 169, -1,
      174, 169, 175, -1,
      175, 169, 170, -1,
      175, 170, 176, -1,
      176, 170, 171, -1,
      176, 171, 177, -1,
      177, 171, 172, -1,
      177, 172, 178, -1,
      116, 173, 154, -1,
      154, 173, 174, -1,
      154, 174, 179, -1,
      179, 174, 175, -1,
      179, 175, 180, -1,
      180, 175, 176, -1,
      180, 176, 181, -1,
      181, 176, 177, -1,
      181, 177, 182, -1,
      182, 177, 178, -1,
      182, 178, 183, -1,
      98, 154, 123, -1,
      123, 154, 179, -1,
      123, 179, 122, -1,
      122, 179, 180, -1,
      122, 180, 121, -1,
      121, 180, 181, -1,
      121, 181, 120, -1,
      120, 181, 182, -1,
      120, 182, 119, -1,
      119, 182, 183, -1,
      119, 183, 82, -1,
      164, 67, 159, -1,
      116, 114, 173, -1,
      173, 114, 162, -1,
      173, 162, 168, -1,
      168, 162, 155, -1,
      168, 155, 163, -1,
      163, 155, 157, -1,
      163, 157, 164, -1,
      164, 157, 67, -1,
      102, 96, 97, -1,
      102, 97, 184, -1,
      184, 97, 95, -1,
      184, 95, 185, -1,
      185, 95, 94, -1,
      185, 94, 186, -1,
      186, 94, 93, -1,
      186, 93, 187, -1,
      187, 93, 87, -1,
      187, 87, 188, -1,
      188, 87, 86, -1,
      188, 86, 101, -1,
      103, 102, 189, -1,
      31, 30, 190, -1,
      190, 30, 29, -1,
      190, 29, 28, -1,
      103, 189, 124, -1,
      124, 189, 191, -1,
      124, 191, 140, -1,
      140, 191, 192, -1,
      140, 192, 139, -1,
      139, 192, 193, -1,
      139, 193, 138, -1,
      138, 193, 190, -1,
      138, 190, 133, -1,
      133, 190, 28, -1,
      133, 28, 27, -1,
      27, 26, 133, -1,
      133, 26, 8, -1,
      133, 8, 7, -1,
      7, 33, 133, -1,
      133, 33, 6, -1,
      133, 6, 5, -1,
      5, 34, 133, -1,
      133, 34, 4, -1,
      133, 4, 3, -1,
      3, 35, 133, -1,
      133, 35, 36, -1,
      133, 36, 37, -1,
      37, 38, 133, -1,
      133, 38, 39, -1,
      133, 39, 46, -1,
      83, 82, 183, -1,
      67, 66, 158, -1,
      158, 66, 65, -1,
      158, 65, 64, -1,
      83, 183, 194, -1,
      194, 183, 178, -1,
      194, 178, 195, -1,
      195, 178, 172, -1,
      195, 172, 196, -1,
      196, 172, 167, -1,
      196, 167, 197, -1,
      197, 167, 158, -1,
      197, 158, 198, -1,
      198, 158, 64, -1,
      198, 64, 63, -1,
      63, 62, 198, -1,
      198, 62, 61, -1,
      198, 61, 60, -1,
      60, 59, 198, -1,
      198, 59, 58, -1,
      198, 58, 57, -1,
      57, 56, 198, -1,
      198, 56, 55, -1,
      198, 55, 54, -1,
      54, 53, 198, -1,
      198, 53, 52, -1,
      198, 52, 51, -1,
      51, 50, 198, -1,
      198, 50, 2, -1,
      198, 2, 1, -1,
      100, 70, 81, -1,
      100, 81, 199, -1,
      199, 81, 74, -1,
      199, 74, 200, -1,
      200, 74, 76, -1,
      200, 76, 201, -1,
      201, 76, 78, -1,
      201, 78, 202, -1,
      202, 78, 77, -1,
      202, 77, 203, -1,
      203, 77, 75, -1,
      203, 75, 83, -1,
      101, 204, 205, -1,
      206, 207, 208, -1,
      31, 190, 209, -1,
      208, 207, 31, -1,
      210, 31, 207, -1,
      210, 207, 211, -1,
      211, 207, 206, -1,
      211, 206, 212, -1,
      213, 31, 210, -1,
      214, 215, 216, -1,
      216, 215, 209, -1,
      216, 209, 217, -1,
      217, 209, 190, -1,
      217, 190, 193, -1,
      213, 210, 218, -1,
      218, 210, 211, -1,
      218, 211, 219, -1,
      219, 211, 212, -1,
      219, 212, 220, -1,
      221, 214, 222, -1,
      222, 214, 216, -1,
      222, 216, 223, -1,
      223, 216, 217, -1,
      223, 217, 224, -1,
      224, 217, 193, -1,
      224, 193, 192, -1,
      225, 221, 226, -1,
      226, 221, 222, -1,
      226, 222, 227, -1,
      227, 222, 223, -1,
      227, 223, 228, -1,
      228, 223, 224, -1,
      228, 224, 229, -1,
      229, 224, 192, -1,
      229, 192, 191, -1,
      204, 225, 205, -1,
      205, 225, 226, -1,
      205, 226, 230, -1,
      230, 226, 227, -1,
      230, 227, 231, -1,
      231, 227, 228, -1,
      231, 228, 232, -1,
      232, 228, 229, -1,
      232, 229, 233, -1,
      233, 229, 191, -1,
      233, 191, 189, -1,
      101, 205, 188, -1,
      188, 205, 230, -1,
      188, 230, 187, -1,
      187, 230, 231, -1,
      187, 231, 186, -1,
      186, 231, 232, -1,
      186, 232, 185, -1,
      185, 232, 233, -1,
      185, 233, 184, -1,
      184, 233, 189, -1,
      184, 189, 102, -1,
      215, 31, 209, -1,
      204, 220, 225, -1,
      225, 220, 212, -1,
      225, 212, 221, -1,
      221, 212, 206, -1,
      221, 206, 214, -1,
      214, 206, 208, -1,
      214, 208, 215, -1,
      215, 208, 31, -1,
      83, 194, 234, -1,
      235, 236, 237, -1,
      1, 238, 239, -1,
      237, 236, 1, -1,
      240, 1, 236, -1,
      240, 236, 241, -1,
      241, 236, 235, -1,
      241, 235, 242, -1,
      198, 1, 240, -1,
      243, 244, 245, -1,
      245, 244, 239, -1,
      245, 239, 246, -1,
      246, 239, 238, -1,
      246, 238, 247, -1,
      198, 240, 197, -1,
      197, 240, 241, -1,
      197, 241, 196, -1,
      196, 241, 242, -1,
      196, 242, 195, -1,
      248, 243, 249, -1,
      249, 243, 245, -1,
      249, 245, 250, -1,
      250, 245, 246, -1,
      250, 246, 251, -1,
      251, 246, 247, -1,
      251, 247, 252, -1,
      253, 248, 254, -1,
      254, 248, 249, -1,
      254, 249, 255, -1,
      255, 249, 250, -1,
      255, 250, 256, -1,
      256, 250, 251, -1,
      256, 251, 257, -1,
      257, 251, 252, -1,
      257, 252, 258, -1,
      194, 253, 234, -1,
      234, 253, 254, -1,
      234, 254, 259, -1,
      259, 254, 255, -1,
      259, 255, 260, -1,
      260, 255, 256, -1,
      260, 256, 261, -1,
      261, 256, 257, -1,
      261, 257, 262, -1,
      262, 257, 258, -1,
      262, 258, 263, -1,
      83, 234, 203, -1,
      203, 234, 259, -1,
      203, 259, 202, -1,
      202, 259, 260, -1,
      202, 260, 201, -1,
      201, 260, 261, -1,
      201, 261, 200, -1,
      200, 261, 262, -1,
      200, 262, 199, -1,
      199, 262, 263, -1,
      199, 263, 100, -1,
      244, 1, 239, -1,
      194, 195, 253, -1,
      253, 195, 242, -1,
      253, 242, 248, -1,
      248, 242, 235, -1,
      248, 235, 243, -1,
      243, 235, 237, -1,
      243, 237, 244, -1,
      244, 237, 1, -1,
      101, 100, 263, -1,
      238, 1, 0, -1,
      0, 12, 238, -1,
      238, 12, 15, -1,
      238, 15, 16, -1,
      17, 18, 213, -1,
      101, 263, 204, -1,
      204, 263, 258, -1,
      204, 258, 220, -1,
      220, 258, 252, -1,
      220, 252, 219, -1,
      219, 252, 247, -1,
      219, 247, 218, -1,
      218, 247, 238, -1,
      218, 238, 213, -1,
      213, 238, 16, -1,
      213, 16, 17, -1,
      18, 19, 213, -1,
      213, 19, 20, -1,
      213, 20, 21, -1,
      21, 22, 213, -1,
      213, 22, 25, -1,
      213, 25, 32, -1,
      32, 24, 213, -1,
      213, 24, 23, -1,
      213, 23, 31, -1,
    ]
  }
}

Shape {
  appearance Appearance {
    material Material {
      diffuseColor 0.9961 0.9490 0.8980
      specularColor 0.0118 0.0078 0.0078
      ambientIntensity 0.2
      transparency 0.0000
      shininess 0.5
    }
  }
  geometry IndexedFaceSet {
    ccw TRUE
    solid FALSE
    coord DEF co Coordinate {
      point [
        0.249343 0.146067 0.000000,
        0.247371 0.148332 0.000000,
        0.247897 -0.039181 0.000000,
        0.248046 -0.038517 0.000000,
        0.095906 0.062260 0.000000,
        0.156615 0.043569 0.000000,
        0.156224 0.035625 0.000000,
        0.246532 0.115783 0.000000,
        0.247981 -0.036854 0.000000,
        0.246532 -0.011648 0.000000,
        0.247113 -0.028790 0.000000,
        0.247078 -0.028342 0.000000,
        -0.013648 -0.030707 0.000000,
        -0.013450 -0.030860 0.000000,
        0.151124 0.002367 0.000000,
        0.092257 0.012722 0.000000,
        0.090831 0.027697 0.000000,
        0.090537 0.062260 0.000000,
        0.086300 0.027445 0.000000,
        0.248797 0.143215 0.000000,
        0.246737 0.129595 0.000000,
        0.055872 -0.041250 0.000000,
        0.056653 -0.040925 0.000000,
        0.119144 -0.042226 0.000000,
        0.057310 -0.040438 0.000000,
        0.057743 -0.039904 0.000000,
        0.234913 0.132770 0.000000,
        0.196995 -0.021002 0.000000,
        0.134939 -0.039209 0.000000,
        0.185376 -0.033711 0.000000,
        0.127269 -0.041816 0.000000,
        0.185708 -0.034355 0.000000,
        0.185955 -0.034626 0.000000,
        0.236885 -0.039961 0.000000,
        0.243428 -0.040506 0.000000,
        0.245405 -0.040963 0.000000,
        0.058328 -0.038012 0.000000,
        0.104027 -0.036830 0.000000,
        0.110157 -0.040231 0.000000,
        0.114881 0.138804 0.000000,
        0.108520 0.135382 0.000000,
        0.094773 0.137846 0.000000,
        0.062652 0.131925 0.000000,
        0.090537 0.137846 0.000000,
        0.062628 0.131363 0.000000,
        0.062595 0.130578 0.000000,
        0.062661 0.132518 0.000000,
        0.062612 0.132703 0.000000,
        0.062524 0.132863 0.000000,
        -0.005225 -0.017856 0.000000,
        -0.013152 -0.026664 0.000000,
        -0.013934 -0.027698 0.000000,
        -0.014202 -0.028303 0.000000,
        -0.014306 -0.028875 0.000000,
        -0.014280 -0.029378 0.000000,
        0.186376 -0.034905 0.000000,
        0.187121 -0.035181 0.000000,
        0.187706 -0.035281 0.000000,
        0.208544 -0.037439 0.000000,
        0.203623 -0.036913 0.000000,
        0.191891 -0.035297 0.000000,
        -0.014115 -0.029920 0.000000,
        -0.013832 -0.030473 0.000000,
        0.246863 -0.040649 0.000000,
        0.247156 -0.040393 0.000000,
        0.247498 -0.039941 0.000000,
        0.058109 -0.039118 0.000000,
        0.116149 -0.041928 0.000000,
        0.151376 0.121017 0.000000,
        0.145839 0.129374 0.000000,
        0.044313 0.131890 0.000000,
        0.061143 0.133438 0.000000,
        0.045152 0.131890 0.000000,
        0.060169 0.133316 0.000000,
        0.049987 0.131885 0.000000,
        0.054799 0.132477 0.000000,
        0.047417 0.058569 0.000000,
        0.023634 0.061673 0.000000,
        0.047417 0.120858 0.000000,
        0.013817 0.063666 0.000000,
        0.002116 0.069056 0.000000,
        -0.006106 0.129080 0.000000,
        -0.001576 0.128492 0.000000,
        0.094049 0.000777 0.000000,
        0.146450 -0.013176 0.000000,
        0.141291 -0.022085 0.000000,
        0.137509 -0.026526 0.000000,
        0.133469 -0.029871 0.000000,
        0.129896 -0.031714 0.000000,
        0.125668 -0.032678 0.000000,
        0.123087 -0.032872 0.000000,
        0.097979 -0.015483 0.000000,
        0.101596 -0.022222 0.000000,
        0.155110 0.081241 0.000000,
        0.096940 0.092514 0.000000,
        0.152718 0.095229 0.000000,
        0.100583 0.111433 0.000000,
        0.104763 0.120945 0.000000,
        0.058199 -0.035739 0.000000,
        0.094326 -0.025046 0.000000,
        0.098906 -0.032070 0.000000,
        0.239150 -0.029475 0.000000,
        0.217356 -0.027686 0.000000,
        0.239150 0.114902 0.000000,
        0.206971 -0.026056 0.000000,
        0.198212 -0.021557 0.000000,
        0.239069 0.118389 0.000000,
        0.237922 0.126435 0.000000,
        0.102419 0.129863 0.000000,
        0.099304 0.125682 0.000000,
        0.096787 0.121152 0.000000,
        0.058681 0.124381 0.000000,
        0.060500 0.126642 0.000000,
        0.061659 0.128173 0.000000,
        0.062293 0.129443 0.000000,
        0.038767 0.131986 0.000000,
        0.033281 0.132770 0.000000,
        0.022207 0.134742 0.000000,
        0.007533 0.065897 0.000000,
        0.004674 0.067629 0.000000,
        0.011763 0.126815 0.000000,
        0.005091 0.127627 0.000000,
        0.000690 0.142083 0.000000,
        -0.007490 0.133609 0.000000,
        -0.007367 0.058271 0.000000,
        -0.007421 0.129321 0.000000,
        -0.007301 0.058776 0.000000,
        -0.006877 0.129150 0.000000,
        -0.007083 0.059387 0.000000,
        -0.006708 0.060037 0.000000,
        0.116667 -0.032365 0.000000,
        0.110547 -0.030091 0.000000,
        0.105598 -0.026704 0.000000,
        0.141275 0.121854 0.000000,
        0.146171 0.114123 0.000000,
        0.112187 0.128640 0.000000,
        0.108123 0.125397 0.000000,
        0.055638 0.120858 0.000000,
        0.055344 -0.008796 0.000000,
        0.087521 0.002467 0.000000,
        0.055466 -0.012341 0.000000,
        0.090256 -0.014883 0.000000,
        0.055638 -0.015884 0.000000,
        0.058197 -0.035724 0.000000,
        0.056365 -0.028589 0.000000,
        0.055638 -0.021254 0.000000,
        0.140682 -0.035648 0.000000,
        0.145501 -0.030593 0.000000,
        0.185514 -0.032678 0.000000,
        0.151577 -0.020542 0.000000,
        0.185892 -0.031421 0.000000,
        0.138745 0.135787 0.000000,
        0.132999 0.139321 0.000000,
        0.129019 0.140635 0.000000,
        0.062358 0.133043 0.000000,
        -0.008586 0.130683 0.000000,
        -0.008455 0.130297 0.000000,
        -0.007130 0.057302 0.000000,
        -0.006825 0.056847 0.000000,
        -0.006400 0.056461 0.000000,
        -0.006057 0.056261 0.000000,
        0.120822 0.131638 0.000000,
        0.126744 0.131274 0.000000,
        0.116103 0.130557 0.000000,
        0.131761 0.129544 0.000000,
        0.136562 0.126561 0.000000,
        0.225014 -0.038829 0.000000,
        0.203259 -0.025147 0.000000,
        0.201097 -0.024019 0.000000,
        0.124563 0.140985 0.000000,
        0.123087 0.140950 0.000000,
        0.047417 0.048670 0.000000,
        0.047417 -0.028048 0.000000,
        0.005220 -0.022134 0.000000,
        -0.006106 0.060834 0.000000,
        0.186333 -0.030678 0.000000,
        0.159370 0.002369 0.000000,
        0.187291 -0.029704 0.000000,
        0.062066 0.133237 0.000000,
        0.061660 0.133385 0.000000,
        -0.008036 0.132678 0.000000,
        -0.008374 0.132000 0.000000,
        -0.008559 0.131487 0.000000,
        -0.008622 0.131072 0.000000,
        -0.008229 0.129942 0.000000,
        -0.007910 0.129625 0.000000,
        -0.005519 0.056086 0.000000,
        -0.004680 0.056010 0.000000,
        -0.002708 -0.019282 0.000000,
        0.001126 -0.021072 0.000000,
        0.246101 -0.040933 0.000000,
        0.246535 -0.040820 0.000000,
        0.162920 0.025183 0.000000,
        0.164362 0.060298 0.000000,
        0.162725 0.079542 0.000000,
        0.157779 0.104422 0.000000,
        0.054875 -0.041408 0.000000,
        0.053517 -0.041311 0.000000,
        0.012457 0.136715 0.000000,
        0.004639 0.139562 0.000000,
        0.003248 0.140405 0.000000,
        -0.007304 0.057763 0.000000,
        -0.013132 -0.030998 0.000000,
        -0.012204 -0.031160 0.000000,
        -0.011475 -0.031194 0.000000,
        0.190394 -0.026833 0.000000,
        0.035546 -0.037402 0.000000,
        0.048550 -0.039667 0.000000,
        0.051646 -0.040811 0.000000,
        -0.007238 -0.031446 0.000000,
        0.014201 -0.034078 0.000000,
        -0.036181 0.132770 0.000000,
        -0.041298 0.131890 0.000000,
        -0.047212 0.131890 0.000000,
        -0.035590 -0.028417 0.000000,
        -0.035730 -0.028244 0.000000,
        -0.222756 -0.018917 0.000000,
        -0.222793 -0.019561 0.000000,
        -0.049624 0.132333 0.000000,
        -0.052036 0.132770 0.000000,
        -0.057992 0.133316 0.000000,
        -0.222293 -0.026664 0.000000,
        -0.221160 -0.039374 0.000000,
        -0.035674 0.128289 0.000000,
        -0.035224 0.129081 0.000000,
        -0.209541 0.022915 0.000000,
        -0.212939 0.008738 0.000000,
        -0.222320 -0.017991 0.000000,
        -0.222620 -0.018492 0.000000,
        -0.035198 -0.029765 0.000000,
        -0.035172 -0.029508 0.000000,
        -0.035212 -0.029245 0.000000,
        -0.035468 -0.028633 0.000000,
        -0.035880 -0.028133 0.000000,
        -0.036117 -0.028035 0.000000,
        -0.046373 0.120313 0.000000,
        -0.036194 -0.028015 0.000000,
        -0.036779 -0.027951 0.000000,
        -0.037900 -0.028048 0.000000,
        -0.041843 -0.028048 0.000000,
        -0.046373 -0.028048 0.000000,
        -0.222551 -0.022441 0.000000,
        -0.222472 -0.023607 0.000000,
        -0.035831 -0.030951 0.000000,
        -0.035499 -0.030458 0.000000,
        -0.035296 -0.030072 0.000000,
        -0.214444 0.002039 0.000000,
        -0.216337 -0.004559 0.000000,
        -0.218308 -0.009928 0.000000,
        -0.220126 -0.015010 0.000000,
        -0.221323 -0.016792 0.000000,
        -0.042682 0.122284 0.000000,
        -0.037607 0.126521 0.000000,
        -0.036405 0.127478 0.000000,
        -0.034988 0.129923 0.000000,
        -0.034966 0.130687 0.000000,
        -0.035137 0.131472 0.000000,
        -0.035374 0.131965 0.000000,
        -0.035763 0.132420 0.000000,
        -0.044478 0.121207 0.000000,
        -0.097859 -0.031289 0.000000,
        -0.092504 -0.033981 0.000000,
        -0.141483 -0.042593 0.000000,
        -0.081280 -0.036281 0.000000,
        -0.105757 0.129702 0.000000,
        -0.110240 0.123580 0.000000,
        -0.178124 0.144348 0.000000,
        -0.114696 -0.005631 0.000000,
        -0.140242 -0.019124 0.000000,
        -0.140751 -0.018149 0.000000,
        -0.043026 -0.038670 0.000000,
        -0.040417 -0.035976 0.000000,
        -0.089989 0.137575 0.000000,
        -0.096563 0.135926 0.000000,
        -0.101478 0.133375 0.000000,
        -0.037019 -0.032327 0.000000,
        -0.036315 -0.031555 0.000000,
        -0.139646 -0.020845 0.000000,
        -0.107514 -0.020794 0.000000,
        -0.139528 -0.023431 0.000000,
        -0.102658 -0.027157 0.000000,
        -0.139912 -0.028930 0.000000,
        -0.068730 0.136420 0.000000,
        -0.074911 0.137624 0.000000,
        -0.081188 0.138140 0.000000,
        -0.141296 -0.040800 0.000000,
        -0.070156 -0.037696 0.000000,
        -0.057698 -0.039122 0.000000,
        -0.053074 -0.040360 0.000000,
        -0.182067 0.144348 0.000000,
        -0.142177 -0.015591 0.000000,
        -0.145879 -0.003227 0.000000,
        -0.118961 0.015591 0.000000,
        -0.148972 0.009325 0.000000,
        -0.120575 0.040155 0.000000,
        -0.114379 0.113596 0.000000,
        -0.118439 0.091033 0.000000,
        -0.120574 0.040302 0.000000,
        -0.047910 -0.042622 0.000000,
        -0.047864 -0.042593 0.000000,
        -0.046956 -0.042026 0.000000,
        -0.143025 -0.049204 0.000000,
        -0.142897 -0.049156 0.000000,
        -0.142560 -0.048837 0.000000,
        -0.142270 -0.048316 0.000000,
        -0.049343 -0.042593 0.000000,
        -0.142088 -0.047646 0.000000,
        -0.048287 -0.042744 0.000000,
        -0.048932 -0.042771 0.000000,
        -0.049175 -0.042691 0.000000,
        -0.142752 -0.049054 0.000000,
        -0.050098 -0.042153 0.000000,
        -0.141697 -0.044644 0.000000,
        -0.220041 -0.047937 0.000000,
        -0.219903 -0.048248 0.000000,
        -0.219750 -0.048460 0.000000,
        -0.219575 -0.048609 0.000000,
        -0.219354 -0.048721 0.000000,
        -0.143674 -0.049097 0.000000,
        -0.143413 -0.049194 0.000000,
        -0.143203 -0.049223 0.000000,
        -0.217951 -0.048040 0.000000,
        -0.217647 -0.047359 0.000000,
        -0.146236 -0.042593 0.000000,
        -0.217469 -0.046756 0.000000,
        -0.216744 -0.042593 0.000000,
        -0.218706 -0.048713 0.000000,
        -0.218467 -0.048596 0.000000,
        -0.218224 -0.048398 0.000000,
        -0.220769 -0.042593 0.000000,
        -0.220573 -0.044198 0.000000,
        -0.220463 -0.045703 0.000000,
        -0.220297 -0.046763 0.000000,
        -0.220162 -0.047489 0.000000,
        -0.144561 -0.048141 0.000000,
        -0.144255 -0.048601 0.000000,
        -0.143956 -0.048909 0.000000,
        -0.218929 -0.048767 0.000000,
        -0.145281 -0.046463 0.000000,
        -0.144891 -0.047463 0.000000,
        -0.219147 -0.048770 0.000000,
        -0.198804 0.033360 0.000000,
        -0.160297 0.024048 0.000000,
        -0.215498 -0.035431 0.000000,
        -0.151237 -0.018149 0.000000,
        -0.146959 -0.039667 0.000000,
        -0.151237 -0.018149 0.003937,
        -0.160297 0.024048 0.003937,
        -0.146959 -0.039667 0.003937,
        -0.145281 -0.046463 0.003937,
        -0.144891 -0.047463 0.003937,
        -0.144561 -0.048141 0.003937,
        -0.144255 -0.048601 0.003937,
        -0.143956 -0.048909 0.003937,
        -0.143674 -0.049097 0.003937,
        -0.143413 -0.049194 0.003937,
        -0.143203 -0.049223 0.003937,
        -0.143025 -0.049204 0.003937,
        -0.142897 -0.049156 0.003937,
        -0.142752 -0.049054 0.003937,
        -0.142560 -0.048837 0.003937,
        -0.142270 -0.048316 0.003937,
        -0.142088 -0.047646 0.003937,
        -0.141697 -0.044644 0.003937,
        -0.141296 -0.040800 0.003937,
        -0.139912 -0.028930 0.003937,
        -0.139528 -0.023431 0.003937,
        -0.139646 -0.020845 0.003937,
        -0.140242 -0.019124 0.003937,
        -0.140751 -0.018149 0.003937,
        -0.142177 -0.015591 0.003937,
        -0.145879 -0.003227 0.003937,
        -0.148972 0.009325 0.003937,
        -0.178124 0.144348 0.003937,
        -0.182067 0.144348 0.003937,
        -0.209541 0.022915 0.003937,
        -0.212939 0.008738 0.003937,
        -0.214444 0.002039 0.003937,
        -0.216337 -0.004559 0.003937,
        -0.218308 -0.009928 0.003937,
        -0.220126 -0.015010 0.003937,
        -0.221323 -0.016792 0.003937,
        -0.222320 -0.017991 0.003937,
        -0.222620 -0.018492 0.003937,
        -0.222756 -0.018917 0.003937,
        -0.222793 -0.019561 0.003937,
        -0.222551 -0.022441 0.003937,
        -0.222472 -0.023607 0.003937,
        -0.222293 -0.026664 0.003937,
        -0.221160 -0.039374 0.003937,
        -0.220573 -0.044198 0.003937,
        -0.220463 -0.045703 0.003937,
        -0.220297 -0.046763 0.003937,
        -0.220162 -0.047489 0.003937,
        -0.220041 -0.047937 0.003937,
        -0.219903 -0.048248 0.003937,
        -0.219750 -0.048460 0.003937,
        -0.219575 -0.048609 0.003937,
        -0.219354 -0.048721 0.003937,
        -0.219147 -0.048770 0.003937,
        -0.218929 -0.048767 0.003937,
        -0.218706 -0.048713 0.003937,
        -0.218467 -0.048596 0.003937,
        -0.218224 -0.048398 0.003937,
        -0.217951 -0.048040 0.003937,
        -0.217647 -0.047359 0.003937,
        -0.217469 -0.046756 0.003937,
        -0.215498 -0.035431 0.003937,
        -0.198804 0.033360 0.003937,
        -0.180096 0.117167 0.003937,
        -0.161681 0.033947 0.003937,
        -0.198216 0.037638 0.003937,
        -0.190582 0.044979 0.003937,
        -0.183493 0.040155 0.003937,
        -0.180881 0.038784 0.003937,
        -0.172828 0.036273 0.003937,
        -0.161681 0.033947 0.000000,
        -0.180096 0.117167 0.000000,
        -0.172828 0.036273 0.000000,
        -0.180881 0.038784 0.000000,
        -0.183493 0.040155 0.000000,
        -0.190582 0.044979 0.000000,
        -0.198216 0.037638 0.000000,
        -0.037607 0.126521 0.003937,
        -0.042682 0.122284 0.003937,
        -0.036405 0.127478 0.003937,
        -0.035674 0.128289 0.003937,
        -0.035224 0.129081 0.003937,
        -0.034988 0.129923 0.003937,
        -0.034966 0.130687 0.003937,
        -0.035137 0.131472 0.003937,
        -0.035374 0.131965 0.003937,
        -0.035763 0.132420 0.003937,
        -0.036181 0.132770 0.003937,
        -0.041298 0.131890 0.003937,
        -0.047212 0.131890 0.003937,
        -0.049624 0.132333 0.003937,
        -0.052036 0.132770 0.003937,
        -0.057992 0.133316 0.003937,
        -0.068730 0.136420 0.003937,
        -0.074911 0.137624 0.003937,
        -0.081188 0.138140 0.003937,
        -0.089989 0.137575 0.003937,
        -0.096563 0.135926 0.003937,
        -0.101478 0.133375 0.003937,
        -0.105757 0.129702 0.003937,
        -0.110240 0.123580 0.003937,
        -0.114379 0.113596 0.003937,
        -0.118439 0.091033 0.003937,
        -0.120574 0.040302 0.003937,
        -0.120575 0.040155 0.003937,
        -0.118961 0.015591 0.003937,
        -0.114696 -0.005631 0.003937,
        -0.107514 -0.020794 0.003937,
        -0.102658 -0.027157 0.003937,
        -0.097859 -0.031289 0.003937,
        -0.092504 -0.033981 0.003937,
        -0.081280 -0.036281 0.003937,
        -0.070156 -0.037696 0.003937,
        -0.057698 -0.039122 0.003937,
        -0.053074 -0.040360 0.003937,
        -0.050098 -0.042153 0.003937,
        -0.049175 -0.042691 0.003937,
        -0.048932 -0.042771 0.003937,
        -0.048287 -0.042744 0.003937,
        -0.047910 -0.042622 0.003937,
        -0.046956 -0.042026 0.003937,
        -0.043026 -0.038670 0.003937,
        -0.040417 -0.035976 0.003937,
        -0.037019 -0.032327 0.003937,
        -0.036315 -0.031555 0.003937,
        -0.035831 -0.030951 0.003937,
        -0.035499 -0.030458 0.003937,
        -0.035296 -0.030072 0.003937,
        -0.035198 -0.029765 0.003937,
        -0.035172 -0.029508 0.003937,
        -0.035212 -0.029245 0.003937,
        -0.035468 -0.028633 0.003937,
        -0.035590 -0.028417 0.003937,
        -0.035730 -0.028244 0.003937,
        -0.035880 -0.028133 0.003937,
        -0.036117 -0.028035 0.003937,
        -0.036194 -0.028015 0.003937,
        -0.036779 -0.027951 0.003937,
        -0.037900 -0.028048 0.003937,
        -0.041843 -0.028048 0.003937,
        -0.046373 -0.028048 0.003937,
        -0.046373 0.120313 0.003937,
        -0.044478 0.121207 0.003937,
        -0.054301 0.122284 0.003937,
        -0.090563 -0.023335 0.003937,
        -0.095136 -0.021319 0.003937,
        -0.098556 -0.018609 0.003937,
        -0.101789 -0.014467 0.003937,
        -0.107687 -0.001025 0.003937,
        -0.111683 0.020456 0.003937,
        -0.112771 0.056726 0.003937,
        -0.054301 -0.027503 0.003937,
        -0.059670 0.124549 0.003937,
        -0.071723 0.127293 0.003937,
        -0.084041 0.128241 0.003937,
        -0.091826 0.126702 0.003937,
        -0.084238 -0.024935 0.003937,
        -0.075526 -0.026077 0.003937,
        -0.063068 -0.027503 0.003937,
        -0.058685 -0.027629 0.003937,
        -0.112647 0.065070 0.003937,
        -0.097054 0.124604 0.003937,
        -0.100290 0.122213 0.003937,
        -0.103968 0.117706 0.003937,
        -0.107087 0.111443 0.003937,
        -0.110618 0.095447 0.003937,
        -0.075526 -0.026077 0.000000,
        -0.063068 -0.027503 0.000000,
        -0.084238 -0.024935 0.000000,
        -0.090563 -0.023335 0.000000,
        -0.095136 -0.021319 0.000000,
        -0.098556 -0.018609 0.000000,
        -0.101789 -0.014467 0.000000,
        -0.107687 -0.001025 0.000000,
        -0.111683 0.020456 0.000000,
        -0.112771 0.056726 0.000000,
        -0.112647 0.065070 0.000000,
        -0.110618 0.095447 0.000000,
        -0.107087 0.111443 0.000000,
        -0.103968 0.117706 0.000000,
        -0.100290 0.122213 0.000000,
        -0.097054 0.124604 0.000000,
        -0.091826 0.126702 0.000000,
        -0.084041 0.128241 0.000000,
        -0.071723 0.127293 0.000000,
        -0.059670 0.124549 0.000000,
        -0.054301 0.122284 0.000000,
        -0.054301 -0.027503 0.000000,
        -0.058685 -0.027629 0.000000,
        0.023634 0.061673 0.003937,
        0.047417 0.058569 0.003937,
        0.013817 0.063666 0.003937,
        0.007533 0.065897 0.003937,
        0.004674 0.067629 0.003937,
        0.002116 0.069056 0.003937,
        -0.006106 0.060834 0.003937,
        -0.006708 0.060037 0.003937,
        -0.007083 0.059387 0.003937,
        -0.007301 0.058776 0.003937,
        -0.007367 0.058271 0.003937,
        -0.007304 0.057763 0.003937,
        -0.007130 0.057302 0.003937,
        -0.006825 0.056847 0.003937,
        -0.006400 0.056461 0.003937,
        -0.006057 0.056261 0.003937,
        -0.005519 0.056086 0.003937,
        -0.004680 0.056010 0.003937,
        0.047417 0.048670 0.003937,
        0.047417 -0.028048 0.003937,
        0.005220 -0.022134 0.003937,
        0.001126 -0.021072 0.003937,
        -0.002708 -0.019282 0.003937,
        -0.005225 -0.017856 0.003937,
        -0.013152 -0.026664 0.003937,
        -0.013934 -0.027698 0.003937,
        -0.014202 -0.028303 0.003937,
        -0.014306 -0.028875 0.003937,
        -0.014280 -0.029378 0.003937,
        -0.014115 -0.029920 0.003937,
        -0.013832 -0.030473 0.003937,
        -0.013648 -0.030707 0.003937,
        -0.013450 -0.030860 0.003937,
        -0.013132 -0.030998 0.003937,
        -0.012204 -0.031160 0.003937,
        -0.011475 -0.031194 0.003937,
        -0.007238 -0.031446 0.003937,
        0.014201 -0.034078 0.003937,
        0.035546 -0.037402 0.003937,
        0.048550 -0.039667 0.003937,
        0.051646 -0.040811 0.003937,
        0.053517 -0.041311 0.003937,
        0.054875 -0.041408 0.003937,
        0.055872 -0.041250 0.003937,
        0.056653 -0.040925 0.003937,
        0.057310 -0.040438 0.003937,
        0.057743 -0.039904 0.003937,
        0.058109 -0.039118 0.003937,
        0.058328 -0.038012 0.003937,
        0.058199 -0.035739 0.003937,
        0.058197 -0.035724 0.003937,
        0.056365 -0.028589 0.003937,
        0.055638 -0.021254 0.003937,
        0.055638 -0.015884 0.003937,
        0.055466 -0.012341 0.003937,
        0.055344 -0.008796 0.003937,
        0.055638 0.120858 0.003937,
        0.058681 0.124381 0.003937,
        0.060500 0.126642 0.003937,
        0.061659 0.128173 0.003937,
        0.062293 0.129443 0.003937,
        0.062595 0.130578 0.003937,
        0.062628 0.131363 0.003937,
        0.062652 0.131925 0.003937,
        0.062661 0.132518 0.003937,
        0.062612 0.132703 0.003937,
        0.062524 0.132863 0.003937,
        0.062358 0.133043 0.003937,
        0.062066 0.133237 0.003937,
        0.061660 0.133385 0.003937,
        0.061143 0.133438 0.003937,
        0.060169 0.133316 0.003937,
        0.054799 0.132477 0.003937,
        0.049987 0.131885 0.003937,
        0.045152 0.131890 0.003937,
        0.044313 0.131890 0.003937,
        0.038767 0.131986 0.003937,
        0.033281 0.132770 0.003937,
        0.022207 0.134742 0.003937,
        0.012457 0.136715 0.003937,
        0.004639 0.139562 0.003937,
        0.003248 0.140405 0.003937,
        0.000690 0.142083 0.003937,
        -0.007490 0.133609 0.003937,
        -0.008036 0.132678 0.003937,
        -0.008374 0.132000 0.003937,
        -0.008559 0.131487 0.003937,
        -0.008622 0.131072 0.003937,
        -0.008586 0.130683 0.003937,
        -0.008455 0.130297 0.003937,
        -0.008229 0.129942 0.003937,
        -0.007910 0.129625 0.003937,
        -0.007421 0.129321 0.003937,
        -0.006877 0.129150 0.003937,
        -0.006106 0.129080 0.003937,
        -0.001576 0.128492 0.003937,
        0.005091 0.127627 0.003937,
        0.011763 0.126815 0.003937,
        0.047417 0.120858 0.003937,
        0.090537 0.137846 0.003937,
        0.094773 0.137846 0.003937,
        0.090537 0.062260 0.003937,
        0.095906 0.062260 0.003937,
        0.096940 0.092514 0.003937,
        0.100583 0.111433 0.003937,
        0.104763 0.120945 0.003937,
        0.108123 0.125397 0.003937,
        0.112187 0.128640 0.003937,
        0.116103 0.130557 0.003937,
        0.120822 0.131638 0.003937,
        0.126744 0.131274 0.003937,
        0.131761 0.129544 0.003937,
        0.136562 0.126561 0.003937,
        0.141275 0.121854 0.003937,
        0.146171 0.114123 0.003937,
        0.152718 0.095229 0.003937,
        0.155110 0.081241 0.003937,
        0.156615 0.043569 0.003937,
        0.156224 0.035625 0.003937,
        0.151124 0.002367 0.003937,
        0.146450 -0.013176 0.003937,
        0.141291 -0.022085 0.003937,
        0.137509 -0.026526 0.003937,
        0.133469 -0.029871 0.003937,
        0.129896 -0.031714 0.003937,
        0.125668 -0.032678 0.003937,
        0.123087 -0.032872 0.003937,
        0.116667 -0.032365 0.003937,
        0.110547 -0.030091 0.003937,
        0.105598 -0.026704 0.003937,
        0.101596 -0.022222 0.003937,
        0.097979 -0.015483 0.003937,
        0.094049 0.000777 0.003937,
        0.092257 0.012722 0.003937,
        0.090831 0.027697 0.003937,
        0.086300 0.027445 0.003937,
        0.087521 0.002467 0.003937,
        0.090256 -0.014883 0.003937,
        0.094326 -0.025046 0.003937,
        0.098906 -0.032070 0.003937,
        0.104027 -0.036830 0.003937,
        0.110157 -0.040231 0.003937,
        0.116149 -0.041928 0.003937,
        0.119144 -0.042226 0.003937,
        0.127269 -0.041816 0.003937,
        0.134939 -0.039209 0.003937,
        0.140682 -0.035648 0.003937,
        0.145501 -0.030593 0.003937,
        0.151577 -0.020542 0.003937,
        0.159370 0.002369 0.003937,
        0.162920 0.025183 0.003937,
        0.164362 0.060298 0.003937,
        0.162725 0.079542 0.003937,
        0.157779 0.104422 0.003937,
        0.151376 0.121017 0.003937,
        0.145839 0.129374 0.003937,
        0.138745 0.135787 0.003937,
        0.132999 0.139321 0.003937,
        0.129019 0.140635 0.003937,
        0.124563 0.140985 0.003937,
        0.123087 0.140950 0.003937,
        0.114881 0.138804 0.003937,
        0.108520 0.135382 0.003937,
        0.102419 0.129863 0.003937,
        0.099304 0.125682 0.003937,
        0.096787 0.121152 0.003937,
        0.234913 0.132770 0.003937,
        0.247371 0.148332 0.003937,
        0.237922 0.126435 0.003937,
        0.239069 0.118389 0.003937,
        0.239150 0.114902 0.003937,
        0.239150 -0.029475 0.003937,
        0.217356 -0.027686 0.003937,
        0.206971 -0.026056 0.003937,
        0.203259 -0.025147 0.003937,
        0.201097 -0.024019 0.003937,
        0.198212 -0.021557 0.003937,
        0.196995 -0.021002 0.003937,
        0.190394 -0.026833 0.003937,
        0.187291 -0.029704 0.003937,
        0.186333 -0.030678 0.003937,
        0.185892 -0.031421 0.003937,
        0.185514 -0.032678 0.003937,
        0.185376 -0.033711 0.003937,
        0.185708 -0.034355 0.003937,
        0.185955 -0.034626 0.003937,
        0.186376 -0.034905 0.003937,
        0.187121 -0.035181 0.003937,
        0.187706 -0.035281 0.003937,
        0.191891 -0.035297 0.003937,
        0.203623 -0.036913 0.003937,
        0.208544 -0.037439 0.003937,
        0.225014 -0.038829 0.003937,
        0.236885 -0.039961 0.003937,
        0.243428 -0.040506 0.003937,
        0.245405 -0.040963 0.003937,
        0.246101 -0.040933 0.003937,
        0.246535 -0.040820 0.003937,
        0.246863 -0.040649 0.003937,
        0.247156 -0.040393 0.003937,
        0.247498 -0.039941 0.003937,
        0.247897 -0.039181 0.003937,
        0.248046 -0.038517 0.003937,
        0.247981 -0.036854 0.003937,
        0.247113 -0.028790 0.003937,
        0.247078 -0.028342 0.003937,
        0.246532 -0.011648 0.003937,
        0.246532 0.115783 0.003937,
        0.246737 0.129595 0.003937,
        0.248797 0.143215 0.003937,
        0.249343 0.146067 0.003937,
      ]
    }
    coordIndex [
      346, 344, 347, -1,
      347, 344, 342, -1,
      348, 345, 346, -1,
      346, 345, 344, -1,
      349, 338, 348, -1,
      348, 338, 323, -1,
      348, 323, 345, -1,
      338, 349, 350, -1,
      338, 350, 339, -1,
      339, 350, 351, -1,
      339, 351, 334, -1,
      334, 351, 352, -1,
      334, 352, 335, -1,
      335, 352, 353, -1,
      335, 353, 336, -1,
      336, 353, 354, -1,
      336, 354, 318, -1,
      318, 354, 355, -1,
      318, 355, 319, -1,
      319, 355, 356, -1,
      319, 356, 320, -1,
      320, 356, 357, -1,
      320, 357, 301, -1,
      301, 357, 358, -1,
      301, 358, 302, -1,
      302, 358, 359, -1,
      302, 359, 310, -1,
      310, 359, 360, -1,
      310, 360, 303, -1,
      303, 360, 361, -1,
      303, 361, 304, -1,
      304, 361, 362, -1,
      304, 362, 306, -1,
      306, 362, 363, -1,
      306, 363, 312, -1,
      312, 363, 262, -1,
      262, 363, 364, -1,
      262, 364, 285, -1,
      365, 281, 364, -1,
      364, 281, 285, -1,
      281, 365, 366, -1,
      281, 366, 279, -1,
      279, 366, 367, -1,
      279, 367, 277, -1,
      277, 367, 368, -1,
      277, 368, 268, -1,
      268, 368, 369, -1,
      268, 369, 269, -1,
      370, 290, 369, -1,
      369, 290, 269, -1,
      290, 370, 371, -1,
      290, 371, 291, -1,
      291, 371, 372, -1,
      291, 372, 293, -1,
      373, 266, 372, -1,
      372, 266, 293, -1,
      374, 289, 373, -1,
      373, 289, 266, -1,
      375, 225, 374, -1,
      374, 225, 289, -1,
      376, 226, 375, -1,
      375, 226, 225, -1,
      226, 376, 377, -1,
      226, 377, 246, -1,
      246, 377, 378, -1,
      246, 378, 247, -1,
      379, 248, 378, -1,
      378, 248, 247, -1,
      248, 379, 380, -1,
      248, 380, 249, -1,
      249, 380, 381, -1,
      249, 381, 250, -1,
      250, 381, 382, -1,
      250, 382, 227, -1,
      227, 382, 383, -1,
      227, 383, 228, -1,
      228, 383, 384, -1,
      228, 384, 216, -1,
      216, 384, 385, -1,
      216, 385, 217, -1,
      217, 385, 386, -1,
      217, 386, 241, -1,
      241, 386, 387, -1,
      241, 387, 242, -1,
      242, 387, 388, -1,
      242, 388, 221, -1,
      389, 222, 388, -1,
      388, 222, 221, -1,
      222, 389, 329, -1,
      329, 389, 390, -1,
      329, 390, 330, -1,
      330, 390, 391, -1,
      330, 391, 331, -1,
      331, 391, 392, -1,
      331, 392, 332, -1,
      332, 392, 393, -1,
      332, 393, 333, -1,
      333, 393, 394, -1,
      333, 394, 313, -1,
      313, 394, 395, -1,
      313, 395, 314, -1,
      314, 395, 396, -1,
      314, 396, 315, -1,
      315, 396, 397, -1,
      315, 397, 316, -1,
      316, 397, 398, -1,
      316, 398, 317, -1,
      317, 398, 399, -1,
      317, 399, 340, -1,
      340, 399, 400, -1,
      340, 400, 337, -1,
      337, 400, 401, -1,
      337, 401, 326, -1,
      326, 401, 402, -1,
      326, 402, 327, -1,
      327, 402, 403, -1,
      327, 403, 328, -1,
      328, 403, 404, -1,
      328, 404, 321, -1,
      321, 404, 405, -1,
      321, 405, 322, -1,
      322, 405, 406, -1,
      322, 406, 324, -1,
      407, 343, 406, -1,
      406, 343, 325, -1,
      406, 325, 324, -1,
      408, 341, 407, -1,
      407, 341, 343, -1,
      408, 347, 341, -1,
      341, 347, 342, -1,
      409, 373, 410, -1,
      410, 373, 372, -1,
      408, 411, 412, -1,
      381, 380, 407, -1,
      407, 380, 379, -1,
      412, 413, 408, -1,
      408, 413, 414, -1,
      408, 414, 347, -1,
      347, 414, 415, -1,
      371, 346, 372, -1,
      372, 346, 347, -1,
      372, 347, 410, -1,
      410, 347, 415, -1,
      379, 378, 407, -1,
      407, 378, 377, -1,
      407, 377, 408, -1,
      408, 377, 376, -1,
      408, 376, 411, -1,
      411, 376, 375, -1,
      411, 375, 409, -1,
      409, 375, 374, -1,
      409, 374, 373, -1,
      346, 365, 348, -1,
      348, 365, 364, -1,
      348, 364, 349, -1,
      349, 364, 363, -1,
      349, 363, 350, -1,
      392, 406, 393, -1,
      393, 406, 405, -1,
      393, 405, 394, -1,
      388, 387, 407, -1,
      407, 387, 386, -1,
      407, 386, 381, -1,
      381, 386, 385, -1,
      371, 370, 346, -1,
      346, 370, 369, -1,
      346, 369, 368, -1,
      350, 363, 351, -1,
      351, 363, 362, -1,
      351, 362, 352, -1,
      384, 383, 385, -1,
      385, 383, 382, -1,
      385, 382, 381, -1,
      368, 367, 346, -1,
      346, 367, 366, -1,
      346, 366, 365, -1,
      354, 353, 360, -1,
      392, 391, 406, -1,
      406, 391, 390, -1,
      406, 390, 407, -1,
      407, 390, 389, -1,
      407, 389, 388, -1,
      352, 362, 353, -1,
      353, 362, 361, -1,
      353, 361, 360, -1,
      403, 402, 395, -1,
      394, 405, 395, -1,
      395, 405, 404, -1,
      395, 404, 403, -1,
      397, 400, 398, -1,
      398, 400, 399, -1,
      402, 401, 395, -1,
      395, 401, 400, -1,
      395, 400, 396, -1,
      396, 400, 397, -1,
      354, 360, 355, -1,
      355, 360, 359, -1,
      355, 359, 356, -1,
      356, 359, 358, -1,
      356, 358, 357, -1,
      410, 416, 409, -1,
      409, 416, 417, -1,
      416, 410, 415, -1,
      416, 415, 418, -1,
      418, 415, 414, -1,
      418, 414, 419, -1,
      419, 414, 413, -1,
      419, 413, 420, -1,
      412, 421, 413, -1,
      413, 421, 420, -1,
      411, 422, 412, -1,
      412, 422, 421, -1,
      417, 422, 409, -1,
      409, 422, 411, -1,
      423, 252, 424, -1,
      424, 252, 251, -1,
      252, 423, 425, -1,
      252, 425, 253, -1,
      253, 425, 426, -1,
      253, 426, 223, -1,
      223, 426, 427, -1,
      223, 427, 224, -1,
      224, 427, 428, -1,
      224, 428, 254, -1,
      254, 428, 429, -1,
      254, 429, 255, -1,
      255, 429, 430, -1,
      255, 430, 256, -1,
      256, 430, 431, -1,
      256, 431, 257, -1,
      257, 431, 432, -1,
      257, 432, 258, -1,
      258, 432, 433, -1,
      258, 433, 211, -1,
      434, 212, 433, -1,
      433, 212, 211, -1,
      435, 213, 434, -1,
      434, 213, 212, -1,
      213, 435, 436, -1,
      213, 436, 218, -1,
      218, 436, 437, -1,
      218, 437, 219, -1,
      438, 220, 437, -1,
      437, 220, 219, -1,
      439, 282, 438, -1,
      438, 282, 220, -1,
      282, 439, 440, -1,
      282, 440, 283, -1,
      283, 440, 441, -1,
      283, 441, 284, -1,
      284, 441, 442, -1,
      284, 442, 272, -1,
      272, 442, 443, -1,
      272, 443, 273, -1,
      273, 443, 444, -1,
      273, 444, 274, -1,
      274, 444, 445, -1,
      274, 445, 264, -1,
      264, 445, 446, -1,
      264, 446, 265, -1,
      265, 446, 447, -1,
      265, 447, 295, -1,
      295, 447, 448, -1,
      295, 448, 296, -1,
      296, 448, 449, -1,
      296, 449, 297, -1,
      297, 449, 450, -1,
      297, 450, 294, -1,
      294, 450, 451, -1,
      294, 451, 292, -1,
      292, 451, 452, -1,
      292, 452, 267, -1,
      267, 452, 453, -1,
      267, 453, 278, -1,
      278, 453, 454, -1,
      278, 454, 280, -1,
      280, 454, 455, -1,
      280, 455, 260, -1,
      260, 455, 456, -1,
      260, 456, 261, -1,
      261, 456, 457, -1,
      261, 457, 263, -1,
      263, 457, 458, -1,
      263, 458, 286, -1,
      459, 287, 458, -1,
      458, 287, 286, -1,
      287, 459, 460, -1,
      287, 460, 288, -1,
      288, 460, 461, -1,
      288, 461, 311, -1,
      311, 461, 305, -1,
      305, 461, 462, -1,
      305, 462, 309, -1,
      309, 462, 463, -1,
      309, 463, 308, -1,
      308, 463, 464, -1,
      308, 464, 307, -1,
      307, 464, 465, -1,
      307, 465, 298, -1,
      298, 465, 299, -1,
      299, 465, 466, -1,
      299, 466, 300, -1,
      300, 466, 467, -1,
      300, 467, 270, -1,
      270, 467, 468, -1,
      270, 468, 271, -1,
      469, 275, 468, -1,
      468, 275, 271, -1,
      275, 469, 470, -1,
      275, 470, 276, -1,
      276, 470, 471, -1,
      276, 471, 243, -1,
      243, 471, 472, -1,
      243, 472, 244, -1,
      244, 472, 473, -1,
      244, 473, 245, -1,
      245, 473, 474, -1,
      245, 474, 229, -1,
      229, 474, 475, -1,
      229, 475, 230, -1,
      230, 475, 476, -1,
      230, 476, 231, -1,
      231, 476, 477, -1,
      231, 477, 232, -1,
      232, 477, 478, -1,
      232, 478, 214, -1,
      214, 478, 479, -1,
      214, 479, 215, -1,
      215, 479, 480, -1,
      215, 480, 233, -1,
      233, 480, 481, -1,
      233, 481, 234, -1,
      234, 481, 482, -1,
      234, 482, 236, -1,
      236, 482, 483, -1,
      236, 483, 237, -1,
      237, 483, 484, -1,
      237, 484, 238, -1,
      485, 239, 484, -1,
      484, 239, 238, -1,
      486, 240, 485, -1,
      485, 240, 239, -1,
      487, 235, 486, -1,
      486, 235, 240, -1,
      235, 487, 488, -1,
      235, 488, 259, -1,
      259, 488, 424, -1,
      259, 424, 251, -1,
      435, 434, 489, -1,
      457, 456, 490, -1,
      425, 423, 434, -1,
      485, 484, 469, -1,
      472, 471, 484, -1,
      484, 471, 470, -1,
      484, 470, 469, -1,
      460, 486, 461, -1,
      461, 486, 485, -1,
      490, 456, 491, -1,
      491, 456, 455, -1,
      491, 455, 492, -1,
      492, 455, 454, -1,
      492, 454, 493, -1,
      493, 454, 453, -1,
      493, 453, 494, -1,
      494, 453, 452, -1,
      494, 452, 495, -1,
      495, 452, 451, -1,
      495, 451, 496, -1,
      460, 459, 486, -1,
      486, 459, 497, -1,
      486, 497, 487, -1,
      487, 497, 489, -1,
      487, 489, 488, -1,
      488, 489, 434, -1,
      488, 434, 424, -1,
      424, 434, 423, -1,
      498, 499, 439, -1,
      439, 499, 440, -1,
      440, 499, 500, -1,
      440, 500, 441, -1,
      464, 463, 462, -1,
      439, 438, 498, -1,
      498, 438, 437, -1,
      498, 437, 489, -1,
      489, 437, 436, -1,
      489, 436, 435, -1,
      441, 500, 442, -1,
      442, 500, 501, -1,
      442, 501, 443, -1,
      490, 502, 457, -1,
      457, 502, 503, -1,
      457, 503, 458, -1,
      458, 503, 504, -1,
      458, 504, 459, -1,
      459, 504, 505, -1,
      459, 505, 497, -1,
      451, 450, 496, -1,
      496, 450, 449, -1,
      496, 449, 506, -1,
      506, 449, 448, -1,
      469, 468, 485, -1,
      485, 468, 467, -1,
      485, 467, 461, -1,
      461, 467, 466, -1,
      461, 466, 462, -1,
      462, 466, 465, -1,
      462, 465, 464, -1,
      475, 474, 484, -1,
      484, 474, 473, -1,
      484, 473, 472, -1,
      434, 433, 425, -1,
      425, 433, 432, -1,
      425, 432, 426, -1,
      426, 432, 431, -1,
      443, 501, 444, -1,
      444, 501, 507, -1,
      444, 507, 445, -1,
      445, 507, 508, -1,
      445, 508, 446, -1,
      446, 508, 509, -1,
      446, 509, 447, -1,
      447, 509, 510, -1,
      447, 510, 448, -1,
      448, 510, 511, -1,
      448, 511, 506, -1,
      483, 482, 477, -1,
      477, 482, 481, -1,
      477, 481, 478, -1,
      478, 481, 480, -1,
      478, 480, 479, -1,
      431, 430, 426, -1,
      426, 430, 429, -1,
      426, 429, 427, -1,
      427, 429, 428, -1,
      483, 477, 484, -1,
      484, 477, 476, -1,
      484, 476, 475, -1,
      503, 512, 504, -1,
      504, 512, 513, -1,
      512, 503, 502, -1,
      512, 502, 514, -1,
      514, 502, 490, -1,
      514, 490, 515, -1,
      515, 490, 491, -1,
      515, 491, 516, -1,
      516, 491, 492, -1,
      516, 492, 517, -1,
      517, 492, 493, -1,
      517, 493, 518, -1,
      518, 493, 494, -1,
      518, 494, 519, -1,
      519, 494, 495, -1,
      519, 495, 520, -1,
      520, 495, 496, -1,
      520, 496, 521, -1,
      521, 496, 506, -1,
      521, 506, 522, -1,
      522, 506, 511, -1,
      522, 511, 523, -1,
      523, 511, 510, -1,
      523, 510, 524, -1,
      524, 510, 509, -1,
      524, 509, 525, -1,
      525, 509, 508, -1,
      525, 508, 526, -1,
      526, 508, 507, -1,
      526, 507, 527, -1,
      527, 507, 501, -1,
      527, 501, 528, -1,
      528, 501, 500, -1,
      528, 500, 529, -1,
      529, 500, 499, -1,
      529, 499, 530, -1,
      530, 499, 498, -1,
      530, 498, 531, -1,
      489, 532, 498, -1,
      498, 532, 531, -1,
      497, 533, 489, -1,
      489, 533, 532, -1,
      533, 497, 505, -1,
      533, 505, 534, -1,
      534, 505, 504, -1,
      534, 504, 513, -1,
      535, 77, 536, -1,
      536, 77, 76, -1,
      77, 535, 537, -1,
      77, 537, 79, -1,
      79, 537, 538, -1,
      79, 538, 118, -1,
      118, 538, 539, -1,
      118, 539, 119, -1,
      540, 80, 539, -1,
      539, 80, 119, -1,
      541, 174, 540, -1,
      540, 174, 80, -1,
      174, 541, 542, -1,
      174, 542, 129, -1,
      129, 542, 543, -1,
      129, 543, 128, -1,
      128, 543, 544, -1,
      128, 544, 126, -1,
      126, 544, 545, -1,
      126, 545, 124, -1,
      124, 545, 546, -1,
      124, 546, 201, -1,
      201, 546, 547, -1,
      201, 547, 157, -1,
      157, 547, 548, -1,
      157, 548, 158, -1,
      158, 548, 549, -1,
      158, 549, 159, -1,
      159, 549, 550, -1,
      159, 550, 160, -1,
      160, 550, 551, -1,
      160, 551, 186, -1,
      186, 551, 552, -1,
      186, 552, 187, -1,
      553, 171, 552, -1,
      552, 171, 187, -1,
      554, 172, 553, -1,
      553, 172, 171, -1,
      555, 173, 554, -1,
      554, 173, 172, -1,
      173, 555, 556, -1,
      173, 556, 189, -1,
      189, 556, 557, -1,
      189, 557, 188, -1,
      558, 49, 557, -1,
      557, 49, 188, -1,
      559, 50, 558, -1,
      558, 50, 49, -1,
      50, 559, 560, -1,
      50, 560, 51, -1,
      51, 560, 561, -1,
      51, 561, 52, -1,
      52, 561, 562, -1,
      52, 562, 53, -1,
      53, 562, 563, -1,
      53, 563, 54, -1,
      54, 563, 564, -1,
      54, 564, 61, -1,
      61, 564, 565, -1,
      61, 565, 62, -1,
      62, 565, 566, -1,
      62, 566, 12, -1,
      12, 566, 567, -1,
      12, 567, 13, -1,
      13, 567, 568, -1,
      13, 568, 202, -1,
      202, 568, 569, -1,
      202, 569, 203, -1,
      203, 569, 570, -1,
      203, 570, 204, -1,
      571, 209, 570, -1,
      570, 209, 204, -1,
      209, 571, 572, -1,
      209, 572, 210, -1,
      210, 572, 573, -1,
      210, 573, 206, -1,
      574, 207, 573, -1,
      573, 207, 206, -1,
      207, 574, 575, -1,
      207, 575, 208, -1,
      208, 575, 576, -1,
      208, 576, 197, -1,
      197, 576, 577, -1,
      197, 577, 196, -1,
      196, 577, 578, -1,
      196, 578, 21, -1,
      21, 578, 579, -1,
      21, 579, 22, -1,
      22, 579, 580, -1,
      22, 580, 24, -1,
      24, 580, 581, -1,
      24, 581, 25, -1,
      25, 581, 582, -1,
      25, 582, 66, -1,
      66, 582, 583, -1,
      66, 583, 36, -1,
      36, 583, 584, -1,
      36, 584, 98, -1,
      98, 584, 585, -1,
      98, 585, 143, -1,
      143, 585, 586, -1,
      143, 586, 144, -1,
      144, 586, 587, -1,
      144, 587, 145, -1,
      588, 142, 587, -1,
      587, 142, 145, -1,
      142, 588, 589, -1,
      142, 589, 140, -1,
      140, 589, 590, -1,
      140, 590, 138, -1,
      591, 137, 590, -1,
      590, 137, 138, -1,
      137, 591, 592, -1,
      137, 592, 111, -1,
      111, 592, 593, -1,
      111, 593, 112, -1,
      112, 593, 594, -1,
      112, 594, 113, -1,
      113, 594, 595, -1,
      113, 595, 114, -1,
      114, 595, 596, -1,
      114, 596, 45, -1,
      45, 596, 597, -1,
      45, 597, 44, -1,
      44, 597, 598, -1,
      44, 598, 42, -1,
      42, 598, 599, -1,
      42, 599, 46, -1,
      46, 599, 600, -1,
      46, 600, 47, -1,
      47, 600, 601, -1,
      47, 601, 48, -1,
      48, 601, 602, -1,
      48, 602, 154, -1,
      154, 602, 603, -1,
      154, 603, 178, -1,
      178, 603, 604, -1,
      178, 604, 179, -1,
      179, 604, 605, -1,
      179, 605, 71, -1,
      71, 605, 606, -1,
      71, 606, 73, -1,
      607, 75, 606, -1,
      606, 75, 73, -1,
      75, 607, 608, -1,
      75, 608, 74, -1,
      74, 608, 609, -1,
      74, 609, 72, -1,
      610, 70, 609, -1,
      609, 70, 72, -1,
      70, 610, 611, -1,
      70, 611, 115, -1,
      115, 611, 612, -1,
      115, 612, 116, -1,
      613, 117, 612, -1,
      612, 117, 116, -1,
      117, 613, 614, -1,
      117, 614, 198, -1,
      198, 614, 615, -1,
      198, 615, 199, -1,
      199, 615, 616, -1,
      199, 616, 200, -1,
      617, 122, 616, -1,
      616, 122, 200, -1,
      618, 123, 617, -1,
      617, 123, 122, -1,
      123, 618, 619, -1,
      123, 619, 180, -1,
      180, 619, 620, -1,
      180, 620, 181, -1,
      181, 620, 621, -1,
      181, 621, 182, -1,
      182, 621, 622, -1,
      182, 622, 183, -1,
      183, 622, 623, -1,
      183, 623, 155, -1,
      155, 623, 624, -1,
      155, 624, 156, -1,
      156, 624, 625, -1,
      156, 625, 184, -1,
      184, 625, 626, -1,
      184, 626, 185, -1,
      185, 626, 627, -1,
      185, 627, 125, -1,
      125, 627, 628, -1,
      125, 628, 127, -1,
      127, 628, 629, -1,
      127, 629, 81, -1,
      630, 82, 629, -1,
      629, 82, 81, -1,
      82, 630, 631, -1,
      82, 631, 121, -1,
      121, 631, 632, -1,
      121, 632, 120, -1,
      633, 78, 632, -1,
      632, 78, 120, -1,
      633, 536, 78, -1,
      78, 536, 76, -1,
      557, 556, 571, -1,
      571, 556, 555, -1,
      578, 577, 554, -1,
      554, 577, 576, -1,
      554, 576, 575, -1,
      584, 554, 585, -1,
      585, 554, 586, -1,
      594, 593, 633, -1,
      565, 564, 559, -1,
      575, 574, 554, -1,
      554, 574, 573, -1,
      554, 573, 555, -1,
      555, 573, 572, -1,
      555, 572, 571, -1,
      590, 589, 554, -1,
      589, 588, 554, -1,
      554, 588, 587, -1,
      554, 587, 586, -1,
      584, 583, 554, -1,
      554, 583, 582, -1,
      554, 582, 581, -1,
      536, 553, 535, -1,
      535, 553, 552, -1,
      535, 552, 537, -1,
      537, 552, 538, -1,
      620, 619, 629, -1,
      629, 619, 618, -1,
      593, 592, 633, -1,
      633, 592, 591, -1,
      633, 591, 536, -1,
      536, 591, 590, -1,
      536, 590, 553, -1,
      553, 590, 554, -1,
      538, 552, 539, -1,
      539, 552, 541, -1,
      539, 541, 540, -1,
      557, 571, 558, -1,
      558, 571, 570, -1,
      558, 570, 559, -1,
      559, 570, 569, -1,
      559, 569, 568, -1,
      564, 563, 562, -1,
      581, 580, 554, -1,
      554, 580, 579, -1,
      554, 579, 578, -1,
      602, 601, 633, -1,
      633, 601, 600, -1,
      597, 596, 633, -1,
      633, 596, 595, -1,
      633, 595, 594, -1,
      618, 617, 629, -1,
      629, 617, 616, -1,
      629, 616, 630, -1,
      630, 616, 615, -1,
      630, 615, 631, -1,
      631, 615, 614, -1,
      631, 614, 632, -1,
      632, 614, 613, -1,
      632, 613, 633, -1,
      633, 613, 612, -1,
      633, 612, 611, -1,
      611, 610, 633, -1,
      633, 610, 609, -1,
      633, 609, 608, -1,
      562, 561, 564, -1,
      564, 561, 560, -1,
      564, 560, 559, -1,
      551, 543, 552, -1,
      552, 543, 542, -1,
      552, 542, 541, -1,
      600, 599, 633, -1,
      633, 599, 598, -1,
      633, 598, 597, -1,
      626, 625, 621, -1,
      608, 607, 633, -1,
      633, 607, 606, -1,
      633, 606, 605, -1,
      568, 567, 559, -1,
      559, 567, 566, -1,
      559, 566, 565, -1,
      551, 550, 543, -1,
      543, 550, 549, -1,
      543, 549, 544, -1,
      544, 549, 548, -1,
      548, 547, 544, -1,
      544, 547, 546, -1,
      544, 546, 545, -1,
      626, 621, 627, -1,
      605, 604, 633, -1,
      633, 604, 603, -1,
      633, 603, 602, -1,
      620, 629, 621, -1,
      621, 629, 628, -1,
      621, 628, 627, -1,
      625, 624, 621, -1,
      621, 624, 623, -1,
      621, 623, 622, -1,
      634, 43, 635, -1,
      635, 43, 41, -1,
      636, 17, 634, -1,
      634, 17, 43, -1,
      637, 4, 636, -1,
      636, 4, 17, -1,
      4, 637, 638, -1,
      4, 638, 94, -1,
      94, 638, 639, -1,
      94, 639, 96, -1,
      96, 639, 640, -1,
      96, 640, 97, -1,
      97, 640, 641, -1,
      97, 641, 136, -1,
      136, 641, 642, -1,
      136, 642, 135, -1,
      135, 642, 643, -1,
      135, 643, 163, -1,
      163, 643, 644, -1,
      163, 644, 161, -1,
      161, 644, 645, -1,
      161, 645, 162, -1,
      162, 645, 646, -1,
      162, 646, 164, -1,
      164, 646, 647, -1,
      164, 647, 165, -1,
      165, 647, 648, -1,
      165, 648, 133, -1,
      133, 648, 649, -1,
      133, 649, 134, -1,
      134, 649, 650, -1,
      134, 650, 95, -1,
      95, 650, 651, -1,
      95, 651, 93, -1,
      93, 651, 652, -1,
      93, 652, 5, -1,
      5, 652, 653, -1,
      5, 653, 6, -1,
      6, 653, 654, -1,
      6, 654, 14, -1,
      14, 654, 655, -1,
      14, 655, 84, -1,
      84, 655, 656, -1,
      84, 656, 85, -1,
      85, 656, 657, -1,
      85, 657, 86, -1,
      86, 657, 658, -1,
      86, 658, 87, -1,
      87, 658, 659, -1,
      87, 659, 88, -1,
      88, 659, 660, -1,
      88, 660, 89, -1,
      89, 660, 661, -1,
      89, 661, 90, -1,
      90, 661, 662, -1,
      90, 662, 130, -1,
      130, 662, 663, -1,
      130, 663, 131, -1,
      131, 663, 664, -1,
      131, 664, 132, -1,
      132, 664, 665, -1,
      132, 665, 92, -1,
      92, 665, 666, -1,
      92, 666, 91, -1,
      91, 666, 667, -1,
      91, 667, 83, -1,
      83, 667, 668, -1,
      83, 668, 15, -1,
      669, 16, 668, -1,
      668, 16, 15, -1,
      670, 18, 669, -1,
      669, 18, 16, -1,
      18, 670, 671, -1,
      18, 671, 139, -1,
      139, 671, 672, -1,
      139, 672, 141, -1,
      141, 672, 673, -1,
      141, 673, 99, -1,
      99, 673, 674, -1,
      99, 674, 100, -1,
      100, 674, 675, -1,
      100, 675, 37, -1,
      37, 675, 676, -1,
      37, 676, 38, -1,
      38, 676, 677, -1,
      38, 677, 67, -1,
      67, 677, 678, -1,
      67, 678, 23, -1,
      23, 678, 679, -1,
      23, 679, 30, -1,
      30, 679, 680, -1,
      30, 680, 28, -1,
      28, 680, 681, -1,
      28, 681, 146, -1,
      146, 681, 682, -1,
      146, 682, 147, -1,
      147, 682, 683, -1,
      147, 683, 149, -1,
      149, 683, 684, -1,
      149, 684, 176, -1,
      176, 684, 685, -1,
      176, 685, 192, -1,
      192, 685, 686, -1,
      192, 686, 193, -1,
      193, 686, 687, -1,
      193, 687, 194, -1,
      194, 687, 688, -1,
      194, 688, 195, -1,
      195, 688, 689, -1,
      195, 689, 68, -1,
      68, 689, 690, -1,
      68, 690, 69, -1,
      69, 690, 691, -1,
      69, 691, 151, -1,
      151, 691, 692, -1,
      151, 692, 152, -1,
      152, 692, 693, -1,
      152, 693, 153, -1,
      153, 693, 694, -1,
      153, 694, 169, -1,
      169, 694, 695, -1,
      169, 695, 170, -1,
      170, 695, 696, -1,
      170, 696, 39, -1,
      39, 696, 697, -1,
      39, 697, 40, -1,
      40, 697, 698, -1,
      40, 698, 108, -1,
      108, 698, 699, -1,
      108, 699, 109, -1,
      700, 110, 699, -1,
      699, 110, 109, -1,
      700, 635, 110, -1,
      110, 635, 41, -1,
      636, 634, 700, -1,
      700, 634, 635, -1,
      699, 642, 700, -1,
      700, 642, 641, -1,
      700, 641, 640, -1,
      671, 670, 669, -1,
      699, 698, 642, -1,
      642, 698, 697, -1,
      642, 697, 643, -1,
      643, 697, 696, -1,
      643, 696, 644, -1,
      637, 636, 638, -1,
      638, 636, 700, -1,
      638, 700, 639, -1,
      639, 700, 640, -1,
      669, 668, 671, -1,
      671, 668, 667, -1,
      671, 667, 672, -1,
      672, 667, 666, -1,
      672, 666, 673, -1,
      673, 666, 665, -1,
      673, 665, 674, -1,
      674, 665, 664, -1,
      674, 664, 675, -1,
      675, 664, 663, -1,
      675, 663, 676, -1,
      676, 663, 662, -1,
      676, 662, 677, -1,
      677, 662, 678, -1,
      678, 662, 661, -1,
      678, 661, 679, -1,
      679, 661, 660, -1,
      679, 660, 680, -1,
      680, 660, 659, -1,
      680, 659, 681, -1,
      681, 659, 658, -1,
      681, 658, 682, -1,
      696, 695, 644, -1,
      644, 695, 694, -1,
      644, 694, 645, -1,
      645, 694, 693, -1,
      645, 693, 646, -1,
      646, 693, 692, -1,
      646, 692, 647, -1,
      647, 692, 691, -1,
      647, 691, 648, -1,
      648, 691, 690, -1,
      648, 690, 649, -1,
      649, 690, 689, -1,
      649, 689, 650, -1,
      650, 689, 688, -1,
      650, 688, 651, -1,
      651, 688, 687, -1,
      651, 687, 652, -1,
      652, 687, 686, -1,
      652, 686, 653, -1,
      653, 686, 685, -1,
      653, 685, 654, -1,
      654, 685, 684, -1,
      654, 684, 655, -1,
      655, 684, 683, -1,
      655, 683, 656, -1,
      656, 683, 682, -1,
      656, 682, 657, -1,
      657, 682, 658, -1,
      701, 26, 702, -1,
      702, 26, 1, -1,
      26, 701, 703, -1,
      26, 703, 107, -1,
      107, 703, 704, -1,
      107, 704, 106, -1,
      106, 704, 705, -1,
      106, 705, 103, -1,
      706, 101, 705, -1,
      705, 101, 103, -1,
      101, 706, 707, -1,
      101, 707, 102, -1,
      102, 707, 708, -1,
      102, 708, 104, -1,
      104, 708, 709, -1,
      104, 709, 167, -1,
      167, 709, 710, -1,
      167, 710, 168, -1,
      168, 710, 711, -1,
      168, 711, 105, -1,
      105, 711, 712, -1,
      105, 712, 27, -1,
      27, 712, 713, -1,
      27, 713, 205, -1,
      205, 713, 714, -1,
      205, 714, 177, -1,
      177, 714, 715, -1,
      177, 715, 175, -1,
      175, 715, 716, -1,
      175, 716, 150, -1,
      150, 716, 717, -1,
      150, 717, 148, -1,
      148, 717, 718, -1,
      148, 718, 29, -1,
      29, 718, 719, -1,
      29, 719, 31, -1,
      31, 719, 720, -1,
      31, 720, 32, -1,
      32, 720, 721, -1,
      32, 721, 55, -1,
      55, 721, 722, -1,
      55, 722, 56, -1,
      56, 722, 723, -1,
      56, 723, 57, -1,
      57, 723, 724, -1,
      57, 724, 60, -1,
      60, 724, 725, -1,
      60, 725, 59, -1,
      59, 725, 726, -1,
      59, 726, 58, -1,
      58, 726, 727, -1,
      58, 727, 166, -1,
      728, 33, 727, -1,
      727, 33, 166, -1,
      729, 34, 728, -1,
      728, 34, 33, -1,
      34, 729, 730, -1,
      34, 730, 35, -1,
      35, 730, 731, -1,
      35, 731, 190, -1,
      190, 731, 732, -1,
      190, 732, 191, -1,
      191, 732, 733, -1,
      191, 733, 63, -1,
      63, 733, 734, -1,
      63, 734, 64, -1,
      64, 734, 735, -1,
      64, 735, 65, -1,
      65, 735, 736, -1,
      65, 736, 2, -1,
      2, 736, 737, -1,
      2, 737, 3, -1,
      3, 737, 738, -1,
      3, 738, 8, -1,
      8, 738, 739, -1,
      8, 739, 10, -1,
      10, 739, 740, -1,
      10, 740, 11, -1,
      741, 9, 740, -1,
      740, 9, 11, -1,
      742, 7, 741, -1,
      741, 7, 9, -1,
      7, 742, 743, -1,
      7, 743, 20, -1,
      20, 743, 744, -1,
      20, 744, 19, -1,
      745, 0, 744, -1,
      744, 0, 19, -1,
      745, 702, 0, -1,
      0, 702, 1, -1,
      714, 713, 724, -1,
      725, 724, 710, -1,
      706, 735, 734, -1,
      713, 712, 724, -1,
      724, 712, 711, -1,
      724, 711, 710, -1,
      710, 709, 725, -1,
      725, 709, 708, -1,
      725, 708, 726, -1,
      726, 708, 707, -1,
      742, 741, 706, -1,
      741, 740, 706, -1,
      706, 740, 739, -1,
      706, 739, 738, -1,
      706, 731, 730, -1,
      702, 745, 701, -1,
      701, 745, 744, -1,
      701, 744, 703, -1,
      703, 744, 743, -1,
      703, 743, 704, -1,
      704, 743, 742, -1,
      704, 742, 705, -1,
      705, 742, 706, -1,
      738, 737, 706, -1,
      706, 737, 736, -1,
      706, 736, 735, -1,
      717, 716, 724, -1,
      724, 716, 715, -1,
      724, 715, 714, -1,
      734, 733, 706, -1,
      706, 733, 732, -1,
      706, 732, 731, -1,
      730, 729, 706, -1,
      706, 729, 728, -1,
      706, 728, 707, -1,
      707, 728, 727, -1,
      707, 727, 726, -1,
      724, 723, 717, -1,
      717, 723, 722, -1,
      717, 722, 721, -1,
      721, 720, 717, -1,
      717, 720, 719, -1,
      717, 719, 718, -1,
    ]
  }
}

Shape {
  appearance Appearance {
    material Material {
      diffuseColor 0.5373 0.3490 0.3373
      specularColor 0.3765 0.2431 0.2353
      ambientIntensity 0.2
      transparency 0.0000
      shininess 0.5
    }
  }
  geometry IndexedFaceSet {
    ccw TRUE
    solid FALSE
    coord DEF co Coordinate {
      point [
        -0.161681 0.033947 0.000000,
        -0.180096 0.117167 0.000000,
        -0.172828 0.036273 0.000000,
        -0.180881 0.038784 0.000000,
        -0.183493 0.040155 0.000000,
        -0.190582 0.044979 0.000000,
        -0.198216 0.037638 0.000000,
        -0.075526 -0.026077 0.000000,
        -0.063068 -0.027503 0.000000,
        -0.084238 -0.024935 0.000000,
        -0.090563 -0.023335 0.000000,
        -0.095136 -0.021319 0.000000,
        -0.098556 -0.018609 0.000000,
        -0.101789 -0.014467 0.000000,
        -0.107687 -0.001025 0.000000,
        -0.111683 0.020456 0.000000,
        -0.112771 0.056726 0.000000,
        -0.112647 0.065070 0.000000,
        -0.110618 0.095447 0.000000,
        -0.107087 0.111443 0.000000,
        -0.103968 0.117706 0.000000,
        -0.100290 0.122213 0.000000,
        -0.097054 0.124604 0.000000,
        -0.091826 0.126702 0.000000,
        -0.084041 0.128241 0.000000,
        -0.071723 0.127293 0.000000,
        -0.059670 0.124549 0.000000,
        -0.054301 0.122284 0.000000,
        -0.054301 -0.027503 0.000000,
        -0.058685 -0.027629 0.000000,
      ]
    }
    coordIndex [
      5, 6, 1, -1,
      1, 0, 2, -1,
      2, 3, 1, -1,
      1, 3, 4, -1,
      1, 4, 5, -1,
      27, 28, 26, -1,
      26, 28, 29, -1,
      29, 8, 26, -1,
      26, 8, 7, -1,
      26, 7, 9, -1,
      15, 16, 26, -1,
      26, 16, 17, -1,
      26, 17, 25, -1,
      25, 17, 18, -1,
      9, 10, 26, -1,
      26, 10, 11, -1,
      26, 11, 12, -1,
      12, 13, 26, -1,
      26, 13, 14, -1,
      26, 14, 15, -1,
      19, 23, 18, -1,
      18, 23, 24, -1,
      18, 24, 25, -1,
      19, 20, 23, -1,
      23, 20, 21, -1,
      23, 21, 22, -1,
    ]
  }
}

Shape {
  appearance Appearance {
    material Material {
      diffuseColor 0.9961 0.9490 0.8980
      specularColor 0.0118 0.0078 0.0078
      ambientIntensity 0.2
      transparency 0.0000
      shininess 0.5
    }
  }
  geometry IndexedFaceSet {
    ccw TRUE
    solid FALSE
    coord DEF co Coordinate {
      point [
        0.354701 -0.455569 0.574803,
        0.354331 -0.452756 0.574803,
        0.367517 -0.403543 0.574803,
        0.383159 -0.383159 0.574803,
        0.452756 -0.354331 0.574803,
        0.478230 -0.357685 0.574803,
        0.501969 -0.367517 0.574803,
        0.522353 -0.383159 0.574803,
        0.537994 -0.403543 0.574803,
        0.547828 -0.427281 0.574803,
        0.551181 -0.452756 0.574803,
        0.403543 -0.367517 0.574803,
        0.427281 -0.357685 0.574803,
        0.357685 -0.427281 0.574803,
        0.427281 -0.547828 0.574803,
        0.403543 -0.537994 0.574803,
        0.383159 -0.522353 0.574803,
        0.367517 -0.501969 0.574803,
        0.357685 -0.478230 0.574803,
        0.550811 -0.455569 0.574803,
        0.547828 -0.478230 0.574803,
        0.537994 -0.501969 0.574803,
        0.522353 -0.522353 0.574803,
        0.501969 -0.537994 0.574803,
        0.478230 -0.547828 0.574803,
        0.452756 -0.551181 0.574803,
        -0.373263 -0.344314 0.574803,
        -0.379107 -0.340263 0.574803,
        -0.391959 -0.338140 0.574803,
        -0.384493 -0.335035 0.574803,
        -0.387304 -0.331637 0.574803,
        -0.302167 -0.344314 0.574803,
        -0.340325 -0.352861 0.574803,
        -0.356932 -0.351194 0.574803,
        -0.370780 -0.346034 0.574803,
        -0.442613 -0.344314 0.574803,
        -0.442585 -0.344329 0.574803,
        -0.432353 -0.346905 0.574803,
        -0.307579 -0.347155 0.574803,
        -0.326427 -0.351926 0.574803,
        -0.395789 -0.341048 0.574803,
        -0.403512 -0.344314 0.574803,
        -0.406170 -0.345438 0.574803,
        -0.410587 -0.346584 0.574803,
        -0.422481 -0.347483 0.574803,
        -0.450668 -0.339892 0.574803,
        -0.457933 -0.333320 0.574803,
        -0.460882 -0.329103 0.574803,
        -0.462583 -0.324521 0.574803,
        -0.463477 -0.317166 0.574803,
        -0.462176 -0.310112 0.574803,
        -0.459444 -0.304179 0.574803,
        -0.282272 -0.315194 0.574803,
        -0.283312 -0.323047 0.574803,
        -0.285993 -0.329555 0.574803,
        -0.455236 -0.298859 0.574803,
        -0.448769 -0.294026 0.574803,
        -0.447952 -0.293559 0.574803,
        -0.438688 -0.289733 0.574803,
        -0.426060 -0.287865 0.574803,
        -0.420734 -0.287720 0.574803,
        -0.387304 -0.302737 0.574803,
        -0.377081 -0.292321 0.574803,
        -0.389569 -0.299339 0.574803,
        -0.390510 -0.298126 0.574803,
        -0.407541 -0.289288 0.574803,
        -0.397798 -0.293237 0.574803,
        -0.393161 -0.295966 0.574803,
        -0.318513 -0.281512 0.574803,
        -0.302624 -0.286425 0.574803,
        -0.288589 -0.296015 0.574803,
        -0.285350 -0.301027 0.574803,
        -0.282926 -0.307639 0.574803,
        -0.290566 -0.335897 0.574803,
        -0.297305 -0.341761 0.574803,
        -0.323020 -0.280870 0.574803,
        -0.293598 -0.291337 0.574803,
        -0.292717 -0.291979 0.574803,
        -0.367554 -0.286639 0.574803,
        -0.353147 -0.282114 0.574803,
        -0.347157 -0.281155 0.574803,
        0.551181 -0.452756 0.570866,
        0.547828 -0.427281 0.570866,
        0.537994 -0.403543 0.570866,
        0.522353 -0.383159 0.570866,
        0.501969 -0.367517 0.570866,
        0.478230 -0.357685 0.570866,
        0.452756 -0.354331 0.570866,
        0.427281 -0.357685 0.570866,
        0.403543 -0.367517 0.570866,
        0.383159 -0.383159 0.570866,
        0.367517 -0.403543 0.570866,
        0.357685 -0.427281 0.570866,
        0.354331 -0.452756 0.570866,
        0.357685 -0.478230 0.570866,
        0.367517 -0.501969 0.570866,
        0.383159 -0.522353 0.570866,
        0.403543 -0.537994 0.570866,
        0.427281 -0.547828 0.570866,
        0.452756 -0.551181 0.570866,
        0.478230 -0.547828 0.570866,
        0.501969 -0.537994 0.570866,
        0.522353 -0.522353 0.570866,
        0.537994 -0.501969 0.570866,
        0.547828 -0.478230 0.570866,
        0.452756 -0.452756 0.570866,
        -0.290566 -0.335897 0.570866,
        -0.285993 -0.329555 0.570866,
        -0.294257 -0.324785 0.570866,
        -0.387304 -0.331637 0.570866,
        -0.391834 -0.316914 0.570866,
        -0.392137 -0.323607 0.570866,
        -0.384493 -0.335035 0.570866,
        -0.379107 -0.340263 0.570866,
        -0.375556 -0.332636 0.570866,
        -0.372650 -0.335256 0.570866,
        -0.292970 -0.319967 0.570866,
        -0.283312 -0.323047 0.570866,
        -0.292759 -0.314649 0.570866,
        -0.282272 -0.315194 0.570866,
        -0.293428 -0.308990 0.570866,
        -0.282926 -0.307639 0.570866,
        -0.295287 -0.303933 0.570866,
        -0.285350 -0.301027 0.570866,
        -0.297713 -0.300326 0.570866,
        -0.399693 -0.300507 0.570866,
        -0.396143 -0.303062 0.570866,
        -0.387304 -0.302737 0.570866,
        -0.395235 -0.303957 0.570866,
        -0.423170 -0.295650 0.570866,
        -0.410251 -0.297019 0.570866,
        -0.407541 -0.289288 0.570866,
        -0.407112 -0.297743 0.570866,
        -0.365553 -0.339507 0.570866,
        -0.370780 -0.346034 0.570866,
        -0.353573 -0.343178 0.570866,
        -0.356932 -0.351194 0.570866,
        -0.333795 -0.344433 0.570866,
        -0.381356 -0.322328 0.570866,
        -0.382228 -0.315781 0.570866,
        -0.381871 -0.312509 0.570866,
        -0.393584 -0.306170 0.570866,
        -0.392558 -0.308788 0.570866,
        -0.392024 -0.312254 0.570866,
        -0.379189 -0.327687 0.570866,
        -0.408914 -0.337632 0.570866,
        -0.406170 -0.345438 0.570866,
        -0.401787 -0.334622 0.570866,
        -0.395789 -0.341048 0.570866,
        -0.395818 -0.330284 0.570866,
        -0.391959 -0.338140 0.570866,
        -0.393938 -0.328262 0.570866,
        -0.392850 -0.326322 0.570866,
        -0.340325 -0.352861 0.570866,
        -0.326427 -0.351926 0.570866,
        -0.319100 -0.341830 0.570866,
        -0.307579 -0.347155 0.570866,
        -0.305819 -0.336024 0.570866,
        -0.297305 -0.341761 0.570866,
        -0.299248 -0.331381 0.570866,
        -0.296077 -0.328009 0.570866,
        -0.420734 -0.287720 0.570866,
        -0.426060 -0.287865 0.570866,
        -0.435751 -0.297368 0.570866,
        -0.438688 -0.289733 0.570866,
        -0.442000 -0.300013 0.570866,
        -0.447952 -0.293559 0.570866,
        -0.445815 -0.302359 0.570866,
        -0.448769 -0.294026 0.570866,
        -0.448215 -0.304708 0.570866,
        -0.455236 -0.298859 0.570866,
        -0.450623 -0.308615 0.570866,
        -0.459444 -0.304179 0.570866,
        -0.452369 -0.313323 0.570866,
        -0.462176 -0.310112 0.570866,
        -0.452991 -0.318298 0.570866,
        -0.463477 -0.317166 0.570866,
        -0.452395 -0.322836 0.570866,
        -0.462583 -0.324521 0.570866,
        -0.451223 -0.326116 0.570866,
        -0.460882 -0.329103 0.570866,
        -0.449479 -0.328770 0.570866,
        -0.457933 -0.333320 0.570866,
        -0.445693 -0.332350 0.570866,
        -0.450668 -0.339892 0.570866,
        -0.439364 -0.336294 0.570866,
        -0.442585 -0.344329 0.570866,
        -0.430476 -0.338994 0.570866,
        -0.432353 -0.346905 0.570866,
        -0.418763 -0.339271 0.570866,
        -0.422481 -0.347483 0.570866,
        -0.410587 -0.346584 0.570866,
        -0.390510 -0.298126 0.570866,
        -0.393161 -0.295966 0.570866,
        -0.397798 -0.293237 0.570866,
        -0.389569 -0.299339 0.570866,
        -0.380563 -0.307984 0.570866,
        -0.378233 -0.303921 0.570866,
        -0.377081 -0.292321 0.570866,
        -0.373939 -0.299384 0.570866,
        -0.367554 -0.286639 0.570866,
        -0.367527 -0.295138 0.570866,
        -0.353147 -0.282114 0.570866,
        -0.354569 -0.290211 0.570866,
        -0.347157 -0.281155 0.570866,
        -0.337221 -0.288014 0.570866,
        -0.323020 -0.280870 0.570866,
        -0.326686 -0.288680 0.570866,
        -0.318513 -0.281512 0.570866,
        -0.302624 -0.286425 0.570866,
        -0.288589 -0.296015 0.570866,
        -0.292717 -0.291979 0.570866,
        -0.300889 -0.297526 0.570866,
        -0.293598 -0.291337 0.570866,
        -0.308882 -0.293431 0.570866,
        -0.309508 -0.293178 0.570866,
        -0.391834 -0.316914 0.574803,
        -0.392024 -0.312254 0.574803,
        -0.392558 -0.308788 0.574803,
        -0.393584 -0.306170 0.574803,
        -0.395235 -0.303957 0.574803,
        -0.396143 -0.303062 0.574803,
        -0.399693 -0.300507 0.574803,
        -0.407112 -0.297743 0.574803,
        -0.410251 -0.297019 0.574803,
        -0.423170 -0.295650 0.574803,
        -0.435751 -0.297368 0.574803,
        -0.442000 -0.300013 0.574803,
        -0.445815 -0.302359 0.574803,
        -0.448215 -0.304708 0.574803,
        -0.450623 -0.308615 0.574803,
        -0.452369 -0.313323 0.574803,
        -0.452991 -0.318298 0.574803,
        -0.452395 -0.322836 0.574803,
        -0.451223 -0.326116 0.574803,
        -0.449479 -0.328770 0.574803,
        -0.445693 -0.332350 0.574803,
        -0.439364 -0.336294 0.574803,
        -0.430476 -0.338994 0.574803,
        -0.418763 -0.339271 0.574803,
        -0.408914 -0.337632 0.574803,
        -0.401787 -0.334622 0.574803,
        -0.395818 -0.330284 0.574803,
        -0.393938 -0.328262 0.574803,
        -0.392850 -0.326322 0.574803,
        -0.392137 -0.323607 0.574803,
        -0.382228 -0.315781 0.574803,
        -0.381356 -0.322328 0.574803,
        -0.379189 -0.327687 0.574803,
        -0.375556 -0.332636 0.574803,
        -0.372650 -0.335256 0.574803,
        -0.365553 -0.339507 0.574803,
        -0.353573 -0.343178 0.574803,
        -0.333795 -0.344433 0.574803,
        -0.319100 -0.341830 0.574803,
        -0.305819 -0.336024 0.574803,
        -0.299248 -0.331381 0.574803,
        -0.296077 -0.328009 0.574803,
        -0.294257 -0.324785 0.574803,
        -0.292970 -0.319967 0.574803,
        -0.292759 -0.314649 0.574803,
        -0.293428 -0.308990 0.574803,
        -0.295287 -0.303933 0.574803,
        -0.297713 -0.300326 0.574803,
        -0.300889 -0.297526 0.574803,
        -0.308882 -0.293431 0.574803,
        -0.309508 -0.293178 0.574803,
        -0.326686 -0.288680 0.574803,
        -0.337221 -0.288014 0.574803,
        -0.354569 -0.290211 0.574803,
        -0.367527 -0.295138 0.574803,
        -0.373939 -0.299384 0.574803,
        -0.378233 -0.303921 0.574803,
        -0.380563 -0.307984 0.574803,
        -0.381871 -0.312509 0.574803,
      ]
    }
    coordIndex [
      81, 10, 82, -1,
      82, 10, 9, -1,
      82, 9, 83, -1,
      83, 9, 8, -1,
      83, 8, 84, -1,
      84, 8, 7, -1,
      84, 7, 85, -1,
      85, 7, 6, -1,
      85, 6, 86, -1,
      86, 6, 5, -1,
      86, 5, 87, -1,
      87, 5, 4, -1,
      87, 4, 88, -1,
      88, 4, 12, -1,
      88, 12, 89, -1,
      89, 12, 11, -1,
      89, 11, 90, -1,
      90, 11, 3, -1,
      90, 3, 91, -1,
      91, 3, 2, -1,
      91, 2, 92, -1,
      92, 2, 13, -1,
      92, 13, 93, -1,
      13, 1, 93, -1,
      93, 1, 0, -1,
      93, 0, 94, -1,
      94, 0, 18, -1,
      94, 18, 95, -1,
      95, 18, 17, -1,
      95, 17, 96, -1,
      96, 17, 16, -1,
      96, 16, 97, -1,
      97, 16, 15, -1,
      97, 15, 98, -1,
      98, 15, 14, -1,
      98, 14, 99, -1,
      99, 14, 25, -1,
      99, 25, 100, -1,
      100, 25, 24, -1,
      100, 24, 101, -1,
      101, 24, 23, -1,
      101, 23, 102, -1,
      102, 23, 22, -1,
      102, 22, 103, -1,
      103, 22, 21, -1,
      103, 21, 104, -1,
      104, 21, 20, -1,
      104, 20, 81, -1,
      81, 20, 19, -1,
      81, 19, 10, -1,
      103, 104, 105, -1,
      105, 104, 81, -1,
      105, 81, 82, -1,
      100, 101, 105, -1,
      105, 101, 102, -1,
      105, 102, 103, -1,
      97, 98, 105, -1,
      105, 98, 99, -1,
      105, 99, 100, -1,
      94, 95, 105, -1,
      105, 95, 96, -1,
      105, 96, 97, -1,
      91, 92, 105, -1,
      105, 92, 93, -1,
      105, 93, 94, -1,
      88, 89, 105, -1,
      105, 89, 90, -1,
      105, 90, 91, -1,
      85, 86, 105, -1,
      105, 86, 87, -1,
      105, 87, 88, -1,
      82, 83, 105, -1,
      105, 83, 84, -1,
      105, 84, 85, -1,
      106, 107, 108, -1,
      109, 110, 111, -1,
      112, 113, 114, -1,
      114, 113, 115, -1,
      108, 107, 116, -1,
      116, 107, 117, -1,
      116, 117, 118, -1,
      118, 117, 119, -1,
      118, 119, 120, -1,
      120, 119, 121, -1,
      120, 121, 122, -1,
      122, 121, 123, -1,
      122, 123, 124, -1,
      125, 126, 127, -1,
      127, 126, 128, -1,
      129, 130, 131, -1,
      131, 130, 132, -1,
      115, 113, 133, -1,
      133, 113, 134, -1,
      133, 134, 135, -1,
      135, 134, 136, -1,
      135, 136, 137, -1,
      138, 139, 127, -1,
      127, 139, 140, -1,
      128, 141, 127, -1,
      127, 141, 142, -1,
      127, 142, 138, -1,
      138, 142, 143, -1,
      138, 143, 144, -1,
      144, 143, 110, -1,
      144, 110, 114, -1,
      114, 110, 109, -1,
      114, 109, 112, -1,
      145, 146, 147, -1,
      147, 146, 148, -1,
      147, 148, 149, -1,
      149, 148, 150, -1,
      149, 150, 151, -1,
      151, 150, 109, -1,
      151, 109, 152, -1,
      152, 109, 111, -1,
      136, 153, 137, -1,
      137, 153, 154, -1,
      137, 154, 155, -1,
      155, 154, 156, -1,
      155, 156, 157, -1,
      157, 156, 158, -1,
      157, 158, 159, -1,
      159, 158, 106, -1,
      159, 106, 160, -1,
      160, 106, 108, -1,
      131, 161, 129, -1,
      129, 161, 162, -1,
      129, 162, 163, -1,
      163, 162, 164, -1,
      163, 164, 165, -1,
      165, 164, 166, -1,
      165, 166, 167, -1,
      167, 166, 168, -1,
      167, 168, 169, -1,
      169, 168, 170, -1,
      169, 170, 171, -1,
      171, 170, 172, -1,
      171, 172, 173, -1,
      173, 172, 174, -1,
      173, 174, 175, -1,
      175, 174, 176, -1,
      175, 176, 177, -1,
      177, 176, 178, -1,
      177, 178, 179, -1,
      179, 178, 180, -1,
      179, 180, 181, -1,
      181, 180, 182, -1,
      181, 182, 183, -1,
      183, 182, 184, -1,
      183, 184, 185, -1,
      185, 184, 186, -1,
      185, 186, 187, -1,
      187, 186, 188, -1,
      187, 188, 189, -1,
      189, 188, 190, -1,
      189, 190, 145, -1,
      145, 190, 191, -1,
      145, 191, 146, -1,
      192, 193, 132, -1,
      132, 193, 194, -1,
      132, 194, 131, -1,
      125, 127, 132, -1,
      132, 127, 195, -1,
      132, 195, 192, -1,
      140, 196, 127, -1,
      127, 196, 197, -1,
      127, 197, 198, -1,
      198, 197, 199, -1,
      198, 199, 200, -1,
      200, 199, 201, -1,
      200, 201, 202, -1,
      202, 201, 203, -1,
      202, 203, 204, -1,
      204, 203, 205, -1,
      204, 205, 206, -1,
      206, 205, 207, -1,
      206, 207, 208, -1,
      208, 207, 209, -1,
      123, 210, 124, -1,
      124, 210, 211, -1,
      124, 211, 212, -1,
      212, 211, 213, -1,
      212, 213, 214, -1,
      214, 213, 209, -1,
      214, 209, 215, -1,
      215, 209, 207, -1,
      36, 37, 186, -1,
      186, 37, 188, -1,
      36, 186, 35, -1,
      35, 186, 184, -1,
      35, 184, 45, -1,
      45, 184, 182, -1,
      45, 182, 46, -1,
      46, 182, 180, -1,
      46, 180, 47, -1,
      47, 180, 178, -1,
      47, 178, 48, -1,
      48, 178, 176, -1,
      48, 176, 49, -1,
      49, 176, 174, -1,
      49, 174, 50, -1,
      50, 174, 172, -1,
      50, 172, 51, -1,
      51, 172, 170, -1,
      51, 170, 55, -1,
      55, 170, 168, -1,
      55, 168, 56, -1,
      56, 168, 166, -1,
      56, 166, 57, -1,
      57, 166, 164, -1,
      57, 164, 58, -1,
      58, 164, 162, -1,
      58, 162, 59, -1,
      59, 162, 161, -1,
      59, 161, 60, -1,
      60, 161, 131, -1,
      60, 131, 65, -1,
      65, 131, 194, -1,
      65, 194, 66, -1,
      66, 194, 193, -1,
      66, 193, 67, -1,
      67, 193, 192, -1,
      67, 192, 64, -1,
      64, 192, 195, -1,
      64, 195, 63, -1,
      127, 61, 195, -1,
      195, 61, 63, -1,
      61, 127, 198, -1,
      61, 198, 62, -1,
      62, 198, 200, -1,
      62, 200, 78, -1,
      78, 200, 202, -1,
      78, 202, 79, -1,
      79, 202, 204, -1,
      79, 204, 80, -1,
      80, 204, 206, -1,
      80, 206, 75, -1,
      75, 206, 208, -1,
      75, 208, 68, -1,
      68, 208, 209, -1,
      68, 209, 69, -1,
      69, 209, 213, -1,
      69, 213, 76, -1,
      76, 213, 211, -1,
      76, 211, 77, -1,
      77, 211, 210, -1,
      77, 210, 70, -1,
      70, 210, 123, -1,
      70, 123, 71, -1,
      71, 123, 121, -1,
      71, 121, 72, -1,
      72, 121, 119, -1,
      72, 119, 52, -1,
      158, 73, 106, -1,
      106, 73, 54, -1,
      106, 54, 107, -1,
      107, 54, 53, -1,
      107, 53, 117, -1,
      117, 53, 52, -1,
      117, 52, 119, -1,
      38, 31, 158, -1,
      158, 31, 74, -1,
      158, 74, 73, -1,
      158, 156, 38, -1,
      38, 156, 154, -1,
      38, 154, 39, -1,
      39, 154, 153, -1,
      39, 153, 32, -1,
      112, 29, 27, -1,
      26, 34, 134, -1,
      134, 34, 33, -1,
      134, 33, 136, -1,
      136, 33, 32, -1,
      136, 32, 153, -1,
      26, 134, 27, -1,
      27, 134, 113, -1,
      27, 113, 112, -1,
      109, 30, 112, -1,
      112, 30, 29, -1,
      30, 109, 150, -1,
      30, 150, 28, -1,
      28, 150, 148, -1,
      28, 148, 40, -1,
      40, 148, 41, -1,
      41, 148, 146, -1,
      41, 146, 42, -1,
      42, 146, 191, -1,
      42, 191, 43, -1,
      43, 191, 190, -1,
      43, 190, 44, -1,
      44, 190, 188, -1,
      44, 188, 37, -1,
      216, 110, 143, -1,
      216, 143, 217, -1,
      217, 143, 142, -1,
      217, 142, 218, -1,
      218, 142, 141, -1,
      218, 141, 219, -1,
      219, 141, 128, -1,
      219, 128, 220, -1,
      220, 128, 126, -1,
      220, 126, 221, -1,
      221, 126, 125, -1,
      221, 125, 222, -1,
      222, 125, 132, -1,
      222, 132, 223, -1,
      223, 132, 130, -1,
      223, 130, 224, -1,
      224, 130, 129, -1,
      224, 129, 225, -1,
      225, 129, 163, -1,
      225, 163, 226, -1,
      226, 163, 165, -1,
      226, 165, 227, -1,
      227, 165, 167, -1,
      227, 167, 228, -1,
      228, 167, 169, -1,
      228, 169, 229, -1,
      229, 169, 171, -1,
      229, 171, 230, -1,
      230, 171, 173, -1,
      230, 173, 231, -1,
      231, 173, 175, -1,
      231, 175, 232, -1,
      232, 175, 177, -1,
      232, 177, 233, -1,
      233, 177, 179, -1,
      233, 179, 234, -1,
      234, 179, 181, -1,
      234, 181, 235, -1,
      235, 181, 183, -1,
      235, 183, 236, -1,
      236, 183, 185, -1,
      236, 185, 237, -1,
      237, 185, 187, -1,
      237, 187, 238, -1,
      238, 187, 189, -1,
      238, 189, 239, -1,
      239, 189, 145, -1,
      239, 145, 240, -1,
      240, 145, 147, -1,
      240, 147, 241, -1,
      241, 147, 149, -1,
      241, 149, 242, -1,
      242, 149, 151, -1,
      242, 151, 243, -1,
      243, 151, 152, -1,
      243, 152, 244, -1,
      244, 152, 111, -1,
      244, 111, 245, -1,
      245, 111, 110, -1,
      245, 110, 216, -1,
      246, 139, 138, -1,
      246, 138, 247, -1,
      247, 138, 144, -1,
      247, 144, 248, -1,
      248, 144, 114, -1,
      248, 114, 249, -1,
      249, 114, 115, -1,
      249, 115, 250, -1,
      250, 115, 133, -1,
      250, 133, 251, -1,
      251, 133, 135, -1,
      251, 135, 252, -1,
      252, 135, 137, -1,
      252, 137, 253, -1,
      253, 137, 155, -1,
      253, 155, 254, -1,
      254, 155, 157, -1,
      254, 157, 255, -1,
      255, 157, 159, -1,
      255, 159, 256, -1,
      256, 159, 160, -1,
      256, 160, 257, -1,
      257, 160, 108, -1,
      257, 108, 258, -1,
      258, 108, 116, -1,
      258, 116, 259, -1,
      259, 116, 118, -1,
      259, 118, 260, -1,
      260, 118, 120, -1,
      260, 120, 261, -1,
      261, 120, 122, -1,
      261, 122, 262, -1,
      262, 122, 124, -1,
      262, 124, 263, -1,
      263, 124, 212, -1,
      263, 212, 264, -1,
      264, 212, 214, -1,
      264, 214, 265, -1,
      265, 214, 215, -1,
      265, 215, 266, -1,
      266, 215, 207, -1,
      266, 207, 267, -1,
      267, 207, 205, -1,
      267, 205, 268, -1,
      268, 205, 203, -1,
      268, 203, 269, -1,
      269, 203, 201, -1,
      269, 201, 270, -1,
      270, 201, 199, -1,
      270, 199, 271, -1,
      271, 199, 197, -1,
      271, 197, 272, -1,
      272, 197, 196, -1,
      272, 196, 273, -1,
      273, 196, 140, -1,
      273, 140, 274, -1,
      274, 140, 139, -1,
      274, 139, 246, -1,
    ]
  }
}

Shape {
  appearance Appearance {
    material Material {
      diffuseColor 0.1176 0.1176 0.1765
      specularColor 0.0588 0.0588 0.0863
      ambientIntensity 0.2
      transparency 0.0000
      shininess 0.5
    }
  }
  geometry IndexedFaceSet {
    ccw TRUE
    solid FALSE
    coord DEF co Coordinate {
      point [
        -0.391834 -0.316914 0.574803,
        -0.392024 -0.312254 0.574803,
        -0.392558 -0.308788 0.574803,
        -0.393584 -0.306170 0.574803,
        -0.395235 -0.303957 0.574803,
        -0.396143 -0.303062 0.574803,
        -0.399693 -0.300507 0.574803,
        -0.407112 -0.297743 0.574803,
        -0.410251 -0.297019 0.574803,
        -0.423170 -0.295650 0.574803,
        -0.435751 -0.297368 0.574803,
        -0.442000 -0.300013 0.574803,
        -0.445815 -0.302359 0.574803,
        -0.448215 -0.304708 0.574803,
        -0.450623 -0.308615 0.574803,
        -0.452369 -0.313323 0.574803,
        -0.452991 -0.318298 0.574803,
        -0.452395 -0.322836 0.574803,
        -0.451223 -0.326116 0.574803,
        -0.449479 -0.328770 0.574803,
        -0.445693 -0.332350 0.574803,
        -0.439364 -0.336294 0.574803,
        -0.430476 -0.338994 0.574803,
        -0.418763 -0.339271 0.574803,
        -0.408914 -0.337632 0.574803,
        -0.401787 -0.334622 0.574803,
        -0.395818 -0.330284 0.574803,
        -0.393938 -0.328262 0.574803,
        -0.392850 -0.326322 0.574803,
        -0.392137 -0.323607 0.574803,
      ]
    }
    coordIndex [
      0, 20, 21, -1,
      21, 22, 0, -1,
      0, 22, 23, -1,
      0, 23, 24, -1,
      24, 25, 0, -1,
      0, 25, 26, -1,
      0, 26, 29, -1,
      29, 26, 27, -1,
      29, 27, 28, -1,
      16, 8, 9, -1,
      17, 18, 0, -1,
      0, 18, 19, -1,
      0, 19, 20, -1,
      17, 0, 16, -1,
      16, 0, 1, -1,
      16, 1, 2, -1,
      13, 14, 12, -1,
      12, 14, 11, -1,
      9, 10, 16, -1,
      16, 10, 11, -1,
      16, 11, 15, -1,
      15, 11, 14, -1,
      2, 3, 16, -1,
      16, 3, 4, -1,
      16, 4, 5, -1,
      5, 6, 16, -1,
      16, 6, 7, -1,
      16, 7, 8, -1,
    ]
  }
}

Shape {
  appearance Appearance {
    material Material {
      diffuseColor 0.9961 0.9490 0.8980
      specularColor 0.0118 0.0078 0.0078
      ambientIntensity 0.2
      transparency 0.0000
      shininess 0.5
    }
  }
  geometry IndexedFaceSet {
    ccw TRUE
    solid FALSE
    coord DEF co Coordinate {
      point [
        -0.151246 0.006612 0.574803,
        -0.155902 0.000109 0.574803,
        -0.148435 0.003214 0.574803,
        -0.143049 -0.002015 0.574803,
        -0.196295 -0.008656 0.574803,
        -0.206527 -0.006080 0.574803,
        -0.049292 0.037222 0.574803,
        -0.046868 0.030610 0.574803,
        -0.046214 0.023054 0.574803,
        -0.047254 0.015201 0.574803,
        -0.049935 0.008694 0.574803,
        -0.071521 -0.008906 0.574803,
        -0.090369 -0.013677 0.574803,
        -0.104267 -0.014613 0.574803,
        -0.134722 -0.007785 0.574803,
        -0.159731 -0.002799 0.574803,
        -0.120874 -0.012945 0.574803,
        -0.054508 0.002351 0.574803,
        -0.061247 -0.003512 0.574803,
        -0.214610 -0.001643 0.574803,
        -0.221875 0.004929 0.574803,
        -0.224824 0.009146 0.574803,
        -0.226526 0.013728 0.574803,
        -0.227419 0.021083 0.574803,
        -0.226118 0.028137 0.574803,
        -0.223386 0.034070 0.574803,
        -0.170113 -0.007189 0.574803,
        -0.174529 -0.008335 0.574803,
        -0.186424 -0.009234 0.574803,
        -0.211894 0.044689 0.574803,
        -0.202630 0.048516 0.574803,
        -0.171483 0.048961 0.574803,
        -0.141024 0.045928 0.574803,
        -0.131496 0.051609 0.574803,
        -0.154997 0.040567 0.574803,
        -0.146285 0.040567 0.574803,
        -0.157103 0.042283 0.574803,
        -0.161739 0.045011 0.574803,
        -0.219178 0.039390 0.574803,
        -0.217604 0.040567 0.574803,
        -0.212711 0.044222 0.574803,
        -0.082455 0.056737 0.574803,
        -0.066567 0.051824 0.574803,
        -0.052531 0.042234 0.574803,
        -0.051454 0.040567 0.574803,
        -0.057540 0.046912 0.574803,
        -0.056659 0.046270 0.574803,
        -0.117089 0.056135 0.574803,
        -0.111099 0.057094 0.574803,
        -0.086962 0.057379 0.574803,
        -0.184676 0.050529 0.574803,
        -0.190002 0.050383 0.574803,
        -0.154452 0.040122 0.574803,
        -0.153511 0.038910 0.574803,
        -0.151246 0.035512 0.574803,
        -0.054508 0.002351 0.570866,
        -0.049935 0.008694 0.570866,
        -0.058199 0.013464 0.570866,
        -0.151246 0.006612 0.570866,
        -0.155776 0.021335 0.570866,
        -0.156079 0.014641 0.570866,
        -0.148435 0.003214 0.570866,
        -0.143049 -0.002015 0.570866,
        -0.139498 0.005613 0.570866,
        -0.136592 0.002993 0.570866,
        -0.056912 0.018282 0.570866,
        -0.047254 0.015201 0.570866,
        -0.056700 0.023600 0.570866,
        -0.046214 0.023054 0.570866,
        -0.057370 0.029259 0.570866,
        -0.046868 0.030610 0.570866,
        -0.059230 0.034315 0.570866,
        -0.049292 0.037222 0.570866,
        -0.061655 0.037922 0.570866,
        -0.163635 0.037741 0.570866,
        -0.160085 0.035187 0.570866,
        -0.151246 0.035512 0.570866,
        -0.159176 0.034292 0.570866,
        -0.187112 0.042598 0.570866,
        -0.174193 0.041230 0.570866,
        -0.171483 0.048961 0.570866,
        -0.171054 0.040506 0.570866,
        -0.129495 -0.001258 0.570866,
        -0.134722 -0.007785 0.570866,
        -0.117515 -0.004929 0.570866,
        -0.120874 -0.012945 0.570866,
        -0.097737 -0.006184 0.570866,
        -0.145298 0.015921 0.570866,
        -0.146170 0.022467 0.570866,
        -0.145813 0.025740 0.570866,
        -0.157526 0.032079 0.570866,
        -0.156500 0.029461 0.570866,
        -0.155966 0.025994 0.570866,
        -0.143131 0.010561 0.570866,
        -0.172856 0.000617 0.570866,
        -0.170113 -0.007189 0.570866,
        -0.165730 0.003627 0.570866,
        -0.159731 -0.002799 0.570866,
        -0.159760 0.007965 0.570866,
        -0.155902 0.000109 0.570866,
        -0.157880 0.009987 0.570866,
        -0.156793 0.011927 0.570866,
        -0.104267 -0.014613 0.570866,
        -0.090369 -0.013677 0.570866,
        -0.083043 -0.003581 0.570866,
        -0.071521 -0.008906 0.570866,
        -0.069761 0.002225 0.570866,
        -0.061247 -0.003512 0.570866,
        -0.063190 0.006868 0.570866,
        -0.060019 0.010240 0.570866,
        -0.184676 0.050529 0.570866,
        -0.190002 0.050383 0.570866,
        -0.199693 0.040881 0.570866,
        -0.202630 0.048516 0.570866,
        -0.205941 0.038236 0.570866,
        -0.211894 0.044689 0.570866,
        -0.209757 0.035889 0.570866,
        -0.212711 0.044222 0.570866,
        -0.212157 0.033541 0.570866,
        -0.219178 0.039390 0.570866,
        -0.214565 0.029634 0.570866,
        -0.223386 0.034070 0.570866,
        -0.216311 0.024926 0.570866,
        -0.226118 0.028137 0.570866,
        -0.216933 0.019950 0.570866,
        -0.227419 0.021083 0.570866,
        -0.216337 0.015413 0.570866,
        -0.226526 0.013728 0.570866,
        -0.215165 0.012133 0.570866,
        -0.224824 0.009146 0.570866,
        -0.213421 0.009479 0.570866,
        -0.221875 0.004929 0.570866,
        -0.209635 0.005899 0.570866,
        -0.214610 -0.001643 0.570866,
        -0.203306 0.001954 0.570866,
        -0.206527 -0.006080 0.570866,
        -0.194417 -0.000745 0.570866,
        -0.196295 -0.008656 0.570866,
        -0.182705 -0.001022 0.570866,
        -0.186424 -0.009234 0.570866,
        -0.174529 -0.008335 0.570866,
        -0.154452 0.040122 0.570866,
        -0.157103 0.042283 0.570866,
        -0.161739 0.045011 0.570866,
        -0.153511 0.038910 0.570866,
        -0.144505 0.030265 0.570866,
        -0.142176 0.034328 0.570866,
        -0.141024 0.045928 0.570866,
        -0.137880 0.038865 0.570866,
        -0.131496 0.051609 0.570866,
        -0.131469 0.043111 0.570866,
        -0.117089 0.056135 0.570866,
        -0.118511 0.048038 0.570866,
        -0.111099 0.057094 0.570866,
        -0.101163 0.050235 0.570866,
        -0.086962 0.057379 0.570866,
        -0.090628 0.049569 0.570866,
        -0.082455 0.056737 0.570866,
        -0.066567 0.051824 0.570866,
        -0.052531 0.042234 0.570866,
        -0.056659 0.046270 0.570866,
        -0.064831 0.040722 0.570866,
        -0.057540 0.046912 0.570866,
        -0.072824 0.044818 0.570866,
        -0.073450 0.045070 0.570866,
        -0.155776 0.021335 0.574803,
        -0.155966 0.025994 0.574803,
        -0.156500 0.029461 0.574803,
        -0.157526 0.032079 0.574803,
        -0.159176 0.034292 0.574803,
        -0.160085 0.035187 0.574803,
        -0.163635 0.037741 0.574803,
        -0.171054 0.040506 0.574803,
        -0.174193 0.041230 0.574803,
        -0.187112 0.042598 0.574803,
        -0.199693 0.040881 0.574803,
        -0.205941 0.038236 0.574803,
        -0.209757 0.035889 0.574803,
        -0.212157 0.033541 0.574803,
        -0.214565 0.029634 0.574803,
        -0.216311 0.024926 0.574803,
        -0.216933 0.019950 0.574803,
        -0.216337 0.015413 0.574803,
        -0.215165 0.012133 0.574803,
        -0.213421 0.009479 0.574803,
        -0.209635 0.005899 0.574803,
        -0.203306 0.001954 0.574803,
        -0.194417 -0.000745 0.574803,
        -0.182705 -0.001022 0.574803,
        -0.172856 0.000617 0.574803,
        -0.165730 0.003627 0.574803,
        -0.159760 0.007965 0.574803,
        -0.157880 0.009987 0.574803,
        -0.156793 0.011927 0.574803,
        -0.156079 0.014641 0.574803,
        -0.146170 0.022467 0.574803,
        -0.145298 0.015921 0.574803,
        -0.143131 0.010561 0.574803,
        -0.139498 0.005613 0.574803,
        -0.136592 0.002993 0.574803,
        -0.129495 -0.001258 0.574803,
        -0.117515 -0.004929 0.574803,
        -0.097737 -0.006184 0.574803,
        -0.083043 -0.003581 0.574803,
        -0.069761 0.002225 0.574803,
        -0.063190 0.006868 0.574803,
        -0.060019 0.010240 0.574803,
        -0.058199 0.013464 0.574803,
        -0.056912 0.018282 0.574803,
        -0.056700 0.023600 0.574803,
        -0.057370 0.029259 0.574803,
        -0.059230 0.034315 0.574803,
        -0.061655 0.037922 0.574803,
        -0.064831 0.040722 0.574803,
        -0.072824 0.044818 0.574803,
        -0.073450 0.045070 0.574803,
        -0.090628 0.049569 0.574803,
        -0.101163 0.050235 0.574803,
        -0.118511 0.048038 0.574803,
        -0.131469 0.043111 0.574803,
        -0.137880 0.038865 0.574803,
        -0.142176 0.034328 0.574803,
        -0.144505 0.030265 0.574803,
        -0.145813 0.025740 0.574803,
      ]
    }
    coordIndex [
      55, 56, 57, -1,
      58, 59, 60, -1,
      61, 62, 63, -1,
      63, 62, 64, -1,
      57, 56, 65, -1,
      65, 56, 66, -1,
      65, 66, 67, -1,
      67, 66, 68, -1,
      67, 68, 69, -1,
      69, 68, 70, -1,
      69, 70, 71, -1,
      71, 70, 72, -1,
      71, 72, 73, -1,
      74, 75, 76, -1,
      76, 75, 77, -1,
      78, 79, 80, -1,
      80, 79, 81, -1,
      64, 62, 82, -1,
      82, 62, 83, -1,
      82, 83, 84, -1,
      84, 83, 85, -1,
      84, 85, 86, -1,
      87, 88, 76, -1,
      76, 88, 89, -1,
      77, 90, 76, -1,
      76, 90, 91, -1,
      76, 91, 87, -1,
      87, 91, 92, -1,
      87, 92, 93, -1,
      93, 92, 59, -1,
      93, 59, 63, -1,
      63, 59, 58, -1,
      63, 58, 61, -1,
      94, 95, 96, -1,
      96, 95, 97, -1,
      96, 97, 98, -1,
      98, 97, 99, -1,
      98, 99, 100, -1,
      100, 99, 58, -1,
      100, 58, 101, -1,
      101, 58, 60, -1,
      85, 102, 86, -1,
      86, 102, 103, -1,
      86, 103, 104, -1,
      104, 103, 105, -1,
      104, 105, 106, -1,
      106, 105, 107, -1,
      106, 107, 108, -1,
      108, 107, 55, -1,
      108, 55, 109, -1,
      109, 55, 57, -1,
      80, 110, 78, -1,
      78, 110, 111, -1,
      78, 111, 112, -1,
      112, 111, 113, -1,
      112, 113, 114, -1,
      114, 113, 115, -1,
      114, 115, 116, -1,
      116, 115, 117, -1,
      116, 117, 118, -1,
      118, 117, 119, -1,
      118, 119, 120, -1,
      120, 119, 121, -1,
      120, 121, 122, -1,
      122, 121, 123, -1,
      122, 123, 124, -1,
      124, 123, 125, -1,
      124, 125, 126, -1,
      126, 125, 127, -1,
      126, 127, 128, -1,
      128, 127, 129, -1,
      128, 129, 130, -1,
      130, 129, 131, -1,
      130, 131, 132, -1,
      132, 131, 133, -1,
      132, 133, 134, -1,
      134, 133, 135, -1,
      134, 135, 136, -1,
      136, 135, 137, -1,
      136, 137, 138, -1,
      138, 137, 139, -1,
      138, 139, 94, -1,
      94, 139, 140, -1,
      94, 140, 95, -1,
      141, 142, 81, -1,
      81, 142, 143, -1,
      81, 143, 80, -1,
      74, 76, 81, -1,
      81, 76, 144, -1,
      81, 144, 141, -1,
      89, 145, 76, -1,
      76, 145, 146, -1,
      76, 146, 147, -1,
      147, 146, 148, -1,
      147, 148, 149, -1,
      149, 148, 150, -1,
      149, 150, 151, -1,
      151, 150, 152, -1,
      151, 152, 153, -1,
      153, 152, 154, -1,
      153, 154, 155, -1,
      155, 154, 156, -1,
      155, 156, 157, -1,
      157, 156, 158, -1,
      72, 159, 73, -1,
      73, 159, 160, -1,
      73, 160, 161, -1,
      161, 160, 162, -1,
      161, 162, 163, -1,
      163, 162, 158, -1,
      163, 158, 164, -1,
      164, 158, 156, -1,
      4, 137, 135, -1,
      4, 135, 5, -1,
      5, 135, 133, -1,
      5, 133, 19, -1,
      19, 133, 131, -1,
      19, 131, 20, -1,
      20, 131, 129, -1,
      20, 129, 21, -1,
      21, 129, 127, -1,
      21, 127, 22, -1,
      22, 127, 125, -1,
      22, 125, 23, -1,
      23, 125, 123, -1,
      23, 123, 24, -1,
      24, 123, 121, -1,
      24, 121, 25, -1,
      25, 121, 119, -1,
      25, 119, 38, -1,
      38, 119, 39, -1,
      39, 119, 117, -1,
      39, 117, 40, -1,
      40, 117, 115, -1,
      40, 115, 29, -1,
      29, 115, 113, -1,
      29, 113, 30, -1,
      30, 113, 111, -1,
      30, 111, 51, -1,
      51, 111, 110, -1,
      51, 110, 50, -1,
      50, 110, 80, -1,
      50, 80, 31, -1,
      31, 80, 143, -1,
      31, 143, 37, -1,
      37, 143, 142, -1,
      37, 142, 36, -1,
      36, 142, 34, -1,
      34, 142, 141, -1,
      34, 141, 52, -1,
      52, 141, 144, -1,
      52, 144, 53, -1,
      76, 54, 144, -1,
      144, 54, 53, -1,
      35, 54, 76, -1,
      35, 76, 32, -1,
      76, 147, 32, -1,
      32, 147, 149, -1,
      32, 149, 33, -1,
      33, 149, 151, -1,
      33, 151, 47, -1,
      47, 151, 153, -1,
      47, 153, 48, -1,
      48, 153, 155, -1,
      48, 155, 49, -1,
      49, 155, 157, -1,
      49, 157, 41, -1,
      41, 157, 158, -1,
      41, 158, 42, -1,
      42, 158, 162, -1,
      42, 162, 45, -1,
      45, 162, 160, -1,
      45, 160, 46, -1,
      46, 160, 159, -1,
      46, 159, 43, -1,
      43, 159, 44, -1,
      44, 159, 72, -1,
      44, 72, 6, -1,
      6, 72, 70, -1,
      6, 70, 7, -1,
      7, 70, 68, -1,
      7, 68, 8, -1,
      8, 68, 66, -1,
      8, 66, 9, -1,
      9, 66, 56, -1,
      9, 56, 10, -1,
      10, 56, 55, -1,
      10, 55, 17, -1,
      17, 55, 107, -1,
      17, 107, 18, -1,
      18, 107, 105, -1,
      18, 105, 11, -1,
      11, 105, 103, -1,
      11, 103, 12, -1,
      12, 103, 102, -1,
      12, 102, 13, -1,
      13, 102, 85, -1,
      13, 85, 16, -1,
      16, 85, 83, -1,
      16, 83, 14, -1,
      14, 83, 62, -1,
      14, 62, 3, -1,
      3, 62, 61, -1,
      3, 61, 2, -1,
      58, 0, 61, -1,
      61, 0, 2, -1,
      0, 58, 99, -1,
      0, 99, 1, -1,
      1, 99, 97, -1,
      1, 97, 15, -1,
      15, 97, 95, -1,
      15, 95, 26, -1,
      26, 95, 140, -1,
      26, 140, 27, -1,
      27, 140, 139, -1,
      27, 139, 28, -1,
      28, 139, 137, -1,
      28, 137, 4, -1,
      165, 59, 92, -1,
      165, 92, 166, -1,
      166, 92, 91, -1,
      166, 91, 167, -1,
      167, 91, 90, -1,
      167, 90, 168, -1,
      168, 90, 77, -1,
      168, 77, 169, -1,
      169, 77, 75, -1,
      169, 75, 170, -1,
      170, 75, 74, -1,
      170, 74, 171, -1,
      171, 74, 81, -1,
      171, 81, 172, -1,
      172, 81, 79, -1,
      172, 79, 173, -1,
      173, 79, 78, -1,
      173, 78, 174, -1,
      174, 78, 112, -1,
      174, 112, 175, -1,
      175, 112, 114, -1,
      175, 114, 176, -1,
      176, 114, 116, -1,
      176, 116, 177, -1,
      177, 116, 118, -1,
      177, 118, 178, -1,
      178, 118, 120, -1,
      178, 120, 179, -1,
      179, 120, 122, -1,
      179, 122, 180, -1,
      180, 122, 124, -1,
      180, 124, 181, -1,
      181, 124, 126, -1,
      181, 126, 182, -1,
      182, 126, 128, -1,
      182, 128, 183, -1,
      183, 128, 130, -1,
      183, 130, 184, -1,
      184, 130, 132, -1,
      184, 132, 185, -1,
      185, 132, 134, -1,
      185, 134, 186, -1,
      186, 134, 136, -1,
      186, 136, 187, -1,
      187, 136, 138, -1,
      187, 138, 188, -1,
      188, 138, 94, -1,
      188, 94, 189, -1,
      189, 94, 96, -1,
      189, 96, 190, -1,
      190, 96, 98, -1,
      190, 98, 191, -1,
      191, 98, 100, -1,
      191, 100, 192, -1,
      192, 100, 101, -1,
      192, 101, 193, -1,
      193, 101, 60, -1,
      193, 60, 194, -1,
      194, 60, 59, -1,
      194, 59, 165, -1,
      195, 88, 87, -1,
      195, 87, 196, -1,
      196, 87, 93, -1,
      196, 93, 197, -1,
      197, 93, 63, -1,
      197, 63, 198, -1,
      198, 63, 64, -1,
      198, 64, 199, -1,
      199, 64, 82, -1,
      199, 82, 200, -1,
      200, 82, 84, -1,
      200, 84, 201, -1,
      201, 84, 86, -1,
      201, 86, 202, -1,
      202, 86, 104, -1,
      202, 104, 203, -1,
      203, 104, 106, -1,
      203, 106, 204, -1,
      204, 106, 108, -1,
      204, 108, 205, -1,
      205, 108, 109, -1,
      205, 109, 206, -1,
      206, 109, 57, -1,
      206, 57, 207, -1,
      207, 57, 65, -1,
      207, 65, 208, -1,
      208, 65, 67, -1,
      208, 67, 209, -1,
      209, 67, 69, -1,
      209, 69, 210, -1,
      210, 69, 71, -1,
      210, 71, 211, -1,
      211, 71, 73, -1,
      211, 73, 212, -1,
      212, 73, 161, -1,
      212, 161, 213, -1,
      213, 161, 163, -1,
      213, 163, 214, -1,
      214, 163, 164, -1,
      214, 164, 215, -1,
      215, 164, 156, -1,
      215, 156, 216, -1,
      216, 156, 154, -1,
      216, 154, 217, -1,
      217, 154, 152, -1,
      217, 152, 218, -1,
      218, 152, 150, -1,
      218, 150, 219, -1,
      219, 150, 148, -1,
      219, 148, 220, -1,
      220, 148, 146, -1,
      220, 146, 221, -1,
      221, 146, 145, -1,
      221, 145, 222, -1,
      222, 145, 89, -1,
      222, 89, 223, -1,
      223, 89, 88, -1,
      223, 88, 195, -1,
    ]
  }
}

Shape {
  appearance Appearance {
    material Material {
      diffuseColor 0.1176 0.1176 0.1765
      specularColor 0.0588 0.0588 0.0863
      ambientIntensity 0.2
      transparency 0.0000
      shininess 0.5
    }
  }
  geometry IndexedFaceSet {
    ccw TRUE
    solid FALSE
    coord DEF co Coordinate {
      point [
        -0.155776 0.021335 0.574803,
        -0.155966 0.025994 0.574803,
        -0.156500 0.029461 0.574803,
        -0.157526 0.032079 0.574803,
        -0.159176 0.034292 0.574803,
        -0.160085 0.035187 0.574803,
        -0.163635 0.037741 0.574803,
        -0.171054 0.040506 0.574803,
        -0.174193 0.041230 0.574803,
        -0.187112 0.042598 0.574803,
        -0.199693 0.040881 0.574803,
        -0.205941 0.038236 0.574803,
        -0.209757 0.035889 0.574803,
        -0.212157 0.033541 0.574803,
        -0.214565 0.029634 0.574803,
        -0.216311 0.024926 0.574803,
        -0.216933 0.019950 0.574803,
        -0.216337 0.015413 0.574803,
        -0.215165 0.012133 0.574803,
        -0.213421 0.009479 0.574803,
        -0.209635 0.005899 0.574803,
        -0.203306 0.001954 0.574803,
        -0.194417 -0.000745 0.574803,
        -0.182705 -0.001022 0.574803,
        -0.172856 0.000617 0.574803,
        -0.165730 0.003627 0.574803,
        -0.159760 0.007965 0.574803,
        -0.157880 0.009987 0.574803,
        -0.156793 0.011927 0.574803,
        -0.156079 0.014641 0.574803,
      ]
    }
    coordIndex [
      0, 20, 21, -1,
      21, 22, 0, -1,
      0, 22, 23, -1,
      0, 23, 24, -1,
      24, 25, 0, -1,
      0, 25, 26, -1,
      0, 26, 29, -1,
      29, 26, 27, -1,
      29, 27, 28, -1,
      16, 8, 9, -1,
      17, 18, 0, -1,
      0, 18, 19, -1,
      0, 19, 20, -1,
      17, 0, 16, -1,
      16, 0, 1, -1,
      16, 1, 2, -1,
      13, 14, 12, -1,
      12, 14, 11, -1,
      9, 10, 16, -1,
      16, 10, 11, -1,
      16, 11, 15, -1,
      15, 11, 14, -1,
      2, 3, 16, -1,
      16, 3, 4, -1,
      16, 4, 5, -1,
      5, 6, 16, -1,
      16, 6, 7, -1,
      16, 7, 8, -1,
    ]
  }
}

Shape {
  appearance Appearance {
    material Material {
      diffuseColor 0.9961 0.9490 0.8980
      specularColor 0.0118 0.0078 0.0078
      ambientIntensity 0.2
      transparency 0.0000
      shininess 0.5
    }
  }
  geometry IndexedFaceSet {
    ccw TRUE
    solid FALSE
    coord DEF co Coordinate {
      point [
        -0.283006 0.168426 0.574803,
        -0.281504 0.165934 0.574803,
        -0.041248 -0.245198 0.574803,
        -0.040948 -0.245252 0.574803,
        -0.037624 -0.247993 0.574803,
        -0.038216 -0.248276 0.574803,
        -0.199811 -0.048549 0.574803,
        -0.215236 0.142106 0.574803,
        -0.214614 0.142106 0.574803,
        -0.215255 0.142348 0.574803,
        -0.228006 0.143731 0.574803,
        -0.229978 0.145703 0.574803,
        0.073266 0.036794 0.574803,
        0.069176 0.037653 0.574803,
        0.078089 -0.015595 0.574803,
        -0.297120 -0.026449 0.574803,
        -0.294461 -0.022331 0.574803,
        -0.446664 -0.029699 0.574803,
        -0.391987 -0.021794 0.574803,
        -0.392967 -0.021618 0.574803,
        -0.448367 -0.022331 0.574803,
        -0.393847 -0.019353 0.574803,
        -0.386171 -0.005762 0.574803,
        -0.385626 -0.010293 0.574803,
        -0.381935 -0.012264 0.574803,
        -0.427236 -0.000939 0.574803,
        -0.451313 0.008122 0.574803,
        -0.450339 -0.004212 0.574803,
        -0.391533 -0.021757 0.574803,
        -0.395231 -0.015661 0.574803,
        -0.411112 -0.008033 0.574803,
        -0.418811 -0.004537 0.574803,
        -0.384663 0.000544 0.574803,
        -0.369859 0.011261 0.574803,
        -0.382318 0.003507 0.574803,
        -0.377689 0.007352 0.574803,
        -0.378571 -0.014806 0.574803,
        -0.378662 -0.014970 0.574803,
        -0.378822 -0.015140 0.574803,
        -0.449341 -0.016542 0.574803,
        -0.385794 -0.001674 0.574803,
        -0.386232 -0.003369 0.574803,
        -0.386225 -0.005208 0.574803,
        -0.293158 -0.004392 0.574803,
        -0.295168 0.000291 0.574803,
        -0.378536 -0.014579 0.574803,
        -0.353915 0.015169 0.574803,
        -0.378678 -0.014348 0.574803,
        -0.351672 0.015446 0.574803,
        -0.378597 -0.014438 0.574803,
        -0.298484 0.004672 0.574803,
        -0.302573 0.007963 0.574803,
        -0.378554 -0.014513 0.574803,
        -0.310370 0.011567 0.574803,
        -0.327804 0.015238 0.574803,
        -0.379422 -0.015531 0.574803,
        -0.380432 -0.016068 0.574803,
        -0.381389 -0.016542 0.574803,
        -0.378533 -0.014652 0.574803,
        -0.294283 -0.022057 0.574803,
        -0.292638 -0.017127 0.574803,
        -0.292171 -0.010586 0.574803,
        -0.390156 -0.021072 0.574803,
        -0.391059 -0.021598 0.574803,
        -0.378556 -0.014762 0.574803,
        -0.447915 -0.025015 0.574803,
        -0.306454 -0.040519 0.574803,
        -0.322769 -0.043009 0.574803,
        -0.316826 -0.037120 0.574803,
        -0.307460 -0.034068 0.574803,
        -0.445468 -0.033970 0.574803,
        -0.307294 -0.033970 0.574803,
        -0.301369 -0.030474 0.574803,
        -0.325602 -0.043136 0.574803,
        -0.336633 -0.043429 0.574803,
        -0.336633 -0.040325 0.574803,
        -0.445356 -0.034369 0.574803,
        -0.444224 -0.037180 0.574803,
        -0.454710 -0.044268 0.574803,
        -0.456646 -0.045441 0.574803,
        -0.457004 -0.045599 0.574803,
        -0.457409 -0.045731 0.574803,
        -0.457586 -0.045738 0.574803,
        -0.457739 -0.045709 0.574803,
        -0.457876 -0.045650 0.574803,
        -0.457973 -0.045577 0.574803,
        -0.458033 -0.045502 0.574803,
        -0.458076 -0.045412 0.574803,
        -0.458107 -0.045267 0.574803,
        -0.458100 -0.045027 0.574803,
        -0.457952 -0.044477 0.574803,
        -0.457528 -0.043654 0.574803,
        -0.456948 -0.042463 0.574803,
        -0.456750 -0.041104 0.574803,
        -0.456975 -0.038060 0.574803,
        -0.285635 -0.026842 0.574803,
        -0.289967 -0.031651 0.574803,
        -0.293274 -0.033970 0.574803,
        -0.297663 -0.037049 0.574803,
        -0.283396 -0.022593 0.574803,
        -0.283329 -0.022331 0.574803,
        -0.300377 0.016480 0.574803,
        -0.292718 0.012028 0.574803,
        -0.287492 0.007060 0.574803,
        -0.284477 0.002839 0.574803,
        -0.452868 0.021853 0.574803,
        -0.453209 0.021796 0.574803,
        -0.453649 0.021632 0.574803,
        -0.466329 0.011771 0.574803,
        -0.464758 0.013030 0.574803,
        -0.464198 0.013479 0.574803,
        -0.446783 0.015462 0.574803,
        -0.428674 0.008139 0.574803,
        -0.394684 0.000669 0.574803,
        -0.410835 0.000194 0.574803,
        -0.395106 -0.002600 0.574803,
        -0.394686 -0.008321 0.574803,
        -0.452574 0.021830 0.574803,
        -0.452303 0.021738 0.574803,
        -0.363970 0.021715 0.574803,
        -0.451822 0.021446 0.574803,
        -0.380323 0.015714 0.574803,
        -0.387550 0.011066 0.574803,
        -0.340545 0.023941 0.574803,
        -0.338605 0.023977 0.574803,
        -0.316188 0.021610 0.574803,
        -0.282734 -0.001707 0.574803,
        -0.281727 -0.009999 0.574803,
        -0.282044 -0.017253 0.574803,
        -0.462051 0.015169 0.574803,
        -0.455256 0.020580 0.574803,
        -0.449341 0.018566 0.574803,
        -0.393213 0.004426 0.574803,
        -0.450768 0.020409 0.574803,
        -0.390884 0.007818 0.574803,
        -0.461506 0.006696 0.574803,
        -0.464064 0.009506 0.574803,
        -0.464758 0.010200 0.574803,
        -0.457108 -0.033970 0.574803,
        -0.457269 -0.029000 0.574803,
        -0.458060 -0.022331 0.574803,
        -0.386171 -0.107774 0.574803,
        -0.385626 -0.112304 0.574803,
        -0.381935 -0.114275 0.574803,
        -0.391533 -0.123769 0.574803,
        -0.391987 -0.123805 0.574803,
        -0.305294 -0.134802 0.574803,
        -0.445798 -0.134802 0.574803,
        -0.307460 -0.136080 0.574803,
        -0.392967 -0.123629 0.574803,
        -0.393847 -0.121364 0.574803,
        -0.446664 -0.131711 0.574803,
        -0.395231 -0.117673 0.574803,
        -0.384663 -0.101468 0.574803,
        -0.369859 -0.090750 0.574803,
        -0.382318 -0.098504 0.574803,
        -0.377689 -0.094659 0.574803,
        -0.385794 -0.103686 0.574803,
        -0.386232 -0.105381 0.574803,
        -0.386225 -0.107220 0.574803,
        -0.293158 -0.106404 0.574803,
        -0.295168 -0.101721 0.574803,
        -0.378536 -0.116590 0.574803,
        -0.449341 -0.118554 0.574803,
        -0.418811 -0.106549 0.574803,
        -0.450339 -0.106223 0.574803,
        -0.427236 -0.102950 0.574803,
        -0.451313 -0.093890 0.574803,
        -0.411112 -0.110045 0.574803,
        -0.447915 -0.127027 0.574803,
        -0.353915 -0.086843 0.574803,
        -0.378678 -0.116360 0.574803,
        -0.351672 -0.086565 0.574803,
        -0.378597 -0.116449 0.574803,
        -0.298484 -0.097339 0.574803,
        -0.302573 -0.094049 0.574803,
        -0.378554 -0.116525 0.574803,
        -0.310370 -0.090444 0.574803,
        -0.327804 -0.086773 0.574803,
        -0.378556 -0.116774 0.574803,
        -0.378571 -0.116817 0.574803,
        -0.378662 -0.116981 0.574803,
        -0.378822 -0.117152 0.574803,
        -0.379422 -0.117543 0.574803,
        -0.380432 -0.118080 0.574803,
        -0.381389 -0.118554 0.574803,
        -0.297120 -0.128460 0.574803,
        -0.294283 -0.124068 0.574803,
        -0.378533 -0.116663 0.574803,
        -0.292638 -0.119139 0.574803,
        -0.292171 -0.112598 0.574803,
        -0.390156 -0.123084 0.574803,
        -0.391059 -0.123609 0.574803,
        -0.301369 -0.132486 0.574803,
        -0.444224 -0.139191 0.574803,
        -0.336633 -0.145441 0.574803,
        -0.445356 -0.136381 0.574803,
        -0.336633 -0.142337 0.574803,
        -0.316826 -0.139132 0.574803,
        -0.306454 -0.142530 0.574803,
        -0.322769 -0.145021 0.574803,
        -0.325602 -0.145147 0.574803,
        -0.454710 -0.146280 0.574803,
        -0.456646 -0.147452 0.574803,
        -0.457004 -0.147611 0.574803,
        -0.457409 -0.147743 0.574803,
        -0.457586 -0.147750 0.574803,
        -0.457739 -0.147720 0.574803,
        -0.457876 -0.147661 0.574803,
        -0.457973 -0.147589 0.574803,
        -0.458033 -0.147514 0.574803,
        -0.458076 -0.147424 0.574803,
        -0.458107 -0.147279 0.574803,
        -0.458100 -0.147039 0.574803,
        -0.457952 -0.146489 0.574803,
        -0.457528 -0.145665 0.574803,
        -0.456948 -0.144475 0.574803,
        -0.456750 -0.143115 0.574803,
        -0.456975 -0.140072 0.574803,
        -0.283396 -0.124605 0.574803,
        -0.285635 -0.128854 0.574803,
        -0.284477 -0.099172 0.574803,
        -0.287492 -0.094952 0.574803,
        -0.292718 -0.089984 0.574803,
        -0.289967 -0.133663 0.574803,
        -0.291592 -0.134802 0.574803,
        -0.297663 -0.139061 0.574803,
        -0.453649 -0.080379 0.574803,
        -0.453209 -0.080215 0.574803,
        -0.452868 -0.080158 0.574803,
        -0.452574 -0.080181 0.574803,
        -0.338605 -0.078034 0.574803,
        -0.316188 -0.080402 0.574803,
        -0.300377 -0.085531 0.574803,
        -0.464758 -0.088981 0.574803,
        -0.464198 -0.088532 0.574803,
        -0.446783 -0.086549 0.574803,
        -0.428674 -0.093872 0.574803,
        -0.394684 -0.101343 0.574803,
        -0.410835 -0.101817 0.574803,
        -0.395106 -0.104611 0.574803,
        -0.394686 -0.110332 0.574803,
        -0.387550 -0.090946 0.574803,
        -0.380323 -0.086298 0.574803,
        -0.451822 -0.080566 0.574803,
        -0.363970 -0.080297 0.574803,
        -0.452303 -0.080273 0.574803,
        -0.462051 -0.086843 0.574803,
        -0.455256 -0.081432 0.574803,
        -0.449341 -0.083445 0.574803,
        -0.393213 -0.097586 0.574803,
        -0.450768 -0.081602 0.574803,
        -0.390884 -0.094194 0.574803,
        -0.340545 -0.078071 0.574803,
        -0.282734 -0.103719 0.574803,
        -0.281727 -0.112010 0.574803,
        -0.282044 -0.119264 0.574803,
        -0.466329 -0.090241 0.574803,
        -0.464064 -0.092506 0.574803,
        -0.464758 -0.091811 0.574803,
        -0.461506 -0.095316 0.574803,
        -0.457269 -0.131011 0.574803,
        -0.457146 -0.134802 0.574803,
        -0.281504 -0.221116 0.574803,
        -0.298421 -0.228744 0.574803,
        -0.310585 -0.225347 0.574803,
        -0.355971 -0.217941 0.574803,
        -0.446693 -0.234989 0.574803,
        -0.300522 -0.228113 0.574803,
        -0.302657 -0.227612 0.574803,
        -0.430927 -0.193385 0.574803,
        -0.447328 -0.186589 0.574803,
        -0.447454 -0.203012 0.574803,
        -0.387426 -0.209709 0.574803,
        -0.405718 -0.203577 0.574803,
        -0.446783 -0.233023 0.574803,
        -0.447328 -0.219433 0.574803,
        -0.278329 -0.219684 0.574803,
        -0.279461 -0.220195 0.574803,
        -0.279462 -0.217713 0.574803,
        -0.281504 -0.217713 0.574803,
        -0.464758 -0.181381 0.574803,
        -0.451313 -0.172118 0.574803,
        -0.327109 -0.215552 0.574803,
        -0.325212 -0.215806 0.574803,
        -0.291626 -0.217713 0.574803,
        -0.445063 -0.178913 0.574803,
        -0.401498 -0.197209 0.574803,
        -0.374770 -0.205501 0.574803,
        -0.465742 -0.182059 0.574803,
        -0.464758 -0.182746 0.574803,
        -0.457269 -0.187974 0.574803,
        -0.456681 -0.213183 0.574803,
        -0.456596 -0.225083 0.574803,
        -0.457157 -0.234989 0.574803,
        -0.445063 -0.242629 0.574803,
        -0.444935 -0.241793 0.574803,
        -0.445063 -0.240951 0.574803,
        -0.446195 -0.238098 0.574803,
        -0.457814 -0.246865 0.574803,
        -0.457269 -0.236966 0.574803,
        -0.457644 -0.253412 0.574803,
        -0.457750 -0.253396 0.574803,
        -0.446666 -0.235583 0.574803,
        -0.445593 -0.243499 0.574803,
        -0.447784 -0.245476 0.574803,
        -0.449341 -0.246613 0.574803,
        -0.457530 -0.253402 0.574803,
        -0.456136 -0.252528 0.574803,
        -0.457394 -0.253359 0.574803,
        -0.457880 -0.253343 0.574803,
        -0.458035 -0.253230 0.574803,
        -0.458161 -0.253084 0.574803,
        -0.458301 -0.252818 0.574803,
        -0.458402 -0.252528 0.574803,
        0.071001 0.340270 0.574803,
        0.069176 0.342095 0.574803,
        0.077113 0.286287 0.574803,
        0.250588 0.333604 0.574803,
        0.247573 0.337824 0.574803,
        0.242347 0.342792 0.574803,
        0.198431 0.290439 0.574803,
        0.181150 0.345933 0.574803,
        0.165206 0.342026 0.574803,
        0.081416 0.352397 0.574803,
        0.081855 0.352561 0.574803,
        0.082197 0.352618 0.574803,
        0.082491 0.352595 0.574803,
        0.196460 0.354742 0.574803,
        0.218877 0.352374 0.574803,
        0.234688 0.347245 0.574803,
        0.251669 0.308171 0.574803,
        0.249430 0.303922 0.574803,
        0.245097 0.299113 0.574803,
        0.148893 0.325002 0.574803,
        0.149439 0.320472 0.574803,
        0.153130 0.318501 0.574803,
        0.218239 0.293644 0.574803,
        0.207261 0.346003 0.574803,
        0.183393 0.346211 0.574803,
        0.157376 0.338117 0.574803,
        0.152747 0.334272 0.574803,
        0.150402 0.331308 0.574803,
        0.069176 0.342889 0.574803,
        0.070867 0.344244 0.574803,
        0.140379 0.322444 0.574803,
        0.139959 0.328165 0.574803,
        0.124230 0.330959 0.574803,
        0.140381 0.331433 0.574803,
        0.106391 0.338904 0.574803,
        0.084297 0.351174 0.574803,
        0.085724 0.349331 0.574803,
        0.088282 0.346227 0.574803,
        0.237402 0.293716 0.574803,
        0.228611 0.290246 0.574803,
        0.212296 0.287755 0.574803,
        0.078419 0.285324 0.574803,
        0.078061 0.285165 0.574803,
        0.077656 0.285033 0.574803,
        0.077478 0.285026 0.574803,
        0.076957 0.285497 0.574803,
        0.076964 0.285737 0.574803,
        0.073014 0.345933 0.574803,
        0.079809 0.351344 0.574803,
        0.143531 0.309007 0.574803,
        0.143078 0.308971 0.574803,
        0.198431 0.287335 0.574803,
        0.090841 0.293585 0.574803,
        0.080354 0.286496 0.574803,
        0.077326 0.285056 0.574803,
        0.077188 0.285115 0.574803,
        0.077091 0.285187 0.574803,
        0.077031 0.285262 0.574803,
        0.076988 0.285352 0.574803,
        0.147515 0.341830 0.574803,
        0.154742 0.346478 0.574803,
        0.171095 0.352479 0.574803,
        0.194520 0.354705 0.574803,
        0.252331 0.329057 0.574803,
        0.253338 0.320766 0.574803,
        0.253020 0.313512 0.574803,
        0.209463 0.287629 0.574803,
        0.149271 0.329091 0.574803,
        0.142098 0.309147 0.574803,
        0.141217 0.311412 0.574803,
        0.089708 0.296395 0.574803,
        0.139833 0.315103 0.574803,
        0.088401 0.301065 0.574803,
        0.242427 0.313638 0.574803,
        0.242893 0.320179 0.574803,
        0.224695 0.342331 0.574803,
        0.144181 0.338582 0.574803,
        0.141851 0.335190 0.574803,
        0.082762 0.352503 0.574803,
        0.083243 0.352210 0.574803,
        0.148833 0.327395 0.574803,
        0.148839 0.325556 0.574803,
        0.156402 0.315795 0.574803,
        0.156243 0.315624 0.574803,
        0.156387 0.316416 0.574803,
        0.156467 0.316327 0.574803,
        0.156511 0.316251 0.574803,
        0.156529 0.316186 0.574803,
        0.156531 0.316113 0.574803,
        0.085724 0.314222 0.574803,
        0.116254 0.326228 0.574803,
        0.084726 0.326553 0.574803,
        0.107829 0.329826 0.574803,
        0.083752 0.338886 0.574803,
        0.123953 0.322731 0.574803,
        0.087150 0.305749 0.574803,
        0.240781 0.308708 0.574803,
        0.241907 0.326372 0.574803,
        0.239897 0.331055 0.574803,
        0.232491 0.338728 0.574803,
        0.236581 0.335437 0.574803,
        0.155642 0.315233 0.574803,
        0.154633 0.314696 0.574803,
        0.153675 0.314222 0.574803,
        0.073559 0.337460 0.574803,
        0.077796 0.301765 0.574803,
        0.078089 0.292704 0.574803,
        0.077537 0.287111 0.574803,
        0.078315 0.289661 0.574803,
        0.078117 0.288301 0.574803,
        0.227605 0.296696 0.574803,
        0.233696 0.300290 0.574803,
        0.237945 0.304316 0.574803,
        0.156509 0.316003 0.574803,
        0.156494 0.315959 0.574803,
        0.144909 0.309692 0.574803,
        0.144006 0.309167 0.574803,
        0.068735 0.342535 0.574803,
        0.101033 -0.018700 0.574803,
        0.166427 -0.018700 0.574803,
        0.104138 0.022911 0.574803,
        0.076602 0.036097 0.574803,
        0.089414 -0.018118 0.574803,
        0.089340 0.031356 0.574803,
        0.081860 0.034651 0.574803,
        0.066470 0.038220 0.574803,
        0.068377 -0.022331 0.574803,
        0.069176 -0.021777 0.574803,
        0.068735 -0.028598 0.574803,
        0.064206 -0.029731 0.574803,
        0.238024 -0.029787 0.574803,
        0.234488 -0.028381 0.574803,
        0.231650 -0.027522 0.574803,
        0.239217 -0.030015 0.574803,
        0.238808 -0.030009 0.574803,
        0.246836 -0.028053 0.574803,
        0.241511 -0.029480 0.574803,
        0.240071 -0.029830 0.574803,
        0.217224 -0.026109 0.574803,
        0.213586 -0.026063 0.574803,
        0.207491 -0.026040 0.574803,
        0.097049 -0.026040 0.574803,
        0.082804 -0.026479 0.574803,
        0.075996 -0.027113 0.574803,
        0.069176 -0.028508 0.574803,
        0.262259 -0.023769 0.574803,
        0.258579 -0.025223 0.574803,
        0.257029 -0.025494 0.574803,
        0.254291 -0.026182 0.574803,
        0.253993 -0.026257 0.574803,
        0.263619 -0.022713 0.574803,
        0.263338 -0.023045 0.574803,
        0.262732 -0.023504 0.574803,
        0.263823 -0.021704 0.574803,
        0.263854 -0.021761 0.574803,
        0.263869 -0.021819 0.574803,
        0.263869 -0.021902 0.574803,
        0.263824 -0.022097 0.574803,
        0.263773 -0.022331 0.574803,
        0.263744 -0.022463 0.574803,
        0.263761 -0.021633 0.574803,
        0.263637 -0.021542 0.574803,
        0.254291 -0.019834 0.574803,
        0.257196 -0.020032 0.574803,
        0.258874 -0.020267 0.574803,
        0.260152 -0.020484 0.574803,
        0.262634 -0.021138 0.574803,
        0.262975 -0.021254 0.574803,
        0.263405 -0.021426 0.574803,
        0.253086 0.040567 0.574803,
        0.253086 0.037088 0.574803,
        0.146880 0.003657 0.574803,
        0.180604 -0.018700 0.574803,
        0.225025 0.029999 0.574803,
        0.229555 -0.018700 0.574803,
        0.238841 0.034400 0.574803,
        0.249940 -0.019538 0.574803,
        0.253993 -0.019814 0.574803,
        0.253086 0.061165 0.574803,
        0.248263 0.061165 0.574803,
        0.066470 0.041912 0.574803,
        0.069176 0.042155 0.574803,
        0.091680 0.044177 0.574803,
        0.243110 0.048530 0.574803,
        0.240764 0.046165 0.574803,
        0.236870 0.043878 0.574803,
        0.247130 0.056887 0.574803,
        0.245707 0.052666 0.574803,
        0.106990 0.029454 0.574803,
        0.138952 0.009320 0.574803,
        0.221082 0.037088 0.574803,
        0.229170 0.040567 0.574803,
        0.094789 0.040567 0.574803,
        0.098628 0.036109 0.574803,
        0.061395 -0.027172 0.574803,
        0.066470 0.040567 0.574803,
        -0.049577 0.107383 0.574803,
        -0.053909 0.102574 0.574803,
        -0.061605 0.097177 0.574803,
        -0.070396 0.093707 0.574803,
        -0.086711 0.091216 0.574803,
        -0.145877 0.121962 0.574803,
        -0.142620 0.119877 0.574803,
        -0.150152 0.130941 0.574803,
        -0.100576 0.093900 0.574803,
        -0.080768 0.097105 0.574803,
        -0.057576 0.130941 0.574803,
        -0.071402 0.100158 0.574803,
        -0.065311 0.103751 0.574803,
        -0.046485 0.130941 0.574803,
        -0.045669 0.124227 0.574803,
        -0.045987 0.116973 0.574803,
        -0.047338 0.111632 0.574803,
        -0.150113 0.128463 0.574803,
        -0.149568 0.123933 0.574803,
        -0.221351 0.088495 0.574803,
        -0.220945 0.088626 0.574803,
        -0.220588 0.088785 0.574803,
        -0.211857 0.109211 0.574803,
        -0.210606 0.104526 0.574803,
        -0.182753 0.129689 0.574803,
        -0.089544 0.091090 0.574803,
        -0.100576 0.090796 0.574803,
        -0.218652 0.089957 0.574803,
        -0.155476 0.112468 0.574803,
        -0.155929 0.112432 0.574803,
        -0.208166 0.097046 0.574803,
        -0.221528 0.088488 0.574803,
        -0.221681 0.088517 0.574803,
        -0.221819 0.088576 0.574803,
        -0.221915 0.088648 0.574803,
        -0.221976 0.088724 0.574803,
        -0.222019 0.088814 0.574803,
        -0.058226 0.112169 0.574803,
        -0.056580 0.117099 0.574803,
        -0.061061 0.107777 0.574803,
        -0.056113 0.123640 0.574803,
        -0.057100 0.129833 0.574803,
        -0.150174 0.130856 0.574803,
        -0.150167 0.129017 0.574803,
        -0.142539 0.119788 0.574803,
        -0.142496 0.119712 0.574803,
        -0.156908 0.112608 0.574803,
        -0.157789 0.114873 0.574803,
        -0.209298 0.099857 0.574803,
        -0.159174 0.118564 0.574803,
        -0.175054 0.126193 0.574803,
        -0.142604 0.119256 0.574803,
        -0.142764 0.119086 0.574803,
        -0.220917 0.096165 0.574803,
        -0.221211 0.105226 0.574803,
        -0.142478 0.119647 0.574803,
        -0.142475 0.119574 0.574803,
        -0.220890 0.091762 0.574803,
        -0.220692 0.093122 0.574803,
        -0.221470 0.090572 0.574803,
        -0.221894 0.089748 0.574803,
        -0.222043 0.089198 0.574803,
        -0.222049 0.088958 0.574803,
        -0.143365 0.118694 0.574803,
        -0.144374 0.118157 0.574803,
        -0.145331 0.117683 0.574803,
        -0.142497 0.119464 0.574803,
        -0.142513 0.119420 0.574803,
        -0.154098 0.113154 0.574803,
        -0.155000 0.112628 0.574803,
        -0.146260 0.137733 0.574803,
        -0.148605 0.134769 0.574803,
        -0.141631 0.141578 0.574803,
        -0.149735 0.132552 0.574803,
        -0.115613 0.149672 0.574803,
        -0.117857 0.149394 0.574803,
        -0.066413 0.142106 0.574803,
        -0.059110 0.134517 0.574803,
        -0.062426 0.138898 0.574803,
        -0.140572 0.142106 0.574803,
        -0.133801 0.145487 0.574803,
        -0.066515 0.142189 0.574803,
        -0.074311 0.145793 0.574803,
        -0.091746 0.149464 0.574803,
        -0.051434 0.141286 0.574803,
        -0.048419 0.137065 0.574803,
        -0.046676 0.132518 0.574803,
        -0.216245 0.155964 0.574803,
        -0.215764 0.155671 0.574803,
        -0.127912 0.155940 0.574803,
        -0.056660 0.146253 0.574803,
        -0.052298 0.142106 0.574803,
        -0.102547 0.158203 0.574803,
        -0.080130 0.155835 0.574803,
        -0.064319 0.150706 0.574803,
        -0.217591 0.155858 0.574803,
        -0.217152 0.156022 0.574803,
        -0.216810 0.156079 0.574803,
        -0.216516 0.156056 0.574803,
        -0.229978 0.146232 0.574803,
        -0.228140 0.147705 0.574803,
        -0.214710 0.154635 0.574803,
        -0.151492 0.145291 0.574803,
        -0.144265 0.149939 0.574803,
        -0.225993 0.149394 0.574803,
        -0.219198 0.154805 0.574803,
        -0.213283 0.152792 0.574803,
        -0.210724 0.149688 0.574803,
        -0.192616 0.142365 0.574803,
        -0.104487 0.158167 0.574803,
        -0.154761 0.142106 0.574803,
        -0.192035 0.142106 0.574803,
        -0.154826 0.142043 0.574803,
        -0.158628 0.125905 0.574803,
        -0.158998 0.130941 0.574803,
        -0.168180 0.130941 0.574803,
        -0.159048 0.131626 0.574803,
        -0.174777 0.134420 0.574803,
        -0.158626 0.134895 0.574803,
        -0.157156 0.138652 0.574803,
        -0.230271 0.145997 0.574803,
        -0.224263 0.130941 0.574803,
        -0.225447 0.140921 0.574803,
        -0.226526 0.142106 0.574803,
        -0.191178 0.133287 0.574803,
        -0.214354 0.130941 0.574803,
        -0.185685 0.130941 0.574803,
        -0.214281 0.130014 0.574803,
        -0.213283 0.117683 0.574803,
        0.094469 -0.263354 0.574803,
        0.230981 -0.262151 0.574803,
        0.229555 -0.259593 0.574803,
        0.083812 -0.254494 0.574803,
        0.090254 -0.261606 0.574803,
        0.079055 -0.254494 0.574803,
        0.081781 -0.252252 0.574803,
        0.241723 -0.251418 0.574803,
        0.241807 -0.251546 0.574803,
        0.240437 -0.250992 0.574803,
        0.240889 -0.251036 0.574803,
        0.239371 -0.251282 0.574803,
        0.239947 -0.251063 0.574803,
        0.241392 -0.251199 0.574803,
        0.241614 -0.251320 0.574803,
        0.241881 -0.251760 0.574803,
        0.241940 -0.252139 0.574803,
        0.242013 -0.253385 0.574803,
        0.235469 -0.254494 0.574803,
        0.238070 -0.252252 0.574803,
        0.238785 -0.251653 0.574803,
        0.068287 -0.263354 0.574803,
        0.069176 -0.262622 0.574803,
        0.067351 -0.264123 0.574803,
        0.069176 -0.265183 0.574803,
        0.085724 -0.268653 0.574803,
        0.086521 -0.273317 0.574803,
        0.088576 -0.269240 0.574803,
        0.095096 -0.271599 0.574803,
        0.101579 -0.274064 0.574803,
        0.087150 -0.278007 0.574803,
        0.235511 -0.329809 0.574803,
        0.089121 -0.300364 0.574803,
        0.089708 -0.306320 0.574803,
        0.081894 -0.333605 0.574803,
        0.081506 -0.332710 0.574803,
        0.081487 -0.332662 0.574803,
        0.081893 -0.329124 0.574803,
        0.083460 -0.334381 0.574803,
        0.083239 -0.334406 0.574803,
        0.083017 -0.334376 0.574803,
        0.082759 -0.334271 0.574803,
        0.082233 -0.333956 0.574803,
        0.082038 -0.333800 0.574803,
        0.081781 -0.325573 0.574803,
        0.081487 -0.321630 0.574803,
        0.081193 -0.314248 0.574803,
        0.083937 -0.334137 0.574803,
        0.083675 -0.334301 0.574803,
        0.237776 -0.335766 0.574803,
        0.080354 -0.303761 0.574803,
        0.079344 -0.292864 0.574803,
        0.078089 -0.281992 0.574803,
        0.076663 -0.269534 0.574803,
        0.085472 -0.332662 0.574803,
        0.084786 -0.333390 0.574803,
        0.084300 -0.333847 0.574803,
        0.090508 -0.314158 0.574803,
        0.091973 -0.321882 0.574803,
        0.093106 -0.325280 0.574803,
        0.253993 -0.327535 0.574803,
        0.254291 -0.327384 0.574803,
        0.254470 -0.327293 0.574803,
        0.253993 -0.326922 0.574803,
        0.254291 -0.327153 0.574803,
        0.243732 -0.278594 0.574803,
        0.244772 -0.294744 0.574803,
        0.246291 -0.310850 0.574803,
        0.248263 -0.322469 0.574803,
        0.242085 -0.254494 0.574803,
        0.242306 -0.257915 0.574803,
        0.242681 -0.263354 0.574803,
        0.238363 -0.323014 0.574803,
        0.237231 -0.304348 0.574803,
        0.235478 -0.283009 0.574803,
        0.233881 -0.272854 0.574803,
        0.232538 -0.266138 0.574803,
        0.231450 -0.263354 0.574803,
        0.090547 -0.160727 0.574803,
        0.073853 -0.158714 0.574803,
        0.119234 -0.160872 0.574803,
        0.118057 -0.161098 0.574803,
        0.149439 -0.159846 0.574803,
        0.224030 -0.161098 0.574803,
        0.073853 -0.154477 0.574803,
        0.149439 -0.154477 0.574803,
        0.184254 -0.150241 0.574803,
        0.209037 -0.151448 0.574803,
        0.241061 -0.161098 0.574803,
        0.236891 -0.158350 0.574803,
        0.226580 -0.154204 0.574803,
        0.184002 -0.154771 0.574803,
        0.207605 -0.157472 0.574803,
        0.198976 -0.156197 0.574803,
        0.251037 -0.198514 0.574803,
        0.247006 -0.205017 0.574803,
        0.076288 -0.203209 0.574803,
        0.072341 -0.196880 0.574803,
        0.243969 -0.163015 0.574803,
        0.248506 -0.167933 0.574803,
        0.251896 -0.174002 0.574803,
        0.072874 -0.178779 0.574803,
        0.076409 -0.172328 0.574803,
        0.081860 -0.166330 0.574803,
        0.107245 -0.221709 0.574803,
        0.090959 -0.215470 0.574803,
        0.082643 -0.210047 0.574803,
        0.071114 -0.193326 0.574803,
        0.070723 -0.188428 0.574803,
        0.070749 -0.187027 0.574803,
        0.086017 -0.163244 0.574803,
        0.089878 -0.161098 0.574803,
        0.253552 -0.179620 0.574803,
        0.253925 -0.183084 0.574803,
        0.253510 -0.191134 0.574803,
        0.241617 -0.209924 0.574803,
        0.229701 -0.216670 0.574803,
        0.204624 -0.224313 0.574803,
        0.200780 -0.225009 0.574803,
        0.161927 -0.228337 0.574803,
        0.132157 -0.226665 0.574803,
        0.224877 -0.210389 0.574803,
        0.233785 -0.205230 0.574803,
        0.209333 -0.215064 0.574803,
        0.238222 -0.201452 0.574803,
        0.241569 -0.197411 0.574803,
        0.127207 -0.218612 0.574803,
        0.117524 -0.216889 0.574803,
        0.100237 -0.164533 0.574803,
        0.090750 -0.168706 0.574803,
        0.080061 -0.184762 0.574803,
        0.080422 -0.190650 0.574803,
        0.081168 -0.179971 0.574803,
        0.082122 -0.195718 0.574803,
        0.085108 -0.200514 0.574803,
        0.089639 -0.205084 0.574803,
        0.097765 -0.210219 0.574803,
        0.243412 -0.193838 0.574803,
        0.244376 -0.189610 0.574803,
        0.244571 -0.187027 0.574803,
        0.238366 -0.169541 0.574803,
        0.233697 -0.165388 0.574803,
        0.086296 -0.172072 0.574803,
        0.083051 -0.176069 0.574803,
        0.244083 -0.180697 0.574803,
        0.241830 -0.174561 0.574803,
        0.163697 -0.220694 0.574803,
        0.176074 -0.220164 0.574803,
        0.226411 -0.161624 0.574803,
        -0.291387 0.074825 0.574803,
        -0.295310 0.071987 0.574803,
        -0.307437 0.066411 0.574803,
        -0.334520 0.059517 0.574803,
        -0.363224 0.057327 0.574803,
        -0.375727 0.057156 0.574803,
        -0.282309 0.085702 0.574803,
        -0.284803 0.081188 0.574803,
        -0.288416 0.076974 0.574803,
        -0.281396 0.091996 0.574803,
        -0.281433 0.089454 0.574803,
        -0.281504 0.089150 0.574803,
        -0.407364 0.060331 0.574803,
        -0.431409 0.066121 0.574803,
        -0.449046 0.074825 0.574803,
        -0.449889 0.075241 0.574803,
        -0.456591 0.080142 0.574803,
        -0.459755 0.083414 0.574803,
        -0.462238 0.087849 0.574803,
        -0.463535 0.091930 0.574803,
        -0.463770 0.095410 0.574803,
        -0.462631 0.099447 0.574803,
        -0.287918 0.104742 0.574803,
        -0.284362 0.100385 0.574803,
        -0.282064 0.095315 0.574803,
        -0.281504 0.092534 0.574803,
        -0.458641 0.105990 0.574803,
        -0.454302 0.110141 0.574803,
        -0.445894 0.114965 0.574803,
        -0.336288 0.124198 0.574803,
        -0.309591 0.116758 0.574803,
        -0.295474 0.110124 0.574803,
        -0.293310 0.108822 0.574803,
        -0.419431 0.123494 0.574803,
        -0.385736 0.127525 0.574803,
        -0.369477 0.127960 0.574803,
        -0.208878 -0.107567 0.574803,
        -0.209005 -0.108403 0.574803,
        -0.209535 -0.109274 0.574803,
        -0.220078 -0.118302 0.574803,
        -0.221336 -0.119133 0.574803,
        -0.221756 -0.112639 0.574803,
        -0.221211 -0.102740 0.574803,
        -0.220539 -0.090857 0.574803,
        -0.220624 -0.078957 0.574803,
        -0.209005 -0.106725 0.574803,
        -0.151367 -0.075483 0.574803,
        -0.169660 -0.069352 0.574803,
        -0.042271 -0.085459 0.574803,
        -0.043939 -0.086211 0.574803,
        -0.062363 -0.094519 0.574803,
        -0.064464 -0.093887 0.574803,
        -0.210137 -0.103873 0.574803,
        -0.066600 -0.093387 0.574803,
        -0.074528 -0.091121 0.574803,
        -0.119913 -0.083715 0.574803,
        -0.211726 -0.111250 0.574803,
        -0.213283 -0.112388 0.574803,
        -0.221472 -0.119176 0.574803,
        -0.221586 -0.119186 0.574803,
        -0.221692 -0.119170 0.574803,
        -0.194869 -0.059159 0.574803,
        -0.211270 -0.052364 0.574803,
        -0.211396 -0.068786 0.574803,
        -0.221822 -0.119117 0.574803,
        -0.221977 -0.119004 0.574803,
        -0.222102 -0.118858 0.574803,
        -0.222243 -0.118592 0.574803,
        -0.222343 -0.118302 0.574803,
        -0.211270 -0.085207 0.574803,
        -0.210724 -0.098797 0.574803,
        -0.210608 -0.101358 0.574803,
        -0.043939 -0.083487 0.574803,
        -0.043404 -0.083487 0.574803,
        -0.091051 -0.081327 0.574803,
        -0.089154 -0.081581 0.574803,
        -0.055568 -0.083487 0.574803,
        -0.165439 -0.062983 0.574803,
        -0.138712 -0.071275 0.574803,
        -0.215255 -0.037893 0.574803,
        -0.229684 -0.047833 0.574803,
        -0.228659 -0.048549 0.574803,
        -0.221211 -0.053748 0.574803,
        -0.229978 -0.255114 0.574803,
        -0.231110 -0.255380 0.574803,
        -0.061958 -0.255387 0.574803,
        -0.061313 -0.255541 0.574803,
        -0.057190 -0.254494 0.574803,
        -0.059380 -0.255206 0.574803,
        -0.060794 -0.255527 0.574803,
        -0.064417 -0.254494 0.574803,
        -0.227338 -0.254494 0.574803,
        -0.074469 -0.252232 0.574803,
        -0.080115 -0.251789 0.574803,
        -0.064668 -0.254404 0.574803,
        -0.093780 -0.251689 0.574803,
        -0.197680 -0.251689 0.574803,
        -0.212041 -0.252305 0.574803,
        -0.226286 -0.254248 0.574803,
        -0.043656 -0.250263 0.574803,
        -0.043939 -0.250350 0.574803,
        -0.053848 -0.253409 0.574803,
        -0.038484 -0.248404 0.574803,
        -0.040006 -0.248878 0.574803,
        -0.040948 -0.249236 0.574803,
        -0.036915 -0.246428 0.574803,
        -0.036860 -0.246487 0.574803,
        -0.036830 -0.246539 0.574803,
        -0.036815 -0.246589 0.574803,
        -0.036812 -0.246658 0.574803,
        -0.036846 -0.246817 0.574803,
        -0.036860 -0.246865 0.574803,
        -0.037075 -0.247420 0.574803,
        -0.037312 -0.247736 0.574803,
        -0.037690 -0.246036 0.574803,
        -0.038012 -0.245922 0.574803,
        -0.038216 -0.245861 0.574803,
        -0.037424 -0.246147 0.574803,
        -0.037231 -0.246239 0.574803,
        -0.037001 -0.246365 0.574803,
        -0.040106 -0.245401 0.574803,
        -0.038500 -0.245776 0.574803,
        -0.043939 -0.245033 0.574803,
        -0.046214 -0.244894 0.574803,
        -0.069704 -0.244055 0.574803,
        -0.205519 -0.243588 0.574803,
        -0.193737 -0.244055 0.574803,
        -0.216933 -0.240657 0.574803,
        -0.229978 -0.250367 0.574803,
        -0.232110 -0.254494 0.574803,
        -0.233669 -0.253115 0.574803,
        -0.222170 -0.345379 0.574803,
        -0.222193 -0.344314 0.574803,
        -0.222236 -0.342389 0.574803,
        -0.222343 -0.340404 0.574803,
        -0.215403 -0.271200 0.574803,
        -0.215061 -0.271141 0.574803,
        -0.214766 -0.271156 0.574803,
        -0.214578 -0.271208 0.574803,
        -0.214485 -0.271258 0.574803,
        -0.214421 -0.271314 0.574803,
        -0.214369 -0.271389 0.574803,
        -0.077086 -0.311797 0.574803,
        -0.214320 -0.271517 0.574803,
        -0.214226 -0.272126 0.574803,
        -0.214122 -0.274717 0.574803,
        -0.214122 -0.280673 0.574803,
        -0.213828 -0.301898 0.574803,
        -0.222343 -0.334447 0.574803,
        -0.222889 -0.319724 0.574803,
        -0.223182 -0.307854 0.574803,
        -0.213953 -0.306283 0.574803,
        -0.213828 -0.310664 0.574803,
        -0.213535 -0.311797 0.574803,
        -0.224387 -0.297327 0.574803,
        -0.225248 -0.289825 0.574803,
        -0.225675 -0.287618 0.574803,
        -0.217062 -0.272074 0.574803,
        -0.216343 -0.271629 0.574803,
        -0.215815 -0.271350 0.574803,
        -0.225993 -0.286881 0.574803,
        -0.228258 -0.280925 0.574803,
        -0.218065 -0.272746 0.574803,
        -0.222595 -0.350890 0.574803,
        -0.222343 -0.346360 0.574803,
        -0.221189 -0.359933 0.574803,
        -0.221411 -0.359951 0.574803,
        -0.222635 -0.359270 0.574803,
        -0.222520 -0.359470 0.574803,
        -0.222391 -0.359603 0.574803,
        -0.221739 -0.359898 0.574803,
        -0.222169 -0.359739 0.574803,
        -0.222720 -0.359015 0.574803,
        -0.222886 -0.357719 0.574803,
        -0.222889 -0.357685 0.574803,
        -0.222617 -0.354296 0.574803,
        -0.222612 -0.353596 0.574803,
        -0.220574 -0.359668 0.574803,
        -0.220912 -0.359848 0.574803,
        -0.214979 -0.353596 0.574803,
        -0.218946 -0.358231 0.574803,
        -0.219620 -0.358905 0.574803,
        -0.220145 -0.359360 0.574803,
        -0.211363 -0.344314 0.574803,
        -0.210724 -0.348625 0.574803,
        -0.074176 -0.321151 0.574803,
        -0.092504 -0.319753 0.574803,
        -0.212059 -0.336923 0.574803,
        -0.096633 -0.319724 0.574803,
        -0.212530 -0.331349 0.574803,
        -0.213283 -0.319724 0.574803,
        -0.062041 -0.323787 0.574803,
        -0.063382 -0.324011 0.574803,
        -0.064063 -0.323961 0.574803,
        -0.211563 -0.342962 0.574803,
        -0.045124 -0.318245 0.574803,
        -0.046508 -0.318592 0.574803,
        -0.056700 -0.321990 0.574803,
        -0.065501 -0.323455 0.574803,
        -0.041413 -0.316902 0.574803,
        -0.043939 -0.317816 0.574803,
        -0.039794 -0.315563 0.574803,
        -0.039919 -0.315813 0.574803,
        -0.040197 -0.316140 0.574803,
        -0.039672 -0.314809 0.574803,
        -0.039644 -0.314854 0.574803,
        -0.040766 -0.316565 0.574803,
        -0.040948 -0.316660 0.574803,
        -0.039630 -0.314894 0.574803,
        -0.039626 -0.314941 0.574803,
        -0.039636 -0.315009 0.574803,
        -0.039713 -0.315194 0.574803,
        -0.040948 -0.314234 0.574803,
        -0.040057 -0.314559 0.574803,
        -0.039832 -0.314681 0.574803,
        -0.039743 -0.314741 0.574803,
        -0.049067 -0.313223 0.574803,
        -0.043939 -0.313754 0.574803,
        -0.041599 -0.313996 0.574803,
        -0.455256 0.162565 0.574803,
        -0.455699 0.164976 0.574803,
        -0.456136 0.167389 0.574803,
        -0.456265 0.168790 0.574803,
        -0.293241 0.150669 0.574803,
        -0.293539 0.150560 0.574803,
        -0.293785 0.150524 0.574803,
        -0.294011 0.150545 0.574803,
        -0.455623 0.150954 0.574803,
        -0.456136 0.151533 0.574803,
        -0.294443 0.150703 0.574803,
        -0.294983 0.150974 0.574803,
        -0.295134 0.151098 0.574803,
        -0.455256 0.156651 0.574803,
        -0.453939 0.150304 0.574803,
        -0.454625 0.150412 0.574803,
        -0.455186 0.150639 0.574803,
        -0.295238 0.151238 0.574803,
        -0.295332 0.151467 0.574803,
        -0.443678 0.161726 0.574803,
        -0.295354 0.151552 0.574803,
        -0.295415 0.152149 0.574803,
        -0.295317 0.153253 0.574803,
        -0.295317 0.157196 0.574803,
        -0.295317 0.161726 0.574803,
        -0.280876 0.162969 0.574803,
        -0.281504 0.162090 0.574803,
        -0.282198 0.161118 0.574803,
        -0.285978 0.157057 0.574803,
        -0.291789 0.151689 0.574803,
        -0.292380 0.151213 0.574803,
        -0.292862 0.150880 0.574803,
        -0.450854 0.151744 0.574803,
        -0.449887 0.152960 0.574803,
        -0.445650 0.158035 0.574803,
        -0.451705 0.151006 0.574803,
        -0.452582 0.150540 0.574803,
        -0.453197 0.150361 0.574803,
        -0.444573 0.159831 0.574803,
        -0.287389 0.155770 0.574803,
        -0.291039 0.152372 0.574803,
        -0.280675 0.164528 0.574803,
        -0.280594 0.164285 0.574803,
        -0.280650 0.163515 0.574803,
        -0.281213 0.165451 0.574803,
        -0.460935 0.205344 0.574803,
        -0.459396 0.211713 0.574803,
        -0.292423 0.213715 0.574803,
        -0.289775 0.208887 0.574803,
        -0.287882 0.201528 0.574803,
        -0.339004 0.234319 0.574803,
        -0.317852 0.230091 0.574803,
        -0.285670 0.185509 0.574803,
        -0.284244 0.173052 0.574803,
        -0.283103 0.168790 0.574803,
        -0.461506 0.196541 0.574803,
        -0.460989 0.190264 0.574803,
        -0.456736 0.216830 0.574803,
        -0.452779 0.221379 0.574803,
        -0.446576 0.225801 0.574803,
        -0.456681 0.173345 0.574803,
        -0.459786 0.184083 0.574803,
        -0.303716 0.223609 0.574803,
        -0.296767 0.218560 0.574803,
        -0.436157 0.229981 0.574803,
        -0.412342 0.233987 0.574803,
        -0.363520 0.235928 0.574803,
        0.292490 0.394904 0.574803,
        0.304304 0.394904 0.574803,
        0.292490 0.270718 0.574803,
        0.292490 0.168790 0.574803,
        0.292490 0.142106 0.574803,
        0.304304 0.142106 0.574803,
        0.304304 0.133922 0.574803,
        0.292490 0.133922 0.574803,
        0.304304 0.270718 0.574803,
        0.304304 0.168790 0.574803,
        0.245806 -0.064615 0.574803,
        0.248391 -0.067607 0.574803,
        0.115149 -0.109548 0.574803,
        0.145777 -0.112865 0.574803,
        0.152026 -0.108076 0.574803,
        0.153969 -0.113077 0.574803,
        0.165000 -0.113329 0.574803,
        0.145799 -0.103959 0.574803,
        0.140990 -0.098733 0.574803,
        0.138375 -0.094223 0.574803,
        0.252535 -0.075870 0.574803,
        0.253631 -0.080485 0.574803,
        0.253601 -0.086591 0.574803,
        0.252283 -0.091127 0.574803,
        0.086383 -0.107918 0.574803,
        0.078956 -0.102563 0.574803,
        0.075184 -0.098332 0.574803,
        0.072866 -0.093985 0.574803,
        0.136436 -0.085309 0.574803,
        0.137297 -0.078206 0.574803,
        0.124817 -0.055318 0.574803,
        0.139240 -0.073573 0.574803,
        0.143188 -0.068383 0.574803,
        0.089444 -0.060386 0.574803,
        0.106619 -0.055884 0.574803,
        0.115757 -0.055318 0.574803,
        0.088613 -0.098437 0.574803,
        0.098613 -0.104472 0.574803,
        0.107026 -0.061596 0.574803,
        0.124817 -0.059261 0.574803,
        0.136702 -0.087832 0.574803,
        0.248089 -0.098276 0.574803,
        0.243197 -0.103582 0.574803,
        0.235604 -0.108433 0.574803,
        0.073543 -0.073344 0.574803,
        0.075414 -0.070287 0.574803,
        0.077221 -0.068311 0.574803,
        0.083067 -0.063427 0.574803,
        0.150116 -0.062665 0.574803,
        0.163456 -0.056157 0.574803,
        0.172046 -0.053791 0.574803,
        0.194914 -0.052035 0.574803,
        0.210050 -0.052759 0.574803,
        0.152836 -0.121256 0.574803,
        0.121370 -0.118749 0.574803,
        0.100024 -0.114048 0.574803,
        0.234098 -0.058367 0.574803,
        0.241801 -0.061688 0.574803,
        0.083233 -0.092292 0.574803,
        0.089817 -0.068262 0.574803,
        0.081874 -0.088306 0.574803,
        0.085973 -0.071648 0.574803,
        0.083320 -0.075400 0.574803,
        0.081908 -0.078864 0.574803,
        0.081319 -0.082867 0.574803,
        0.096781 -0.064454 0.574803,
        0.084868 -0.094867 0.574803,
        0.071579 -0.089048 0.574803,
        0.071294 -0.083337 0.574803,
        0.072087 -0.077616 0.574803,
        0.217306 -0.115512 0.574803,
        0.197890 -0.118887 0.574803,
        0.163566 -0.121526 0.574803,
        -0.209005 -0.044688 0.574803,
        0.252936 0.186177 0.574803,
        0.252636 0.185478 0.574803,
        0.252146 0.184828 0.574803,
        0.251511 0.184324 0.574803,
        0.240551 0.256393 0.574803,
        0.241095 0.256366 0.574803,
        0.242444 0.255652 0.574803,
        0.242629 0.255349 0.574803,
        0.079055 0.179446 0.574803,
        0.078889 0.179514 0.574803,
        0.078744 0.179620 0.574803,
        0.078369 0.180247 0.574803,
        0.078275 0.180737 0.574803,
        0.153130 0.194678 0.574803,
        0.150026 0.218461 0.574803,
        0.090841 0.194678 0.574803,
        0.148035 0.228276 0.574803,
        0.142644 0.239979 0.574803,
        0.082620 0.248200 0.574803,
        0.083207 0.243670 0.574803,
        0.069617 0.241405 0.574803,
        0.078089 0.249584 0.574803,
        0.155276 0.248388 0.574803,
        0.155522 0.247935 0.574803,
        0.229555 0.247319 0.574803,
        0.154788 0.248948 0.574803,
        0.241657 0.256197 0.574803,
        0.242198 0.255889 0.574803,
        0.253067 0.186899 0.574803,
        0.253005 0.188337 0.574803,
        0.084093 0.237006 0.574803,
        0.084885 0.230331 0.574803,
        0.144070 0.237420 0.574803,
        0.145802 0.234563 0.574803,
        0.080223 0.250655 0.574803,
        0.080643 0.250717 0.574803,
        0.078570 0.179826 0.574803,
        0.078546 0.179864 0.574803,
        0.238363 0.255247 0.574803,
        0.239379 0.256019 0.574803,
        0.239971 0.256286 0.574803,
        0.081013 0.250685 0.574803,
        0.081350 0.250575 0.574803,
        0.081666 0.250376 0.574803,
        0.082063 0.249965 0.574803,
        0.153453 0.249461 0.574803,
        0.082390 0.249461 0.574803,
        0.082549 0.248996 0.574803,
        0.163029 0.194678 0.574803,
        0.239748 0.194678 0.574803,
        0.233833 0.236875 0.574803,
        0.249101 0.206548 0.574803,
        0.251367 0.193545 0.574803,
        0.252537 0.190361 0.574803,
        0.250681 0.183952 0.574803,
        0.249588 0.183753 0.574803,
        0.247424 0.183898 0.574803,
        0.082265 0.179804 0.574803,
        0.081154 0.179503 0.574803,
        0.080429 0.179469 0.574803,
        0.078312 0.181491 0.574803,
        0.078383 0.181926 0.574803,
        0.079222 0.187295 0.574803,
        0.079028 0.250135 0.574803,
        0.079709 0.250472 0.574803,
        0.153933 0.249403 0.574803,
        0.154395 0.249226 0.574803,
        0.151667 0.248806 0.574803,
        0.152320 0.249181 0.574803,
        0.152936 0.249398 0.574803,
        0.155648 0.247439 0.574803,
        0.155689 0.246774 0.574803,
        0.230981 0.244802 0.574803,
        0.232771 0.240968 0.574803,
        0.242780 0.254902 0.574803,
        0.242891 0.253773 0.574803,
        0.242893 0.253569 0.574803,
        0.079860 0.179449 0.574803,
        0.079270 0.179415 0.574803,
        0.079814 0.192107 0.574803,
        0.079809 0.196943 0.574803,
        0.079809 0.197781 0.574803,
        0.076957 0.219887 0.574803,
        0.074987 0.229638 0.574803,
        0.243145 0.249333 0.574803,
        0.245777 0.227893 0.574803,
        0.087330 0.183458 0.574803,
        0.085064 0.181600 0.574803,
        0.083507 0.180450 0.574803,
        0.079673 0.203325 0.574803,
        0.078928 0.208813 0.574803,
        0.072167 0.237398 0.574803,
        0.071294 0.238846 0.574803,
        0.150865 0.248200 0.574803,
        0.240287 0.185722 0.574803,
        0.232952 0.186456 0.574803,
        0.227583 0.186456 0.574803,
        0.090841 0.186456 0.574803,
        0.220494 0.186750 0.574803,
        0.224039 0.186629 0.574803,
        -0.191178 0.133287 0.570866,
        -0.215255 0.142348 0.570866,
        -0.214281 0.130014 0.570866,
        -0.213283 0.117683 0.570866,
        -0.211857 0.109211 0.570866,
        -0.210606 0.104526 0.570866,
        -0.209298 0.099857 0.570866,
        -0.208166 0.097046 0.570866,
        -0.218652 0.089957 0.570866,
        -0.220588 0.088785 0.570866,
        -0.220945 0.088626 0.570866,
        -0.221351 0.088495 0.570866,
        -0.221528 0.088488 0.570866,
        -0.221681 0.088517 0.570866,
        -0.221819 0.088576 0.570866,
        -0.221915 0.088648 0.570866,
        -0.221976 0.088724 0.570866,
        -0.222019 0.088814 0.570866,
        -0.222049 0.088958 0.570866,
        -0.222043 0.089198 0.570866,
        -0.221894 0.089748 0.570866,
        -0.221470 0.090572 0.570866,
        -0.220890 0.091762 0.570866,
        -0.220692 0.093122 0.570866,
        -0.220917 0.096165 0.570866,
        -0.221211 0.105226 0.570866,
        -0.225447 0.140921 0.570866,
        -0.228006 0.143731 0.570866,
        -0.230271 0.145997 0.570866,
        -0.228140 0.147705 0.570866,
        -0.225993 0.149394 0.570866,
        -0.219198 0.154805 0.570866,
        -0.217591 0.155858 0.570866,
        -0.217152 0.156022 0.570866,
        -0.216810 0.156079 0.570866,
        -0.216516 0.156056 0.570866,
        -0.216245 0.155964 0.570866,
        -0.215764 0.155671 0.570866,
        -0.214710 0.154635 0.570866,
        -0.213283 0.152792 0.570866,
        -0.210724 0.149688 0.570866,
        -0.192616 0.142365 0.570866,
        -0.174777 0.134420 0.570866,
        -0.158628 0.125905 0.570866,
        -0.159048 0.131626 0.570866,
        -0.158626 0.134895 0.570866,
        -0.157156 0.138652 0.570866,
        -0.154826 0.142043 0.570866,
        -0.151492 0.145291 0.570866,
        -0.144265 0.149939 0.570866,
        -0.127912 0.155940 0.570866,
        -0.104487 0.158167 0.570866,
        -0.102547 0.158203 0.570866,
        -0.080130 0.155835 0.570866,
        -0.064319 0.150706 0.570866,
        -0.056660 0.146253 0.570866,
        -0.051434 0.141286 0.570866,
        -0.048419 0.137065 0.570866,
        -0.046676 0.132518 0.570866,
        -0.045669 0.124227 0.570866,
        -0.045987 0.116973 0.570866,
        -0.047338 0.111632 0.570866,
        -0.049577 0.107383 0.570866,
        -0.053909 0.102574 0.570866,
        -0.061605 0.097177 0.570866,
        -0.070396 0.093707 0.570866,
        -0.086711 0.091216 0.570866,
        -0.089544 0.091090 0.570866,
        -0.100576 0.090796 0.570866,
        -0.100576 0.093900 0.570866,
        -0.080768 0.097105 0.570866,
        -0.071402 0.100158 0.570866,
        -0.065311 0.103751 0.570866,
        -0.061061 0.107777 0.570866,
        -0.058226 0.112169 0.570866,
        -0.056580 0.117099 0.570866,
        -0.056113 0.123640 0.570866,
        -0.057100 0.129833 0.570866,
        -0.059110 0.134517 0.570866,
        -0.062426 0.138898 0.570866,
        -0.066515 0.142189 0.570866,
        -0.074311 0.145793 0.570866,
        -0.091746 0.149464 0.570866,
        -0.115613 0.149672 0.570866,
        -0.117857 0.149394 0.570866,
        -0.133801 0.145487 0.570866,
        -0.141631 0.141578 0.570866,
        -0.146260 0.137733 0.570866,
        -0.148605 0.134769 0.570866,
        -0.149735 0.132552 0.570866,
        -0.150174 0.130856 0.570866,
        -0.150167 0.129017 0.570866,
        -0.150113 0.128463 0.570866,
        -0.149568 0.123933 0.570866,
        -0.145877 0.121962 0.570866,
        -0.142620 0.119877 0.570866,
        -0.142539 0.119788 0.570866,
        -0.142496 0.119712 0.570866,
        -0.142478 0.119647 0.570866,
        -0.142475 0.119574 0.570866,
        -0.142497 0.119464 0.570866,
        -0.142513 0.119420 0.570866,
        -0.142604 0.119256 0.570866,
        -0.142764 0.119086 0.570866,
        -0.143365 0.118694 0.570866,
        -0.144374 0.118157 0.570866,
        -0.145331 0.117683 0.570866,
        -0.154098 0.113154 0.570866,
        -0.155000 0.112628 0.570866,
        -0.155476 0.112468 0.570866,
        -0.155929 0.112432 0.570866,
        -0.156908 0.112608 0.570866,
        -0.157789 0.114873 0.570866,
        -0.159174 0.118564 0.570866,
        -0.175054 0.126193 0.570866,
        -0.182753 0.129689 0.570866,
        0.237231 -0.304348 0.570866,
        0.238363 -0.323014 0.570866,
        0.235478 -0.283009 0.570866,
        0.233881 -0.272854 0.570866,
        0.232538 -0.266138 0.570866,
        0.230981 -0.262151 0.570866,
        0.229555 -0.259593 0.570866,
        0.238070 -0.252252 0.570866,
        0.238785 -0.251653 0.570866,
        0.239371 -0.251282 0.570866,
        0.239947 -0.251063 0.570866,
        0.240437 -0.250992 0.570866,
        0.240889 -0.251036 0.570866,
        0.241392 -0.251199 0.570866,
        0.241614 -0.251320 0.570866,
        0.241723 -0.251418 0.570866,
        0.241807 -0.251546 0.570866,
        0.241881 -0.251760 0.570866,
        0.241940 -0.252139 0.570866,
        0.242013 -0.253385 0.570866,
        0.242306 -0.257915 0.570866,
        0.243732 -0.278594 0.570866,
        0.244772 -0.294744 0.570866,
        0.246291 -0.310850 0.570866,
        0.248263 -0.322469 0.570866,
        0.254470 -0.327293 0.570866,
        0.237776 -0.335766 0.570866,
        0.235511 -0.329809 0.570866,
        0.101579 -0.274064 0.570866,
        0.095096 -0.271599 0.570866,
        0.088576 -0.269240 0.570866,
        0.085724 -0.268653 0.570866,
        0.086521 -0.273317 0.570866,
        0.087150 -0.278007 0.570866,
        0.089121 -0.300364 0.570866,
        0.089708 -0.306320 0.570866,
        0.090508 -0.314158 0.570866,
        0.091973 -0.321882 0.570866,
        0.093106 -0.325280 0.570866,
        0.085472 -0.332662 0.570866,
        0.084786 -0.333390 0.570866,
        0.084300 -0.333847 0.570866,
        0.083937 -0.334137 0.570866,
        0.083675 -0.334301 0.570866,
        0.083460 -0.334381 0.570866,
        0.083239 -0.334406 0.570866,
        0.083017 -0.334376 0.570866,
        0.082759 -0.334271 0.570866,
        0.082233 -0.333956 0.570866,
        0.082038 -0.333800 0.570866,
        0.081894 -0.333605 0.570866,
        0.081506 -0.332710 0.570866,
        0.081487 -0.332662 0.570866,
        0.081893 -0.329124 0.570866,
        0.081781 -0.325573 0.570866,
        0.081487 -0.321630 0.570866,
        0.081193 -0.314248 0.570866,
        0.080354 -0.303761 0.570866,
        0.079344 -0.292864 0.570866,
        0.078089 -0.281992 0.570866,
        0.076663 -0.269534 0.570866,
        0.067351 -0.264123 0.570866,
        0.081781 -0.252252 0.570866,
        0.090254 -0.261606 0.570866,
        0.073853 -0.154477 0.570866,
        0.073853 -0.158714 0.570866,
        0.149439 -0.154477 0.570866,
        0.149439 -0.159846 0.570866,
        0.119234 -0.160872 0.570866,
        0.100237 -0.164533 0.570866,
        0.090750 -0.168706 0.570866,
        0.086296 -0.172072 0.570866,
        0.083051 -0.176069 0.570866,
        0.081168 -0.179971 0.570866,
        0.080061 -0.184762 0.570866,
        0.080422 -0.190650 0.570866,
        0.082122 -0.195718 0.570866,
        0.085108 -0.200514 0.570866,
        0.089639 -0.205084 0.570866,
        0.097765 -0.210219 0.570866,
        0.117524 -0.216889 0.570866,
        0.127207 -0.218612 0.570866,
        0.163697 -0.220694 0.570866,
        0.176074 -0.220164 0.570866,
        0.209333 -0.215064 0.570866,
        0.224877 -0.210389 0.570866,
        0.233785 -0.205230 0.570866,
        0.238222 -0.201452 0.570866,
        0.241569 -0.197411 0.570866,
        0.243412 -0.193838 0.570866,
        0.244376 -0.189610 0.570866,
        0.244571 -0.187027 0.570866,
        0.198976 -0.156197 0.570866,
        0.226411 -0.161624 0.570866,
        0.233697 -0.165388 0.570866,
        0.238366 -0.169541 0.570866,
        0.241830 -0.174561 0.570866,
        0.244083 -0.180697 0.570866,
        0.207605 -0.157472 0.570866,
        0.184002 -0.154771 0.570866,
        0.184254 -0.150241 0.570866,
        0.209037 -0.151448 0.570866,
        0.226580 -0.154204 0.570866,
        0.236891 -0.158350 0.570866,
        0.243969 -0.163015 0.570866,
        0.248506 -0.167933 0.570866,
        0.251896 -0.174002 0.570866,
        0.253552 -0.179620 0.570866,
        0.253925 -0.183084 0.570866,
        0.253510 -0.191134 0.570866,
        0.251037 -0.198514 0.570866,
        0.247006 -0.205017 0.570866,
        0.241617 -0.209924 0.570866,
        0.229701 -0.216670 0.570866,
        0.204624 -0.224313 0.570866,
        0.200780 -0.225009 0.570866,
        0.161927 -0.228337 0.570866,
        0.132157 -0.226665 0.570866,
        0.107245 -0.221709 0.570866,
        0.090959 -0.215470 0.570866,
        0.082643 -0.210047 0.570866,
        0.076288 -0.203209 0.570866,
        0.072341 -0.196880 0.570866,
        0.071114 -0.193326 0.570866,
        0.070723 -0.188428 0.570866,
        0.070749 -0.187027 0.570866,
        0.072874 -0.178779 0.570866,
        0.076409 -0.172328 0.570866,
        0.081860 -0.166330 0.570866,
        0.086017 -0.163244 0.570866,
        0.090547 -0.160727 0.570866,
        0.150116 -0.062665 0.570866,
        0.152971 -0.071587 0.570866,
        0.159917 -0.066826 0.570866,
        0.248089 -0.098276 0.570866,
        0.252283 -0.091127 0.570866,
        0.242891 -0.087915 0.570866,
        0.253601 -0.086591 0.570866,
        0.243145 -0.083044 0.570866,
        0.253631 -0.080485 0.570866,
        0.242383 -0.078733 0.570866,
        0.252535 -0.075870 0.570866,
        0.240599 -0.074980 0.570866,
        0.248391 -0.067607 0.570866,
        0.236813 -0.070333 0.570866,
        0.083320 -0.075400 0.570866,
        0.073543 -0.073344 0.570866,
        0.081908 -0.078864 0.570866,
        0.072087 -0.077616 0.570866,
        0.081319 -0.082867 0.570866,
        0.071294 -0.083337 0.570866,
        0.081874 -0.088306 0.570866,
        0.146880 -0.085015 0.570866,
        0.136702 -0.087832 0.570866,
        0.148095 -0.089937 0.570866,
        0.138375 -0.094223 0.570866,
        0.150469 -0.094190 0.570866,
        0.107026 -0.061596 0.570866,
        0.124817 -0.059261 0.570866,
        0.124817 -0.055318 0.570866,
        0.115757 -0.055318 0.570866,
        0.106619 -0.055884 0.570866,
        0.096781 -0.064454 0.570866,
        0.089444 -0.060386 0.570866,
        0.089817 -0.068262 0.570866,
        0.083067 -0.063427 0.570866,
        0.085973 -0.071648 0.570866,
        0.077221 -0.068311 0.570866,
        0.075414 -0.070287 0.570866,
        0.140990 -0.098733 0.570866,
        0.145799 -0.103959 0.570866,
        0.155337 -0.099437 0.570866,
        0.152026 -0.108076 0.570866,
        0.161583 -0.103627 0.570866,
        0.149823 -0.075129 0.570866,
        0.143188 -0.068383 0.570866,
        0.147928 -0.078662 0.570866,
        0.139240 -0.073573 0.570866,
        0.147050 -0.081894 0.570866,
        0.137297 -0.078206 0.570866,
        0.136436 -0.085309 0.570866,
        0.245806 -0.064615 0.570866,
        0.241801 -0.061688 0.570866,
        0.231432 -0.066208 0.570866,
        0.234098 -0.058367 0.570866,
        0.225124 -0.063410 0.570866,
        0.172825 -0.107396 0.570866,
        0.165000 -0.113329 0.570866,
        0.193053 -0.109653 0.570866,
        0.212457 -0.060785 0.570866,
        0.210050 -0.052759 0.570866,
        0.187070 -0.059583 0.570866,
        0.194914 -0.052035 0.570866,
        0.174061 -0.061232 0.570866,
        0.172046 -0.053791 0.570866,
        0.163456 -0.056157 0.570866,
        0.241781 -0.091257 0.570866,
        0.239875 -0.094309 0.570866,
        0.243197 -0.103582 0.570866,
        0.236206 -0.097924 0.570866,
        0.235604 -0.108433 0.570866,
        0.229401 -0.102228 0.570866,
        0.217306 -0.115512 0.570866,
        0.216416 -0.106888 0.570866,
        0.197890 -0.118887 0.570866,
        0.194740 -0.109679 0.570866,
        0.163566 -0.121526 0.570866,
        0.153969 -0.113077 0.570866,
        0.152836 -0.121256 0.570866,
        0.145777 -0.112865 0.570866,
        0.121370 -0.118749 0.570866,
        0.115149 -0.109548 0.570866,
        0.100024 -0.114048 0.570866,
        0.098613 -0.104472 0.570866,
        0.086383 -0.107918 0.570866,
        0.088613 -0.098437 0.570866,
        0.078956 -0.102563 0.570866,
        0.084868 -0.094867 0.570866,
        0.075184 -0.098332 0.570866,
        0.083233 -0.092292 0.570866,
        0.072866 -0.093985 0.570866,
        0.071579 -0.089048 0.570866,
        0.243145 -0.083044 0.574803,
        0.242383 -0.078733 0.574803,
        0.240599 -0.074980 0.574803,
        0.236813 -0.070333 0.574803,
        0.231432 -0.066208 0.574803,
        0.225124 -0.063410 0.574803,
        0.212457 -0.060785 0.574803,
        0.187070 -0.059583 0.574803,
        0.174061 -0.061232 0.574803,
        0.159917 -0.066826 0.574803,
        0.152971 -0.071587 0.574803,
        0.149823 -0.075129 0.574803,
        0.147928 -0.078662 0.574803,
        0.147050 -0.081894 0.574803,
        0.146880 -0.085015 0.574803,
        0.148095 -0.089937 0.574803,
        0.150469 -0.094190 0.574803,
        0.155337 -0.099437 0.574803,
        0.161583 -0.103627 0.574803,
        0.172825 -0.107396 0.574803,
        0.193053 -0.109653 0.574803,
        0.194740 -0.109679 0.574803,
        0.216416 -0.106888 0.574803,
        0.229401 -0.102228 0.574803,
        0.236206 -0.097924 0.574803,
        0.239875 -0.094309 0.574803,
        0.241781 -0.091257 0.574803,
        0.242891 -0.087915 0.574803,
        0.104138 0.022911 0.570866,
        0.089340 0.031356 0.570866,
        0.081860 0.034651 0.570866,
        0.076602 0.036097 0.570866,
        0.073266 0.036794 0.570866,
        0.066470 0.038220 0.570866,
        0.066470 0.041912 0.570866,
        0.091680 0.044177 0.570866,
        0.106990 0.029454 0.570866,
        0.098628 0.036109 0.570866,
        0.138952 0.009320 0.570866,
        0.221082 0.037088 0.570866,
        0.236870 0.043878 0.570866,
        0.240764 0.046165 0.570866,
        0.243110 0.048530 0.570866,
        0.245707 0.052666 0.570866,
        0.247130 0.056887 0.570866,
        0.248263 0.061165 0.570866,
        0.253086 0.061165 0.570866,
        0.253086 0.037088 0.570866,
        0.238841 0.034400 0.570866,
        0.225025 0.029999 0.570866,
        0.146880 0.003657 0.570866,
        0.180604 -0.018700 0.570866,
        0.229555 -0.018700 0.570866,
        0.249940 -0.019538 0.570866,
        0.257196 -0.020032 0.570866,
        0.258874 -0.020267 0.570866,
        0.260152 -0.020484 0.570866,
        0.262634 -0.021138 0.570866,
        0.262975 -0.021254 0.570866,
        0.263405 -0.021426 0.570866,
        0.263637 -0.021542 0.570866,
        0.263761 -0.021633 0.570866,
        0.263823 -0.021704 0.570866,
        0.263854 -0.021761 0.570866,
        0.263869 -0.021819 0.570866,
        0.263869 -0.021902 0.570866,
        0.263824 -0.022097 0.570866,
        0.263744 -0.022463 0.570866,
        0.263619 -0.022713 0.570866,
        0.263338 -0.023045 0.570866,
        0.262732 -0.023504 0.570866,
        0.262259 -0.023769 0.570866,
        0.258579 -0.025223 0.570866,
        0.257029 -0.025494 0.570866,
        0.246836 -0.028053 0.570866,
        0.241511 -0.029480 0.570866,
        0.240071 -0.029830 0.570866,
        0.239217 -0.030015 0.570866,
        0.238808 -0.030009 0.570866,
        0.238024 -0.029787 0.570866,
        0.234488 -0.028381 0.570866,
        0.231650 -0.027522 0.570866,
        0.217224 -0.026109 0.570866,
        0.213586 -0.026063 0.570866,
        0.207491 -0.026040 0.570866,
        0.097049 -0.026040 0.570866,
        0.082804 -0.026479 0.570866,
        0.075996 -0.027113 0.570866,
        0.068735 -0.028598 0.570866,
        0.064206 -0.029731 0.570866,
        0.061395 -0.027172 0.570866,
        0.078089 -0.015595 0.570866,
        0.089414 -0.018118 0.570866,
        0.101033 -0.018700 0.570866,
        0.166427 -0.018700 0.570866,
        0.150026 0.218461 0.570866,
        0.153130 0.194678 0.570866,
        0.148035 0.228276 0.570866,
        0.145802 0.234563 0.570866,
        0.144070 0.237420 0.570866,
        0.142644 0.239979 0.570866,
        0.150865 0.248200 0.570866,
        0.151667 0.248806 0.570866,
        0.152320 0.249181 0.570866,
        0.152936 0.249398 0.570866,
        0.153453 0.249461 0.570866,
        0.153933 0.249403 0.570866,
        0.154395 0.249226 0.570866,
        0.154788 0.248948 0.570866,
        0.155276 0.248388 0.570866,
        0.155522 0.247935 0.570866,
        0.155648 0.247439 0.570866,
        0.155689 0.246774 0.570866,
        0.163029 0.194678 0.570866,
        0.239748 0.194678 0.570866,
        0.233833 0.236875 0.570866,
        0.232771 0.240968 0.570866,
        0.230981 0.244802 0.570866,
        0.229555 0.247319 0.570866,
        0.238363 0.255247 0.570866,
        0.239379 0.256019 0.570866,
        0.239971 0.256286 0.570866,
        0.240551 0.256393 0.570866,
        0.241095 0.256366 0.570866,
        0.241657 0.256197 0.570866,
        0.242198 0.255889 0.570866,
        0.242444 0.255652 0.570866,
        0.242629 0.255349 0.570866,
        0.242780 0.254902 0.570866,
        0.242891 0.253773 0.570866,
        0.242893 0.253569 0.570866,
        0.243145 0.249333 0.570866,
        0.245777 0.227893 0.570866,
        0.249101 0.206548 0.570866,
        0.251367 0.193545 0.570866,
        0.252537 0.190361 0.570866,
        0.253005 0.188337 0.570866,
        0.253067 0.186899 0.570866,
        0.252936 0.186177 0.570866,
        0.252636 0.185478 0.570866,
        0.252146 0.184828 0.570866,
        0.251511 0.184324 0.570866,
        0.250681 0.183952 0.570866,
        0.249588 0.183753 0.570866,
        0.247424 0.183898 0.570866,
        0.240287 0.185722 0.570866,
        0.232952 0.186456 0.570866,
        0.227583 0.186456 0.570866,
        0.224039 0.186629 0.570866,
        0.220494 0.186750 0.570866,
        0.090841 0.186456 0.570866,
        0.087330 0.183458 0.570866,
        0.085064 0.181600 0.570866,
        0.083507 0.180450 0.570866,
        0.082265 0.179804 0.570866,
        0.081154 0.179503 0.570866,
        0.080429 0.179469 0.570866,
        0.079860 0.179449 0.570866,
        0.079270 0.179415 0.570866,
        0.079055 0.179446 0.570866,
        0.078889 0.179514 0.570866,
        0.078744 0.179620 0.570866,
        0.078570 0.179826 0.570866,
        0.078546 0.179864 0.570866,
        0.078369 0.180247 0.570866,
        0.078275 0.180737 0.570866,
        0.078312 0.181491 0.570866,
        0.078383 0.181926 0.570866,
        0.079222 0.187295 0.570866,
        0.079814 0.192107 0.570866,
        0.079809 0.196943 0.570866,
        0.079809 0.197781 0.570866,
        0.079673 0.203325 0.570866,
        0.078928 0.208813 0.570866,
        0.076957 0.219887 0.570866,
        0.074987 0.229638 0.570866,
        0.072167 0.237398 0.570866,
        0.071294 0.238846 0.570866,
        0.069617 0.241405 0.570866,
        0.078089 0.249584 0.570866,
        0.079028 0.250135 0.570866,
        0.079709 0.250472 0.570866,
        0.080223 0.250655 0.570866,
        0.080643 0.250717 0.570866,
        0.081013 0.250685 0.570866,
        0.081350 0.250575 0.570866,
        0.081666 0.250376 0.570866,
        0.082063 0.249965 0.570866,
        0.082390 0.249461 0.570866,
        0.082549 0.248996 0.570866,
        0.082620 0.248200 0.570866,
        0.083207 0.243670 0.570866,
        0.084093 0.237006 0.570866,
        0.084885 0.230331 0.570866,
        0.090841 0.194678 0.570866,
        0.083752 0.338886 0.570866,
        0.107829 0.329826 0.570866,
        0.084726 0.326553 0.570866,
        0.085724 0.314222 0.570866,
        0.087150 0.305749 0.570866,
        0.088401 0.301065 0.570866,
        0.089708 0.296395 0.570866,
        0.090841 0.293585 0.570866,
        0.080354 0.286496 0.570866,
        0.078419 0.285324 0.570866,
        0.078061 0.285165 0.570866,
        0.077656 0.285033 0.570866,
        0.077478 0.285026 0.570866,
        0.077326 0.285056 0.570866,
        0.077188 0.285115 0.570866,
        0.077091 0.285187 0.570866,
        0.077031 0.285262 0.570866,
        0.076988 0.285352 0.570866,
        0.076957 0.285497 0.570866,
        0.076964 0.285737 0.570866,
        0.077113 0.286287 0.570866,
        0.077537 0.287111 0.570866,
        0.078117 0.288301 0.570866,
        0.078315 0.289661 0.570866,
        0.078089 0.292704 0.570866,
        0.077796 0.301765 0.570866,
        0.073559 0.337460 0.570866,
        0.071001 0.340270 0.570866,
        0.068735 0.342535 0.570866,
        0.070867 0.344244 0.570866,
        0.073014 0.345933 0.570866,
        0.079809 0.351344 0.570866,
        0.081416 0.352397 0.570866,
        0.081855 0.352561 0.570866,
        0.082197 0.352618 0.570866,
        0.082491 0.352595 0.570866,
        0.082762 0.352503 0.570866,
        0.083243 0.352210 0.570866,
        0.084297 0.351174 0.570866,
        0.085724 0.349331 0.570866,
        0.088282 0.346227 0.570866,
        0.106391 0.338904 0.570866,
        0.124230 0.330959 0.570866,
        0.140379 0.322444 0.570866,
        0.139959 0.328165 0.570866,
        0.140381 0.331433 0.570866,
        0.141851 0.335190 0.570866,
        0.144181 0.338582 0.570866,
        0.147515 0.341830 0.570866,
        0.154742 0.346478 0.570866,
        0.171095 0.352479 0.570866,
        0.194520 0.354705 0.570866,
        0.196460 0.354742 0.570866,
        0.218877 0.352374 0.570866,
        0.234688 0.347245 0.570866,
        0.242347 0.342792 0.570866,
        0.247573 0.337824 0.570866,
        0.250588 0.333604 0.570866,
        0.252331 0.329057 0.570866,
        0.253338 0.320766 0.570866,
        0.253020 0.313512 0.570866,
        0.251669 0.308171 0.570866,
        0.249430 0.303922 0.570866,
        0.245097 0.299113 0.570866,
        0.237402 0.293716 0.570866,
        0.228611 0.290246 0.570866,
        0.212296 0.287755 0.570866,
        0.209463 0.287629 0.570866,
        0.198431 0.287335 0.570866,
        0.198431 0.290439 0.570866,
        0.218239 0.293644 0.570866,
        0.227605 0.296696 0.570866,
        0.233696 0.300290 0.570866,
        0.237945 0.304316 0.570866,
        0.240781 0.308708 0.570866,
        0.242427 0.313638 0.570866,
        0.242893 0.320179 0.570866,
        0.241907 0.326372 0.570866,
        0.239897 0.331055 0.570866,
        0.236581 0.335437 0.570866,
        0.232491 0.338728 0.570866,
        0.224695 0.342331 0.570866,
        0.207261 0.346003 0.570866,
        0.183393 0.346211 0.570866,
        0.181150 0.345933 0.570866,
        0.165206 0.342026 0.570866,
        0.157376 0.338117 0.570866,
        0.152747 0.334272 0.570866,
        0.150402 0.331308 0.570866,
        0.149271 0.329091 0.570866,
        0.148833 0.327395 0.570866,
        0.148839 0.325556 0.570866,
        0.148893 0.325002 0.570866,
        0.149439 0.320472 0.570866,
        0.153130 0.318501 0.570866,
        0.156387 0.316416 0.570866,
        0.156467 0.316327 0.570866,
        0.156511 0.316251 0.570866,
        0.156529 0.316186 0.570866,
        0.156531 0.316113 0.570866,
        0.156509 0.316003 0.570866,
        0.156494 0.315959 0.570866,
        0.156402 0.315795 0.570866,
        0.156243 0.315624 0.570866,
        0.155642 0.315233 0.570866,
        0.154633 0.314696 0.570866,
        0.153675 0.314222 0.570866,
        0.144909 0.309692 0.570866,
        0.144006 0.309167 0.570866,
        0.143531 0.309007 0.570866,
        0.143078 0.308971 0.570866,
        0.142098 0.309147 0.570866,
        0.141217 0.311412 0.570866,
        0.139833 0.315103 0.570866,
        0.123953 0.322731 0.570866,
        0.116254 0.326228 0.570866,
        -0.446783 -0.233023 0.570866,
        -0.447328 -0.219433 0.570866,
        -0.446666 -0.235583 0.570866,
        -0.446195 -0.238098 0.570866,
        -0.445063 -0.240951 0.570866,
        -0.444935 -0.241793 0.570866,
        -0.445063 -0.242629 0.570866,
        -0.445593 -0.243499 0.570866,
        -0.447784 -0.245476 0.570866,
        -0.449341 -0.246613 0.570866,
        -0.456136 -0.252528 0.570866,
        -0.457394 -0.253359 0.570866,
        -0.457530 -0.253402 0.570866,
        -0.457644 -0.253412 0.570866,
        -0.457750 -0.253396 0.570866,
        -0.457880 -0.253343 0.570866,
        -0.458035 -0.253230 0.570866,
        -0.458161 -0.253084 0.570866,
        -0.458301 -0.252818 0.570866,
        -0.458402 -0.252528 0.570866,
        -0.457814 -0.246865 0.570866,
        -0.457269 -0.236966 0.570866,
        -0.456596 -0.225083 0.570866,
        -0.456681 -0.213183 0.570866,
        -0.457269 -0.187974 0.570866,
        -0.465742 -0.182059 0.570866,
        -0.451313 -0.172118 0.570866,
        -0.445063 -0.178913 0.570866,
        -0.401498 -0.197209 0.570866,
        -0.374770 -0.205501 0.570866,
        -0.327109 -0.215552 0.570866,
        -0.325212 -0.215806 0.570866,
        -0.291626 -0.217713 0.570866,
        -0.279462 -0.217713 0.570866,
        -0.278329 -0.219684 0.570866,
        -0.298421 -0.228744 0.570866,
        -0.300522 -0.228113 0.570866,
        -0.302657 -0.227612 0.570866,
        -0.310585 -0.225347 0.570866,
        -0.355971 -0.217941 0.570866,
        -0.387426 -0.209709 0.570866,
        -0.405718 -0.203577 0.570866,
        -0.430927 -0.193385 0.570866,
        -0.447328 -0.186589 0.570866,
        -0.447454 -0.203012 0.570866,
        -0.451313 -0.093890 0.570866,
        -0.427236 -0.102950 0.570866,
        -0.450339 -0.106223 0.570866,
        -0.449341 -0.118554 0.570866,
        -0.447915 -0.127027 0.570866,
        -0.446664 -0.131711 0.570866,
        -0.445356 -0.136381 0.570866,
        -0.444224 -0.139191 0.570866,
        -0.454710 -0.146280 0.570866,
        -0.456646 -0.147452 0.570866,
        -0.457004 -0.147611 0.570866,
        -0.457409 -0.147743 0.570866,
        -0.457586 -0.147750 0.570866,
        -0.457739 -0.147720 0.570866,
        -0.457876 -0.147661 0.570866,
        -0.457973 -0.147589 0.570866,
        -0.458033 -0.147514 0.570866,
        -0.458076 -0.147424 0.570866,
        -0.458107 -0.147279 0.570866,
        -0.458100 -0.147039 0.570866,
        -0.457952 -0.146489 0.570866,
        -0.457528 -0.145665 0.570866,
        -0.456948 -0.144475 0.570866,
        -0.456750 -0.143115 0.570866,
        -0.456975 -0.140072 0.570866,
        -0.457269 -0.131011 0.570866,
        -0.461506 -0.095316 0.570866,
        -0.464064 -0.092506 0.570866,
        -0.466329 -0.090241 0.570866,
        -0.464198 -0.088532 0.570866,
        -0.462051 -0.086843 0.570866,
        -0.455256 -0.081432 0.570866,
        -0.453649 -0.080379 0.570866,
        -0.453209 -0.080215 0.570866,
        -0.452868 -0.080158 0.570866,
        -0.452574 -0.080181 0.570866,
        -0.452303 -0.080273 0.570866,
        -0.451822 -0.080566 0.570866,
        -0.450768 -0.081602 0.570866,
        -0.449341 -0.083445 0.570866,
        -0.446783 -0.086549 0.570866,
        -0.428674 -0.093872 0.570866,
        -0.410835 -0.101817 0.570866,
        -0.394686 -0.110332 0.570866,
        -0.395106 -0.104611 0.570866,
        -0.394684 -0.101343 0.570866,
        -0.393213 -0.097586 0.570866,
        -0.390884 -0.094194 0.570866,
        -0.387550 -0.090946 0.570866,
        -0.380323 -0.086298 0.570866,
        -0.363970 -0.080297 0.570866,
        -0.340545 -0.078071 0.570866,
        -0.338605 -0.078034 0.570866,
        -0.316188 -0.080402 0.570866,
        -0.300377 -0.085531 0.570866,
        -0.292718 -0.089984 0.570866,
        -0.287492 -0.094952 0.570866,
        -0.284477 -0.099172 0.570866,
        -0.282734 -0.103719 0.570866,
        -0.281727 -0.112010 0.570866,
        -0.282044 -0.119264 0.570866,
        -0.283396 -0.124605 0.570866,
        -0.285635 -0.128854 0.570866,
        -0.289967 -0.133663 0.570866,
        -0.297663 -0.139061 0.570866,
        -0.306454 -0.142530 0.570866,
        -0.322769 -0.145021 0.570866,
        -0.325602 -0.145147 0.570866,
        -0.336633 -0.145441 0.570866,
        -0.336633 -0.142337 0.570866,
        -0.307460 -0.136080 0.570866,
        -0.316826 -0.139132 0.570866,
        -0.301369 -0.132486 0.570866,
        -0.297120 -0.128460 0.570866,
        -0.294283 -0.124068 0.570866,
        -0.292638 -0.119139 0.570866,
        -0.292171 -0.112598 0.570866,
        -0.293158 -0.106404 0.570866,
        -0.295168 -0.101721 0.570866,
        -0.298484 -0.097339 0.570866,
        -0.302573 -0.094049 0.570866,
        -0.310370 -0.090444 0.570866,
        -0.327804 -0.086773 0.570866,
        -0.351672 -0.086565 0.570866,
        -0.353915 -0.086843 0.570866,
        -0.369859 -0.090750 0.570866,
        -0.377689 -0.094659 0.570866,
        -0.382318 -0.098504 0.570866,
        -0.384663 -0.101468 0.570866,
        -0.385794 -0.103686 0.570866,
        -0.386232 -0.105381 0.570866,
        -0.386225 -0.107220 0.570866,
        -0.386171 -0.107774 0.570866,
        -0.385626 -0.112304 0.570866,
        -0.381935 -0.114275 0.570866,
        -0.378678 -0.116360 0.570866,
        -0.378597 -0.116449 0.570866,
        -0.378554 -0.116525 0.570866,
        -0.378536 -0.116590 0.570866,
        -0.378533 -0.116663 0.570866,
        -0.378556 -0.116774 0.570866,
        -0.378571 -0.116817 0.570866,
        -0.378662 -0.116981 0.570866,
        -0.378822 -0.117152 0.570866,
        -0.379422 -0.117543 0.570866,
        -0.380432 -0.118080 0.570866,
        -0.381389 -0.118554 0.570866,
        -0.390156 -0.123084 0.570866,
        -0.391059 -0.123609 0.570866,
        -0.391533 -0.123769 0.570866,
        -0.391987 -0.123805 0.570866,
        -0.392967 -0.123629 0.570866,
        -0.393847 -0.121364 0.570866,
        -0.395231 -0.117673 0.570866,
        -0.411112 -0.110045 0.570866,
        -0.418811 -0.106549 0.570866,
        -0.451313 0.008122 0.570866,
        -0.427236 -0.000939 0.570866,
        -0.450339 -0.004212 0.570866,
        -0.449341 -0.016542 0.570866,
        -0.447915 -0.025015 0.570866,
        -0.446664 -0.029699 0.570866,
        -0.445356 -0.034369 0.570866,
        -0.444224 -0.037180 0.570866,
        -0.454710 -0.044268 0.570866,
        -0.456646 -0.045441 0.570866,
        -0.457004 -0.045599 0.570866,
        -0.457409 -0.045731 0.570866,
        -0.457586 -0.045738 0.570866,
        -0.457739 -0.045709 0.570866,
        -0.457876 -0.045650 0.570866,
        -0.457973 -0.045577 0.570866,
        -0.458033 -0.045502 0.570866,
        -0.458076 -0.045412 0.570866,
        -0.458107 -0.045267 0.570866,
        -0.458100 -0.045027 0.570866,
        -0.457952 -0.044477 0.570866,
        -0.457528 -0.043654 0.570866,
        -0.456948 -0.042463 0.570866,
        -0.456750 -0.041104 0.570866,
        -0.456975 -0.038060 0.570866,
        -0.457269 -0.029000 0.570866,
        -0.461506 0.006696 0.570866,
        -0.464064 0.009506 0.570866,
        -0.466329 0.011771 0.570866,
        -0.464198 0.013479 0.570866,
        -0.462051 0.015169 0.570866,
        -0.455256 0.020580 0.570866,
        -0.453649 0.021632 0.570866,
        -0.453209 0.021796 0.570866,
        -0.452868 0.021853 0.570866,
        -0.452574 0.021830 0.570866,
        -0.452303 0.021738 0.570866,
        -0.451822 0.021446 0.570866,
        -0.450768 0.020409 0.570866,
        -0.449341 0.018566 0.570866,
        -0.446783 0.015462 0.570866,
        -0.428674 0.008139 0.570866,
        -0.410835 0.000194 0.570866,
        -0.394686 -0.008321 0.570866,
        -0.395106 -0.002600 0.570866,
        -0.394684 0.000669 0.570866,
        -0.393213 0.004426 0.570866,
        -0.390884 0.007818 0.570866,
        -0.387550 0.011066 0.570866,
        -0.380323 0.015714 0.570866,
        -0.363970 0.021715 0.570866,
        -0.340545 0.023941 0.570866,
        -0.338605 0.023977 0.570866,
        -0.316188 0.021610 0.570866,
        -0.300377 0.016480 0.570866,
        -0.292718 0.012028 0.570866,
        -0.287492 0.007060 0.570866,
        -0.284477 0.002839 0.570866,
        -0.282734 -0.001707 0.570866,
        -0.281727 -0.009999 0.570866,
        -0.282044 -0.017253 0.570866,
        -0.289967 -0.031651 0.570866,
        -0.285635 -0.026842 0.570866,
        -0.283396 -0.022593 0.570866,
        -0.297663 -0.037049 0.570866,
        -0.306454 -0.040519 0.570866,
        -0.322769 -0.043009 0.570866,
        -0.325602 -0.043136 0.570866,
        -0.336633 -0.043429 0.570866,
        -0.336633 -0.040325 0.570866,
        -0.316826 -0.037120 0.570866,
        -0.307460 -0.034068 0.570866,
        -0.301369 -0.030474 0.570866,
        -0.297120 -0.026449 0.570866,
        -0.294283 -0.022057 0.570866,
        -0.292638 -0.017127 0.570866,
        -0.292171 -0.010586 0.570866,
        -0.293158 -0.004392 0.570866,
        -0.295168 0.000291 0.570866,
        -0.298484 0.004672 0.570866,
        -0.302573 0.007963 0.570866,
        -0.310370 0.011567 0.570866,
        -0.327804 0.015238 0.570866,
        -0.351672 0.015446 0.570866,
        -0.353915 0.015169 0.570866,
        -0.369859 0.011261 0.570866,
        -0.377689 0.007352 0.570866,
        -0.382318 0.003507 0.570866,
        -0.384663 0.000544 0.570866,
        -0.385794 -0.001674 0.570866,
        -0.386232 -0.003369 0.570866,
        -0.386225 -0.005208 0.570866,
        -0.386171 -0.005762 0.570866,
        -0.385626 -0.010293 0.570866,
        -0.381935 -0.012264 0.570866,
        -0.378678 -0.014348 0.570866,
        -0.378597 -0.014438 0.570866,
        -0.378554 -0.014513 0.570866,
        -0.378536 -0.014579 0.570866,
        -0.378533 -0.014652 0.570866,
        -0.378556 -0.014762 0.570866,
        -0.378571 -0.014806 0.570866,
        -0.378662 -0.014970 0.570866,
        -0.378822 -0.015140 0.570866,
        -0.379422 -0.015531 0.570866,
        -0.380432 -0.016068 0.570866,
        -0.381389 -0.016542 0.570866,
        -0.390156 -0.021072 0.570866,
        -0.391059 -0.021598 0.570866,
        -0.391533 -0.021757 0.570866,
        -0.391987 -0.021794 0.570866,
        -0.392967 -0.021618 0.570866,
        -0.393847 -0.019353 0.570866,
        -0.395231 -0.015661 0.570866,
        -0.411112 -0.008033 0.570866,
        -0.418811 -0.004537 0.570866,
        -0.291626 0.090000 0.570866,
        -0.281396 0.091996 0.570866,
        -0.291860 0.092654 0.570866,
        -0.282064 0.095315 0.570866,
        -0.292857 0.095260 0.570866,
        -0.284362 0.100385 0.570866,
        -0.295784 0.099731 0.570866,
        -0.295310 0.071987 0.570866,
        -0.288416 0.076974 0.570866,
        -0.294081 0.083709 0.570866,
        -0.292572 0.086263 0.570866,
        -0.284803 0.081188 0.570866,
        -0.291863 0.088177 0.570866,
        -0.282309 0.085702 0.570866,
        -0.281433 0.089454 0.570866,
        -0.453578 0.095117 0.570866,
        -0.453295 0.096545 0.570866,
        -0.462631 0.099447 0.570866,
        -0.452503 0.098478 0.570866,
        -0.458641 0.105990 0.570866,
        -0.450544 0.101433 0.570866,
        -0.454302 0.110141 0.570866,
        -0.446794 0.105292 0.570866,
        -0.445894 0.114965 0.570866,
        -0.439654 0.109573 0.570866,
        -0.419431 0.123494 0.570866,
        -0.422406 0.115504 0.570866,
        -0.385736 0.127525 0.570866,
        -0.395231 0.119739 0.570866,
        -0.379691 0.120343 0.570866,
        -0.463770 0.095410 0.570866,
        -0.463535 0.091930 0.570866,
        -0.453023 0.091828 0.570866,
        -0.462238 0.087849 0.570866,
        -0.450753 0.087026 0.570866,
        -0.459755 0.083414 0.570866,
        -0.448226 0.084026 0.570866,
        -0.456591 0.080142 0.570866,
        -0.441425 0.079222 0.570866,
        -0.449889 0.075241 0.570866,
        -0.436392 0.076544 0.570866,
        -0.431409 0.066121 0.570866,
        -0.415502 0.069575 0.570866,
        -0.407364 0.060331 0.570866,
        -0.381492 0.064950 0.570866,
        -0.375727 0.057156 0.570866,
        -0.375139 0.064539 0.570866,
        -0.363224 0.057327 0.570866,
        -0.343116 0.065639 0.570866,
        -0.334520 0.059517 0.570866,
        -0.315613 0.071393 0.570866,
        -0.307437 0.066411 0.570866,
        -0.302528 0.076659 0.570866,
        -0.297214 0.080230 0.570866,
        -0.287918 0.104742 0.570866,
        -0.293310 0.108822 0.570866,
        -0.299545 0.103050 0.570866,
        -0.295474 0.110124 0.570866,
        -0.312907 0.110143 0.570866,
        -0.309591 0.116758 0.570866,
        -0.336706 0.116651 0.570866,
        -0.336288 0.124198 0.570866,
        -0.342722 0.117664 0.570866,
        -0.369477 0.127960 0.570866,
        -0.291626 0.090000 0.574803,
        -0.291860 0.092654 0.574803,
        -0.292857 0.095260 0.574803,
        -0.295784 0.099731 0.574803,
        -0.299545 0.103050 0.574803,
        -0.312907 0.110143 0.574803,
        -0.336706 0.116651 0.574803,
        -0.342722 0.117664 0.574803,
        -0.379691 0.120343 0.574803,
        -0.395231 0.119739 0.574803,
        -0.422406 0.115504 0.574803,
        -0.439654 0.109573 0.574803,
        -0.446794 0.105292 0.574803,
        -0.450544 0.101433 0.574803,
        -0.452503 0.098478 0.574803,
        -0.453295 0.096545 0.574803,
        -0.453578 0.095117 0.574803,
        -0.453023 0.091828 0.574803,
        -0.450753 0.087026 0.574803,
        -0.448226 0.084026 0.574803,
        -0.441425 0.079222 0.574803,
        -0.436392 0.076544 0.574803,
        -0.415502 0.069575 0.574803,
        -0.381492 0.064950 0.574803,
        -0.375139 0.064539 0.574803,
        -0.343116 0.065639 0.574803,
        -0.315613 0.071393 0.574803,
        -0.302528 0.076659 0.574803,
        -0.297214 0.080230 0.574803,
        -0.294081 0.083709 0.574803,
        -0.292572 0.086263 0.574803,
        -0.291863 0.088177 0.574803,
        -0.210724 -0.098797 0.570866,
        -0.211270 -0.085207 0.570866,
        -0.210608 -0.101358 0.570866,
        -0.210137 -0.103873 0.570866,
        -0.209005 -0.106725 0.570866,
        -0.208878 -0.107567 0.570866,
        -0.209005 -0.108403 0.570866,
        -0.209535 -0.109274 0.570866,
        -0.211726 -0.111250 0.570866,
        -0.213283 -0.112388 0.570866,
        -0.220078 -0.118302 0.570866,
        -0.221336 -0.119133 0.570866,
        -0.221472 -0.119176 0.570866,
        -0.221586 -0.119186 0.570866,
        -0.221692 -0.119170 0.570866,
        -0.221822 -0.119117 0.570866,
        -0.221977 -0.119004 0.570866,
        -0.222102 -0.118858 0.570866,
        -0.222243 -0.118592 0.570866,
        -0.222343 -0.118302 0.570866,
        -0.221756 -0.112639 0.570866,
        -0.221211 -0.102740 0.570866,
        -0.220539 -0.090857 0.570866,
        -0.220624 -0.078957 0.570866,
        -0.221211 -0.053748 0.570866,
        -0.229684 -0.047833 0.570866,
        -0.215255 -0.037893 0.570866,
        -0.209005 -0.044688 0.570866,
        -0.165439 -0.062983 0.570866,
        -0.138712 -0.071275 0.570866,
        -0.091051 -0.081327 0.570866,
        -0.089154 -0.081581 0.570866,
        -0.055568 -0.083487 0.570866,
        -0.043404 -0.083487 0.570866,
        -0.042271 -0.085459 0.570866,
        -0.062363 -0.094519 0.570866,
        -0.064464 -0.093887 0.570866,
        -0.066600 -0.093387 0.570866,
        -0.074528 -0.091121 0.570866,
        -0.119913 -0.083715 0.570866,
        -0.151367 -0.075483 0.570866,
        -0.169660 -0.069352 0.570866,
        -0.194869 -0.059159 0.570866,
        -0.211270 -0.052364 0.570866,
        -0.211396 -0.068786 0.570866,
        -0.216933 -0.240657 0.570866,
        -0.233669 -0.253115 0.570866,
        -0.205519 -0.243588 0.570866,
        -0.193737 -0.244055 0.570866,
        -0.069704 -0.244055 0.570866,
        -0.046214 -0.244894 0.570866,
        -0.041248 -0.245198 0.570866,
        -0.040106 -0.245401 0.570866,
        -0.038500 -0.245776 0.570866,
        -0.038012 -0.245922 0.570866,
        -0.037690 -0.246036 0.570866,
        -0.037424 -0.246147 0.570866,
        -0.037231 -0.246239 0.570866,
        -0.037001 -0.246365 0.570866,
        -0.036915 -0.246428 0.570866,
        -0.036860 -0.246487 0.570866,
        -0.036830 -0.246539 0.570866,
        -0.036815 -0.246589 0.570866,
        -0.036812 -0.246658 0.570866,
        -0.036846 -0.246817 0.570866,
        -0.036860 -0.246865 0.570866,
        -0.037075 -0.247420 0.570866,
        -0.037312 -0.247736 0.570866,
        -0.037624 -0.247993 0.570866,
        -0.038484 -0.248404 0.570866,
        -0.040006 -0.248878 0.570866,
        -0.043656 -0.250263 0.570866,
        -0.053848 -0.253409 0.570866,
        -0.059380 -0.255206 0.570866,
        -0.060794 -0.255527 0.570866,
        -0.061313 -0.255541 0.570866,
        -0.061958 -0.255387 0.570866,
        -0.064668 -0.254404 0.570866,
        -0.074469 -0.252232 0.570866,
        -0.080115 -0.251789 0.570866,
        -0.093780 -0.251689 0.570866,
        -0.197680 -0.251689 0.570866,
        -0.212041 -0.252305 0.570866,
        -0.226286 -0.254248 0.570866,
        -0.231110 -0.255380 0.570866,
        -0.049067 -0.313223 0.570866,
        -0.077086 -0.311797 0.570866,
        -0.041599 -0.313996 0.570866,
        -0.040057 -0.314559 0.570866,
        -0.039832 -0.314681 0.570866,
        -0.039743 -0.314741 0.570866,
        -0.039672 -0.314809 0.570866,
        -0.039644 -0.314854 0.570866,
        -0.039630 -0.314894 0.570866,
        -0.039626 -0.314941 0.570866,
        -0.039636 -0.315009 0.570866,
        -0.039713 -0.315194 0.570866,
        -0.039794 -0.315563 0.570866,
        -0.039919 -0.315813 0.570866,
        -0.040197 -0.316140 0.570866,
        -0.040766 -0.316565 0.570866,
        -0.041413 -0.316902 0.570866,
        -0.045124 -0.318245 0.570866,
        -0.046508 -0.318592 0.570866,
        -0.056700 -0.321990 0.570866,
        -0.062041 -0.323787 0.570866,
        -0.063382 -0.324011 0.570866,
        -0.064063 -0.323961 0.570866,
        -0.065501 -0.323455 0.570866,
        -0.074176 -0.321151 0.570866,
        -0.092504 -0.319753 0.570866,
        -0.096633 -0.319724 0.570866,
        -0.213283 -0.319724 0.570866,
        -0.212530 -0.331349 0.570866,
        -0.212059 -0.336923 0.570866,
        -0.211563 -0.342962 0.570866,
        -0.210724 -0.348625 0.570866,
        -0.218946 -0.358231 0.570866,
        -0.219620 -0.358905 0.570866,
        -0.220145 -0.359360 0.570866,
        -0.220574 -0.359668 0.570866,
        -0.220912 -0.359848 0.570866,
        -0.221189 -0.359933 0.570866,
        -0.221411 -0.359951 0.570866,
        -0.221739 -0.359898 0.570866,
        -0.222169 -0.359739 0.570866,
        -0.222391 -0.359603 0.570866,
        -0.222520 -0.359470 0.570866,
        -0.222635 -0.359270 0.570866,
        -0.222720 -0.359015 0.570866,
        -0.222886 -0.357719 0.570866,
        -0.222889 -0.357685 0.570866,
        -0.222617 -0.354296 0.570866,
        -0.222595 -0.350890 0.570866,
        -0.222343 -0.346360 0.570866,
        -0.222170 -0.345379 0.570866,
        -0.222236 -0.342389 0.570866,
        -0.222343 -0.340404 0.570866,
        -0.222343 -0.334447 0.570866,
        -0.222889 -0.319724 0.570866,
        -0.223182 -0.307854 0.570866,
        -0.224387 -0.297327 0.570866,
        -0.225248 -0.289825 0.570866,
        -0.225675 -0.287618 0.570866,
        -0.225993 -0.286881 0.570866,
        -0.228258 -0.280925 0.570866,
        -0.218065 -0.272746 0.570866,
        -0.217062 -0.272074 0.570866,
        -0.216343 -0.271629 0.570866,
        -0.215815 -0.271350 0.570866,
        -0.215403 -0.271200 0.570866,
        -0.215061 -0.271141 0.570866,
        -0.214766 -0.271156 0.570866,
        -0.214578 -0.271208 0.570866,
        -0.214485 -0.271258 0.570866,
        -0.214421 -0.271314 0.570866,
        -0.214369 -0.271389 0.570866,
        -0.214320 -0.271517 0.570866,
        -0.214226 -0.272126 0.570866,
        -0.214122 -0.274717 0.570866,
        -0.214122 -0.280673 0.570866,
        -0.213828 -0.301898 0.570866,
        -0.213953 -0.306283 0.570866,
        -0.213828 -0.310664 0.570866,
        -0.213535 -0.311797 0.570866,
        -0.449887 0.152960 0.570866,
        -0.445650 0.158035 0.570866,
        -0.450854 0.151744 0.570866,
        -0.451705 0.151006 0.570866,
        -0.452582 0.150540 0.570866,
        -0.453197 0.150361 0.570866,
        -0.453939 0.150304 0.570866,
        -0.454625 0.150412 0.570866,
        -0.455186 0.150639 0.570866,
        -0.455623 0.150954 0.570866,
        -0.456136 0.151533 0.570866,
        -0.455256 0.156651 0.570866,
        -0.455256 0.162565 0.570866,
        -0.455699 0.164976 0.570866,
        -0.456136 0.167389 0.570866,
        -0.456681 0.173345 0.570866,
        -0.459786 0.184083 0.570866,
        -0.460989 0.190264 0.570866,
        -0.461506 0.196541 0.570866,
        -0.460935 0.205344 0.570866,
        -0.459396 0.211713 0.570866,
        -0.456736 0.216830 0.570866,
        -0.452779 0.221379 0.570866,
        -0.446576 0.225801 0.570866,
        -0.436157 0.229981 0.570866,
        -0.412342 0.233987 0.570866,
        -0.363520 0.235928 0.570866,
        -0.339004 0.234319 0.570866,
        -0.317852 0.230091 0.570866,
        -0.303716 0.223609 0.570866,
        -0.296767 0.218560 0.570866,
        -0.292423 0.213715 0.570866,
        -0.289775 0.208887 0.570866,
        -0.287882 0.201528 0.570866,
        -0.285670 0.185509 0.570866,
        -0.284244 0.173052 0.570866,
        -0.283006 0.168426 0.570866,
        -0.281213 0.165451 0.570866,
        -0.280675 0.164528 0.570866,
        -0.280594 0.164285 0.570866,
        -0.280650 0.163515 0.570866,
        -0.280876 0.162969 0.570866,
        -0.282198 0.161118 0.570866,
        -0.285978 0.157057 0.570866,
        -0.287389 0.155770 0.570866,
        -0.291039 0.152372 0.570866,
        -0.291789 0.151689 0.570866,
        -0.292380 0.151213 0.570866,
        -0.292862 0.150880 0.570866,
        -0.293241 0.150669 0.570866,
        -0.293539 0.150560 0.570866,
        -0.293785 0.150524 0.570866,
        -0.294011 0.150545 0.570866,
        -0.294443 0.150703 0.570866,
        -0.294983 0.150974 0.570866,
        -0.295134 0.151098 0.570866,
        -0.295238 0.151238 0.570866,
        -0.295332 0.151467 0.570866,
        -0.295354 0.151552 0.570866,
        -0.295415 0.152149 0.570866,
        -0.295317 0.153253 0.570866,
        -0.295317 0.157196 0.570866,
        -0.295317 0.161726 0.570866,
        -0.443678 0.161726 0.570866,
        -0.444573 0.159831 0.570866,
        -0.295700 0.174038 0.570866,
        -0.295863 0.169654 0.570866,
        -0.445650 0.169654 0.570866,
        -0.447915 0.175023 0.570866,
        -0.450691 0.187070 0.570866,
        -0.451606 0.199393 0.570866,
        -0.449978 0.207467 0.570866,
        -0.447870 0.212576 0.570866,
        -0.445351 0.215917 0.570866,
        -0.441046 0.219348 0.570866,
        -0.434817 0.222437 0.570866,
        -0.418812 0.225971 0.570866,
        -0.388436 0.228000 0.570866,
        -0.380083 0.228124 0.570866,
        -0.343821 0.227036 0.570866,
        -0.322341 0.223039 0.570866,
        -0.308899 0.217143 0.570866,
        -0.304756 0.213909 0.570866,
        -0.302047 0.210489 0.570866,
        -0.300030 0.205916 0.570866,
        -0.298430 0.199591 0.570866,
        -0.297289 0.190878 0.570866,
        -0.295863 0.178420 0.570866,
        -0.297289 0.190878 0.574803,
        -0.295863 0.178420 0.574803,
        -0.298430 0.199591 0.574803,
        -0.300030 0.205916 0.574803,
        -0.302047 0.210489 0.574803,
        -0.304756 0.213909 0.574803,
        -0.308899 0.217143 0.574803,
        -0.322341 0.223039 0.574803,
        -0.343821 0.227036 0.574803,
        -0.380083 0.228124 0.574803,
        -0.388436 0.228000 0.574803,
        -0.418812 0.225971 0.574803,
        -0.434817 0.222437 0.574803,
        -0.441046 0.219348 0.574803,
        -0.445351 0.215917 0.574803,
        -0.447870 0.212576 0.574803,
        -0.449978 0.207467 0.574803,
        -0.451606 0.199393 0.574803,
        -0.450691 0.187070 0.574803,
        -0.447915 0.175023 0.574803,
        -0.445650 0.169654 0.574803,
        -0.295863 0.169654 0.574803,
        -0.295700 0.174038 0.574803,
        0.304304 0.133922 0.570866,
        0.304304 0.394904 0.570866,
        0.292490 0.394904 0.570866,
        0.292490 0.133922 0.570866,
      ]
    }
    coordIndex [
      635, 1249, 8, -1,
      8, 1249, 1250, -1,
      8, 1250, 9, -1,
      9, 1250, 7, -1,
      7, 1250, 1251, -1,
      7, 1251, 636, -1,
      636, 1251, 638, -1,
      638, 1251, 1252, -1,
      638, 1252, 639, -1,
      1253, 533, 1252, -1,
      1252, 533, 639, -1,
      533, 1253, 1254, -1,
      533, 1254, 534, -1,
      534, 1254, 1255, -1,
      534, 1255, 559, -1,
      1256, 541, 1255, -1,
      1255, 541, 559, -1,
      1257, 538, 1256, -1,
      1256, 538, 541, -1,
      538, 1257, 1258, -1,
      538, 1258, 532, -1,
      532, 1258, 1259, -1,
      532, 1259, 531, -1,
      531, 1259, 1260, -1,
      531, 1260, 530, -1,
      530, 1260, 1261, -1,
      530, 1261, 542, -1,
      542, 1261, 1262, -1,
      542, 1262, 543, -1,
      543, 1262, 1263, -1,
      543, 1263, 544, -1,
      544, 1263, 1264, -1,
      544, 1264, 545, -1,
      545, 1264, 1265, -1,
      545, 1265, 546, -1,
      546, 1265, 1266, -1,
      546, 1266, 547, -1,
      547, 1266, 1267, -1,
      547, 1267, 573, -1,
      573, 1267, 1268, -1,
      573, 1268, 572, -1,
      572, 1268, 1269, -1,
      572, 1269, 571, -1,
      571, 1269, 1270, -1,
      571, 1270, 570, -1,
      570, 1270, 1271, -1,
      570, 1271, 568, -1,
      568, 1271, 1272, -1,
      568, 1272, 569, -1,
      569, 1272, 1273, -1,
      569, 1273, 564, -1,
      1274, 565, 1273, -1,
      1273, 565, 564, -1,
      565, 1274, 632, -1,
      632, 1274, 1275, -1,
      632, 1275, 633, -1,
      633, 1275, 634, -1,
      634, 1275, 1276, -1,
      634, 1276, 10, -1,
      10, 1276, 11, -1,
      11, 1276, 1277, -1,
      11, 1277, 631, -1,
      631, 1277, 610, -1,
      610, 1277, 1278, -1,
      610, 1278, 611, -1,
      611, 1278, 1279, -1,
      611, 1279, 615, -1,
      1280, 616, 1279, -1,
      1279, 616, 615, -1,
      616, 1280, 1281, -1,
      616, 1281, 606, -1,
      606, 1281, 1282, -1,
      606, 1282, 607, -1,
      607, 1282, 1283, -1,
      607, 1283, 608, -1,
      608, 1283, 1284, -1,
      608, 1284, 609, -1,
      609, 1284, 1285, -1,
      609, 1285, 598, -1,
      598, 1285, 1286, -1,
      598, 1286, 599, -1,
      599, 1286, 1287, -1,
      599, 1287, 612, -1,
      612, 1287, 1288, -1,
      612, 1288, 617, -1,
      1289, 618, 1288, -1,
      1288, 618, 617, -1,
      619, 618, 1290, -1,
      1290, 618, 1289, -1,
      619, 1290, 622, -1,
      622, 1290, 1291, -1,
      622, 1291, 628, -1,
      1292, 624, 1291, -1,
      1291, 624, 626, -1,
      1291, 626, 628, -1,
      624, 1292, 625, -1,
      625, 1292, 1293, -1,
      625, 1293, 627, -1,
      627, 1293, 1294, -1,
      627, 1294, 629, -1,
      629, 1294, 1295, -1,
      629, 1295, 630, -1,
      630, 1295, 1296, -1,
      630, 1296, 623, -1,
      623, 1296, 621, -1,
      621, 1296, 1297, -1,
      621, 1297, 613, -1,
      613, 1297, 1298, -1,
      613, 1298, 614, -1,
      614, 1298, 1299, -1,
      614, 1299, 600, -1,
      600, 1299, 1300, -1,
      600, 1300, 620, -1,
      620, 1300, 1301, -1,
      620, 1301, 603, -1,
      603, 1301, 1302, -1,
      603, 1302, 604, -1,
      604, 1302, 1303, -1,
      604, 1303, 605, -1,
      605, 1303, 1304, -1,
      605, 1304, 601, -1,
      601, 1304, 602, -1,
      602, 1304, 1305, -1,
      602, 1305, 595, -1,
      595, 1305, 1306, -1,
      595, 1306, 596, -1,
      596, 1306, 1307, -1,
      596, 1307, 597, -1,
      597, 1307, 524, -1,
      524, 1307, 1308, -1,
      524, 1308, 525, -1,
      525, 1308, 1309, -1,
      525, 1309, 526, -1,
      526, 1309, 1310, -1,
      526, 1310, 527, -1,
      527, 1310, 1311, -1,
      527, 1311, 511, -1,
      511, 1311, 1312, -1,
      511, 1312, 512, -1,
      512, 1312, 1313, -1,
      512, 1313, 513, -1,
      513, 1313, 1314, -1,
      513, 1314, 514, -1,
      514, 1314, 1315, -1,
      514, 1315, 515, -1,
      515, 1315, 1316, -1,
      515, 1316, 536, -1,
      1317, 537, 1316, -1,
      1316, 537, 536, -1,
      1318, 519, 1317, -1,
      1317, 519, 537, -1,
      519, 1318, 1319, -1,
      519, 1319, 520, -1,
      520, 1319, 1320, -1,
      520, 1320, 522, -1,
      522, 1320, 1321, -1,
      522, 1321, 523, -1,
      523, 1321, 1322, -1,
      523, 1322, 550, -1,
      550, 1322, 1323, -1,
      550, 1323, 548, -1,
      548, 1323, 1324, -1,
      548, 1324, 549, -1,
      549, 1324, 1325, -1,
      549, 1325, 551, -1,
      552, 551, 1326, -1,
      1326, 551, 1325, -1,
      552, 1326, 521, -1,
      521, 1326, 1327, -1,
      521, 1327, 588, -1,
      588, 1327, 1328, -1,
      588, 1328, 589, -1,
      589, 1328, 587, -1,
      587, 1328, 1329, -1,
      587, 1329, 592, -1,
      592, 1329, 1330, -1,
      592, 1330, 593, -1,
      593, 1330, 1331, -1,
      593, 1331, 594, -1,
      594, 1331, 1332, -1,
      594, 1332, 585, -1,
      585, 1332, 1333, -1,
      585, 1333, 586, -1,
      591, 586, 1334, -1,
      1334, 586, 1333, -1,
      591, 1334, 590, -1,
      590, 1334, 1335, -1,
      590, 1335, 583, -1,
      583, 1335, 1336, -1,
      583, 1336, 581, -1,
      581, 1336, 1337, -1,
      581, 1337, 582, -1,
      582, 1337, 1338, -1,
      582, 1338, 584, -1,
      584, 1338, 518, -1,
      518, 1338, 1339, -1,
      518, 1339, 553, -1,
      553, 1339, 1340, -1,
      553, 1340, 554, -1,
      554, 1340, 1341, -1,
      554, 1341, 528, -1,
      1342, 529, 1341, -1,
      1341, 529, 528, -1,
      1343, 516, 1342, -1,
      1342, 516, 529, -1,
      516, 1343, 1344, -1,
      516, 1344, 517, -1,
      517, 1344, 1345, -1,
      517, 1345, 555, -1,
      555, 1345, 1346, -1,
      555, 1346, 556, -1,
      556, 1346, 1347, -1,
      556, 1347, 566, -1,
      566, 1347, 1348, -1,
      566, 1348, 567, -1,
      567, 1348, 1349, -1,
      567, 1349, 577, -1,
      577, 1349, 1350, -1,
      577, 1350, 578, -1,
      578, 1350, 1351, -1,
      578, 1351, 562, -1,
      562, 1351, 1352, -1,
      562, 1352, 563, -1,
      563, 1352, 1353, -1,
      563, 1353, 574, -1,
      574, 1353, 1354, -1,
      574, 1354, 575, -1,
      575, 1354, 1355, -1,
      575, 1355, 576, -1,
      1356, 579, 1355, -1,
      1355, 579, 576, -1,
      579, 1356, 1357, -1,
      579, 1357, 580, -1,
      580, 1357, 1358, -1,
      580, 1358, 539, -1,
      539, 1358, 1359, -1,
      539, 1359, 540, -1,
      540, 1359, 1360, -1,
      540, 1360, 557, -1,
      1361, 558, 1360, -1,
      1360, 558, 557, -1,
      1362, 560, 1361, -1,
      1361, 560, 558, -1,
      560, 1362, 1363, -1,
      560, 1363, 561, -1,
      561, 1363, 1364, -1,
      561, 1364, 535, -1,
      1249, 635, 1364, -1,
      1364, 635, 637, -1,
      1364, 637, 535, -1,
      1344, 1343, 1349, -1,
      1292, 1356, 1342, -1,
      1342, 1356, 1355, -1,
      1342, 1355, 1343, -1,
      1275, 1250, 1276, -1,
      1276, 1250, 1280, -1,
      1323, 1322, 1312, -1,
      1280, 1279, 1276, -1,
      1276, 1279, 1278, -1,
      1276, 1278, 1277, -1,
      1250, 1249, 1290, -1,
      1290, 1249, 1291, -1,
      1347, 1346, 1345, -1,
      1312, 1322, 1313, -1,
      1313, 1322, 1321, -1,
      1313, 1321, 1314, -1,
      1358, 1361, 1359, -1,
      1359, 1361, 1360, -1,
      1355, 1354, 1343, -1,
      1343, 1354, 1353, -1,
      1343, 1353, 1352, -1,
      1312, 1311, 1323, -1,
      1323, 1311, 1310, -1,
      1323, 1310, 1324, -1,
      1324, 1310, 1309, -1,
      1324, 1309, 1325, -1,
      1325, 1309, 1308, -1,
      1325, 1308, 1326, -1,
      1358, 1357, 1361, -1,
      1361, 1357, 1356, -1,
      1361, 1356, 1362, -1,
      1362, 1356, 1292, -1,
      1362, 1292, 1363, -1,
      1363, 1292, 1291, -1,
      1363, 1291, 1364, -1,
      1364, 1291, 1249, -1,
      1290, 1289, 1250, -1,
      1250, 1289, 1288, -1,
      1250, 1288, 1280, -1,
      1280, 1288, 1287, -1,
      1280, 1287, 1281, -1,
      1281, 1287, 1282, -1,
      1352, 1351, 1343, -1,
      1343, 1351, 1350, -1,
      1343, 1350, 1349, -1,
      1344, 1349, 1345, -1,
      1345, 1349, 1348, -1,
      1345, 1348, 1347, -1,
      1254, 1274, 1255, -1,
      1255, 1274, 1273, -1,
      1255, 1273, 1256, -1,
      1256, 1273, 1272, -1,
      1256, 1272, 1257, -1,
      1257, 1272, 1271, -1,
      1257, 1271, 1270, -1,
      1287, 1286, 1282, -1,
      1282, 1286, 1285, -1,
      1282, 1285, 1283, -1,
      1283, 1285, 1284, -1,
      1331, 1330, 1303, -1,
      1303, 1330, 1329, -1,
      1303, 1329, 1304, -1,
      1304, 1329, 1328, -1,
      1304, 1328, 1305, -1,
      1305, 1328, 1327, -1,
      1305, 1327, 1306, -1,
      1306, 1327, 1326, -1,
      1306, 1326, 1307, -1,
      1307, 1326, 1308, -1,
      1318, 1317, 1319, -1,
      1319, 1317, 1316, -1,
      1321, 1320, 1314, -1,
      1314, 1320, 1319, -1,
      1314, 1319, 1315, -1,
      1315, 1319, 1316, -1,
      1254, 1253, 1274, -1,
      1274, 1253, 1252, -1,
      1274, 1252, 1275, -1,
      1275, 1252, 1251, -1,
      1275, 1251, 1250, -1,
      1268, 1267, 1266, -1,
      1264, 1263, 1269, -1,
      1269, 1263, 1262, -1,
      1269, 1262, 1261, -1,
      1261, 1260, 1269, -1,
      1269, 1260, 1259, -1,
      1269, 1259, 1270, -1,
      1270, 1259, 1258, -1,
      1270, 1258, 1257, -1,
      1268, 1266, 1269, -1,
      1269, 1266, 1265, -1,
      1269, 1265, 1264, -1,
      1342, 1341, 1292, -1,
      1292, 1341, 1340, -1,
      1292, 1340, 1293, -1,
      1293, 1340, 1339, -1,
      1293, 1339, 1294, -1,
      1294, 1339, 1338, -1,
      1294, 1338, 1295, -1,
      1295, 1338, 1337, -1,
      1295, 1337, 1296, -1,
      1296, 1337, 1336, -1,
      1296, 1336, 1297, -1,
      1297, 1336, 1298, -1,
      1336, 1335, 1298, -1,
      1298, 1335, 1334, -1,
      1298, 1334, 1299, -1,
      1299, 1334, 1333, -1,
      1299, 1333, 1300, -1,
      1300, 1333, 1332, -1,
      1300, 1332, 1301, -1,
      1301, 1332, 1331, -1,
      1301, 1331, 1302, -1,
      1302, 1331, 1303, -1,
      1365, 713, 1366, -1,
      1366, 713, 712, -1,
      713, 1365, 1367, -1,
      713, 1367, 714, -1,
      714, 1367, 1368, -1,
      714, 1368, 715, -1,
      715, 1368, 1369, -1,
      715, 1369, 716, -1,
      716, 1369, 717, -1,
      717, 1369, 1370, -1,
      717, 1370, 641, -1,
      1371, 642, 1370, -1,
      1370, 642, 641, -1,
      642, 1371, 658, -1,
      658, 1371, 1372, -1,
      658, 1372, 659, -1,
      659, 1372, 1373, -1,
      659, 1373, 660, -1,
      660, 1373, 1374, -1,
      660, 1374, 651, -1,
      651, 1374, 1375, -1,
      651, 1375, 652, -1,
      652, 1375, 1376, -1,
      652, 1376, 649, -1,
      649, 1376, 1377, -1,
      649, 1377, 650, -1,
      650, 1377, 1378, -1,
      650, 1378, 653, -1,
      653, 1378, 1379, -1,
      653, 1379, 654, -1,
      654, 1379, 1380, -1,
      654, 1380, 647, -1,
      647, 1380, 1381, -1,
      647, 1381, 648, -1,
      648, 1381, 1382, -1,
      648, 1382, 655, -1,
      655, 1382, 1383, -1,
      655, 1383, 656, -1,
      656, 1383, 1384, -1,
      656, 1384, 657, -1,
      657, 1384, 709, -1,
      709, 1384, 1385, -1,
      709, 1385, 710, -1,
      1386, 705, 1385, -1,
      1385, 705, 711, -1,
      1385, 711, 710, -1,
      705, 1386, 1387, -1,
      705, 1387, 706, -1,
      706, 1387, 1388, -1,
      706, 1388, 707, -1,
      1389, 708, 1388, -1,
      1388, 708, 707, -1,
      708, 1389, 703, -1,
      703, 1389, 1390, -1,
      703, 1390, 704, -1,
      704, 1390, 702, -1,
      1390, 1391, 689, -1,
      689, 700, 1390, -1,
      1390, 700, 701, -1,
      1390, 701, 702, -1,
      1392, 671, 1391, -1,
      1391, 671, 689, -1,
      1393, 669, 1392, -1,
      1392, 669, 671, -1,
      669, 1393, 1394, -1,
      669, 1394, 668, -1,
      668, 1394, 1395, -1,
      668, 1395, 667, -1,
      1396, 665, 1395, -1,
      1395, 665, 667, -1,
      665, 1396, 1397, -1,
      665, 1397, 666, -1,
      666, 1397, 1398, -1,
      666, 1398, 670, -1,
      1399, 672, 1398, -1,
      1398, 672, 670, -1,
      1400, 673, 1399, -1,
      1399, 673, 672, -1,
      673, 1400, 1401, -1,
      673, 1401, 697, -1,
      697, 1401, 1402, -1,
      697, 1402, 698, -1,
      1403, 699, 1402, -1,
      1402, 699, 698, -1,
      1404, 694, 1403, -1,
      1403, 694, 699, -1,
      694, 1404, 1405, -1,
      694, 1405, 695, -1,
      695, 1405, 1406, -1,
      695, 1406, 696, -1,
      696, 1406, 1407, -1,
      696, 1407, 687, -1,
      687, 1407, 1408, -1,
      687, 1408, 688, -1,
      688, 1408, 1409, -1,
      688, 1409, 678, -1,
      678, 1409, 1410, -1,
      678, 1410, 679, -1,
      679, 1410, 1411, -1,
      679, 1411, 680, -1,
      680, 1411, 1412, -1,
      680, 1412, 681, -1,
      681, 1412, 1413, -1,
      681, 1413, 682, -1,
      682, 1413, 1414, -1,
      682, 1414, 683, -1,
      683, 1414, 1415, -1,
      683, 1415, 674, -1,
      674, 1415, 1416, -1,
      674, 1416, 675, -1,
      675, 1416, 1417, -1,
      675, 1417, 676, -1,
      676, 1417, 1418, -1,
      676, 1418, 677, -1,
      677, 1418, 1419, -1,
      677, 1419, 684, -1,
      1420, 685, 1419, -1,
      1419, 685, 684, -1,
      1421, 686, 1420, -1,
      1420, 686, 685, -1,
      1422, 690, 1421, -1,
      1421, 690, 686, -1,
      690, 1422, 1423, -1,
      690, 1423, 691, -1,
      691, 1423, 1424, -1,
      691, 1424, 692, -1,
      1425, 693, 1424, -1,
      1424, 693, 692, -1,
      693, 1425, 664, -1,
      664, 1425, 1426, -1,
      664, 1426, 663, -1,
      661, 663, 1426, -1,
      1427, 646, 645, -1,
      1427, 645, 1426, -1,
      1426, 645, 662, -1,
      1426, 662, 661, -1,
      1428, 644, 1427, -1,
      1427, 644, 643, -1,
      1427, 643, 646, -1,
      1366, 712, 1428, -1,
      1428, 712, 640, -1,
      1428, 640, 644, -1,
      1404, 1403, 1418, -1,
      1372, 1371, 1370, -1,
      1365, 1366, 1389, -1,
      1389, 1366, 1391, -1,
      1389, 1391, 1390, -1,
      1427, 1396, 1428, -1,
      1428, 1396, 1395, -1,
      1385, 1384, 1372, -1,
      1372, 1384, 1383, -1,
      1372, 1383, 1373, -1,
      1372, 1370, 1385, -1,
      1385, 1370, 1369, -1,
      1385, 1369, 1386, -1,
      1418, 1403, 1419, -1,
      1419, 1403, 1402, -1,
      1419, 1402, 1420, -1,
      1420, 1402, 1401, -1,
      1420, 1401, 1421, -1,
      1418, 1417, 1404, -1,
      1404, 1417, 1416, -1,
      1404, 1416, 1405, -1,
      1405, 1416, 1406, -1,
      1395, 1394, 1428, -1,
      1428, 1394, 1393, -1,
      1428, 1393, 1366, -1,
      1366, 1393, 1392, -1,
      1366, 1392, 1391, -1,
      1369, 1368, 1386, -1,
      1386, 1368, 1367, -1,
      1386, 1367, 1387, -1,
      1387, 1367, 1365, -1,
      1387, 1365, 1388, -1,
      1388, 1365, 1389, -1,
      1424, 1423, 1399, -1,
      1399, 1423, 1422, -1,
      1427, 1426, 1396, -1,
      1396, 1426, 1425, -1,
      1396, 1425, 1397, -1,
      1397, 1425, 1424, -1,
      1397, 1424, 1398, -1,
      1398, 1424, 1399, -1,
      1421, 1401, 1422, -1,
      1422, 1401, 1400, -1,
      1422, 1400, 1399, -1,
      1414, 1413, 1407, -1,
      1407, 1413, 1412, -1,
      1383, 1382, 1373, -1,
      1373, 1382, 1381, -1,
      1373, 1381, 1380, -1,
      1380, 1379, 1373, -1,
      1373, 1379, 1378, -1,
      1373, 1378, 1374, -1,
      1374, 1378, 1377, -1,
      1374, 1377, 1375, -1,
      1375, 1377, 1376, -1,
      1406, 1416, 1407, -1,
      1407, 1416, 1415, -1,
      1407, 1415, 1414, -1,
      1412, 1411, 1410, -1,
      1410, 1409, 1412, -1,
      1412, 1409, 1408, -1,
      1412, 1408, 1407, -1,
      1429, 724, 1430, -1,
      1430, 724, 719, -1,
      1431, 725, 1429, -1,
      1429, 725, 724, -1,
      1432, 722, 1431, -1,
      1431, 722, 725, -1,
      720, 722, 1433, -1,
      1433, 722, 1432, -1,
      720, 1433, 721, -1,
      721, 1433, 1434, -1,
      721, 1434, 768, -1,
      768, 1434, 1435, -1,
      768, 1435, 769, -1,
      769, 1435, 1436, -1,
      769, 1436, 782, -1,
      782, 1436, 1437, -1,
      782, 1437, 783, -1,
      783, 1437, 1438, -1,
      783, 1438, 772, -1,
      772, 1438, 1439, -1,
      772, 1439, 770, -1,
      770, 1439, 1440, -1,
      770, 1440, 771, -1,
      771, 1440, 1441, -1,
      771, 1441, 773, -1,
      773, 1441, 1442, -1,
      773, 1442, 774, -1,
      774, 1442, 1443, -1,
      774, 1443, 775, -1,
      775, 1443, 1444, -1,
      775, 1444, 776, -1,
      776, 1444, 1445, -1,
      776, 1445, 767, -1,
      767, 1445, 1446, -1,
      767, 1446, 766, -1,
      766, 1446, 1447, -1,
      766, 1447, 786, -1,
      786, 1447, 1448, -1,
      786, 1448, 787, -1,
      787, 1448, 1449, -1,
      787, 1449, 763, -1,
      763, 1449, 1450, -1,
      763, 1450, 761, -1,
      761, 1450, 1451, -1,
      761, 1451, 762, -1,
      762, 1451, 1452, -1,
      762, 1452, 764, -1,
      764, 1452, 1453, -1,
      764, 1453, 765, -1,
      765, 1453, 1454, -1,
      765, 1454, 777, -1,
      777, 1454, 1455, -1,
      777, 1455, 778, -1,
      778, 1455, 1456, -1,
      778, 1456, 779, -1,
      1457, 733, 732, -1,
      723, 788, 1458, -1,
      1458, 788, 781, -1,
      1458, 781, 1459, -1,
      1459, 781, 780, -1,
      1459, 780, 1460, -1,
      1460, 780, 785, -1,
      1460, 785, 1461, -1,
      1461, 785, 784, -1,
      1461, 784, 1462, -1,
      1462, 784, 779, -1,
      1462, 779, 1456, -1,
      723, 1458, 732, -1,
      732, 1458, 1463, -1,
      732, 1463, 1457, -1,
      1464, 731, 1457, -1,
      1457, 731, 733, -1,
      1465, 726, 1464, -1,
      1464, 726, 731, -1,
      726, 1465, 1466, -1,
      726, 1466, 727, -1,
      727, 1466, 1467, -1,
      727, 1467, 730, -1,
      730, 1467, 1468, -1,
      730, 1468, 729, -1,
      729, 1468, 728, -1,
      728, 1468, 1469, -1,
      728, 1469, 738, -1,
      738, 1469, 1470, -1,
      738, 1470, 739, -1,
      739, 1470, 1471, -1,
      739, 1471, 740, -1,
      740, 1471, 1472, -1,
      740, 1472, 752, -1,
      752, 1472, 1473, -1,
      752, 1473, 753, -1,
      753, 1473, 1474, -1,
      753, 1474, 754, -1,
      754, 1474, 1475, -1,
      754, 1475, 734, -1,
      734, 1475, 1476, -1,
      734, 1476, 735, -1,
      735, 1476, 1477, -1,
      735, 1477, 755, -1,
      755, 1477, 1478, -1,
      755, 1478, 756, -1,
      756, 1478, 1479, -1,
      756, 1479, 757, -1,
      757, 1479, 1480, -1,
      757, 1480, 758, -1,
      758, 1480, 1481, -1,
      758, 1481, 759, -1,
      759, 1481, 1482, -1,
      759, 1482, 760, -1,
      760, 1482, 1483, -1,
      760, 1483, 744, -1,
      744, 1483, 1484, -1,
      744, 1484, 745, -1,
      745, 1484, 1485, -1,
      745, 1485, 746, -1,
      746, 1485, 1486, -1,
      746, 1486, 736, -1,
      736, 1486, 1487, -1,
      736, 1487, 737, -1,
      737, 1487, 1488, -1,
      737, 1488, 747, -1,
      747, 1488, 1489, -1,
      747, 1489, 748, -1,
      748, 1489, 1490, -1,
      748, 1490, 749, -1,
      749, 1490, 1491, -1,
      749, 1491, 741, -1,
      741, 1491, 1492, -1,
      741, 1492, 742, -1,
      742, 1492, 1493, -1,
      742, 1493, 743, -1,
      743, 1493, 1494, -1,
      743, 1494, 750, -1,
      750, 1494, 751, -1,
      751, 1494, 1495, -1,
      751, 1495, 718, -1,
      1495, 1430, 718, -1,
      718, 1430, 719, -1,
      1431, 1429, 1495, -1,
      1495, 1429, 1430, -1,
      1494, 1437, 1495, -1,
      1495, 1437, 1436, -1,
      1495, 1436, 1435, -1,
      1466, 1465, 1464, -1,
      1494, 1493, 1437, -1,
      1437, 1493, 1492, -1,
      1437, 1492, 1438, -1,
      1438, 1492, 1491, -1,
      1438, 1491, 1439, -1,
      1432, 1431, 1433, -1,
      1433, 1431, 1495, -1,
      1433, 1495, 1434, -1,
      1434, 1495, 1435, -1,
      1464, 1457, 1466, -1,
      1466, 1457, 1463, -1,
      1466, 1463, 1467, -1,
      1467, 1463, 1458, -1,
      1467, 1458, 1468, -1,
      1468, 1458, 1459, -1,
      1468, 1459, 1469, -1,
      1469, 1459, 1460, -1,
      1469, 1460, 1470, -1,
      1470, 1460, 1461, -1,
      1470, 1461, 1471, -1,
      1471, 1461, 1462, -1,
      1471, 1462, 1472, -1,
      1472, 1462, 1473, -1,
      1473, 1462, 1456, -1,
      1473, 1456, 1474, -1,
      1474, 1456, 1455, -1,
      1474, 1455, 1475, -1,
      1475, 1455, 1454, -1,
      1475, 1454, 1476, -1,
      1454, 1453, 1476, -1,
      1476, 1453, 1452, -1,
      1476, 1452, 1477, -1,
      1477, 1452, 1451, -1,
      1477, 1451, 1478, -1,
      1478, 1451, 1450, -1,
      1478, 1450, 1479, -1,
      1479, 1450, 1449, -1,
      1479, 1449, 1480, -1,
      1480, 1449, 1481, -1,
      1491, 1490, 1439, -1,
      1439, 1490, 1489, -1,
      1439, 1489, 1440, -1,
      1440, 1489, 1488, -1,
      1440, 1488, 1441, -1,
      1441, 1488, 1487, -1,
      1441, 1487, 1442, -1,
      1442, 1487, 1486, -1,
      1442, 1486, 1443, -1,
      1443, 1486, 1485, -1,
      1443, 1485, 1444, -1,
      1444, 1485, 1484, -1,
      1444, 1484, 1445, -1,
      1445, 1484, 1483, -1,
      1445, 1483, 1446, -1,
      1446, 1483, 1482, -1,
      1446, 1482, 1447, -1,
      1447, 1482, 1481, -1,
      1447, 1481, 1448, -1,
      1448, 1481, 1449, -1,
      1496, 1497, 1498, -1,
      1499, 1500, 1501, -1,
      1501, 1500, 1502, -1,
      1501, 1502, 1503, -1,
      1503, 1502, 1504, -1,
      1503, 1504, 1505, -1,
      1505, 1504, 1506, -1,
      1505, 1506, 1507, -1,
      1507, 1506, 1508, -1,
      1507, 1508, 1509, -1,
      1510, 1511, 1512, -1,
      1512, 1511, 1513, -1,
      1512, 1513, 1514, -1,
      1514, 1513, 1515, -1,
      1514, 1515, 1516, -1,
      1517, 1518, 1519, -1,
      1519, 1518, 1520, -1,
      1519, 1520, 1521, -1,
      1522, 1523, 1524, -1,
      1524, 1525, 1522, -1,
      1522, 1525, 1526, -1,
      1522, 1526, 1527, -1,
      1527, 1526, 1528, -1,
      1527, 1528, 1529, -1,
      1529, 1528, 1530, -1,
      1529, 1530, 1531, -1,
      1531, 1530, 1532, -1,
      1531, 1532, 1510, -1,
      1510, 1532, 1533, -1,
      1510, 1533, 1511, -1,
      1520, 1534, 1521, -1,
      1521, 1534, 1535, -1,
      1521, 1535, 1536, -1,
      1536, 1535, 1537, -1,
      1536, 1537, 1538, -1,
      1497, 1496, 1539, -1,
      1539, 1496, 1540, -1,
      1539, 1540, 1541, -1,
      1541, 1540, 1542, -1,
      1541, 1542, 1543, -1,
      1543, 1542, 1544, -1,
      1543, 1544, 1517, -1,
      1517, 1544, 1545, -1,
      1517, 1545, 1518, -1,
      1508, 1546, 1509, -1,
      1509, 1546, 1547, -1,
      1509, 1547, 1548, -1,
      1548, 1547, 1549, -1,
      1548, 1549, 1550, -1,
      1538, 1537, 1551, -1,
      1551, 1537, 1552, -1,
      1551, 1552, 1553, -1,
      1550, 1549, 1554, -1,
      1554, 1549, 1555, -1,
      1554, 1555, 1556, -1,
      1556, 1555, 1557, -1,
      1556, 1557, 1558, -1,
      1558, 1557, 1559, -1,
      1558, 1559, 1498, -1,
      1498, 1559, 1560, -1,
      1498, 1560, 1496, -1,
      1501, 1561, 1499, -1,
      1499, 1561, 1562, -1,
      1499, 1562, 1563, -1,
      1563, 1562, 1564, -1,
      1563, 1564, 1565, -1,
      1565, 1564, 1566, -1,
      1565, 1566, 1567, -1,
      1567, 1566, 1568, -1,
      1567, 1568, 1569, -1,
      1569, 1568, 1570, -1,
      1570, 1553, 1569, -1,
      1569, 1553, 1552, -1,
      1569, 1552, 1571, -1,
      1571, 1552, 1572, -1,
      1571, 1572, 1573, -1,
      1573, 1572, 1574, -1,
      1573, 1574, 1575, -1,
      1575, 1574, 1576, -1,
      1575, 1576, 1577, -1,
      1577, 1576, 1578, -1,
      1577, 1578, 1579, -1,
      1579, 1578, 1580, -1,
      1579, 1580, 1581, -1,
      1581, 1580, 1582, -1,
      1581, 1582, 1583, -1,
      1583, 1582, 1584, -1,
      1583, 1584, 1585, -1,
      1585, 1584, 1516, -1,
      1585, 1516, 1586, -1,
      1586, 1516, 1515, -1,
      1114, 1523, 1522, -1,
      1114, 1522, 1113, -1,
      1113, 1522, 1527, -1,
      1113, 1527, 1140, -1,
      1140, 1527, 1529, -1,
      1140, 1529, 1134, -1,
      1134, 1529, 1531, -1,
      1134, 1531, 1136, -1,
      1136, 1531, 1510, -1,
      1136, 1510, 1137, -1,
      1137, 1510, 1512, -1,
      1137, 1512, 1138, -1,
      1138, 1512, 1514, -1,
      1138, 1514, 1139, -1,
      1139, 1514, 1516, -1,
      1139, 1516, 1135, -1,
      1135, 1516, 1584, -1,
      1135, 1584, 1133, -1,
      1133, 1584, 1582, -1,
      1133, 1582, 1141, -1,
      1141, 1582, 1580, -1,
      1141, 1580, 1111, -1,
      1111, 1580, 1578, -1,
      1111, 1578, 1112, -1,
      1112, 1578, 1576, -1,
      1112, 1576, 1087, -1,
      1087, 1576, 1574, -1,
      1087, 1574, 1088, -1,
      1088, 1574, 1572, -1,
      1088, 1572, 1090, -1,
      1552, 1091, 1572, -1,
      1572, 1091, 1090, -1,
      1091, 1552, 1537, -1,
      1091, 1537, 1089, -1,
      1089, 1537, 1535, -1,
      1089, 1535, 1092, -1,
      1092, 1535, 1534, -1,
      1092, 1534, 1093, -1,
      1093, 1534, 1520, -1,
      1093, 1520, 1094, -1,
      1094, 1520, 1518, -1,
      1094, 1518, 1115, -1,
      1115, 1518, 1545, -1,
      1115, 1545, 1103, -1,
      1103, 1545, 1544, -1,
      1103, 1544, 1104, -1,
      1104, 1544, 1542, -1,
      1104, 1542, 1106, -1,
      1106, 1542, 1540, -1,
      1106, 1540, 1107, -1,
      1107, 1540, 1496, -1,
      1107, 1496, 1123, -1,
      1123, 1496, 1560, -1,
      1123, 1560, 1124, -1,
      1124, 1560, 1559, -1,
      1124, 1559, 1125, -1,
      1125, 1559, 1557, -1,
      1125, 1557, 1126, -1,
      1126, 1557, 1555, -1,
      1126, 1555, 1127, -1,
      1127, 1555, 1549, -1,
      1127, 1549, 1131, -1,
      1131, 1549, 1547, -1,
      1131, 1547, 1132, -1,
      1132, 1547, 1546, -1,
      1132, 1546, 1085, -1,
      1085, 1546, 1508, -1,
      1085, 1508, 1086, -1,
      1086, 1508, 1506, -1,
      1086, 1506, 1095, -1,
      1095, 1506, 1504, -1,
      1095, 1504, 1096, -1,
      1096, 1504, 1502, -1,
      1096, 1502, 1097, -1,
      1097, 1502, 1500, -1,
      1097, 1500, 1098, -1,
      1098, 1500, 1499, -1,
      1098, 1499, 1116, -1,
      1116, 1499, 1563, -1,
      1116, 1563, 1117, -1,
      1117, 1563, 1565, -1,
      1117, 1565, 1118, -1,
      1118, 1565, 1567, -1,
      1118, 1567, 1145, -1,
      1145, 1567, 1569, -1,
      1145, 1569, 1146, -1,
      1146, 1569, 1571, -1,
      1146, 1571, 1147, -1,
      1147, 1571, 1573, -1,
      1147, 1573, 1128, -1,
      1128, 1573, 1575, -1,
      1128, 1575, 1129, -1,
      1129, 1575, 1577, -1,
      1129, 1577, 1130, -1,
      1130, 1577, 1579, -1,
      1130, 1579, 1099, -1,
      1099, 1579, 1581, -1,
      1099, 1581, 1100, -1,
      1100, 1581, 1583, -1,
      1100, 1583, 1101, -1,
      1101, 1583, 1585, -1,
      1101, 1585, 1102, -1,
      1102, 1585, 1586, -1,
      1102, 1586, 1142, -1,
      1142, 1586, 1515, -1,
      1142, 1515, 1143, -1,
      1143, 1515, 1513, -1,
      1143, 1513, 1144, -1,
      1144, 1513, 1511, -1,
      1144, 1511, 1119, -1,
      1119, 1511, 1533, -1,
      1119, 1533, 1120, -1,
      1120, 1533, 1532, -1,
      1120, 1532, 1121, -1,
      1121, 1532, 1530, -1,
      1121, 1530, 1122, -1,
      1122, 1530, 1528, -1,
      1122, 1528, 1108, -1,
      1108, 1528, 1526, -1,
      1108, 1526, 1109, -1,
      1109, 1526, 1525, -1,
      1109, 1525, 1110, -1,
      1524, 1105, 1525, -1,
      1525, 1105, 1110, -1,
      1524, 1523, 1105, -1,
      1105, 1523, 1114, -1,
      1587, 1503, 1505, -1,
      1587, 1505, 1588, -1,
      1588, 1505, 1507, -1,
      1588, 1507, 1589, -1,
      1589, 1507, 1509, -1,
      1589, 1509, 1590, -1,
      1590, 1509, 1548, -1,
      1590, 1548, 1591, -1,
      1591, 1548, 1550, -1,
      1591, 1550, 1592, -1,
      1592, 1550, 1554, -1,
      1592, 1554, 1593, -1,
      1593, 1554, 1556, -1,
      1593, 1556, 1594, -1,
      1594, 1556, 1558, -1,
      1594, 1558, 1595, -1,
      1595, 1558, 1498, -1,
      1595, 1498, 1596, -1,
      1596, 1498, 1497, -1,
      1596, 1497, 1597, -1,
      1597, 1497, 1539, -1,
      1597, 1539, 1598, -1,
      1598, 1539, 1541, -1,
      1598, 1541, 1599, -1,
      1599, 1541, 1543, -1,
      1599, 1543, 1600, -1,
      1600, 1543, 1517, -1,
      1600, 1517, 1601, -1,
      1601, 1517, 1519, -1,
      1601, 1519, 1602, -1,
      1602, 1519, 1521, -1,
      1602, 1521, 1603, -1,
      1603, 1521, 1536, -1,
      1603, 1536, 1604, -1,
      1604, 1536, 1538, -1,
      1604, 1538, 1605, -1,
      1605, 1538, 1551, -1,
      1605, 1551, 1606, -1,
      1606, 1551, 1553, -1,
      1606, 1553, 1607, -1,
      1607, 1553, 1570, -1,
      1607, 1570, 1608, -1,
      1608, 1570, 1568, -1,
      1608, 1568, 1609, -1,
      1609, 1568, 1566, -1,
      1609, 1566, 1610, -1,
      1610, 1566, 1564, -1,
      1610, 1564, 1611, -1,
      1611, 1564, 1562, -1,
      1611, 1562, 1612, -1,
      1612, 1562, 1561, -1,
      1612, 1561, 1613, -1,
      1613, 1561, 1501, -1,
      1613, 1501, 1614, -1,
      1614, 1501, 1503, -1,
      1614, 1503, 1587, -1,
      435, 1615, 1616, -1,
      435, 1616, 438, -1,
      438, 1616, 1617, -1,
      438, 1617, 439, -1,
      439, 1617, 1618, -1,
      439, 1618, 436, -1,
      436, 1618, 1619, -1,
      436, 1619, 12, -1,
      12, 1619, 13, -1,
      13, 1619, 1620, -1,
      13, 1620, 440, -1,
      440, 1620, 510, -1,
      510, 1620, 1621, -1,
      510, 1621, 495, -1,
      1622, 497, 1621, -1,
      1621, 497, 496, -1,
      1621, 496, 495, -1,
      1623, 503, 508, -1,
      507, 497, 1622, -1,
      507, 1622, 508, -1,
      508, 1622, 1624, -1,
      508, 1624, 1623, -1,
      1625, 504, 1623, -1,
      1623, 504, 503, -1,
      1626, 505, 1625, -1,
      1625, 505, 504, -1,
      505, 1626, 506, -1,
      506, 1626, 1627, -1,
      506, 1627, 500, -1,
      500, 1627, 1628, -1,
      500, 1628, 499, -1,
      499, 1628, 1629, -1,
      499, 1629, 498, -1,
      498, 1629, 1630, -1,
      498, 1630, 502, -1,
      502, 1630, 1631, -1,
      502, 1631, 501, -1,
      1632, 494, 1631, -1,
      1631, 494, 501, -1,
      1633, 493, 1632, -1,
      1632, 493, 494, -1,
      493, 1633, 484, -1,
      484, 1633, 1634, -1,
      484, 1634, 485, -1,
      485, 1634, 1635, -1,
      485, 1635, 490, -1,
      490, 1635, 1636, -1,
      490, 1636, 488, -1,
      1637, 486, 1636, -1,
      1636, 486, 488, -1,
      1638, 487, 1637, -1,
      1637, 487, 486, -1,
      1639, 489, 1638, -1,
      1638, 489, 487, -1,
      1640, 491, 1639, -1,
      1639, 491, 489, -1,
      491, 1640, 492, -1,
      492, 1640, 1641, -1,
      492, 1641, 477, -1,
      477, 1641, 478, -1,
      478, 1641, 1642, -1,
      478, 1642, 479, -1,
      479, 1642, 1643, -1,
      479, 1643, 480, -1,
      480, 1643, 1644, -1,
      480, 1644, 481, -1,
      481, 1644, 1645, -1,
      481, 1645, 482, -1,
      482, 1645, 1646, -1,
      482, 1646, 483, -1,
      483, 1646, 1647, -1,
      483, 1647, 476, -1,
      476, 1647, 1648, -1,
      476, 1648, 475, -1,
      475, 1648, 1649, -1,
      475, 1649, 468, -1,
      468, 1649, 1650, -1,
      468, 1650, 469, -1,
      469, 1650, 1651, -1,
      469, 1651, 470, -1,
      470, 1651, 1652, -1,
      470, 1652, 471, -1,
      471, 1652, 1653, -1,
      471, 1653, 472, -1,
      472, 1653, 473, -1,
      473, 1653, 1654, -1,
      473, 1654, 474, -1,
      474, 1654, 1655, -1,
      474, 1655, 465, -1,
      465, 1655, 1656, -1,
      465, 1656, 466, -1,
      466, 1656, 1657, -1,
      466, 1657, 467, -1,
      467, 1657, 1658, -1,
      467, 1658, 460, -1,
      460, 1658, 1659, -1,
      460, 1659, 461, -1,
      461, 1659, 1660, -1,
      461, 1660, 462, -1,
      1660, 1661, 450, -1,
      450, 464, 1660, -1,
      1660, 464, 463, -1,
      1660, 463, 462, -1,
      450, 1661, 1662, -1,
      450, 1662, 451, -1,
      451, 1662, 1663, -1,
      451, 1663, 452, -1,
      452, 1663, 1664, -1,
      452, 1664, 448, -1,
      448, 1664, 1665, -1,
      448, 1665, 449, -1,
      449, 1665, 1666, -1,
      449, 1666, 445, -1,
      445, 1666, 1667, -1,
      445, 1667, 446, -1,
      446, 1667, 1668, -1,
      446, 1668, 447, -1,
      447, 1668, 1669, -1,
      447, 1669, 453, -1,
      453, 1669, 1670, -1,
      453, 1670, 454, -1,
      454, 1670, 1671, -1,
      454, 1671, 455, -1,
      1672, 456, 1671, -1,
      1671, 456, 455, -1,
      456, 1672, 1673, -1,
      456, 1673, 457, -1,
      457, 1673, 1674, -1,
      457, 1674, 458, -1,
      458, 1674, 459, -1,
      459, 1674, 1675, -1,
      459, 1675, 443, -1,
      1676, 444, 1675, -1,
      1675, 444, 443, -1,
      1677, 509, 1676, -1,
      1676, 509, 444, -1,
      1677, 1678, 14, -1,
      14, 442, 1677, -1,
      1677, 442, 441, -1,
      1677, 441, 509, -1,
      14, 1678, 1679, -1,
      14, 1679, 437, -1,
      437, 1679, 1680, -1,
      437, 1680, 433, -1,
      1681, 434, 1680, -1,
      1680, 434, 433, -1,
      1681, 1615, 434, -1,
      434, 1615, 435, -1,
      1678, 1677, 1676, -1,
      1616, 1615, 1637, -1,
      1637, 1615, 1681, -1,
      1637, 1681, 1638, -1,
      1616, 1624, 1617, -1,
      1617, 1624, 1622, -1,
      1617, 1622, 1618, -1,
      1671, 1670, 1639, -1,
      1630, 1634, 1631, -1,
      1631, 1634, 1633, -1,
      1631, 1633, 1632, -1,
      1630, 1629, 1634, -1,
      1634, 1629, 1628, -1,
      1634, 1628, 1635, -1,
      1635, 1628, 1627, -1,
      1635, 1627, 1636, -1,
      1636, 1627, 1626, -1,
      1636, 1626, 1637, -1,
      1637, 1626, 1625, -1,
      1637, 1625, 1616, -1,
      1616, 1625, 1623, -1,
      1616, 1623, 1624, -1,
      1676, 1675, 1678, -1,
      1678, 1675, 1674, -1,
      1678, 1674, 1679, -1,
      1679, 1674, 1673, -1,
      1679, 1673, 1680, -1,
      1680, 1673, 1672, -1,
      1680, 1672, 1681, -1,
      1681, 1672, 1671, -1,
      1681, 1671, 1638, -1,
      1638, 1671, 1639, -1,
      1621, 1620, 1622, -1,
      1622, 1620, 1619, -1,
      1622, 1619, 1618, -1,
      1659, 1658, 1641, -1,
      1641, 1658, 1657, -1,
      1641, 1657, 1656, -1,
      1670, 1669, 1639, -1,
      1639, 1669, 1668, -1,
      1639, 1668, 1640, -1,
      1640, 1668, 1667, -1,
      1640, 1667, 1666, -1,
      1663, 1662, 1640, -1,
      1640, 1662, 1661, -1,
      1640, 1661, 1641, -1,
      1641, 1661, 1660, -1,
      1641, 1660, 1659, -1,
      1646, 1645, 1653, -1,
      1653, 1645, 1644, -1,
      1656, 1655, 1641, -1,
      1641, 1655, 1654, -1,
      1641, 1654, 1653, -1,
      1644, 1643, 1653, -1,
      1653, 1643, 1642, -1,
      1653, 1642, 1641, -1,
      1666, 1665, 1640, -1,
      1640, 1665, 1664, -1,
      1640, 1664, 1663, -1,
      1652, 1648, 1653, -1,
      1653, 1648, 1647, -1,
      1653, 1647, 1646, -1,
      1651, 1650, 1652, -1,
      1652, 1650, 1649, -1,
      1652, 1649, 1648, -1,
      1682, 1163, 1683, -1,
      1683, 1163, 1162, -1,
      1163, 1682, 1684, -1,
      1163, 1684, 1165, -1,
      1165, 1684, 1685, -1,
      1165, 1685, 1182, -1,
      1182, 1685, 1686, -1,
      1182, 1686, 1181, -1,
      1687, 1166, 1686, -1,
      1686, 1166, 1181, -1,
      1688, 1242, 1687, -1,
      1687, 1242, 1166, -1,
      1242, 1688, 1689, -1,
      1242, 1689, 1216, -1,
      1216, 1689, 1690, -1,
      1216, 1690, 1217, -1,
      1217, 1690, 1691, -1,
      1217, 1691, 1218, -1,
      1218, 1691, 1692, -1,
      1218, 1692, 1194, -1,
      1194, 1692, 1693, -1,
      1194, 1693, 1214, -1,
      1214, 1693, 1694, -1,
      1214, 1694, 1215, -1,
      1215, 1694, 1695, -1,
      1215, 1695, 1174, -1,
      1174, 1695, 1696, -1,
      1174, 1696, 1171, -1,
      1171, 1696, 1697, -1,
      1171, 1697, 1172, -1,
      1172, 1697, 1698, -1,
      1172, 1698, 1219, -1,
      1219, 1698, 1699, -1,
      1219, 1699, 1220, -1,
      1700, 1197, 1699, -1,
      1699, 1197, 1220, -1,
      1701, 1198, 1700, -1,
      1700, 1198, 1197, -1,
      1702, 1199, 1701, -1,
      1701, 1199, 1198, -1,
      1199, 1702, 1703, -1,
      1199, 1703, 1222, -1,
      1222, 1703, 1704, -1,
      1222, 1704, 1221, -1,
      1705, 1173, 1704, -1,
      1704, 1173, 1221, -1,
      1706, 1187, 1705, -1,
      1705, 1187, 1173, -1,
      1187, 1706, 1707, -1,
      1187, 1707, 1188, -1,
      1188, 1707, 1708, -1,
      1188, 1708, 1189, -1,
      1189, 1708, 1709, -1,
      1189, 1709, 1153, -1,
      1153, 1709, 1710, -1,
      1153, 1710, 1154, -1,
      1154, 1710, 1711, -1,
      1154, 1711, 1175, -1,
      1175, 1711, 1712, -1,
      1175, 1712, 1176, -1,
      1176, 1712, 1713, -1,
      1176, 1713, 1155, -1,
      1155, 1713, 1714, -1,
      1155, 1714, 1156, -1,
      1156, 1714, 1715, -1,
      1156, 1715, 1223, -1,
      1223, 1715, 1716, -1,
      1223, 1716, 1224, -1,
      1224, 1716, 1717, -1,
      1224, 1717, 1225, -1,
      1718, 1233, 1717, -1,
      1717, 1233, 1225, -1,
      1233, 1718, 1719, -1,
      1233, 1719, 1234, -1,
      1234, 1719, 1720, -1,
      1234, 1720, 1200, -1,
      1721, 1201, 1720, -1,
      1720, 1201, 1200, -1,
      1201, 1721, 1722, -1,
      1201, 1722, 1202, -1,
      1202, 1722, 1723, -1,
      1202, 1723, 1178, -1,
      1178, 1723, 1724, -1,
      1178, 1724, 1177, -1,
      1177, 1724, 1725, -1,
      1177, 1725, 1149, -1,
      1149, 1725, 1726, -1,
      1149, 1726, 1150, -1,
      1150, 1726, 1727, -1,
      1150, 1727, 1151, -1,
      1151, 1727, 1728, -1,
      1151, 1728, 1152, -1,
      1152, 1728, 1729, -1,
      1152, 1729, 1203, -1,
      1203, 1729, 1730, -1,
      1203, 1730, 1204, -1,
      1204, 1730, 1731, -1,
      1204, 1731, 1205, -1,
      1205, 1731, 1732, -1,
      1205, 1732, 1243, -1,
      1243, 1732, 1733, -1,
      1243, 1733, 1244, -1,
      1734, 1245, 1733, -1,
      1733, 1245, 1244, -1,
      1245, 1734, 1735, -1,
      1245, 1735, 1248, -1,
      1248, 1735, 1736, -1,
      1248, 1736, 1247, -1,
      1737, 1246, 1736, -1,
      1736, 1246, 1247, -1,
      1246, 1737, 1738, -1,
      1246, 1738, 1235, -1,
      1235, 1738, 1739, -1,
      1235, 1739, 1236, -1,
      1236, 1739, 1740, -1,
      1236, 1740, 1237, -1,
      1237, 1740, 1741, -1,
      1237, 1741, 1206, -1,
      1206, 1741, 1742, -1,
      1206, 1742, 1207, -1,
      1207, 1742, 1743, -1,
      1207, 1743, 1208, -1,
      1208, 1743, 1744, -1,
      1208, 1744, 1226, -1,
      1226, 1744, 1745, -1,
      1226, 1745, 1227, -1,
      1227, 1745, 1746, -1,
      1227, 1746, 1157, -1,
      1157, 1746, 1747, -1,
      1157, 1747, 1158, -1,
      1158, 1747, 1748, -1,
      1158, 1748, 1159, -1,
      1159, 1748, 1749, -1,
      1159, 1749, 1185, -1,
      1185, 1749, 1750, -1,
      1185, 1750, 1186, -1,
      1186, 1750, 1751, -1,
      1186, 1751, 1160, -1,
      1160, 1751, 1752, -1,
      1160, 1752, 1161, -1,
      1161, 1752, 1753, -1,
      1161, 1753, 1209, -1,
      1209, 1753, 1754, -1,
      1209, 1754, 1210, -1,
      1755, 1211, 1754, -1,
      1754, 1211, 1210, -1,
      1211, 1755, 1756, -1,
      1211, 1756, 1228, -1,
      1228, 1756, 1757, -1,
      1228, 1757, 1229, -1,
      1758, 1230, 1757, -1,
      1757, 1230, 1229, -1,
      1230, 1758, 1759, -1,
      1230, 1759, 1238, -1,
      1238, 1759, 1760, -1,
      1238, 1760, 1239, -1,
      1761, 1231, 1760, -1,
      1760, 1231, 1239, -1,
      1231, 1761, 1762, -1,
      1231, 1762, 1232, -1,
      1232, 1762, 1763, -1,
      1232, 1763, 1240, -1,
      1240, 1763, 1764, -1,
      1240, 1764, 1241, -1,
      1765, 1169, 1764, -1,
      1764, 1169, 1241, -1,
      1766, 1170, 1765, -1,
      1765, 1170, 1169, -1,
      1170, 1766, 1767, -1,
      1170, 1767, 1212, -1,
      1212, 1767, 1768, -1,
      1212, 1768, 1213, -1,
      1213, 1768, 1769, -1,
      1213, 1769, 1183, -1,
      1183, 1769, 1770, -1,
      1183, 1770, 1184, -1,
      1184, 1770, 1771, -1,
      1184, 1771, 1190, -1,
      1190, 1771, 1772, -1,
      1190, 1772, 1191, -1,
      1191, 1772, 1773, -1,
      1191, 1773, 1192, -1,
      1192, 1773, 1774, -1,
      1192, 1774, 1193, -1,
      1193, 1774, 1775, -1,
      1193, 1775, 1195, -1,
      1195, 1775, 1776, -1,
      1195, 1776, 1196, -1,
      1196, 1776, 1777, -1,
      1196, 1777, 1167, -1,
      1778, 1168, 1777, -1,
      1777, 1168, 1167, -1,
      1168, 1778, 1779, -1,
      1168, 1779, 1179, -1,
      1179, 1779, 1780, -1,
      1179, 1780, 1180, -1,
      1781, 1164, 1780, -1,
      1780, 1164, 1180, -1,
      1781, 1683, 1164, -1,
      1164, 1683, 1162, -1,
      1718, 1703, 1702, -1,
      1686, 1685, 1699, -1,
      1718, 1717, 1706, -1,
      1706, 1717, 1716, -1,
      1734, 1733, 1701, -1,
      1701, 1733, 1732, -1,
      1701, 1732, 1731, -1,
      1781, 1737, 1683, -1,
      1683, 1737, 1736, -1,
      1703, 1718, 1704, -1,
      1704, 1718, 1706, -1,
      1704, 1706, 1705, -1,
      1725, 1724, 1701, -1,
      1701, 1724, 1723, -1,
      1701, 1723, 1722, -1,
      1745, 1744, 1781, -1,
      1781, 1744, 1743, -1,
      1722, 1721, 1701, -1,
      1701, 1721, 1720, -1,
      1701, 1720, 1702, -1,
      1702, 1720, 1719, -1,
      1702, 1719, 1718, -1,
      1731, 1730, 1701, -1,
      1701, 1730, 1729, -1,
      1701, 1729, 1728, -1,
      1685, 1684, 1699, -1,
      1699, 1684, 1682, -1,
      1699, 1682, 1700, -1,
      1769, 1768, 1774, -1,
      1777, 1767, 1766, -1,
      1709, 1708, 1707, -1,
      1682, 1683, 1700, -1,
      1700, 1683, 1736, -1,
      1700, 1736, 1701, -1,
      1701, 1736, 1735, -1,
      1701, 1735, 1734, -1,
      1691, 1690, 1698, -1,
      1698, 1690, 1699, -1,
      1687, 1686, 1688, -1,
      1688, 1686, 1699, -1,
      1688, 1699, 1689, -1,
      1689, 1699, 1690, -1,
      1781, 1749, 1748, -1,
      1740, 1739, 1781, -1,
      1781, 1739, 1738, -1,
      1781, 1738, 1737, -1,
      1774, 1768, 1775, -1,
      1781, 1759, 1758, -1,
      1716, 1715, 1706, -1,
      1706, 1715, 1714, -1,
      1706, 1714, 1713, -1,
      1728, 1727, 1701, -1,
      1701, 1727, 1726, -1,
      1701, 1726, 1725, -1,
      1758, 1757, 1781, -1,
      1781, 1757, 1756, -1,
      1781, 1756, 1755, -1,
      1713, 1712, 1706, -1,
      1706, 1712, 1711, -1,
      1706, 1711, 1707, -1,
      1707, 1711, 1710, -1,
      1707, 1710, 1709, -1,
      1748, 1747, 1781, -1,
      1781, 1747, 1746, -1,
      1781, 1746, 1745, -1,
      1767, 1777, 1768, -1,
      1768, 1777, 1776, -1,
      1768, 1776, 1775, -1,
      1773, 1772, 1771, -1,
      1766, 1765, 1777, -1,
      1777, 1765, 1764, -1,
      1777, 1764, 1778, -1,
      1778, 1764, 1763, -1,
      1778, 1763, 1779, -1,
      1779, 1763, 1762, -1,
      1779, 1762, 1780, -1,
      1780, 1762, 1761, -1,
      1780, 1761, 1781, -1,
      1781, 1761, 1760, -1,
      1781, 1760, 1759, -1,
      1755, 1754, 1781, -1,
      1781, 1754, 1753, -1,
      1781, 1753, 1752, -1,
      1698, 1697, 1691, -1,
      1691, 1697, 1696, -1,
      1691, 1696, 1695, -1,
      1743, 1742, 1781, -1,
      1781, 1742, 1741, -1,
      1781, 1741, 1740, -1,
      1773, 1771, 1774, -1,
      1774, 1771, 1770, -1,
      1774, 1770, 1769, -1,
      1752, 1751, 1781, -1,
      1781, 1751, 1750, -1,
      1781, 1750, 1749, -1,
      1694, 1693, 1695, -1,
      1695, 1693, 1692, -1,
      1695, 1692, 1691, -1,
      1782, 408, 1783, -1,
      1783, 408, 407, -1,
      408, 1782, 1784, -1,
      408, 1784, 406, -1,
      406, 1784, 1785, -1,
      406, 1785, 404, -1,
      1786, 410, 1785, -1,
      1785, 410, 404, -1,
      410, 1786, 1787, -1,
      410, 1787, 387, -1,
      387, 1787, 1788, -1,
      387, 1788, 385, -1,
      1789, 367, 1788, -1,
      1788, 367, 385, -1,
      1790, 368, 1789, -1,
      1789, 368, 367, -1,
      368, 1790, 1791, -1,
      368, 1791, 356, -1,
      356, 1791, 1792, -1,
      356, 1792, 357, -1,
      357, 1792, 1793, -1,
      357, 1793, 358, -1,
      358, 1793, 1794, -1,
      358, 1794, 359, -1,
      359, 1794, 1795, -1,
      359, 1795, 369, -1,
      369, 1795, 1796, -1,
      369, 1796, 370, -1,
      370, 1796, 1797, -1,
      370, 1797, 371, -1,
      371, 1797, 1798, -1,
      371, 1798, 372, -1,
      372, 1798, 1799, -1,
      372, 1799, 373, -1,
      373, 1799, 1800, -1,
      373, 1800, 360, -1,
      360, 1800, 1801, -1,
      360, 1801, 361, -1,
      361, 1801, 1802, -1,
      361, 1802, 317, -1,
      317, 1802, 1803, -1,
      317, 1803, 422, -1,
      422, 1803, 1804, -1,
      422, 1804, 424, -1,
      424, 1804, 1805, -1,
      424, 1805, 423, -1,
      423, 1805, 1806, -1,
      423, 1806, 421, -1,
      1807, 420, 1806, -1,
      1806, 420, 421, -1,
      1808, 419, 1807, -1,
      1807, 419, 420, -1,
      1809, 315, 1808, -1,
      1808, 315, 419, -1,
      315, 1809, 316, -1,
      316, 1809, 1810, -1,
      316, 1810, 432, -1,
      432, 1810, 343, -1,
      343, 1810, 1811, -1,
      343, 1811, 344, -1,
      344, 1811, 1812, -1,
      344, 1812, 362, -1,
      1813, 363, 1812, -1,
      1812, 363, 362, -1,
      363, 1813, 1814, -1,
      363, 1814, 324, -1,
      324, 1814, 1815, -1,
      324, 1815, 325, -1,
      325, 1815, 1816, -1,
      325, 1816, 326, -1,
      326, 1816, 1817, -1,
      326, 1817, 327, -1,
      327, 1817, 1818, -1,
      327, 1818, 393, -1,
      393, 1818, 1819, -1,
      393, 1819, 394, -1,
      394, 1819, 1820, -1,
      394, 1820, 350, -1,
      350, 1820, 1821, -1,
      350, 1821, 351, -1,
      1822, 352, 1821, -1,
      1821, 352, 351, -1,
      352, 1822, 1823, -1,
      352, 1823, 349, -1,
      349, 1823, 1824, -1,
      349, 1824, 347, -1,
      1825, 345, 1824, -1,
      1824, 345, 347, -1,
      345, 1825, 1826, -1,
      345, 1826, 346, -1,
      346, 1826, 1827, -1,
      346, 1827, 348, -1,
      348, 1827, 1828, -1,
      348, 1828, 392, -1,
      392, 1828, 1829, -1,
      392, 1829, 391, -1,
      391, 1829, 1830, -1,
      391, 1830, 374, -1,
      374, 1830, 1831, -1,
      374, 1831, 375, -1,
      375, 1831, 1832, -1,
      375, 1832, 376, -1,
      376, 1832, 1833, -1,
      376, 1833, 377, -1,
      377, 1833, 1834, -1,
      377, 1834, 328, -1,
      328, 1834, 1835, -1,
      328, 1835, 329, -1,
      329, 1835, 1836, -1,
      329, 1836, 330, -1,
      330, 1836, 1837, -1,
      330, 1837, 320, -1,
      320, 1837, 1838, -1,
      320, 1838, 319, -1,
      319, 1838, 1839, -1,
      319, 1839, 318, -1,
      318, 1839, 1840, -1,
      318, 1840, 378, -1,
      378, 1840, 1841, -1,
      378, 1841, 379, -1,
      379, 1841, 1842, -1,
      379, 1842, 380, -1,
      380, 1842, 1843, -1,
      380, 1843, 331, -1,
      331, 1843, 1844, -1,
      331, 1844, 332, -1,
      332, 1844, 1845, -1,
      332, 1845, 333, -1,
      333, 1845, 1846, -1,
      333, 1846, 353, -1,
      353, 1846, 1847, -1,
      353, 1847, 354, -1,
      354, 1847, 1848, -1,
      354, 1848, 355, -1,
      355, 1848, 1849, -1,
      355, 1849, 381, -1,
      1850, 366, 1849, -1,
      1849, 366, 381, -1,
      1851, 321, 1850, -1,
      1850, 321, 366, -1,
      321, 1851, 1852, -1,
      321, 1852, 337, -1,
      337, 1852, 1853, -1,
      337, 1853, 425, -1,
      425, 1853, 1854, -1,
      425, 1854, 426, -1,
      426, 1854, 1855, -1,
      426, 1855, 427, -1,
      427, 1855, 1856, -1,
      427, 1856, 411, -1,
      411, 1856, 1857, -1,
      411, 1857, 388, -1,
      388, 1857, 1858, -1,
      388, 1858, 389, -1,
      389, 1858, 1859, -1,
      389, 1859, 412, -1,
      412, 1859, 1860, -1,
      412, 1860, 413, -1,
      413, 1860, 1861, -1,
      413, 1861, 415, -1,
      415, 1861, 1862, -1,
      415, 1862, 414, -1,
      414, 1862, 1863, -1,
      414, 1863, 390, -1,
      390, 1863, 1864, -1,
      390, 1864, 338, -1,
      338, 1864, 1865, -1,
      338, 1865, 339, -1,
      339, 1865, 1866, -1,
      339, 1866, 322, -1,
      322, 1866, 1867, -1,
      322, 1867, 323, -1,
      323, 1867, 1868, -1,
      323, 1868, 340, -1,
      340, 1868, 1869, -1,
      340, 1869, 341, -1,
      341, 1869, 1870, -1,
      341, 1870, 342, -1,
      342, 1870, 1871, -1,
      342, 1871, 382, -1,
      382, 1871, 1872, -1,
      382, 1872, 395, -1,
      395, 1872, 1873, -1,
      395, 1873, 396, -1,
      396, 1873, 1874, -1,
      396, 1874, 334, -1,
      1875, 335, 1874, -1,
      1874, 335, 334, -1,
      1876, 336, 1875, -1,
      1875, 336, 335, -1,
      336, 1876, 1877, -1,
      336, 1877, 399, -1,
      399, 1877, 1878, -1,
      399, 1878, 400, -1,
      400, 1878, 1879, -1,
      400, 1879, 401, -1,
      401, 1879, 1880, -1,
      401, 1880, 402, -1,
      402, 1880, 1881, -1,
      402, 1881, 403, -1,
      403, 1881, 1882, -1,
      403, 1882, 428, -1,
      428, 1882, 1883, -1,
      428, 1883, 429, -1,
      429, 1883, 1884, -1,
      429, 1884, 397, -1,
      397, 1884, 1885, -1,
      397, 1885, 398, -1,
      398, 1885, 1886, -1,
      398, 1886, 416, -1,
      416, 1886, 1887, -1,
      416, 1887, 417, -1,
      417, 1887, 1888, -1,
      417, 1888, 418, -1,
      1889, 430, 1888, -1,
      1888, 430, 418, -1,
      430, 1889, 1890, -1,
      430, 1890, 431, -1,
      431, 1890, 1891, -1,
      431, 1891, 364, -1,
      364, 1891, 1892, -1,
      364, 1892, 365, -1,
      365, 1892, 1893, -1,
      365, 1893, 383, -1,
      1894, 384, 1893, -1,
      1893, 384, 383, -1,
      1895, 386, 1894, -1,
      1894, 386, 384, -1,
      386, 1895, 1896, -1,
      386, 1896, 409, -1,
      409, 1896, 1897, -1,
      409, 1897, 405, -1,
      405, 1897, 1783, -1,
      405, 1783, 407, -1,
      1877, 1876, 1882, -1,
      1825, 1889, 1875, -1,
      1875, 1889, 1888, -1,
      1875, 1888, 1876, -1,
      1808, 1782, 1809, -1,
      1809, 1782, 1813, -1,
      1856, 1855, 1845, -1,
      1813, 1812, 1809, -1,
      1809, 1812, 1811, -1,
      1809, 1811, 1810, -1,
      1782, 1783, 1823, -1,
      1823, 1783, 1824, -1,
      1880, 1879, 1878, -1,
      1845, 1855, 1846, -1,
      1846, 1855, 1854, -1,
      1846, 1854, 1847, -1,
      1891, 1894, 1892, -1,
      1892, 1894, 1893, -1,
      1888, 1887, 1876, -1,
      1876, 1887, 1886, -1,
      1876, 1886, 1885, -1,
      1845, 1844, 1856, -1,
      1856, 1844, 1843, -1,
      1856, 1843, 1857, -1,
      1857, 1843, 1842, -1,
      1857, 1842, 1858, -1,
      1858, 1842, 1841, -1,
      1858, 1841, 1859, -1,
      1891, 1890, 1894, -1,
      1894, 1890, 1889, -1,
      1894, 1889, 1895, -1,
      1895, 1889, 1825, -1,
      1895, 1825, 1896, -1,
      1896, 1825, 1824, -1,
      1896, 1824, 1897, -1,
      1897, 1824, 1783, -1,
      1823, 1822, 1782, -1,
      1782, 1822, 1821, -1,
      1782, 1821, 1813, -1,
      1813, 1821, 1820, -1,
      1813, 1820, 1814, -1,
      1814, 1820, 1815, -1,
      1885, 1884, 1876, -1,
      1876, 1884, 1883, -1,
      1876, 1883, 1882, -1,
      1877, 1882, 1878, -1,
      1878, 1882, 1881, -1,
      1878, 1881, 1880, -1,
      1787, 1807, 1788, -1,
      1788, 1807, 1806, -1,
      1788, 1806, 1789, -1,
      1789, 1806, 1805, -1,
      1789, 1805, 1790, -1,
      1790, 1805, 1804, -1,
      1790, 1804, 1803, -1,
      1820, 1819, 1815, -1,
      1815, 1819, 1818, -1,
      1815, 1818, 1816, -1,
      1816, 1818, 1817, -1,
      1864, 1863, 1836, -1,
      1836, 1863, 1862, -1,
      1836, 1862, 1837, -1,
      1837, 1862, 1861, -1,
      1837, 1861, 1838, -1,
      1838, 1861, 1860, -1,
      1838, 1860, 1839, -1,
      1839, 1860, 1859, -1,
      1839, 1859, 1840, -1,
      1840, 1859, 1841, -1,
      1851, 1850, 1852, -1,
      1852, 1850, 1849, -1,
      1854, 1853, 1847, -1,
      1847, 1853, 1852, -1,
      1847, 1852, 1848, -1,
      1848, 1852, 1849, -1,
      1787, 1786, 1807, -1,
      1807, 1786, 1785, -1,
      1807, 1785, 1808, -1,
      1808, 1785, 1784, -1,
      1808, 1784, 1782, -1,
      1801, 1800, 1799, -1,
      1797, 1796, 1802, -1,
      1802, 1796, 1795, -1,
      1802, 1795, 1794, -1,
      1794, 1793, 1802, -1,
      1802, 1793, 1792, -1,
      1802, 1792, 1803, -1,
      1803, 1792, 1791, -1,
      1803, 1791, 1790, -1,
      1801, 1799, 1802, -1,
      1802, 1799, 1798, -1,
      1802, 1798, 1797, -1,
      1875, 1874, 1825, -1,
      1825, 1874, 1873, -1,
      1825, 1873, 1826, -1,
      1826, 1873, 1872, -1,
      1826, 1872, 1827, -1,
      1827, 1872, 1871, -1,
      1827, 1871, 1828, -1,
      1828, 1871, 1870, -1,
      1828, 1870, 1829, -1,
      1829, 1870, 1869, -1,
      1829, 1869, 1830, -1,
      1830, 1869, 1831, -1,
      1869, 1868, 1831, -1,
      1831, 1868, 1867, -1,
      1831, 1867, 1832, -1,
      1832, 1867, 1866, -1,
      1832, 1866, 1833, -1,
      1833, 1866, 1865, -1,
      1833, 1865, 1834, -1,
      1834, 1865, 1864, -1,
      1834, 1864, 1835, -1,
      1835, 1864, 1836, -1,
      1898, 275, 1899, -1,
      1899, 275, 276, -1,
      275, 1898, 267, -1,
      267, 1898, 1900, -1,
      267, 1900, 303, -1,
      303, 1900, 1901, -1,
      303, 1901, 298, -1,
      1902, 297, 1901, -1,
      1901, 297, 298, -1,
      297, 1902, 1903, -1,
      297, 1903, 296, -1,
      296, 1903, 1904, -1,
      296, 1904, 295, -1,
      295, 1904, 1905, -1,
      295, 1905, 304, -1,
      304, 1905, 1906, -1,
      304, 1906, 305, -1,
      305, 1906, 1907, -1,
      305, 1907, 306, -1,
      1908, 308, 1907, -1,
      1907, 308, 306, -1,
      308, 1908, 1909, -1,
      308, 1909, 309, -1,
      309, 1909, 1910, -1,
      309, 1910, 307, -1,
      307, 1910, 1911, -1,
      307, 1911, 301, -1,
      301, 1911, 1912, -1,
      301, 1912, 302, -1,
      302, 1912, 1913, -1,
      302, 1913, 310, -1,
      310, 1913, 1914, -1,
      310, 1914, 311, -1,
      311, 1914, 1915, -1,
      311, 1915, 312, -1,
      312, 1915, 1916, -1,
      312, 1916, 313, -1,
      313, 1916, 1917, -1,
      313, 1917, 314, -1,
      1918, 299, 1917, -1,
      1917, 299, 314, -1,
      1919, 300, 1918, -1,
      1918, 300, 299, -1,
      300, 1919, 294, -1,
      294, 1919, 1920, -1,
      294, 1920, 293, -1,
      293, 1920, 1921, -1,
      293, 1921, 292, -1,
      1922, 291, 1921, -1,
      1921, 291, 292, -1,
      291, 1922, 290, -1,
      290, 1922, 1923, -1,
      290, 1923, 289, -1,
      289, 1923, 281, -1,
      281, 1923, 1924, -1,
      281, 1924, 282, -1,
      1925, 286, 1924, -1,
      1924, 286, 282, -1,
      286, 1925, 1926, -1,
      286, 1926, 287, -1,
      287, 1926, 1927, -1,
      287, 1927, 288, -1,
      288, 1927, 1928, -1,
      288, 1928, 283, -1,
      283, 1928, 1929, -1,
      283, 1929, 284, -1,
      284, 1929, 1930, -1,
      284, 1930, 285, -1,
      285, 1930, 280, -1,
      280, 1930, 1931, -1,
      280, 1931, 279, -1,
      1932, 277, 1931, -1,
      1931, 277, 279, -1,
      1932, 1933, 264, -1,
      264, 263, 1932, -1,
      1932, 263, 278, -1,
      1932, 278, 277, -1,
      264, 1933, 1934, -1,
      264, 1934, 268, -1,
      268, 1934, 1935, -1,
      268, 1935, 269, -1,
      1936, 265, 1935, -1,
      1935, 265, 269, -1,
      265, 1936, 1937, -1,
      265, 1937, 266, -1,
      266, 1937, 1938, -1,
      266, 1938, 273, -1,
      273, 1938, 1939, -1,
      273, 1939, 274, -1,
      1940, 270, 1939, -1,
      1939, 270, 274, -1,
      1941, 271, 1940, -1,
      1940, 271, 270, -1,
      271, 1941, 1942, -1,
      271, 1942, 272, -1,
      272, 1942, 1899, -1,
      272, 1899, 276, -1,
      1919, 1918, 1901, -1,
      1930, 1936, 1935, -1,
      1924, 1941, 1925, -1,
      1925, 1941, 1940, -1,
      1925, 1940, 1926, -1,
      1926, 1940, 1939, -1,
      1926, 1939, 1927, -1,
      1932, 1931, 1933, -1,
      1933, 1931, 1930, -1,
      1933, 1930, 1934, -1,
      1934, 1930, 1935, -1,
      1908, 1916, 1909, -1,
      1909, 1916, 1910, -1,
      1904, 1903, 1905, -1,
      1905, 1903, 1902, -1,
      1905, 1902, 1906, -1,
      1906, 1902, 1901, -1,
      1906, 1901, 1907, -1,
      1907, 1901, 1918, -1,
      1907, 1918, 1908, -1,
      1908, 1918, 1917, -1,
      1908, 1917, 1916, -1,
      1924, 1923, 1941, -1,
      1941, 1923, 1922, -1,
      1941, 1922, 1942, -1,
      1942, 1922, 1921, -1,
      1942, 1921, 1899, -1,
      1899, 1921, 1920, -1,
      1899, 1920, 1898, -1,
      1898, 1920, 1919, -1,
      1898, 1919, 1900, -1,
      1900, 1919, 1901, -1,
      1930, 1929, 1936, -1,
      1936, 1929, 1928, -1,
      1936, 1928, 1937, -1,
      1937, 1928, 1927, -1,
      1937, 1927, 1938, -1,
      1938, 1927, 1939, -1,
      1916, 1915, 1910, -1,
      1910, 1915, 1914, -1,
      1910, 1914, 1911, -1,
      1911, 1914, 1913, -1,
      1911, 1913, 1912, -1,
      1943, 167, 1944, -1,
      1944, 167, 166, -1,
      167, 1943, 1945, -1,
      167, 1945, 165, -1,
      165, 1945, 1946, -1,
      165, 1946, 163, -1,
      1947, 169, 1946, -1,
      1946, 169, 163, -1,
      151, 169, 1948, -1,
      1948, 169, 1947, -1,
      151, 1948, 147, -1,
      147, 1948, 1949, -1,
      147, 1949, 196, -1,
      1950, 194, 1949, -1,
      1949, 194, 196, -1,
      1951, 202, 1950, -1,
      1950, 202, 194, -1,
      202, 1951, 1952, -1,
      202, 1952, 203, -1,
      203, 1952, 1953, -1,
      203, 1953, 204, -1,
      204, 1953, 1954, -1,
      204, 1954, 205, -1,
      205, 1954, 1955, -1,
      205, 1955, 206, -1,
      206, 1955, 1956, -1,
      206, 1956, 207, -1,
      207, 1956, 1957, -1,
      207, 1957, 208, -1,
      208, 1957, 1958, -1,
      208, 1958, 209, -1,
      209, 1958, 1959, -1,
      209, 1959, 210, -1,
      210, 1959, 1960, -1,
      210, 1960, 211, -1,
      211, 1960, 1961, -1,
      211, 1961, 212, -1,
      212, 1961, 1962, -1,
      212, 1962, 213, -1,
      213, 1962, 1963, -1,
      213, 1963, 214, -1,
      214, 1963, 1964, -1,
      214, 1964, 215, -1,
      215, 1964, 1965, -1,
      215, 1965, 216, -1,
      216, 1965, 1966, -1,
      216, 1966, 217, -1,
      217, 1966, 1967, -1,
      217, 1967, 218, -1,
      218, 1967, 262, -1,
      262, 1967, 1968, -1,
      262, 1968, 261, -1,
      1969, 260, 1968, -1,
      1968, 260, 261, -1,
      1970, 258, 1969, -1,
      1969, 258, 260, -1,
      258, 1970, 259, -1,
      259, 1970, 1971, -1,
      259, 1971, 257, -1,
      257, 1971, 234, -1,
      234, 1971, 1972, -1,
      234, 1972, 235, -1,
      235, 1972, 1973, -1,
      235, 1973, 247, -1,
      1974, 248, 1973, -1,
      1973, 248, 247, -1,
      248, 1974, 1975, -1,
      248, 1975, 227, -1,
      227, 1975, 1976, -1,
      227, 1976, 228, -1,
      228, 1976, 1977, -1,
      228, 1977, 229, -1,
      229, 1977, 1978, -1,
      229, 1978, 230, -1,
      230, 1978, 1979, -1,
      230, 1979, 246, -1,
      246, 1979, 1980, -1,
      246, 1980, 244, -1,
      244, 1980, 1981, -1,
      244, 1981, 251, -1,
      251, 1981, 1982, -1,
      251, 1982, 249, -1,
      1983, 236, 1982, -1,
      1982, 236, 249, -1,
      236, 1983, 1984, -1,
      236, 1984, 237, -1,
      237, 1984, 1985, -1,
      237, 1985, 239, -1,
      1986, 241, 1985, -1,
      1985, 241, 239, -1,
      241, 1986, 1987, -1,
      241, 1987, 240, -1,
      240, 1987, 1988, -1,
      240, 1988, 238, -1,
      238, 1988, 1989, -1,
      238, 1989, 250, -1,
      250, 1989, 1990, -1,
      250, 1990, 252, -1,
      252, 1990, 1991, -1,
      252, 1991, 242, -1,
      242, 1991, 1992, -1,
      242, 1992, 243, -1,
      243, 1992, 1993, -1,
      243, 1993, 245, -1,
      245, 1993, 1994, -1,
      245, 1994, 253, -1,
      253, 1994, 1995, -1,
      253, 1995, 231, -1,
      231, 1995, 1996, -1,
      231, 1996, 232, -1,
      232, 1996, 1997, -1,
      232, 1997, 233, -1,
      233, 1997, 1998, -1,
      233, 1998, 223, -1,
      223, 1998, 1999, -1,
      223, 1999, 222, -1,
      222, 1999, 2000, -1,
      222, 2000, 221, -1,
      221, 2000, 2001, -1,
      221, 2001, 254, -1,
      254, 2001, 2002, -1,
      254, 2002, 255, -1,
      255, 2002, 2003, -1,
      255, 2003, 256, -1,
      256, 2003, 2004, -1,
      256, 2004, 219, -1,
      219, 2004, 2005, -1,
      219, 2005, 220, -1,
      220, 2005, 2006, -1,
      220, 2006, 224, -1,
      224, 2006, 225, -1,
      225, 2006, 2007, -1,
      225, 2007, 226, -1,
      226, 2007, 2008, -1,
      226, 2008, 199, -1,
      199, 2008, 2009, -1,
      199, 2009, 200, -1,
      200, 2009, 2010, -1,
      200, 2010, 201, -1,
      2011, 195, 2010, -1,
      2010, 195, 201, -1,
      2012, 197, 2011, -1,
      2011, 197, 195, -1,
      2013, 198, 2014, -1,
      2014, 198, 197, -1,
      2014, 197, 2012, -1,
      193, 146, 2013, -1,
      2013, 146, 148, -1,
      2013, 148, 198, -1,
      2013, 2015, 193, -1,
      193, 2015, 2016, -1,
      193, 2016, 186, -1,
      186, 2016, 2017, -1,
      186, 2017, 187, -1,
      187, 2017, 2018, -1,
      187, 2018, 189, -1,
      189, 2018, 2019, -1,
      189, 2019, 190, -1,
      190, 2019, 2020, -1,
      190, 2020, 160, -1,
      160, 2020, 2021, -1,
      160, 2021, 161, -1,
      161, 2021, 2022, -1,
      161, 2022, 174, -1,
      174, 2022, 2023, -1,
      174, 2023, 175, -1,
      175, 2023, 2024, -1,
      175, 2024, 177, -1,
      177, 2024, 2025, -1,
      177, 2025, 178, -1,
      178, 2025, 2026, -1,
      178, 2026, 172, -1,
      172, 2026, 2027, -1,
      172, 2027, 170, -1,
      170, 2027, 2028, -1,
      170, 2028, 154, -1,
      154, 2028, 2029, -1,
      154, 2029, 156, -1,
      156, 2029, 2030, -1,
      156, 2030, 155, -1,
      155, 2030, 2031, -1,
      155, 2031, 153, -1,
      153, 2031, 2032, -1,
      153, 2032, 157, -1,
      157, 2032, 2033, -1,
      157, 2033, 158, -1,
      158, 2033, 2034, -1,
      158, 2034, 159, -1,
      159, 2034, 2035, -1,
      159, 2035, 141, -1,
      2036, 142, 2035, -1,
      2035, 142, 141, -1,
      2037, 143, 2036, -1,
      2036, 143, 142, -1,
      143, 2037, 2038, -1,
      143, 2038, 171, -1,
      171, 2038, 2039, -1,
      171, 2039, 173, -1,
      173, 2039, 2040, -1,
      173, 2040, 176, -1,
      176, 2040, 2041, -1,
      176, 2041, 162, -1,
      162, 2041, 2042, -1,
      162, 2042, 188, -1,
      188, 2042, 2043, -1,
      188, 2043, 179, -1,
      179, 2043, 2044, -1,
      179, 2044, 180, -1,
      180, 2044, 2045, -1,
      180, 2045, 181, -1,
      181, 2045, 2046, -1,
      181, 2046, 182, -1,
      182, 2046, 2047, -1,
      182, 2047, 183, -1,
      183, 2047, 2048, -1,
      183, 2048, 184, -1,
      184, 2048, 2049, -1,
      184, 2049, 185, -1,
      2050, 191, 2049, -1,
      2049, 191, 185, -1,
      191, 2050, 2051, -1,
      191, 2051, 192, -1,
      192, 2051, 2052, -1,
      192, 2052, 144, -1,
      144, 2052, 2053, -1,
      144, 2053, 145, -1,
      145, 2053, 2054, -1,
      145, 2054, 149, -1,
      2055, 150, 2054, -1,
      2054, 150, 149, -1,
      2056, 152, 2055, -1,
      2055, 152, 150, -1,
      152, 2056, 2057, -1,
      152, 2057, 168, -1,
      168, 2057, 2058, -1,
      168, 2058, 164, -1,
      164, 2058, 1944, -1,
      164, 1944, 166, -1,
      2038, 2037, 2043, -1,
      1986, 2050, 2036, -1,
      2036, 2050, 2049, -1,
      2036, 2049, 2037, -1,
      1969, 1943, 1970, -1,
      1970, 1943, 1974, -1,
      2017, 2016, 2006, -1,
      1974, 1973, 1970, -1,
      1970, 1973, 1972, -1,
      1970, 1972, 1971, -1,
      1943, 1944, 1984, -1,
      1984, 1944, 1985, -1,
      2041, 2040, 2039, -1,
      2006, 2016, 2007, -1,
      2007, 2016, 2015, -1,
      2007, 2015, 2008, -1,
      2052, 2055, 2053, -1,
      2053, 2055, 2054, -1,
      2049, 2048, 2037, -1,
      2037, 2048, 2047, -1,
      2037, 2047, 2046, -1,
      2006, 2005, 2017, -1,
      2017, 2005, 2004, -1,
      2017, 2004, 2018, -1,
      2018, 2004, 2003, -1,
      2018, 2003, 2019, -1,
      2019, 2003, 2002, -1,
      2019, 2002, 2020, -1,
      2052, 2051, 2055, -1,
      2055, 2051, 2050, -1,
      2055, 2050, 2056, -1,
      2056, 2050, 1986, -1,
      2056, 1986, 2057, -1,
      2057, 1986, 1985, -1,
      2057, 1985, 2058, -1,
      2058, 1985, 1944, -1,
      1984, 1983, 1943, -1,
      1943, 1983, 1982, -1,
      1943, 1982, 1974, -1,
      1974, 1982, 1981, -1,
      1974, 1981, 1975, -1,
      1975, 1981, 1976, -1,
      2046, 2045, 2037, -1,
      2037, 2045, 2044, -1,
      2037, 2044, 2043, -1,
      2038, 2043, 2039, -1,
      2039, 2043, 2042, -1,
      2039, 2042, 2041, -1,
      1948, 1968, 1949, -1,
      1949, 1968, 1967, -1,
      1949, 1967, 1950, -1,
      1950, 1967, 1966, -1,
      1950, 1966, 1951, -1,
      1951, 1966, 1965, -1,
      1951, 1965, 1964, -1,
      1981, 1980, 1976, -1,
      1976, 1980, 1979, -1,
      1976, 1979, 1977, -1,
      1977, 1979, 1978, -1,
      2025, 2024, 1997, -1,
      1997, 2024, 2023, -1,
      1997, 2023, 1998, -1,
      1998, 2023, 2022, -1,
      1998, 2022, 1999, -1,
      1999, 2022, 2021, -1,
      1999, 2021, 2000, -1,
      2000, 2021, 2020, -1,
      2000, 2020, 2001, -1,
      2001, 2020, 2002, -1,
      2012, 2011, 2014, -1,
      2014, 2011, 2010, -1,
      2015, 2013, 2008, -1,
      2008, 2013, 2014, -1,
      2008, 2014, 2009, -1,
      2009, 2014, 2010, -1,
      1948, 1947, 1968, -1,
      1968, 1947, 1946, -1,
      1968, 1946, 1969, -1,
      1969, 1946, 1945, -1,
      1969, 1945, 1943, -1,
      1962, 1961, 1960, -1,
      1958, 1957, 1963, -1,
      1963, 1957, 1956, -1,
      1963, 1956, 1955, -1,
      1955, 1954, 1963, -1,
      1963, 1954, 1953, -1,
      1963, 1953, 1964, -1,
      1964, 1953, 1952, -1,
      1964, 1952, 1951, -1,
      1962, 1960, 1963, -1,
      1963, 1960, 1959, -1,
      1963, 1959, 1958, -1,
      2036, 2035, 1986, -1,
      1986, 2035, 2034, -1,
      1986, 2034, 1987, -1,
      1987, 2034, 2033, -1,
      1987, 2033, 1988, -1,
      1988, 2033, 2032, -1,
      1988, 2032, 1989, -1,
      1989, 2032, 2031, -1,
      1989, 2031, 1990, -1,
      1990, 2031, 2030, -1,
      1990, 2030, 1991, -1,
      1991, 2030, 1992, -1,
      2030, 2029, 1992, -1,
      1992, 2029, 2028, -1,
      1992, 2028, 1993, -1,
      1993, 2028, 2027, -1,
      1993, 2027, 1994, -1,
      1994, 2027, 2026, -1,
      1994, 2026, 1995, -1,
      1995, 2026, 2025, -1,
      1995, 2025, 1996, -1,
      1996, 2025, 1997, -1,
      2059, 26, 2060, -1,
      2060, 26, 25, -1,
      26, 2059, 2061, -1,
      26, 2061, 27, -1,
      27, 2061, 2062, -1,
      27, 2062, 39, -1,
      39, 2062, 20, -1,
      20, 2062, 2063, -1,
      20, 2063, 65, -1,
      17, 65, 2064, -1,
      2064, 65, 2063, -1,
      17, 2064, 70, -1,
      70, 2064, 2065, -1,
      70, 2065, 76, -1,
      2066, 77, 2065, -1,
      2065, 77, 76, -1,
      2067, 78, 2066, -1,
      2066, 78, 77, -1,
      78, 2067, 2068, -1,
      78, 2068, 79, -1,
      79, 2068, 2069, -1,
      79, 2069, 80, -1,
      80, 2069, 2070, -1,
      80, 2070, 81, -1,
      81, 2070, 2071, -1,
      81, 2071, 82, -1,
      82, 2071, 2072, -1,
      82, 2072, 83, -1,
      83, 2072, 2073, -1,
      83, 2073, 84, -1,
      84, 2073, 2074, -1,
      84, 2074, 85, -1,
      85, 2074, 2075, -1,
      85, 2075, 86, -1,
      86, 2075, 2076, -1,
      86, 2076, 87, -1,
      87, 2076, 2077, -1,
      87, 2077, 88, -1,
      88, 2077, 2078, -1,
      88, 2078, 89, -1,
      89, 2078, 2079, -1,
      89, 2079, 90, -1,
      90, 2079, 2080, -1,
      90, 2080, 91, -1,
      91, 2080, 2081, -1,
      91, 2081, 92, -1,
      92, 2081, 2082, -1,
      92, 2082, 93, -1,
      93, 2082, 2083, -1,
      93, 2083, 94, -1,
      2084, 139, 2083, -1,
      2083, 139, 138, -1,
      2083, 138, 94, -1,
      2085, 135, 2084, -1,
      2084, 135, 140, -1,
      2084, 140, 139, -1,
      2086, 136, 2085, -1,
      2085, 136, 135, -1,
      136, 2086, 137, -1,
      137, 2086, 2087, -1,
      137, 2087, 108, -1,
      108, 2087, 109, -1,
      109, 2087, 2088, -1,
      109, 2088, 110, -1,
      110, 2088, 2089, -1,
      110, 2089, 129, -1,
      2090, 130, 2089, -1,
      2089, 130, 129, -1,
      130, 2090, 2091, -1,
      130, 2091, 107, -1,
      107, 2091, 2092, -1,
      107, 2092, 106, -1,
      106, 2092, 2093, -1,
      106, 2093, 105, -1,
      105, 2093, 2094, -1,
      105, 2094, 117, -1,
      117, 2094, 2095, -1,
      117, 2095, 118, -1,
      118, 2095, 2096, -1,
      118, 2096, 120, -1,
      120, 2096, 2097, -1,
      120, 2097, 133, -1,
      133, 2097, 2098, -1,
      133, 2098, 131, -1,
      2099, 111, 2098, -1,
      2098, 111, 131, -1,
      111, 2099, 2100, -1,
      111, 2100, 112, -1,
      112, 2100, 2101, -1,
      112, 2101, 114, -1,
      2102, 116, 2101, -1,
      2101, 116, 114, -1,
      116, 2102, 2103, -1,
      116, 2103, 115, -1,
      115, 2103, 2104, -1,
      115, 2104, 113, -1,
      113, 2104, 2105, -1,
      113, 2105, 132, -1,
      132, 2105, 2106, -1,
      132, 2106, 134, -1,
      134, 2106, 2107, -1,
      134, 2107, 122, -1,
      122, 2107, 2108, -1,
      122, 2108, 121, -1,
      121, 2108, 2109, -1,
      121, 2109, 119, -1,
      119, 2109, 2110, -1,
      119, 2110, 123, -1,
      123, 2110, 2111, -1,
      123, 2111, 124, -1,
      124, 2111, 2112, -1,
      124, 2112, 125, -1,
      125, 2112, 2113, -1,
      125, 2113, 101, -1,
      101, 2113, 2114, -1,
      101, 2114, 102, -1,
      102, 2114, 2115, -1,
      102, 2115, 103, -1,
      103, 2115, 2116, -1,
      103, 2116, 104, -1,
      104, 2116, 2117, -1,
      104, 2117, 126, -1,
      126, 2117, 2118, -1,
      126, 2118, 127, -1,
      127, 2118, 2119, -1,
      2120, 95, 2121, -1,
      2121, 95, 99, -1,
      2121, 99, 2122, -1,
      2122, 99, 100, -1,
      2122, 100, 2119, -1,
      2119, 100, 128, -1,
      2119, 128, 127, -1,
      98, 97, 2120, -1,
      2120, 97, 96, -1,
      2120, 96, 95, -1,
      2120, 2123, 98, -1,
      98, 2123, 2124, -1,
      98, 2124, 66, -1,
      66, 2124, 2125, -1,
      66, 2125, 67, -1,
      67, 2125, 2126, -1,
      67, 2126, 73, -1,
      2127, 74, 2126, -1,
      2126, 74, 73, -1,
      2128, 75, 2127, -1,
      2127, 75, 74, -1,
      75, 2128, 2129, -1,
      75, 2129, 68, -1,
      68, 2129, 2130, -1,
      68, 2130, 69, -1,
      69, 2130, 71, -1,
      71, 2130, 2131, -1,
      71, 2131, 72, -1,
      72, 2131, 2132, -1,
      72, 2132, 15, -1,
      15, 2132, 16, -1,
      16, 2132, 2133, -1,
      16, 2133, 59, -1,
      59, 2133, 2134, -1,
      59, 2134, 60, -1,
      60, 2134, 2135, -1,
      60, 2135, 61, -1,
      61, 2135, 2136, -1,
      61, 2136, 43, -1,
      43, 2136, 2137, -1,
      43, 2137, 44, -1,
      44, 2137, 2138, -1,
      44, 2138, 50, -1,
      50, 2138, 2139, -1,
      50, 2139, 51, -1,
      51, 2139, 2140, -1,
      51, 2140, 53, -1,
      53, 2140, 2141, -1,
      53, 2141, 54, -1,
      54, 2141, 2142, -1,
      54, 2142, 48, -1,
      48, 2142, 2143, -1,
      48, 2143, 46, -1,
      46, 2143, 2144, -1,
      46, 2144, 33, -1,
      33, 2144, 2145, -1,
      33, 2145, 35, -1,
      35, 2145, 2146, -1,
      35, 2146, 34, -1,
      34, 2146, 2147, -1,
      34, 2147, 32, -1,
      32, 2147, 2148, -1,
      32, 2148, 40, -1,
      40, 2148, 2149, -1,
      40, 2149, 41, -1,
      41, 2149, 2150, -1,
      41, 2150, 42, -1,
      42, 2150, 2151, -1,
      42, 2151, 22, -1,
      2152, 23, 2151, -1,
      2151, 23, 22, -1,
      2153, 24, 2152, -1,
      2152, 24, 23, -1,
      24, 2153, 2154, -1,
      24, 2154, 47, -1,
      47, 2154, 2155, -1,
      47, 2155, 49, -1,
      49, 2155, 2156, -1,
      49, 2156, 52, -1,
      52, 2156, 2157, -1,
      52, 2157, 45, -1,
      45, 2157, 2158, -1,
      45, 2158, 58, -1,
      58, 2158, 2159, -1,
      58, 2159, 64, -1,
      64, 2159, 2160, -1,
      64, 2160, 36, -1,
      36, 2160, 2161, -1,
      36, 2161, 37, -1,
      37, 2161, 2162, -1,
      37, 2162, 38, -1,
      38, 2162, 2163, -1,
      38, 2163, 55, -1,
      55, 2163, 2164, -1,
      55, 2164, 56, -1,
      56, 2164, 2165, -1,
      56, 2165, 57, -1,
      2166, 62, 2165, -1,
      2165, 62, 57, -1,
      62, 2166, 2167, -1,
      62, 2167, 63, -1,
      63, 2167, 2168, -1,
      63, 2168, 28, -1,
      28, 2168, 2169, -1,
      28, 2169, 18, -1,
      18, 2169, 2170, -1,
      18, 2170, 19, -1,
      2171, 21, 2170, -1,
      2170, 21, 19, -1,
      2172, 29, 2171, -1,
      2171, 29, 21, -1,
      29, 2172, 2173, -1,
      29, 2173, 30, -1,
      30, 2173, 2174, -1,
      30, 2174, 31, -1,
      31, 2174, 2060, -1,
      31, 2060, 25, -1,
      2154, 2153, 2159, -1,
      2102, 2166, 2152, -1,
      2152, 2166, 2165, -1,
      2152, 2165, 2153, -1,
      2085, 2059, 2086, -1,
      2086, 2059, 2090, -1,
      2133, 2132, 2120, -1,
      2090, 2089, 2086, -1,
      2086, 2089, 2088, -1,
      2086, 2088, 2087, -1,
      2059, 2060, 2100, -1,
      2100, 2060, 2101, -1,
      2157, 2156, 2155, -1,
      2120, 2132, 2123, -1,
      2123, 2132, 2131, -1,
      2123, 2131, 2124, -1,
      2168, 2171, 2169, -1,
      2169, 2171, 2170, -1,
      2165, 2164, 2153, -1,
      2153, 2164, 2163, -1,
      2153, 2163, 2162, -1,
      2120, 2121, 2133, -1,
      2133, 2121, 2122, -1,
      2133, 2122, 2134, -1,
      2134, 2122, 2119, -1,
      2134, 2119, 2135, -1,
      2135, 2119, 2118, -1,
      2135, 2118, 2136, -1,
      2168, 2167, 2171, -1,
      2171, 2167, 2166, -1,
      2171, 2166, 2172, -1,
      2172, 2166, 2102, -1,
      2172, 2102, 2173, -1,
      2173, 2102, 2101, -1,
      2173, 2101, 2174, -1,
      2174, 2101, 2060, -1,
      2100, 2099, 2059, -1,
      2059, 2099, 2098, -1,
      2059, 2098, 2090, -1,
      2090, 2098, 2097, -1,
      2090, 2097, 2091, -1,
      2091, 2097, 2092, -1,
      2162, 2161, 2153, -1,
      2153, 2161, 2160, -1,
      2153, 2160, 2159, -1,
      2154, 2159, 2155, -1,
      2155, 2159, 2158, -1,
      2155, 2158, 2157, -1,
      2064, 2084, 2065, -1,
      2065, 2084, 2083, -1,
      2065, 2083, 2066, -1,
      2066, 2083, 2082, -1,
      2066, 2082, 2067, -1,
      2067, 2082, 2081, -1,
      2067, 2081, 2080, -1,
      2097, 2096, 2092, -1,
      2092, 2096, 2095, -1,
      2092, 2095, 2093, -1,
      2093, 2095, 2094, -1,
      2141, 2140, 2113, -1,
      2113, 2140, 2139, -1,
      2113, 2139, 2114, -1,
      2114, 2139, 2138, -1,
      2114, 2138, 2115, -1,
      2115, 2138, 2137, -1,
      2115, 2137, 2116, -1,
      2116, 2137, 2136, -1,
      2116, 2136, 2117, -1,
      2117, 2136, 2118, -1,
      2128, 2127, 2129, -1,
      2129, 2127, 2126, -1,
      2131, 2130, 2124, -1,
      2124, 2130, 2129, -1,
      2124, 2129, 2125, -1,
      2125, 2129, 2126, -1,
      2064, 2063, 2084, -1,
      2084, 2063, 2062, -1,
      2084, 2062, 2085, -1,
      2085, 2062, 2061, -1,
      2085, 2061, 2059, -1,
      2078, 2077, 2076, -1,
      2074, 2073, 2079, -1,
      2079, 2073, 2072, -1,
      2079, 2072, 2071, -1,
      2071, 2070, 2079, -1,
      2079, 2070, 2069, -1,
      2079, 2069, 2080, -1,
      2080, 2069, 2068, -1,
      2080, 2068, 2067, -1,
      2078, 2076, 2079, -1,
      2079, 2076, 2075, -1,
      2079, 2075, 2074, -1,
      2152, 2151, 2102, -1,
      2102, 2151, 2150, -1,
      2102, 2150, 2103, -1,
      2103, 2150, 2149, -1,
      2103, 2149, 2104, -1,
      2104, 2149, 2148, -1,
      2104, 2148, 2105, -1,
      2105, 2148, 2147, -1,
      2105, 2147, 2106, -1,
      2106, 2147, 2146, -1,
      2106, 2146, 2107, -1,
      2107, 2146, 2108, -1,
      2146, 2145, 2108, -1,
      2108, 2145, 2144, -1,
      2108, 2144, 2109, -1,
      2109, 2144, 2143, -1,
      2109, 2143, 2110, -1,
      2110, 2143, 2142, -1,
      2110, 2142, 2111, -1,
      2111, 2142, 2141, -1,
      2111, 2141, 2112, -1,
      2112, 2141, 2113, -1,
      2175, 2176, 2177, -1,
      2177, 2176, 2178, -1,
      2177, 2178, 2179, -1,
      2179, 2178, 2180, -1,
      2179, 2180, 2181, -1,
      2182, 2183, 2184, -1,
      2184, 2183, 2185, -1,
      2185, 2183, 2186, -1,
      2185, 2186, 2187, -1,
      2187, 2186, 2188, -1,
      2187, 2188, 2175, -1,
      2175, 2188, 2189, -1,
      2175, 2189, 2176, -1,
      2190, 2191, 2192, -1,
      2192, 2191, 2193, -1,
      2192, 2193, 2194, -1,
      2194, 2193, 2195, -1,
      2194, 2195, 2196, -1,
      2196, 2195, 2197, -1,
      2196, 2197, 2198, -1,
      2198, 2197, 2199, -1,
      2198, 2199, 2200, -1,
      2200, 2199, 2201, -1,
      2200, 2201, 2202, -1,
      2202, 2201, 2203, -1,
      2202, 2203, 2204, -1,
      2192, 2205, 2190, -1,
      2190, 2205, 2206, -1,
      2190, 2206, 2207, -1,
      2207, 2206, 2208, -1,
      2207, 2208, 2209, -1,
      2209, 2208, 2210, -1,
      2209, 2210, 2211, -1,
      2211, 2210, 2212, -1,
      2211, 2212, 2213, -1,
      2213, 2212, 2214, -1,
      2213, 2214, 2215, -1,
      2215, 2214, 2216, -1,
      2215, 2216, 2217, -1,
      2217, 2216, 2218, -1,
      2217, 2218, 2219, -1,
      2219, 2218, 2220, -1,
      2219, 2220, 2221, -1,
      2221, 2220, 2222, -1,
      2221, 2222, 2223, -1,
      2223, 2222, 2224, -1,
      2223, 2224, 2225, -1,
      2225, 2224, 2226, -1,
      2225, 2226, 2227, -1,
      2227, 2226, 2182, -1,
      2227, 2182, 2228, -1,
      2228, 2182, 2184, -1,
      2180, 2229, 2181, -1,
      2181, 2229, 2230, -1,
      2181, 2230, 2231, -1,
      2231, 2230, 2232, -1,
      2231, 2232, 2233, -1,
      2233, 2232, 2234, -1,
      2233, 2234, 2235, -1,
      2235, 2234, 2236, -1,
      2235, 2236, 2237, -1,
      2237, 2236, 2204, -1,
      2204, 2236, 2238, -1,
      2204, 2238, 2202, -1,
      809, 2205, 2192, -1,
      809, 2192, 810, -1,
      810, 2192, 2194, -1,
      810, 2194, 815, -1,
      815, 2194, 2196, -1,
      815, 2196, 816, -1,
      816, 2196, 2198, -1,
      816, 2198, 817, -1,
      817, 2198, 2200, -1,
      817, 2200, 822, -1,
      822, 2200, 2202, -1,
      822, 2202, 823, -1,
      823, 2202, 2238, -1,
      823, 2238, 824, -1,
      824, 2238, 2236, -1,
      824, 2236, 818, -1,
      818, 2236, 2234, -1,
      818, 2234, 819, -1,
      819, 2234, 2232, -1,
      819, 2232, 820, -1,
      820, 2232, 2230, -1,
      820, 2230, 821, -1,
      821, 2230, 2229, -1,
      821, 2229, 811, -1,
      811, 2229, 2180, -1,
      811, 2180, 812, -1,
      812, 2180, 2178, -1,
      812, 2178, 813, -1,
      813, 2178, 814, -1,
      814, 2178, 2176, -1,
      814, 2176, 798, -1,
      798, 2176, 2189, -1,
      798, 2189, 799, -1,
      799, 2189, 800, -1,
      800, 2189, 2188, -1,
      800, 2188, 795, -1,
      795, 2188, 2186, -1,
      795, 2186, 796, -1,
      796, 2186, 2183, -1,
      790, 789, 2183, -1,
      2183, 789, 797, -1,
      2183, 797, 796, -1,
      2183, 2182, 790, -1,
      790, 2182, 2226, -1,
      790, 2226, 791, -1,
      791, 2226, 2224, -1,
      791, 2224, 792, -1,
      792, 2224, 2222, -1,
      792, 2222, 793, -1,
      793, 2222, 2220, -1,
      793, 2220, 794, -1,
      794, 2220, 2218, -1,
      794, 2218, 801, -1,
      801, 2218, 2216, -1,
      801, 2216, 802, -1,
      802, 2216, 803, -1,
      803, 2216, 2214, -1,
      803, 2214, 804, -1,
      804, 2214, 2212, -1,
      804, 2212, 805, -1,
      805, 2212, 2210, -1,
      805, 2210, 806, -1,
      806, 2210, 2208, -1,
      806, 2208, 807, -1,
      807, 2208, 2206, -1,
      807, 2206, 808, -1,
      808, 2206, 2205, -1,
      808, 2205, 809, -1,
      2239, 2175, 2177, -1,
      2239, 2177, 2240, -1,
      2240, 2177, 2179, -1,
      2240, 2179, 2241, -1,
      2241, 2179, 2181, -1,
      2241, 2181, 2242, -1,
      2242, 2181, 2231, -1,
      2242, 2231, 2243, -1,
      2243, 2231, 2233, -1,
      2243, 2233, 2244, -1,
      2244, 2233, 2235, -1,
      2244, 2235, 2245, -1,
      2245, 2235, 2237, -1,
      2245, 2237, 2246, -1,
      2246, 2237, 2204, -1,
      2246, 2204, 2247, -1,
      2247, 2204, 2203, -1,
      2247, 2203, 2248, -1,
      2248, 2203, 2201, -1,
      2248, 2201, 2249, -1,
      2249, 2201, 2199, -1,
      2249, 2199, 2250, -1,
      2250, 2199, 2197, -1,
      2250, 2197, 2251, -1,
      2251, 2197, 2195, -1,
      2251, 2195, 2252, -1,
      2252, 2195, 2193, -1,
      2252, 2193, 2253, -1,
      2253, 2193, 2191, -1,
      2253, 2191, 2254, -1,
      2254, 2191, 2190, -1,
      2254, 2190, 2255, -1,
      2255, 2190, 2207, -1,
      2255, 2207, 2256, -1,
      2256, 2207, 2209, -1,
      2256, 2209, 2257, -1,
      2257, 2209, 2211, -1,
      2257, 2211, 2258, -1,
      2258, 2211, 2213, -1,
      2258, 2213, 2259, -1,
      2259, 2213, 2215, -1,
      2259, 2215, 2260, -1,
      2260, 2215, 2217, -1,
      2260, 2217, 2261, -1,
      2261, 2217, 2219, -1,
      2261, 2219, 2262, -1,
      2262, 2219, 2221, -1,
      2262, 2221, 2263, -1,
      2263, 2221, 2223, -1,
      2263, 2223, 2264, -1,
      2264, 2223, 2225, -1,
      2264, 2225, 2265, -1,
      2265, 2225, 2227, -1,
      2265, 2227, 2266, -1,
      2266, 2227, 2228, -1,
      2266, 2228, 2267, -1,
      2267, 2228, 2184, -1,
      2267, 2184, 2268, -1,
      2268, 2184, 2185, -1,
      2268, 2185, 2269, -1,
      2269, 2185, 2187, -1,
      2269, 2187, 2270, -1,
      2270, 2187, 2175, -1,
      2270, 2175, 2239, -1,
      2271, 859, 2272, -1,
      2272, 859, 858, -1,
      859, 2271, 2273, -1,
      859, 2273, 860, -1,
      860, 2273, 2274, -1,
      860, 2274, 841, -1,
      2275, 834, 2274, -1,
      2274, 834, 841, -1,
      834, 2275, 2276, -1,
      834, 2276, 825, -1,
      825, 2276, 2277, -1,
      825, 2277, 826, -1,
      826, 2277, 2278, -1,
      826, 2278, 827, -1,
      827, 2278, 2279, -1,
      827, 2279, 845, -1,
      845, 2279, 2280, -1,
      845, 2280, 846, -1,
      2281, 828, 2280, -1,
      2280, 828, 846, -1,
      828, 2281, 2282, -1,
      828, 2282, 829, -1,
      829, 2282, 2283, -1,
      829, 2283, 847, -1,
      847, 2283, 2284, -1,
      847, 2284, 848, -1,
      848, 2284, 2285, -1,
      848, 2285, 849, -1,
      849, 2285, 2286, -1,
      849, 2286, 853, -1,
      853, 2286, 2287, -1,
      853, 2287, 854, -1,
      854, 2287, 2288, -1,
      854, 2288, 855, -1,
      855, 2288, 2289, -1,
      855, 2289, 856, -1,
      856, 2289, 2290, -1,
      856, 2290, 857, -1,
      2291, 830, 2290, -1,
      2290, 830, 857, -1,
      2292, 831, 2291, -1,
      2291, 831, 830, -1,
      831, 2292, 2293, -1,
      831, 2293, 832, -1,
      832, 2293, 2294, -1,
      832, 2294, 833, -1,
      2295, 871, 2294, -1,
      2294, 871, 833, -1,
      871, 2295, 870, -1,
      870, 2295, 2296, -1,
      870, 2296, 869, -1,
      2297, 868, 2296, -1,
      2296, 868, 869, -1,
      2298, 1148, 2297, -1,
      2297, 1148, 868, -1,
      6, 1148, 2298, -1,
      6, 2298, 866, -1,
      2298, 2299, 866, -1,
      866, 2299, 2300, -1,
      866, 2300, 867, -1,
      867, 2300, 2301, -1,
      867, 2301, 863, -1,
      863, 2301, 2302, -1,
      863, 2302, 864, -1,
      864, 2302, 2303, -1,
      864, 2303, 865, -1,
      865, 2303, 861, -1,
      861, 2303, 2304, -1,
      861, 2304, 862, -1,
      2305, 837, 2304, -1,
      2304, 837, 862, -1,
      837, 2305, 838, -1,
      838, 2305, 2306, -1,
      838, 2306, 839, -1,
      839, 2306, 2307, -1,
      839, 2307, 840, -1,
      840, 2307, 2308, -1,
      840, 2308, 842, -1,
      2309, 843, 2308, -1,
      2308, 843, 842, -1,
      843, 2309, 2310, -1,
      843, 2310, 844, -1,
      844, 2310, 2311, -1,
      844, 2311, 835, -1,
      835, 2311, 2312, -1,
      835, 2312, 836, -1,
      2313, 850, 2312, -1,
      2312, 850, 836, -1,
      2314, 851, 2313, -1,
      2313, 851, 850, -1,
      851, 2314, 2315, -1,
      851, 2315, 852, -1,
      852, 2315, 2272, -1,
      852, 2272, 858, -1,
      2292, 2291, 2274, -1,
      2303, 2309, 2308, -1,
      2297, 2314, 2298, -1,
      2298, 2314, 2313, -1,
      2298, 2313, 2299, -1,
      2299, 2313, 2312, -1,
      2299, 2312, 2300, -1,
      2305, 2304, 2306, -1,
      2306, 2304, 2303, -1,
      2306, 2303, 2307, -1,
      2307, 2303, 2308, -1,
      2281, 2289, 2282, -1,
      2282, 2289, 2283, -1,
      2277, 2276, 2278, -1,
      2278, 2276, 2275, -1,
      2278, 2275, 2279, -1,
      2279, 2275, 2274, -1,
      2279, 2274, 2280, -1,
      2280, 2274, 2291, -1,
      2280, 2291, 2281, -1,
      2281, 2291, 2290, -1,
      2281, 2290, 2289, -1,
      2297, 2296, 2314, -1,
      2314, 2296, 2295, -1,
      2314, 2295, 2315, -1,
      2315, 2295, 2294, -1,
      2315, 2294, 2272, -1,
      2272, 2294, 2293, -1,
      2272, 2293, 2271, -1,
      2271, 2293, 2292, -1,
      2271, 2292, 2273, -1,
      2273, 2292, 2274, -1,
      2303, 2302, 2309, -1,
      2309, 2302, 2301, -1,
      2309, 2301, 2310, -1,
      2310, 2301, 2300, -1,
      2310, 2300, 2311, -1,
      2311, 2300, 2312, -1,
      2289, 2288, 2283, -1,
      2283, 2288, 2287, -1,
      2283, 2287, 2284, -1,
      2284, 2287, 2286, -1,
      2284, 2286, 2285, -1,
      2316, 916, 2317, -1,
      2317, 916, 917, -1,
      2317, 917, 919, -1,
      916, 2316, 2318, -1,
      916, 2318, 914, -1,
      914, 2318, 2319, -1,
      914, 2319, 915, -1,
      2320, 913, 2319, -1,
      2319, 913, 915, -1,
      2321, 912, 2320, -1,
      2320, 912, 913, -1,
      911, 912, 2321, -1,
      911, 2321, 2, -1,
      2, 2321, 2322, -1,
      2, 2322, 3, -1,
      3, 2322, 2323, -1,
      3, 2323, 909, -1,
      909, 2323, 2324, -1,
      909, 2324, 910, -1,
      910, 2324, 905, -1,
      905, 2324, 2325, -1,
      905, 2325, 904, -1,
      904, 2325, 2326, -1,
      904, 2326, 903, -1,
      903, 2326, 2327, -1,
      903, 2327, 906, -1,
      906, 2327, 2328, -1,
      906, 2328, 907, -1,
      907, 2328, 2329, -1,
      907, 2329, 908, -1,
      908, 2329, 2330, -1,
      908, 2330, 894, -1,
      894, 2330, 2331, -1,
      894, 2331, 895, -1,
      895, 2331, 2332, -1,
      895, 2332, 896, -1,
      896, 2332, 2333, -1,
      896, 2333, 897, -1,
      897, 2333, 2334, -1,
      897, 2334, 898, -1,
      898, 2334, 2335, -1,
      898, 2335, 899, -1,
      899, 2335, 2336, -1,
      899, 2336, 900, -1,
      900, 2336, 2337, -1,
      900, 2337, 901, -1,
      901, 2337, 2338, -1,
      901, 2338, 902, -1,
      902, 2338, 2339, -1,
      902, 2339, 4, -1,
      4, 2339, 5, -1,
      5, 2339, 2340, -1,
      5, 2340, 891, -1,
      891, 2340, 2341, -1,
      891, 2341, 892, -1,
      892, 2341, 893, -1,
      893, 2341, 2342, -1,
      893, 2342, 888, -1,
      888, 2342, 889, -1,
      889, 2342, 2343, -1,
      889, 2343, 890, -1,
      890, 2343, 876, -1,
      876, 2343, 2344, -1,
      876, 2344, 877, -1,
      877, 2344, 2345, -1,
      877, 2345, 878, -1,
      878, 2345, 2346, -1,
      878, 2346, 875, -1,
      875, 2346, 2347, -1,
      875, 2347, 874, -1,
      874, 2347, 879, -1,
      879, 2347, 2348, -1,
      879, 2348, 883, -1,
      883, 2348, 2349, -1,
      883, 2349, 881, -1,
      881, 2349, 2350, -1,
      881, 2350, 882, -1,
      882, 2350, 2351, -1,
      882, 2351, 884, -1,
      2352, 885, 2351, -1,
      2351, 885, 884, -1,
      885, 2352, 2353, -1,
      885, 2353, 886, -1,
      886, 2353, 2354, -1,
      886, 2354, 887, -1,
      887, 2354, 880, -1,
      880, 2354, 2355, -1,
      880, 2355, 872, -1,
      872, 2355, 873, -1,
      873, 2355, 918, -1,
      918, 2355, 2317, -1,
      918, 2317, 919, -1,
      2350, 2320, 2351, -1,
      2351, 2320, 2319, -1,
      2317, 2355, 2316, -1,
      2316, 2355, 2354, -1,
      2316, 2354, 2318, -1,
      2318, 2354, 2353, -1,
      2318, 2353, 2319, -1,
      2319, 2353, 2352, -1,
      2319, 2352, 2351, -1,
      2350, 2349, 2320, -1,
      2320, 2349, 2348, -1,
      2320, 2348, 2347, -1,
      2341, 2322, 2342, -1,
      2342, 2322, 2321, -1,
      2342, 2321, 2343, -1,
      2343, 2321, 2320, -1,
      2343, 2320, 2344, -1,
      2340, 2327, 2326, -1,
      2326, 2325, 2340, -1,
      2340, 2325, 2324, -1,
      2340, 2324, 2341, -1,
      2341, 2324, 2323, -1,
      2341, 2323, 2322, -1,
      2347, 2346, 2320, -1,
      2320, 2346, 2345, -1,
      2320, 2345, 2344, -1,
      2327, 2340, 2328, -1,
      2328, 2340, 2339, -1,
      2328, 2339, 2338, -1,
      2338, 2337, 2328, -1,
      2328, 2337, 2336, -1,
      2328, 2336, 2335, -1,
      2331, 2330, 2335, -1,
      2335, 2330, 2329, -1,
      2335, 2329, 2328, -1,
      2331, 2335, 2332, -1,
      2332, 2335, 2334, -1,
      2332, 2334, 2333, -1,
      2356, 1005, 2357, -1,
      2357, 1005, 931, -1,
      1005, 2356, 1006, -1,
      1006, 2356, 2358, -1,
      1006, 2358, 1007, -1,
      1007, 2358, 1001, -1,
      1001, 2358, 2359, -1,
      1001, 2359, 1002, -1,
      1002, 2359, 2360, -1,
      1002, 2360, 1003, -1,
      1003, 2360, 2361, -1,
      1003, 2361, 1004, -1,
      1004, 2361, 2362, -1,
      1004, 2362, 993, -1,
      993, 2362, 2363, -1,
      993, 2363, 994, -1,
      994, 2363, 2364, -1,
      994, 2364, 997, -1,
      997, 2364, 2365, -1,
      997, 2365, 998, -1,
      998, 2365, 2366, -1,
      998, 2366, 999, -1,
      999, 2366, 2367, -1,
      999, 2367, 1000, -1,
      1000, 2367, 2368, -1,
      1000, 2368, 990, -1,
      990, 2368, 2369, -1,
      990, 2369, 991, -1,
      991, 2369, 2370, -1,
      991, 2370, 992, -1,
      992, 2370, 2371, -1,
      992, 2371, 995, -1,
      995, 2371, 996, -1,
      996, 2371, 2372, -1,
      996, 2372, 988, -1,
      988, 2372, 989, -1,
      989, 2372, 2373, -1,
      989, 2373, 984, -1,
      984, 2373, 2374, -1,
      984, 2374, 985, -1,
      2375, 986, 2374, -1,
      2374, 986, 985, -1,
      986, 2375, 2376, -1,
      986, 2376, 980, -1,
      980, 2376, 2377, -1,
      980, 2377, 981, -1,
      981, 2377, 2378, -1,
      981, 2378, 982, -1,
      982, 2378, 2379, -1,
      982, 2379, 987, -1,
      987, 2379, 2380, -1,
      987, 2380, 974, -1,
      974, 2380, 2381, -1,
      974, 2381, 975, -1,
      975, 2381, 2382, -1,
      975, 2382, 977, -1,
      2383, 979, 2382, -1,
      2382, 979, 977, -1,
      979, 2383, 2384, -1,
      979, 2384, 978, -1,
      978, 2384, 2385, -1,
      978, 2385, 976, -1,
      976, 2385, 2386, -1,
      976, 2386, 983, -1,
      983, 2386, 972, -1,
      972, 2386, 2387, -1,
      972, 2387, 973, -1,
      973, 2387, 968, -1,
      968, 2387, 2388, -1,
      968, 2388, 969, -1,
      969, 2388, 2389, -1,
      969, 2389, 970, -1,
      970, 2389, 2390, -1,
      970, 2390, 971, -1,
      971, 2390, 2391, -1,
      971, 2391, 966, -1,
      966, 2391, 2392, -1,
      966, 2392, 967, -1,
      967, 2392, 2393, -1,
      967, 2393, 954, -1,
      954, 2393, 2394, -1,
      954, 2394, 955, -1,
      955, 2394, 2395, -1,
      955, 2395, 959, -1,
      959, 2395, 2396, -1,
      959, 2396, 960, -1,
      960, 2396, 2397, -1,
      960, 2397, 958, -1,
      958, 2397, 2398, -1,
      958, 2398, 957, -1,
      957, 2398, 2399, -1,
      957, 2399, 956, -1,
      956, 2399, 2400, -1,
      956, 2400, 961, -1,
      961, 2400, 2401, -1,
      961, 2401, 962, -1,
      962, 2401, 2402, -1,
      962, 2402, 963, -1,
      964, 963, 2403, -1,
      2403, 963, 2402, -1,
      964, 2403, 965, -1,
      965, 2403, 2404, -1,
      965, 2404, 952, -1,
      2405, 953, 2404, -1,
      2404, 953, 952, -1,
      920, 953, 2406, -1,
      2406, 953, 2405, -1,
      920, 2406, 921, -1,
      921, 2406, 2407, -1,
      921, 2407, 922, -1,
      922, 2407, 2408, -1,
      922, 2408, 923, -1,
      2409, 937, 2408, -1,
      2408, 937, 923, -1,
      2410, 938, 2409, -1,
      2409, 938, 937, -1,
      2411, 939, 2410, -1,
      2410, 939, 938, -1,
      939, 2411, 2412, -1,
      939, 2412, 943, -1,
      943, 2412, 2413, -1,
      943, 2413, 944, -1,
      944, 2413, 2414, -1,
      944, 2414, 945, -1,
      945, 2414, 2415, -1,
      945, 2415, 949, -1,
      2416, 950, 2415, -1,
      2415, 950, 949, -1,
      2417, 951, 2416, -1,
      2416, 951, 950, -1,
      951, 2417, 2418, -1,
      951, 2418, 946, -1,
      946, 2418, 2419, -1,
      946, 2419, 947, -1,
      947, 2419, 2420, -1,
      947, 2420, 948, -1,
      948, 2420, 2421, -1,
      948, 2421, 924, -1,
      924, 2421, 2422, -1,
      924, 2422, 925, -1,
      925, 2422, 2423, -1,
      925, 2423, 926, -1,
      926, 2423, 2424, -1,
      926, 2424, 927, -1,
      927, 2424, 2425, -1,
      927, 2425, 928, -1,
      928, 2425, 2426, -1,
      928, 2426, 929, -1,
      929, 2426, 2427, -1,
      929, 2427, 930, -1,
      930, 2427, 2428, -1,
      930, 2428, 932, -1,
      932, 2428, 2429, -1,
      932, 2429, 933, -1,
      933, 2429, 2430, -1,
      933, 2430, 934, -1,
      2431, 935, 2430, -1,
      2430, 935, 934, -1,
      2432, 936, 2431, -1,
      2431, 936, 935, -1,
      936, 2432, 2433, -1,
      936, 2433, 940, -1,
      940, 2433, 2434, -1,
      940, 2434, 941, -1,
      2435, 942, 2434, -1,
      2434, 942, 941, -1,
      2435, 2357, 942, -1,
      942, 2357, 931, -1,
      2389, 2388, 2401, -1,
      2386, 2406, 2387, -1,
      2387, 2406, 2405, -1,
      2389, 2401, 2390, -1,
      2405, 2404, 2387, -1,
      2387, 2404, 2403, -1,
      2387, 2403, 2388, -1,
      2388, 2403, 2402, -1,
      2388, 2402, 2401, -1,
      2435, 2383, 2357, -1,
      2357, 2383, 2382, -1,
      2362, 2361, 2367, -1,
      2367, 2361, 2360, -1,
      2367, 2360, 2359, -1,
      2435, 2411, 2383, -1,
      2383, 2411, 2410, -1,
      2383, 2410, 2384, -1,
      2384, 2410, 2409, -1,
      2384, 2409, 2385, -1,
      2385, 2409, 2408, -1,
      2385, 2408, 2386, -1,
      2386, 2408, 2407, -1,
      2386, 2407, 2406, -1,
      2365, 2364, 2363, -1,
      2375, 2374, 2356, -1,
      2356, 2374, 2373, -1,
      2356, 2373, 2372, -1,
      2416, 2415, 2417, -1,
      2417, 2415, 2431, -1,
      2417, 2431, 2418, -1,
      2418, 2431, 2430, -1,
      2418, 2430, 2419, -1,
      2419, 2430, 2429, -1,
      2435, 2434, 2411, -1,
      2411, 2434, 2433, -1,
      2411, 2433, 2412, -1,
      2412, 2433, 2432, -1,
      2412, 2432, 2413, -1,
      2413, 2432, 2431, -1,
      2413, 2431, 2414, -1,
      2414, 2431, 2415, -1,
      2378, 2377, 2356, -1,
      2356, 2377, 2376, -1,
      2356, 2376, 2375, -1,
      2362, 2367, 2363, -1,
      2363, 2367, 2366, -1,
      2363, 2366, 2365, -1,
      2382, 2381, 2357, -1,
      2357, 2381, 2380, -1,
      2357, 2380, 2356, -1,
      2356, 2380, 2379, -1,
      2356, 2379, 2378, -1,
      2394, 2393, 2400, -1,
      2400, 2393, 2392, -1,
      2400, 2392, 2401, -1,
      2401, 2392, 2391, -1,
      2401, 2391, 2390, -1,
      2372, 2371, 2356, -1,
      2356, 2371, 2370, -1,
      2356, 2370, 2369, -1,
      2359, 2358, 2367, -1,
      2367, 2358, 2356, -1,
      2367, 2356, 2368, -1,
      2368, 2356, 2369, -1,
      2398, 2397, 2399, -1,
      2399, 2397, 2396, -1,
      2399, 2396, 2400, -1,
      2400, 2396, 2395, -1,
      2400, 2395, 2394, -1,
      2427, 2426, 2425, -1,
      2423, 2422, 2428, -1,
      2428, 2422, 2421, -1,
      2428, 2421, 2429, -1,
      2429, 2421, 2420, -1,
      2429, 2420, 2419, -1,
      2427, 2425, 2428, -1,
      2428, 2425, 2424, -1,
      2428, 2424, 2423, -1,
      2436, 1041, 2437, -1,
      2437, 1041, 1042, -1,
      1041, 2436, 2438, -1,
      1041, 2438, 1040, -1,
      1040, 2438, 2439, -1,
      1040, 2439, 1043, -1,
      1043, 2439, 2440, -1,
      1043, 2440, 1044, -1,
      1044, 2440, 2441, -1,
      1044, 2441, 1045, -1,
      1045, 2441, 2442, -1,
      1045, 2442, 1022, -1,
      1022, 2442, 2443, -1,
      1022, 2443, 1023, -1,
      1023, 2443, 2444, -1,
      1023, 2444, 1024, -1,
      1024, 2444, 2445, -1,
      1024, 2445, 1016, -1,
      1016, 2445, 2446, -1,
      1016, 2446, 1017, -1,
      2447, 1021, 2446, -1,
      2446, 1021, 1017, -1,
      2448, 1008, 2447, -1,
      2447, 1008, 1021, -1,
      1008, 2448, 2449, -1,
      1008, 2449, 1009, -1,
      1009, 2449, 2450, -1,
      1009, 2450, 1010, -1,
      1010, 2450, 1011, -1,
      1011, 2450, 2451, -1,
      1011, 2451, 1068, -1,
      2452, 1069, 2451, -1,
      2451, 1069, 1068, -1,
      1069, 2452, 2453, -1,
      1069, 2453, 1064, -1,
      1064, 2453, 2454, -1,
      1064, 2454, 1063, -1,
      1063, 2454, 2455, -1,
      1063, 2455, 1053, -1,
      1053, 2455, 2456, -1,
      1053, 2456, 1054, -1,
      1054, 2456, 2457, -1,
      1054, 2457, 1065, -1,
      1065, 2457, 2458, -1,
      1065, 2458, 1066, -1,
      1066, 2458, 2459, -1,
      1066, 2459, 1067, -1,
      1067, 2459, 2460, -1,
      1067, 2460, 1072, -1,
      1072, 2460, 2461, -1,
      1072, 2461, 1073, -1,
      1073, 2461, 2462, -1,
      1073, 2462, 1074, -1,
      1074, 2462, 2463, -1,
      1074, 2463, 1058, -1,
      1058, 2463, 2464, -1,
      1058, 2464, 1059, -1,
      1059, 2464, 2465, -1,
      1059, 2465, 1070, -1,
      1070, 2465, 2466, -1,
      1070, 2466, 1071, -1,
      1071, 2466, 2467, -1,
      1071, 2467, 1055, -1,
      1055, 2467, 2468, -1,
      1055, 2468, 1056, -1,
      1056, 2468, 2469, -1,
      1056, 2469, 1057, -1,
      1057, 2469, 2470, -1,
      1057, 2470, 1060, -1,
      2471, 1061, 2470, -1,
      2470, 1061, 1060, -1,
      1061, 2471, 1062, -1,
      1062, 2471, 2472, -1,
      1062, 2472, 0, -1,
      0, 2472, 1, -1,
      1, 2472, 2473, -1,
      1, 2473, 1052, -1,
      1052, 2473, 2474, -1,
      1052, 2474, 1049, -1,
      1049, 2474, 2475, -1,
      1049, 2475, 1050, -1,
      1050, 2475, 2476, -1,
      1050, 2476, 1051, -1,
      1051, 2476, 2477, -1,
      1051, 2477, 1033, -1,
      1033, 2477, 1034, -1,
      1034, 2477, 2478, -1,
      1034, 2478, 1035, -1,
      1035, 2478, 2479, -1,
      1035, 2479, 1036, -1,
      1036, 2479, 2480, -1,
      1036, 2480, 1047, -1,
      2481, 1048, 2480, -1,
      2480, 1048, 1047, -1,
      1048, 2481, 2482, -1,
      1048, 2482, 1037, -1,
      1037, 2482, 2483, -1,
      1037, 2483, 1038, -1,
      1038, 2483, 2484, -1,
      1038, 2484, 1039, -1,
      1039, 2484, 2485, -1,
      1039, 2485, 1012, -1,
      1012, 2485, 2486, -1,
      1012, 2486, 1013, -1,
      1013, 2486, 2487, -1,
      1013, 2487, 1014, -1,
      1014, 2487, 2488, -1,
      1014, 2488, 1015, -1,
      1015, 2488, 2489, -1,
      1015, 2489, 1018, -1,
      1018, 2489, 2490, -1,
      1018, 2490, 1019, -1,
      1019, 2490, 2491, -1,
      1019, 2491, 1020, -1,
      1020, 2491, 2492, -1,
      1020, 2492, 1025, -1,
      1025, 2492, 2493, -1,
      1025, 2493, 1026, -1,
      1026, 2493, 2494, -1,
      1026, 2494, 1028, -1,
      1028, 2494, 2495, -1,
      1028, 2495, 1029, -1,
      1029, 2495, 2496, -1,
      1029, 2496, 1030, -1,
      2497, 1031, 2496, -1,
      2496, 1031, 1030, -1,
      2498, 1032, 2497, -1,
      2497, 1032, 1031, -1,
      2499, 1027, 2498, -1,
      2498, 1027, 1032, -1,
      1027, 2499, 2500, -1,
      1027, 2500, 1046, -1,
      1046, 2500, 2437, -1,
      1046, 2437, 1042, -1,
      2471, 2501, 2502, -1,
      2473, 2472, 2498, -1,
      2448, 2447, 2503, -1,
      2473, 2498, 2474, -1,
      2484, 2483, 2496, -1,
      2472, 2471, 2498, -1,
      2498, 2471, 2502, -1,
      2498, 2502, 2499, -1,
      2499, 2502, 2503, -1,
      2499, 2503, 2500, -1,
      2500, 2503, 2447, -1,
      2500, 2447, 2437, -1,
      2437, 2447, 2436, -1,
      2504, 2505, 2452, -1,
      2452, 2505, 2453, -1,
      2453, 2505, 2506, -1,
      2453, 2506, 2454, -1,
      2483, 2482, 2496, -1,
      2496, 2482, 2481, -1,
      2496, 2481, 2497, -1,
      2497, 2481, 2480, -1,
      2497, 2480, 2498, -1,
      2498, 2480, 2479, -1,
      2498, 2479, 2478, -1,
      2440, 2439, 2447, -1,
      2447, 2439, 2438, -1,
      2447, 2438, 2436, -1,
      2452, 2451, 2504, -1,
      2504, 2451, 2450, -1,
      2504, 2450, 2503, -1,
      2503, 2450, 2449, -1,
      2503, 2449, 2448, -1,
      2454, 2506, 2455, -1,
      2455, 2506, 2507, -1,
      2455, 2507, 2456, -1,
      2487, 2486, 2496, -1,
      2496, 2486, 2485, -1,
      2496, 2485, 2484, -1,
      2495, 2494, 2489, -1,
      2489, 2494, 2493, -1,
      2489, 2493, 2490, -1,
      2490, 2493, 2492, -1,
      2490, 2492, 2491, -1,
      2446, 2445, 2447, -1,
      2447, 2445, 2444, -1,
      2447, 2444, 2443, -1,
      2443, 2442, 2447, -1,
      2447, 2442, 2441, -1,
      2447, 2441, 2440, -1,
      2475, 2474, 2476, -1,
      2476, 2474, 2498, -1,
      2476, 2498, 2477, -1,
      2477, 2498, 2478, -1,
      2495, 2489, 2496, -1,
      2496, 2489, 2488, -1,
      2496, 2488, 2487, -1,
      2456, 2507, 2457, -1,
      2457, 2507, 2508, -1,
      2457, 2508, 2458, -1,
      2458, 2508, 2509, -1,
      2458, 2509, 2459, -1,
      2459, 2509, 2510, -1,
      2459, 2510, 2460, -1,
      2460, 2510, 2511, -1,
      2460, 2511, 2461, -1,
      2511, 2512, 2461, -1,
      2461, 2512, 2513, -1,
      2461, 2513, 2462, -1,
      2462, 2513, 2514, -1,
      2462, 2514, 2463, -1,
      2463, 2514, 2515, -1,
      2463, 2515, 2464, -1,
      2464, 2515, 2516, -1,
      2464, 2516, 2465, -1,
      2465, 2516, 2517, -1,
      2465, 2517, 2466, -1,
      2466, 2517, 2518, -1,
      2466, 2518, 2467, -1,
      2467, 2518, 2519, -1,
      2467, 2519, 2468, -1,
      2468, 2519, 2520, -1,
      2468, 2520, 2469, -1,
      2469, 2520, 2521, -1,
      2469, 2521, 2470, -1,
      2470, 2521, 2522, -1,
      2470, 2522, 2471, -1,
      2471, 2522, 2523, -1,
      2471, 2523, 2501, -1,
      2522, 2524, 2523, -1,
      2523, 2524, 2525, -1,
      2524, 2522, 2521, -1,
      2524, 2521, 2526, -1,
      2526, 2521, 2520, -1,
      2526, 2520, 2527, -1,
      2527, 2520, 2519, -1,
      2527, 2519, 2528, -1,
      2528, 2519, 2518, -1,
      2528, 2518, 2529, -1,
      2529, 2518, 2517, -1,
      2529, 2517, 2530, -1,
      2530, 2517, 2516, -1,
      2530, 2516, 2531, -1,
      2531, 2516, 2515, -1,
      2531, 2515, 2532, -1,
      2532, 2515, 2514, -1,
      2532, 2514, 2533, -1,
      2533, 2514, 2513, -1,
      2533, 2513, 2534, -1,
      2534, 2513, 2512, -1,
      2534, 2512, 2535, -1,
      2535, 2512, 2511, -1,
      2535, 2511, 2536, -1,
      2536, 2511, 2510, -1,
      2536, 2510, 2537, -1,
      2537, 2510, 2509, -1,
      2537, 2509, 2538, -1,
      2538, 2509, 2508, -1,
      2538, 2508, 2539, -1,
      2539, 2508, 2507, -1,
      2539, 2507, 2540, -1,
      2540, 2507, 2506, -1,
      2540, 2506, 2541, -1,
      2541, 2506, 2505, -1,
      2541, 2505, 2542, -1,
      2542, 2505, 2504, -1,
      2542, 2504, 2543, -1,
      2503, 2544, 2504, -1,
      2504, 2544, 2543, -1,
      2502, 2545, 2503, -1,
      2503, 2545, 2544, -1,
      2545, 2502, 2501, -1,
      2545, 2501, 2546, -1,
      2546, 2501, 2523, -1,
      2546, 2523, 2525, -1,
      2547, 1081, 1080, -1,
      1080, 1084, 2547, -1,
      2547, 1084, 1083, -1,
      2547, 1083, 2548, -1,
      2548, 1083, 1076, -1,
      1075, 2549, 1076, -1,
      1076, 2549, 2548, -1,
      1079, 1082, 2550, -1,
      2549, 1075, 1077, -1,
      2549, 1077, 2550, -1,
      2550, 1077, 1078, -1,
      2550, 1078, 1079, -1,
      1082, 1081, 2550, -1,
      2550, 1081, 2547, -1,
      2547, 2548, 2550, -1,
      2550, 2548, 2549, -1,
    ]
  }
}

Shape {
  appearance Appearance {
    material Material {
      diffuseColor 0.1176 0.1176 0.1765
      specularColor 0.0588 0.0588 0.0863
      ambientIntensity 0.2
      transparency 0.0000
      shininess 0.5
    }
  }
  geometry IndexedFaceSet {
    ccw TRUE
    solid FALSE
    coord DEF co Coordinate {
      point [
        -0.382228 -0.315781 0.574803,
        -0.381356 -0.322328 0.574803,
        -0.379189 -0.327687 0.574803,
        -0.375556 -0.332636 0.574803,
        -0.372650 -0.335256 0.574803,
        -0.365553 -0.339507 0.574803,
        -0.353573 -0.343178 0.574803,
        -0.333795 -0.344433 0.574803,
        -0.319100 -0.341830 0.574803,
        -0.305819 -0.336024 0.574803,
        -0.299248 -0.331381 0.574803,
        -0.296077 -0.328009 0.574803,
        -0.294257 -0.324785 0.574803,
        -0.292970 -0.319967 0.574803,
        -0.292759 -0.314649 0.574803,
        -0.293428 -0.308990 0.574803,
        -0.295287 -0.303933 0.574803,
        -0.297713 -0.300326 0.574803,
        -0.300889 -0.297526 0.574803,
        -0.308882 -0.293431 0.574803,
        -0.309508 -0.293178 0.574803,
        -0.326686 -0.288680 0.574803,
        -0.337221 -0.288014 0.574803,
        -0.354569 -0.290211 0.574803,
        -0.367527 -0.295138 0.574803,
        -0.373939 -0.299384 0.574803,
        -0.378233 -0.303921 0.574803,
        -0.380563 -0.307984 0.574803,
        -0.381871 -0.312509 0.574803,
        -0.146170 0.022467 0.574803,
        -0.145298 0.015921 0.574803,
        -0.143131 0.010561 0.574803,
        -0.139498 0.005613 0.574803,
        -0.136592 0.002993 0.574803,
        -0.129495 -0.001258 0.574803,
        -0.117515 -0.004929 0.574803,
        -0.097737 -0.006184 0.574803,
        -0.083043 -0.003581 0.574803,
        -0.069761 0.002225 0.574803,
        -0.063190 0.006868 0.574803,
        -0.060019 0.010240 0.574803,
        -0.058199 0.013464 0.574803,
        -0.056912 0.018282 0.574803,
        -0.056700 0.023600 0.574803,
        -0.057370 0.029259 0.574803,
        -0.059230 0.034315 0.574803,
        -0.061655 0.037922 0.574803,
        -0.064831 0.040722 0.574803,
        -0.072824 0.044818 0.574803,
        -0.073450 0.045070 0.574803,
        -0.090628 0.049569 0.574803,
        -0.101163 0.050235 0.574803,
        -0.118511 0.048038 0.574803,
        -0.131469 0.043111 0.574803,
        -0.137880 0.038865 0.574803,
        -0.142176 0.034328 0.574803,
        -0.144505 0.030265 0.574803,
        -0.145813 0.025740 0.574803,
        0.243145 -0.083044 0.574803,
        0.242383 -0.078733 0.574803,
        0.240599 -0.074980 0.574803,
        0.236813 -0.070333 0.574803,
        0.231432 -0.066208 0.574803,
        0.225124 -0.063410 0.574803,
        0.212457 -0.060785 0.574803,
        0.187070 -0.059583 0.574803,
        0.174061 -0.061232 0.574803,
        0.159917 -0.066826 0.574803,
        0.152971 -0.071587 0.574803,
        0.149823 -0.075129 0.574803,
        0.147928 -0.078662 0.574803,
        0.147050 -0.081894 0.574803,
        0.146880 -0.085015 0.574803,
        0.148095 -0.089937 0.574803,
        0.150469 -0.094190 0.574803,
        0.155337 -0.099437 0.574803,
        0.161583 -0.103627 0.574803,
        0.172825 -0.107396 0.574803,
        0.193053 -0.109653 0.574803,
        0.194740 -0.109679 0.574803,
        0.216416 -0.106888 0.574803,
        0.229401 -0.102228 0.574803,
        0.236206 -0.097924 0.574803,
        0.239875 -0.094309 0.574803,
        0.241781 -0.091257 0.574803,
        0.242891 -0.087915 0.574803,
        -0.291626 0.090000 0.574803,
        -0.291860 0.092654 0.574803,
        -0.292857 0.095260 0.574803,
        -0.295784 0.099731 0.574803,
        -0.299545 0.103050 0.574803,
        -0.312907 0.110143 0.574803,
        -0.336706 0.116651 0.574803,
        -0.342722 0.117664 0.574803,
        -0.379691 0.120343 0.574803,
        -0.395231 0.119739 0.574803,
        -0.422406 0.115504 0.574803,
        -0.439654 0.109573 0.574803,
        -0.446794 0.105292 0.574803,
        -0.450544 0.101433 0.574803,
        -0.452503 0.098478 0.574803,
        -0.453295 0.096545 0.574803,
        -0.453578 0.095117 0.574803,
        -0.453023 0.091828 0.574803,
        -0.450753 0.087026 0.574803,
        -0.448226 0.084026 0.574803,
        -0.441425 0.079222 0.574803,
        -0.436392 0.076544 0.574803,
        -0.415502 0.069575 0.574803,
        -0.381492 0.064950 0.574803,
        -0.375139 0.064539 0.574803,
        -0.343116 0.065639 0.574803,
        -0.315613 0.071393 0.574803,
        -0.302528 0.076659 0.574803,
        -0.297214 0.080230 0.574803,
        -0.294081 0.083709 0.574803,
        -0.292572 0.086263 0.574803,
        -0.291863 0.088177 0.574803,
        -0.297289 0.190878 0.574803,
        -0.295863 0.178420 0.574803,
        -0.298430 0.199591 0.574803,
        -0.300030 0.205916 0.574803,
        -0.302047 0.210489 0.574803,
        -0.304756 0.213909 0.574803,
        -0.308899 0.217143 0.574803,
        -0.322341 0.223039 0.574803,
        -0.343821 0.227036 0.574803,
        -0.380083 0.228124 0.574803,
        -0.388436 0.228000 0.574803,
        -0.418812 0.225971 0.574803,
        -0.434817 0.222437 0.574803,
        -0.441046 0.219348 0.574803,
        -0.445351 0.215917 0.574803,
        -0.447870 0.212576 0.574803,
        -0.449978 0.207467 0.574803,
        -0.451606 0.199393 0.574803,
        -0.450691 0.187070 0.574803,
        -0.447915 0.175023 0.574803,
        -0.445650 0.169654 0.574803,
        -0.295863 0.169654 0.574803,
        -0.295700 0.174038 0.574803,
      ]
    }
    coordIndex [
      7, 19, 20, -1,
      8, 14, 7, -1,
      7, 14, 15, -1,
      7, 15, 16, -1,
      8, 9, 14, -1,
      14, 9, 10, -1,
      14, 10, 13, -1,
      13, 10, 11, -1,
      13, 11, 12, -1,
      16, 17, 7, -1,
      7, 17, 18, -1,
      7, 18, 19, -1,
      20, 21, 7, -1,
      7, 21, 22, -1,
      7, 22, 23, -1,
      23, 24, 7, -1,
      7, 24, 25, -1,
      7, 25, 26, -1,
      1, 2, 0, -1,
      0, 2, 3, -1,
      0, 3, 28, -1,
      28, 3, 4, -1,
      28, 4, 5, -1,
      5, 6, 28, -1,
      28, 6, 7, -1,
      28, 7, 27, -1,
      27, 7, 26, -1,
      36, 48, 49, -1,
      37, 43, 36, -1,
      36, 43, 44, -1,
      36, 44, 45, -1,
      37, 38, 43, -1,
      43, 38, 39, -1,
      43, 39, 42, -1,
      42, 39, 40, -1,
      42, 40, 41, -1,
      45, 46, 36, -1,
      36, 46, 47, -1,
      36, 47, 48, -1,
      49, 50, 36, -1,
      36, 50, 51, -1,
      36, 51, 52, -1,
      52, 53, 36, -1,
      36, 53, 54, -1,
      36, 54, 55, -1,
      30, 31, 29, -1,
      29, 31, 32, -1,
      29, 32, 57, -1,
      57, 32, 33, -1,
      57, 33, 34, -1,
      34, 35, 57, -1,
      57, 35, 36, -1,
      57, 36, 56, -1,
      56, 36, 55, -1,
      70, 71, 78, -1,
      75, 76, 71, -1,
      71, 76, 77, -1,
      71, 77, 78, -1,
      67, 68, 78, -1,
      78, 68, 69, -1,
      78, 69, 70, -1,
      72, 73, 71, -1,
      71, 73, 74, -1,
      71, 74, 75, -1,
      81, 63, 80, -1,
      80, 63, 64, -1,
      80, 64, 79, -1,
      79, 64, 65, -1,
      79, 65, 78, -1,
      78, 65, 66, -1,
      78, 66, 67, -1,
      81, 82, 63, -1,
      63, 82, 83, -1,
      63, 83, 84, -1,
      61, 58, 60, -1,
      60, 58, 59, -1,
      61, 62, 58, -1,
      58, 62, 63, -1,
      58, 63, 85, -1,
      85, 63, 84, -1,
      92, 93, 111, -1,
      98, 99, 106, -1,
      111, 93, 110, -1,
      110, 93, 94, -1,
      110, 94, 109, -1,
      109, 94, 95, -1,
      109, 95, 108, -1,
      108, 95, 96, -1,
      108, 96, 107, -1,
      107, 96, 106, -1,
      106, 96, 97, -1,
      106, 97, 98, -1,
      99, 100, 106, -1,
      106, 100, 101, -1,
      106, 101, 105, -1,
      102, 103, 101, -1,
      101, 103, 104, -1,
      101, 104, 105, -1,
      111, 112, 92, -1,
      92, 112, 113, -1,
      92, 113, 114, -1,
      114, 115, 92, -1,
      92, 115, 116, -1,
      92, 116, 117, -1,
      117, 86, 92, -1,
      92, 86, 87, -1,
      92, 87, 88, -1,
      89, 90, 88, -1,
      88, 90, 91, -1,
      88, 91, 92, -1,
      126, 127, 137, -1,
      138, 139, 137, -1,
      137, 139, 140, -1,
      140, 119, 137, -1,
      137, 119, 118, -1,
      137, 118, 120, -1,
      127, 128, 137, -1,
      137, 128, 129, -1,
      137, 129, 136, -1,
      120, 121, 137, -1,
      137, 121, 122, -1,
      137, 122, 123, -1,
      123, 124, 137, -1,
      137, 124, 125, -1,
      137, 125, 126, -1,
      130, 134, 129, -1,
      129, 134, 135, -1,
      129, 135, 136, -1,
      130, 131, 134, -1,
      134, 131, 132, -1,
      134, 132, 133, -1,
    ]
  }
}
