#VRML V2.0 utf8

Shape {
  appearance Appearance {
    material Material {
      diffuseColor 0.2078 0.2078 0.2078
      specularColor 0.0157 0.0157 0.0157
      ambientIntensity 0.2
      transparency 0.0000
      shininess 0.5
    }
  }
  geometry IndexedFaceSet {
    ccw TRUE
    solid FALSE
    coord DEF co Coordinate {
      point [
        0.558800 -0.590551 0.307087,
        0.590551 -0.590551 0.307087,
        0.590551 0.399743 0.307087,
        0.425070 0.416271 0.307087,
        0.425070 0.451622 0.307087,
        0.422313 0.451622 0.307087,
        0.172902 0.450080 0.307087,
        0.177965 0.445467 0.307087,
        0.189747 0.451622 0.307087,
        0.381763 0.416143 0.307087,
        0.379958 0.415926 0.307087,
        0.390215 0.415926 0.307087,
        0.470059 0.481082 0.307087,
        0.465893 0.492257 0.307087,
        0.450901 0.492257 0.307087,
        0.460326 0.521937 0.307087,
        0.475887 0.481082 0.307087,
        0.489156 0.480738 0.307087,
        0.450901 0.480738 0.307087,
        0.448881 0.492257 0.307087,
        0.444954 0.481082 0.307087,
        0.437993 0.480738 0.307087,
        0.439126 0.481082 0.307087,
        0.437993 0.522281 0.307087,
        0.450901 0.511997 0.307087,
        0.450901 0.522281 0.307087,
        0.317200 0.439351 0.307087,
        0.331811 0.439351 0.307087,
        0.333685 0.451622 0.307087,
        0.317200 0.434672 0.307087,
        0.317200 0.420929 0.307087,
        0.331811 0.434672 0.307087,
        0.333685 0.420929 0.307087,
        0.332970 0.457125 0.307087,
        0.332970 0.452426 0.307087,
        0.317200 0.451622 0.307087,
        0.317200 0.452426 0.307087,
        0.311926 0.457125 0.307087,
        0.295197 0.480738 0.307087,
        0.311926 0.451622 0.307087,
        0.295197 0.451622 0.307087,
        0.311926 0.416271 0.307087,
        0.295197 0.415926 0.307087,
        0.333685 0.415926 0.307087,
        0.334520 0.451622 0.307087,
        0.333899 0.420929 0.307087,
        0.334520 0.415926 0.307087,
        0.333899 0.416271 0.307087,
        0.333685 0.416271 0.307087,
        0.496116 0.416271 0.307087,
        0.490288 0.416271 0.307087,
        0.489156 0.415926 0.307087,
        0.489156 0.451622 0.307087,
        0.503753 0.451622 0.307087,
        0.505849 0.457125 0.307087,
        0.558800 0.480738 0.307087,
        0.511489 0.457125 0.307087,
        0.558800 0.451622 0.307087,
        0.513585 0.451622 0.307087,
        0.558800 0.415926 0.307087,
        0.527049 0.416271 0.307087,
        0.521222 0.416271 0.307087,
        0.517055 0.427445 0.307087,
        0.500043 0.427445 0.307087,
        0.342696 0.492159 0.307087,
        0.344687 0.489395 0.307087,
        0.363987 0.516177 0.307087,
        0.345479 0.488611 0.307087,
        0.348145 0.486721 0.307087,
        0.344969 0.513331 0.307087,
        0.342751 0.510252 0.307087,
        0.347755 0.515631 0.307087,
        0.350969 0.517117 0.307087,
        0.361131 0.517263 0.307087,
        0.356102 0.517864 0.307087,
        0.340721 0.499542 0.307087,
        0.354524 0.517801 0.307087,
        0.340677 0.501050 0.307087,
        0.341371 0.506741 0.307087,
        0.351054 0.485593 0.307087,
        0.355183 0.485093 0.307087,
        0.357111 0.485165 0.307087,
        0.341376 0.495454 0.307087,
        0.363987 0.522281 0.307087,
        0.363987 0.521462 0.307087,
        0.367454 0.522281 0.307087,
        0.365731 0.520955 0.307087,
        0.361728 0.486029 0.307087,
        0.363987 0.487044 0.307087,
        0.365276 0.515687 0.307087,
        0.365731 0.487829 0.307087,
        0.365731 0.515441 0.307087,
        0.367454 0.480738 0.307087,
        0.356142 0.522626 0.307087,
        0.360380 0.522281 0.307087,
        0.361475 0.522192 0.307087,
        0.356050 0.522626 0.307087,
        0.363987 0.590551 0.307087,
        0.353242 0.522281 0.307087,
        0.334520 0.590551 0.307087,
        0.350848 0.480738 0.307087,
        0.347531 0.481420 0.307087,
        0.334520 0.480738 0.307087,
        0.343675 0.483237 0.307087,
        0.340385 0.485970 0.307087,
        0.334520 0.522281 0.307087,
        0.338079 0.512738 0.307087,
        0.341043 0.516611 0.307087,
        0.339741 0.486691 0.307087,
        0.337387 0.490254 0.307087,
        0.335809 0.494637 0.307087,
        0.342011 0.517537 0.307087,
        0.345829 0.520227 0.307087,
        0.350091 0.521894 0.307087,
        0.335142 0.500737 0.307087,
        0.335214 0.502865 0.307087,
        0.336139 0.508200 0.307087,
        0.351959 0.480509 0.307087,
        0.354420 0.480393 0.307087,
        0.363987 0.451622 0.307087,
        0.358026 0.480738 0.307087,
        0.365731 0.482774 0.307087,
        0.365033 0.482427 0.307087,
        0.363987 0.480738 0.307087,
        0.363987 0.482083 0.307087,
        0.360647 0.480988 0.307087,
        0.402820 0.415926 0.307087,
        0.402993 0.416333 0.307087,
        0.390215 0.451622 0.307087,
        0.397269 0.445450 0.307087,
        0.391546 0.445450 0.307087,
        0.404893 0.423519 0.307087,
        0.405520 0.421117 0.307087,
        0.405656 0.421117 0.307087,
        0.405891 0.422117 0.307087,
        0.406282 0.423477 0.307087,
        0.414250 0.445450 0.307087,
        0.395505 0.406914 0.307087,
        0.395954 0.406931 0.307087,
        0.393648 0.407156 0.307087,
        0.395902 0.402528 0.307087,
        0.390215 0.399743 0.307087,
        0.398012 0.402776 0.307087,
        0.422313 0.399743 0.307087,
        0.394719 0.402572 0.307087,
        0.392601 0.402945 0.307087,
        0.392601 0.407498 0.307087,
        0.398688 0.408034 0.307087,
        0.399643 0.409050 0.307087,
        0.400747 0.411028 0.307087,
        0.397116 0.407158 0.307087,
        0.398198 0.407673 0.307087,
        0.407915 0.415926 0.307087,
        0.406313 0.411864 0.307087,
        0.403893 0.407201 0.307087,
        0.402016 0.405001 0.307087,
        0.401812 0.404816 0.307087,
        0.400027 0.403556 0.307087,
        0.485804 0.446793 0.307087,
        0.483266 0.450344 0.307087,
        0.481957 0.451622 0.307087,
        0.486914 0.429847 0.307087,
        0.484905 0.425620 0.307087,
        0.481861 0.421994 0.307087,
        0.477652 0.418966 0.307087,
        0.473008 0.417135 0.307087,
        0.465997 0.416271 0.307087,
        0.450901 0.415926 0.307087,
        0.487326 0.442907 0.307087,
        0.488022 0.437220 0.307087,
        0.487901 0.434632 0.307087,
        0.481861 0.451715 0.307087,
        0.477581 0.454637 0.307087,
        0.454760 0.416271 0.307087,
        0.454760 0.451622 0.307087,
        0.450901 0.451622 0.307087,
        0.454760 0.457125 0.307087,
        0.466415 0.457125 0.307087,
        0.472650 0.456437 0.307087,
        0.387484 0.439852 0.307087,
        0.387484 0.444823 0.307087,
        0.388070 0.420641 0.307087,
        0.387147 0.419282 0.307087,
        0.371542 0.442939 0.307087,
        0.372487 0.443800 0.307087,
        0.371542 0.451622 0.307087,
        0.373720 0.444559 0.307087,
        0.388669 0.422270 0.307087,
        0.376457 0.445622 0.307087,
        0.380570 0.446118 0.307087,
        0.384161 0.445800 0.307087,
        0.385594 0.417900 0.307087,
        0.384443 0.417189 0.307087,
        0.387171 0.429033 0.307087,
        0.388063 0.427746 0.307087,
        0.388636 0.426260 0.307087,
        0.388883 0.424208 0.307087,
        0.380069 0.441961 0.307087,
        0.378554 0.441848 0.307087,
        0.374482 0.438035 0.307087,
        0.377186 0.441485 0.307087,
        0.376038 0.440875 0.307087,
        0.374529 0.437354 0.307087,
        0.374732 0.436559 0.307087,
        0.375100 0.435869 0.307087,
        0.375600 0.435320 0.307087,
        0.377404 0.434192 0.307087,
        0.383650 0.441525 0.307087,
        0.380570 0.432813 0.307087,
        0.386545 0.440402 0.307087,
        0.382552 0.432011 0.307087,
        0.385951 0.430121 0.307087,
        0.375266 0.440193 0.307087,
        0.374827 0.439542 0.307087,
        0.374575 0.438851 0.307087,
        0.371017 0.421426 0.307087,
        0.371542 0.421221 0.307087,
        0.371542 0.432054 0.307087,
        0.370898 0.442351 0.307087,
        0.367454 0.451622 0.307087,
        0.369973 0.440963 0.307087,
        0.370660 0.432959 0.307087,
        0.370044 0.433925 0.307087,
        0.369177 0.422579 0.307087,
        0.371497 0.432084 0.307087,
        0.369458 0.435467 0.307087,
        0.369208 0.437575 0.307087,
        0.369389 0.439313 0.307087,
        0.374217 0.420176 0.307087,
        0.376957 0.429095 0.307087,
        0.373907 0.430493 0.307087,
        0.377594 0.419759 0.307087,
        0.377820 0.419760 0.307087,
        0.380317 0.427688 0.307087,
        0.380443 0.420054 0.307087,
        0.383630 0.423706 0.307087,
        0.383580 0.424343 0.307087,
        0.381764 0.420538 0.307087,
        0.382230 0.420821 0.307087,
        0.382818 0.421342 0.307087,
        0.383265 0.422003 0.307087,
        0.383524 0.422730 0.307087,
        0.383348 0.425142 0.307087,
        0.382952 0.425820 0.307087,
        0.382315 0.426484 0.307087,
        0.369177 0.417294 0.307087,
        0.367454 0.415926 0.307087,
        0.371542 0.416462 0.307087,
        0.371542 0.415926 0.307087,
        0.372756 0.416035 0.307087,
        0.373794 0.415926 0.307087,
        0.377093 0.415581 0.307087,
        0.371542 0.399743 0.307087,
        0.345144 0.415926 0.307087,
        0.344872 0.415967 0.307087,
        0.362243 0.435048 0.307087,
        0.362243 0.416271 0.307087,
        0.363987 0.415926 0.307087,
        0.357125 0.416271 0.307087,
        0.342931 0.416728 0.307087,
        0.341304 0.417879 0.307087,
        0.340730 0.418461 0.307087,
        0.341648 0.438431 0.307087,
        0.341648 0.443403 0.307087,
        0.342668 0.443995 0.307087,
        0.356895 0.445202 0.307087,
        0.358602 0.444237 0.307087,
        0.339667 0.420034 0.307087,
        0.339048 0.421766 0.307087,
        0.338797 0.424082 0.307087,
        0.359973 0.442940 0.307087,
        0.361024 0.441298 0.307087,
        0.361832 0.438989 0.307087,
        0.357125 0.420782 0.307087,
        0.356989 0.420782 0.307087,
        0.356121 0.419474 0.307087,
        0.354494 0.417760 0.307087,
        0.338811 0.424689 0.307087,
        0.339135 0.426900 0.307087,
        0.339835 0.428706 0.307087,
        0.340856 0.430172 0.307087,
        0.342422 0.431532 0.307087,
        0.344599 0.432650 0.307087,
        0.345200 0.440661 0.307087,
        0.348478 0.433607 0.307087,
        0.352980 0.441772 0.307087,
        0.351214 0.441961 0.307087,
        0.348406 0.441694 0.307087,
        0.346467 0.445478 0.307087,
        0.351695 0.446118 0.307087,
        0.354725 0.445850 0.307087,
        0.357125 0.434818 0.307087,
        0.356955 0.437036 0.307087,
        0.356430 0.438877 0.307087,
        0.355831 0.439937 0.307087,
        0.355062 0.440765 0.307087,
        0.354158 0.441354 0.307087,
        0.350783 0.415926 0.307087,
        0.350513 0.415834 0.307087,
        0.363987 0.399743 0.307087,
        0.334520 0.399743 0.307087,
        0.348050 0.415581 0.307087,
        0.347287 0.415601 0.307087,
        0.269626 0.480738 0.307087,
        0.268163 0.482857 0.307087,
        0.295197 0.522281 0.307087,
        0.260425 0.489649 0.307087,
        0.221071 0.526504 0.307087,
        0.227351 0.522281 0.307087,
        0.234026 0.517794 0.307087,
        0.243534 0.506826 0.307087,
        0.249711 0.494846 0.307087,
        0.251848 0.494106 0.307087,
        0.194522 0.532898 0.307087,
        0.206494 0.531641 0.307087,
        0.295197 0.590551 0.307087,
        0.180112 0.531118 0.307087,
        -0.188985 0.590551 0.307087,
        0.166720 0.525944 0.307087,
        -0.188985 0.522281 0.307087,
        -0.188985 0.480738 0.307087,
        0.097214 0.480738 0.307087,
        0.160813 0.522281 0.307087,
        0.159665 0.521570 0.307087,
        0.100690 0.487877 0.307087,
        0.106800 0.495428 0.307087,
        0.109777 0.498169 0.307087,
        0.119576 0.504589 0.307087,
        0.130448 0.508348 0.307087,
        0.140204 0.509370 0.307087,
        0.152839 0.515724 0.307087,
        0.143544 0.509189 0.307087,
        0.146884 0.508789 0.307087,
        0.093147 0.462314 0.307087,
        0.093309 0.466217 0.307087,
        0.095704 0.477637 0.307087,
        0.123121 0.418461 0.307087,
        0.112848 0.423993 0.307087,
        -0.188985 0.415926 0.307087,
        0.097908 0.441707 0.307087,
        -0.188985 0.451622 0.307087,
        0.094506 0.451622 0.307087,
        0.094166 0.452612 0.307087,
        0.128585 0.416710 0.307087,
        0.105347 0.430653 0.307087,
        0.103948 0.432280 0.307087,
        0.135803 0.405161 0.307087,
        0.131487 0.410494 0.307087,
        0.128951 0.415926 0.307087,
        0.168209 0.399743 0.307087,
        0.163194 0.397820 0.307087,
        0.295197 -0.590551 0.307087,
        0.156180 0.396958 0.307087,
        -0.188985 -0.590551 0.307087,
        0.155039 0.396980 0.307087,
        0.148182 0.398054 0.307087,
        -0.188985 0.399743 0.307087,
        0.144170 0.399743 0.307087,
        0.141482 0.400874 0.307087,
        0.183404 0.415926 0.307087,
        0.183390 0.415865 0.307087,
        0.295197 0.399743 0.307087,
        0.179965 0.409383 0.307087,
        0.175461 0.404327 0.307087,
        0.169674 0.400304 0.307087,
        0.250165 0.417910 0.307087,
        0.241287 0.416129 0.307087,
        0.219104 0.418145 0.307087,
        0.217918 0.419307 0.307087,
        0.218865 0.431942 0.307087,
        0.220676 0.433162 0.307087,
        0.225893 0.450405 0.307087,
        0.222684 0.433900 0.307087,
        0.267720 0.429200 0.307087,
        0.266752 0.428185 0.307087,
        0.259098 0.422052 0.307087,
        0.278432 0.455083 0.307087,
        0.277875 0.451622 0.307087,
        0.276902 0.445579 0.307087,
        0.273067 0.436483 0.307087,
        0.224150 0.416129 0.307087,
        0.223009 0.416278 0.307087,
        0.221067 0.416913 0.307087,
        0.224730 0.434138 0.307087,
        0.225013 0.434118 0.307087,
        0.225885 0.433925 0.307087,
        0.215726 0.425134 0.307087,
        0.215770 0.426017 0.307087,
        0.185226 0.428910 0.307087,
        0.216287 0.428244 0.307087,
        0.217351 0.430267 0.307087,
        0.216690 0.421148 0.307087,
        0.215963 0.423126 0.307087,
        0.185075 0.423040 0.307087,
        0.185226 0.426005 0.307087,
        0.254571 0.441150 0.307087,
        0.257765 0.445683 0.307087,
        0.226473 0.433848 0.307087,
        0.239544 0.433848 0.307087,
        0.244721 0.434835 0.307087,
        0.249851 0.437201 0.307087,
        0.254152 0.440701 0.307087,
        0.159730 0.455131 0.307087,
        0.166740 0.453386 0.307087,
        0.235190 0.480738 0.307087,
        0.156180 0.455343 0.307087,
        0.259764 0.450860 0.307087,
        0.259857 0.451622 0.307087,
        0.225181 0.451622 0.307087,
        0.260458 0.456504 0.307087,
        0.260322 0.459001 0.307087,
        0.149265 0.454493 0.307087,
        0.117816 0.480738 0.307087,
        0.142847 0.452044 0.307087,
        0.114793 0.476389 0.307087,
        0.112309 0.469909 0.307087,
        0.113779 0.451622 0.307087,
        0.142238 0.451622 0.307087,
        0.111785 0.458477 0.307087,
        0.111447 0.462895 0.307087,
        0.252889 0.473391 0.307087,
        0.248382 0.476534 0.307087,
        0.258969 0.464583 0.307087,
        0.256278 0.469602 0.307087,
        0.235478 0.479161 0.307087,
        0.216888 0.465800 0.307087,
        0.237802 0.479161 0.307087,
        0.243312 0.478483 0.307087,
        0.170028 0.451622 0.307087,
        0.113854 0.451362 0.307087,
        0.132098 0.442435 0.307087,
        0.136905 0.447922 0.307087,
        0.117349 0.445406 0.307087,
        0.122560 0.440059 0.307087,
        0.128875 0.436172 0.307087,
        0.155889 0.487585 0.307087,
        0.153742 0.488755 0.307087,
        0.230691 0.494143 0.307087,
        0.224672 0.502433 0.307087,
        0.221217 0.505727 0.307087,
        0.212951 0.511190 0.307087,
        0.203776 0.514470 0.307087,
        0.147226 0.491117 0.307087,
        0.140494 0.491942 0.307087,
        0.137529 0.491791 0.307087,
        0.234506 0.484482 0.307087,
        0.194812 0.515470 0.307087,
        0.193181 0.515439 0.307087,
        0.159785 0.495912 0.307087,
        0.183517 0.513929 0.307087,
        0.166094 0.503843 0.307087,
        0.174083 0.509934 0.307087,
        0.130354 0.490106 0.307087,
        0.123872 0.486681 0.307087,
        0.118816 0.482176 0.307087,
        0.273941 0.474488 0.307087,
        0.277320 0.465574 0.307087,
        0.278467 0.456795 0.307087,
        0.435752 0.494658 0.307087,
        0.433743 0.490431 0.307087,
        0.432104 0.515156 0.307087,
        0.434643 0.511605 0.307087,
        0.430699 0.516527 0.307087,
        0.436164 0.507719 0.307087,
        0.436860 0.502031 0.307087,
        0.436739 0.499444 0.307087,
        0.422313 0.522281 0.307087,
        0.390215 0.522281 0.307087,
        0.394951 0.521937 0.307087,
        0.390215 0.521937 0.307087,
        0.394951 0.517237 0.307087,
        0.403598 0.481082 0.307087,
        0.403598 0.521937 0.307087,
        0.415253 0.521937 0.307087,
        0.421487 0.521248 0.307087,
        0.422313 0.520947 0.307087,
        0.426419 0.519448 0.307087,
        0.390215 0.480738 0.307087,
        0.422313 0.480738 0.307087,
        0.395881 0.481082 0.307087,
        0.430699 0.486805 0.307087,
        0.426490 0.483777 0.307087,
        0.422313 0.482130 0.307087,
        0.421846 0.481946 0.307087,
        0.414835 0.481082 0.307087,
        0.395881 0.485740 0.307087,
        0.447043 0.420929 0.307087,
        0.447043 0.416271 0.307087,
        0.437993 0.415926 0.307087,
        0.430344 0.434672 0.307087,
        0.430344 0.420929 0.307087,
        0.437993 0.434672 0.307087,
        0.437993 0.420929 0.307087,
        0.444954 0.434672 0.307087,
        0.430344 0.451622 0.307087,
        0.430344 0.439351 0.307087,
        0.437993 0.451622 0.307087,
        0.437993 0.439351 0.307087,
        0.444954 0.439351 0.307087,
        0.430344 0.452426 0.307087,
        0.437993 0.452426 0.307087,
        0.446113 0.452426 0.307087,
        0.446113 0.457125 0.307087,
        0.437993 0.457125 0.307087,
        0.425070 0.457125 0.307087,
        0.437993 0.416271 0.307087,
        0.422313 0.415926 0.307087,
        0.419556 0.445450 0.307087,
        0.379181 0.499483 0.307087,
        0.379181 0.485740 0.307087,
        0.390215 0.499483 0.307087,
        0.390215 0.485740 0.307087,
        0.393792 0.499483 0.307087,
        0.393792 0.504162 0.307087,
        0.390215 0.504162 0.307087,
        0.390215 0.517237 0.307087,
        0.379181 0.504162 0.307087,
        0.379181 0.517237 0.307087,
        0.373908 0.521937 0.307087,
        0.371542 0.522281 0.307087,
        0.373908 0.481082 0.307087,
        -0.471117 -0.504989 0.307087,
        -0.472457 -0.515167 0.307087,
        -0.476385 -0.524652 0.307087,
        -0.482635 -0.532796 0.307087,
        -0.590551 -0.590551 0.307087,
        -0.520620 -0.542974 0.307087,
        -0.530105 -0.539046 0.307087,
        -0.538250 -0.532796 0.307087,
        -0.544499 -0.524652 0.307087,
        -0.548428 -0.515167 0.307087,
        -0.490780 -0.539046 0.307087,
        -0.500264 -0.542974 0.307087,
        -0.510442 -0.544314 0.307087,
        -0.549768 -0.504989 0.307087,
        -0.548428 -0.494811 0.307087,
        -0.590551 0.399743 0.307087,
        -0.544499 -0.485326 0.307087,
        -0.538250 -0.477181 0.307087,
        -0.530105 -0.470932 0.307087,
        -0.520620 -0.467004 0.307087,
        -0.510442 -0.465663 0.307087,
        -0.500264 -0.467004 0.307087,
        -0.490780 -0.470932 0.307087,
        -0.482635 -0.477181 0.307087,
        -0.476385 -0.485326 0.307087,
        -0.472457 -0.494811 0.307087,
        0.558800 0.399743 0.307087,
        0.489156 -0.590551 0.307087,
        0.489156 0.399743 0.307087,
        0.450901 -0.590551 0.307087,
        0.450901 0.399743 0.307087,
        0.437993 -0.590551 0.307087,
        0.437993 0.399743 0.307087,
        0.422313 -0.590551 0.307087,
        0.390215 -0.590551 0.307087,
        0.371542 -0.590551 0.307087,
        0.367454 -0.590551 0.307087,
        0.367454 0.399743 0.307087,
        0.363987 -0.590551 0.307087,
        0.334520 -0.590551 0.307087,
        0.333685 -0.590551 0.307087,
        0.333685 0.399743 0.307087,
        0.352618 0.416552 0.307087,
        0.333685 0.480738 0.307087,
        0.371542 0.480738 0.307087,
        0.333471 0.485740 0.307087,
        0.333471 0.481082 0.307087,
        0.311926 0.481082 0.307087,
        0.317200 0.521937 0.307087,
        0.333685 0.522281 0.307087,
        0.311926 0.521937 0.307087,
        0.317200 0.485740 0.307087,
        0.390215 0.481082 0.307087,
        0.558800 0.522281 0.307087,
        0.489156 0.522281 0.307087,
        0.454687 0.521937 0.307087,
        0.590551 0.415926 0.307087,
        0.590551 0.451622 0.307087,
        0.590551 0.480738 0.307087,
        0.590551 0.522281 0.307087,
        -0.590551 0.415926 0.307087,
        -0.590551 0.451622 0.307087,
        -0.590551 0.480738 0.307087,
        -0.590551 0.522281 0.307087,
        -0.590551 0.590551 0.307087,
        0.333685 0.590551 0.307087,
        0.590551 0.590551 0.307087,
        0.558800 0.590551 0.307087,
        0.489156 0.590551 0.307087,
        0.450901 0.590551 0.307087,
        0.437993 0.590551 0.307087,
        0.422313 0.590551 0.307087,
        0.390215 0.590551 0.307087,
        0.371542 0.590551 0.307087,
        0.367454 0.590551 0.307087,
        0.055118 -0.524016 0.000000,
        0.055118 -0.590551 0.000000,
        -0.055118 -0.524016 0.000000,
        -0.055118 -0.590551 0.000000,
      ]
    }
    coordIndex [
      0, 1, 2, -1,
      3, 4, 5, -1,
      6, 7, 8, -1,
      9, 10, 11, -1,
      12, 13, 14, -1,
      15, 16, 17, -1,
      17, 16, 12, -1,
      17, 12, 18, -1,
      18, 12, 14, -1,
      14, 19, 18, -1,
      18, 19, 20, -1,
      18, 20, 21, -1,
      21, 20, 22, -1,
      21, 22, 23, -1,
      23, 22, 24, -1,
      23, 24, 25, -1,
      26, 27, 28, -1,
      29, 30, 31, -1,
      31, 30, 32, -1,
      33, 34, 28, -1,
      26, 28, 35, -1,
      35, 28, 34, -1,
      35, 34, 36, -1,
      37, 38, 39, -1,
      39, 38, 40, -1,
      39, 40, 41, -1,
      41, 40, 42, -1,
      41, 42, 43, -1,
      27, 31, 28, -1,
      28, 31, 32, -1,
      28, 32, 44, -1,
      44, 32, 45, -1,
      44, 45, 46, -1,
      46, 45, 47, -1,
      46, 47, 43, -1,
      43, 47, 48, -1,
      43, 48, 41, -1,
      49, 50, 51, -1,
      51, 50, 52, -1,
      52, 50, 53, -1,
      52, 53, 17, -1,
      17, 53, 54, -1,
      17, 54, 55, -1,
      55, 54, 56, -1,
      55, 56, 57, -1,
      57, 56, 58, -1,
      57, 58, 59, -1,
      59, 58, 60, -1,
      59, 60, 61, -1,
      62, 63, 61, -1,
      61, 63, 49, -1,
      61, 49, 59, -1,
      59, 49, 51, -1,
      64, 65, 66, -1,
      66, 65, 67, -1,
      66, 67, 68, -1,
      69, 70, 71, -1,
      71, 70, 72, -1,
      73, 74, 75, -1,
      75, 74, 76, -1,
      75, 76, 77, -1,
      77, 76, 72, -1,
      77, 72, 78, -1,
      78, 72, 70, -1,
      68, 79, 66, -1,
      66, 79, 80, -1,
      66, 80, 81, -1,
      73, 75, 66, -1,
      66, 75, 82, -1,
      66, 82, 64, -1,
      83, 84, 85, -1,
      85, 84, 86, -1,
      81, 87, 66, -1,
      66, 87, 88, -1,
      66, 88, 89, -1,
      89, 88, 90, -1,
      89, 90, 91, -1,
      91, 90, 92, -1,
      93, 94, 83, -1,
      83, 94, 95, -1,
      83, 95, 84, -1,
      96, 97, 98, -1,
      98, 97, 99, -1,
      100, 101, 102, -1,
      102, 101, 103, -1,
      102, 103, 104, -1,
      105, 106, 107, -1,
      104, 108, 102, -1,
      102, 108, 109, -1,
      102, 109, 110, -1,
      107, 111, 105, -1,
      105, 111, 112, -1,
      105, 112, 113, -1,
      114, 115, 105, -1,
      105, 115, 116, -1,
      105, 116, 106, -1,
      117, 44, 118, -1,
      118, 44, 119, -1,
      118, 119, 120, -1,
      90, 121, 92, -1,
      92, 121, 122, -1,
      92, 122, 123, -1,
      123, 122, 124, -1,
      123, 124, 125, -1,
      11, 126, 127, -1,
      5, 128, 129, -1,
      129, 128, 130, -1,
      131, 132, 133, -1,
      133, 134, 131, -1,
      131, 134, 135, -1,
      131, 135, 129, -1,
      129, 135, 136, -1,
      129, 136, 5, -1,
      137, 138, 11, -1,
      137, 11, 139, -1,
      140, 141, 142, -1,
      142, 141, 143, -1,
      140, 144, 141, -1,
      141, 144, 145, -1,
      141, 145, 146, -1,
      147, 148, 11, -1,
      11, 148, 149, -1,
      11, 149, 126, -1,
      138, 150, 11, -1,
      11, 150, 151, -1,
      11, 151, 147, -1,
      152, 153, 143, -1,
      143, 153, 154, -1,
      143, 154, 155, -1,
      155, 156, 143, -1,
      143, 156, 157, -1,
      143, 157, 142, -1,
      158, 52, 159, -1,
      159, 52, 160, -1,
      161, 162, 51, -1,
      51, 162, 163, -1,
      51, 163, 164, -1,
      164, 165, 51, -1,
      51, 165, 166, -1,
      51, 166, 167, -1,
      158, 168, 52, -1,
      52, 168, 169, -1,
      52, 169, 51, -1,
      51, 169, 170, -1,
      51, 170, 161, -1,
      160, 52, 171, -1,
      171, 52, 17, -1,
      171, 17, 172, -1,
      173, 174, 175, -1,
      175, 174, 176, -1,
      175, 176, 18, -1,
      18, 176, 177, -1,
      18, 177, 17, -1,
      17, 177, 178, -1,
      17, 178, 172, -1,
      127, 130, 11, -1,
      11, 130, 128, -1,
      11, 128, 179, -1,
      179, 128, 180, -1,
      181, 182, 11, -1,
      183, 184, 185, -1,
      185, 184, 186, -1,
      181, 11, 187, -1,
      186, 188, 185, -1,
      185, 188, 189, -1,
      185, 189, 128, -1,
      128, 189, 190, -1,
      128, 190, 180, -1,
      182, 191, 11, -1,
      11, 191, 192, -1,
      11, 192, 9, -1,
      193, 194, 179, -1,
      179, 194, 195, -1,
      179, 195, 11, -1,
      11, 195, 196, -1,
      11, 196, 187, -1,
      197, 198, 199, -1,
      199, 198, 200, -1,
      199, 200, 201, -1,
      199, 202, 197, -1,
      197, 202, 203, -1,
      197, 203, 204, -1,
      204, 205, 197, -1,
      197, 205, 206, -1,
      197, 206, 207, -1,
      207, 206, 208, -1,
      207, 208, 209, -1,
      209, 208, 210, -1,
      209, 210, 179, -1,
      179, 210, 211, -1,
      179, 211, 193, -1,
      212, 213, 201, -1,
      201, 213, 214, -1,
      201, 214, 199, -1,
      215, 216, 217, -1,
      183, 185, 218, -1,
      218, 185, 219, -1,
      218, 219, 220, -1,
      221, 222, 223, -1,
      215, 217, 223, -1,
      223, 217, 224, -1,
      223, 224, 221, -1,
      222, 225, 223, -1,
      223, 225, 226, -1,
      223, 226, 219, -1,
      219, 226, 227, -1,
      219, 227, 220, -1,
      228, 229, 216, -1,
      216, 229, 230, -1,
      216, 230, 217, -1,
      228, 231, 229, -1,
      229, 231, 232, -1,
      229, 232, 233, -1,
      233, 232, 234, -1,
      233, 235, 236, -1,
      234, 237, 233, -1,
      233, 237, 238, -1,
      233, 238, 239, -1,
      239, 240, 233, -1,
      233, 240, 241, -1,
      233, 241, 235, -1,
      236, 242, 233, -1,
      233, 242, 243, -1,
      233, 243, 244, -1,
      245, 246, 247, -1,
      247, 246, 248, -1,
      247, 248, 249, -1,
      249, 248, 250, -1,
      251, 252, 10, -1,
      10, 252, 141, -1,
      10, 141, 11, -1,
      11, 141, 146, -1,
      11, 146, 139, -1,
      46, 253, 254, -1,
      255, 256, 257, -1,
      257, 256, 258, -1,
      254, 259, 46, -1,
      46, 259, 260, -1,
      46, 260, 261, -1,
      46, 262, 44, -1,
      44, 262, 263, -1,
      44, 263, 264, -1,
      265, 266, 119, -1,
      261, 267, 46, -1,
      46, 267, 268, -1,
      46, 268, 269, -1,
      266, 270, 119, -1,
      119, 270, 271, -1,
      119, 271, 272, -1,
      273, 274, 258, -1,
      258, 274, 275, -1,
      258, 275, 276, -1,
      269, 277, 46, -1,
      46, 277, 278, -1,
      46, 278, 262, -1,
      262, 278, 279, -1,
      262, 279, 280, -1,
      280, 281, 262, -1,
      262, 281, 282, -1,
      262, 282, 283, -1,
      283, 282, 284, -1,
      285, 286, 284, -1,
      284, 286, 287, -1,
      284, 287, 283, -1,
      264, 288, 44, -1,
      44, 288, 289, -1,
      44, 289, 119, -1,
      119, 289, 290, -1,
      119, 290, 265, -1,
      291, 292, 284, -1,
      284, 292, 293, -1,
      284, 293, 294, -1,
      294, 295, 284, -1,
      284, 295, 296, -1,
      284, 296, 285, -1,
      297, 298, 299, -1,
      299, 298, 300, -1,
      300, 298, 301, -1,
      300, 301, 302, -1,
      303, 38, 304, -1,
      304, 38, 305, -1,
      304, 305, 306, -1,
      307, 308, 305, -1,
      305, 308, 309, -1,
      305, 309, 310, -1,
      310, 311, 305, -1,
      305, 311, 312, -1,
      305, 312, 306, -1,
      313, 314, 315, -1,
      313, 315, 316, -1,
      316, 315, 317, -1,
      316, 317, 318, -1,
      319, 320, 321, -1,
      318, 317, 322, -1,
      322, 317, 319, -1,
      322, 319, 323, -1,
      321, 324, 319, -1,
      319, 324, 325, -1,
      319, 325, 326, -1,
      326, 327, 319, -1,
      319, 327, 328, -1,
      319, 328, 323, -1,
      323, 328, 329, -1,
      323, 329, 330, -1,
      330, 329, 331, -1,
      330, 331, 332, -1,
      333, 334, 320, -1,
      320, 334, 335, -1,
      320, 335, 321, -1,
      336, 337, 338, -1,
      338, 339, 340, -1,
      340, 339, 341, -1,
      340, 341, 320, -1,
      320, 341, 342, -1,
      320, 342, 333, -1,
      336, 338, 343, -1,
      337, 344, 338, -1,
      338, 344, 345, -1,
      338, 345, 339, -1,
      346, 347, 338, -1,
      338, 347, 348, -1,
      338, 348, 343, -1,
      349, 350, 351, -1,
      351, 350, 352, -1,
      351, 352, 353, -1,
      352, 354, 353, -1,
      353, 354, 355, -1,
      353, 355, 356, -1,
      356, 355, 357, -1,
      356, 357, 338, -1,
      338, 357, 358, -1,
      338, 358, 346, -1,
      359, 360, 361, -1,
      360, 362, 361, -1,
      361, 362, 363, -1,
      361, 363, 364, -1,
      42, 365, 366, -1,
      359, 367, 368, -1,
      369, 370, 371, -1,
      371, 370, 372, -1,
      373, 374, 42, -1,
      42, 374, 375, -1,
      42, 375, 365, -1,
      376, 377, 40, -1,
      40, 377, 378, -1,
      40, 378, 42, -1,
      42, 378, 379, -1,
      42, 379, 373, -1,
      380, 381, 359, -1,
      359, 381, 382, -1,
      359, 382, 367, -1,
      372, 383, 371, -1,
      371, 383, 384, -1,
      371, 384, 385, -1,
      386, 387, 388, -1,
      388, 387, 389, -1,
      388, 389, 371, -1,
      371, 389, 390, -1,
      371, 390, 369, -1,
      368, 391, 359, -1,
      359, 391, 392, -1,
      359, 392, 393, -1,
      393, 392, 386, -1,
      393, 386, 394, -1,
      394, 386, 388, -1,
      371, 395, 396, -1,
      385, 397, 371, -1,
      371, 397, 398, -1,
      371, 398, 399, -1,
      399, 400, 371, -1,
      371, 400, 401, -1,
      371, 401, 395, -1,
      402, 403, 404, -1,
      402, 404, 405, -1,
      396, 406, 371, -1,
      371, 406, 407, -1,
      371, 407, 408, -1,
      408, 407, 409, -1,
      408, 409, 410, -1,
      411, 412, 413, -1,
      413, 412, 414, -1,
      413, 414, 415, -1,
      416, 417, 418, -1,
      418, 417, 413, -1,
      418, 413, 419, -1,
      419, 413, 415, -1,
      408, 420, 421, -1,
      410, 422, 408, -1,
      408, 422, 423, -1,
      408, 423, 420, -1,
      424, 425, 426, -1,
      426, 425, 408, -1,
      426, 408, 427, -1,
      427, 408, 421, -1,
      424, 404, 425, -1,
      425, 404, 403, -1,
      425, 403, 8, -1,
      8, 403, 428, -1,
      8, 428, 6, -1,
      429, 430, 416, -1,
      416, 430, 431, -1,
      416, 431, 417, -1,
      429, 432, 430, -1,
      430, 432, 433, -1,
      430, 433, 434, -1,
      412, 435, 436, -1,
      437, 438, 435, -1,
      438, 439, 435, -1,
      435, 439, 440, -1,
      435, 440, 441, -1,
      436, 442, 412, -1,
      412, 442, 443, -1,
      412, 443, 444, -1,
      411, 405, 412, -1,
      412, 405, 404, -1,
      412, 404, 435, -1,
      435, 404, 445, -1,
      435, 445, 437, -1,
      441, 446, 435, -1,
      435, 446, 447, -1,
      435, 447, 448, -1,
      448, 447, 449, -1,
      448, 449, 450, -1,
      450, 449, 451, -1,
      452, 453, 444, -1,
      444, 453, 454, -1,
      444, 454, 412, -1,
      303, 455, 38, -1,
      38, 455, 456, -1,
      38, 456, 40, -1,
      40, 456, 457, -1,
      40, 457, 376, -1,
      458, 459, 21, -1,
      460, 461, 23, -1,
      460, 23, 462, -1,
      461, 463, 23, -1,
      23, 463, 464, -1,
      23, 464, 21, -1,
      21, 464, 465, -1,
      21, 465, 458, -1,
      466, 467, 468, -1,
      468, 467, 469, -1,
      470, 471, 472, -1,
      473, 474, 466, -1,
      466, 474, 475, -1,
      466, 475, 23, -1,
      23, 475, 476, -1,
      23, 476, 462, -1,
      473, 466, 472, -1,
      472, 466, 468, -1,
      472, 468, 470, -1,
      477, 478, 479, -1,
      459, 480, 21, -1,
      21, 480, 481, -1,
      21, 481, 478, -1,
      478, 481, 482, -1,
      478, 482, 483, -1,
      483, 484, 478, -1,
      478, 484, 471, -1,
      478, 471, 479, -1,
      479, 471, 485, -1,
      486, 487, 167, -1,
      167, 487, 488, -1,
      489, 490, 491, -1,
      491, 490, 492, -1,
      491, 492, 493, -1,
      493, 492, 486, -1,
      493, 486, 175, -1,
      175, 486, 167, -1,
      175, 167, 173, -1,
      173, 167, 166, -1,
      494, 495, 496, -1,
      496, 495, 497, -1,
      496, 497, 175, -1,
      175, 497, 498, -1,
      175, 498, 493, -1,
      499, 494, 500, -1,
      500, 494, 496, -1,
      500, 496, 501, -1,
      501, 496, 175, -1,
      501, 175, 502, -1,
      502, 175, 18, -1,
      502, 18, 503, -1,
      503, 18, 21, -1,
      503, 21, 504, -1,
      504, 21, 478, -1,
      487, 505, 488, -1,
      488, 505, 3, -1,
      488, 3, 506, -1,
      506, 3, 5, -1,
      506, 5, 507, -1,
      507, 5, 136, -1,
      508, 509, 510, -1,
      510, 509, 511, -1,
      510, 511, 512, -1,
      511, 485, 512, -1,
      512, 485, 471, -1,
      512, 471, 513, -1,
      513, 471, 470, -1,
      513, 470, 514, -1,
      514, 470, 515, -1,
      514, 515, 516, -1,
      516, 515, 517, -1,
      469, 467, 518, -1,
      518, 467, 519, -1,
      518, 519, 520, -1,
      521, 522, 353, -1,
      353, 522, 523, -1,
      353, 523, 524, -1,
      525, 526, 527, -1,
      527, 528, 525, -1,
      525, 528, 529, -1,
      525, 529, 530, -1,
      524, 531, 353, -1,
      353, 531, 532, -1,
      353, 532, 525, -1,
      525, 532, 533, -1,
      525, 533, 526, -1,
      530, 534, 525, -1,
      525, 534, 535, -1,
      525, 535, 536, -1,
      536, 535, 537, -1,
      536, 537, 538, -1,
      538, 539, 536, -1,
      536, 539, 540, -1,
      536, 540, 541, -1,
      541, 542, 356, -1,
      356, 542, 543, -1,
      543, 544, 356, -1,
      356, 544, 545, -1,
      356, 545, 353, -1,
      353, 545, 546, -1,
      353, 546, 521, -1,
      0, 547, 548, -1,
      548, 547, 549, -1,
      548, 549, 550, -1,
      550, 549, 551, -1,
      550, 551, 552, -1,
      552, 551, 553, -1,
      552, 553, 554, -1,
      554, 553, 143, -1,
      554, 143, 555, -1,
      555, 143, 141, -1,
      555, 141, 556, -1,
      556, 141, 252, -1,
      556, 252, 557, -1,
      557, 252, 558, -1,
      557, 558, 559, -1,
      559, 558, 299, -1,
      559, 299, 560, -1,
      560, 299, 300, -1,
      560, 300, 561, -1,
      561, 300, 562, -1,
      561, 562, 351, -1,
      351, 562, 361, -1,
      351, 361, 349, -1,
      349, 361, 364, -1,
      302, 253, 300, -1,
      300, 253, 46, -1,
      300, 46, 562, -1,
      562, 46, 43, -1,
      562, 43, 361, -1,
      361, 43, 42, -1,
      361, 42, 359, -1,
      359, 42, 366, -1,
      359, 366, 380, -1,
      251, 250, 252, -1,
      252, 250, 248, -1,
      252, 248, 558, -1,
      558, 248, 246, -1,
      558, 246, 299, -1,
      299, 246, 257, -1,
      299, 257, 297, -1,
      297, 257, 258, -1,
      297, 258, 563, -1,
      563, 258, 276, -1,
      547, 59, 549, -1,
      549, 59, 51, -1,
      549, 51, 551, -1,
      551, 51, 167, -1,
      551, 167, 553, -1,
      553, 167, 488, -1,
      553, 488, 143, -1,
      143, 488, 506, -1,
      143, 506, 152, -1,
      152, 506, 507, -1,
      245, 223, 246, -1,
      246, 223, 219, -1,
      246, 219, 257, -1,
      257, 219, 119, -1,
      257, 119, 255, -1,
      255, 119, 272, -1,
      117, 100, 44, -1,
      44, 100, 102, -1,
      44, 102, 28, -1,
      28, 102, 564, -1,
      28, 564, 33, -1,
      4, 504, 5, -1,
      5, 504, 478, -1,
      5, 478, 128, -1,
      128, 478, 477, -1,
      128, 477, 185, -1,
      185, 477, 565, -1,
      185, 565, 219, -1,
      219, 565, 92, -1,
      219, 92, 119, -1,
      119, 92, 123, -1,
      119, 123, 120, -1,
      120, 123, 125, -1,
      566, 567, 564, -1,
      564, 567, 568, -1,
      569, 570, 571, -1,
      571, 570, 305, -1,
      571, 305, 568, -1,
      568, 305, 38, -1,
      568, 38, 564, -1,
      564, 38, 37, -1,
      564, 37, 33, -1,
      110, 114, 102, -1,
      102, 114, 105, -1,
      102, 105, 564, -1,
      564, 105, 570, -1,
      564, 570, 566, -1,
      566, 570, 569, -1,
      566, 569, 572, -1,
      479, 573, 477, -1,
      477, 573, 520, -1,
      477, 520, 565, -1,
      565, 520, 519, -1,
      565, 519, 92, -1,
      92, 519, 85, -1,
      92, 85, 91, -1,
      91, 85, 86, -1,
      55, 574, 17, -1,
      17, 574, 575, -1,
      17, 575, 15, -1,
      15, 575, 25, -1,
      15, 25, 576, -1,
      576, 25, 24, -1,
      0, 2, 547, -1,
      547, 2, 577, -1,
      547, 577, 59, -1,
      59, 577, 578, -1,
      59, 578, 57, -1,
      57, 578, 579, -1,
      57, 579, 55, -1,
      55, 579, 580, -1,
      55, 580, 574, -1,
      541, 356, 536, -1,
      536, 356, 338, -1,
      536, 338, 581, -1,
      581, 338, 340, -1,
      581, 340, 582, -1,
      582, 340, 320, -1,
      582, 320, 583, -1,
      583, 320, 319, -1,
      583, 319, 584, -1,
      584, 319, 317, -1,
      584, 317, 585, -1,
      113, 98, 105, -1,
      105, 98, 99, -1,
      105, 99, 570, -1,
      570, 99, 586, -1,
      570, 586, 305, -1,
      305, 586, 315, -1,
      305, 315, 307, -1,
      307, 315, 314, -1,
      580, 587, 574, -1,
      574, 587, 588, -1,
      574, 588, 575, -1,
      575, 588, 589, -1,
      575, 589, 25, -1,
      25, 589, 590, -1,
      25, 590, 23, -1,
      23, 590, 591, -1,
      23, 591, 466, -1,
      466, 591, 592, -1,
      466, 592, 467, -1,
      467, 592, 593, -1,
      467, 593, 519, -1,
      519, 593, 594, -1,
      519, 594, 85, -1,
      85, 594, 595, -1,
      85, 595, 83, -1,
      83, 595, 97, -1,
      83, 97, 93, -1,
      93, 97, 96, -1,
      596, 597, 598, -1,
      598, 597, 599, -1,
    ]
  }
}

Shape {
  appearance Appearance {
    material Material {
      diffuseColor 0.6667 0.6667 0.6667
      specularColor 0.4667 0.4667 0.4667
      ambientIntensity 0.2
      transparency 0.0000
      shininess 0.5
    }
  }
  geometry IndexedFaceSet {
    ccw TRUE
    solid FALSE
    coord DEF co Coordinate {
      point [
        0.055118 -0.524016 0.000000,
        0.055118 -0.590551 0.000000,
        -0.055118 -0.524016 0.000000,
        -0.055118 -0.590551 0.000000,
        0.055118 -0.590945 0.070866,
        0.055118 -0.590551 0.070866,
        0.055118 -0.524016 -0.007874,
        0.055118 -0.590945 -0.007874,
        -0.055118 -0.590551 0.070866,
        -0.055118 -0.590945 0.070866,
        -0.055118 -0.590945 -0.007874,
        -0.055118 -0.524016 -0.007874,
      ]
    }
    coordIndex [
      4, 5, 1, -1,
      0, 6, 1, -1,
      1, 6, 7, -1,
      1, 7, 4, -1,
      8, 9, 3, -1,
      3, 9, 10, -1,
      3, 10, 2, -1,
      2, 10, 11, -1,
    ]
  }
}

Shape {
  appearance Appearance {
    material Material {
      diffuseColor 0.2078 0.2078 0.2078
      specularColor 0.0157 0.0157 0.0157
      ambientIntensity 0.2
      transparency 0.0000
      shininess 0.5
    }
  }
  geometry IndexedFaceSet {
    ccw TRUE
    solid FALSE
    coord DEF co Coordinate {
      point [
        0.311024 -0.524016 0.000000,
        0.311024 -0.590551 0.000000,
        0.200787 -0.524016 0.000000,
        0.200787 -0.590551 0.000000,
      ]
    }
    coordIndex [
      0, 1, 2, -1,
      2, 1, 3, -1,
    ]
  }
}

Shape {
  appearance Appearance {
    material Material {
      diffuseColor 0.6667 0.6667 0.6667
      specularColor 0.4667 0.4667 0.4667
      ambientIntensity 0.2
      transparency 0.0000
      shininess 0.5
    }
  }
  geometry IndexedFaceSet {
    ccw TRUE
    solid FALSE
    coord DEF co Coordinate {
      point [
        0.311024 -0.524016 0.000000,
        0.311024 -0.590551 0.000000,
        0.200787 -0.524016 0.000000,
        0.200787 -0.590551 0.000000,
        0.311024 -0.590945 0.070866,
        0.311024 -0.590551 0.070866,
        0.311024 -0.524016 -0.007874,
        0.311024 -0.590945 -0.007874,
        0.200787 -0.590551 0.070866,
        0.200787 -0.590945 0.070866,
        0.200787 -0.590945 -0.007874,
        0.200787 -0.524016 -0.007874,
      ]
    }
    coordIndex [
      4, 5, 1, -1,
      0, 6, 1, -1,
      1, 6, 7, -1,
      1, 7, 4, -1,
      8, 9, 3, -1,
      3, 9, 10, -1,
      3, 10, 2, -1,
      2, 10, 11, -1,
    ]
  }
}

Shape {
  appearance Appearance {
    material Material {
      diffuseColor 0.2078 0.2078 0.2078
      specularColor 0.0157 0.0157 0.0157
      ambientIntensity 0.2
      transparency 0.0000
      shininess 0.5
    }
  }
  geometry IndexedFaceSet {
    ccw TRUE
    solid FALSE
    coord DEF co Coordinate {
      point [
        -0.456693 -0.433465 0.000000,
        -0.456693 -0.590551 0.000000,
        -0.590551 -0.590551 0.000000,
        -0.200787 -0.563386 0.000000,
        -0.200787 -0.590551 0.000000,
        -0.240157 -0.563386 0.000000,
        -0.311024 -0.590551 0.000000,
        -0.240157 -0.433465 0.000000,
        -0.311024 -0.433465 0.000000,
        0.496063 -0.433465 0.000000,
        0.590551 -0.590551 0.000000,
        0.496063 -0.563386 0.000000,
        0.456693 -0.590551 0.000000,
        0.456693 -0.563386 0.000000,
        -0.531496 0.070866 0.000000,
        0.531496 0.070866 0.000000,
        0.531496 -0.070866 0.000000,
        -0.590551 0.590551 0.000000,
        -0.531496 -0.070866 0.000000,
        -0.531496 -0.205118 0.000000,
        -0.413386 -0.323228 0.000000,
        0.531496 -0.323228 0.000000,
        0.590551 0.590551 0.000000,
        0.531496 0.323228 0.000000,
        -0.531496 0.323228 0.000000,
        -0.456693 0.590551 0.000000,
        -0.456693 0.433465 0.000000,
        -0.311024 0.433465 0.000000,
        0.456693 0.563386 0.000000,
        0.456693 0.590551 0.000000,
        0.496063 0.563386 0.000000,
        0.496063 0.433465 0.000000,
        -0.240157 0.433465 0.000000,
        -0.240157 0.563386 0.000000,
        -0.311024 0.590551 0.000000,
        -0.200787 0.563386 0.000000,
        -0.200787 0.590551 0.000000,
      ]
    }
    coordIndex [
      0, 1, 2, -1,
      3, 4, 5, -1,
      5, 4, 6, -1,
      5, 6, 7, -1,
      7, 6, 8, -1,
      9, 10, 11, -1,
      11, 10, 12, -1,
      11, 12, 13, -1,
      14, 15, 16, -1,
      17, 18, 2, -1,
      2, 18, 19, -1,
      2, 19, 0, -1,
      0, 19, 20, -1,
      0, 20, 8, -1,
      8, 20, 21, -1,
      8, 21, 7, -1,
      7, 21, 9, -1,
      9, 21, 10, -1,
      10, 21, 16, -1,
      10, 16, 22, -1,
      22, 16, 15, -1,
      22, 15, 23, -1,
      16, 18, 14, -1,
      14, 18, 17, -1,
      14, 17, 24, -1,
      24, 17, 25, -1,
      25, 26, 24, -1,
      24, 26, 27, -1,
      24, 27, 23, -1,
      28, 29, 30, -1,
      30, 29, 22, -1,
      30, 22, 31, -1,
      31, 22, 23, -1,
      31, 23, 32, -1,
      32, 23, 27, -1,
      32, 27, 33, -1,
      33, 27, 34, -1,
      33, 34, 35, -1,
      35, 34, 36, -1,
    ]
  }
}

Shape {
  appearance Appearance {
    material Material {
      diffuseColor 0.6667 0.6667 0.6667
      specularColor 0.4667 0.4667 0.4667
      ambientIntensity 0.2
      transparency 0.0000
      shininess 0.5
    }
  }
  geometry IndexedFaceSet {
    ccw TRUE
    solid FALSE
    coord DEF co Coordinate {
      point [
        0.456693 -0.590551 0.000000,
        0.456693 -0.563386 0.000000,
        0.456693 -0.590551 0.070866,
        0.456693 -0.590945 0.070866,
        0.456693 -0.590945 -0.007874,
        0.456693 -0.563386 -0.007874,
      ]
    }
    coordIndex [
      2, 3, 0, -1,
      0, 3, 4, -1,
      0, 4, 1, -1,
      1, 4, 5, -1,
    ]
  }
}

Shape {
  appearance Appearance {
    material Material {
      diffuseColor 0.2078 0.2078 0.2078
      specularColor 0.0157 0.0157 0.0157
      ambientIntensity 0.2
      transparency 0.0000
      shininess 0.5
    }
  }
  geometry IndexedFaceSet {
    ccw TRUE
    solid FALSE
    coord DEF co Coordinate {
      point [
        0.590551 -0.590551 0.307087,
        -0.590551 -0.590551 0.307087,
        0.055118 -0.590551 0.000000,
        -0.055118 -0.590551 0.000000,
        0.055118 -0.590551 0.070866,
        -0.055118 -0.590551 0.070866,
        0.311024 -0.590551 0.000000,
        0.200787 -0.590551 0.000000,
        0.311024 -0.590551 0.070866,
        0.200787 -0.590551 0.070866,
        -0.456693 -0.590551 0.000000,
        -0.590551 -0.590551 0.000000,
        -0.200787 -0.590551 0.000000,
        -0.311024 -0.590551 0.000000,
        0.590551 -0.590551 0.000000,
        0.456693 -0.590551 0.000000,
        0.456693 -0.590551 0.070866,
        -0.456693 -0.590551 0.070866,
        -0.311024 -0.590551 0.070866,
        -0.200787 -0.590551 0.070866,
      ]
    }
    coordIndex [
      4, 9, 0, -1,
      1, 11, 10, -1,
      5, 3, 2, -1,
      15, 14, 16, -1,
      16, 14, 0, -1,
      16, 0, 8, -1,
      8, 0, 9, -1,
      8, 9, 6, -1,
      6, 9, 7, -1,
      10, 17, 1, -1,
      1, 17, 18, -1,
      1, 18, 0, -1,
      2, 4, 5, -1,
      5, 4, 0, -1,
      5, 0, 19, -1,
      19, 0, 18, -1,
      19, 18, 12, -1,
      12, 18, 13, -1,
    ]
  }
}

Shape {
  appearance Appearance {
    material Material {
      diffuseColor 0.6667 0.6667 0.6667
      specularColor 0.4667 0.4667 0.4667
      ambientIntensity 0.2
      transparency 0.0000
      shininess 0.5
    }
  }
  geometry IndexedFaceSet {
    ccw TRUE
    solid FALSE
    coord DEF co Coordinate {
      point [
        -0.200787 0.563386 0.000000,
        -0.200787 0.590551 0.000000,
        -0.200787 0.590551 0.070866,
        -0.200787 0.590945 0.070866,
        -0.200787 0.590945 -0.007874,
        -0.200787 0.563386 -0.007874,
      ]
    }
    coordIndex [
      2, 3, 1, -1,
      1, 3, 4, -1,
      1, 4, 0, -1,
      0, 4, 5, -1,
    ]
  }
}

Shape {
  appearance Appearance {
    material Material {
      diffuseColor 0.2078 0.2078 0.2078
      specularColor 0.0157 0.0157 0.0157
      ambientIntensity 0.2
      transparency 0.0000
      shininess 0.5
    }
  }
  geometry IndexedFaceSet {
    ccw TRUE
    solid FALSE
    coord DEF co Coordinate {
      point [
        0.590551 -0.590551 0.307087,
        -0.590551 -0.590551 0.307087,
        -0.590551 0.590551 0.307087,
        0.590551 0.590551 0.307087,
        -0.590551 -0.590551 0.000000,
        0.590551 -0.590551 0.000000,
        -0.590551 0.590551 0.000000,
        0.590551 0.590551 0.000000,
        -0.456693 0.590551 0.000000,
        0.456693 0.590551 0.000000,
        -0.311024 0.590551 0.000000,
        -0.200787 0.590551 0.000000,
        -0.200787 0.590551 0.070866,
        -0.055118 0.590551 0.000000,
        0.055118 0.590551 0.000000,
        -0.055118 0.524016 0.000000,
        0.055118 0.524016 0.000000,
        0.200787 0.590551 0.000000,
        0.311024 0.590551 0.000000,
        0.200787 0.524016 0.000000,
        0.311024 0.524016 0.000000,
        0.456693 0.590551 0.070866,
        0.311024 0.590551 0.070866,
        0.055118 0.590551 0.070866,
        -0.055118 0.590551 0.070866,
        0.200787 0.590551 0.070866,
        -0.456693 0.590551 0.070866,
        -0.311024 0.590551 0.070866,
      ]
    }
    coordIndex [
      13, 14, 15, -1,
      15, 14, 16, -1,
      17, 18, 19, -1,
      19, 18, 20, -1,
      3, 0, 7, -1,
      7, 0, 5, -1,
      3, 7, 9, -1,
      9, 21, 3, -1,
      3, 21, 22, -1,
      3, 22, 2, -1,
      23, 14, 13, -1,
      24, 12, 2, -1,
      13, 24, 23, -1,
      23, 24, 2, -1,
      23, 2, 25, -1,
      25, 2, 22, -1,
      25, 22, 17, -1,
      17, 22, 18, -1,
      8, 6, 26, -1,
      26, 6, 2, -1,
      26, 2, 27, -1,
      27, 2, 12, -1,
      27, 12, 10, -1,
      10, 12, 11, -1,
      1, 2, 4, -1,
      4, 2, 6, -1,
    ]
  }
}

Shape {
  appearance Appearance {
    material Material {
      diffuseColor 0.3490 0.3490 0.3490
      specularColor 0.0235 0.0235 0.0235
      ambientIntensity 0.2
      transparency 0.0000
      shininess 0.5
    }
  }
  geometry IndexedFaceSet {
    ccw TRUE
    solid FALSE
    coord DEF co Coordinate {
      point [
        -0.471117 -0.504989 0.307087,
        -0.472457 -0.515167 0.307087,
        -0.476385 -0.524652 0.307087,
        -0.482635 -0.532796 0.307087,
        -0.520620 -0.542974 0.307087,
        -0.530105 -0.539046 0.307087,
        -0.538250 -0.532796 0.307087,
        -0.544499 -0.524652 0.307087,
        -0.548428 -0.515167 0.307087,
        -0.490780 -0.539046 0.307087,
        -0.500264 -0.542974 0.307087,
        -0.510442 -0.544314 0.307087,
        -0.549768 -0.504989 0.307087,
        -0.548428 -0.494811 0.307087,
        -0.544499 -0.485326 0.307087,
        -0.538250 -0.477181 0.307087,
        -0.530105 -0.470932 0.307087,
        -0.520620 -0.467004 0.307087,
        -0.510442 -0.465663 0.307087,
        -0.500264 -0.467004 0.307087,
        -0.490780 -0.470932 0.307087,
        -0.482635 -0.477181 0.307087,
        -0.476385 -0.485326 0.307087,
        -0.472457 -0.494811 0.307087,
        -0.471117 -0.504989 0.299213,
        -0.472457 -0.494811 0.299213,
        -0.476385 -0.485326 0.299213,
        -0.482635 -0.477181 0.299213,
        -0.490780 -0.470932 0.299213,
        -0.500264 -0.467004 0.299213,
        -0.510442 -0.465663 0.299213,
        -0.520620 -0.467004 0.299213,
        -0.530105 -0.470932 0.299213,
        -0.538250 -0.477181 0.299213,
        -0.544499 -0.485326 0.299213,
        -0.548428 -0.494811 0.299213,
        -0.549768 -0.504989 0.299213,
        -0.548428 -0.515167 0.299213,
        -0.544499 -0.524652 0.299213,
        -0.538250 -0.532796 0.299213,
        -0.530105 -0.539046 0.299213,
        -0.520620 -0.542974 0.299213,
        -0.510442 -0.544314 0.299213,
        -0.500264 -0.542974 0.299213,
        -0.490780 -0.539046 0.299213,
        -0.482635 -0.532796 0.299213,
        -0.476385 -0.524652 0.299213,
        -0.472457 -0.515167 0.299213,
        -0.510442 -0.504989 0.299213,
      ]
    }
    coordIndex [
      24, 0, 25, -1,
      25, 0, 23, -1,
      25, 23, 26, -1,
      26, 23, 22, -1,
      26, 22, 27, -1,
      27, 22, 21, -1,
      27, 21, 28, -1,
      28, 21, 20, -1,
      28, 20, 29, -1,
      29, 20, 19, -1,
      29, 19, 30, -1,
      30, 19, 18, -1,
      30, 18, 31, -1,
      31, 18, 17, -1,
      31, 17, 32, -1,
      32, 17, 16, -1,
      32, 16, 33, -1,
      33, 16, 15, -1,
      33, 15, 34, -1,
      34, 15, 14, -1,
      34, 14, 35, -1,
      35, 14, 13, -1,
      35, 13, 36, -1,
      36, 13, 12, -1,
      36, 12, 37, -1,
      37, 12, 8, -1,
      37, 8, 38, -1,
      38, 8, 7, -1,
      38, 7, 39, -1,
      39, 7, 6, -1,
      39, 6, 40, -1,
      40, 6, 5, -1,
      40, 5, 41, -1,
      41, 5, 4, -1,
      41, 4, 42, -1,
      42, 4, 11, -1,
      42, 11, 43, -1,
      43, 11, 10, -1,
      43, 10, 44, -1,
      44, 10, 9, -1,
      44, 9, 45, -1,
      45, 9, 3, -1,
      45, 3, 46, -1,
      46, 3, 2, -1,
      46, 2, 47, -1,
      47, 2, 1, -1,
      47, 1, 24, -1,
      24, 1, 0, -1,
      46, 47, 48, -1,
      48, 47, 24, -1,
      48, 24, 25, -1,
      43, 44, 48, -1,
      48, 44, 45, -1,
      48, 45, 46, -1,
      40, 41, 48, -1,
      48, 41, 42, -1,
      48, 42, 43, -1,
      37, 38, 48, -1,
      48, 38, 39, -1,
      48, 39, 40, -1,
      34, 35, 48, -1,
      48, 35, 36, -1,
      48, 36, 37, -1,
      31, 32, 48, -1,
      48, 32, 33, -1,
      48, 33, 34, -1,
      28, 29, 48, -1,
      48, 29, 30, -1,
      48, 30, 31, -1,
      25, 26, 48, -1,
      48, 26, 27, -1,
      48, 27, 28, -1,
    ]
  }
}

Shape {
  appearance Appearance {
    material Material {
      diffuseColor 0.6667 0.6667 0.6667
      specularColor 0.4667 0.4667 0.4667
      ambientIntensity 0.2
      transparency 0.0000
      shininess 0.5
    }
  }
  geometry IndexedFaceSet {
    ccw TRUE
    solid FALSE
    coord DEF co Coordinate {
      point [
        0.055118 -0.524016 0.000000,
        -0.055118 -0.524016 0.000000,
        0.055118 -0.590945 0.070866,
        0.055118 -0.590551 0.070866,
        0.055118 -0.524016 -0.007874,
        0.055118 -0.590945 -0.007874,
        -0.055118 -0.590551 0.070866,
        -0.055118 -0.590945 0.070866,
        -0.055118 -0.590945 -0.007874,
        -0.055118 -0.524016 -0.007874,
        0.311024 -0.524016 0.000000,
        0.200787 -0.524016 0.000000,
        0.311024 -0.590945 0.070866,
        0.311024 -0.590551 0.070866,
        0.311024 -0.524016 -0.007874,
        0.311024 -0.590945 -0.007874,
        0.200787 -0.590551 0.070866,
        0.200787 -0.590945 0.070866,
        0.200787 -0.590945 -0.007874,
        0.200787 -0.524016 -0.007874,
        -0.456693 -0.433465 0.000000,
        -0.456693 -0.590551 0.000000,
        -0.200787 -0.563386 0.000000,
        -0.200787 -0.590551 0.000000,
        -0.240157 -0.563386 0.000000,
        -0.311024 -0.590551 0.000000,
        -0.240157 -0.433465 0.000000,
        -0.311024 -0.433465 0.000000,
        0.496063 -0.433465 0.000000,
        0.496063 -0.563386 0.000000,
        0.456693 -0.563386 0.000000,
        -0.531496 0.070866 0.000000,
        0.531496 0.070866 0.000000,
        0.531496 -0.070866 0.000000,
        -0.531496 -0.070866 0.000000,
        -0.531496 -0.205118 0.000000,
        -0.413386 -0.323228 0.000000,
        0.531496 -0.323228 0.000000,
        0.531496 0.323228 0.000000,
        -0.531496 0.323228 0.000000,
        -0.456693 0.590551 0.000000,
        -0.456693 0.433465 0.000000,
        -0.311024 0.433465 0.000000,
        0.456693 0.563386 0.000000,
        0.456693 0.590551 0.000000,
        0.496063 0.563386 0.000000,
        0.496063 0.433465 0.000000,
        -0.240157 0.433465 0.000000,
        -0.240157 0.563386 0.000000,
        -0.311024 0.590551 0.000000,
        -0.200787 0.563386 0.000000,
        0.456693 -0.590551 0.070866,
        0.456693 -0.590945 0.070866,
        0.456693 -0.590945 -0.007874,
        0.456693 -0.563386 -0.007874,
        -0.456693 -0.590551 0.070866,
        -0.311024 -0.590551 0.070866,
        -0.200787 -0.590551 0.070866,
        -0.200787 0.590551 0.070866,
        -0.200787 0.590945 0.070866,
        -0.200787 0.590945 -0.007874,
        -0.200787 0.563386 -0.007874,
        -0.055118 0.590551 0.000000,
        0.055118 0.590551 0.000000,
        -0.055118 0.524016 0.000000,
        0.055118 0.524016 0.000000,
        0.200787 0.590551 0.000000,
        0.311024 0.590551 0.000000,
        0.200787 0.524016 0.000000,
        0.311024 0.524016 0.000000,
        0.456693 0.590551 0.070866,
        0.311024 0.590551 0.070866,
        0.055118 0.590551 0.070866,
        -0.055118 0.590551 0.070866,
        0.200787 0.590551 0.070866,
        -0.456693 0.590551 0.070866,
        -0.311024 0.590551 0.070866,
        0.456693 0.590945 0.070866,
        0.311024 0.590945 0.070866,
        0.311024 0.590945 -0.007874,
        0.311024 0.524016 -0.007874,
        0.456693 0.563386 -0.007874,
        0.456693 0.590945 -0.007874,
        0.496063 0.433465 -0.007874,
        -0.240157 0.433465 -0.007874,
        0.496063 0.563386 -0.007874,
        -0.240157 0.563386 -0.007874,
        -0.055118 0.590945 -0.007874,
        -0.055118 0.524016 -0.007874,
        0.055118 0.524016 -0.007874,
        0.200787 0.524016 -0.007874,
        0.200787 0.590945 -0.007874,
        0.055118 0.590945 -0.007874,
        0.200787 0.590945 0.070866,
        0.055118 0.590945 0.070866,
        -0.055118 0.590945 0.070866,
        -0.311024 0.590945 0.070866,
        -0.456693 0.590945 0.070866,
        -0.456693 0.590945 -0.007874,
        -0.456693 0.433465 -0.007874,
        -0.311024 0.433465 -0.007874,
        -0.311024 0.590945 -0.007874,
        -0.531496 0.323228 -0.007874,
        -0.531496 0.070866 -0.007874,
        0.531496 0.323228 -0.007874,
        0.531496 0.070866 -0.007874,
        0.496063 -0.433465 -0.007874,
        -0.240157 -0.433465 -0.007874,
        -0.200787 -0.563386 -0.007874,
        -0.240157 -0.563386 -0.007874,
        0.496063 -0.563386 -0.007874,
        -0.200787 -0.590945 -0.007874,
        -0.200787 -0.590945 0.070866,
        -0.456693 -0.590945 0.070866,
        -0.311024 -0.590945 0.070866,
        -0.456693 -0.433465 -0.007874,
        -0.456693 -0.590945 -0.007874,
        -0.311024 -0.590945 -0.007874,
        -0.311024 -0.433465 -0.007874,
        -0.531496 -0.205118 -0.007874,
        -0.531496 -0.070866 -0.007874,
        0.531496 -0.070866 -0.007874,
        0.531496 -0.323228 -0.007874,
        -0.413386 -0.323228 -0.007874,
      ]
    }
    coordIndex [
      77, 78, 70, -1,
      70, 78, 71, -1,
      71, 78, 67, -1,
      67, 78, 79, -1,
      67, 79, 69, -1,
      69, 79, 80, -1,
      77, 70, 44, -1,
      43, 81, 44, -1,
      44, 81, 82, -1,
      44, 82, 77, -1,
      46, 47, 83, -1,
      83, 47, 84, -1,
      79, 78, 82, -1,
      82, 78, 77, -1,
      81, 85, 83, -1,
      84, 86, 61, -1,
      60, 87, 61, -1,
      61, 87, 88, -1,
      61, 88, 84, -1,
      84, 88, 89, -1,
      84, 89, 83, -1,
      80, 79, 82, -1,
      82, 81, 80, -1,
      80, 81, 83, -1,
      80, 83, 90, -1,
      90, 83, 89, -1,
      90, 89, 91, -1,
      91, 89, 92, -1,
      93, 94, 74, -1,
      74, 94, 72, -1,
      72, 94, 63, -1,
      63, 94, 92, -1,
      63, 92, 65, -1,
      65, 92, 89, -1,
      93, 74, 66, -1,
      68, 90, 66, -1,
      66, 90, 91, -1,
      66, 91, 93, -1,
      92, 94, 91, -1,
      91, 94, 93, -1,
      95, 59, 73, -1,
      73, 59, 58, -1,
      95, 73, 62, -1,
      64, 88, 62, -1,
      62, 88, 87, -1,
      62, 87, 95, -1,
      60, 59, 87, -1,
      87, 59, 95, -1,
      96, 97, 76, -1,
      76, 97, 75, -1,
      75, 97, 40, -1,
      40, 97, 98, -1,
      40, 98, 41, -1,
      41, 98, 99, -1,
      96, 76, 49, -1,
      42, 100, 49, -1,
      49, 100, 101, -1,
      49, 101, 96, -1,
      41, 99, 42, -1,
      42, 99, 100, -1,
      98, 97, 101, -1,
      101, 97, 96, -1,
      101, 100, 98, -1,
      98, 100, 99, -1,
      102, 103, 39, -1,
      39, 103, 31, -1,
      104, 102, 38, -1,
      38, 102, 39, -1,
      105, 104, 32, -1,
      32, 104, 38, -1,
      103, 105, 31, -1,
      31, 105, 32, -1,
      104, 105, 102, -1,
      102, 105, 103, -1,
      83, 85, 46, -1,
      46, 85, 45, -1,
      85, 81, 45, -1,
      45, 81, 43, -1,
      80, 90, 69, -1,
      69, 90, 68, -1,
      89, 88, 65, -1,
      65, 88, 64, -1,
      86, 84, 48, -1,
      48, 84, 47, -1,
      61, 86, 50, -1,
      50, 86, 48, -1,
      12, 52, 13, -1,
      13, 52, 51, -1,
      53, 52, 15, -1,
      15, 52, 12, -1,
      106, 107, 28, -1,
      28, 107, 26, -1,
      108, 109, 107, -1,
      106, 110, 54, -1,
      53, 15, 54, -1,
      54, 15, 14, -1,
      54, 14, 106, -1,
      106, 14, 19, -1,
      106, 19, 107, -1,
      9, 8, 111, -1,
      111, 108, 9, -1,
      9, 108, 107, -1,
      9, 107, 4, -1,
      4, 107, 19, -1,
      4, 19, 5, -1,
      5, 19, 18, -1,
      2, 17, 3, -1,
      3, 17, 16, -1,
      18, 17, 5, -1,
      5, 17, 2, -1,
      112, 7, 57, -1,
      57, 7, 6, -1,
      112, 57, 23, -1,
      22, 108, 23, -1,
      23, 108, 111, -1,
      23, 111, 112, -1,
      8, 7, 111, -1,
      111, 7, 112, -1,
      113, 114, 55, -1,
      55, 114, 56, -1,
      113, 55, 21, -1,
      20, 115, 21, -1,
      21, 115, 116, -1,
      21, 116, 113, -1,
      117, 114, 116, -1,
      116, 114, 113, -1,
      56, 114, 25, -1,
      25, 114, 117, -1,
      25, 117, 27, -1,
      27, 117, 118, -1,
      118, 115, 27, -1,
      27, 115, 20, -1,
      118, 117, 115, -1,
      115, 117, 116, -1,
      35, 34, 119, -1,
      119, 34, 120, -1,
      121, 120, 33, -1,
      33, 120, 34, -1,
      122, 121, 37, -1,
      37, 121, 33, -1,
      123, 122, 36, -1,
      36, 122, 37, -1,
      119, 120, 123, -1,
      123, 120, 121, -1,
      123, 121, 122, -1,
      110, 106, 29, -1,
      29, 106, 28, -1,
      54, 110, 30, -1,
      30, 110, 29, -1,
      19, 14, 11, -1,
      11, 14, 10, -1,
      9, 4, 1, -1,
      1, 4, 0, -1,
      107, 109, 26, -1,
      26, 109, 24, -1,
      109, 108, 24, -1,
      24, 108, 22, -1,
      36, 35, 123, -1,
      123, 35, 119, -1,
    ]
  }
}

Shape {
  appearance Appearance {
    material Material {
      diffuseColor 1.0000 1.0000 1.0000
      specularColor 0.5020 0.5020 0.5020
      ambientIntensity 0.2
      transparency 0.0000
      shininess 0.5
    }
  }
  geometry IndexedFaceSet {
    ccw TRUE
    solid FALSE
    coord DEF co Coordinate {
      point [
        0.485804 0.446793 0.307087,
        0.483266 0.450344 0.307087,
        0.481957 0.451622 0.307087,
        0.486914 0.429847 0.307087,
        0.484905 0.425620 0.307087,
        0.481861 0.421994 0.307087,
        0.477652 0.418966 0.307087,
        0.473008 0.417135 0.307087,
        0.465997 0.416271 0.307087,
        0.487326 0.442907 0.307087,
        0.488022 0.437220 0.307087,
        0.487901 0.434632 0.307087,
        0.481861 0.451715 0.307087,
        0.477581 0.454637 0.307087,
        0.454760 0.416271 0.307087,
        0.454760 0.451622 0.307087,
        0.454760 0.457125 0.307087,
        0.466415 0.457125 0.307087,
        0.472650 0.456437 0.307087,
        0.480145 0.427713 0.311024,
        0.478111 0.425189 0.311024,
        0.481861 0.421994 0.311024,
        0.477359 0.424506 0.311024,
        0.477652 0.418966 0.311024,
        0.474653 0.422735 0.311024,
        0.473008 0.417135 0.311024,
        0.471159 0.421488 0.311024,
        0.465997 0.416271 0.311024,
        0.465966 0.420929 0.311024,
        0.454760 0.416271 0.311024,
        0.460034 0.420929 0.311024,
        0.454760 0.457125 0.311024,
        0.460034 0.452426 0.311024,
        0.466415 0.457125 0.311024,
        0.466206 0.452426 0.311024,
        0.472650 0.456437 0.311024,
        0.471466 0.451845 0.311024,
        0.477581 0.454637 0.311024,
        0.475010 0.450567 0.311024,
        0.481861 0.451715 0.311024,
        0.477996 0.448583 0.311024,
        0.483266 0.450344 0.311024,
        0.479339 0.447224 0.311024,
        0.485804 0.446793 0.311024,
        0.480872 0.444873 0.311024,
        0.487326 0.442907 0.311024,
        0.481972 0.441780 0.311024,
        0.488022 0.437220 0.311024,
        0.482477 0.437074 0.311024,
        0.487901 0.434632 0.311024,
        0.482342 0.434491 0.311024,
        0.486914 0.429847 0.311024,
        0.481550 0.430748 0.311024,
        0.484905 0.425620 0.311024,
        0.477996 0.448583 0.307087,
        0.479339 0.447224 0.307087,
        0.480872 0.444873 0.307087,
        0.481972 0.441780 0.307087,
        0.482477 0.437074 0.307087,
        0.466206 0.452426 0.307087,
        0.471466 0.451845 0.307087,
        0.475010 0.450567 0.307087,
        0.460034 0.452426 0.307087,
        0.460034 0.420929 0.307087,
        0.465966 0.420929 0.307087,
        0.478111 0.425189 0.307087,
        0.477359 0.424506 0.307087,
        0.474653 0.422735 0.307087,
        0.471159 0.421488 0.307087,
        0.482342 0.434491 0.307087,
        0.481550 0.430748 0.307087,
        0.480145 0.427713 0.307087,
      ]
    }
    coordIndex [
      19, 20, 21, -1,
      21, 20, 22, -1,
      21, 22, 23, -1,
      23, 22, 24, -1,
      23, 24, 25, -1,
      25, 24, 26, -1,
      25, 26, 27, -1,
      27, 26, 28, -1,
      27, 28, 29, -1,
      29, 28, 30, -1,
      29, 30, 31, -1,
      31, 30, 32, -1,
      31, 32, 33, -1,
      33, 32, 34, -1,
      33, 34, 35, -1,
      35, 34, 36, -1,
      35, 36, 37, -1,
      37, 36, 38, -1,
      37, 38, 39, -1,
      39, 38, 40, -1,
      39, 40, 41, -1,
      41, 40, 42, -1,
      41, 42, 43, -1,
      43, 42, 44, -1,
      43, 44, 45, -1,
      45, 44, 46, -1,
      45, 46, 47, -1,
      47, 46, 48, -1,
      47, 48, 49, -1,
      49, 48, 50, -1,
      49, 50, 51, -1,
      51, 50, 52, -1,
      51, 52, 53, -1,
      53, 52, 19, -1,
      53, 19, 21, -1,
      21, 5, 4, -1,
      21, 4, 53, -1,
      53, 4, 3, -1,
      53, 3, 51, -1,
      51, 3, 11, -1,
      51, 11, 49, -1,
      49, 11, 10, -1,
      49, 10, 47, -1,
      12, 39, 2, -1,
      2, 39, 41, -1,
      2, 41, 1, -1,
      1, 41, 43, -1,
      1, 43, 0, -1,
      0, 43, 45, -1,
      0, 45, 9, -1,
      9, 45, 47, -1,
      9, 47, 10, -1,
      39, 12, 13, -1,
      39, 13, 37, -1,
      37, 13, 18, -1,
      37, 18, 35, -1,
      35, 18, 17, -1,
      35, 17, 33, -1,
      31, 33, 16, -1,
      16, 33, 17, -1,
      14, 29, 15, -1,
      15, 29, 31, -1,
      15, 31, 16, -1,
      27, 29, 8, -1,
      8, 29, 14, -1,
      27, 8, 7, -1,
      27, 7, 25, -1,
      25, 7, 6, -1,
      25, 6, 23, -1,
      23, 6, 5, -1,
      23, 5, 21, -1,
      40, 54, 55, -1,
      40, 55, 42, -1,
      42, 55, 56, -1,
      42, 56, 44, -1,
      44, 56, 57, -1,
      44, 57, 46, -1,
      46, 57, 58, -1,
      46, 58, 48, -1,
      34, 59, 60, -1,
      34, 60, 36, -1,
      36, 60, 61, -1,
      36, 61, 38, -1,
      38, 61, 54, -1,
      38, 54, 40, -1,
      34, 32, 59, -1,
      59, 32, 62, -1,
      32, 30, 62, -1,
      62, 30, 63, -1,
      30, 28, 63, -1,
      63, 28, 64, -1,
      20, 65, 66, -1,
      20, 66, 22, -1,
      22, 66, 67, -1,
      22, 67, 24, -1,
      24, 67, 68, -1,
      24, 68, 26, -1,
      26, 68, 64, -1,
      26, 64, 28, -1,
      48, 58, 69, -1,
      48, 69, 50, -1,
      50, 69, 70, -1,
      50, 70, 52, -1,
      52, 70, 71, -1,
      52, 71, 19, -1,
      19, 71, 65, -1,
      19, 65, 20, -1,
    ]
  }
}

Shape {
  appearance Appearance {
    material Material {
      diffuseColor 0.2078 0.2078 0.2078
      specularColor 0.0157 0.0157 0.0157
      ambientIntensity 0.2
      transparency 0.0000
      shininess 0.5
    }
  }
  geometry IndexedFaceSet {
    ccw TRUE
    solid FALSE
    coord DEF co Coordinate {
      point [
        0.477996 0.448583 0.307087,
        0.479339 0.447224 0.307087,
        0.480872 0.444873 0.307087,
        0.481972 0.441780 0.307087,
        0.482477 0.437074 0.307087,
        0.466206 0.452426 0.307087,
        0.471466 0.451845 0.307087,
        0.475010 0.450567 0.307087,
        0.460034 0.452426 0.307087,
        0.460034 0.420929 0.307087,
        0.465966 0.420929 0.307087,
        0.478111 0.425189 0.307087,
        0.477359 0.424506 0.307087,
        0.474653 0.422735 0.307087,
        0.471159 0.421488 0.307087,
        0.482342 0.434491 0.307087,
        0.481550 0.430748 0.307087,
        0.480145 0.427713 0.307087,
      ]
    }
    coordIndex [
      8, 9, 5, -1,
      5, 9, 10, -1,
      5, 10, 14, -1,
      14, 13, 5, -1,
      5, 13, 12, -1,
      5, 12, 11, -1,
      11, 17, 5, -1,
      5, 17, 16, -1,
      5, 16, 15, -1,
      15, 4, 5, -1,
      5, 4, 3, -1,
      5, 3, 2, -1,
      2, 1, 5, -1,
      5, 1, 0, -1,
      5, 0, 6, -1,
      6, 0, 7, -1,
    ]
  }
}

Shape {
  appearance Appearance {
    material Material {
      diffuseColor 1.0000 1.0000 1.0000
      specularColor 0.5020 0.5020 0.5020
      ambientIntensity 0.2
      transparency 0.0000
      shininess 0.5
    }
  }
  geometry IndexedFaceSet {
    ccw TRUE
    solid FALSE
    coord DEF co Coordinate {
      point [
        0.381763 0.416143 0.307087,
        0.379958 0.415926 0.307087,
        0.402820 0.415926 0.307087,
        0.402993 0.416333 0.307087,
        0.397269 0.445450 0.307087,
        0.391546 0.445450 0.307087,
        0.404893 0.423519 0.307087,
        0.405520 0.421117 0.307087,
        0.405656 0.421117 0.307087,
        0.405891 0.422117 0.307087,
        0.406282 0.423477 0.307087,
        0.414250 0.445450 0.307087,
        0.395505 0.406914 0.307087,
        0.395954 0.406931 0.307087,
        0.393648 0.407156 0.307087,
        0.395902 0.402528 0.307087,
        0.398012 0.402776 0.307087,
        0.394719 0.402572 0.307087,
        0.392601 0.402945 0.307087,
        0.392601 0.407498 0.307087,
        0.398688 0.408034 0.307087,
        0.399643 0.409050 0.307087,
        0.400747 0.411028 0.307087,
        0.397116 0.407158 0.307087,
        0.398198 0.407673 0.307087,
        0.407915 0.415926 0.307087,
        0.406313 0.411864 0.307087,
        0.403893 0.407201 0.307087,
        0.402016 0.405001 0.307087,
        0.401812 0.404816 0.307087,
        0.400027 0.403556 0.307087,
        0.387484 0.439852 0.307087,
        0.387484 0.444823 0.307087,
        0.388070 0.420641 0.307087,
        0.387147 0.419282 0.307087,
        0.371542 0.442939 0.307087,
        0.372487 0.443800 0.307087,
        0.373720 0.444559 0.307087,
        0.388669 0.422270 0.307087,
        0.376457 0.445622 0.307087,
        0.380570 0.446118 0.307087,
        0.384161 0.445800 0.307087,
        0.385594 0.417900 0.307087,
        0.384443 0.417189 0.307087,
        0.387171 0.429033 0.307087,
        0.388063 0.427746 0.307087,
        0.388636 0.426260 0.307087,
        0.388883 0.424208 0.307087,
        0.380069 0.441961 0.307087,
        0.378554 0.441848 0.307087,
        0.374482 0.438035 0.307087,
        0.377186 0.441485 0.307087,
        0.376038 0.440875 0.307087,
        0.374529 0.437354 0.307087,
        0.374732 0.436559 0.307087,
        0.375100 0.435869 0.307087,
        0.375600 0.435320 0.307087,
        0.377404 0.434192 0.307087,
        0.383650 0.441525 0.307087,
        0.380570 0.432813 0.307087,
        0.386545 0.440402 0.307087,
        0.382552 0.432011 0.307087,
        0.385951 0.430121 0.307087,
        0.375266 0.440193 0.307087,
        0.374827 0.439542 0.307087,
        0.374575 0.438851 0.307087,
        0.371017 0.421426 0.307087,
        0.371542 0.421221 0.307087,
        0.371542 0.432054 0.307087,
        0.370898 0.442351 0.307087,
        0.369973 0.440963 0.307087,
        0.370660 0.432959 0.307087,
        0.370044 0.433925 0.307087,
        0.369177 0.422579 0.307087,
        0.371497 0.432084 0.307087,
        0.369458 0.435467 0.307087,
        0.369208 0.437575 0.307087,
        0.369389 0.439313 0.307087,
        0.374217 0.420176 0.307087,
        0.376957 0.429095 0.307087,
        0.373907 0.430493 0.307087,
        0.377594 0.419759 0.307087,
        0.377820 0.419760 0.307087,
        0.380317 0.427688 0.307087,
        0.380443 0.420054 0.307087,
        0.383630 0.423706 0.307087,
        0.383580 0.424343 0.307087,
        0.381764 0.420538 0.307087,
        0.382230 0.420821 0.307087,
        0.382818 0.421342 0.307087,
        0.383265 0.422003 0.307087,
        0.383524 0.422730 0.307087,
        0.383348 0.425142 0.307087,
        0.382952 0.425820 0.307087,
        0.382315 0.426484 0.307087,
        0.369177 0.417294 0.307087,
        0.371542 0.416462 0.307087,
        0.372756 0.416035 0.307087,
        0.373794 0.415926 0.307087,
        0.377093 0.415581 0.307087,
        0.345144 0.415926 0.307087,
        0.344872 0.415967 0.307087,
        0.362243 0.435048 0.307087,
        0.362243 0.416271 0.307087,
        0.357125 0.416271 0.307087,
        0.342931 0.416728 0.307087,
        0.341304 0.417879 0.307087,
        0.340730 0.418461 0.307087,
        0.341648 0.438431 0.307087,
        0.341648 0.443403 0.307087,
        0.342668 0.443995 0.307087,
        0.356895 0.445202 0.307087,
        0.358602 0.444237 0.307087,
        0.339667 0.420034 0.307087,
        0.339048 0.421766 0.307087,
        0.338797 0.424082 0.307087,
        0.359973 0.442940 0.307087,
        0.361024 0.441298 0.307087,
        0.361832 0.438989 0.307087,
        0.357125 0.420782 0.307087,
        0.356989 0.420782 0.307087,
        0.356121 0.419474 0.307087,
        0.354494 0.417760 0.307087,
        0.338811 0.424689 0.307087,
        0.339135 0.426900 0.307087,
        0.339835 0.428706 0.307087,
        0.340856 0.430172 0.307087,
        0.342422 0.431532 0.307087,
        0.344599 0.432650 0.307087,
        0.345200 0.440661 0.307087,
        0.348478 0.433607 0.307087,
        0.352980 0.441772 0.307087,
        0.351214 0.441961 0.307087,
        0.348406 0.441694 0.307087,
        0.346467 0.445478 0.307087,
        0.351695 0.446118 0.307087,
        0.354725 0.445850 0.307087,
        0.357125 0.434818 0.307087,
        0.356955 0.437036 0.307087,
        0.356430 0.438877 0.307087,
        0.355831 0.439937 0.307087,
        0.355062 0.440765 0.307087,
        0.354158 0.441354 0.307087,
        0.350783 0.415926 0.307087,
        0.350513 0.415834 0.307087,
        0.348050 0.415581 0.307087,
        0.347287 0.415601 0.307087,
        0.419556 0.445450 0.307087,
        0.352618 0.416552 0.307087,
        0.406282 0.423477 0.311024,
        0.405891 0.422117 0.311024,
        0.405656 0.421117 0.311024,
        0.405520 0.421117 0.311024,
        0.404893 0.423519 0.311024,
        0.397269 0.445450 0.311024,
        0.391546 0.445450 0.311024,
        0.402993 0.416333 0.311024,
        0.400747 0.411028 0.311024,
        0.399643 0.409050 0.311024,
        0.398688 0.408034 0.311024,
        0.398198 0.407673 0.311024,
        0.397116 0.407158 0.311024,
        0.395954 0.406931 0.311024,
        0.395505 0.406914 0.311024,
        0.393648 0.407156 0.311024,
        0.392601 0.407498 0.311024,
        0.392601 0.402945 0.311024,
        0.394719 0.402572 0.311024,
        0.395902 0.402528 0.311024,
        0.398012 0.402776 0.311024,
        0.400027 0.403556 0.311024,
        0.401812 0.404816 0.311024,
        0.402016 0.405001 0.311024,
        0.403893 0.407201 0.311024,
        0.406313 0.411864 0.311024,
        0.419556 0.445450 0.311024,
        0.414250 0.445450 0.311024,
        0.377093 0.415581 0.311024,
        0.381763 0.416143 0.311024,
        0.384443 0.417189 0.311024,
        0.385594 0.417900 0.311024,
        0.387147 0.419282 0.311024,
        0.388070 0.420641 0.311024,
        0.388669 0.422270 0.311024,
        0.388883 0.424208 0.311024,
        0.388636 0.426260 0.311024,
        0.388063 0.427746 0.311024,
        0.387171 0.429033 0.311024,
        0.385951 0.430121 0.311024,
        0.382552 0.432011 0.311024,
        0.380570 0.432813 0.311024,
        0.377404 0.434192 0.311024,
        0.375600 0.435320 0.311024,
        0.375100 0.435869 0.311024,
        0.374732 0.436559 0.311024,
        0.374529 0.437354 0.311024,
        0.374482 0.438035 0.311024,
        0.374575 0.438851 0.311024,
        0.374827 0.439542 0.311024,
        0.375266 0.440193 0.311024,
        0.376038 0.440875 0.311024,
        0.377186 0.441485 0.311024,
        0.378554 0.441848 0.311024,
        0.380069 0.441961 0.311024,
        0.383650 0.441525 0.311024,
        0.386545 0.440402 0.311024,
        0.387484 0.439852 0.311024,
        0.387484 0.444823 0.311024,
        0.384161 0.445800 0.311024,
        0.380570 0.446118 0.311024,
        0.376457 0.445622 0.311024,
        0.373720 0.444559 0.311024,
        0.372487 0.443800 0.311024,
        0.370898 0.442351 0.311024,
        0.369973 0.440963 0.311024,
        0.369389 0.439313 0.311024,
        0.369208 0.437575 0.311024,
        0.369458 0.435467 0.311024,
        0.370044 0.433925 0.311024,
        0.370660 0.432959 0.311024,
        0.376957 0.429095 0.311024,
        0.373907 0.430493 0.311024,
        0.371497 0.432084 0.311024,
        0.380317 0.427688 0.311024,
        0.382315 0.426484 0.311024,
        0.382952 0.425820 0.311024,
        0.383348 0.425142 0.311024,
        0.383580 0.424343 0.311024,
        0.383630 0.423706 0.311024,
        0.383524 0.422730 0.311024,
        0.383265 0.422003 0.311024,
        0.382818 0.421342 0.311024,
        0.382230 0.420821 0.311024,
        0.381764 0.420538 0.311024,
        0.380443 0.420054 0.311024,
        0.377820 0.419760 0.311024,
        0.377594 0.419759 0.311024,
        0.369177 0.422579 0.311024,
        0.371017 0.421426 0.311024,
        0.374217 0.420176 0.311024,
        0.369177 0.417294 0.311024,
        0.372756 0.416035 0.311024,
        0.350295 0.429993 0.311024,
        0.357125 0.430913 0.311024,
        0.362243 0.435048 0.311024,
        0.357125 0.416271 0.311024,
        0.362243 0.416271 0.311024,
        0.357125 0.420782 0.311024,
        0.357125 0.434818 0.311024,
        0.346035 0.428724 0.311024,
        0.347264 0.429299 0.311024,
        0.356989 0.420782 0.311024,
        0.354387 0.421619 0.311024,
        0.356121 0.419474 0.311024,
        0.352962 0.420619 0.311024,
        0.357125 0.428114 0.311024,
        0.356824 0.425615 0.311024,
        0.356100 0.423773 0.311024,
        0.354932 0.422161 0.311024,
        0.347648 0.419974 0.311024,
        0.348050 0.415581 0.311024,
        0.349376 0.419780 0.311024,
        0.350513 0.415834 0.311024,
        0.351429 0.420028 0.311024,
        0.352618 0.416552 0.311024,
        0.354494 0.417760 0.311024,
        0.356955 0.437036 0.311024,
        0.361832 0.438989 0.311024,
        0.356430 0.438877 0.311024,
        0.361024 0.441298 0.311024,
        0.355831 0.439937 0.311024,
        0.359973 0.442940 0.311024,
        0.355062 0.440765 0.311024,
        0.358602 0.444237 0.311024,
        0.354158 0.441354 0.311024,
        0.356895 0.445202 0.311024,
        0.352980 0.441772 0.311024,
        0.354725 0.445850 0.311024,
        0.351214 0.441961 0.311024,
        0.351695 0.446118 0.311024,
        0.348406 0.441694 0.311024,
        0.346467 0.445478 0.311024,
        0.345200 0.440661 0.311024,
        0.342668 0.443995 0.311024,
        0.341648 0.438431 0.311024,
        0.341648 0.443403 0.311024,
        0.345035 0.421533 0.311024,
        0.341304 0.417879 0.311024,
        0.345470 0.421096 0.311024,
        0.342931 0.416728 0.311024,
        0.346490 0.420399 0.311024,
        0.344872 0.415967 0.311024,
        0.347287 0.415601 0.311024,
        0.344031 0.425313 0.311024,
        0.338811 0.424689 0.311024,
        0.343987 0.424500 0.311024,
        0.338797 0.424082 0.311024,
        0.344117 0.423325 0.311024,
        0.339048 0.421766 0.311024,
        0.344454 0.422396 0.311024,
        0.339667 0.420034 0.311024,
        0.340730 0.418461 0.311024,
        0.348478 0.433607 0.311024,
        0.344599 0.432650 0.311024,
        0.345345 0.428197 0.311024,
        0.342422 0.431532 0.311024,
        0.344733 0.427439 0.311024,
        0.340856 0.430172 0.311024,
        0.344283 0.426484 0.311024,
        0.339835 0.428706 0.311024,
        0.339135 0.426900 0.311024,
        0.354932 0.422161 0.307087,
        0.354387 0.421619 0.307087,
        0.352962 0.420619 0.307087,
        0.351429 0.420028 0.307087,
        0.349376 0.419780 0.307087,
        0.357125 0.428114 0.307087,
        0.356824 0.425615 0.307087,
        0.356100 0.423773 0.307087,
        0.357125 0.430913 0.307087,
        0.350295 0.429993 0.307087,
        0.345345 0.428197 0.307087,
        0.346035 0.428724 0.307087,
        0.347264 0.429299 0.307087,
        0.343987 0.424500 0.307087,
        0.344031 0.425313 0.307087,
        0.344283 0.426484 0.307087,
        0.344733 0.427439 0.307087,
        0.345470 0.421096 0.307087,
        0.345035 0.421533 0.307087,
        0.344454 0.422396 0.307087,
        0.344117 0.423325 0.307087,
        0.347648 0.419974 0.307087,
        0.346490 0.420399 0.307087,
      ]
    }
    coordIndex [
      149, 10, 9, -1,
      149, 9, 150, -1,
      150, 9, 8, -1,
      150, 8, 151, -1,
      152, 151, 7, -1,
      7, 151, 8, -1,
      153, 152, 6, -1,
      6, 152, 7, -1,
      154, 153, 4, -1,
      4, 153, 6, -1,
      155, 154, 5, -1,
      5, 154, 4, -1,
      156, 155, 3, -1,
      3, 155, 5, -1,
      22, 157, 2, -1,
      2, 157, 156, -1,
      2, 156, 3, -1,
      157, 22, 21, -1,
      157, 21, 158, -1,
      158, 21, 20, -1,
      158, 20, 159, -1,
      159, 20, 24, -1,
      159, 24, 160, -1,
      160, 24, 23, -1,
      160, 23, 161, -1,
      161, 23, 13, -1,
      161, 13, 162, -1,
      162, 13, 12, -1,
      162, 12, 163, -1,
      163, 12, 14, -1,
      163, 14, 164, -1,
      164, 14, 19, -1,
      164, 19, 165, -1,
      166, 165, 18, -1,
      18, 165, 19, -1,
      166, 18, 17, -1,
      166, 17, 167, -1,
      167, 17, 15, -1,
      167, 15, 168, -1,
      168, 15, 16, -1,
      168, 16, 169, -1,
      169, 16, 30, -1,
      169, 30, 170, -1,
      170, 30, 29, -1,
      170, 29, 171, -1,
      171, 29, 28, -1,
      171, 28, 172, -1,
      172, 28, 27, -1,
      172, 27, 173, -1,
      173, 27, 26, -1,
      173, 26, 174, -1,
      147, 175, 25, -1,
      25, 175, 174, -1,
      25, 174, 26, -1,
      176, 175, 11, -1,
      11, 175, 147, -1,
      149, 176, 10, -1,
      10, 176, 11, -1,
      150, 151, 174, -1,
      164, 165, 166, -1,
      175, 176, 174, -1,
      174, 176, 149, -1,
      174, 149, 150, -1,
      154, 155, 153, -1,
      153, 155, 156, -1,
      153, 156, 152, -1,
      151, 152, 174, -1,
      174, 152, 156, -1,
      174, 156, 173, -1,
      164, 166, 163, -1,
      163, 166, 167, -1,
      163, 167, 162, -1,
      162, 167, 168, -1,
      162, 168, 161, -1,
      161, 168, 169, -1,
      161, 169, 160, -1,
      160, 169, 170, -1,
      160, 170, 159, -1,
      156, 157, 173, -1,
      173, 157, 158, -1,
      173, 158, 172, -1,
      172, 158, 159, -1,
      172, 159, 171, -1,
      171, 159, 170, -1,
      99, 1, 177, -1,
      177, 1, 178, -1,
      1, 0, 178, -1,
      178, 0, 43, -1,
      178, 43, 179, -1,
      179, 43, 42, -1,
      179, 42, 180, -1,
      180, 42, 34, -1,
      180, 34, 181, -1,
      181, 34, 33, -1,
      181, 33, 182, -1,
      182, 33, 38, -1,
      182, 38, 183, -1,
      183, 38, 47, -1,
      183, 47, 184, -1,
      184, 47, 46, -1,
      184, 46, 185, -1,
      185, 46, 45, -1,
      185, 45, 186, -1,
      186, 45, 44, -1,
      186, 44, 187, -1,
      187, 44, 62, -1,
      187, 62, 188, -1,
      188, 62, 61, -1,
      188, 61, 189, -1,
      189, 61, 59, -1,
      189, 59, 190, -1,
      190, 59, 57, -1,
      190, 57, 191, -1,
      191, 57, 56, -1,
      191, 56, 192, -1,
      192, 56, 55, -1,
      192, 55, 193, -1,
      193, 55, 54, -1,
      193, 54, 194, -1,
      194, 54, 53, -1,
      194, 53, 195, -1,
      195, 53, 50, -1,
      195, 50, 196, -1,
      196, 50, 65, -1,
      196, 65, 197, -1,
      197, 65, 64, -1,
      197, 64, 198, -1,
      198, 64, 63, -1,
      198, 63, 199, -1,
      199, 63, 52, -1,
      199, 52, 200, -1,
      200, 52, 51, -1,
      200, 51, 201, -1,
      201, 51, 49, -1,
      201, 49, 202, -1,
      202, 49, 48, -1,
      202, 48, 203, -1,
      203, 48, 58, -1,
      203, 58, 204, -1,
      204, 58, 60, -1,
      204, 60, 205, -1,
      205, 60, 31, -1,
      205, 31, 206, -1,
      207, 206, 32, -1,
      32, 206, 31, -1,
      207, 32, 41, -1,
      207, 41, 208, -1,
      208, 41, 40, -1,
      208, 40, 209, -1,
      209, 40, 39, -1,
      209, 39, 210, -1,
      210, 39, 37, -1,
      210, 37, 211, -1,
      211, 37, 36, -1,
      211, 36, 212, -1,
      36, 35, 212, -1,
      212, 35, 213, -1,
      35, 69, 213, -1,
      213, 69, 70, -1,
      213, 70, 214, -1,
      214, 70, 77, -1,
      214, 77, 215, -1,
      215, 77, 76, -1,
      215, 76, 216, -1,
      216, 76, 75, -1,
      216, 75, 217, -1,
      217, 75, 72, -1,
      217, 72, 218, -1,
      218, 72, 71, -1,
      218, 71, 219, -1,
      79, 220, 221, -1,
      219, 71, 74, -1,
      219, 74, 222, -1,
      222, 74, 68, -1,
      222, 68, 221, -1,
      221, 68, 80, -1,
      221, 80, 79, -1,
      220, 79, 83, -1,
      220, 83, 223, -1,
      223, 83, 94, -1,
      223, 94, 224, -1,
      224, 94, 93, -1,
      224, 93, 225, -1,
      225, 93, 92, -1,
      225, 92, 226, -1,
      226, 92, 86, -1,
      226, 86, 227, -1,
      227, 86, 85, -1,
      227, 85, 228, -1,
      228, 85, 91, -1,
      228, 91, 229, -1,
      229, 91, 90, -1,
      229, 90, 230, -1,
      230, 90, 89, -1,
      230, 89, 231, -1,
      231, 89, 88, -1,
      231, 88, 232, -1,
      232, 88, 87, -1,
      232, 87, 233, -1,
      233, 87, 84, -1,
      233, 84, 234, -1,
      234, 84, 82, -1,
      234, 82, 235, -1,
      235, 82, 81, -1,
      235, 81, 236, -1,
      73, 237, 238, -1,
      236, 81, 78, -1,
      236, 78, 239, -1,
      239, 78, 67, -1,
      239, 67, 238, -1,
      238, 67, 66, -1,
      238, 66, 73, -1,
      240, 237, 95, -1,
      95, 237, 73, -1,
      95, 96, 240, -1,
      240, 96, 241, -1,
      99, 177, 98, -1,
      98, 177, 241, -1,
      98, 241, 97, -1,
      97, 241, 96, -1,
      198, 199, 212, -1,
      212, 199, 211, -1,
      211, 199, 200, -1,
      211, 200, 210, -1,
      230, 181, 182, -1,
      223, 190, 220, -1,
      220, 190, 191, -1,
      230, 182, 229, -1,
      229, 182, 183, -1,
      229, 183, 228, -1,
      228, 183, 184, -1,
      228, 184, 227, -1,
      227, 184, 185, -1,
      227, 185, 226, -1,
      226, 185, 186, -1,
      226, 186, 225, -1,
      225, 186, 187, -1,
      225, 187, 224, -1,
      224, 187, 188, -1,
      224, 188, 223, -1,
      223, 188, 189, -1,
      223, 189, 190, -1,
      181, 230, 180, -1,
      180, 230, 231, -1,
      180, 231, 179, -1,
      177, 236, 241, -1,
      241, 236, 239, -1,
      241, 239, 240, -1,
      240, 239, 238, -1,
      240, 238, 237, -1,
      200, 201, 210, -1,
      210, 201, 202, -1,
      210, 202, 209, -1,
      209, 202, 203, -1,
      209, 203, 208, -1,
      208, 203, 204, -1,
      208, 204, 207, -1,
      207, 204, 205, -1,
      207, 205, 206, -1,
      231, 232, 179, -1,
      179, 232, 233, -1,
      179, 233, 178, -1,
      178, 233, 234, -1,
      178, 234, 177, -1,
      177, 234, 235, -1,
      177, 235, 236, -1,
      212, 213, 198, -1,
      198, 213, 214, -1,
      198, 214, 197, -1,
      197, 214, 215, -1,
      197, 215, 196, -1,
      196, 215, 216, -1,
      196, 216, 195, -1,
      195, 216, 217, -1,
      195, 217, 194, -1,
      194, 217, 218, -1,
      194, 218, 193, -1,
      193, 218, 219, -1,
      193, 219, 192, -1,
      192, 219, 222, -1,
      192, 222, 191, -1,
      191, 222, 221, -1,
      191, 221, 220, -1,
      242, 243, 244, -1,
      245, 246, 247, -1,
      247, 246, 244, -1,
      248, 249, 250, -1,
      251, 252, 253, -1,
      253, 252, 254, -1,
      243, 255, 244, -1,
      244, 255, 256, -1,
      244, 256, 247, -1,
      247, 256, 257, -1,
      247, 257, 251, -1,
      251, 257, 258, -1,
      251, 258, 252, -1,
      259, 260, 261, -1,
      261, 260, 262, -1,
      261, 262, 263, -1,
      263, 262, 264, -1,
      263, 264, 254, -1,
      254, 264, 265, -1,
      254, 265, 253, -1,
      250, 242, 248, -1,
      248, 242, 244, -1,
      248, 244, 266, -1,
      266, 244, 267, -1,
      266, 267, 268, -1,
      268, 267, 269, -1,
      268, 269, 270, -1,
      270, 269, 271, -1,
      270, 271, 272, -1,
      272, 271, 273, -1,
      272, 273, 274, -1,
      274, 273, 275, -1,
      274, 275, 276, -1,
      276, 275, 277, -1,
      276, 277, 278, -1,
      278, 277, 279, -1,
      278, 279, 280, -1,
      280, 279, 281, -1,
      280, 281, 282, -1,
      282, 281, 283, -1,
      282, 283, 284, -1,
      284, 283, 285, -1,
      286, 287, 288, -1,
      288, 287, 289, -1,
      288, 289, 290, -1,
      290, 289, 291, -1,
      290, 291, 259, -1,
      259, 291, 292, -1,
      259, 292, 260, -1,
      293, 294, 295, -1,
      295, 294, 296, -1,
      295, 296, 297, -1,
      297, 296, 298, -1,
      297, 298, 299, -1,
      299, 298, 300, -1,
      299, 300, 286, -1,
      286, 300, 301, -1,
      286, 301, 287, -1,
      248, 302, 249, -1,
      249, 302, 303, -1,
      249, 303, 304, -1,
      304, 303, 305, -1,
      304, 305, 306, -1,
      306, 305, 307, -1,
      306, 307, 308, -1,
      308, 307, 309, -1,
      308, 309, 293, -1,
      293, 309, 310, -1,
      293, 310, 294, -1,
      278, 132, 131, -1,
      278, 131, 276, -1,
      276, 131, 142, -1,
      276, 142, 274, -1,
      274, 142, 141, -1,
      274, 141, 272, -1,
      272, 141, 140, -1,
      272, 140, 270, -1,
      270, 140, 139, -1,
      270, 139, 268, -1,
      268, 139, 138, -1,
      268, 138, 266, -1,
      266, 138, 137, -1,
      266, 137, 248, -1,
      302, 248, 130, -1,
      130, 248, 137, -1,
      302, 130, 128, -1,
      302, 128, 303, -1,
      303, 128, 127, -1,
      303, 127, 305, -1,
      305, 127, 126, -1,
      305, 126, 307, -1,
      307, 126, 125, -1,
      307, 125, 309, -1,
      309, 125, 124, -1,
      309, 124, 310, -1,
      310, 124, 123, -1,
      310, 123, 294, -1,
      294, 123, 115, -1,
      294, 115, 296, -1,
      296, 115, 114, -1,
      296, 114, 298, -1,
      298, 114, 113, -1,
      298, 113, 300, -1,
      300, 113, 107, -1,
      300, 107, 301, -1,
      301, 107, 106, -1,
      301, 106, 287, -1,
      145, 260, 292, -1,
      287, 106, 105, -1,
      287, 105, 289, -1,
      289, 105, 101, -1,
      289, 101, 291, -1,
      291, 101, 100, -1,
      291, 100, 292, -1,
      292, 100, 146, -1,
      292, 146, 145, -1,
      260, 145, 144, -1,
      260, 144, 262, -1,
      262, 144, 143, -1,
      262, 143, 264, -1,
      143, 148, 264, -1,
      264, 148, 122, -1,
      264, 122, 265, -1,
      265, 122, 121, -1,
      265, 121, 253, -1,
      253, 121, 120, -1,
      253, 120, 251, -1,
      247, 251, 119, -1,
      119, 251, 120, -1,
      245, 247, 104, -1,
      104, 247, 119, -1,
      246, 245, 103, -1,
      103, 245, 104, -1,
      244, 246, 102, -1,
      102, 246, 103, -1,
      244, 102, 118, -1,
      244, 118, 267, -1,
      267, 118, 117, -1,
      267, 117, 269, -1,
      269, 117, 116, -1,
      269, 116, 271, -1,
      271, 116, 112, -1,
      271, 112, 273, -1,
      273, 112, 111, -1,
      273, 111, 275, -1,
      275, 111, 136, -1,
      275, 136, 277, -1,
      277, 136, 135, -1,
      277, 135, 279, -1,
      279, 135, 134, -1,
      279, 134, 281, -1,
      281, 134, 110, -1,
      281, 110, 283, -1,
      283, 110, 109, -1,
      283, 109, 285, -1,
      284, 285, 108, -1,
      108, 285, 109, -1,
      284, 108, 129, -1,
      284, 129, 282, -1,
      282, 129, 133, -1,
      282, 133, 280, -1,
      280, 133, 132, -1,
      280, 132, 278, -1,
      258, 311, 312, -1,
      258, 312, 252, -1,
      252, 312, 313, -1,
      252, 313, 254, -1,
      254, 313, 314, -1,
      254, 314, 263, -1,
      263, 314, 315, -1,
      263, 315, 261, -1,
      255, 316, 317, -1,
      255, 317, 256, -1,
      256, 317, 318, -1,
      256, 318, 257, -1,
      257, 318, 311, -1,
      257, 311, 258, -1,
      255, 243, 316, -1,
      316, 243, 319, -1,
      243, 242, 319, -1,
      319, 242, 320, -1,
      304, 321, 322, -1,
      304, 322, 249, -1,
      249, 322, 323, -1,
      249, 323, 250, -1,
      250, 323, 320, -1,
      250, 320, 242, -1,
      295, 324, 325, -1,
      295, 325, 293, -1,
      293, 325, 326, -1,
      293, 326, 308, -1,
      308, 326, 327, -1,
      308, 327, 306, -1,
      306, 327, 321, -1,
      306, 321, 304, -1,
      288, 328, 329, -1,
      288, 329, 286, -1,
      286, 329, 330, -1,
      286, 330, 299, -1,
      299, 330, 331, -1,
      299, 331, 297, -1,
      297, 331, 324, -1,
      297, 324, 295, -1,
      261, 315, 332, -1,
      261, 332, 259, -1,
      259, 332, 333, -1,
      259, 333, 290, -1,
      290, 333, 328, -1,
      290, 328, 288, -1,
    ]
  }
}

Shape {
  appearance Appearance {
    material Material {
      diffuseColor 0.2078 0.2078 0.2078
      specularColor 0.0157 0.0157 0.0157
      ambientIntensity 0.2
      transparency 0.0000
      shininess 0.5
    }
  }
  geometry IndexedFaceSet {
    ccw TRUE
    solid FALSE
    coord DEF co Coordinate {
      point [
        0.354932 0.422161 0.307087,
        0.354387 0.421619 0.307087,
        0.352962 0.420619 0.307087,
        0.351429 0.420028 0.307087,
        0.349376 0.419780 0.307087,
        0.357125 0.428114 0.307087,
        0.356824 0.425615 0.307087,
        0.356100 0.423773 0.307087,
        0.357125 0.430913 0.307087,
        0.350295 0.429993 0.307087,
        0.345345 0.428197 0.307087,
        0.346035 0.428724 0.307087,
        0.347264 0.429299 0.307087,
        0.343987 0.424500 0.307087,
        0.344031 0.425313 0.307087,
        0.344283 0.426484 0.307087,
        0.344733 0.427439 0.307087,
        0.345470 0.421096 0.307087,
        0.345035 0.421533 0.307087,
        0.344454 0.422396 0.307087,
        0.344117 0.423325 0.307087,
        0.347648 0.419974 0.307087,
        0.346490 0.420399 0.307087,
      ]
    }
    coordIndex [
      1, 0, 9, -1,
      9, 0, 7, -1,
      3, 12, 11, -1,
      12, 3, 9, -1,
      9, 3, 2, -1,
      9, 2, 1, -1,
      7, 6, 9, -1,
      9, 6, 5, -1,
      9, 5, 8, -1,
      15, 14, 3, -1,
      3, 14, 13, -1,
      3, 13, 20, -1,
      22, 21, 17, -1,
      17, 21, 4, -1,
      17, 4, 3, -1,
      11, 10, 3, -1,
      3, 10, 16, -1,
      3, 16, 15, -1,
      20, 19, 3, -1,
      3, 19, 18, -1,
      3, 18, 17, -1,
    ]
  }
}

Shape {
  appearance Appearance {
    material Material {
      diffuseColor 1.0000 1.0000 1.0000
      specularColor 0.5020 0.5020 0.5020
      ambientIntensity 0.2
      transparency 0.0000
      shininess 0.5
    }
  }
  geometry IndexedFaceSet {
    ccw TRUE
    solid FALSE
    coord DEF co Coordinate {
      point [
        0.172902 0.450080 0.307087,
        0.177965 0.445467 0.307087,
        0.189747 0.451622 0.307087,
        0.269626 0.480738 0.307087,
        0.268163 0.482857 0.307087,
        0.260425 0.489649 0.307087,
        0.221071 0.526504 0.307087,
        0.227351 0.522281 0.307087,
        0.234026 0.517794 0.307087,
        0.243534 0.506826 0.307087,
        0.249711 0.494846 0.307087,
        0.251848 0.494106 0.307087,
        0.194522 0.532898 0.307087,
        0.206494 0.531641 0.307087,
        0.180112 0.531118 0.307087,
        0.166720 0.525944 0.307087,
        0.097214 0.480738 0.307087,
        0.160813 0.522281 0.307087,
        0.159665 0.521570 0.307087,
        0.100690 0.487877 0.307087,
        0.106800 0.495428 0.307087,
        0.109777 0.498169 0.307087,
        0.119576 0.504589 0.307087,
        0.130448 0.508348 0.307087,
        0.140204 0.509370 0.307087,
        0.152839 0.515724 0.307087,
        0.143544 0.509189 0.307087,
        0.146884 0.508789 0.307087,
        0.093147 0.462314 0.307087,
        0.093309 0.466217 0.307087,
        0.095704 0.477637 0.307087,
        0.123121 0.418461 0.307087,
        0.112848 0.423993 0.307087,
        0.097908 0.441707 0.307087,
        0.094506 0.451622 0.307087,
        0.094166 0.452612 0.307087,
        0.128585 0.416710 0.307087,
        0.105347 0.430653 0.307087,
        0.103948 0.432280 0.307087,
        0.135803 0.405161 0.307087,
        0.131487 0.410494 0.307087,
        0.128951 0.415926 0.307087,
        0.168209 0.399743 0.307087,
        0.163194 0.397820 0.307087,
        0.156180 0.396958 0.307087,
        0.155039 0.396980 0.307087,
        0.148182 0.398054 0.307087,
        0.144170 0.399743 0.307087,
        0.141482 0.400874 0.307087,
        0.183404 0.415926 0.307087,
        0.183390 0.415865 0.307087,
        0.179965 0.409383 0.307087,
        0.175461 0.404327 0.307087,
        0.169674 0.400304 0.307087,
        0.250165 0.417910 0.307087,
        0.241287 0.416129 0.307087,
        0.219104 0.418145 0.307087,
        0.217918 0.419307 0.307087,
        0.218865 0.431942 0.307087,
        0.220676 0.433162 0.307087,
        0.225893 0.450405 0.307087,
        0.222684 0.433900 0.307087,
        0.267720 0.429200 0.307087,
        0.266752 0.428185 0.307087,
        0.259098 0.422052 0.307087,
        0.278432 0.455083 0.307087,
        0.277875 0.451622 0.307087,
        0.276902 0.445579 0.307087,
        0.273067 0.436483 0.307087,
        0.224150 0.416129 0.307087,
        0.223009 0.416278 0.307087,
        0.221067 0.416913 0.307087,
        0.224730 0.434138 0.307087,
        0.225013 0.434118 0.307087,
        0.225885 0.433925 0.307087,
        0.215726 0.425134 0.307087,
        0.215770 0.426017 0.307087,
        0.185226 0.428910 0.307087,
        0.216287 0.428244 0.307087,
        0.217351 0.430267 0.307087,
        0.216690 0.421148 0.307087,
        0.215963 0.423126 0.307087,
        0.185075 0.423040 0.307087,
        0.185226 0.426005 0.307087,
        0.254571 0.441150 0.307087,
        0.257765 0.445683 0.307087,
        0.226473 0.433848 0.307087,
        0.239544 0.433848 0.307087,
        0.244721 0.434835 0.307087,
        0.249851 0.437201 0.307087,
        0.254152 0.440701 0.307087,
        0.159730 0.455131 0.307087,
        0.166740 0.453386 0.307087,
        0.235190 0.480738 0.307087,
        0.156180 0.455343 0.307087,
        0.259764 0.450860 0.307087,
        0.259857 0.451622 0.307087,
        0.225181 0.451622 0.307087,
        0.260458 0.456504 0.307087,
        0.260322 0.459001 0.307087,
        0.149265 0.454493 0.307087,
        0.117816 0.480738 0.307087,
        0.142847 0.452044 0.307087,
        0.114793 0.476389 0.307087,
        0.112309 0.469909 0.307087,
        0.113779 0.451622 0.307087,
        0.142238 0.451622 0.307087,
        0.111785 0.458477 0.307087,
        0.111447 0.462895 0.307087,
        0.252889 0.473391 0.307087,
        0.248382 0.476534 0.307087,
        0.258969 0.464583 0.307087,
        0.256278 0.469602 0.307087,
        0.235478 0.479161 0.307087,
        0.216888 0.465800 0.307087,
        0.237802 0.479161 0.307087,
        0.243312 0.478483 0.307087,
        0.170028 0.451622 0.307087,
        0.113854 0.451362 0.307087,
        0.132098 0.442435 0.307087,
        0.136905 0.447922 0.307087,
        0.117349 0.445406 0.307087,
        0.122560 0.440059 0.307087,
        0.128875 0.436172 0.307087,
        0.155889 0.487585 0.307087,
        0.153742 0.488755 0.307087,
        0.230691 0.494143 0.307087,
        0.224672 0.502433 0.307087,
        0.221217 0.505727 0.307087,
        0.212951 0.511190 0.307087,
        0.203776 0.514470 0.307087,
        0.147226 0.491117 0.307087,
        0.140494 0.491942 0.307087,
        0.137529 0.491791 0.307087,
        0.234506 0.484482 0.307087,
        0.194812 0.515470 0.307087,
        0.193181 0.515439 0.307087,
        0.159785 0.495912 0.307087,
        0.183517 0.513929 0.307087,
        0.166094 0.503843 0.307087,
        0.174083 0.509934 0.307087,
        0.130354 0.490106 0.307087,
        0.123872 0.486681 0.307087,
        0.118816 0.482176 0.307087,
        0.273941 0.474488 0.307087,
        0.277320 0.465574 0.307087,
        0.278467 0.456795 0.307087,
        0.131487 0.410494 0.311024,
        0.135803 0.405161 0.311024,
        0.128875 0.436172 0.311024,
        0.185226 0.426005 0.311024,
        0.185226 0.428910 0.311024,
        0.160584 0.436018 0.311024,
        0.157845 0.436872 0.311024,
        0.164943 0.432521 0.311024,
        0.166302 0.430188 0.311024,
        0.185075 0.423040 0.311024,
        0.225893 0.450405 0.311024,
        0.216888 0.465800 0.311024,
        0.177965 0.445467 0.311024,
        0.155889 0.437043 0.311024,
        0.153137 0.436702 0.311024,
        0.149265 0.454493 0.311024,
        0.150594 0.435722 0.311024,
        0.142847 0.452044 0.311024,
        0.148312 0.434127 0.311024,
        0.136905 0.447922 0.311024,
        0.146912 0.432622 0.311024,
        0.132098 0.442435 0.311024,
        0.145470 0.430174 0.311024,
        0.144687 0.427417 0.311024,
        0.166740 0.453386 0.311024,
        0.159730 0.455131 0.311024,
        0.156180 0.455343 0.311024,
        0.122560 0.440059 0.311024,
        0.123121 0.418461 0.311024,
        0.128585 0.416710 0.311024,
        0.162991 0.434531 0.311024,
        0.148261 0.417348 0.311024,
        0.150560 0.415726 0.311024,
        0.141482 0.400874 0.311024,
        0.153234 0.414704 0.311024,
        0.235478 0.479161 0.311024,
        0.237802 0.479161 0.311024,
        0.249711 0.494846 0.311024,
        0.243312 0.478483 0.311024,
        0.251848 0.494106 0.311024,
        0.248382 0.476534 0.311024,
        0.260425 0.489649 0.311024,
        0.268163 0.482857 0.311024,
        0.153742 0.488755 0.311024,
        0.155889 0.487585 0.311024,
        0.146884 0.508789 0.311024,
        0.159785 0.495912 0.311024,
        0.152839 0.515724 0.311024,
        0.166094 0.503843 0.311024,
        0.159665 0.521570 0.311024,
        0.174083 0.509934 0.311024,
        0.166720 0.525944 0.311024,
        0.172902 0.450080 0.311024,
        0.223009 0.416278 0.311024,
        0.224150 0.416129 0.311024,
        0.226473 0.433848 0.311024,
        0.180112 0.531118 0.311024,
        0.183517 0.513929 0.311024,
        0.194522 0.532898 0.311024,
        0.234026 0.517794 0.311024,
        0.224672 0.502433 0.311024,
        0.243534 0.506826 0.311024,
        0.230691 0.494143 0.311024,
        0.234506 0.484482 0.311024,
        0.117349 0.445406 0.311024,
        0.105347 0.430653 0.311024,
        0.112848 0.423993 0.311024,
        0.112309 0.469909 0.311024,
        0.093309 0.466217 0.311024,
        0.111447 0.462895 0.311024,
        0.093147 0.462314 0.311024,
        0.111785 0.458477 0.311024,
        0.094166 0.452612 0.311024,
        0.113854 0.451362 0.311024,
        0.097908 0.441707 0.311024,
        0.103948 0.432280 0.311024,
        0.146432 0.419477 0.311024,
        0.145221 0.421887 0.311024,
        0.144616 0.424583 0.311024,
        0.252889 0.473391 0.311024,
        0.256278 0.469602 0.311024,
        0.273941 0.474488 0.311024,
        0.258969 0.464583 0.311024,
        0.277320 0.465574 0.311024,
        0.260322 0.459001 0.311024,
        0.278467 0.456795 0.311024,
        0.260458 0.456504 0.311024,
        0.239544 0.433848 0.311024,
        0.241287 0.416129 0.311024,
        0.244721 0.434835 0.311024,
        0.250165 0.417910 0.311024,
        0.249851 0.437201 0.311024,
        0.259098 0.422052 0.311024,
        0.254152 0.440701 0.311024,
        0.266752 0.428185 0.311024,
        0.254571 0.441150 0.311024,
        0.267720 0.429200 0.311024,
        0.257765 0.445683 0.311024,
        0.273067 0.436483 0.311024,
        0.259764 0.450860 0.311024,
        0.276902 0.445579 0.311024,
        0.278432 0.455083 0.311024,
        0.147226 0.491117 0.311024,
        0.143544 0.509189 0.311024,
        0.140494 0.491942 0.311024,
        0.140204 0.509370 0.311024,
        0.137529 0.491791 0.311024,
        0.130448 0.508348 0.311024,
        0.130354 0.490106 0.311024,
        0.119576 0.504589 0.311024,
        0.123872 0.486681 0.311024,
        0.109777 0.498169 0.311024,
        0.118816 0.482176 0.311024,
        0.106800 0.495428 0.311024,
        0.114793 0.476389 0.311024,
        0.100690 0.487877 0.311024,
        0.095704 0.477637 0.311024,
        0.167071 0.427547 0.311024,
        0.167174 0.424732 0.311024,
        0.183390 0.415865 0.311024,
        0.166560 0.421924 0.311024,
        0.179965 0.409383 0.311024,
        0.165274 0.419383 0.311024,
        0.175461 0.404327 0.311024,
        0.163428 0.417264 0.311024,
        0.169674 0.400304 0.311024,
        0.161206 0.415708 0.311024,
        0.163194 0.397820 0.311024,
        0.158678 0.414730 0.311024,
        0.156180 0.396958 0.311024,
        0.155889 0.414386 0.311024,
        0.155039 0.396980 0.311024,
        0.148182 0.398054 0.311024,
        0.193181 0.515439 0.311024,
        0.194812 0.515470 0.311024,
        0.206494 0.531641 0.311024,
        0.203776 0.514470 0.311024,
        0.221071 0.526504 0.311024,
        0.212951 0.511190 0.311024,
        0.221217 0.505727 0.311024,
        0.215770 0.426017 0.311024,
        0.215726 0.425134 0.311024,
        0.225013 0.434118 0.311024,
        0.215963 0.423126 0.311024,
        0.216690 0.421148 0.311024,
        0.217918 0.419307 0.311024,
        0.219104 0.418145 0.311024,
        0.225885 0.433925 0.311024,
        0.221067 0.416913 0.311024,
        0.224730 0.434138 0.311024,
        0.222684 0.433900 0.311024,
        0.220676 0.433162 0.311024,
        0.218865 0.431942 0.311024,
        0.217351 0.430267 0.311024,
        0.216287 0.428244 0.311024,
        0.155889 0.437043 0.307087,
        0.157845 0.436872 0.307087,
        0.160584 0.436018 0.307087,
        0.162991 0.434531 0.307087,
        0.164943 0.432521 0.307087,
        0.166302 0.430188 0.307087,
        0.167071 0.427547 0.307087,
        0.167174 0.424732 0.307087,
        0.166560 0.421924 0.307087,
        0.165274 0.419383 0.307087,
        0.163428 0.417264 0.307087,
        0.161206 0.415708 0.307087,
        0.158678 0.414730 0.307087,
        0.155889 0.414386 0.307087,
        0.153234 0.414704 0.307087,
        0.150560 0.415726 0.307087,
        0.148261 0.417348 0.307087,
        0.146432 0.419477 0.307087,
        0.145221 0.421887 0.307087,
        0.144616 0.424583 0.307087,
        0.144687 0.427417 0.307087,
        0.145470 0.430174 0.307087,
        0.146912 0.432622 0.307087,
        0.148312 0.434127 0.307087,
        0.150594 0.435722 0.307087,
        0.153137 0.436702 0.307087,
      ]
    }
    coordIndex [
      147, 148, 149, -1,
      150, 151, 152, -1,
      152, 151, 153, -1,
      154, 155, 156, -1,
      157, 158, 151, -1,
      151, 158, 159, -1,
      151, 159, 153, -1,
      153, 159, 160, -1,
      161, 162, 163, -1,
      163, 162, 164, -1,
      163, 164, 165, -1,
      165, 164, 166, -1,
      165, 166, 167, -1,
      167, 166, 168, -1,
      167, 168, 169, -1,
      169, 168, 149, -1,
      169, 149, 170, -1,
      171, 172, 161, -1,
      161, 172, 173, -1,
      161, 173, 162, -1,
      174, 175, 149, -1,
      149, 175, 176, -1,
      149, 176, 147, -1,
      150, 152, 156, -1,
      156, 152, 177, -1,
      156, 177, 154, -1,
      178, 148, 179, -1,
      179, 148, 180, -1,
      179, 180, 181, -1,
      182, 183, 184, -1,
      184, 183, 185, -1,
      184, 185, 186, -1,
      186, 185, 187, -1,
      186, 187, 188, -1,
      188, 187, 189, -1,
      190, 191, 192, -1,
      192, 191, 193, -1,
      192, 193, 194, -1,
      194, 193, 195, -1,
      194, 195, 196, -1,
      196, 195, 197, -1,
      196, 197, 198, -1,
      160, 159, 161, -1,
      161, 159, 199, -1,
      161, 199, 171, -1,
      200, 201, 202, -1,
      198, 197, 203, -1,
      203, 197, 204, -1,
      203, 204, 205, -1,
      206, 207, 208, -1,
      208, 207, 209, -1,
      208, 209, 184, -1,
      184, 209, 210, -1,
      184, 210, 182, -1,
      211, 212, 174, -1,
      174, 212, 213, -1,
      174, 213, 175, -1,
      214, 215, 216, -1,
      216, 215, 217, -1,
      216, 217, 218, -1,
      218, 217, 219, -1,
      218, 219, 220, -1,
      220, 219, 221, -1,
      220, 221, 211, -1,
      211, 221, 222, -1,
      211, 222, 212, -1,
      178, 223, 148, -1,
      148, 223, 224, -1,
      148, 224, 149, -1,
      149, 224, 225, -1,
      149, 225, 170, -1,
      187, 226, 189, -1,
      189, 226, 227, -1,
      189, 227, 228, -1,
      228, 227, 229, -1,
      228, 229, 230, -1,
      230, 229, 231, -1,
      230, 231, 232, -1,
      232, 231, 233, -1,
      202, 201, 234, -1,
      234, 201, 235, -1,
      234, 235, 236, -1,
      236, 235, 237, -1,
      236, 237, 238, -1,
      238, 237, 239, -1,
      238, 239, 240, -1,
      240, 239, 241, -1,
      240, 241, 242, -1,
      242, 241, 243, -1,
      242, 243, 244, -1,
      244, 243, 245, -1,
      244, 245, 246, -1,
      246, 245, 247, -1,
      246, 247, 233, -1,
      233, 247, 248, -1,
      233, 248, 232, -1,
      190, 192, 249, -1,
      249, 192, 250, -1,
      249, 250, 251, -1,
      251, 250, 252, -1,
      251, 252, 253, -1,
      253, 252, 254, -1,
      253, 254, 255, -1,
      255, 254, 256, -1,
      255, 256, 257, -1,
      257, 256, 258, -1,
      257, 258, 259, -1,
      259, 258, 260, -1,
      259, 260, 261, -1,
      261, 260, 262, -1,
      261, 262, 214, -1,
      214, 262, 263, -1,
      214, 263, 215, -1,
      155, 264, 156, -1,
      156, 264, 265, -1,
      156, 265, 266, -1,
      266, 265, 267, -1,
      266, 267, 268, -1,
      268, 267, 269, -1,
      268, 269, 270, -1,
      270, 269, 271, -1,
      270, 271, 272, -1,
      272, 271, 273, -1,
      272, 273, 274, -1,
      274, 273, 275, -1,
      274, 275, 276, -1,
      276, 275, 277, -1,
      276, 277, 278, -1,
      278, 277, 181, -1,
      278, 181, 279, -1,
      279, 181, 180, -1,
      204, 280, 205, -1,
      205, 280, 281, -1,
      205, 281, 282, -1,
      282, 281, 283, -1,
      282, 283, 284, -1,
      284, 283, 285, -1,
      284, 285, 206, -1,
      206, 285, 286, -1,
      206, 286, 207, -1,
      287, 288, 289, -1,
      289, 288, 290, -1,
      290, 291, 289, -1,
      289, 291, 292, -1,
      289, 292, 293, -1,
      202, 294, 200, -1,
      200, 294, 289, -1,
      200, 289, 295, -1,
      295, 289, 293, -1,
      289, 296, 287, -1,
      287, 296, 297, -1,
      287, 297, 298, -1,
      298, 299, 287, -1,
      287, 299, 300, -1,
      287, 300, 301, -1,
      144, 230, 145, -1,
      145, 230, 232, -1,
      145, 232, 146, -1,
      3, 189, 144, -1,
      144, 189, 228, -1,
      144, 228, 230, -1,
      3, 4, 189, -1,
      189, 4, 5, -1,
      189, 5, 188, -1,
      188, 5, 11, -1,
      188, 11, 186, -1,
      186, 11, 10, -1,
      186, 10, 184, -1,
      184, 10, 9, -1,
      184, 9, 208, -1,
      208, 9, 8, -1,
      208, 8, 206, -1,
      206, 8, 284, -1,
      284, 8, 7, -1,
      7, 6, 284, -1,
      284, 6, 13, -1,
      284, 13, 282, -1,
      282, 13, 12, -1,
      282, 12, 205, -1,
      18, 196, 17, -1,
      17, 196, 198, -1,
      17, 198, 15, -1,
      15, 198, 203, -1,
      15, 203, 14, -1,
      14, 203, 205, -1,
      14, 205, 12, -1,
      196, 18, 25, -1,
      196, 25, 194, -1,
      194, 25, 27, -1,
      194, 27, 192, -1,
      192, 27, 26, -1,
      192, 26, 250, -1,
      250, 26, 24, -1,
      250, 24, 252, -1,
      252, 24, 23, -1,
      252, 23, 254, -1,
      254, 23, 22, -1,
      254, 22, 256, -1,
      256, 22, 21, -1,
      256, 21, 258, -1,
      258, 21, 20, -1,
      258, 20, 260, -1,
      260, 20, 19, -1,
      16, 263, 19, -1,
      19, 263, 262, -1,
      19, 262, 260, -1,
      16, 30, 263, -1,
      263, 30, 29, -1,
      263, 29, 215, -1,
      215, 29, 28, -1,
      215, 28, 217, -1,
      217, 28, 35, -1,
      217, 35, 219, -1,
      219, 35, 34, -1,
      219, 34, 221, -1,
      34, 33, 221, -1,
      221, 33, 38, -1,
      221, 38, 222, -1,
      222, 38, 37, -1,
      222, 37, 212, -1,
      212, 37, 32, -1,
      212, 32, 213, -1,
      213, 32, 31, -1,
      213, 31, 175, -1,
      175, 31, 36, -1,
      175, 36, 176, -1,
      176, 36, 41, -1,
      176, 41, 147, -1,
      41, 40, 147, -1,
      147, 40, 39, -1,
      147, 39, 148, -1,
      148, 39, 48, -1,
      148, 48, 180, -1,
      180, 48, 47, -1,
      180, 47, 279, -1,
      47, 46, 279, -1,
      279, 46, 45, -1,
      279, 45, 278, -1,
      278, 45, 44, -1,
      278, 44, 276, -1,
      83, 150, 156, -1,
      276, 44, 43, -1,
      276, 43, 274, -1,
      274, 43, 42, -1,
      274, 42, 272, -1,
      42, 53, 272, -1,
      272, 53, 52, -1,
      272, 52, 270, -1,
      270, 52, 51, -1,
      270, 51, 268, -1,
      268, 51, 50, -1,
      268, 50, 266, -1,
      266, 50, 49, -1,
      266, 49, 156, -1,
      156, 49, 82, -1,
      156, 82, 83, -1,
      151, 150, 77, -1,
      77, 150, 83, -1,
      157, 151, 60, -1,
      60, 151, 77, -1,
      114, 158, 97, -1,
      97, 158, 157, -1,
      97, 157, 60, -1,
      1, 159, 2, -1,
      2, 159, 158, -1,
      2, 158, 114, -1,
      159, 1, 0, -1,
      159, 0, 199, -1,
      199, 0, 117, -1,
      199, 117, 171, -1,
      117, 92, 171, -1,
      171, 92, 91, -1,
      171, 91, 172, -1,
      172, 91, 94, -1,
      172, 94, 173, -1,
      173, 94, 100, -1,
      173, 100, 162, -1,
      162, 100, 102, -1,
      162, 102, 164, -1,
      164, 102, 106, -1,
      164, 106, 166, -1,
      106, 120, 166, -1,
      166, 120, 119, -1,
      166, 119, 168, -1,
      168, 119, 123, -1,
      168, 123, 149, -1,
      108, 216, 218, -1,
      149, 123, 122, -1,
      149, 122, 174, -1,
      174, 122, 121, -1,
      174, 121, 211, -1,
      211, 121, 118, -1,
      211, 118, 220, -1,
      220, 118, 105, -1,
      220, 105, 218, -1,
      218, 105, 107, -1,
      218, 107, 108, -1,
      216, 108, 104, -1,
      216, 104, 214, -1,
      214, 104, 103, -1,
      214, 103, 261, -1,
      261, 103, 101, -1,
      261, 101, 259, -1,
      101, 143, 259, -1,
      259, 143, 142, -1,
      259, 142, 257, -1,
      257, 142, 141, -1,
      257, 141, 255, -1,
      255, 141, 133, -1,
      255, 133, 253, -1,
      253, 133, 132, -1,
      253, 132, 251, -1,
      251, 132, 131, -1,
      251, 131, 249, -1,
      249, 131, 125, -1,
      249, 125, 190, -1,
      190, 125, 124, -1,
      190, 124, 191, -1,
      191, 124, 137, -1,
      191, 137, 193, -1,
      193, 137, 139, -1,
      193, 139, 195, -1,
      195, 139, 140, -1,
      195, 140, 197, -1,
      197, 140, 138, -1,
      197, 138, 204, -1,
      204, 138, 136, -1,
      204, 136, 280, -1,
      280, 136, 135, -1,
      280, 135, 281, -1,
      113, 182, 93, -1,
      93, 182, 210, -1,
      93, 210, 134, -1,
      134, 210, 209, -1,
      134, 209, 126, -1,
      126, 209, 207, -1,
      126, 207, 127, -1,
      127, 207, 286, -1,
      127, 286, 128, -1,
      128, 286, 285, -1,
      128, 285, 129, -1,
      129, 285, 283, -1,
      129, 283, 130, -1,
      130, 283, 281, -1,
      130, 281, 135, -1,
      183, 182, 115, -1,
      115, 182, 113, -1,
      183, 115, 116, -1,
      183, 116, 185, -1,
      185, 116, 110, -1,
      185, 110, 187, -1,
      187, 110, 109, -1,
      187, 109, 226, -1,
      226, 109, 112, -1,
      226, 112, 227, -1,
      227, 112, 111, -1,
      227, 111, 229, -1,
      229, 111, 99, -1,
      229, 99, 231, -1,
      231, 99, 98, -1,
      231, 98, 233, -1,
      98, 96, 233, -1,
      233, 96, 246, -1,
      96, 95, 246, -1,
      246, 95, 85, -1,
      246, 85, 244, -1,
      244, 85, 84, -1,
      244, 84, 242, -1,
      242, 84, 90, -1,
      242, 90, 240, -1,
      240, 90, 89, -1,
      240, 89, 238, -1,
      238, 89, 88, -1,
      238, 88, 236, -1,
      236, 88, 87, -1,
      236, 87, 234, -1,
      202, 234, 86, -1,
      86, 234, 87, -1,
      202, 86, 74, -1,
      202, 74, 294, -1,
      294, 74, 73, -1,
      294, 73, 289, -1,
      289, 73, 72, -1,
      289, 72, 296, -1,
      296, 72, 61, -1,
      296, 61, 297, -1,
      297, 61, 59, -1,
      297, 59, 298, -1,
      298, 59, 58, -1,
      298, 58, 299, -1,
      299, 58, 79, -1,
      299, 79, 300, -1,
      300, 79, 78, -1,
      300, 78, 301, -1,
      301, 78, 76, -1,
      301, 76, 287, -1,
      287, 76, 75, -1,
      287, 75, 288, -1,
      288, 75, 81, -1,
      288, 81, 290, -1,
      290, 81, 80, -1,
      290, 80, 291, -1,
      291, 80, 57, -1,
      291, 57, 292, -1,
      292, 57, 56, -1,
      292, 56, 293, -1,
      293, 56, 71, -1,
      293, 71, 295, -1,
      295, 71, 70, -1,
      295, 70, 200, -1,
      200, 70, 69, -1,
      200, 69, 201, -1,
      235, 201, 55, -1,
      55, 201, 69, -1,
      235, 55, 54, -1,
      235, 54, 237, -1,
      237, 54, 64, -1,
      237, 64, 239, -1,
      239, 64, 63, -1,
      239, 63, 241, -1,
      241, 63, 62, -1,
      241, 62, 243, -1,
      67, 245, 68, -1,
      68, 245, 243, -1,
      68, 243, 62, -1,
      66, 248, 67, -1,
      67, 248, 247, -1,
      67, 247, 245, -1,
      66, 65, 248, -1,
      248, 65, 146, -1,
      248, 146, 232, -1,
      160, 302, 303, -1,
      160, 303, 153, -1,
      153, 303, 304, -1,
      153, 304, 152, -1,
      152, 304, 305, -1,
      152, 305, 177, -1,
      177, 305, 306, -1,
      177, 306, 154, -1,
      154, 306, 307, -1,
      154, 307, 155, -1,
      155, 307, 308, -1,
      155, 308, 264, -1,
      264, 308, 309, -1,
      264, 309, 265, -1,
      265, 309, 310, -1,
      265, 310, 267, -1,
      267, 310, 311, -1,
      267, 311, 269, -1,
      269, 311, 312, -1,
      269, 312, 271, -1,
      271, 312, 313, -1,
      271, 313, 273, -1,
      273, 313, 314, -1,
      273, 314, 275, -1,
      275, 314, 315, -1,
      275, 315, 277, -1,
      277, 315, 316, -1,
      277, 316, 181, -1,
      181, 316, 317, -1,
      181, 317, 179, -1,
      179, 317, 318, -1,
      179, 318, 178, -1,
      178, 318, 319, -1,
      178, 319, 223, -1,
      223, 319, 320, -1,
      223, 320, 224, -1,
      224, 320, 321, -1,
      224, 321, 225, -1,
      225, 321, 322, -1,
      225, 322, 170, -1,
      170, 322, 323, -1,
      170, 323, 169, -1,
      169, 323, 324, -1,
      169, 324, 167, -1,
      167, 324, 325, -1,
      167, 325, 165, -1,
      165, 325, 326, -1,
      165, 326, 163, -1,
      163, 326, 327, -1,
      163, 327, 161, -1,
      161, 327, 302, -1,
      161, 302, 160, -1,
    ]
  }
}

Shape {
  appearance Appearance {
    material Material {
      diffuseColor 0.2078 0.2078 0.2078
      specularColor 0.0157 0.0157 0.0157
      ambientIntensity 0.2
      transparency 0.0000
      shininess 0.5
    }
  }
  geometry IndexedFaceSet {
    ccw TRUE
    solid FALSE
    coord DEF co Coordinate {
      point [
        0.155889 0.437043 0.307087,
        0.157845 0.436872 0.307087,
        0.160584 0.436018 0.307087,
        0.162991 0.434531 0.307087,
        0.164943 0.432521 0.307087,
        0.166302 0.430188 0.307087,
        0.167071 0.427547 0.307087,
        0.167174 0.424732 0.307087,
        0.166560 0.421924 0.307087,
        0.165274 0.419383 0.307087,
        0.163428 0.417264 0.307087,
        0.161206 0.415708 0.307087,
        0.158678 0.414730 0.307087,
        0.155889 0.414386 0.307087,
        0.153234 0.414704 0.307087,
        0.150560 0.415726 0.307087,
        0.148261 0.417348 0.307087,
        0.146432 0.419477 0.307087,
        0.145221 0.421887 0.307087,
        0.144616 0.424583 0.307087,
        0.144687 0.427417 0.307087,
        0.145470 0.430174 0.307087,
        0.146912 0.432622 0.307087,
        0.148312 0.434127 0.307087,
        0.150594 0.435722 0.307087,
        0.153137 0.436702 0.307087,
      ]
    }
    coordIndex [
      13, 23, 22, -1,
      0, 13, 1, -1,
      1, 13, 12, -1,
      0, 25, 13, -1,
      13, 25, 24, -1,
      13, 24, 23, -1,
      10, 4, 3, -1,
      18, 17, 22, -1,
      22, 17, 16, -1,
      12, 11, 1, -1,
      1, 11, 10, -1,
      1, 10, 2, -1,
      2, 10, 3, -1,
      21, 20, 22, -1,
      22, 20, 19, -1,
      22, 19, 18, -1,
      16, 15, 22, -1,
      22, 15, 14, -1,
      22, 14, 13, -1,
      8, 7, 9, -1,
      9, 7, 6, -1,
      9, 6, 10, -1,
      10, 6, 5, -1,
      10, 5, 4, -1,
    ]
  }
}

Shape {
  appearance Appearance {
    material Material {
      diffuseColor 1.0000 1.0000 1.0000
      specularColor 0.5020 0.5020 0.5020
      ambientIntensity 0.2
      transparency 0.0000
      shininess 0.5
    }
  }
  geometry IndexedFaceSet {
    ccw TRUE
    solid FALSE
    coord DEF co Coordinate {
      point [
        0.435752 0.494658 0.307087,
        0.433743 0.490431 0.307087,
        0.432104 0.515156 0.307087,
        0.434643 0.511605 0.307087,
        0.430699 0.516527 0.307087,
        0.436164 0.507719 0.307087,
        0.436860 0.502031 0.307087,
        0.436739 0.499444 0.307087,
        0.403598 0.481082 0.307087,
        0.403598 0.521937 0.307087,
        0.415253 0.521937 0.307087,
        0.421487 0.521248 0.307087,
        0.422313 0.520947 0.307087,
        0.426419 0.519448 0.307087,
        0.430699 0.486805 0.307087,
        0.426490 0.483777 0.307087,
        0.422313 0.482130 0.307087,
        0.421846 0.481946 0.307087,
        0.414835 0.481082 0.307087,
        0.428983 0.492524 0.311024,
        0.426950 0.490001 0.311024,
        0.430699 0.486805 0.311024,
        0.426197 0.489318 0.311024,
        0.426490 0.483777 0.311024,
        0.423491 0.487546 0.311024,
        0.421846 0.481946 0.311024,
        0.419997 0.486299 0.311024,
        0.414835 0.481082 0.311024,
        0.414804 0.485740 0.311024,
        0.403598 0.481082 0.311024,
        0.408872 0.485740 0.311024,
        0.403598 0.521937 0.311024,
        0.408872 0.517237 0.311024,
        0.415253 0.521937 0.311024,
        0.415044 0.517237 0.311024,
        0.421487 0.521248 0.311024,
        0.420304 0.516657 0.311024,
        0.426419 0.519448 0.311024,
        0.423848 0.515378 0.311024,
        0.430699 0.516527 0.311024,
        0.426835 0.513394 0.311024,
        0.432104 0.515156 0.311024,
        0.428176 0.512036 0.311024,
        0.434643 0.511605 0.311024,
        0.429710 0.509685 0.311024,
        0.436164 0.507719 0.311024,
        0.430810 0.506591 0.311024,
        0.436860 0.502031 0.311024,
        0.431315 0.501885 0.311024,
        0.436739 0.499444 0.311024,
        0.431180 0.499303 0.311024,
        0.435752 0.494658 0.311024,
        0.430389 0.495559 0.311024,
        0.433743 0.490431 0.311024,
        0.426835 0.513394 0.307087,
        0.428176 0.512036 0.307087,
        0.429710 0.509685 0.307087,
        0.430810 0.506591 0.307087,
        0.431315 0.501885 0.307087,
        0.415044 0.517237 0.307087,
        0.420304 0.516657 0.307087,
        0.423848 0.515378 0.307087,
        0.408872 0.517237 0.307087,
        0.408872 0.485740 0.307087,
        0.414804 0.485740 0.307087,
        0.426950 0.490001 0.307087,
        0.426197 0.489318 0.307087,
        0.423491 0.487546 0.307087,
        0.419997 0.486299 0.307087,
        0.431180 0.499303 0.307087,
        0.430389 0.495559 0.307087,
        0.428983 0.492524 0.307087,
      ]
    }
    coordIndex [
      19, 20, 21, -1,
      21, 20, 22, -1,
      21, 22, 23, -1,
      23, 22, 24, -1,
      23, 24, 25, -1,
      25, 24, 26, -1,
      25, 26, 27, -1,
      27, 26, 28, -1,
      27, 28, 29, -1,
      29, 28, 30, -1,
      29, 30, 31, -1,
      31, 30, 32, -1,
      31, 32, 33, -1,
      33, 32, 34, -1,
      33, 34, 35, -1,
      35, 34, 36, -1,
      35, 36, 37, -1,
      37, 36, 38, -1,
      37, 38, 39, -1,
      39, 38, 40, -1,
      39, 40, 41, -1,
      41, 40, 42, -1,
      41, 42, 43, -1,
      43, 42, 44, -1,
      43, 44, 45, -1,
      45, 44, 46, -1,
      45, 46, 47, -1,
      47, 46, 48, -1,
      47, 48, 49, -1,
      49, 48, 50, -1,
      49, 50, 51, -1,
      51, 50, 52, -1,
      51, 52, 53, -1,
      53, 52, 19, -1,
      53, 19, 21, -1,
      21, 14, 1, -1,
      21, 1, 53, -1,
      53, 1, 0, -1,
      53, 0, 51, -1,
      51, 0, 7, -1,
      51, 7, 49, -1,
      49, 7, 6, -1,
      49, 6, 47, -1,
      47, 6, 5, -1,
      47, 5, 45, -1,
      45, 5, 3, -1,
      45, 3, 43, -1,
      43, 3, 2, -1,
      43, 2, 41, -1,
      41, 2, 4, -1,
      41, 4, 39, -1,
      10, 33, 35, -1,
      39, 4, 13, -1,
      39, 13, 37, -1,
      37, 13, 12, -1,
      37, 12, 35, -1,
      35, 12, 11, -1,
      35, 11, 10, -1,
      31, 33, 9, -1,
      9, 33, 10, -1,
      29, 31, 8, -1,
      8, 31, 9, -1,
      27, 29, 18, -1,
      18, 29, 8, -1,
      14, 21, 23, -1,
      27, 18, 17, -1,
      27, 17, 25, -1,
      25, 17, 16, -1,
      25, 16, 23, -1,
      23, 16, 15, -1,
      23, 15, 14, -1,
      40, 54, 55, -1,
      40, 55, 42, -1,
      42, 55, 56, -1,
      42, 56, 44, -1,
      44, 56, 57, -1,
      44, 57, 46, -1,
      46, 57, 58, -1,
      46, 58, 48, -1,
      34, 59, 60, -1,
      34, 60, 36, -1,
      36, 60, 61, -1,
      36, 61, 38, -1,
      38, 61, 54, -1,
      38, 54, 40, -1,
      34, 32, 59, -1,
      59, 32, 62, -1,
      32, 30, 62, -1,
      62, 30, 63, -1,
      30, 28, 63, -1,
      63, 28, 64, -1,
      20, 65, 66, -1,
      20, 66, 22, -1,
      22, 66, 67, -1,
      22, 67, 24, -1,
      24, 67, 68, -1,
      24, 68, 26, -1,
      26, 68, 64, -1,
      26, 64, 28, -1,
      48, 58, 69, -1,
      48, 69, 50, -1,
      50, 69, 70, -1,
      50, 70, 52, -1,
      52, 70, 71, -1,
      52, 71, 19, -1,
      19, 71, 65, -1,
      19, 65, 20, -1,
    ]
  }
}

Shape {
  appearance Appearance {
    material Material {
      diffuseColor 0.2078 0.2078 0.2078
      specularColor 0.0157 0.0157 0.0157
      ambientIntensity 0.2
      transparency 0.0000
      shininess 0.5
    }
  }
  geometry IndexedFaceSet {
    ccw TRUE
    solid FALSE
    coord DEF co Coordinate {
      point [
        0.426835 0.513394 0.307087,
        0.428176 0.512036 0.307087,
        0.429710 0.509685 0.307087,
        0.430810 0.506591 0.307087,
        0.431315 0.501885 0.307087,
        0.415044 0.517237 0.307087,
        0.420304 0.516657 0.307087,
        0.423848 0.515378 0.307087,
        0.408872 0.517237 0.307087,
        0.408872 0.485740 0.307087,
        0.414804 0.485740 0.307087,
        0.426950 0.490001 0.307087,
        0.426197 0.489318 0.307087,
        0.423491 0.487546 0.307087,
        0.419997 0.486299 0.307087,
        0.431180 0.499303 0.307087,
        0.430389 0.495559 0.307087,
        0.428983 0.492524 0.307087,
      ]
    }
    coordIndex [
      8, 9, 5, -1,
      5, 9, 10, -1,
      5, 10, 14, -1,
      14, 13, 5, -1,
      5, 13, 12, -1,
      5, 12, 11, -1,
      11, 17, 5, -1,
      5, 17, 16, -1,
      5, 16, 15, -1,
      15, 4, 5, -1,
      5, 4, 3, -1,
      5, 3, 2, -1,
      2, 1, 5, -1,
      5, 1, 0, -1,
      5, 0, 6, -1,
      6, 0, 7, -1,
    ]
  }
}

Shape {
  appearance Appearance {
    material Material {
      diffuseColor 1.0000 1.0000 1.0000
      specularColor 0.5020 0.5020 0.5020
      ambientIntensity 0.2
      transparency 0.0000
      shininess 0.5
    }
  }
  geometry IndexedFaceSet {
    ccw TRUE
    solid FALSE
    coord DEF co Coordinate {
      point [
        0.496116 0.416271 0.307087,
        0.490288 0.416271 0.307087,
        0.503753 0.451622 0.307087,
        0.505849 0.457125 0.307087,
        0.511489 0.457125 0.307087,
        0.513585 0.451622 0.307087,
        0.527049 0.416271 0.307087,
        0.521222 0.416271 0.307087,
        0.517055 0.427445 0.307087,
        0.500043 0.427445 0.307087,
        0.342696 0.492159 0.307087,
        0.344687 0.489395 0.307087,
        0.363987 0.516177 0.307087,
        0.345479 0.488611 0.307087,
        0.348145 0.486721 0.307087,
        0.344969 0.513331 0.307087,
        0.342751 0.510252 0.307087,
        0.347755 0.515631 0.307087,
        0.350969 0.517117 0.307087,
        0.361131 0.517263 0.307087,
        0.356102 0.517864 0.307087,
        0.340721 0.499542 0.307087,
        0.354524 0.517801 0.307087,
        0.340677 0.501050 0.307087,
        0.341371 0.506741 0.307087,
        0.351054 0.485593 0.307087,
        0.355183 0.485093 0.307087,
        0.357111 0.485165 0.307087,
        0.341376 0.495454 0.307087,
        0.363987 0.521462 0.307087,
        0.365731 0.520955 0.307087,
        0.361728 0.486029 0.307087,
        0.363987 0.487044 0.307087,
        0.365276 0.515687 0.307087,
        0.365731 0.487829 0.307087,
        0.365731 0.515441 0.307087,
        0.356142 0.522626 0.307087,
        0.360380 0.522281 0.307087,
        0.361475 0.522192 0.307087,
        0.356050 0.522626 0.307087,
        0.353242 0.522281 0.307087,
        0.350848 0.480738 0.307087,
        0.347531 0.481420 0.307087,
        0.343675 0.483237 0.307087,
        0.340385 0.485970 0.307087,
        0.338079 0.512738 0.307087,
        0.341043 0.516611 0.307087,
        0.339741 0.486691 0.307087,
        0.337387 0.490254 0.307087,
        0.335809 0.494637 0.307087,
        0.342011 0.517537 0.307087,
        0.345829 0.520227 0.307087,
        0.350091 0.521894 0.307087,
        0.335142 0.500737 0.307087,
        0.335214 0.502865 0.307087,
        0.336139 0.508200 0.307087,
        0.351959 0.480509 0.307087,
        0.354420 0.480393 0.307087,
        0.358026 0.480738 0.307087,
        0.365731 0.482774 0.307087,
        0.365033 0.482427 0.307087,
        0.363987 0.482083 0.307087,
        0.360647 0.480988 0.307087,
        0.355183 0.485093 0.311024,
        0.351054 0.485593 0.311024,
        0.348145 0.486721 0.311024,
        0.345479 0.488611 0.311024,
        0.344687 0.489395 0.311024,
        0.342696 0.492159 0.311024,
        0.341376 0.495454 0.311024,
        0.340721 0.499542 0.311024,
        0.340677 0.501050 0.311024,
        0.341371 0.506741 0.311024,
        0.342751 0.510252 0.311024,
        0.344969 0.513331 0.311024,
        0.347755 0.515631 0.311024,
        0.350969 0.517117 0.311024,
        0.354524 0.517801 0.311024,
        0.356102 0.517864 0.311024,
        0.365731 0.515441 0.311024,
        0.365276 0.515687 0.311024,
        0.361131 0.517263 0.311024,
        0.365731 0.520955 0.311024,
        0.356050 0.522626 0.311024,
        0.356142 0.522626 0.311024,
        0.361475 0.522192 0.311024,
        0.350091 0.521894 0.311024,
        0.345829 0.520227 0.311024,
        0.342011 0.517537 0.311024,
        0.341043 0.516611 0.311024,
        0.338079 0.512738 0.311024,
        0.336139 0.508200 0.311024,
        0.335214 0.502865 0.311024,
        0.335142 0.500737 0.311024,
        0.335809 0.494637 0.311024,
        0.337387 0.490254 0.311024,
        0.339741 0.486691 0.311024,
        0.340385 0.485970 0.311024,
        0.354420 0.480393 0.311024,
        0.351959 0.480509 0.311024,
        0.343675 0.483237 0.311024,
        0.347531 0.481420 0.311024,
        0.365731 0.482774 0.311024,
        0.365033 0.482427 0.311024,
        0.360647 0.480988 0.311024,
        0.365731 0.487829 0.311024,
        0.361728 0.486029 0.311024,
        0.357111 0.485165 0.311024,
        0.501713 0.432061 0.311024,
        0.500043 0.427445 0.311024,
        0.515426 0.432061 0.311024,
        0.517055 0.427445 0.311024,
        0.507823 0.449042 0.311024,
        0.505849 0.457125 0.311024,
        0.490288 0.416271 0.311024,
        0.496116 0.416271 0.311024,
        0.508177 0.450261 0.311024,
        0.508491 0.451904 0.311024,
        0.511489 0.457125 0.311024,
        0.508617 0.451904 0.311024,
        0.508947 0.450175 0.311024,
        0.509254 0.449042 0.311024,
        0.527049 0.416271 0.311024,
        0.521222 0.416271 0.311024,
        0.507823 0.449042 0.307087,
        0.508177 0.450261 0.307087,
        0.508491 0.451904 0.307087,
        0.501713 0.432061 0.307087,
        0.515426 0.432061 0.307087,
        0.509254 0.449042 0.307087,
        0.508617 0.451904 0.307087,
        0.508947 0.450175 0.307087,
      ]
    }
    coordIndex [
      63, 26, 25, -1,
      63, 25, 64, -1,
      64, 25, 14, -1,
      64, 14, 65, -1,
      65, 14, 13, -1,
      65, 13, 66, -1,
      66, 13, 11, -1,
      66, 11, 67, -1,
      67, 11, 10, -1,
      67, 10, 68, -1,
      68, 10, 28, -1,
      68, 28, 69, -1,
      69, 28, 21, -1,
      69, 21, 70, -1,
      70, 21, 23, -1,
      70, 23, 71, -1,
      71, 23, 24, -1,
      71, 24, 72, -1,
      72, 24, 16, -1,
      72, 16, 73, -1,
      73, 16, 15, -1,
      73, 15, 74, -1,
      74, 15, 17, -1,
      74, 17, 75, -1,
      75, 17, 18, -1,
      75, 18, 76, -1,
      76, 18, 22, -1,
      76, 22, 77, -1,
      77, 22, 20, -1,
      77, 20, 78, -1,
      35, 79, 80, -1,
      78, 20, 19, -1,
      78, 19, 81, -1,
      81, 19, 12, -1,
      81, 12, 80, -1,
      80, 12, 33, -1,
      80, 33, 35, -1,
      82, 79, 30, -1,
      30, 79, 35, -1,
      39, 83, 84, -1,
      82, 30, 29, -1,
      82, 29, 85, -1,
      29, 38, 85, -1,
      85, 38, 37, -1,
      85, 37, 84, -1,
      84, 37, 36, -1,
      84, 36, 39, -1,
      83, 39, 40, -1,
      83, 40, 86, -1,
      40, 52, 86, -1,
      86, 52, 51, -1,
      86, 51, 87, -1,
      87, 51, 50, -1,
      87, 50, 88, -1,
      88, 50, 46, -1,
      88, 46, 89, -1,
      89, 46, 45, -1,
      89, 45, 90, -1,
      90, 45, 55, -1,
      90, 55, 91, -1,
      91, 55, 54, -1,
      91, 54, 92, -1,
      92, 54, 53, -1,
      92, 53, 93, -1,
      93, 53, 49, -1,
      93, 49, 94, -1,
      94, 49, 48, -1,
      94, 48, 95, -1,
      95, 48, 47, -1,
      95, 47, 96, -1,
      96, 47, 44, -1,
      96, 44, 97, -1,
      57, 98, 99, -1,
      97, 44, 43, -1,
      97, 43, 100, -1,
      100, 43, 42, -1,
      100, 42, 101, -1,
      101, 42, 41, -1,
      101, 41, 99, -1,
      99, 41, 56, -1,
      99, 56, 57, -1,
      59, 102, 103, -1,
      98, 57, 104, -1,
      104, 57, 58, -1,
      58, 62, 104, -1,
      104, 62, 61, -1,
      104, 61, 103, -1,
      103, 61, 60, -1,
      103, 60, 59, -1,
      105, 102, 34, -1,
      34, 102, 59, -1,
      105, 34, 32, -1,
      105, 32, 106, -1,
      32, 31, 106, -1,
      106, 31, 27, -1,
      106, 27, 107, -1,
      107, 27, 26, -1,
      107, 26, 63, -1,
      80, 79, 82, -1,
      75, 88, 74, -1,
      74, 88, 89, -1,
      74, 89, 73, -1,
      73, 89, 90, -1,
      73, 90, 72, -1,
      80, 82, 81, -1,
      81, 82, 85, -1,
      81, 85, 78, -1,
      78, 85, 84, -1,
      78, 84, 77, -1,
      77, 84, 83, -1,
      77, 83, 76, -1,
      76, 83, 86, -1,
      76, 86, 75, -1,
      75, 86, 87, -1,
      75, 87, 88, -1,
      102, 105, 103, -1,
      103, 105, 106, -1,
      103, 106, 104, -1,
      104, 106, 107, -1,
      104, 107, 98, -1,
      98, 107, 63, -1,
      98, 63, 99, -1,
      99, 63, 64, -1,
      99, 64, 101, -1,
      101, 64, 65, -1,
      101, 65, 100, -1,
      100, 65, 66, -1,
      100, 66, 97, -1,
      97, 66, 67, -1,
      97, 67, 96, -1,
      96, 67, 68, -1,
      96, 68, 95, -1,
      93, 71, 92, -1,
      92, 71, 72, -1,
      92, 72, 91, -1,
      91, 72, 90, -1,
      95, 68, 94, -1,
      94, 68, 69, -1,
      94, 69, 93, -1,
      93, 69, 70, -1,
      93, 70, 71, -1,
      108, 109, 110, -1,
      110, 109, 111, -1,
      112, 113, 108, -1,
      108, 113, 114, -1,
      108, 114, 109, -1,
      109, 114, 115, -1,
      112, 116, 113, -1,
      113, 116, 117, -1,
      113, 117, 118, -1,
      118, 117, 119, -1,
      118, 119, 120, -1,
      120, 121, 118, -1,
      118, 121, 110, -1,
      118, 110, 122, -1,
      122, 110, 111, -1,
      122, 111, 123, -1,
      113, 118, 3, -1,
      3, 118, 4, -1,
      1, 114, 2, -1,
      2, 114, 113, -1,
      2, 113, 3, -1,
      115, 114, 0, -1,
      0, 114, 1, -1,
      109, 115, 9, -1,
      9, 115, 0, -1,
      111, 109, 8, -1,
      8, 109, 9, -1,
      123, 111, 7, -1,
      7, 111, 8, -1,
      122, 123, 6, -1,
      6, 123, 7, -1,
      122, 6, 118, -1,
      118, 6, 5, -1,
      118, 5, 4, -1,
      112, 124, 125, -1,
      112, 125, 116, -1,
      116, 125, 126, -1,
      116, 126, 117, -1,
      112, 108, 124, -1,
      124, 108, 127, -1,
      108, 110, 127, -1,
      127, 110, 128, -1,
      110, 121, 128, -1,
      128, 121, 129, -1,
      119, 130, 131, -1,
      119, 131, 120, -1,
      120, 131, 129, -1,
      120, 129, 121, -1,
      119, 117, 130, -1,
      130, 117, 126, -1,
    ]
  }
}

Shape {
  appearance Appearance {
    material Material {
      diffuseColor 0.2078 0.2078 0.2078
      specularColor 0.0157 0.0157 0.0157
      ambientIntensity 0.2
      transparency 0.0000
      shininess 0.5
    }
  }
  geometry IndexedFaceSet {
    ccw TRUE
    solid FALSE
    coord DEF co Coordinate {
      point [
        0.507823 0.449042 0.307087,
        0.508177 0.450261 0.307087,
        0.508491 0.451904 0.307087,
        0.501713 0.432061 0.307087,
        0.515426 0.432061 0.307087,
        0.509254 0.449042 0.307087,
        0.508617 0.451904 0.307087,
        0.508947 0.450175 0.307087,
      ]
    }
    coordIndex [
      6, 2, 7, -1,
      7, 2, 1, -1,
      7, 1, 5, -1,
      5, 1, 0, -1,
      5, 0, 4, -1,
      4, 0, 3, -1,
    ]
  }
}

Shape {
  appearance Appearance {
    material Material {
      diffuseColor 1.0000 1.0000 1.0000
      specularColor 0.5020 0.5020 0.5020
      ambientIntensity 0.2
      transparency 0.0000
      shininess 0.5
    }
  }
  geometry IndexedFaceSet {
    ccw TRUE
    solid FALSE
    coord DEF co Coordinate {
      point [
        0.425070 0.416271 0.307087,
        0.425070 0.451622 0.307087,
        0.470059 0.481082 0.307087,
        0.465893 0.492257 0.307087,
        0.450901 0.492257 0.307087,
        0.460326 0.521937 0.307087,
        0.475887 0.481082 0.307087,
        0.448881 0.492257 0.307087,
        0.444954 0.481082 0.307087,
        0.439126 0.481082 0.307087,
        0.450901 0.511997 0.307087,
        0.317200 0.439351 0.307087,
        0.331811 0.439351 0.307087,
        0.317200 0.434672 0.307087,
        0.317200 0.420929 0.307087,
        0.331811 0.434672 0.307087,
        0.333685 0.420929 0.307087,
        0.332970 0.457125 0.307087,
        0.332970 0.452426 0.307087,
        0.317200 0.451622 0.307087,
        0.317200 0.452426 0.307087,
        0.311926 0.457125 0.307087,
        0.311926 0.451622 0.307087,
        0.311926 0.416271 0.307087,
        0.333899 0.420929 0.307087,
        0.333899 0.416271 0.307087,
        0.333685 0.416271 0.307087,
        0.447043 0.420929 0.307087,
        0.447043 0.416271 0.307087,
        0.430344 0.434672 0.307087,
        0.430344 0.420929 0.307087,
        0.437993 0.434672 0.307087,
        0.437993 0.420929 0.307087,
        0.444954 0.434672 0.307087,
        0.430344 0.451622 0.307087,
        0.430344 0.439351 0.307087,
        0.437993 0.439351 0.307087,
        0.444954 0.439351 0.307087,
        0.430344 0.452426 0.307087,
        0.437993 0.452426 0.307087,
        0.446113 0.452426 0.307087,
        0.446113 0.457125 0.307087,
        0.437993 0.457125 0.307087,
        0.425070 0.457125 0.307087,
        0.437993 0.416271 0.307087,
        0.454687 0.521937 0.307087,
        0.447043 0.420929 0.311024,
        0.430344 0.420929 0.311024,
        0.430344 0.434672 0.311024,
        0.444954 0.434672 0.311024,
        0.444954 0.439351 0.311024,
        0.430344 0.439351 0.311024,
        0.430344 0.452426 0.311024,
        0.446113 0.452426 0.311024,
        0.446113 0.457125 0.311024,
        0.425070 0.457125 0.311024,
        0.425070 0.416271 0.311024,
        0.447043 0.416271 0.311024,
        0.317200 0.420929 0.311024,
        0.333899 0.420929 0.311024,
        0.317200 0.434672 0.311024,
        0.331811 0.434672 0.311024,
        0.331811 0.439351 0.311024,
        0.317200 0.439351 0.311024,
        0.317200 0.452426 0.311024,
        0.332970 0.452426 0.311024,
        0.332970 0.457125 0.311024,
        0.311926 0.457125 0.311024,
        0.311926 0.416271 0.311024,
        0.333899 0.416271 0.311024,
        0.450552 0.496872 0.311024,
        0.448881 0.492257 0.311024,
        0.464263 0.496872 0.311024,
        0.465893 0.492257 0.311024,
        0.456661 0.513854 0.311024,
        0.454687 0.521937 0.311024,
        0.439126 0.481082 0.311024,
        0.444954 0.481082 0.311024,
        0.457015 0.515073 0.311024,
        0.457329 0.516715 0.311024,
        0.460326 0.521937 0.311024,
        0.457454 0.516715 0.311024,
        0.457785 0.514987 0.311024,
        0.458092 0.513854 0.311024,
        0.475887 0.481082 0.311024,
        0.470059 0.481082 0.311024,
        0.456661 0.513854 0.307087,
        0.457015 0.515073 0.307087,
        0.457329 0.516715 0.307087,
        0.450552 0.496872 0.307087,
        0.464263 0.496872 0.307087,
        0.458092 0.513854 0.307087,
        0.457454 0.516715 0.307087,
        0.457785 0.514987 0.307087,
      ]
    }
    coordIndex [
      46, 27, 47, -1,
      47, 27, 32, -1,
      47, 32, 30, -1,
      48, 47, 29, -1,
      29, 47, 30, -1,
      48, 29, 49, -1,
      49, 29, 31, -1,
      49, 31, 33, -1,
      50, 49, 37, -1,
      37, 49, 33, -1,
      35, 51, 36, -1,
      36, 51, 50, -1,
      36, 50, 37, -1,
      38, 52, 34, -1,
      34, 52, 51, -1,
      34, 51, 35, -1,
      40, 53, 39, -1,
      39, 53, 52, -1,
      39, 52, 38, -1,
      54, 53, 41, -1,
      41, 53, 40, -1,
      43, 55, 42, -1,
      42, 55, 54, -1,
      42, 54, 41, -1,
      0, 56, 1, -1,
      1, 56, 55, -1,
      1, 55, 43, -1,
      56, 0, 57, -1,
      57, 0, 44, -1,
      57, 44, 28, -1,
      46, 57, 27, -1,
      27, 57, 28, -1,
      56, 57, 46, -1,
      46, 47, 56, -1,
      56, 47, 48, -1,
      56, 48, 55, -1,
      53, 54, 52, -1,
      52, 54, 55, -1,
      52, 55, 51, -1,
      51, 55, 48, -1,
      51, 48, 50, -1,
      50, 48, 49, -1,
      14, 58, 16, -1,
      16, 58, 59, -1,
      16, 59, 24, -1,
      60, 58, 13, -1,
      13, 58, 14, -1,
      61, 60, 15, -1,
      15, 60, 13, -1,
      62, 61, 12, -1,
      12, 61, 15, -1,
      63, 62, 11, -1,
      11, 62, 12, -1,
      20, 64, 19, -1,
      19, 64, 63, -1,
      19, 63, 11, -1,
      65, 64, 18, -1,
      18, 64, 20, -1,
      66, 65, 17, -1,
      17, 65, 18, -1,
      67, 66, 21, -1,
      21, 66, 17, -1,
      23, 68, 22, -1,
      22, 68, 67, -1,
      22, 67, 21, -1,
      25, 69, 26, -1,
      26, 69, 68, -1,
      26, 68, 23, -1,
      59, 69, 24, -1,
      24, 69, 25, -1,
      68, 69, 59, -1,
      59, 58, 68, -1,
      68, 58, 60, -1,
      68, 60, 67, -1,
      65, 66, 64, -1,
      64, 66, 67, -1,
      64, 67, 63, -1,
      63, 67, 60, -1,
      63, 60, 62, -1,
      62, 60, 61, -1,
      70, 71, 72, -1,
      72, 71, 73, -1,
      74, 75, 70, -1,
      70, 75, 76, -1,
      70, 76, 71, -1,
      71, 76, 77, -1,
      74, 78, 75, -1,
      75, 78, 79, -1,
      75, 79, 80, -1,
      80, 79, 81, -1,
      80, 81, 82, -1,
      82, 83, 80, -1,
      80, 83, 72, -1,
      80, 72, 84, -1,
      84, 72, 73, -1,
      84, 73, 85, -1,
      75, 80, 45, -1,
      45, 80, 5, -1,
      9, 76, 10, -1,
      10, 76, 75, -1,
      10, 75, 45, -1,
      77, 76, 8, -1,
      8, 76, 9, -1,
      71, 77, 7, -1,
      7, 77, 8, -1,
      3, 73, 4, -1,
      4, 73, 71, -1,
      4, 71, 7, -1,
      85, 73, 2, -1,
      2, 73, 3, -1,
      84, 85, 6, -1,
      6, 85, 2, -1,
      80, 84, 5, -1,
      5, 84, 6, -1,
      74, 86, 87, -1,
      74, 87, 78, -1,
      78, 87, 88, -1,
      78, 88, 79, -1,
      74, 70, 86, -1,
      86, 70, 89, -1,
      70, 72, 89, -1,
      89, 72, 90, -1,
      72, 83, 90, -1,
      90, 83, 91, -1,
      81, 92, 93, -1,
      81, 93, 82, -1,
      82, 93, 91, -1,
      82, 91, 83, -1,
      81, 79, 92, -1,
      92, 79, 88, -1,
    ]
  }
}

Shape {
  appearance Appearance {
    material Material {
      diffuseColor 0.2078 0.2078 0.2078
      specularColor 0.0157 0.0157 0.0157
      ambientIntensity 0.2
      transparency 0.0000
      shininess 0.5
    }
  }
  geometry IndexedFaceSet {
    ccw TRUE
    solid FALSE
    coord DEF co Coordinate {
      point [
        0.456661 0.513854 0.307087,
        0.457015 0.515073 0.307087,
        0.457329 0.516715 0.307087,
        0.450552 0.496872 0.307087,
        0.464263 0.496872 0.307087,
        0.458092 0.513854 0.307087,
        0.457454 0.516715 0.307087,
        0.457785 0.514987 0.307087,
      ]
    }
    coordIndex [
      6, 2, 7, -1,
      7, 2, 1, -1,
      7, 1, 5, -1,
      5, 1, 0, -1,
      5, 0, 4, -1,
      4, 0, 3, -1,
    ]
  }
}

Shape {
  appearance Appearance {
    material Material {
      diffuseColor 1.0000 1.0000 1.0000
      specularColor 0.5020 0.5020 0.5020
      ambientIntensity 0.2
      transparency 0.0000
      shininess 0.5
    }
  }
  geometry IndexedFaceSet {
    ccw TRUE
    solid FALSE
    coord DEF co Coordinate {
      point [
        0.394951 0.521937 0.307087,
        0.390215 0.521937 0.307087,
        0.394951 0.517237 0.307087,
        0.395881 0.481082 0.307087,
        0.395881 0.485740 0.307087,
        0.379181 0.499483 0.307087,
        0.379181 0.485740 0.307087,
        0.390215 0.499483 0.307087,
        0.390215 0.485740 0.307087,
        0.393792 0.499483 0.307087,
        0.393792 0.504162 0.307087,
        0.390215 0.504162 0.307087,
        0.390215 0.517237 0.307087,
        0.379181 0.504162 0.307087,
        0.379181 0.517237 0.307087,
        0.373908 0.521937 0.307087,
        0.373908 0.481082 0.307087,
        0.333471 0.485740 0.307087,
        0.333471 0.481082 0.307087,
        0.311926 0.481082 0.307087,
        0.317200 0.521937 0.307087,
        0.311926 0.521937 0.307087,
        0.317200 0.485740 0.307087,
        0.390215 0.481082 0.307087,
        0.379181 0.485740 0.311024,
        0.395881 0.485740 0.311024,
        0.379181 0.499483 0.311024,
        0.393792 0.499483 0.311024,
        0.393792 0.504162 0.311024,
        0.379181 0.504162 0.311024,
        0.379181 0.517237 0.311024,
        0.394951 0.517237 0.311024,
        0.394951 0.521937 0.311024,
        0.373908 0.521937 0.311024,
        0.373908 0.481082 0.311024,
        0.395881 0.481082 0.311024,
        0.317200 0.485740 0.311024,
        0.333471 0.485740 0.311024,
        0.317200 0.521937 0.311024,
        0.311926 0.521937 0.311024,
        0.311926 0.481082 0.311024,
        0.333471 0.481082 0.311024,
      ]
    }
    coordIndex [
      6, 24, 8, -1,
      8, 24, 25, -1,
      8, 25, 4, -1,
      26, 24, 5, -1,
      5, 24, 6, -1,
      26, 5, 27, -1,
      27, 5, 7, -1,
      27, 7, 9, -1,
      28, 27, 10, -1,
      10, 27, 9, -1,
      13, 29, 11, -1,
      11, 29, 28, -1,
      11, 28, 10, -1,
      30, 29, 14, -1,
      14, 29, 13, -1,
      30, 14, 31, -1,
      31, 14, 12, -1,
      31, 12, 2, -1,
      32, 31, 0, -1,
      0, 31, 2, -1,
      15, 33, 1, -1,
      1, 33, 32, -1,
      1, 32, 0, -1,
      34, 33, 16, -1,
      16, 33, 15, -1,
      34, 16, 35, -1,
      35, 16, 23, -1,
      35, 23, 3, -1,
      25, 35, 4, -1,
      4, 35, 3, -1,
      34, 35, 25, -1,
      25, 24, 34, -1,
      34, 24, 26, -1,
      34, 26, 33, -1,
      31, 32, 30, -1,
      30, 32, 33, -1,
      30, 33, 29, -1,
      29, 33, 26, -1,
      29, 26, 28, -1,
      28, 26, 27, -1,
      36, 37, 22, -1,
      22, 37, 17, -1,
      38, 36, 20, -1,
      20, 36, 22, -1,
      39, 38, 21, -1,
      21, 38, 20, -1,
      40, 39, 19, -1,
      19, 39, 21, -1,
      41, 40, 18, -1,
      18, 40, 19, -1,
      37, 41, 17, -1,
      17, 41, 18, -1,
      38, 39, 36, -1,
      36, 39, 40, -1,
      36, 40, 37, -1,
      37, 40, 41, -1,
    ]
  }
}
