#VRML V2.0 utf8

Shape {
  appearance Appearance {
    material Material {
      diffuseColor 0.2235 0.2235 0.2235
      specularColor 0.1137 0.1137 0.1137
      ambientIntensity 0.2
      transparency 0.0000
      shininess 0.5
    }
  }
  geometry IndexedFaceSet {
    ccw TRUE
    solid FALSE
    coord DEF co Coordinate {
      point [
        -0.140037 0.311132 0.078740,
        -0.158411 0.311132 0.078740,
        -0.158411 0.669291 0.078740,
        -0.140037 -0.123379 0.078740,
        -0.047502 -0.123379 0.078740,
        -0.047502 -0.374016 0.078740,
        -0.125984 -0.374016 0.078740,
        -0.125984 -0.625984 0.078740,
        -0.140037 -0.647638 0.078740,
        0.038920 -0.374016 0.078740,
        0.038920 -0.123379 0.078740,
        0.125984 -0.374016 0.078740,
        -0.047502 -0.647638 0.078740,
        -0.047502 -0.625984 0.078740,
        0.038920 -0.647638 0.078740,
        0.038920 -0.625984 0.078740,
        0.132145 -0.647638 0.078740,
        -0.140037 0.149182 0.078740,
        -0.131697 0.141197 0.078740,
        -0.140037 0.127978 0.078740,
        -0.119365 0.134030 0.078740,
        -0.140037 0.247528 0.078740,
        -0.123239 0.240131 0.078740,
        -0.136094 0.231517 0.078740,
        -0.047502 0.247528 0.078740,
        -0.092356 0.246808 0.078740,
        -0.109420 0.244984 0.078740,
        -0.105755 0.129974 0.078740,
        -0.091141 0.128698 0.078740,
        -0.047502 0.127978 0.078740,
        -0.059025 0.128698 0.078740,
        -0.059025 0.246808 0.078740,
        -0.136218 0.231408 0.078740,
        -0.140037 0.227173 0.078740,
        -0.158411 0.247528 0.078740,
        -0.144570 0.222146 0.078740,
        -0.150059 0.211989 0.078740,
        -0.141419 0.150505 0.078740,
        -0.158411 0.127978 0.078740,
        -0.148192 0.161069 0.078740,
        -0.153231 0.200352 0.078740,
        -0.154089 0.189239 0.078740,
        -0.152432 0.173432 0.078740,
        0.038920 0.247528 0.078740,
        0.050443 0.147783 0.078740,
        0.038920 0.127978 0.078740,
        0.050443 0.134819 0.078740,
        0.063033 0.129650 0.078740,
        0.067800 0.247528 0.078740,
        0.064098 0.247273 0.078740,
        0.050443 0.243567 0.078740,
        0.050443 0.227723 0.078740,
        0.063747 0.233420 0.078740,
        0.052560 0.146610 0.078740,
        0.078102 0.235285 0.078740,
        0.089733 0.233979 0.078740,
        0.098573 0.230789 0.078740,
        0.106748 0.225320 0.078740,
        0.113880 0.217446 0.078740,
        0.122461 0.186493 0.078740,
        0.121265 0.173707 0.078740,
        0.118057 0.163547 0.078740,
        0.091774 0.141457 0.078740,
        0.080758 0.140221 0.078740,
        0.100381 0.144625 0.078740,
        0.107629 0.149511 0.078740,
        0.113172 0.155357 0.078740,
        0.065080 0.141961 0.078740,
        0.118750 0.208326 0.078740,
        0.121898 0.195682 0.078740,
        0.087059 0.247528 0.078740,
        0.078237 0.248248 0.078740,
        0.038920 0.311132 0.078740,
        0.136606 0.202317 0.078740,
        0.132145 0.215485 0.078740,
        0.132145 0.247528 0.078740,
        0.132072 0.215700 0.078740,
        0.125149 0.226742 0.078740,
        0.114486 0.236997 0.078740,
        0.103267 0.243455 0.078740,
        0.132145 0.311132 0.078740,
        0.090100 0.247280 0.078740,
        0.138306 0.185525 0.078740,
        0.143347 0.247528 0.078740,
        0.132145 0.156732 0.078740,
        0.133609 0.159344 0.078740,
        0.143347 0.127978 0.078740,
        0.137163 0.171846 0.078740,
        0.108944 0.132707 0.078740,
        0.118445 0.138774 0.078740,
        0.132145 0.127978 0.078740,
        0.127317 0.148114 0.078740,
        0.074968 0.127978 0.078740,
        0.079712 0.127313 0.078740,
        0.132145 -0.123379 0.078740,
        0.125984 -0.625984 0.078740,
        0.082941 0.127257 0.078740,
        0.089887 0.127978 0.078740,
        0.097496 0.128767 0.078740,
        -0.500000 -0.669291 0.078740,
        -0.500000 -0.647638 0.078740,
        -0.158411 -0.669291 0.078740,
        -0.158411 -0.647638 0.078740,
        -0.140037 -0.669291 0.078740,
        -0.047502 -0.669291 0.078740,
        0.038920 -0.669291 0.078740,
        0.132145 -0.669291 0.078740,
        -0.500000 -0.123379 0.078740,
        -0.158411 -0.123379 0.078740,
        0.143347 -0.123379 0.078740,
        0.143347 -0.647638 0.078740,
        0.143347 -0.669291 0.078740,
        -0.500000 0.127978 0.078740,
        0.148388 0.141661 0.078740,
        0.148388 0.128698 0.078740,
        0.208883 0.128698 0.078740,
        0.208883 0.246808 0.078740,
        0.193039 0.246808 0.078740,
        0.500000 0.247528 0.078740,
        0.500000 0.127978 0.078740,
        0.500000 -0.123379 0.078740,
        0.500000 -0.647638 0.078740,
        0.500000 -0.669291 0.078740,
        0.193039 0.141661 0.078740,
        -0.033098 0.246808 0.078740,
        -0.033098 0.233845 0.078740,
        -0.035979 0.141661 0.078740,
        -0.035979 0.128698 0.078740,
        0.027397 0.128698 0.078740,
        0.027397 0.246808 0.078740,
        0.011553 0.181991 0.078740,
        0.011553 0.141661 0.078740,
        -0.030218 0.181991 0.078740,
        -0.030218 0.194955 0.078740,
        0.011553 0.194955 0.078740,
        0.011553 0.233845 0.078740,
        -0.180016 0.128698 0.078740,
        -0.162731 0.128698 0.078740,
        -0.252035 0.128698 0.078740,
        -0.240084 0.161826 0.078740,
        -0.191291 0.161826 0.078740,
        -0.207383 0.246808 0.078740,
        -0.223227 0.246808 0.078740,
        -0.047502 0.311132 0.078740,
        0.143347 0.311132 0.078740,
        0.500000 0.311132 0.078740,
        0.143347 0.669291 0.078740,
        0.500000 0.669291 0.078740,
        0.132145 0.669291 0.078740,
        -0.140037 0.669291 0.078740,
        -0.125984 0.374016 0.078740,
        -0.047502 0.374016 0.078740,
        0.038920 0.374016 0.078740,
        0.125984 0.374016 0.078740,
        0.125984 0.625984 0.078740,
        0.038920 0.669291 0.078740,
        0.038920 0.625984 0.078740,
        -0.047502 0.669291 0.078740,
        -0.047502 0.625984 0.078740,
        -0.125984 0.625984 0.078740,
        -0.269319 0.128698 0.078740,
        -0.500000 0.247528 0.078740,
        -0.500000 0.311132 0.078740,
        -0.500000 0.669291 0.078740,
        -0.263780 0.984252 0.984252,
        0.263780 0.984252 0.984252,
        -0.263780 0.984252 0.000000,
        0.263780 0.984252 0.000000,
        -0.460630 0.787402 0.984252,
        -0.460630 0.787402 0.000000,
        -0.539370 0.787402 0.984252,
        -0.539370 0.787402 0.000000,
        -0.460630 -0.787402 0.984252,
        -0.539370 -0.787402 0.984252,
        -0.460630 -0.787402 0.000000,
        -0.539370 -0.787402 0.000000,
        -0.263780 -0.984252 0.984252,
        -0.263780 -0.984252 0.000000,
        0.263780 -0.984252 0.984252,
        0.263780 -0.984252 0.000000,
        0.460630 -0.787402 0.984252,
        0.460630 -0.787402 -0.000000,
        0.539370 -0.787402 0.984252,
        0.539370 -0.787402 0.000000,
        0.460630 0.787402 0.984252,
        0.539370 0.787402 0.984252,
        0.460630 0.787402 0.000000,
        0.539370 0.787402 0.000000,
        -9.125984 -0.374016 0.984252,
        -8.874015 -0.374016 0.984252,
        -8.500000 0.000000 0.984252,
        -8.125985 -0.374016 0.984252,
        -7.874016 -0.374016 0.984252,
        -7.500000 0.000000 0.984252,
        -7.125984 -0.374016 0.984252,
        -6.874015 -0.374016 0.984252,
        -6.500000 0.000000 0.984252,
        -6.125984 -0.374016 0.984252,
        -5.874016 -0.374016 0.984252,
        -5.500000 0.000000 0.984252,
        -3.125984 -0.374016 0.984252,
        -2.874016 -0.374016 0.984252,
        -2.500000 0.000000 0.984252,
        -2.125984 -0.374016 0.984252,
        -1.874016 -0.374016 0.984252,
        -1.500000 0.000000 0.984252,
        -1.125984 -0.374016 0.984252,
        -0.874016 -0.374016 0.984252,
        -0.500000 0.000000 0.984252,
        1.874016 -0.374016 0.984252,
        2.125984 -0.374016 0.984252,
        2.500000 0.000000 0.984252,
        2.874016 -0.374016 0.984252,
        3.125984 -0.374016 0.984252,
        3.500000 0.000000 0.984252,
        3.874016 -0.374016 0.984252,
        4.125984 -0.374016 0.984252,
        4.500000 0.000000 0.984252,
        4.874016 -0.374016 0.984252,
        5.125984 -0.374016 0.984252,
        5.500000 0.000000 0.984252,
        7.874016 -0.374016 0.984252,
        8.125985 -0.374016 0.984252,
        8.500000 0.000000 0.984252,
        8.874015 -0.374016 0.984252,
        9.125984 -0.374016 0.984252,
        9.500000 0.000000 0.984252,
        1.500000 0.000000 0.984252,
        1.500000 0.787402 0.984252,
        1.460630 0.787402 0.984252,
        0.125984 0.625984 0.984252,
        0.125984 0.374016 0.984252,
        0.874016 0.374016 0.984252,
        0.874016 0.625984 0.984252,
        -0.125984 0.374016 0.984252,
        -0.125984 0.625984 0.984252,
        1.125984 0.374016 0.984252,
        1.125984 0.625984 0.984252,
        1.263780 0.984252 0.984252,
        0.736220 0.984252 0.984252,
        2.500000 0.787402 0.984252,
        2.460630 0.787402 0.984252,
        2.125984 0.374016 0.984252,
        1.874016 0.374016 0.984252,
        1.874016 0.625984 0.984252,
        1.539370 0.787402 0.984252,
        1.736220 0.984252 0.984252,
        3.500000 0.787402 0.984252,
        3.460630 0.787402 0.984252,
        3.125984 0.374016 0.984252,
        2.874016 0.374016 0.984252,
        2.874016 0.625984 0.984252,
        2.539370 0.787402 0.984252,
        2.736220 0.984252 0.984252,
        4.500000 0.787402 0.984252,
        4.460630 0.787402 0.984252,
        4.125984 0.374016 0.984252,
        3.874016 0.374016 0.984252,
        3.874016 0.625984 0.984252,
        3.539370 0.787402 0.984252,
        3.736220 0.984252 0.984252,
        5.500000 0.787402 0.984252,
        5.460630 0.787402 0.984252,
        5.125984 0.374016 0.984252,
        4.874016 0.374016 0.984252,
        4.874016 0.625984 0.984252,
        4.539370 0.787402 0.984252,
        4.736220 0.984252 0.984252,
        7.500000 0.000000 0.984252,
        7.500000 0.787402 0.984252,
        7.460630 0.787402 0.984252,
        6.125984 0.374016 0.984252,
        5.874016 0.374016 0.984252,
        6.125984 0.625984 0.984252,
        6.539370 0.787402 0.984252,
        6.874015 0.374016 0.984252,
        6.874015 0.625984 0.984252,
        7.125984 0.374016 0.984252,
        7.125984 0.625984 0.984252,
        7.263779 0.984252 0.984252,
        6.736220 0.984252 0.984252,
        5.874016 0.625984 0.984252,
        5.539370 0.787402 0.984252,
        6.460630 0.787402 0.984252,
        6.263780 0.984252 0.984252,
        5.736220 0.984252 0.984252,
        8.500000 0.787402 0.984252,
        8.460630 0.787402 0.984252,
        8.125985 0.374016 0.984252,
        7.874016 0.374016 0.984252,
        7.874016 0.625984 0.984252,
        7.539370 0.787402 0.984252,
        7.736220 0.984252 0.984252,
        9.500000 0.787402 0.984252,
        9.460630 0.787402 0.984252,
        9.125984 0.374016 0.984252,
        8.874015 0.374016 0.984252,
        8.874015 0.625984 0.984252,
        8.539370 0.787402 0.984252,
        8.736221 0.984252 0.984252,
        9.874016 0.374016 0.984252,
        10.125985 0.374016 0.984252,
        10.312993 0.000000 0.984252,
        10.125985 0.625984 0.984252,
        9.874016 0.625984 0.984252,
        9.539370 0.787402 0.984252,
        10.500000 0.000000 0.984252,
        10.500000 0.787402 0.984252,
        10.460630 0.787402 0.984252,
        10.312993 0.935039 0.984252,
        10.263780 0.984252 0.984252,
        9.736221 0.984252 0.984252,
        10.312993 -0.805118 0.984252,
        9.557087 -0.805118 0.984252,
        9.736221 -0.984252 0.984252,
        10.500000 -0.787402 0.984252,
        10.460630 -0.787402 0.984252,
        10.442913 -0.805118 0.984252,
        10.312993 -0.935039 0.984252,
        10.263780 -0.984252 0.984252,
        9.263780 0.984252 0.984252,
        9.125984 0.625984 0.984252,
        8.557086 -0.805118 0.984252,
        8.736221 -0.984252 0.984252,
        9.442914 -0.805118 0.984252,
        9.263780 -0.984252 0.984252,
        8.263780 0.984252 0.984252,
        8.125985 0.625984 0.984252,
        7.557087 -0.805118 0.984252,
        7.736220 -0.984252 0.984252,
        8.442913 -0.805118 0.984252,
        8.263780 -0.984252 0.984252,
        9.874016 -0.374016 0.984252,
        10.125985 -0.374016 0.984252,
        10.125985 -0.625984 0.984252,
        9.874016 -0.625984 0.984252,
        9.539370 -0.787402 0.984252,
        9.500000 -0.787402 0.984252,
        9.460630 -0.787402 0.984252,
        9.125984 -0.625984 0.984252,
        8.874015 -0.625984 0.984252,
        8.539370 -0.787402 0.984252,
        8.500000 -0.787402 0.984252,
        8.460630 -0.787402 0.984252,
        8.125985 -0.625984 0.984252,
        7.874016 -0.625984 0.984252,
        7.539370 -0.787402 0.984252,
        7.500000 -0.787402 0.984252,
        7.460630 -0.787402 0.984252,
        6.874015 -0.625984 0.984252,
        6.539370 -0.787402 0.984252,
        6.557087 -0.805118 0.984252,
        7.125984 -0.374016 0.984252,
        7.125984 -0.625984 0.984252,
        7.442914 -0.805118 0.984252,
        6.125984 -0.374016 0.984252,
        6.874015 -0.374016 0.984252,
        5.874016 -0.374016 0.984252,
        6.736220 -0.984252 0.984252,
        7.263779 -0.984252 0.984252,
        5.557087 -0.805118 0.984252,
        5.736220 -0.984252 0.984252,
        6.442913 -0.805118 0.984252,
        6.263780 -0.984252 0.984252,
        5.263780 0.984252 0.984252,
        5.125984 0.625984 0.984252,
        4.557087 -0.805118 0.984252,
        4.736220 -0.984252 0.984252,
        5.442913 -0.805118 0.984252,
        5.263780 -0.984252 0.984252,
        4.263780 0.984252 0.984252,
        4.125984 0.625984 0.984252,
        3.557087 -0.805118 0.984252,
        3.736220 -0.984252 0.984252,
        4.442913 -0.805118 0.984252,
        4.263780 -0.984252 0.984252,
        3.263780 0.984252 0.984252,
        3.125984 0.625984 0.984252,
        2.557087 -0.805118 0.984252,
        2.736220 -0.984252 0.984252,
        3.442913 -0.805118 0.984252,
        3.263780 -0.984252 0.984252,
        2.263780 0.984252 0.984252,
        2.125984 0.625984 0.984252,
        1.557087 -0.805118 0.984252,
        1.736220 -0.984252 0.984252,
        2.442913 -0.805118 0.984252,
        2.263780 -0.984252 0.984252,
        6.460630 -0.787402 0.984252,
        6.125984 -0.625984 0.984252,
        5.874016 -0.625984 0.984252,
        5.539370 -0.787402 0.984252,
        5.500000 -0.787402 0.984252,
        5.460630 -0.787402 0.984252,
        5.125984 -0.625984 0.984252,
        4.874016 -0.625984 0.984252,
        4.539370 -0.787402 0.984252,
        4.500000 -0.787402 0.984252,
        4.460630 -0.787402 0.984252,
        4.125984 -0.625984 0.984252,
        3.874016 -0.625984 0.984252,
        3.539370 -0.787402 0.984252,
        3.500000 -0.787402 0.984252,
        3.460630 -0.787402 0.984252,
        3.125984 -0.625984 0.984252,
        2.874016 -0.625984 0.984252,
        2.539370 -0.787402 0.984252,
        2.500000 -0.787402 0.984252,
        2.460630 -0.787402 0.984252,
        2.125984 -0.625984 0.984252,
        1.874016 -0.625984 0.984252,
        1.539370 -0.787402 0.984252,
        1.500000 -0.787402 0.984252,
        1.460630 -0.787402 0.984252,
        1.125984 -0.374016 0.984252,
        1.125984 -0.625984 0.984252,
        1.442913 -0.805118 0.984252,
        0.874016 -0.625984 0.984252,
        0.125984 -0.374016 0.984252,
        0.874016 -0.374016 0.984252,
        -0.125984 -0.374016 0.984252,
        0.557087 -0.805118 0.984252,
        0.736220 -0.984252 0.984252,
        1.263780 -0.984252 0.984252,
        -0.442913 -0.805118 0.984252,
        0.442913 -0.805118 0.984252,
        -0.874016 -0.625984 0.984252,
        -0.557087 -0.805118 0.984252,
        -0.500000 -0.787402 0.984252,
        -0.125984 -0.625984 0.984252,
        0.125984 -0.625984 0.984252,
        -1.125984 -0.625984 0.984252,
        -1.442913 -0.805118 0.984252,
        -1.460630 -0.787402 0.984252,
        -1.500000 -0.787402 0.984252,
        -1.263780 -0.984252 0.984252,
        -0.736220 -0.984252 0.984252,
        -1.539370 -0.787402 0.984252,
        -1.557087 -0.805118 0.984252,
        -1.874016 -0.625984 0.984252,
        -2.125984 -0.625984 0.984252,
        -2.442913 -0.805118 0.984252,
        -2.460630 -0.787402 0.984252,
        -2.500000 -0.787402 0.984252,
        -2.263780 -0.984252 0.984252,
        -1.736220 -0.984252 0.984252,
        -2.539370 -0.787402 0.984252,
        -2.557087 -0.805118 0.984252,
        -2.874016 -0.625984 0.984252,
        -3.125984 -0.625984 0.984252,
        -3.442913 -0.805118 0.984252,
        -3.460630 -0.787402 0.984252,
        -3.500000 -0.787402 0.984252,
        -3.263780 -0.984252 0.984252,
        -2.736220 -0.984252 0.984252,
        -5.125984 -0.374016 0.984252,
        -4.874016 -0.374016 0.984252,
        -3.500000 0.000000 0.984252,
        -4.125984 -0.374016 0.984252,
        -3.874016 -0.374016 0.984252,
        -4.442913 -0.805118 0.984252,
        -4.263780 -0.984252 0.984252,
        -3.557087 -0.805118 0.984252,
        -3.736220 -0.984252 0.984252,
        -5.442913 -0.805118 0.984252,
        -5.263780 -0.984252 0.984252,
        -4.557087 -0.805118 0.984252,
        -4.736220 -0.984252 0.984252,
        -3.539370 -0.787402 0.984252,
        -3.874016 -0.625984 0.984252,
        -4.125984 -0.625984 0.984252,
        -4.460630 -0.787402 0.984252,
        -4.539370 -0.787402 0.984252,
        -4.874016 -0.625984 0.984252,
        -5.125984 -0.625984 0.984252,
        -5.460630 -0.787402 0.984252,
        -5.500000 -0.787402 0.984252,
        -5.539370 -0.787402 0.984252,
        -5.557087 -0.805118 0.984252,
        -5.874016 -0.625984 0.984252,
        -6.125984 -0.625984 0.984252,
        -6.442913 -0.805118 0.984252,
        -6.460630 -0.787402 0.984252,
        -6.500000 -0.787402 0.984252,
        -6.263780 -0.984252 0.984252,
        -5.736220 -0.984252 0.984252,
        -6.539370 -0.787402 0.984252,
        -6.557087 -0.805118 0.984252,
        -6.874015 -0.625984 0.984252,
        -7.125984 -0.625984 0.984252,
        -7.442914 -0.805118 0.984252,
        -7.460630 -0.787402 0.984252,
        -7.500000 -0.787402 0.984252,
        -7.263779 -0.984252 0.984252,
        -6.736220 -0.984252 0.984252,
        -7.539370 -0.787402 0.984252,
        -7.557087 -0.805118 0.984252,
        -7.874016 -0.625984 0.984252,
        -8.125985 -0.625984 0.984252,
        -8.442913 -0.805118 0.984252,
        -8.460630 -0.787402 0.984252,
        -8.500000 -0.787402 0.984252,
        -8.263780 -0.984252 0.984252,
        -7.736220 -0.984252 0.984252,
        -8.539370 -0.787402 0.984252,
        -8.557086 -0.805118 0.984252,
        -8.874015 -0.625984 0.984252,
        -9.125984 -0.625984 0.984252,
        -9.442914 -0.805118 0.984252,
        -9.460630 -0.787402 0.984252,
        -9.500000 -0.787402 0.984252,
        -9.263780 -0.984252 0.984252,
        -8.736221 -0.984252 0.984252,
        -9.539370 -0.787402 0.984252,
        -9.500000 0.000000 0.984252,
        -9.874016 -0.374016 0.984252,
        -9.874016 -0.625984 0.984252,
        -9.557087 -0.805118 0.984252,
        -11.500000 0.000000 0.984252,
        -10.874016 -0.374016 0.984252,
        -11.125984 -0.374016 0.984252,
        -10.125985 -0.374016 0.984252,
        -11.500000 -0.787402 0.984252,
        -11.460630 -0.787402 0.984252,
        -11.125984 -0.625984 0.984252,
        -11.442914 -0.805118 0.984252,
        -10.874016 -0.625984 0.984252,
        -10.557087 -0.805118 0.984252,
        -10.539370 -0.787402 0.984252,
        -10.460630 -0.787402 0.984252,
        -10.125985 -0.625984 0.984252,
        -10.442913 -0.805118 0.984252,
        -10.263780 -0.984252 0.984252,
        -9.736221 -0.984252 0.984252,
        -11.263780 -0.984252 0.984252,
        -10.736220 -0.984252 0.984252,
        -9.500000 0.787402 0.984252,
        -9.539370 0.787402 0.984252,
        -10.874016 0.374016 0.984252,
        -11.125984 0.374016 0.984252,
        -10.874016 0.625984 0.984252,
        -10.460630 0.787402 0.984252,
        -10.125985 0.374016 0.984252,
        -10.125985 0.625984 0.984252,
        -9.874016 0.374016 0.984252,
        -9.874016 0.625984 0.984252,
        -9.736221 0.984252 0.984252,
        -10.263780 0.984252 0.984252,
        -11.125984 0.625984 0.984252,
        -11.460630 0.787402 0.984252,
        -11.500000 0.787402 0.984252,
        -10.539370 0.787402 0.984252,
        -10.736220 0.984252 0.984252,
        -11.263780 0.984252 0.984252,
        -8.500000 0.787402 0.984252,
        -8.539370 0.787402 0.984252,
        -8.874015 0.374016 0.984252,
        -9.125984 0.374016 0.984252,
        -9.125984 0.625984 0.984252,
        -9.460630 0.787402 0.984252,
        -8.874015 0.625984 0.984252,
        -8.736221 0.984252 0.984252,
        -9.263780 0.984252 0.984252,
        -7.500000 0.787402 0.984252,
        -7.539370 0.787402 0.984252,
        -7.874016 0.374016 0.984252,
        -8.125985 0.374016 0.984252,
        -8.125985 0.625984 0.984252,
        -8.460630 0.787402 0.984252,
        -7.874016 0.625984 0.984252,
        -7.736220 0.984252 0.984252,
        -8.263780 0.984252 0.984252,
        -6.500000 0.787402 0.984252,
        -6.539370 0.787402 0.984252,
        -6.874015 0.374016 0.984252,
        -7.125984 0.374016 0.984252,
        -7.125984 0.625984 0.984252,
        -7.460630 0.787402 0.984252,
        -6.874015 0.625984 0.984252,
        -6.736220 0.984252 0.984252,
        -7.263779 0.984252 0.984252,
        -5.500000 0.787402 0.984252,
        -5.539370 0.787402 0.984252,
        -5.874016 0.374016 0.984252,
        -6.125984 0.374016 0.984252,
        -6.125984 0.625984 0.984252,
        -6.460630 0.787402 0.984252,
        -5.874016 0.625984 0.984252,
        -5.736220 0.984252 0.984252,
        -6.263780 0.984252 0.984252,
        -3.500000 0.787402 0.984252,
        -3.539370 0.787402 0.984252,
        -4.874016 0.374016 0.984252,
        -5.125984 0.374016 0.984252,
        -4.874016 0.625984 0.984252,
        -4.460630 0.787402 0.984252,
        -4.125984 0.374016 0.984252,
        -4.125984 0.625984 0.984252,
        -3.874016 0.374016 0.984252,
        -3.874016 0.625984 0.984252,
        -3.736220 0.984252 0.984252,
        -4.263780 0.984252 0.984252,
        -5.125984 0.625984 0.984252,
        -5.460630 0.787402 0.984252,
        -4.539370 0.787402 0.984252,
        -4.736220 0.984252 0.984252,
        -5.263780 0.984252 0.984252,
        -2.500000 0.787402 0.984252,
        -2.539370 0.787402 0.984252,
        -2.874016 0.374016 0.984252,
        -3.125984 0.374016 0.984252,
        -3.125984 0.625984 0.984252,
        -3.460630 0.787402 0.984252,
        -2.874016 0.625984 0.984252,
        -2.736220 0.984252 0.984252,
        -3.263780 0.984252 0.984252,
        -1.500000 0.787402 0.984252,
        -1.539370 0.787402 0.984252,
        -1.874016 0.374016 0.984252,
        -2.125984 0.374016 0.984252,
        -2.125984 0.625984 0.984252,
        -2.460630 0.787402 0.984252,
        -1.874016 0.625984 0.984252,
        -1.736220 0.984252 0.984252,
        -2.263780 0.984252 0.984252,
        -0.500000 0.787402 0.984252,
        -0.874016 0.374016 0.984252,
        -1.125984 0.374016 0.984252,
        -1.125984 0.625984 0.984252,
        -1.460630 0.787402 0.984252,
        -0.874016 0.625984 0.984252,
        -0.736220 0.984252 0.984252,
        -1.263780 0.984252 0.984252,
        6.125984 0.625984 0.000000,
        5.874016 0.625984 0.000000,
        5.500000 0.647638 0.000000,
        10.263780 0.984252 0.000000,
        10.312993 0.935039 0.000000,
        10.312993 0.647638 0.000000,
        10.460630 0.787402 0.000000,
        10.500000 0.787402 0.000000,
        10.500000 0.647638 0.000000,
        0.736220 0.984252 0.000000,
        1.263780 0.984252 0.000000,
        0.500000 0.669291 0.000000,
        1.460630 0.787402 0.000000,
        0.500000 0.647638 0.000000,
        1.500000 0.647638 0.000000,
        -0.500000 0.669291 0.000000,
        1.125984 0.374016 0.000000,
        1.500000 0.000000 0.000000,
        0.874016 0.374016 0.000000,
        0.500000 0.000000 0.000000,
        0.874016 0.625984 0.000000,
        1.125984 0.625984 0.000000,
        0.500000 -0.647638 0.000000,
        0.874016 -0.625984 0.000000,
        1.125984 -0.625984 0.000000,
        0.500000 -0.669291 0.000000,
        1.539370 -0.787402 0.000000,
        1.500000 -0.787402 0.000000,
        1.500000 -0.647638 0.000000,
        1.460630 -0.787402 0.000000,
        1.263780 -0.984252 0.000000,
        0.736220 -0.984252 0.000000,
        -0.500000 -0.669291 0.000000,
        0.874016 -0.374016 0.000000,
        1.125984 -0.374016 0.000000,
        -0.687008 -0.935039 0.000000,
        -0.500000 -0.647638 0.000000,
        -0.687008 -0.647638 0.000000,
        -0.500000 0.000000 0.000000,
        -0.687008 0.000000 0.000000,
        -0.500000 0.647638 0.000000,
        -0.687008 0.647638 0.000000,
        -0.687008 0.935039 0.000000,
        -1.460630 0.787402 0.000000,
        -1.263780 0.984252 0.000000,
        -0.736220 0.984252 0.000000,
        -1.500000 0.647638 0.000000,
        -2.500000 0.647638 0.000000,
        -2.460630 0.787402 0.000000,
        -2.263780 0.984252 0.000000,
        -1.736220 0.984252 0.000000,
        -1.539370 0.787402 0.000000,
        -1.500000 0.787402 0.000000,
        -3.500000 0.647638 0.000000,
        -3.460630 0.787402 0.000000,
        -3.263780 0.984252 0.000000,
        -2.736220 0.984252 0.000000,
        -2.539370 0.787402 0.000000,
        -2.500000 0.787402 0.000000,
        -5.460630 0.787402 0.000000,
        -5.263780 0.984252 0.000000,
        -4.736220 0.984252 0.000000,
        -5.539370 0.787402 0.000000,
        -5.500000 0.787402 0.000000,
        -5.500000 0.647638 0.000000,
        -4.539370 0.787402 0.000000,
        -4.263780 0.984252 0.000000,
        -3.736220 0.984252 0.000000,
        -4.460630 0.787402 0.000000,
        -3.539370 0.787402 0.000000,
        -3.500000 0.787402 0.000000,
        -6.539370 0.787402 0.000000,
        -6.500000 0.787402 0.000000,
        -6.500000 0.647638 0.000000,
        -6.460630 0.787402 0.000000,
        -6.263780 0.984252 0.000000,
        -5.736220 0.984252 0.000000,
        -7.539370 0.787402 0.000000,
        -7.500000 0.787402 0.000000,
        -7.500000 0.647638 0.000000,
        -7.460630 0.787402 0.000000,
        -7.263779 0.984252 0.000000,
        -6.736220 0.984252 0.000000,
        -8.460630 0.787402 0.000000,
        -8.263780 0.984252 0.000000,
        -7.736220 0.984252 0.000000,
        -8.500000 0.647638 0.000000,
        -9.500000 0.647638 0.000000,
        -9.460630 0.787402 0.000000,
        -9.263780 0.984252 0.000000,
        -8.736221 0.984252 0.000000,
        -8.539370 0.787402 0.000000,
        -8.500000 0.787402 0.000000,
        -11.500000 0.647638 0.000000,
        -11.500000 0.787402 0.000000,
        -11.460630 0.787402 0.000000,
        -11.263780 0.984252 0.000000,
        -10.736220 0.984252 0.000000,
        -10.539370 0.787402 0.000000,
        -10.263780 0.984252 0.000000,
        -9.736221 0.984252 0.000000,
        -10.460630 0.787402 0.000000,
        -9.539370 0.787402 0.000000,
        -9.500000 0.787402 0.000000,
        -10.460630 -0.787402 0.000000,
        -10.539370 -0.787402 0.000000,
        -11.500000 -0.647638 0.000000,
        -10.736220 -0.984252 0.000000,
        -11.263780 -0.984252 0.000000,
        -11.460630 -0.787402 0.000000,
        -11.500000 -0.787402 0.000000,
        -9.500000 -0.647638 0.000000,
        -8.500000 -0.647638 0.000000,
        -8.539370 -0.787402 0.000000,
        -8.736221 -0.984252 0.000000,
        -9.263780 -0.984252 0.000000,
        -9.460630 -0.787402 0.000000,
        -9.500000 -0.787402 0.000000,
        -9.539370 -0.787402 0.000000,
        -7.500000 -0.647638 0.000000,
        -7.539370 -0.787402 0.000000,
        -7.736220 -0.984252 0.000000,
        -8.263780 -0.984252 0.000000,
        -8.460630 -0.787402 0.000000,
        -8.500000 -0.787402 0.000000,
        -6.500000 -0.647638 0.000000,
        -6.539370 -0.787402 0.000000,
        -6.736220 -0.984252 0.000000,
        -7.263779 -0.984252 0.000000,
        -7.460630 -0.787402 0.000000,
        -7.500000 -0.787402 0.000000,
        -5.500000 -0.647638 0.000000,
        -5.539370 -0.787402 0.000000,
        -5.736220 -0.984252 0.000000,
        -6.263780 -0.984252 0.000000,
        -6.460630 -0.787402 0.000000,
        -6.500000 -0.787402 0.000000,
        -3.460630 -0.787402 0.000000,
        -3.500000 -0.787402 0.000000,
        -3.500000 -0.647638 0.000000,
        -3.539370 -0.787402 0.000000,
        -4.460630 -0.787402 0.000000,
        -4.539370 -0.787402 0.000000,
        -4.736220 -0.984252 0.000000,
        -5.263780 -0.984252 0.000000,
        -5.460630 -0.787402 0.000000,
        -5.500000 -0.787402 0.000000,
        -2.460630 -0.787402 0.000000,
        -2.500000 -0.787402 0.000000,
        -2.500000 -0.647638 0.000000,
        -2.539370 -0.787402 0.000000,
        -2.736220 -0.984252 0.000000,
        -3.263780 -0.984252 0.000000,
        -1.539370 -0.787402 0.000000,
        -1.736220 -0.984252 0.000000,
        -2.263780 -0.984252 0.000000,
        -0.736220 -0.984252 0.000000,
        -1.263780 -0.984252 0.000000,
        -1.460630 -0.787402 0.000000,
        -1.500000 -0.647638 0.000000,
        -1.500000 -0.787402 0.000000,
        2.539370 -0.787402 0.000000,
        2.500000 -0.787402 0.000000,
        2.500000 -0.647638 0.000000,
        2.460630 -0.787402 0.000000,
        2.263780 -0.984252 0.000000,
        1.736220 -0.984252 0.000000,
        3.539370 -0.787402 0.000000,
        3.500000 -0.787402 0.000000,
        3.500000 -0.647638 0.000000,
        3.460630 -0.787402 0.000000,
        3.263780 -0.984252 0.000000,
        2.736220 -0.984252 0.000000,
        4.539370 -0.787402 0.000000,
        4.500000 -0.787402 0.000000,
        4.500000 -0.647638 0.000000,
        4.460630 -0.787402 0.000000,
        4.263780 -0.984252 0.000000,
        3.736220 -0.984252 0.000000,
        5.460630 -0.787402 0.000000,
        5.263780 -0.984252 0.000000,
        4.736220 -0.984252 0.000000,
        7.539370 -0.787402 0.000000,
        7.500000 -0.787402 0.000000,
        7.500000 -0.647638 0.000000,
        7.460630 -0.787402 0.000000,
        6.539370 -0.787402 0.000000,
        6.460630 -0.787402 0.000000,
        5.500000 -0.647638 0.000000,
        6.263780 -0.984252 0.000000,
        5.736220 -0.984252 0.000000,
        5.539370 -0.787402 0.000000,
        5.500000 -0.787402 0.000000,
        8.539370 -0.787402 0.000000,
        8.500000 -0.787402 0.000000,
        8.500000 -0.647638 0.000000,
        8.460630 -0.787402 0.000000,
        8.263780 -0.984252 0.000000,
        7.736220 -0.984252 0.000000,
        9.460630 -0.787402 0.000000,
        9.263780 -0.984252 0.000000,
        8.736221 -0.984252 0.000000,
        10.263780 -0.984252 0.000000,
        9.736221 -0.984252 0.000000,
        10.312993 -0.647638 0.000000,
        9.539370 -0.787402 0.000000,
        9.500000 -0.647638 0.000000,
        9.500000 -0.787402 0.000000,
        10.500000 -0.787402 0.000000,
        10.460630 -0.787402 0.000000,
        10.312993 -0.935039 0.000000,
        9.736221 0.984252 0.000000,
        9.500000 0.647638 0.000000,
        8.500000 0.647638 0.000000,
        8.539370 0.787402 0.000000,
        8.736221 0.984252 0.000000,
        9.263780 0.984252 0.000000,
        9.460630 0.787402 0.000000,
        9.500000 0.787402 0.000000,
        9.539370 0.787402 0.000000,
        7.500000 0.647638 0.000000,
        7.539370 0.787402 0.000000,
        7.736220 0.984252 0.000000,
        8.263780 0.984252 0.000000,
        8.460630 0.787402 0.000000,
        8.500000 0.787402 0.000000,
        6.460630 0.787402 0.000000,
        6.539370 0.787402 0.000000,
        6.736220 0.984252 0.000000,
        7.263779 0.984252 0.000000,
        7.460630 0.787402 0.000000,
        7.500000 0.787402 0.000000,
        4.500000 0.647638 0.000000,
        4.539370 0.787402 0.000000,
        4.736220 0.984252 0.000000,
        5.263780 0.984252 0.000000,
        5.460630 0.787402 0.000000,
        5.500000 0.787402 0.000000,
        5.539370 0.787402 0.000000,
        3.500000 0.647638 0.000000,
        3.539370 0.787402 0.000000,
        3.736220 0.984252 0.000000,
        4.263780 0.984252 0.000000,
        4.460630 0.787402 0.000000,
        4.500000 0.787402 0.000000,
        2.500000 0.647638 0.000000,
        2.539370 0.787402 0.000000,
        2.736220 0.984252 0.000000,
        3.263780 0.984252 0.000000,
        3.460630 0.787402 0.000000,
        3.500000 0.787402 0.000000,
        1.500000 0.787402 0.000000,
        1.539370 0.787402 0.000000,
        1.736220 0.984252 0.000000,
        2.263780 0.984252 0.000000,
        2.460630 0.787402 0.000000,
        2.500000 0.787402 0.000000,
        -10.874016 0.374016 0.000000,
        -10.874016 0.625984 0.000000,
        -9.500000 0.000000 0.000000,
        -9.874016 0.625984 0.000000,
        -10.125985 0.625984 0.000000,
        -11.125984 0.374016 0.000000,
        -11.500000 0.000000 0.000000,
        -11.125984 0.625984 0.000000,
        -9.874016 0.374016 0.000000,
        -10.125985 0.374016 0.000000,
        -8.874015 0.625984 0.000000,
        -9.125984 0.625984 0.000000,
        -9.125984 0.374016 0.000000,
        -8.500000 0.000000 0.000000,
        -8.874015 0.374016 0.000000,
        -8.125985 0.625984 0.000000,
        -7.874016 0.625984 0.000000,
        -8.125985 0.374016 0.000000,
        -7.874016 0.374016 0.000000,
        -7.500000 0.000000 0.000000,
        -7.125984 0.625984 0.000000,
        -6.874015 0.625984 0.000000,
        -7.125984 0.374016 0.000000,
        -6.874015 0.374016 0.000000,
        -6.500000 0.000000 0.000000,
        -5.874016 0.374016 0.000000,
        -5.874016 0.625984 0.000000,
        -6.125984 0.625984 0.000000,
        -4.874016 0.374016 0.000000,
        -4.874016 0.625984 0.000000,
        -3.500000 0.000000 0.000000,
        -3.874016 0.625984 0.000000,
        -4.125984 0.625984 0.000000,
        -5.125984 0.625984 0.000000,
        -5.125984 0.374016 0.000000,
        -5.500000 0.000000 0.000000,
        -6.125984 0.374016 0.000000,
        -3.874016 0.374016 0.000000,
        -4.125984 0.374016 0.000000,
        -2.874016 0.374016 0.000000,
        -2.500000 0.000000 0.000000,
        -3.125984 0.374016 0.000000,
        -3.125984 0.625984 0.000000,
        -2.874016 0.625984 0.000000,
        -1.874016 0.374016 0.000000,
        -1.500000 0.000000 0.000000,
        -2.125984 0.374016 0.000000,
        -2.125984 0.625984 0.000000,
        -1.874016 0.625984 0.000000,
        -1.125984 0.625984 0.000000,
        -1.125984 0.374016 0.000000,
        -0.874016 0.374016 0.000000,
        -0.874016 0.625984 0.000000,
        2.125984 0.374016 0.000000,
        2.500000 0.000000 0.000000,
        1.874016 0.374016 0.000000,
        1.874016 0.625984 0.000000,
        2.125984 0.625984 0.000000,
        3.125984 0.374016 0.000000,
        3.500000 0.000000 0.000000,
        2.874016 0.374016 0.000000,
        2.874016 0.625984 0.000000,
        3.125984 0.625984 0.000000,
        4.125984 0.374016 0.000000,
        4.500000 0.000000 0.000000,
        3.874016 0.374016 0.000000,
        3.874016 0.625984 0.000000,
        4.125984 0.625984 0.000000,
        5.125984 0.374016 0.000000,
        5.500000 0.000000 0.000000,
        4.874016 0.374016 0.000000,
        4.874016 0.625984 0.000000,
        5.125984 0.625984 0.000000,
        5.874016 0.374016 0.000000,
        5.736220 0.984252 0.000000,
        6.263780 0.984252 0.000000,
        6.874015 0.625984 0.000000,
        6.125984 0.374016 0.000000,
        6.874015 0.374016 0.000000,
        7.500000 0.000000 0.000000,
        7.125984 0.374016 0.000000,
        7.125984 0.625984 0.000000,
        8.125985 0.374016 0.000000,
        8.500000 0.000000 0.000000,
        7.874016 0.374016 0.000000,
        7.874016 0.625984 0.000000,
        8.125985 0.625984 0.000000,
        9.125984 0.374016 0.000000,
        9.500000 0.000000 0.000000,
        8.874015 0.374016 0.000000,
        8.874015 0.625984 0.000000,
        9.125984 0.625984 0.000000,
        10.125985 0.625984 0.000000,
        9.874016 0.625984 0.000000,
        10.125985 0.374016 0.000000,
        10.312993 0.000000 0.000000,
        9.874016 0.374016 0.000000,
        -10.125985 -0.625984 0.000000,
        -9.874016 -0.625984 0.000000,
        -11.125984 -0.625984 0.000000,
        -10.874016 -0.625984 0.000000,
        -9.874016 -0.374016 0.000000,
        -10.125985 -0.374016 0.000000,
        -11.125984 -0.374016 0.000000,
        -10.874016 -0.374016 0.000000,
        -10.263780 -0.984252 0.000000,
        -9.736221 -0.984252 0.000000,
        -8.874015 -0.625984 0.000000,
        -8.874015 -0.374016 0.000000,
        -9.125984 -0.374016 0.000000,
        -7.874016 -0.625984 0.000000,
        -7.874016 -0.374016 0.000000,
        -8.125985 -0.374016 0.000000,
        -9.125984 -0.625984 0.000000,
        -6.874015 -0.625984 0.000000,
        -6.874015 -0.374016 0.000000,
        -7.125984 -0.374016 0.000000,
        -8.125985 -0.625984 0.000000,
        -5.874016 -0.625984 0.000000,
        -5.874016 -0.374016 0.000000,
        -6.125984 -0.374016 0.000000,
        -7.125984 -0.625984 0.000000,
        -4.125984 -0.625984 0.000000,
        -3.874016 -0.625984 0.000000,
        -5.125984 -0.374016 0.000000,
        -5.125984 -0.625984 0.000000,
        -4.874016 -0.625984 0.000000,
        -3.874016 -0.374016 0.000000,
        -4.125984 -0.374016 0.000000,
        -4.874016 -0.374016 0.000000,
        -6.125984 -0.625984 0.000000,
        -4.263780 -0.984252 0.000000,
        -3.736220 -0.984252 0.000000,
        -2.874016 -0.625984 0.000000,
        -2.874016 -0.374016 0.000000,
        -3.125984 -0.374016 0.000000,
        -3.125984 -0.625984 0.000000,
        -1.874016 -0.625984 0.000000,
        -1.874016 -0.374016 0.000000,
        -2.125984 -0.374016 0.000000,
        -2.125984 -0.625984 0.000000,
        -1.125984 -0.374016 0.000000,
        -0.874016 -0.374016 0.000000,
        -0.874016 -0.625984 0.000000,
        -1.125984 -0.625984 0.000000,
        2.125984 -0.625984 0.000000,
        2.125984 -0.374016 0.000000,
        1.874016 -0.374016 0.000000,
        1.874016 -0.625984 0.000000,
        3.125984 -0.625984 0.000000,
        3.125984 -0.374016 0.000000,
        2.874016 -0.374016 0.000000,
        2.874016 -0.625984 0.000000,
        4.125984 -0.625984 0.000000,
        4.125984 -0.374016 0.000000,
        3.874016 -0.374016 0.000000,
        3.874016 -0.625984 0.000000,
        5.125984 -0.625984 0.000000,
        5.125984 -0.374016 0.000000,
        4.874016 -0.374016 0.000000,
        4.874016 -0.625984 0.000000,
        7.125984 -0.374016 0.000000,
        7.125984 -0.625984 0.000000,
        6.874015 -0.625984 0.000000,
        7.263779 -0.984252 0.000000,
        6.736220 -0.984252 0.000000,
        6.125984 -0.625984 0.000000,
        6.874015 -0.374016 0.000000,
        6.125984 -0.374016 0.000000,
        5.874016 -0.374016 0.000000,
        5.874016 -0.625984 0.000000,
        8.125985 -0.625984 0.000000,
        8.125985 -0.374016 0.000000,
        7.874016 -0.374016 0.000000,
        7.874016 -0.625984 0.000000,
        9.125984 -0.625984 0.000000,
        9.125984 -0.374016 0.000000,
        8.874015 -0.374016 0.000000,
        8.874015 -0.625984 0.000000,
        9.874016 -0.374016 0.000000,
        10.125985 -0.374016 0.000000,
        10.125985 -0.625984 0.000000,
        9.874016 -0.625984 0.000000,
        10.500000 0.000000 0.000000,
        10.500000 -0.647638 0.000000,
      ]
    }
    coordIndex [
      0, 1, 2, -1,
      3, 4, 5, -1,
      6, 7, 8, -1,
      5, 4, 9, -1,
      9, 4, 10, -1,
      9, 10, 11, -1,
      8, 7, 12, -1,
      12, 7, 13, -1,
      12, 13, 14, -1,
      14, 13, 15, -1,
      14, 15, 16, -1,
      17, 18, 19, -1,
      19, 18, 20, -1,
      21, 22, 23, -1,
      24, 25, 21, -1,
      21, 25, 26, -1,
      21, 26, 22, -1,
      20, 27, 19, -1,
      19, 27, 28, -1,
      19, 28, 29, -1,
      29, 28, 30, -1,
      29, 30, 24, -1,
      24, 30, 31, -1,
      24, 31, 25, -1,
      23, 32, 21, -1,
      21, 32, 33, -1,
      21, 33, 34, -1,
      34, 33, 35, -1,
      34, 35, 36, -1,
      17, 19, 37, -1,
      37, 19, 38, -1,
      37, 38, 39, -1,
      36, 40, 34, -1,
      34, 40, 41, -1,
      34, 41, 38, -1,
      38, 41, 42, -1,
      38, 42, 39, -1,
      43, 44, 45, -1,
      45, 44, 46, -1,
      45, 46, 47, -1,
      43, 48, 49, -1,
      49, 50, 43, -1,
      43, 50, 51, -1,
      43, 51, 44, -1,
      44, 51, 52, -1,
      44, 52, 53, -1,
      53, 52, 54, -1,
      53, 54, 55, -1,
      55, 56, 53, -1,
      53, 56, 57, -1,
      53, 57, 58, -1,
      59, 60, 53, -1,
      53, 60, 61, -1,
      62, 63, 64, -1,
      64, 63, 65, -1,
      61, 66, 53, -1,
      53, 66, 65, -1,
      53, 65, 67, -1,
      67, 65, 63, -1,
      58, 68, 53, -1,
      53, 68, 69, -1,
      53, 69, 59, -1,
      70, 71, 72, -1,
      73, 74, 75, -1,
      75, 74, 76, -1,
      76, 77, 75, -1,
      75, 77, 78, -1,
      75, 78, 79, -1,
      72, 80, 70, -1,
      70, 80, 75, -1,
      70, 75, 81, -1,
      81, 75, 79, -1,
      82, 73, 83, -1,
      84, 85, 86, -1,
      86, 85, 87, -1,
      88, 89, 90, -1,
      90, 89, 91, -1,
      90, 91, 84, -1,
      92, 93, 10, -1,
      10, 93, 94, -1,
      10, 94, 11, -1,
      11, 94, 16, -1,
      11, 16, 95, -1,
      95, 16, 15, -1,
      93, 96, 94, -1,
      94, 96, 97, -1,
      94, 97, 90, -1,
      90, 97, 98, -1,
      90, 98, 88, -1,
      99, 100, 101, -1,
      101, 100, 102, -1,
      101, 102, 103, -1,
      103, 102, 8, -1,
      103, 8, 104, -1,
      104, 8, 12, -1,
      104, 12, 105, -1,
      105, 12, 14, -1,
      105, 14, 106, -1,
      106, 14, 16, -1,
      100, 107, 102, -1,
      102, 107, 108, -1,
      102, 108, 8, -1,
      8, 108, 3, -1,
      8, 3, 6, -1,
      6, 3, 5, -1,
      84, 86, 90, -1,
      90, 86, 109, -1,
      90, 109, 94, -1,
      94, 109, 110, -1,
      94, 110, 16, -1,
      16, 110, 111, -1,
      16, 111, 106, -1,
      107, 112, 108, -1,
      108, 112, 38, -1,
      108, 38, 3, -1,
      3, 38, 19, -1,
      3, 19, 4, -1,
      4, 19, 29, -1,
      4, 29, 10, -1,
      10, 29, 45, -1,
      10, 45, 92, -1,
      92, 45, 47, -1,
      113, 114, 86, -1,
      86, 114, 115, -1,
      116, 117, 83, -1,
      116, 118, 115, -1,
      115, 118, 119, -1,
      115, 119, 86, -1,
      86, 119, 120, -1,
      86, 120, 109, -1,
      109, 120, 121, -1,
      109, 121, 110, -1,
      110, 121, 122, -1,
      110, 122, 111, -1,
      87, 82, 86, -1,
      86, 82, 83, -1,
      86, 83, 113, -1,
      113, 83, 117, -1,
      113, 117, 123, -1,
      124, 24, 43, -1,
      124, 125, 24, -1,
      24, 125, 126, -1,
      24, 126, 29, -1,
      29, 126, 127, -1,
      29, 127, 45, -1,
      45, 127, 128, -1,
      45, 128, 43, -1,
      43, 128, 129, -1,
      43, 129, 124, -1,
      130, 131, 132, -1,
      132, 131, 126, -1,
      132, 126, 133, -1,
      133, 126, 125, -1,
      133, 125, 134, -1,
      134, 125, 135, -1,
      136, 137, 38, -1,
      138, 139, 140, -1,
      38, 137, 34, -1,
      34, 137, 141, -1,
      34, 141, 142, -1,
      34, 1, 21, -1,
      21, 1, 0, -1,
      21, 0, 24, -1,
      24, 0, 143, -1,
      24, 143, 43, -1,
      43, 143, 72, -1,
      43, 72, 48, -1,
      48, 72, 71, -1,
      116, 83, 118, -1,
      118, 83, 144, -1,
      118, 144, 145, -1,
      145, 144, 146, -1,
      145, 146, 147, -1,
      73, 75, 83, -1,
      83, 75, 80, -1,
      83, 80, 144, -1,
      144, 80, 148, -1,
      144, 148, 146, -1,
      2, 149, 0, -1,
      0, 149, 150, -1,
      0, 150, 143, -1,
      143, 150, 151, -1,
      143, 151, 72, -1,
      72, 151, 152, -1,
      72, 152, 80, -1,
      80, 152, 153, -1,
      80, 153, 148, -1,
      148, 153, 154, -1,
      148, 154, 155, -1,
      155, 154, 156, -1,
      155, 156, 157, -1,
      157, 156, 158, -1,
      157, 158, 149, -1,
      149, 158, 159, -1,
      149, 159, 150, -1,
      140, 136, 138, -1,
      138, 136, 38, -1,
      138, 38, 160, -1,
      160, 38, 112, -1,
      160, 112, 142, -1,
      142, 112, 161, -1,
      142, 161, 34, -1,
      34, 161, 162, -1,
      34, 162, 1, -1,
      1, 162, 163, -1,
      1, 163, 2, -1,
      164, 165, 166, -1,
      166, 165, 167, -1,
      168, 164, 169, -1,
      169, 164, 166, -1,
      170, 168, 171, -1,
      171, 168, 169, -1,
      172, 173, 174, -1,
      174, 173, 175, -1,
      176, 172, 177, -1,
      177, 172, 174, -1,
      178, 176, 179, -1,
      179, 176, 177, -1,
      180, 178, 181, -1,
      181, 178, 179, -1,
      182, 180, 183, -1,
      183, 180, 181, -1,
      184, 185, 186, -1,
      186, 185, 187, -1,
      165, 184, 167, -1,
      167, 184, 186, -1,
      188, 189, 190, -1,
      191, 192, 193, -1,
      194, 195, 196, -1,
      197, 198, 199, -1,
      200, 201, 202, -1,
      203, 204, 205, -1,
      206, 207, 208, -1,
      209, 210, 211, -1,
      212, 213, 214, -1,
      215, 216, 217, -1,
      218, 219, 220, -1,
      221, 222, 223, -1,
      224, 225, 226, -1,
      227, 228, 229, -1,
      230, 231, 185, -1,
      185, 231, 232, -1,
      185, 232, 233, -1,
      231, 234, 208, -1,
      208, 234, 235, -1,
      231, 208, 232, -1,
      232, 208, 227, -1,
      232, 227, 236, -1,
      236, 227, 229, -1,
      236, 229, 237, -1,
      237, 229, 238, -1,
      237, 238, 233, -1,
      233, 238, 239, -1,
      233, 239, 185, -1,
      185, 184, 230, -1,
      230, 184, 165, -1,
      230, 165, 235, -1,
      211, 240, 241, -1,
      242, 243, 227, -1,
      227, 243, 244, -1,
      228, 227, 245, -1,
      245, 227, 244, -1,
      245, 244, 246, -1,
      214, 247, 248, -1,
      249, 250, 211, -1,
      211, 250, 251, -1,
      240, 211, 252, -1,
      252, 211, 251, -1,
      252, 251, 253, -1,
      217, 254, 255, -1,
      256, 257, 214, -1,
      214, 257, 258, -1,
      247, 214, 259, -1,
      259, 214, 258, -1,
      259, 258, 260, -1,
      220, 261, 262, -1,
      263, 264, 217, -1,
      217, 264, 265, -1,
      254, 217, 266, -1,
      266, 217, 265, -1,
      266, 265, 267, -1,
      268, 269, 270, -1,
      271, 272, 220, -1,
      273, 271, 274, -1,
      274, 271, 275, -1,
      274, 275, 276, -1,
      271, 220, 275, -1,
      275, 220, 268, -1,
      275, 268, 277, -1,
      277, 268, 270, -1,
      277, 270, 278, -1,
      278, 270, 279, -1,
      278, 279, 276, -1,
      276, 279, 280, -1,
      276, 280, 274, -1,
      272, 281, 220, -1,
      220, 281, 282, -1,
      220, 282, 261, -1,
      274, 283, 273, -1,
      273, 283, 284, -1,
      273, 284, 281, -1,
      281, 284, 285, -1,
      281, 285, 282, -1,
      223, 286, 287, -1,
      288, 289, 268, -1,
      268, 289, 290, -1,
      269, 268, 291, -1,
      291, 268, 290, -1,
      291, 290, 292, -1,
      226, 293, 294, -1,
      295, 296, 223, -1,
      223, 296, 297, -1,
      286, 223, 298, -1,
      298, 223, 297, -1,
      298, 297, 299, -1,
      300, 226, 301, -1,
      301, 226, 302, -1,
      301, 302, 303, -1,
      300, 304, 226, -1,
      226, 304, 305, -1,
      226, 305, 293, -1,
      302, 306, 307, -1,
      307, 308, 302, -1,
      302, 308, 309, -1,
      302, 309, 303, -1,
      303, 309, 310, -1,
      303, 310, 304, -1,
      304, 310, 311, -1,
      304, 311, 305, -1,
      312, 313, 314, -1,
      315, 306, 316, -1,
      316, 306, 302, -1,
      316, 302, 317, -1,
      317, 302, 312, -1,
      317, 312, 318, -1,
      318, 312, 314, -1,
      318, 314, 319, -1,
      299, 297, 320, -1,
      320, 297, 321, -1,
      320, 321, 294, -1,
      294, 321, 295, -1,
      294, 295, 226, -1,
      226, 295, 223, -1,
      226, 223, 224, -1,
      322, 323, 324, -1,
      324, 323, 325, -1,
      292, 290, 326, -1,
      326, 290, 327, -1,
      326, 327, 287, -1,
      287, 327, 288, -1,
      287, 288, 223, -1,
      223, 288, 268, -1,
      223, 268, 221, -1,
      328, 329, 330, -1,
      330, 329, 331, -1,
      226, 332, 302, -1,
      302, 332, 333, -1,
      302, 333, 312, -1,
      312, 333, 334, -1,
      312, 334, 313, -1,
      313, 334, 335, -1,
      313, 335, 336, -1,
      336, 335, 332, -1,
      336, 332, 337, -1,
      337, 332, 226, -1,
      337, 226, 338, -1,
      338, 226, 225, -1,
      338, 225, 324, -1,
      324, 225, 339, -1,
      324, 339, 322, -1,
      322, 339, 340, -1,
      322, 340, 341, -1,
      341, 340, 224, -1,
      341, 224, 342, -1,
      342, 224, 223, -1,
      342, 223, 343, -1,
      343, 223, 222, -1,
      343, 222, 330, -1,
      330, 222, 344, -1,
      330, 344, 328, -1,
      328, 344, 345, -1,
      328, 345, 346, -1,
      346, 345, 221, -1,
      346, 221, 347, -1,
      347, 221, 268, -1,
      347, 268, 348, -1,
      349, 350, 351, -1,
      352, 353, 354, -1,
      354, 353, 349, -1,
      355, 349, 356, -1,
      357, 355, 220, -1,
      220, 355, 356, -1,
      220, 356, 268, -1,
      268, 356, 352, -1,
      268, 352, 348, -1,
      348, 352, 354, -1,
      349, 351, 354, -1,
      354, 351, 358, -1,
      354, 358, 359, -1,
      360, 361, 362, -1,
      362, 361, 363, -1,
      267, 265, 364, -1,
      364, 265, 365, -1,
      364, 365, 262, -1,
      262, 365, 263, -1,
      262, 263, 220, -1,
      220, 263, 217, -1,
      220, 217, 218, -1,
      366, 367, 368, -1,
      368, 367, 369, -1,
      260, 258, 370, -1,
      370, 258, 371, -1,
      370, 371, 255, -1,
      255, 371, 256, -1,
      255, 256, 217, -1,
      217, 256, 214, -1,
      217, 214, 215, -1,
      372, 373, 374, -1,
      374, 373, 375, -1,
      253, 251, 376, -1,
      376, 251, 377, -1,
      376, 377, 248, -1,
      248, 377, 249, -1,
      248, 249, 214, -1,
      214, 249, 211, -1,
      214, 211, 212, -1,
      378, 379, 380, -1,
      380, 379, 381, -1,
      246, 244, 382, -1,
      382, 244, 383, -1,
      382, 383, 241, -1,
      241, 383, 242, -1,
      241, 242, 211, -1,
      211, 242, 227, -1,
      211, 227, 209, -1,
      384, 385, 386, -1,
      386, 385, 387, -1,
      350, 349, 388, -1,
      388, 349, 355, -1,
      388, 355, 362, -1,
      362, 355, 389, -1,
      362, 389, 360, -1,
      360, 389, 390, -1,
      360, 390, 391, -1,
      391, 390, 357, -1,
      391, 357, 392, -1,
      392, 357, 220, -1,
      392, 220, 393, -1,
      393, 220, 219, -1,
      393, 219, 368, -1,
      368, 219, 394, -1,
      368, 394, 366, -1,
      366, 394, 395, -1,
      366, 395, 396, -1,
      396, 395, 218, -1,
      396, 218, 397, -1,
      397, 218, 217, -1,
      397, 217, 398, -1,
      398, 217, 216, -1,
      398, 216, 374, -1,
      374, 216, 399, -1,
      374, 399, 372, -1,
      372, 399, 400, -1,
      372, 400, 401, -1,
      401, 400, 215, -1,
      401, 215, 402, -1,
      402, 215, 214, -1,
      402, 214, 403, -1,
      403, 214, 213, -1,
      403, 213, 380, -1,
      380, 213, 404, -1,
      380, 404, 378, -1,
      378, 404, 405, -1,
      378, 405, 406, -1,
      406, 405, 212, -1,
      406, 212, 407, -1,
      407, 212, 211, -1,
      407, 211, 408, -1,
      408, 211, 210, -1,
      408, 210, 386, -1,
      386, 210, 409, -1,
      386, 409, 384, -1,
      384, 409, 410, -1,
      384, 410, 411, -1,
      411, 410, 209, -1,
      411, 209, 412, -1,
      412, 209, 227, -1,
      412, 227, 413, -1,
      414, 415, 416, -1,
      416, 415, 417, -1,
      418, 417, 419, -1,
      420, 418, 208, -1,
      208, 418, 419, -1,
      208, 419, 227, -1,
      227, 419, 414, -1,
      227, 414, 413, -1,
      413, 414, 416, -1,
      417, 421, 416, -1,
      416, 421, 422, -1,
      416, 422, 423, -1,
      424, 176, 425, -1,
      425, 176, 178, -1,
      426, 427, 207, -1,
      207, 427, 173, -1,
      207, 173, 208, -1,
      208, 173, 428, -1,
      208, 428, 420, -1,
      420, 428, 172, -1,
      420, 172, 429, -1,
      429, 172, 424, -1,
      429, 424, 430, -1,
      430, 424, 425, -1,
      430, 425, 418, -1,
      418, 425, 180, -1,
      418, 180, 417, -1,
      417, 180, 182, -1,
      417, 182, 421, -1,
      426, 431, 432, -1,
      432, 431, 433, -1,
      433, 431, 206, -1,
      433, 206, 434, -1,
      426, 432, 427, -1,
      427, 432, 435, -1,
      427, 435, 436, -1,
      434, 205, 437, -1,
      437, 205, 204, -1,
      437, 204, 438, -1,
      438, 204, 439, -1,
      439, 440, 441, -1,
      441, 440, 442, -1,
      442, 440, 203, -1,
      442, 203, 443, -1,
      439, 441, 438, -1,
      438, 441, 444, -1,
      438, 444, 445, -1,
      443, 202, 446, -1,
      446, 202, 201, -1,
      446, 201, 447, -1,
      447, 201, 448, -1,
      448, 449, 450, -1,
      450, 449, 451, -1,
      451, 449, 200, -1,
      451, 200, 452, -1,
      448, 450, 447, -1,
      447, 450, 453, -1,
      447, 453, 454, -1,
      199, 455, 456, -1,
      199, 456, 457, -1,
      457, 456, 458, -1,
      457, 458, 459, -1,
      460, 461, 462, -1,
      462, 461, 463, -1,
      464, 465, 466, -1,
      466, 465, 467, -1,
      452, 457, 468, -1,
      468, 457, 459, -1,
      468, 459, 462, -1,
      462, 459, 469, -1,
      462, 469, 460, -1,
      460, 469, 470, -1,
      460, 470, 471, -1,
      471, 470, 458, -1,
      471, 458, 472, -1,
      472, 458, 456, -1,
      472, 456, 466, -1,
      466, 456, 473, -1,
      466, 473, 464, -1,
      464, 473, 474, -1,
      464, 474, 475, -1,
      475, 474, 455, -1,
      475, 455, 476, -1,
      476, 455, 199, -1,
      476, 199, 477, -1,
      477, 199, 198, -1,
      477, 198, 478, -1,
      478, 198, 479, -1,
      479, 480, 481, -1,
      481, 480, 482, -1,
      482, 480, 197, -1,
      482, 197, 483, -1,
      479, 481, 478, -1,
      478, 481, 484, -1,
      478, 484, 485, -1,
      483, 196, 486, -1,
      486, 196, 195, -1,
      486, 195, 487, -1,
      487, 195, 488, -1,
      488, 489, 490, -1,
      490, 489, 491, -1,
      491, 489, 194, -1,
      491, 194, 492, -1,
      488, 490, 487, -1,
      487, 490, 493, -1,
      487, 493, 494, -1,
      492, 193, 495, -1,
      495, 193, 192, -1,
      495, 192, 496, -1,
      496, 192, 497, -1,
      497, 498, 499, -1,
      499, 498, 500, -1,
      500, 498, 191, -1,
      500, 191, 501, -1,
      497, 499, 496, -1,
      496, 499, 502, -1,
      496, 502, 503, -1,
      501, 190, 504, -1,
      504, 190, 189, -1,
      504, 189, 505, -1,
      505, 189, 506, -1,
      506, 507, 508, -1,
      508, 507, 509, -1,
      509, 507, 188, -1,
      509, 188, 510, -1,
      506, 508, 505, -1,
      505, 508, 511, -1,
      505, 511, 512, -1,
      513, 510, 514, -1,
      515, 516, 517, -1,
      514, 518, 519, -1,
      519, 518, 520, -1,
      517, 513, 515, -1,
      515, 513, 514, -1,
      515, 514, 521, -1,
      521, 514, 519, -1,
      518, 522, 520, -1,
      520, 522, 523, -1,
      520, 523, 524, -1,
      524, 523, 525, -1,
      524, 525, 526, -1,
      526, 527, 519, -1,
      519, 527, 528, -1,
      519, 528, 521, -1,
      521, 528, 529, -1,
      521, 529, 530, -1,
      530, 529, 531, -1,
      530, 531, 516, -1,
      516, 531, 517, -1,
      517, 531, 532, -1,
      517, 532, 533, -1,
      526, 525, 527, -1,
      527, 525, 534, -1,
      527, 534, 535, -1,
      514, 536, 537, -1,
      538, 539, 518, -1,
      540, 538, 541, -1,
      541, 538, 542, -1,
      541, 542, 543, -1,
      538, 518, 542, -1,
      542, 518, 514, -1,
      542, 514, 544, -1,
      544, 514, 537, -1,
      544, 537, 545, -1,
      545, 537, 546, -1,
      545, 546, 543, -1,
      543, 546, 547, -1,
      543, 547, 541, -1,
      539, 548, 518, -1,
      518, 548, 549, -1,
      518, 549, 550, -1,
      541, 551, 540, -1,
      540, 551, 552, -1,
      540, 552, 548, -1,
      548, 552, 553, -1,
      548, 553, 549, -1,
      190, 554, 555, -1,
      556, 557, 514, -1,
      557, 558, 514, -1,
      514, 558, 559, -1,
      514, 559, 536, -1,
      510, 188, 514, -1,
      514, 188, 190, -1,
      514, 190, 556, -1,
      556, 190, 555, -1,
      556, 555, 560, -1,
      560, 555, 561, -1,
      560, 561, 558, -1,
      558, 561, 562, -1,
      558, 562, 559, -1,
      193, 563, 564, -1,
      565, 566, 190, -1,
      566, 567, 190, -1,
      190, 567, 568, -1,
      190, 568, 554, -1,
      501, 191, 190, -1,
      190, 191, 193, -1,
      190, 193, 565, -1,
      565, 193, 564, -1,
      565, 564, 569, -1,
      569, 564, 570, -1,
      569, 570, 567, -1,
      567, 570, 571, -1,
      567, 571, 568, -1,
      196, 572, 573, -1,
      574, 575, 193, -1,
      575, 576, 193, -1,
      193, 576, 577, -1,
      193, 577, 563, -1,
      492, 194, 193, -1,
      193, 194, 196, -1,
      193, 196, 574, -1,
      574, 196, 573, -1,
      574, 573, 578, -1,
      578, 573, 579, -1,
      578, 579, 576, -1,
      576, 579, 580, -1,
      576, 580, 577, -1,
      199, 581, 582, -1,
      583, 584, 196, -1,
      584, 585, 196, -1,
      196, 585, 586, -1,
      196, 586, 572, -1,
      483, 197, 196, -1,
      196, 197, 199, -1,
      196, 199, 583, -1,
      583, 199, 582, -1,
      583, 582, 587, -1,
      587, 582, 588, -1,
      587, 588, 585, -1,
      585, 588, 589, -1,
      585, 589, 586, -1,
      457, 590, 591, -1,
      592, 593, 199, -1,
      594, 592, 595, -1,
      595, 592, 596, -1,
      595, 596, 597, -1,
      592, 199, 596, -1,
      596, 199, 457, -1,
      596, 457, 598, -1,
      598, 457, 591, -1,
      598, 591, 599, -1,
      599, 591, 600, -1,
      599, 600, 597, -1,
      597, 600, 601, -1,
      597, 601, 595, -1,
      593, 602, 199, -1,
      199, 602, 603, -1,
      199, 603, 581, -1,
      595, 604, 594, -1,
      594, 604, 605, -1,
      594, 605, 602, -1,
      602, 605, 606, -1,
      602, 606, 603, -1,
      202, 607, 608, -1,
      609, 610, 457, -1,
      610, 611, 457, -1,
      457, 611, 612, -1,
      457, 612, 590, -1,
      452, 200, 457, -1,
      457, 200, 202, -1,
      457, 202, 609, -1,
      609, 202, 608, -1,
      609, 608, 613, -1,
      613, 608, 614, -1,
      613, 614, 611, -1,
      611, 614, 615, -1,
      611, 615, 612, -1,
      205, 616, 617, -1,
      618, 619, 202, -1,
      619, 620, 202, -1,
      202, 620, 621, -1,
      202, 621, 607, -1,
      443, 203, 202, -1,
      202, 203, 205, -1,
      202, 205, 618, -1,
      618, 205, 617, -1,
      618, 617, 622, -1,
      622, 617, 623, -1,
      622, 623, 620, -1,
      620, 623, 624, -1,
      620, 624, 621, -1,
      165, 164, 235, -1,
      235, 164, 168, -1,
      235, 168, 208, -1,
      208, 168, 625, -1,
      208, 625, 170, -1,
      626, 627, 205, -1,
      627, 628, 205, -1,
      205, 628, 629, -1,
      205, 629, 616, -1,
      434, 206, 205, -1,
      205, 206, 208, -1,
      205, 208, 626, -1,
      626, 208, 170, -1,
      626, 170, 630, -1,
      630, 170, 631, -1,
      630, 631, 628, -1,
      628, 631, 632, -1,
      628, 632, 629, -1,
      633, 634, 635, -1,
      636, 637, 638, -1,
      639, 640, 641, -1,
      642, 643, 644, -1,
      644, 643, 645, -1,
      644, 645, 646, -1,
      646, 645, 647, -1,
      648, 171, 169, -1,
      648, 169, 644, -1,
      166, 167, 169, -1,
      169, 167, 186, -1,
      169, 186, 644, -1,
      644, 186, 187, -1,
      644, 187, 642, -1,
      649, 650, 651, -1,
      651, 650, 652, -1,
      651, 652, 653, -1,
      653, 652, 646, -1,
      653, 646, 654, -1,
      654, 646, 647, -1,
      654, 647, 649, -1,
      649, 647, 650, -1,
      655, 656, 657, -1,
      183, 181, 658, -1,
      659, 660, 661, -1,
      661, 660, 662, -1,
      662, 663, 664, -1,
      658, 181, 665, -1,
      656, 655, 666, -1,
      666, 655, 652, -1,
      666, 652, 667, -1,
      667, 652, 650, -1,
      667, 650, 657, -1,
      657, 650, 661, -1,
      657, 661, 655, -1,
      655, 661, 662, -1,
      655, 662, 658, -1,
      658, 662, 664, -1,
      658, 664, 183, -1,
      179, 177, 181, -1,
      181, 177, 174, -1,
      181, 174, 665, -1,
      665, 174, 175, -1,
      665, 175, 668, -1,
      669, 670, 671, -1,
      671, 670, 672, -1,
      671, 672, 673, -1,
      673, 672, 674, -1,
      673, 674, 648, -1,
      648, 674, 675, -1,
      648, 675, 171, -1,
      676, 677, 678, -1,
      679, 680, 681, -1,
      682, 683, 681, -1,
      681, 683, 684, -1,
      681, 684, 679, -1,
      679, 684, 685, -1,
      679, 685, 676, -1,
      680, 686, 687, -1,
      688, 689, 687, -1,
      687, 689, 690, -1,
      687, 690, 680, -1,
      680, 690, 691, -1,
      680, 691, 681, -1,
      692, 693, 694, -1,
      695, 696, 697, -1,
      697, 696, 692, -1,
      697, 692, 698, -1,
      698, 692, 694, -1,
      699, 700, 701, -1,
      701, 700, 702, -1,
      701, 702, 686, -1,
      686, 702, 703, -1,
      686, 703, 687, -1,
      704, 705, 706, -1,
      706, 705, 707, -1,
      707, 708, 709, -1,
      710, 711, 712, -1,
      712, 711, 713, -1,
      713, 714, 715, -1,
      716, 717, 718, -1,
      719, 720, 721, -1,
      722, 723, 721, -1,
      721, 723, 724, -1,
      721, 724, 719, -1,
      719, 724, 725, -1,
      719, 725, 716, -1,
      726, 727, 728, -1,
      729, 730, 728, -1,
      728, 730, 731, -1,
      728, 731, 726, -1,
      732, 733, 734, -1,
      734, 733, 735, -1,
      734, 735, 720, -1,
      720, 735, 736, -1,
      720, 736, 721, -1,
      737, 738, 739, -1,
      740, 741, 738, -1,
      738, 741, 742, -1,
      738, 742, 739, -1,
      739, 742, 743, -1,
      744, 745, 746, -1,
      747, 748, 746, -1,
      746, 748, 749, -1,
      746, 749, 744, -1,
      744, 749, 750, -1,
      744, 750, 751, -1,
      745, 752, 753, -1,
      754, 755, 753, -1,
      753, 755, 756, -1,
      753, 756, 745, -1,
      745, 756, 757, -1,
      745, 757, 746, -1,
      752, 758, 759, -1,
      760, 761, 759, -1,
      759, 761, 762, -1,
      759, 762, 752, -1,
      752, 762, 763, -1,
      752, 763, 753, -1,
      758, 764, 765, -1,
      766, 767, 765, -1,
      765, 767, 768, -1,
      765, 768, 758, -1,
      758, 768, 769, -1,
      758, 769, 759, -1,
      770, 771, 772, -1,
      772, 771, 773, -1,
      774, 775, 764, -1,
      776, 777, 775, -1,
      775, 777, 778, -1,
      775, 778, 764, -1,
      764, 778, 779, -1,
      764, 779, 765, -1,
      780, 781, 782, -1,
      782, 781, 783, -1,
      783, 784, 785, -1,
      786, 787, 788, -1,
      789, 670, 668, -1,
      668, 670, 669, -1,
      668, 669, 665, -1,
      789, 790, 670, -1,
      670, 790, 791, -1,
      670, 791, 792, -1,
      792, 791, 793, -1,
      792, 793, 786, -1,
      794, 795, 796, -1,
      796, 795, 797, -1,
      797, 798, 799, -1,
      800, 801, 802, -1,
      802, 801, 803, -1,
      803, 804, 805, -1,
      806, 807, 808, -1,
      808, 807, 809, -1,
      809, 810, 811, -1,
      812, 813, 814, -1,
      815, 816, 817, -1,
      817, 816, 818, -1,
      819, 820, 821, -1,
      822, 823, 820, -1,
      820, 823, 824, -1,
      820, 824, 821, -1,
      821, 824, 825, -1,
      821, 825, 812, -1,
      826, 827, 828, -1,
      828, 827, 829, -1,
      829, 830, 831, -1,
      832, 833, 834, -1,
      835, 836, 837, -1,
      837, 836, 838, -1,
      837, 838, 839, -1,
      839, 838, 840, -1,
      839, 840, 832, -1,
      841, 842, 837, -1,
      837, 842, 843, -1,
      837, 843, 835, -1,
      636, 638, 844, -1,
      845, 846, 847, -1,
      848, 849, 847, -1,
      847, 849, 850, -1,
      847, 850, 845, -1,
      845, 850, 851, -1,
      845, 851, 852, -1,
      846, 853, 854, -1,
      855, 856, 854, -1,
      854, 856, 857, -1,
      854, 857, 846, -1,
      846, 857, 858, -1,
      846, 858, 847, -1,
      859, 860, 853, -1,
      861, 862, 860, -1,
      860, 862, 863, -1,
      860, 863, 853, -1,
      853, 863, 864, -1,
      853, 864, 854, -1,
      635, 865, 866, -1,
      867, 868, 866, -1,
      866, 868, 869, -1,
      866, 869, 635, -1,
      635, 869, 870, -1,
      635, 870, 871, -1,
      865, 872, 873, -1,
      874, 875, 873, -1,
      873, 875, 876, -1,
      873, 876, 865, -1,
      865, 876, 877, -1,
      865, 877, 866, -1,
      872, 878, 879, -1,
      880, 881, 879, -1,
      879, 881, 882, -1,
      879, 882, 872, -1,
      872, 882, 883, -1,
      872, 883, 873, -1,
      645, 884, 647, -1,
      647, 884, 885, -1,
      647, 885, 878, -1,
      886, 887, 885, -1,
      885, 887, 888, -1,
      885, 888, 878, -1,
      878, 888, 889, -1,
      878, 889, 879, -1,
      890, 891, 892, -1,
      720, 893, 894, -1,
      895, 896, 897, -1,
      897, 896, 726, -1,
      897, 726, 891, -1,
      893, 720, 898, -1,
      898, 720, 892, -1,
      898, 892, 899, -1,
      899, 892, 891, -1,
      899, 891, 894, -1,
      894, 891, 726, -1,
      894, 726, 720, -1,
      720, 726, 731, -1,
      720, 731, 734, -1,
      719, 900, 720, -1,
      720, 900, 901, -1,
      720, 901, 892, -1,
      892, 901, 902, -1,
      892, 902, 903, -1,
      903, 902, 904, -1,
      905, 903, 719, -1,
      719, 903, 904, -1,
      719, 904, 900, -1,
      718, 710, 716, -1,
      716, 710, 712, -1,
      716, 712, 719, -1,
      719, 712, 906, -1,
      719, 906, 905, -1,
      907, 908, 909, -1,
      910, 909, 712, -1,
      712, 909, 908, -1,
      712, 908, 906, -1,
      715, 704, 713, -1,
      713, 704, 706, -1,
      713, 706, 712, -1,
      712, 706, 911, -1,
      712, 911, 910, -1,
      912, 913, 914, -1,
      915, 916, 697, -1,
      917, 914, 706, -1,
      706, 914, 913, -1,
      706, 913, 911, -1,
      709, 695, 707, -1,
      707, 695, 697, -1,
      707, 697, 706, -1,
      706, 697, 916, -1,
      706, 916, 917, -1,
      918, 919, 920, -1,
      686, 921, 922, -1,
      923, 924, 925, -1,
      926, 915, 925, -1,
      925, 915, 697, -1,
      925, 697, 923, -1,
      923, 697, 919, -1,
      921, 686, 927, -1,
      927, 686, 920, -1,
      927, 920, 928, -1,
      928, 920, 919, -1,
      928, 919, 922, -1,
      922, 919, 697, -1,
      922, 697, 686, -1,
      686, 697, 698, -1,
      686, 698, 701, -1,
      929, 930, 931, -1,
      931, 930, 920, -1,
      931, 920, 932, -1,
      932, 920, 686, -1,
      932, 686, 933, -1,
      933, 686, 680, -1,
      933, 680, 929, -1,
      929, 680, 930, -1,
      934, 935, 936, -1,
      936, 935, 930, -1,
      936, 930, 937, -1,
      937, 930, 680, -1,
      937, 680, 938, -1,
      938, 680, 679, -1,
      938, 679, 934, -1,
      934, 679, 935, -1,
      678, 675, 676, -1,
      676, 675, 674, -1,
      676, 674, 679, -1,
      679, 674, 939, -1,
      679, 939, 935, -1,
      935, 939, 940, -1,
      935, 940, 672, -1,
      672, 940, 941, -1,
      672, 941, 674, -1,
      674, 941, 942, -1,
      674, 942, 939, -1,
      943, 944, 945, -1,
      945, 944, 650, -1,
      945, 650, 946, -1,
      946, 650, 647, -1,
      946, 647, 947, -1,
      947, 647, 878, -1,
      947, 878, 943, -1,
      943, 878, 944, -1,
      948, 949, 950, -1,
      950, 949, 944, -1,
      950, 944, 951, -1,
      951, 944, 878, -1,
      951, 878, 952, -1,
      952, 878, 872, -1,
      952, 872, 948, -1,
      948, 872, 949, -1,
      953, 954, 955, -1,
      955, 954, 949, -1,
      955, 949, 956, -1,
      956, 949, 872, -1,
      956, 872, 957, -1,
      957, 872, 865, -1,
      957, 865, 953, -1,
      953, 865, 954, -1,
      958, 959, 960, -1,
      960, 959, 954, -1,
      960, 954, 961, -1,
      961, 954, 865, -1,
      961, 865, 962, -1,
      962, 865, 635, -1,
      962, 635, 958, -1,
      958, 635, 959, -1,
      959, 635, 634, -1,
      959, 634, 963, -1,
      964, 965, 871, -1,
      871, 965, 859, -1,
      871, 859, 635, -1,
      635, 859, 853, -1,
      635, 853, 633, -1,
      633, 853, 966, -1,
      633, 966, 967, -1,
      967, 966, 968, -1,
      963, 967, 959, -1,
      959, 967, 968, -1,
      959, 968, 969, -1,
      969, 968, 970, -1,
      969, 970, 853, -1,
      853, 970, 971, -1,
      853, 971, 966, -1,
      972, 973, 974, -1,
      974, 973, 969, -1,
      974, 969, 975, -1,
      975, 969, 853, -1,
      975, 853, 976, -1,
      976, 853, 846, -1,
      976, 846, 972, -1,
      972, 846, 973, -1,
      977, 978, 979, -1,
      979, 978, 973, -1,
      979, 973, 980, -1,
      980, 973, 846, -1,
      980, 846, 981, -1,
      981, 846, 845, -1,
      981, 845, 977, -1,
      977, 845, 978, -1,
      638, 982, 983, -1,
      982, 638, 984, -1,
      984, 638, 985, -1,
      984, 985, 986, -1,
      986, 985, 978, -1,
      986, 978, 983, -1,
      983, 978, 845, -1,
      983, 845, 638, -1,
      638, 845, 852, -1,
      638, 852, 844, -1,
      987, 988, 744, -1,
      739, 989, 990, -1,
      744, 988, 892, -1,
      892, 988, 991, -1,
      892, 991, 992, -1,
      989, 739, 993, -1,
      993, 739, 896, -1,
      993, 896, 994, -1,
      895, 890, 896, -1,
      896, 890, 892, -1,
      896, 892, 994, -1,
      994, 892, 992, -1,
      994, 992, 990, -1,
      990, 992, 987, -1,
      990, 987, 739, -1,
      739, 987, 744, -1,
      739, 744, 737, -1,
      737, 744, 751, -1,
      737, 751, 995, -1,
      995, 751, 996, -1,
      997, 998, 903, -1,
      903, 998, 892, -1,
      892, 998, 999, -1,
      892, 999, 744, -1,
      1000, 1001, 909, -1,
      909, 1001, 903, -1,
      909, 903, 907, -1,
      907, 903, 905, -1,
      1001, 1002, 903, -1,
      903, 1002, 745, -1,
      903, 745, 997, -1,
      997, 745, 744, -1,
      997, 744, 1003, -1,
      1003, 744, 999, -1,
      1004, 1005, 914, -1,
      914, 1005, 909, -1,
      914, 909, 912, -1,
      912, 909, 910, -1,
      1005, 1006, 909, -1,
      909, 1006, 752, -1,
      909, 752, 1000, -1,
      1000, 752, 745, -1,
      1000, 745, 1007, -1,
      1007, 745, 1002, -1,
      1008, 1009, 925, -1,
      925, 1009, 914, -1,
      925, 914, 926, -1,
      926, 914, 917, -1,
      1009, 1010, 914, -1,
      914, 1010, 758, -1,
      914, 758, 1004, -1,
      1004, 758, 752, -1,
      1004, 752, 1011, -1,
      1011, 752, 1006, -1,
      1012, 1013, 772, -1,
      1014, 1015, 764, -1,
      764, 1015, 1016, -1,
      772, 1013, 920, -1,
      920, 1013, 1017, -1,
      920, 1017, 1018, -1,
      1019, 1014, 925, -1,
      925, 1014, 764, -1,
      925, 764, 1008, -1,
      1008, 764, 758, -1,
      1008, 758, 1020, -1,
      1020, 758, 1010, -1,
      924, 918, 925, -1,
      925, 918, 920, -1,
      925, 920, 1019, -1,
      1019, 920, 1018, -1,
      1019, 1018, 1016, -1,
      1016, 1018, 1012, -1,
      1016, 1012, 764, -1,
      764, 1012, 772, -1,
      764, 772, 774, -1,
      774, 772, 773, -1,
      774, 773, 1021, -1,
      1021, 773, 1022, -1,
      785, 770, 783, -1,
      783, 770, 772, -1,
      783, 772, 782, -1,
      782, 772, 1023, -1,
      782, 1023, 930, -1,
      930, 1023, 1024, -1,
      930, 1024, 920, -1,
      920, 1024, 1025, -1,
      920, 1025, 772, -1,
      772, 1025, 1026, -1,
      772, 1026, 1023, -1,
      788, 780, 786, -1,
      786, 780, 782, -1,
      786, 782, 792, -1,
      792, 782, 1027, -1,
      792, 1027, 935, -1,
      935, 1027, 1028, -1,
      935, 1028, 930, -1,
      930, 1028, 1029, -1,
      930, 1029, 782, -1,
      782, 1029, 1030, -1,
      782, 1030, 1027, -1,
      1031, 935, 1032, -1,
      1032, 935, 672, -1,
      1032, 672, 1033, -1,
      1033, 672, 670, -1,
      1033, 670, 1034, -1,
      1034, 670, 792, -1,
      1034, 792, 1031, -1,
      1031, 792, 935, -1,
      799, 659, 797, -1,
      797, 659, 661, -1,
      797, 661, 796, -1,
      796, 661, 1035, -1,
      796, 1035, 944, -1,
      944, 1035, 1036, -1,
      944, 1036, 650, -1,
      650, 1036, 1037, -1,
      650, 1037, 661, -1,
      661, 1037, 1038, -1,
      661, 1038, 1035, -1,
      805, 794, 803, -1,
      803, 794, 796, -1,
      803, 796, 802, -1,
      802, 796, 1039, -1,
      802, 1039, 949, -1,
      949, 1039, 1040, -1,
      949, 1040, 944, -1,
      944, 1040, 1041, -1,
      944, 1041, 796, -1,
      796, 1041, 1042, -1,
      796, 1042, 1039, -1,
      811, 800, 809, -1,
      809, 800, 802, -1,
      809, 802, 808, -1,
      808, 802, 1043, -1,
      808, 1043, 954, -1,
      954, 1043, 1044, -1,
      954, 1044, 949, -1,
      949, 1044, 1045, -1,
      949, 1045, 802, -1,
      802, 1045, 1046, -1,
      802, 1046, 1043, -1,
      814, 806, 812, -1,
      812, 806, 808, -1,
      812, 808, 821, -1,
      821, 808, 1047, -1,
      821, 1047, 959, -1,
      959, 1047, 1048, -1,
      959, 1048, 954, -1,
      954, 1048, 1049, -1,
      954, 1049, 808, -1,
      808, 1049, 1050, -1,
      808, 1050, 1047, -1,
      1051, 969, 1052, -1,
      1052, 969, 817, -1,
      1052, 817, 1053, -1,
      1054, 1055, 818, -1,
      818, 1055, 819, -1,
      818, 819, 817, -1,
      817, 819, 821, -1,
      817, 821, 1053, -1,
      1053, 821, 1056, -1,
      1053, 1056, 1057, -1,
      1057, 1056, 1058, -1,
      1051, 1057, 969, -1,
      969, 1057, 1058, -1,
      969, 1058, 959, -1,
      959, 1058, 1059, -1,
      959, 1059, 821, -1,
      821, 1059, 1060, -1,
      821, 1060, 1056, -1,
      831, 815, 829, -1,
      829, 815, 817, -1,
      829, 817, 828, -1,
      828, 817, 1061, -1,
      828, 1061, 973, -1,
      973, 1061, 1062, -1,
      973, 1062, 969, -1,
      969, 1062, 1063, -1,
      969, 1063, 817, -1,
      817, 1063, 1064, -1,
      817, 1064, 1061, -1,
      834, 826, 832, -1,
      832, 826, 828, -1,
      832, 828, 839, -1,
      839, 828, 1065, -1,
      839, 1065, 978, -1,
      978, 1065, 1066, -1,
      978, 1066, 973, -1,
      973, 1066, 1067, -1,
      973, 1067, 828, -1,
      828, 1067, 1068, -1,
      828, 1068, 1065, -1,
      1069, 978, 1070, -1,
      1070, 978, 985, -1,
      1070, 985, 1071, -1,
      1071, 985, 837, -1,
      1071, 837, 1072, -1,
      1072, 837, 839, -1,
      1072, 839, 1069, -1,
      1069, 839, 978, -1,
      637, 639, 638, -1,
      638, 639, 641, -1,
      638, 641, 985, -1,
      985, 641, 1073, -1,
      985, 1073, 837, -1,
      837, 1073, 1074, -1,
      837, 1074, 841, -1,
      99, 122, 665, -1,
      665, 122, 658, -1,
      147, 163, 644, -1,
      644, 163, 648, -1,
    ]
  }
}

Shape {
  appearance Appearance {
    material Material {
      diffuseColor 0.6667 0.6980 0.7686
      specularColor 0.3333 0.3490 0.3843
      ambientIntensity 0.2
      transparency 0.0000
      shininess 0.5
    }
  }
  geometry IndexedFaceSet {
    ccw TRUE
    solid FALSE
    coord DEF co Coordinate {
      point [
        -0.125984 -0.374016 0.078740,
        -0.125984 -0.625984 0.078740,
        0.125984 -0.374016 0.078740,
        0.125984 -0.625984 0.078740,
        -0.125984 0.374016 0.078740,
        0.125984 0.374016 0.078740,
        0.125984 0.625984 0.078740,
        -0.125984 0.625984 0.078740,
        0.125984 0.625984 0.984252,
        0.125984 0.374016 0.984252,
        -0.125984 0.374016 0.984252,
        -0.125984 0.625984 0.984252,
        0.125984 -0.374016 0.984252,
        -0.125984 -0.374016 0.984252,
        -0.125984 -0.625984 0.984252,
        0.125984 -0.625984 0.984252,
        0.068666 0.568666 -1.181102,
        0.068666 0.431334 -1.181102,
        -0.068666 0.568666 -1.181102,
        -0.068666 0.431334 -1.181102,
        0.125984 0.625984 -1.023622,
        0.125984 0.374016 -1.023622,
        -0.125984 0.374016 -1.023622,
        -0.125984 0.625984 -1.023622,
        0.125984 0.625984 3.188976,
        -0.125984 0.625984 3.188976,
        -0.125984 0.374016 3.188976,
        0.125984 0.374016 3.188976,
        0.068666 0.431334 3.346457,
        0.068666 0.568666 3.346457,
        -0.068666 0.431334 3.346457,
        -0.068666 0.568666 3.346457,
        -0.068666 -0.568666 -1.181102,
        -0.068666 -0.431334 -1.181102,
        0.068666 -0.568666 -1.181102,
        0.068666 -0.431334 -1.181102,
        -0.125984 -0.625984 -1.023622,
        -0.125984 -0.374016 -1.023622,
        0.125984 -0.374016 -1.023622,
        0.125984 -0.625984 -1.023622,
        -0.125984 -0.625984 3.188976,
        0.125984 -0.625984 3.188976,
        0.125984 -0.374016 3.188976,
        -0.125984 -0.374016 3.188976,
        -0.068666 -0.431334 3.346457,
        -0.068666 -0.568666 3.346457,
        0.068666 -0.431334 3.346457,
        0.068666 -0.568666 3.346457,
      ]
    }
    coordIndex [
      16, 17, 18, -1,
      18, 17, 19, -1,
      20, 6, 21, -1,
      21, 6, 5, -1,
      21, 5, 22, -1,
      22, 5, 4, -1,
      22, 4, 23, -1,
      23, 4, 7, -1,
      23, 7, 20, -1,
      20, 7, 6, -1,
      24, 8, 25, -1,
      25, 8, 11, -1,
      25, 11, 26, -1,
      26, 11, 10, -1,
      26, 10, 27, -1,
      27, 10, 9, -1,
      27, 9, 24, -1,
      24, 9, 8, -1,
      28, 29, 30, -1,
      30, 29, 31, -1,
      32, 33, 34, -1,
      34, 33, 35, -1,
      36, 1, 37, -1,
      37, 1, 0, -1,
      37, 0, 38, -1,
      38, 0, 2, -1,
      38, 2, 39, -1,
      39, 2, 3, -1,
      39, 3, 36, -1,
      36, 3, 1, -1,
      40, 14, 41, -1,
      41, 14, 15, -1,
      41, 15, 42, -1,
      42, 15, 12, -1,
      42, 12, 43, -1,
      43, 12, 13, -1,
      43, 13, 40, -1,
      40, 13, 14, -1,
      44, 45, 46, -1,
      46, 45, 47, -1,
      17, 21, 19, -1,
      19, 21, 22, -1,
      16, 20, 17, -1,
      17, 20, 21, -1,
      23, 18, 22, -1,
      22, 18, 19, -1,
      18, 23, 16, -1,
      16, 23, 20, -1,
      33, 37, 35, -1,
      35, 37, 38, -1,
      32, 36, 33, -1,
      33, 36, 37, -1,
      39, 34, 38, -1,
      38, 34, 35, -1,
      34, 39, 32, -1,
      32, 39, 36, -1,
      41, 47, 40, -1,
      40, 47, 45, -1,
      42, 46, 41, -1,
      41, 46, 47, -1,
      44, 43, 45, -1,
      45, 43, 40, -1,
      43, 44, 42, -1,
      42, 44, 46, -1,
      25, 31, 24, -1,
      24, 31, 29, -1,
      26, 30, 25, -1,
      25, 30, 31, -1,
      28, 27, 29, -1,
      29, 27, 24, -1,
      27, 28, 26, -1,
      26, 28, 30, -1,
    ]
  }
}

Shape {
  appearance Appearance {
    material Material {
      diffuseColor 0.2235 0.2235 0.2235
      specularColor 0.1137 0.1137 0.1137
      ambientIntensity 0.2
      transparency 0.0000
      shininess 0.5
    }
  }
  geometry IndexedFaceSet {
    ccw TRUE
    solid FALSE
    coord DEF co Coordinate {
      point [
        -0.500000 -0.669291 0.078740,
        0.500000 -0.669291 0.078740,
        0.500000 0.669291 0.078740,
        -0.500000 0.669291 0.078740,
        -0.539370 0.787402 0.984252,
        -0.539370 0.787402 0.000000,
        -0.539370 -0.787402 0.984252,
        -0.539370 -0.787402 0.000000,
        0.539370 -0.787402 0.984252,
        0.539370 -0.787402 0.000000,
        0.539370 0.787402 0.984252,
        0.539370 0.787402 0.000000,
        1.460630 0.787402 0.984252,
        1.263780 0.984252 0.984252,
        0.736220 0.984252 0.984252,
        2.460630 0.787402 0.984252,
        1.539370 0.787402 0.984252,
        1.736220 0.984252 0.984252,
        3.460630 0.787402 0.984252,
        2.539370 0.787402 0.984252,
        2.736220 0.984252 0.984252,
        4.460630 0.787402 0.984252,
        3.539370 0.787402 0.984252,
        3.736220 0.984252 0.984252,
        5.460630 0.787402 0.984252,
        4.539370 0.787402 0.984252,
        4.736220 0.984252 0.984252,
        7.460630 0.787402 0.984252,
        6.539370 0.787402 0.984252,
        7.263779 0.984252 0.984252,
        6.736220 0.984252 0.984252,
        5.539370 0.787402 0.984252,
        6.460630 0.787402 0.984252,
        6.263780 0.984252 0.984252,
        5.736220 0.984252 0.984252,
        8.460630 0.787402 0.984252,
        7.539370 0.787402 0.984252,
        7.736220 0.984252 0.984252,
        9.460630 0.787402 0.984252,
        8.539370 0.787402 0.984252,
        8.736221 0.984252 0.984252,
        9.539370 0.787402 0.984252,
        10.500000 0.787402 0.984252,
        10.460630 0.787402 0.984252,
        10.263780 0.984252 0.984252,
        9.736221 0.984252 0.984252,
        9.736221 -0.984252 0.984252,
        10.500000 -0.787402 0.984252,
        10.460630 -0.787402 0.984252,
        10.263780 -0.984252 0.984252,
        9.263780 0.984252 0.984252,
        8.736221 -0.984252 0.984252,
        9.263780 -0.984252 0.984252,
        8.263780 0.984252 0.984252,
        7.736220 -0.984252 0.984252,
        8.263780 -0.984252 0.984252,
        9.539370 -0.787402 0.984252,
        9.460630 -0.787402 0.984252,
        8.539370 -0.787402 0.984252,
        8.460630 -0.787402 0.984252,
        7.539370 -0.787402 0.984252,
        7.460630 -0.787402 0.984252,
        6.539370 -0.787402 0.984252,
        6.736220 -0.984252 0.984252,
        7.263779 -0.984252 0.984252,
        5.736220 -0.984252 0.984252,
        6.263780 -0.984252 0.984252,
        5.263780 0.984252 0.984252,
        4.736220 -0.984252 0.984252,
        5.263780 -0.984252 0.984252,
        4.263780 0.984252 0.984252,
        3.736220 -0.984252 0.984252,
        4.263780 -0.984252 0.984252,
        3.263780 0.984252 0.984252,
        2.736220 -0.984252 0.984252,
        3.263780 -0.984252 0.984252,
        2.263780 0.984252 0.984252,
        1.736220 -0.984252 0.984252,
        2.263780 -0.984252 0.984252,
        6.460630 -0.787402 0.984252,
        5.539370 -0.787402 0.984252,
        5.460630 -0.787402 0.984252,
        4.539370 -0.787402 0.984252,
        4.460630 -0.787402 0.984252,
        3.539370 -0.787402 0.984252,
        3.460630 -0.787402 0.984252,
        2.539370 -0.787402 0.984252,
        2.460630 -0.787402 0.984252,
        1.539370 -0.787402 0.984252,
        1.460630 -0.787402 0.984252,
        0.736220 -0.984252 0.984252,
        1.263780 -0.984252 0.984252,
        -1.460630 -0.787402 0.984252,
        -1.263780 -0.984252 0.984252,
        -0.736220 -0.984252 0.984252,
        -1.539370 -0.787402 0.984252,
        -2.460630 -0.787402 0.984252,
        -2.263780 -0.984252 0.984252,
        -1.736220 -0.984252 0.984252,
        -2.539370 -0.787402 0.984252,
        -3.460630 -0.787402 0.984252,
        -3.263780 -0.984252 0.984252,
        -2.736220 -0.984252 0.984252,
        -4.263780 -0.984252 0.984252,
        -3.736220 -0.984252 0.984252,
        -5.263780 -0.984252 0.984252,
        -4.736220 -0.984252 0.984252,
        -3.539370 -0.787402 0.984252,
        -4.460630 -0.787402 0.984252,
        -4.539370 -0.787402 0.984252,
        -5.460630 -0.787402 0.984252,
        -5.539370 -0.787402 0.984252,
        -6.460630 -0.787402 0.984252,
        -6.263780 -0.984252 0.984252,
        -5.736220 -0.984252 0.984252,
        -6.539370 -0.787402 0.984252,
        -7.460630 -0.787402 0.984252,
        -7.263779 -0.984252 0.984252,
        -6.736220 -0.984252 0.984252,
        -7.539370 -0.787402 0.984252,
        -8.460630 -0.787402 0.984252,
        -8.263780 -0.984252 0.984252,
        -7.736220 -0.984252 0.984252,
        -8.539370 -0.787402 0.984252,
        -9.460630 -0.787402 0.984252,
        -9.263780 -0.984252 0.984252,
        -8.736221 -0.984252 0.984252,
        -9.539370 -0.787402 0.984252,
        -11.500000 -0.787402 0.984252,
        -11.460630 -0.787402 0.984252,
        -10.539370 -0.787402 0.984252,
        -10.460630 -0.787402 0.984252,
        -10.263780 -0.984252 0.984252,
        -9.736221 -0.984252 0.984252,
        -11.263780 -0.984252 0.984252,
        -10.736220 -0.984252 0.984252,
        -9.539370 0.787402 0.984252,
        -10.460630 0.787402 0.984252,
        -9.736221 0.984252 0.984252,
        -10.263780 0.984252 0.984252,
        -11.460630 0.787402 0.984252,
        -11.500000 0.787402 0.984252,
        -10.539370 0.787402 0.984252,
        -10.736220 0.984252 0.984252,
        -11.263780 0.984252 0.984252,
        -8.539370 0.787402 0.984252,
        -9.460630 0.787402 0.984252,
        -8.736221 0.984252 0.984252,
        -9.263780 0.984252 0.984252,
        -7.539370 0.787402 0.984252,
        -8.460630 0.787402 0.984252,
        -7.736220 0.984252 0.984252,
        -8.263780 0.984252 0.984252,
        -6.539370 0.787402 0.984252,
        -7.460630 0.787402 0.984252,
        -6.736220 0.984252 0.984252,
        -7.263779 0.984252 0.984252,
        -5.539370 0.787402 0.984252,
        -6.460630 0.787402 0.984252,
        -5.736220 0.984252 0.984252,
        -6.263780 0.984252 0.984252,
        -3.539370 0.787402 0.984252,
        -4.460630 0.787402 0.984252,
        -3.736220 0.984252 0.984252,
        -4.263780 0.984252 0.984252,
        -5.460630 0.787402 0.984252,
        -4.539370 0.787402 0.984252,
        -4.736220 0.984252 0.984252,
        -5.263780 0.984252 0.984252,
        -2.539370 0.787402 0.984252,
        -3.460630 0.787402 0.984252,
        -2.736220 0.984252 0.984252,
        -3.263780 0.984252 0.984252,
        -1.539370 0.787402 0.984252,
        -2.460630 0.787402 0.984252,
        -1.736220 0.984252 0.984252,
        -2.263780 0.984252 0.984252,
        -1.460630 0.787402 0.984252,
        -0.736220 0.984252 0.984252,
        -1.263780 0.984252 0.984252,
        10.263780 0.984252 0.000000,
        10.460630 0.787402 0.000000,
        10.500000 0.787402 0.000000,
        0.736220 0.984252 0.000000,
        1.263780 0.984252 0.000000,
        0.500000 0.669291 0.000000,
        1.460630 0.787402 0.000000,
        -0.500000 0.669291 0.000000,
        0.500000 -0.669291 0.000000,
        1.539370 -0.787402 0.000000,
        1.460630 -0.787402 0.000000,
        1.263780 -0.984252 0.000000,
        0.736220 -0.984252 0.000000,
        -0.500000 -0.669291 0.000000,
        -1.460630 0.787402 0.000000,
        -1.263780 0.984252 0.000000,
        -0.736220 0.984252 0.000000,
        -2.460630 0.787402 0.000000,
        -2.263780 0.984252 0.000000,
        -1.736220 0.984252 0.000000,
        -1.539370 0.787402 0.000000,
        -3.460630 0.787402 0.000000,
        -3.263780 0.984252 0.000000,
        -2.736220 0.984252 0.000000,
        -2.539370 0.787402 0.000000,
        -5.460630 0.787402 0.000000,
        -5.263780 0.984252 0.000000,
        -4.736220 0.984252 0.000000,
        -5.539370 0.787402 0.000000,
        -4.539370 0.787402 0.000000,
        -4.263780 0.984252 0.000000,
        -3.736220 0.984252 0.000000,
        -4.460630 0.787402 0.000000,
        -3.539370 0.787402 0.000000,
        -6.539370 0.787402 0.000000,
        -6.460630 0.787402 0.000000,
        -6.263780 0.984252 0.000000,
        -5.736220 0.984252 0.000000,
        -7.539370 0.787402 0.000000,
        -7.460630 0.787402 0.000000,
        -7.263779 0.984252 0.000000,
        -6.736220 0.984252 0.000000,
        -8.460630 0.787402 0.000000,
        -8.263780 0.984252 0.000000,
        -7.736220 0.984252 0.000000,
        -9.460630 0.787402 0.000000,
        -9.263780 0.984252 0.000000,
        -8.736221 0.984252 0.000000,
        -8.539370 0.787402 0.000000,
        -11.500000 0.787402 0.000000,
        -11.460630 0.787402 0.000000,
        -11.263780 0.984252 0.000000,
        -10.736220 0.984252 0.000000,
        -10.539370 0.787402 0.000000,
        -10.263780 0.984252 0.000000,
        -9.736221 0.984252 0.000000,
        -10.460630 0.787402 0.000000,
        -9.539370 0.787402 0.000000,
        -10.460630 -0.787402 0.000000,
        -10.539370 -0.787402 0.000000,
        -10.736220 -0.984252 0.000000,
        -11.263780 -0.984252 0.000000,
        -11.460630 -0.787402 0.000000,
        -11.500000 -0.787402 0.000000,
        -8.539370 -0.787402 0.000000,
        -8.736221 -0.984252 0.000000,
        -9.263780 -0.984252 0.000000,
        -9.460630 -0.787402 0.000000,
        -9.539370 -0.787402 0.000000,
        -7.539370 -0.787402 0.000000,
        -7.736220 -0.984252 0.000000,
        -8.263780 -0.984252 0.000000,
        -8.460630 -0.787402 0.000000,
        -6.539370 -0.787402 0.000000,
        -6.736220 -0.984252 0.000000,
        -7.263779 -0.984252 0.000000,
        -7.460630 -0.787402 0.000000,
        -5.539370 -0.787402 0.000000,
        -5.736220 -0.984252 0.000000,
        -6.263780 -0.984252 0.000000,
        -6.460630 -0.787402 0.000000,
        -3.460630 -0.787402 0.000000,
        -3.539370 -0.787402 0.000000,
        -4.460630 -0.787402 0.000000,
        -4.539370 -0.787402 0.000000,
        -4.736220 -0.984252 0.000000,
        -5.263780 -0.984252 0.000000,
        -5.460630 -0.787402 0.000000,
        -2.460630 -0.787402 0.000000,
        -2.539370 -0.787402 0.000000,
        -2.736220 -0.984252 0.000000,
        -3.263780 -0.984252 0.000000,
        -1.539370 -0.787402 0.000000,
        -1.736220 -0.984252 0.000000,
        -2.263780 -0.984252 0.000000,
        -0.736220 -0.984252 0.000000,
        -1.263780 -0.984252 0.000000,
        -1.460630 -0.787402 0.000000,
        2.539370 -0.787402 0.000000,
        2.460630 -0.787402 0.000000,
        2.263780 -0.984252 0.000000,
        1.736220 -0.984252 0.000000,
        3.539370 -0.787402 0.000000,
        3.460630 -0.787402 0.000000,
        3.263780 -0.984252 0.000000,
        2.736220 -0.984252 0.000000,
        4.539370 -0.787402 0.000000,
        4.460630 -0.787402 0.000000,
        4.263780 -0.984252 0.000000,
        3.736220 -0.984252 0.000000,
        5.460630 -0.787402 0.000000,
        5.263780 -0.984252 0.000000,
        4.736220 -0.984252 0.000000,
        7.539370 -0.787402 0.000000,
        7.460630 -0.787402 0.000000,
        6.539370 -0.787402 0.000000,
        6.460630 -0.787402 0.000000,
        6.263780 -0.984252 0.000000,
        5.736220 -0.984252 0.000000,
        5.539370 -0.787402 0.000000,
        8.539370 -0.787402 0.000000,
        8.460630 -0.787402 0.000000,
        8.263780 -0.984252 0.000000,
        7.736220 -0.984252 0.000000,
        9.460630 -0.787402 0.000000,
        9.263780 -0.984252 0.000000,
        8.736221 -0.984252 0.000000,
        10.263780 -0.984252 0.000000,
        9.736221 -0.984252 0.000000,
        9.539370 -0.787402 0.000000,
        10.500000 -0.787402 0.000000,
        10.460630 -0.787402 0.000000,
        9.736221 0.984252 0.000000,
        8.539370 0.787402 0.000000,
        8.736221 0.984252 0.000000,
        9.263780 0.984252 0.000000,
        9.460630 0.787402 0.000000,
        9.539370 0.787402 0.000000,
        7.539370 0.787402 0.000000,
        7.736220 0.984252 0.000000,
        8.263780 0.984252 0.000000,
        8.460630 0.787402 0.000000,
        6.460630 0.787402 0.000000,
        6.539370 0.787402 0.000000,
        6.736220 0.984252 0.000000,
        7.263779 0.984252 0.000000,
        7.460630 0.787402 0.000000,
        4.539370 0.787402 0.000000,
        4.736220 0.984252 0.000000,
        5.263780 0.984252 0.000000,
        5.460630 0.787402 0.000000,
        5.539370 0.787402 0.000000,
        3.539370 0.787402 0.000000,
        3.736220 0.984252 0.000000,
        4.263780 0.984252 0.000000,
        4.460630 0.787402 0.000000,
        2.539370 0.787402 0.000000,
        2.736220 0.984252 0.000000,
        3.263780 0.984252 0.000000,
        3.460630 0.787402 0.000000,
        1.539370 0.787402 0.000000,
        1.736220 0.984252 0.000000,
        2.263780 0.984252 0.000000,
        2.460630 0.787402 0.000000,
        5.736220 0.984252 0.000000,
        6.263780 0.984252 0.000000,
        -10.263780 -0.984252 0.000000,
        -9.736221 -0.984252 0.000000,
        -4.263780 -0.984252 0.000000,
        -3.736220 -0.984252 0.000000,
        7.263779 -0.984252 0.000000,
        6.736220 -0.984252 0.000000,
      ]
    }
    coordIndex [
      193, 187, 0, -1,
      0, 187, 3, -1,
      179, 178, 195, -1,
      195, 178, 196, -1,
      177, 179, 194, -1,
      194, 179, 195, -1,
      173, 177, 200, -1,
      200, 177, 194, -1,
      92, 95, 277, -1,
      277, 95, 272, -1,
      93, 92, 276, -1,
      276, 92, 277, -1,
      94, 93, 275, -1,
      275, 93, 276, -1,
      6, 94, 7, -1,
      7, 94, 275, -1,
      178, 4, 196, -1,
      196, 4, 5, -1,
      176, 175, 198, -1,
      198, 175, 199, -1,
      174, 176, 197, -1,
      197, 176, 198, -1,
      169, 174, 204, -1,
      204, 174, 197, -1,
      96, 99, 268, -1,
      268, 99, 269, -1,
      97, 96, 274, -1,
      274, 96, 268, -1,
      98, 97, 273, -1,
      273, 97, 274, -1,
      95, 98, 272, -1,
      272, 98, 273, -1,
      175, 173, 199, -1,
      199, 173, 200, -1,
      172, 171, 202, -1,
      202, 171, 203, -1,
      170, 172, 201, -1,
      201, 172, 202, -1,
      161, 170, 213, -1,
      213, 170, 201, -1,
      100, 107, 261, -1,
      261, 107, 262, -1,
      101, 100, 271, -1,
      271, 100, 261, -1,
      102, 101, 270, -1,
      270, 101, 271, -1,
      99, 102, 269, -1,
      269, 102, 270, -1,
      171, 169, 203, -1,
      203, 169, 204, -1,
      164, 163, 210, -1,
      210, 163, 211, -1,
      162, 164, 212, -1,
      212, 164, 210, -1,
      166, 162, 209, -1,
      209, 162, 212, -1,
      108, 109, 263, -1,
      263, 109, 264, -1,
      103, 108, 348, -1,
      348, 108, 263, -1,
      104, 103, 349, -1,
      349, 103, 348, -1,
      107, 104, 262, -1,
      262, 104, 349, -1,
      163, 161, 211, -1,
      211, 161, 213, -1,
      168, 167, 206, -1,
      206, 167, 207, -1,
      165, 168, 205, -1,
      205, 168, 206, -1,
      157, 165, 208, -1,
      208, 165, 205, -1,
      110, 111, 267, -1,
      267, 111, 257, -1,
      105, 110, 266, -1,
      266, 110, 267, -1,
      106, 105, 265, -1,
      265, 105, 266, -1,
      109, 106, 264, -1,
      264, 106, 265, -1,
      167, 166, 207, -1,
      207, 166, 209, -1,
      160, 159, 216, -1,
      216, 159, 217, -1,
      158, 160, 215, -1,
      215, 160, 216, -1,
      153, 158, 214, -1,
      214, 158, 215, -1,
      112, 115, 260, -1,
      260, 115, 253, -1,
      113, 112, 259, -1,
      259, 112, 260, -1,
      114, 113, 258, -1,
      258, 113, 259, -1,
      111, 114, 257, -1,
      257, 114, 258, -1,
      159, 157, 217, -1,
      217, 157, 208, -1,
      156, 155, 220, -1,
      220, 155, 221, -1,
      154, 156, 219, -1,
      219, 156, 220, -1,
      149, 154, 218, -1,
      218, 154, 219, -1,
      116, 119, 256, -1,
      256, 119, 249, -1,
      117, 116, 255, -1,
      255, 116, 256, -1,
      118, 117, 254, -1,
      254, 117, 255, -1,
      115, 118, 253, -1,
      253, 118, 254, -1,
      155, 153, 221, -1,
      221, 153, 214, -1,
      152, 151, 223, -1,
      223, 151, 224, -1,
      150, 152, 222, -1,
      222, 152, 223, -1,
      145, 150, 228, -1,
      228, 150, 222, -1,
      120, 123, 252, -1,
      252, 123, 244, -1,
      121, 120, 251, -1,
      251, 120, 252, -1,
      122, 121, 250, -1,
      250, 121, 251, -1,
      119, 122, 249, -1,
      249, 122, 250, -1,
      151, 149, 224, -1,
      224, 149, 218, -1,
      148, 147, 226, -1,
      226, 147, 227, -1,
      146, 148, 225, -1,
      225, 148, 226, -1,
      136, 146, 237, -1,
      237, 146, 225, -1,
      124, 127, 247, -1,
      247, 127, 248, -1,
      125, 124, 246, -1,
      246, 124, 247, -1,
      126, 125, 245, -1,
      245, 125, 246, -1,
      123, 126, 244, -1,
      244, 126, 245, -1,
      147, 145, 227, -1,
      227, 145, 228, -1,
      139, 138, 234, -1,
      234, 138, 235, -1,
      137, 139, 236, -1,
      236, 139, 234, -1,
      142, 137, 233, -1,
      233, 137, 236, -1,
      131, 130, 238, -1,
      238, 130, 239, -1,
      132, 131, 346, -1,
      346, 131, 238, -1,
      133, 132, 347, -1,
      347, 132, 346, -1,
      127, 133, 248, -1,
      248, 133, 347, -1,
      138, 136, 235, -1,
      235, 136, 237, -1,
      144, 143, 231, -1,
      231, 143, 232, -1,
      140, 144, 230, -1,
      230, 144, 231, -1,
      141, 140, 229, -1,
      229, 140, 230, -1,
      128, 141, 243, -1,
      243, 141, 229, -1,
      129, 128, 242, -1,
      242, 128, 243, -1,
      134, 129, 241, -1,
      241, 129, 242, -1,
      135, 134, 240, -1,
      240, 134, 241, -1,
      130, 135, 239, -1,
      239, 135, 240, -1,
      143, 142, 232, -1,
      232, 142, 233, -1,
      1, 2, 188, -1,
      188, 2, 185, -1,
      14, 13, 183, -1,
      183, 13, 184, -1,
      10, 14, 11, -1,
      11, 14, 183, -1,
      90, 8, 192, -1,
      192, 8, 9, -1,
      91, 90, 191, -1,
      191, 90, 192, -1,
      89, 91, 190, -1,
      190, 91, 191, -1,
      88, 89, 189, -1,
      189, 89, 190, -1,
      12, 16, 186, -1,
      186, 16, 340, -1,
      13, 12, 184, -1,
      184, 12, 186, -1,
      17, 76, 341, -1,
      341, 76, 342, -1,
      16, 17, 340, -1,
      340, 17, 341, -1,
      77, 88, 281, -1,
      281, 88, 189, -1,
      78, 77, 280, -1,
      280, 77, 281, -1,
      87, 78, 279, -1,
      279, 78, 280, -1,
      86, 87, 278, -1,
      278, 87, 279, -1,
      15, 19, 343, -1,
      343, 19, 336, -1,
      76, 15, 342, -1,
      342, 15, 343, -1,
      20, 73, 337, -1,
      337, 73, 338, -1,
      19, 20, 336, -1,
      336, 20, 337, -1,
      74, 86, 285, -1,
      285, 86, 278, -1,
      75, 74, 284, -1,
      284, 74, 285, -1,
      85, 75, 283, -1,
      283, 75, 284, -1,
      84, 85, 282, -1,
      282, 85, 283, -1,
      18, 22, 339, -1,
      339, 22, 332, -1,
      73, 18, 338, -1,
      338, 18, 339, -1,
      23, 70, 333, -1,
      333, 70, 334, -1,
      22, 23, 332, -1,
      332, 23, 333, -1,
      71, 84, 289, -1,
      289, 84, 282, -1,
      72, 71, 288, -1,
      288, 71, 289, -1,
      83, 72, 287, -1,
      287, 72, 288, -1,
      82, 83, 286, -1,
      286, 83, 287, -1,
      21, 25, 335, -1,
      335, 25, 327, -1,
      70, 21, 334, -1,
      334, 21, 335, -1,
      26, 67, 328, -1,
      328, 67, 329, -1,
      25, 26, 327, -1,
      327, 26, 328, -1,
      68, 82, 292, -1,
      292, 82, 286, -1,
      69, 68, 291, -1,
      291, 68, 292, -1,
      81, 69, 290, -1,
      290, 69, 291, -1,
      80, 81, 299, -1,
      299, 81, 290, -1,
      24, 31, 330, -1,
      330, 31, 331, -1,
      67, 24, 329, -1,
      329, 24, 330, -1,
      34, 33, 344, -1,
      344, 33, 345, -1,
      31, 34, 331, -1,
      331, 34, 344, -1,
      65, 80, 298, -1,
      298, 80, 299, -1,
      66, 65, 297, -1,
      297, 65, 298, -1,
      79, 66, 296, -1,
      296, 66, 297, -1,
      62, 79, 295, -1,
      295, 79, 296, -1,
      32, 28, 322, -1,
      322, 28, 323, -1,
      33, 32, 345, -1,
      345, 32, 322, -1,
      30, 29, 324, -1,
      324, 29, 325, -1,
      28, 30, 323, -1,
      323, 30, 324, -1,
      63, 62, 351, -1,
      351, 62, 295, -1,
      64, 63, 350, -1,
      350, 63, 351, -1,
      61, 64, 294, -1,
      294, 64, 350, -1,
      60, 61, 293, -1,
      293, 61, 294, -1,
      27, 36, 326, -1,
      326, 36, 318, -1,
      29, 27, 325, -1,
      325, 27, 326, -1,
      37, 53, 319, -1,
      319, 53, 320, -1,
      36, 37, 318, -1,
      318, 37, 319, -1,
      54, 60, 303, -1,
      303, 60, 293, -1,
      55, 54, 302, -1,
      302, 54, 303, -1,
      59, 55, 301, -1,
      301, 55, 302, -1,
      58, 59, 300, -1,
      300, 59, 301, -1,
      35, 39, 321, -1,
      321, 39, 313, -1,
      53, 35, 320, -1,
      320, 35, 321, -1,
      40, 50, 314, -1,
      314, 50, 315, -1,
      39, 40, 313, -1,
      313, 40, 314, -1,
      51, 58, 306, -1,
      306, 58, 300, -1,
      52, 51, 305, -1,
      305, 51, 306, -1,
      57, 52, 304, -1,
      304, 52, 305, -1,
      56, 57, 309, -1,
      309, 57, 304, -1,
      38, 41, 316, -1,
      316, 41, 317, -1,
      50, 38, 315, -1,
      315, 38, 316, -1,
      45, 44, 312, -1,
      312, 44, 180, -1,
      41, 45, 317, -1,
      317, 45, 312, -1,
      46, 56, 308, -1,
      308, 56, 309, -1,
      49, 46, 307, -1,
      307, 46, 308, -1,
      48, 49, 311, -1,
      311, 49, 307, -1,
      47, 48, 310, -1,
      310, 48, 311, -1,
      42, 47, 182, -1,
      182, 47, 310, -1,
      43, 42, 181, -1,
      181, 42, 182, -1,
      44, 43, 180, -1,
      180, 43, 181, -1,
    ]
  }
}

Shape {
  appearance Appearance {
    material Material {
      diffuseColor 0.6667 0.6980 0.7686
      specularColor 0.3333 0.3490 0.3843
      ambientIntensity 0.2
      transparency 0.0000
      shininess 0.5
    }
  }
  geometry IndexedFaceSet {
    ccw TRUE
    solid FALSE
    coord DEF co Coordinate {
      point [
        -9.125984 -0.374016 0.984252,
        -8.874015 -0.374016 0.984252,
        -8.125985 -0.374016 0.984252,
        -7.874016 -0.374016 0.984252,
        -7.125984 -0.374016 0.984252,
        -6.874015 -0.374016 0.984252,
        -6.125984 -0.374016 0.984252,
        -5.874016 -0.374016 0.984252,
        -3.125984 -0.374016 0.984252,
        -2.874016 -0.374016 0.984252,
        -2.125984 -0.374016 0.984252,
        -1.874016 -0.374016 0.984252,
        -1.125984 -0.374016 0.984252,
        -0.874016 -0.374016 0.984252,
        1.874016 -0.374016 0.984252,
        2.125984 -0.374016 0.984252,
        2.874016 -0.374016 0.984252,
        3.125984 -0.374016 0.984252,
        3.874016 -0.374016 0.984252,
        4.125984 -0.374016 0.984252,
        4.874016 -0.374016 0.984252,
        5.125984 -0.374016 0.984252,
        7.874016 -0.374016 0.984252,
        8.125985 -0.374016 0.984252,
        8.874015 -0.374016 0.984252,
        9.125984 -0.374016 0.984252,
        0.874016 0.374016 0.984252,
        0.874016 0.625984 0.984252,
        1.125984 0.374016 0.984252,
        1.125984 0.625984 0.984252,
        2.125984 0.374016 0.984252,
        1.874016 0.374016 0.984252,
        1.874016 0.625984 0.984252,
        3.125984 0.374016 0.984252,
        2.874016 0.374016 0.984252,
        2.874016 0.625984 0.984252,
        4.125984 0.374016 0.984252,
        3.874016 0.374016 0.984252,
        3.874016 0.625984 0.984252,
        5.125984 0.374016 0.984252,
        4.874016 0.374016 0.984252,
        4.874016 0.625984 0.984252,
        6.125984 0.374016 0.984252,
        5.874016 0.374016 0.984252,
        6.125984 0.625984 0.984252,
        6.874015 0.374016 0.984252,
        6.874015 0.625984 0.984252,
        7.125984 0.374016 0.984252,
        7.125984 0.625984 0.984252,
        5.874016 0.625984 0.984252,
        8.125985 0.374016 0.984252,
        7.874016 0.374016 0.984252,
        7.874016 0.625984 0.984252,
        9.125984 0.374016 0.984252,
        8.874015 0.374016 0.984252,
        8.874015 0.625984 0.984252,
        9.874016 0.374016 0.984252,
        10.125985 0.374016 0.984252,
        10.125985 0.625984 0.984252,
        9.874016 0.625984 0.984252,
        9.125984 0.625984 0.984252,
        8.125985 0.625984 0.984252,
        9.874016 -0.374016 0.984252,
        10.125985 -0.374016 0.984252,
        10.125985 -0.625984 0.984252,
        9.874016 -0.625984 0.984252,
        9.125984 -0.625984 0.984252,
        8.874015 -0.625984 0.984252,
        8.125985 -0.625984 0.984252,
        7.874016 -0.625984 0.984252,
        6.874015 -0.625984 0.984252,
        7.125984 -0.374016 0.984252,
        7.125984 -0.625984 0.984252,
        6.125984 -0.374016 0.984252,
        6.874015 -0.374016 0.984252,
        5.874016 -0.374016 0.984252,
        5.125984 0.625984 0.984252,
        4.125984 0.625984 0.984252,
        3.125984 0.625984 0.984252,
        2.125984 0.625984 0.984252,
        6.125984 -0.625984 0.984252,
        5.874016 -0.625984 0.984252,
        5.125984 -0.625984 0.984252,
        4.874016 -0.625984 0.984252,
        4.125984 -0.625984 0.984252,
        3.874016 -0.625984 0.984252,
        3.125984 -0.625984 0.984252,
        2.874016 -0.625984 0.984252,
        2.125984 -0.625984 0.984252,
        1.874016 -0.625984 0.984252,
        1.125984 -0.374016 0.984252,
        1.125984 -0.625984 0.984252,
        0.874016 -0.625984 0.984252,
        0.874016 -0.374016 0.984252,
        -0.874016 -0.625984 0.984252,
        -1.125984 -0.625984 0.984252,
        -1.874016 -0.625984 0.984252,
        -2.125984 -0.625984 0.984252,
        -2.874016 -0.625984 0.984252,
        -3.125984 -0.625984 0.984252,
        -5.125984 -0.374016 0.984252,
        -4.874016 -0.374016 0.984252,
        -4.125984 -0.374016 0.984252,
        -3.874016 -0.374016 0.984252,
        -3.874016 -0.625984 0.984252,
        -4.125984 -0.625984 0.984252,
        -4.874016 -0.625984 0.984252,
        -5.125984 -0.625984 0.984252,
        -5.874016 -0.625984 0.984252,
        -6.125984 -0.625984 0.984252,
        -6.874015 -0.625984 0.984252,
        -7.125984 -0.625984 0.984252,
        -7.874016 -0.625984 0.984252,
        -8.125985 -0.625984 0.984252,
        -8.874015 -0.625984 0.984252,
        -9.125984 -0.625984 0.984252,
        -9.874016 -0.374016 0.984252,
        -9.874016 -0.625984 0.984252,
        -10.874016 -0.374016 0.984252,
        -11.125984 -0.374016 0.984252,
        -10.125985 -0.374016 0.984252,
        -11.125984 -0.625984 0.984252,
        -10.874016 -0.625984 0.984252,
        -10.125985 -0.625984 0.984252,
        -10.874016 0.374016 0.984252,
        -11.125984 0.374016 0.984252,
        -10.874016 0.625984 0.984252,
        -10.125985 0.374016 0.984252,
        -10.125985 0.625984 0.984252,
        -9.874016 0.374016 0.984252,
        -9.874016 0.625984 0.984252,
        -11.125984 0.625984 0.984252,
        -8.874015 0.374016 0.984252,
        -9.125984 0.374016 0.984252,
        -9.125984 0.625984 0.984252,
        -8.874015 0.625984 0.984252,
        -7.874016 0.374016 0.984252,
        -8.125985 0.374016 0.984252,
        -8.125985 0.625984 0.984252,
        -7.874016 0.625984 0.984252,
        -6.874015 0.374016 0.984252,
        -7.125984 0.374016 0.984252,
        -7.125984 0.625984 0.984252,
        -6.874015 0.625984 0.984252,
        -5.874016 0.374016 0.984252,
        -6.125984 0.374016 0.984252,
        -6.125984 0.625984 0.984252,
        -5.874016 0.625984 0.984252,
        -4.874016 0.374016 0.984252,
        -5.125984 0.374016 0.984252,
        -4.874016 0.625984 0.984252,
        -4.125984 0.374016 0.984252,
        -4.125984 0.625984 0.984252,
        -3.874016 0.374016 0.984252,
        -3.874016 0.625984 0.984252,
        -5.125984 0.625984 0.984252,
        -2.874016 0.374016 0.984252,
        -3.125984 0.374016 0.984252,
        -3.125984 0.625984 0.984252,
        -2.874016 0.625984 0.984252,
        -1.874016 0.374016 0.984252,
        -2.125984 0.374016 0.984252,
        -2.125984 0.625984 0.984252,
        -1.874016 0.625984 0.984252,
        -0.874016 0.374016 0.984252,
        -1.125984 0.374016 0.984252,
        -1.125984 0.625984 0.984252,
        -0.874016 0.625984 0.984252,
        6.125984 0.625984 0.000000,
        5.874016 0.625984 0.000000,
        1.125984 0.374016 0.000000,
        0.874016 0.374016 0.000000,
        0.874016 0.625984 0.000000,
        1.125984 0.625984 0.000000,
        0.874016 -0.625984 0.000000,
        1.125984 -0.625984 0.000000,
        0.874016 -0.374016 0.000000,
        1.125984 -0.374016 0.000000,
        -10.874016 0.374016 0.000000,
        -10.874016 0.625984 0.000000,
        -9.874016 0.625984 0.000000,
        -10.125985 0.625984 0.000000,
        -11.125984 0.374016 0.000000,
        -11.125984 0.625984 0.000000,
        -9.874016 0.374016 0.000000,
        -10.125985 0.374016 0.000000,
        -8.874015 0.625984 0.000000,
        -9.125984 0.625984 0.000000,
        -9.125984 0.374016 0.000000,
        -8.874015 0.374016 0.000000,
        -8.125985 0.625984 0.000000,
        -7.874016 0.625984 0.000000,
        -8.125985 0.374016 0.000000,
        -7.874016 0.374016 0.000000,
        -7.125984 0.625984 0.000000,
        -6.874015 0.625984 0.000000,
        -7.125984 0.374016 0.000000,
        -6.874015 0.374016 0.000000,
        -5.874016 0.374016 0.000000,
        -5.874016 0.625984 0.000000,
        -6.125984 0.625984 0.000000,
        -4.874016 0.374016 0.000000,
        -4.874016 0.625984 0.000000,
        -3.874016 0.625984 0.000000,
        -4.125984 0.625984 0.000000,
        -5.125984 0.625984 0.000000,
        -5.125984 0.374016 0.000000,
        -6.125984 0.374016 0.000000,
        -3.874016 0.374016 0.000000,
        -4.125984 0.374016 0.000000,
        -2.874016 0.374016 0.000000,
        -3.125984 0.374016 0.000000,
        -3.125984 0.625984 0.000000,
        -2.874016 0.625984 0.000000,
        -1.874016 0.374016 0.000000,
        -2.125984 0.374016 0.000000,
        -2.125984 0.625984 0.000000,
        -1.874016 0.625984 0.000000,
        -1.125984 0.625984 0.000000,
        -1.125984 0.374016 0.000000,
        -0.874016 0.374016 0.000000,
        -0.874016 0.625984 0.000000,
        2.125984 0.374016 0.000000,
        1.874016 0.374016 0.000000,
        1.874016 0.625984 0.000000,
        2.125984 0.625984 0.000000,
        3.125984 0.374016 0.000000,
        2.874016 0.374016 0.000000,
        2.874016 0.625984 0.000000,
        3.125984 0.625984 0.000000,
        4.125984 0.374016 0.000000,
        3.874016 0.374016 0.000000,
        3.874016 0.625984 0.000000,
        4.125984 0.625984 0.000000,
        5.125984 0.374016 0.000000,
        4.874016 0.374016 0.000000,
        4.874016 0.625984 0.000000,
        5.125984 0.625984 0.000000,
        5.874016 0.374016 0.000000,
        6.874015 0.625984 0.000000,
        6.125984 0.374016 0.000000,
        6.874015 0.374016 0.000000,
        7.125984 0.374016 0.000000,
        7.125984 0.625984 0.000000,
        8.125985 0.374016 0.000000,
        7.874016 0.374016 0.000000,
        7.874016 0.625984 0.000000,
        8.125985 0.625984 0.000000,
        9.125984 0.374016 0.000000,
        8.874015 0.374016 0.000000,
        8.874015 0.625984 0.000000,
        9.125984 0.625984 0.000000,
        10.125985 0.625984 0.000000,
        9.874016 0.625984 0.000000,
        10.125985 0.374016 0.000000,
        9.874016 0.374016 0.000000,
        -10.125985 -0.625984 0.000000,
        -9.874016 -0.625984 0.000000,
        -11.125984 -0.625984 0.000000,
        -10.874016 -0.625984 0.000000,
        -9.874016 -0.374016 0.000000,
        -10.125985 -0.374016 0.000000,
        -11.125984 -0.374016 0.000000,
        -10.874016 -0.374016 0.000000,
        -8.874015 -0.625984 0.000000,
        -8.874015 -0.374016 0.000000,
        -9.125984 -0.374016 0.000000,
        -7.874016 -0.625984 0.000000,
        -7.874016 -0.374016 0.000000,
        -8.125985 -0.374016 0.000000,
        -9.125984 -0.625984 0.000000,
        -6.874015 -0.625984 0.000000,
        -6.874015 -0.374016 0.000000,
        -7.125984 -0.374016 0.000000,
        -8.125985 -0.625984 0.000000,
        -5.874016 -0.625984 0.000000,
        -5.874016 -0.374016 0.000000,
        -6.125984 -0.374016 0.000000,
        -7.125984 -0.625984 0.000000,
        -4.125984 -0.625984 0.000000,
        -3.874016 -0.625984 0.000000,
        -5.125984 -0.374016 0.000000,
        -5.125984 -0.625984 0.000000,
        -4.874016 -0.625984 0.000000,
        -3.874016 -0.374016 0.000000,
        -4.125984 -0.374016 0.000000,
        -4.874016 -0.374016 0.000000,
        -6.125984 -0.625984 0.000000,
        -2.874016 -0.625984 0.000000,
        -2.874016 -0.374016 0.000000,
        -3.125984 -0.374016 0.000000,
        -3.125984 -0.625984 0.000000,
        -1.874016 -0.625984 0.000000,
        -1.874016 -0.374016 0.000000,
        -2.125984 -0.374016 0.000000,
        -2.125984 -0.625984 0.000000,
        -1.125984 -0.374016 0.000000,
        -0.874016 -0.374016 0.000000,
        -0.874016 -0.625984 0.000000,
        -1.125984 -0.625984 0.000000,
        2.125984 -0.625984 0.000000,
        2.125984 -0.374016 0.000000,
        1.874016 -0.374016 0.000000,
        1.874016 -0.625984 0.000000,
        3.125984 -0.625984 0.000000,
        3.125984 -0.374016 0.000000,
        2.874016 -0.374016 0.000000,
        2.874016 -0.625984 0.000000,
        4.125984 -0.625984 0.000000,
        4.125984 -0.374016 0.000000,
        3.874016 -0.374016 0.000000,
        3.874016 -0.625984 0.000000,
        5.125984 -0.625984 0.000000,
        5.125984 -0.374016 0.000000,
        4.874016 -0.374016 0.000000,
        4.874016 -0.625984 0.000000,
        7.125984 -0.374016 0.000000,
        7.125984 -0.625984 0.000000,
        6.874015 -0.625984 0.000000,
        6.125984 -0.625984 0.000000,
        6.874015 -0.374016 0.000000,
        6.125984 -0.374016 0.000000,
        5.874016 -0.374016 0.000000,
        5.874016 -0.625984 0.000000,
        8.125985 -0.625984 0.000000,
        8.125985 -0.374016 0.000000,
        7.874016 -0.374016 0.000000,
        7.874016 -0.625984 0.000000,
        9.125984 -0.625984 0.000000,
        9.125984 -0.374016 0.000000,
        8.874015 -0.374016 0.000000,
        8.874015 -0.625984 0.000000,
        9.874016 -0.374016 0.000000,
        10.125985 -0.374016 0.000000,
        10.125985 -0.625984 0.000000,
        9.874016 -0.625984 0.000000,
        -0.931334 0.568666 -1.181102,
        -0.931334 0.431334 -1.181102,
        -1.068666 0.568666 -1.181102,
        -1.068666 0.431334 -1.181102,
        -0.874016 0.625984 -1.023622,
        -0.874016 0.374016 -1.023622,
        -1.125984 0.374016 -1.023622,
        -1.125984 0.625984 -1.023622,
        -0.874016 0.625984 3.188976,
        -1.125984 0.625984 3.188976,
        -1.125984 0.374016 3.188976,
        -0.874016 0.374016 3.188976,
        -0.931334 0.431334 3.346457,
        -0.931334 0.568666 3.346457,
        -1.068666 0.431334 3.346457,
        -1.068666 0.568666 3.346457,
        -1.068666 -0.568666 -1.181102,
        -1.068666 -0.431334 -1.181102,
        -0.931334 -0.568666 -1.181102,
        -0.931334 -0.431334 -1.181102,
        -1.125984 -0.625984 -1.023622,
        -1.125984 -0.374016 -1.023622,
        -0.874016 -0.374016 -1.023622,
        -0.874016 -0.625984 -1.023622,
        -1.125984 -0.625984 3.188976,
        -0.874016 -0.625984 3.188976,
        -0.874016 -0.374016 3.188976,
        -1.125984 -0.374016 3.188976,
        -1.068666 -0.431334 3.346457,
        -1.068666 -0.568666 3.346457,
        -0.931334 -0.431334 3.346457,
        -0.931334 -0.568666 3.346457,
        -1.931334 0.568666 -1.181102,
        -1.931334 0.431334 -1.181102,
        -2.068666 0.568666 -1.181102,
        -2.068666 0.431334 -1.181102,
        -1.874016 0.625984 -1.023622,
        -1.874016 0.374016 -1.023622,
        -2.125984 0.374016 -1.023622,
        -2.125984 0.625984 -1.023622,
        -1.874016 0.625984 3.188976,
        -2.125984 0.625984 3.188976,
        -2.125984 0.374016 3.188976,
        -1.874016 0.374016 3.188976,
        -1.931334 0.431334 3.346457,
        -1.931334 0.568666 3.346457,
        -2.068666 0.431334 3.346457,
        -2.068666 0.568666 3.346457,
        -2.068666 -0.568666 -1.181102,
        -2.068666 -0.431334 -1.181102,
        -1.931334 -0.568666 -1.181102,
        -1.931334 -0.431334 -1.181102,
        -2.125984 -0.625984 -1.023622,
        -2.125984 -0.374016 -1.023622,
        -1.874016 -0.374016 -1.023622,
        -1.874016 -0.625984 -1.023622,
        -2.125984 -0.625984 3.188976,
        -1.874016 -0.625984 3.188976,
        -1.874016 -0.374016 3.188976,
        -2.125984 -0.374016 3.188976,
        -2.068666 -0.431334 3.346457,
        -2.068666 -0.568666 3.346457,
        -1.931334 -0.431334 3.346457,
        -1.931334 -0.568666 3.346457,
        -2.931334 0.568666 -1.181102,
        -2.931334 0.431334 -1.181102,
        -3.068666 0.568666 -1.181102,
        -3.068666 0.431334 -1.181102,
        -2.874016 0.625984 -1.023622,
        -2.874016 0.374016 -1.023622,
        -3.125984 0.374016 -1.023622,
        -3.125984 0.625984 -1.023622,
        -2.874016 0.625984 3.188976,
        -3.125984 0.625984 3.188976,
        -3.125984 0.374016 3.188976,
        -2.874016 0.374016 3.188976,
        -2.931334 0.431334 3.346457,
        -2.931334 0.568666 3.346457,
        -3.068666 0.431334 3.346457,
        -3.068666 0.568666 3.346457,
        -3.068666 -0.568666 -1.181102,
        -3.068666 -0.431334 -1.181102,
        -2.931334 -0.568666 -1.181102,
        -2.931334 -0.431334 -1.181102,
        -3.125984 -0.625984 -1.023622,
        -3.125984 -0.374016 -1.023622,
        -2.874016 -0.374016 -1.023622,
        -2.874016 -0.625984 -1.023622,
        -3.125984 -0.625984 3.188976,
        -2.874016 -0.625984 3.188976,
        -2.874016 -0.374016 3.188976,
        -3.125984 -0.374016 3.188976,
        -3.068666 -0.431334 3.346457,
        -3.068666 -0.568666 3.346457,
        -2.931334 -0.431334 3.346457,
        -2.931334 -0.568666 3.346457,
        -3.931334 0.568666 -1.181102,
        -3.931334 0.431334 -1.181102,
        -4.068666 0.568666 -1.181102,
        -4.068666 0.431334 -1.181102,
        -3.874016 0.625984 -1.023622,
        -3.874016 0.374016 -1.023622,
        -4.125984 0.374016 -1.023622,
        -4.125984 0.625984 -1.023622,
        -3.874016 0.625984 3.188976,
        -4.125984 0.625984 3.188976,
        -4.125984 0.374016 3.188976,
        -3.874016 0.374016 3.188976,
        -3.931334 0.431334 3.346457,
        -3.931334 0.568666 3.346457,
        -4.068666 0.431334 3.346457,
        -4.068666 0.568666 3.346457,
        -4.068666 -0.568666 -1.181102,
        -4.068666 -0.431334 -1.181102,
        -3.931334 -0.568666 -1.181102,
        -3.931334 -0.431334 -1.181102,
        -4.125984 -0.625984 -1.023622,
        -4.125984 -0.374016 -1.023622,
        -3.874016 -0.374016 -1.023622,
        -3.874016 -0.625984 -1.023622,
        -4.125984 -0.625984 3.188976,
        -3.874016 -0.625984 3.188976,
        -3.874016 -0.374016 3.188976,
        -4.125984 -0.374016 3.188976,
        -4.068666 -0.431334 3.346457,
        -4.068666 -0.568666 3.346457,
        -3.931334 -0.431334 3.346457,
        -3.931334 -0.568666 3.346457,
        -4.931334 0.568666 -1.181102,
        -4.931334 0.431334 -1.181102,
        -5.068667 0.568666 -1.181102,
        -5.068667 0.431334 -1.181102,
        -4.874016 0.625984 -1.023622,
        -4.874016 0.374016 -1.023622,
        -5.125984 0.374016 -1.023622,
        -5.125984 0.625984 -1.023622,
        -4.874016 0.625984 3.188976,
        -5.125984 0.625984 3.188976,
        -5.125984 0.374016 3.188976,
        -4.874016 0.374016 3.188976,
        -4.931334 0.431334 3.346457,
        -4.931334 0.568666 3.346457,
        -5.068667 0.431334 3.346457,
        -5.068667 0.568666 3.346457,
        -5.068667 -0.568666 -1.181102,
        -5.068667 -0.431334 -1.181102,
        -4.931334 -0.568666 -1.181102,
        -4.931334 -0.431334 -1.181102,
        -5.125984 -0.625984 -1.023622,
        -5.125984 -0.374016 -1.023622,
        -4.874016 -0.374016 -1.023622,
        -4.874016 -0.625984 -1.023622,
        -5.125984 -0.625984 3.188976,
        -4.874016 -0.625984 3.188976,
        -4.874016 -0.374016 3.188976,
        -5.125984 -0.374016 3.188976,
        -5.068667 -0.431334 3.346457,
        -5.068667 -0.568666 3.346457,
        -4.931334 -0.431334 3.346457,
        -4.931334 -0.568666 3.346457,
        -5.931334 0.568666 -1.181102,
        -5.931334 0.431334 -1.181102,
        -6.068666 0.568666 -1.181102,
        -6.068666 0.431334 -1.181102,
        -5.874016 0.625984 -1.023622,
        -5.874016 0.374016 -1.023622,
        -6.125984 0.374016 -1.023622,
        -6.125984 0.625984 -1.023622,
        -5.874016 0.625984 3.188976,
        -6.125984 0.625984 3.188976,
        -6.125984 0.374016 3.188976,
        -5.874016 0.374016 3.188976,
        -5.931334 0.431334 3.346457,
        -5.931334 0.568666 3.346457,
        -6.068666 0.431334 3.346457,
        -6.068666 0.568666 3.346457,
        -6.068666 -0.568666 -1.181102,
        -6.068666 -0.431334 -1.181102,
        -5.931334 -0.568666 -1.181102,
        -5.931334 -0.431334 -1.181102,
        -6.125984 -0.625984 -1.023622,
        -6.125984 -0.374016 -1.023622,
        -5.874016 -0.374016 -1.023622,
        -5.874016 -0.625984 -1.023622,
        -6.125984 -0.625984 3.188976,
        -5.874016 -0.625984 3.188976,
        -5.874016 -0.374016 3.188976,
        -6.125984 -0.374016 3.188976,
        -6.068666 -0.431334 3.346457,
        -6.068666 -0.568666 3.346457,
        -5.931334 -0.431334 3.346457,
        -5.931334 -0.568666 3.346457,
        -6.931333 0.568666 -1.181102,
        -6.931333 0.431334 -1.181102,
        -7.068666 0.568666 -1.181102,
        -7.068666 0.431334 -1.181102,
        -6.874015 0.625984 -1.023622,
        -6.874015 0.374016 -1.023622,
        -7.125984 0.374016 -1.023622,
        -7.125984 0.625984 -1.023622,
        -6.874015 0.625984 3.188976,
        -7.125984 0.625984 3.188976,
        -7.125984 0.374016 3.188976,
        -6.874015 0.374016 3.188976,
        -6.931333 0.431334 3.346457,
        -6.931333 0.568666 3.346457,
        -7.068666 0.431334 3.346457,
        -7.068666 0.568666 3.346457,
        -7.068666 -0.568666 -1.181102,
        -7.068666 -0.431334 -1.181102,
        -6.931333 -0.568666 -1.181102,
        -6.931333 -0.431334 -1.181102,
        -7.125984 -0.625984 -1.023622,
        -7.125984 -0.374016 -1.023622,
        -6.874015 -0.374016 -1.023622,
        -6.874015 -0.625984 -1.023622,
        -7.125984 -0.625984 3.188976,
        -6.874015 -0.625984 3.188976,
        -6.874015 -0.374016 3.188976,
        -7.125984 -0.374016 3.188976,
        -7.068666 -0.431334 3.346457,
        -7.068666 -0.568666 3.346457,
        -6.931333 -0.431334 3.346457,
        -6.931333 -0.568666 3.346457,
        -7.931334 0.568666 -1.181102,
        -7.931334 0.431334 -1.181102,
        -8.068667 0.568666 -1.181102,
        -8.068667 0.431334 -1.181102,
        -7.874016 0.625984 -1.023622,
        -7.874016 0.374016 -1.023622,
        -8.125985 0.374016 -1.023622,
        -8.125985 0.625984 -1.023622,
        -7.874016 0.625984 3.188976,
        -8.125985 0.625984 3.188976,
        -8.125985 0.374016 3.188976,
        -7.874016 0.374016 3.188976,
        -7.931334 0.431334 3.346457,
        -7.931334 0.568666 3.346457,
        -8.068667 0.431334 3.346457,
        -8.068667 0.568666 3.346457,
        -8.068667 -0.568666 -1.181102,
        -8.068667 -0.431334 -1.181102,
        -7.931334 -0.568666 -1.181102,
        -7.931334 -0.431334 -1.181102,
        -8.125985 -0.625984 -1.023622,
        -8.125985 -0.374016 -1.023622,
        -7.874016 -0.374016 -1.023622,
        -7.874016 -0.625984 -1.023622,
        -8.125985 -0.625984 3.188976,
        -7.874016 -0.625984 3.188976,
        -7.874016 -0.374016 3.188976,
        -8.125985 -0.374016 3.188976,
        -8.068667 -0.431334 3.346457,
        -8.068667 -0.568666 3.346457,
        -7.931334 -0.431334 3.346457,
        -7.931334 -0.568666 3.346457,
        -8.931333 0.568666 -1.181102,
        -8.931333 0.431334 -1.181102,
        -9.068666 0.568666 -1.181102,
        -9.068666 0.431334 -1.181102,
        -8.874015 0.625984 -1.023622,
        -8.874015 0.374016 -1.023622,
        -9.125984 0.374016 -1.023622,
        -9.125984 0.625984 -1.023622,
        -8.874015 0.625984 3.188976,
        -9.125984 0.625984 3.188976,
        -9.125984 0.374016 3.188976,
        -8.874015 0.374016 3.188976,
        -8.931333 0.431334 3.346457,
        -8.931333 0.568666 3.346457,
        -9.068666 0.431334 3.346457,
        -9.068666 0.568666 3.346457,
        -9.068666 -0.568666 -1.181102,
        -9.068666 -0.431334 -1.181102,
        -8.931333 -0.568666 -1.181102,
        -8.931333 -0.431334 -1.181102,
        -9.125984 -0.625984 -1.023622,
        -9.125984 -0.374016 -1.023622,
        -8.874015 -0.374016 -1.023622,
        -8.874015 -0.625984 -1.023622,
        -9.125984 -0.625984 3.188976,
        -8.874015 -0.625984 3.188976,
        -8.874015 -0.374016 3.188976,
        -9.125984 -0.374016 3.188976,
        -9.068666 -0.431334 3.346457,
        -9.068666 -0.568666 3.346457,
        -8.931333 -0.431334 3.346457,
        -8.931333 -0.568666 3.346457,
        -9.931334 0.568666 -1.181102,
        -9.931334 0.431334 -1.181102,
        -10.068666 0.568666 -1.181102,
        -10.068666 0.431334 -1.181102,
        -9.874016 0.625984 -1.023622,
        -9.874016 0.374016 -1.023622,
        -10.125985 0.374016 -1.023622,
        -10.125985 0.625984 -1.023622,
        -9.874016 0.625984 3.188976,
        -10.125985 0.625984 3.188976,
        -10.125985 0.374016 3.188976,
        -9.874016 0.374016 3.188976,
        -9.931334 0.431334 3.346457,
        -9.931334 0.568666 3.346457,
        -10.068666 0.431334 3.346457,
        -10.068666 0.568666 3.346457,
        -10.068666 -0.568666 -1.181102,
        -10.068666 -0.431334 -1.181102,
        -9.931334 -0.568666 -1.181102,
        -9.931334 -0.431334 -1.181102,
        -10.125985 -0.625984 -1.023622,
        -10.125985 -0.374016 -1.023622,
        -9.874016 -0.374016 -1.023622,
        -9.874016 -0.625984 -1.023622,
        -10.125985 -0.625984 3.188976,
        -9.874016 -0.625984 3.188976,
        -9.874016 -0.374016 3.188976,
        -10.125985 -0.374016 3.188976,
        -10.068666 -0.431334 3.346457,
        -10.068666 -0.568666 3.346457,
        -9.931334 -0.431334 3.346457,
        -9.931334 -0.568666 3.346457,
        -10.931334 0.568666 -1.181102,
        -10.931334 0.431334 -1.181102,
        -11.068666 0.568666 -1.181102,
        -11.068666 0.431334 -1.181102,
        -10.874016 0.625984 -1.023622,
        -10.874016 0.374016 -1.023622,
        -11.125984 0.374016 -1.023622,
        -11.125984 0.625984 -1.023622,
        -10.874016 0.625984 3.188976,
        -11.125984 0.625984 3.188976,
        -11.125984 0.374016 3.188976,
        -10.874016 0.374016 3.188976,
        -10.931334 0.431334 3.346457,
        -10.931334 0.568666 3.346457,
        -11.068666 0.431334 3.346457,
        -11.068666 0.568666 3.346457,
        -11.068666 -0.568666 -1.181102,
        -11.068666 -0.431334 -1.181102,
        -10.931334 -0.568666 -1.181102,
        -10.931334 -0.431334 -1.181102,
        -11.125984 -0.625984 -1.023622,
        -11.125984 -0.374016 -1.023622,
        -10.874016 -0.374016 -1.023622,
        -10.874016 -0.625984 -1.023622,
        -11.125984 -0.625984 3.188976,
        -10.874016 -0.625984 3.188976,
        -10.874016 -0.374016 3.188976,
        -11.125984 -0.374016 3.188976,
        -11.068666 -0.431334 3.346457,
        -11.068666 -0.568666 3.346457,
        -10.931334 -0.431334 3.346457,
        -10.931334 -0.568666 3.346457,
        1.068666 0.568666 -1.181102,
        1.068666 0.431334 -1.181102,
        0.931334 0.568666 -1.181102,
        0.931334 0.431334 -1.181102,
        1.125984 0.625984 -1.023622,
        1.125984 0.374016 -1.023622,
        0.874016 0.374016 -1.023622,
        0.874016 0.625984 -1.023622,
        1.125984 0.625984 3.188976,
        0.874016 0.625984 3.188976,
        0.874016 0.374016 3.188976,
        1.125984 0.374016 3.188976,
        1.068666 0.431334 3.346457,
        1.068666 0.568666 3.346457,
        0.931334 0.431334 3.346457,
        0.931334 0.568666 3.346457,
        0.931334 -0.568666 -1.181102,
        0.931334 -0.431334 -1.181102,
        1.068666 -0.568666 -1.181102,
        1.068666 -0.431334 -1.181102,
        0.874016 -0.625984 -1.023622,
        0.874016 -0.374016 -1.023622,
        1.125984 -0.374016 -1.023622,
        1.125984 -0.625984 -1.023622,
        0.874016 -0.625984 3.188976,
        1.125984 -0.625984 3.188976,
        1.125984 -0.374016 3.188976,
        0.874016 -0.374016 3.188976,
        0.931334 -0.431334 3.346457,
        0.931334 -0.568666 3.346457,
        1.068666 -0.431334 3.346457,
        1.068666 -0.568666 3.346457,
        2.068666 0.568666 -1.181102,
        2.068666 0.431334 -1.181102,
        1.931334 0.568666 -1.181102,
        1.931334 0.431334 -1.181102,
        2.125984 0.625984 -1.023622,
        2.125984 0.374016 -1.023622,
        1.874016 0.374016 -1.023622,
        1.874016 0.625984 -1.023622,
        2.125984 0.625984 3.188976,
        1.874016 0.625984 3.188976,
        1.874016 0.374016 3.188976,
        2.125984 0.374016 3.188976,
        2.068666 0.431334 3.346457,
        2.068666 0.568666 3.346457,
        1.931334 0.431334 3.346457,
        1.931334 0.568666 3.346457,
        1.931334 -0.568666 -1.181102,
        1.931334 -0.431334 -1.181102,
        2.068666 -0.568666 -1.181102,
        2.068666 -0.431334 -1.181102,
        1.874016 -0.625984 -1.023622,
        1.874016 -0.374016 -1.023622,
        2.125984 -0.374016 -1.023622,
        2.125984 -0.625984 -1.023622,
        1.874016 -0.625984 3.188976,
        2.125984 -0.625984 3.188976,
        2.125984 -0.374016 3.188976,
        1.874016 -0.374016 3.188976,
        1.931334 -0.431334 3.346457,
        1.931334 -0.568666 3.346457,
        2.068666 -0.431334 3.346457,
        2.068666 -0.568666 3.346457,
        3.068666 0.568666 -1.181102,
        3.068666 0.431334 -1.181102,
        2.931334 0.568666 -1.181102,
        2.931334 0.431334 -1.181102,
        3.125984 0.625984 -1.023622,
        3.125984 0.374016 -1.023622,
        2.874016 0.374016 -1.023622,
        2.874016 0.625984 -1.023622,
        3.125984 0.625984 3.188976,
        2.874016 0.625984 3.188976,
        2.874016 0.374016 3.188976,
        3.125984 0.374016 3.188976,
        3.068666 0.431334 3.346457,
        3.068666 0.568666 3.346457,
        2.931334 0.431334 3.346457,
        2.931334 0.568666 3.346457,
        2.931334 -0.568666 -1.181102,
        2.931334 -0.431334 -1.181102,
        3.068666 -0.568666 -1.181102,
        3.068666 -0.431334 -1.181102,
        2.874016 -0.625984 -1.023622,
        2.874016 -0.374016 -1.023622,
        3.125984 -0.374016 -1.023622,
        3.125984 -0.625984 -1.023622,
        2.874016 -0.625984 3.188976,
        3.125984 -0.625984 3.188976,
        3.125984 -0.374016 3.188976,
        2.874016 -0.374016 3.188976,
        2.931334 -0.431334 3.346457,
        2.931334 -0.568666 3.346457,
        3.068666 -0.431334 3.346457,
        3.068666 -0.568666 3.346457,
        4.068666 0.568666 -1.181102,
        4.068666 0.431334 -1.181102,
        3.931334 0.568666 -1.181102,
        3.931334 0.431334 -1.181102,
        4.125984 0.625984 -1.023622,
        4.125984 0.374016 -1.023622,
        3.874016 0.374016 -1.023622,
        3.874016 0.625984 -1.023622,
        4.125984 0.625984 3.188976,
        3.874016 0.625984 3.188976,
        3.874016 0.374016 3.188976,
        4.125984 0.374016 3.188976,
        4.068666 0.431334 3.346457,
        4.068666 0.568666 3.346457,
        3.931334 0.431334 3.346457,
        3.931334 0.568666 3.346457,
        3.931334 -0.568666 -1.181102,
        3.931334 -0.431334 -1.181102,
        4.068666 -0.568666 -1.181102,
        4.068666 -0.431334 -1.181102,
        3.874016 -0.625984 -1.023622,
        3.874016 -0.374016 -1.023622,
        4.125984 -0.374016 -1.023622,
        4.125984 -0.625984 -1.023622,
        3.874016 -0.625984 3.188976,
        4.125984 -0.625984 3.188976,
        4.125984 -0.374016 3.188976,
        3.874016 -0.374016 3.188976,
        3.931334 -0.431334 3.346457,
        3.931334 -0.568666 3.346457,
        4.068666 -0.431334 3.346457,
        4.068666 -0.568666 3.346457,
        5.068667 0.568666 -1.181102,
        5.068667 0.431334 -1.181102,
        4.931334 0.568666 -1.181102,
        4.931334 0.431334 -1.181102,
        5.125984 0.625984 -1.023622,
        5.125984 0.374016 -1.023622,
        4.874016 0.374016 -1.023622,
        4.874016 0.625984 -1.023622,
        5.125984 0.625984 3.188976,
        4.874016 0.625984 3.188976,
        4.874016 0.374016 3.188976,
        5.125984 0.374016 3.188976,
        5.068667 0.431334 3.346457,
        5.068667 0.568666 3.346457,
        4.931334 0.431334 3.346457,
        4.931334 0.568666 3.346457,
        4.931334 -0.568666 -1.181102,
        4.931334 -0.431334 -1.181102,
        5.068667 -0.568666 -1.181102,
        5.068667 -0.431334 -1.181102,
        4.874016 -0.625984 -1.023622,
        4.874016 -0.374016 -1.023622,
        5.125984 -0.374016 -1.023622,
        5.125984 -0.625984 -1.023622,
        4.874016 -0.625984 3.188976,
        5.125984 -0.625984 3.188976,
        5.125984 -0.374016 3.188976,
        4.874016 -0.374016 3.188976,
        4.931334 -0.431334 3.346457,
        4.931334 -0.568666 3.346457,
        5.068667 -0.431334 3.346457,
        5.068667 -0.568666 3.346457,
        6.068666 0.568666 -1.181102,
        6.068666 0.431334 -1.181102,
        5.931334 0.568666 -1.181102,
        5.931334 0.431334 -1.181102,
        6.125984 0.625984 -1.023622,
        6.125984 0.374016 -1.023622,
        5.874016 0.374016 -1.023622,
        5.874016 0.625984 -1.023622,
        6.125984 0.625984 3.188976,
        5.874016 0.625984 3.188976,
        5.874016 0.374016 3.188976,
        6.125984 0.374016 3.188976,
        6.068666 0.431334 3.346457,
        6.068666 0.568666 3.346457,
        5.931334 0.431334 3.346457,
        5.931334 0.568666 3.346457,
        5.931334 -0.568666 -1.181102,
        5.931334 -0.431334 -1.181102,
        6.068666 -0.568666 -1.181102,
        6.068666 -0.431334 -1.181102,
        5.874016 -0.625984 -1.023622,
        5.874016 -0.374016 -1.023622,
        6.125984 -0.374016 -1.023622,
        6.125984 -0.625984 -1.023622,
        5.874016 -0.625984 3.188976,
        6.125984 -0.625984 3.188976,
        6.125984 -0.374016 3.188976,
        5.874016 -0.374016 3.188976,
        5.931334 -0.431334 3.346457,
        5.931334 -0.568666 3.346457,
        6.068666 -0.431334 3.346457,
        6.068666 -0.568666 3.346457,
        7.068666 0.568666 -1.181102,
        7.068666 0.431334 -1.181102,
        6.931333 0.568666 -1.181102,
        6.931333 0.431334 -1.181102,
        7.125984 0.625984 -1.023622,
        7.125984 0.374016 -1.023622,
        6.874015 0.374016 -1.023622,
        6.874015 0.625984 -1.023622,
        7.125984 0.625984 3.188976,
        6.874015 0.625984 3.188976,
        6.874015 0.374016 3.188976,
        7.125984 0.374016 3.188976,
        7.068666 0.431334 3.346457,
        7.068666 0.568666 3.346457,
        6.931333 0.431334 3.346457,
        6.931333 0.568666 3.346457,
        6.931333 -0.568666 -1.181102,
        6.931333 -0.431334 -1.181102,
        7.068666 -0.568666 -1.181102,
        7.068666 -0.431334 -1.181102,
        6.874015 -0.625984 -1.023622,
        6.874015 -0.374016 -1.023622,
        7.125984 -0.374016 -1.023622,
        7.125984 -0.625984 -1.023622,
        6.874015 -0.625984 3.188976,
        7.125984 -0.625984 3.188976,
        7.125984 -0.374016 3.188976,
        6.874015 -0.374016 3.188976,
        6.931333 -0.431334 3.346457,
        6.931333 -0.568666 3.346457,
        7.068666 -0.431334 3.346457,
        7.068666 -0.568666 3.346457,
        8.068667 0.568666 -1.181102,
        8.068667 0.431334 -1.181102,
        7.931334 0.568666 -1.181102,
        7.931334 0.431334 -1.181102,
        8.125985 0.625984 -1.023622,
        8.125985 0.374016 -1.023622,
        7.874016 0.374016 -1.023622,
        7.874016 0.625984 -1.023622,
        8.125985 0.625984 3.188976,
        7.874016 0.625984 3.188976,
        7.874016 0.374016 3.188976,
        8.125985 0.374016 3.188976,
        8.068667 0.431334 3.346457,
        8.068667 0.568666 3.346457,
        7.931334 0.431334 3.346457,
        7.931334 0.568666 3.346457,
        7.931334 -0.568666 -1.181102,
        7.931334 -0.431334 -1.181102,
        8.068667 -0.568666 -1.181102,
        8.068667 -0.431334 -1.181102,
        7.874016 -0.625984 -1.023622,
        7.874016 -0.374016 -1.023622,
        8.125985 -0.374016 -1.023622,
        8.125985 -0.625984 -1.023622,
        7.874016 -0.625984 3.188976,
        8.125985 -0.625984 3.188976,
        8.125985 -0.374016 3.188976,
        7.874016 -0.374016 3.188976,
        7.931334 -0.431334 3.346457,
        7.931334 -0.568666 3.346457,
        8.068667 -0.431334 3.346457,
        8.068667 -0.568666 3.346457,
        9.068666 0.568666 -1.181102,
        9.068666 0.431334 -1.181102,
        8.931333 0.568666 -1.181102,
        8.931333 0.431334 -1.181102,
        9.125984 0.625984 -1.023622,
        9.125984 0.374016 -1.023622,
        8.874015 0.374016 -1.023622,
        8.874015 0.625984 -1.023622,
        9.125984 0.625984 3.188976,
        8.874015 0.625984 3.188976,
        8.874015 0.374016 3.188976,
        9.125984 0.374016 3.188976,
        9.068666 0.431334 3.346457,
        9.068666 0.568666 3.346457,
        8.931333 0.431334 3.346457,
        8.931333 0.568666 3.346457,
        8.931333 -0.568666 -1.181102,
        8.931333 -0.431334 -1.181102,
        9.068666 -0.568666 -1.181102,
        9.068666 -0.431334 -1.181102,
        8.874015 -0.625984 -1.023622,
        8.874015 -0.374016 -1.023622,
        9.125984 -0.374016 -1.023622,
        9.125984 -0.625984 -1.023622,
        8.874015 -0.625984 3.188976,
        9.125984 -0.625984 3.188976,
        9.125984 -0.374016 3.188976,
        8.874015 -0.374016 3.188976,
        8.931333 -0.431334 3.346457,
        8.931333 -0.568666 3.346457,
        9.068666 -0.431334 3.346457,
        9.068666 -0.568666 3.346457,
        10.068666 0.568666 -1.181102,
        10.068666 0.431334 -1.181102,
        9.931334 0.568666 -1.181102,
        9.931334 0.431334 -1.181102,
        10.125985 0.625984 -1.023622,
        10.125985 0.374016 -1.023622,
        9.874016 0.374016 -1.023622,
        9.874016 0.625984 -1.023622,
        10.125985 0.625984 3.188976,
        9.874016 0.625984 3.188976,
        9.874016 0.374016 3.188976,
        10.125985 0.374016 3.188976,
        10.068666 0.431334 3.346457,
        10.068666 0.568666 3.346457,
        9.931334 0.431334 3.346457,
        9.931334 0.568666 3.346457,
        9.931334 -0.568666 -1.181102,
        9.931334 -0.431334 -1.181102,
        10.068666 -0.568666 -1.181102,
        10.068666 -0.431334 -1.181102,
        9.874016 -0.625984 -1.023622,
        9.874016 -0.374016 -1.023622,
        10.125985 -0.374016 -1.023622,
        10.125985 -0.625984 -1.023622,
        9.874016 -0.625984 3.188976,
        10.125985 -0.625984 3.188976,
        10.125985 -0.374016 3.188976,
        9.874016 -0.374016 3.188976,
        9.931334 -0.431334 3.346457,
        9.931334 -0.568666 3.346457,
        10.068666 -0.431334 3.346457,
        10.068666 -0.568666 3.346457,
      ]
    }
    coordIndex [
      336, 337, 338, -1,
      338, 337, 339, -1,
      340, 221, 341, -1,
      341, 221, 220, -1,
      341, 220, 342, -1,
      342, 220, 219, -1,
      342, 219, 343, -1,
      343, 219, 218, -1,
      343, 218, 340, -1,
      340, 218, 221, -1,
      344, 167, 345, -1,
      345, 167, 166, -1,
      345, 166, 346, -1,
      346, 166, 165, -1,
      346, 165, 347, -1,
      347, 165, 164, -1,
      347, 164, 344, -1,
      344, 164, 167, -1,
      348, 349, 350, -1,
      350, 349, 351, -1,
      352, 353, 354, -1,
      354, 353, 355, -1,
      356, 299, 357, -1,
      357, 299, 296, -1,
      357, 296, 358, -1,
      358, 296, 297, -1,
      358, 297, 359, -1,
      359, 297, 298, -1,
      359, 298, 356, -1,
      356, 298, 299, -1,
      360, 95, 361, -1,
      361, 95, 94, -1,
      361, 94, 362, -1,
      362, 94, 13, -1,
      362, 13, 363, -1,
      363, 13, 12, -1,
      363, 12, 360, -1,
      360, 12, 95, -1,
      364, 365, 366, -1,
      366, 365, 367, -1,
      368, 369, 370, -1,
      370, 369, 371, -1,
      372, 217, 373, -1,
      373, 217, 214, -1,
      373, 214, 374, -1,
      374, 214, 215, -1,
      374, 215, 375, -1,
      375, 215, 216, -1,
      375, 216, 372, -1,
      372, 216, 217, -1,
      376, 163, 377, -1,
      377, 163, 162, -1,
      377, 162, 378, -1,
      378, 162, 161, -1,
      378, 161, 379, -1,
      379, 161, 160, -1,
      379, 160, 376, -1,
      376, 160, 163, -1,
      380, 381, 382, -1,
      382, 381, 383, -1,
      384, 385, 386, -1,
      386, 385, 387, -1,
      388, 295, 389, -1,
      389, 295, 294, -1,
      389, 294, 390, -1,
      390, 294, 293, -1,
      390, 293, 391, -1,
      391, 293, 292, -1,
      391, 292, 388, -1,
      388, 292, 295, -1,
      392, 97, 393, -1,
      393, 97, 96, -1,
      393, 96, 394, -1,
      394, 96, 11, -1,
      394, 11, 395, -1,
      395, 11, 10, -1,
      395, 10, 392, -1,
      392, 10, 97, -1,
      396, 397, 398, -1,
      398, 397, 399, -1,
      400, 401, 402, -1,
      402, 401, 403, -1,
      404, 213, 405, -1,
      405, 213, 210, -1,
      405, 210, 406, -1,
      406, 210, 211, -1,
      406, 211, 407, -1,
      407, 211, 212, -1,
      407, 212, 404, -1,
      404, 212, 213, -1,
      408, 159, 409, -1,
      409, 159, 158, -1,
      409, 158, 410, -1,
      410, 158, 157, -1,
      410, 157, 411, -1,
      411, 157, 156, -1,
      411, 156, 408, -1,
      408, 156, 159, -1,
      412, 413, 414, -1,
      414, 413, 415, -1,
      416, 417, 418, -1,
      418, 417, 419, -1,
      420, 291, 421, -1,
      421, 291, 290, -1,
      421, 290, 422, -1,
      422, 290, 289, -1,
      422, 289, 423, -1,
      423, 289, 288, -1,
      423, 288, 420, -1,
      420, 288, 291, -1,
      424, 99, 425, -1,
      425, 99, 98, -1,
      425, 98, 426, -1,
      426, 98, 9, -1,
      426, 9, 427, -1,
      427, 9, 8, -1,
      427, 8, 424, -1,
      424, 8, 99, -1,
      428, 429, 430, -1,
      430, 429, 431, -1,
      432, 433, 434, -1,
      434, 433, 435, -1,
      436, 203, 437, -1,
      437, 203, 208, -1,
      437, 208, 438, -1,
      438, 208, 209, -1,
      438, 209, 439, -1,
      439, 209, 204, -1,
      439, 204, 436, -1,
      436, 204, 203, -1,
      440, 154, 441, -1,
      441, 154, 152, -1,
      441, 152, 442, -1,
      442, 152, 151, -1,
      442, 151, 443, -1,
      443, 151, 153, -1,
      443, 153, 440, -1,
      440, 153, 154, -1,
      444, 445, 446, -1,
      446, 445, 447, -1,
      448, 449, 450, -1,
      450, 449, 451, -1,
      452, 279, 453, -1,
      453, 279, 285, -1,
      453, 285, 454, -1,
      454, 285, 284, -1,
      454, 284, 455, -1,
      455, 284, 280, -1,
      455, 280, 452, -1,
      452, 280, 279, -1,
      456, 105, 457, -1,
      457, 105, 104, -1,
      457, 104, 458, -1,
      458, 104, 103, -1,
      458, 103, 459, -1,
      459, 103, 102, -1,
      459, 102, 456, -1,
      456, 102, 105, -1,
      460, 461, 462, -1,
      462, 461, 463, -1,
      464, 465, 466, -1,
      466, 465, 467, -1,
      468, 202, 469, -1,
      469, 202, 201, -1,
      469, 201, 470, -1,
      470, 201, 206, -1,
      470, 206, 471, -1,
      471, 206, 205, -1,
      471, 205, 468, -1,
      468, 205, 202, -1,
      472, 150, 473, -1,
      473, 150, 155, -1,
      473, 155, 474, -1,
      474, 155, 149, -1,
      474, 149, 475, -1,
      475, 149, 148, -1,
      475, 148, 472, -1,
      472, 148, 150, -1,
      476, 477, 478, -1,
      478, 477, 479, -1,
      480, 481, 482, -1,
      482, 481, 483, -1,
      484, 282, 485, -1,
      485, 282, 281, -1,
      485, 281, 486, -1,
      486, 281, 286, -1,
      486, 286, 487, -1,
      487, 286, 283, -1,
      487, 283, 484, -1,
      484, 283, 282, -1,
      488, 107, 489, -1,
      489, 107, 106, -1,
      489, 106, 490, -1,
      490, 106, 101, -1,
      490, 101, 491, -1,
      491, 101, 100, -1,
      491, 100, 488, -1,
      488, 100, 107, -1,
      492, 493, 494, -1,
      494, 493, 495, -1,
      496, 497, 498, -1,
      498, 497, 499, -1,
      500, 199, 501, -1,
      501, 199, 198, -1,
      501, 198, 502, -1,
      502, 198, 207, -1,
      502, 207, 503, -1,
      503, 207, 200, -1,
      503, 200, 500, -1,
      500, 200, 199, -1,
      504, 147, 505, -1,
      505, 147, 146, -1,
      505, 146, 506, -1,
      506, 146, 145, -1,
      506, 145, 507, -1,
      507, 145, 144, -1,
      507, 144, 504, -1,
      504, 144, 147, -1,
      508, 509, 510, -1,
      510, 509, 511, -1,
      512, 513, 514, -1,
      514, 513, 515, -1,
      516, 287, 517, -1,
      517, 287, 277, -1,
      517, 277, 518, -1,
      518, 277, 276, -1,
      518, 276, 519, -1,
      519, 276, 275, -1,
      519, 275, 516, -1,
      516, 275, 287, -1,
      520, 109, 521, -1,
      521, 109, 108, -1,
      521, 108, 522, -1,
      522, 108, 7, -1,
      522, 7, 523, -1,
      523, 7, 6, -1,
      523, 6, 520, -1,
      520, 6, 109, -1,
      524, 525, 526, -1,
      526, 525, 527, -1,
      528, 529, 530, -1,
      530, 529, 531, -1,
      532, 195, 533, -1,
      533, 195, 197, -1,
      533, 197, 534, -1,
      534, 197, 196, -1,
      534, 196, 535, -1,
      535, 196, 194, -1,
      535, 194, 532, -1,
      532, 194, 195, -1,
      536, 143, 537, -1,
      537, 143, 142, -1,
      537, 142, 538, -1,
      538, 142, 141, -1,
      538, 141, 539, -1,
      539, 141, 140, -1,
      539, 140, 536, -1,
      536, 140, 143, -1,
      540, 541, 542, -1,
      542, 541, 543, -1,
      544, 545, 546, -1,
      546, 545, 547, -1,
      548, 278, 549, -1,
      549, 278, 273, -1,
      549, 273, 550, -1,
      550, 273, 272, -1,
      550, 272, 551, -1,
      551, 272, 271, -1,
      551, 271, 548, -1,
      548, 271, 278, -1,
      552, 111, 553, -1,
      553, 111, 110, -1,
      553, 110, 554, -1,
      554, 110, 5, -1,
      554, 5, 555, -1,
      555, 5, 4, -1,
      555, 4, 552, -1,
      552, 4, 111, -1,
      556, 557, 558, -1,
      558, 557, 559, -1,
      560, 561, 562, -1,
      562, 561, 563, -1,
      564, 191, 565, -1,
      565, 191, 193, -1,
      565, 193, 566, -1,
      566, 193, 192, -1,
      566, 192, 567, -1,
      567, 192, 190, -1,
      567, 190, 564, -1,
      564, 190, 191, -1,
      568, 139, 569, -1,
      569, 139, 138, -1,
      569, 138, 570, -1,
      570, 138, 137, -1,
      570, 137, 571, -1,
      571, 137, 136, -1,
      571, 136, 568, -1,
      568, 136, 139, -1,
      572, 573, 574, -1,
      574, 573, 575, -1,
      576, 577, 578, -1,
      578, 577, 579, -1,
      580, 274, 581, -1,
      581, 274, 269, -1,
      581, 269, 582, -1,
      582, 269, 268, -1,
      582, 268, 583, -1,
      583, 268, 267, -1,
      583, 267, 580, -1,
      580, 267, 274, -1,
      584, 113, 585, -1,
      585, 113, 112, -1,
      585, 112, 586, -1,
      586, 112, 3, -1,
      586, 3, 587, -1,
      587, 3, 2, -1,
      587, 2, 584, -1,
      584, 2, 113, -1,
      588, 589, 590, -1,
      590, 589, 591, -1,
      592, 593, 594, -1,
      594, 593, 595, -1,
      596, 186, 597, -1,
      597, 186, 189, -1,
      597, 189, 598, -1,
      598, 189, 188, -1,
      598, 188, 599, -1,
      599, 188, 187, -1,
      599, 187, 596, -1,
      596, 187, 186, -1,
      600, 135, 601, -1,
      601, 135, 134, -1,
      601, 134, 602, -1,
      602, 134, 133, -1,
      602, 133, 603, -1,
      603, 133, 132, -1,
      603, 132, 600, -1,
      600, 132, 135, -1,
      604, 605, 606, -1,
      606, 605, 607, -1,
      608, 609, 610, -1,
      610, 609, 611, -1,
      612, 270, 613, -1,
      613, 270, 266, -1,
      613, 266, 614, -1,
      614, 266, 265, -1,
      614, 265, 615, -1,
      615, 265, 264, -1,
      615, 264, 612, -1,
      612, 264, 270, -1,
      616, 115, 617, -1,
      617, 115, 114, -1,
      617, 114, 618, -1,
      618, 114, 1, -1,
      618, 1, 619, -1,
      619, 1, 0, -1,
      619, 0, 616, -1,
      616, 0, 115, -1,
      620, 621, 622, -1,
      622, 621, 623, -1,
      624, 625, 626, -1,
      626, 625, 627, -1,
      628, 180, 629, -1,
      629, 180, 184, -1,
      629, 184, 630, -1,
      630, 184, 185, -1,
      630, 185, 631, -1,
      631, 185, 181, -1,
      631, 181, 628, -1,
      628, 181, 180, -1,
      632, 130, 633, -1,
      633, 130, 128, -1,
      633, 128, 634, -1,
      634, 128, 127, -1,
      634, 127, 635, -1,
      635, 127, 129, -1,
      635, 129, 632, -1,
      632, 129, 130, -1,
      636, 637, 638, -1,
      638, 637, 639, -1,
      640, 641, 642, -1,
      642, 641, 643, -1,
      644, 256, 645, -1,
      645, 256, 261, -1,
      645, 261, 646, -1,
      646, 261, 260, -1,
      646, 260, 647, -1,
      647, 260, 257, -1,
      647, 257, 644, -1,
      644, 257, 256, -1,
      648, 123, 649, -1,
      649, 123, 117, -1,
      649, 117, 650, -1,
      650, 117, 116, -1,
      650, 116, 651, -1,
      651, 116, 120, -1,
      651, 120, 648, -1,
      648, 120, 123, -1,
      652, 653, 654, -1,
      654, 653, 655, -1,
      656, 657, 658, -1,
      658, 657, 659, -1,
      660, 179, 661, -1,
      661, 179, 178, -1,
      661, 178, 662, -1,
      662, 178, 182, -1,
      662, 182, 663, -1,
      663, 182, 183, -1,
      663, 183, 660, -1,
      660, 183, 179, -1,
      664, 126, 665, -1,
      665, 126, 131, -1,
      665, 131, 666, -1,
      666, 131, 125, -1,
      666, 125, 667, -1,
      667, 125, 124, -1,
      667, 124, 664, -1,
      664, 124, 126, -1,
      668, 669, 670, -1,
      670, 669, 671, -1,
      672, 673, 674, -1,
      674, 673, 675, -1,
      676, 258, 677, -1,
      677, 258, 262, -1,
      677, 262, 678, -1,
      678, 262, 263, -1,
      678, 263, 679, -1,
      679, 263, 259, -1,
      679, 259, 676, -1,
      676, 259, 258, -1,
      680, 121, 681, -1,
      681, 121, 122, -1,
      681, 122, 682, -1,
      682, 122, 118, -1,
      682, 118, 683, -1,
      683, 118, 119, -1,
      683, 119, 680, -1,
      680, 119, 121, -1,
      684, 685, 686, -1,
      686, 685, 687, -1,
      688, 689, 690, -1,
      690, 689, 691, -1,
      692, 173, 693, -1,
      693, 173, 170, -1,
      693, 170, 694, -1,
      694, 170, 171, -1,
      694, 171, 695, -1,
      695, 171, 172, -1,
      695, 172, 692, -1,
      692, 172, 173, -1,
      696, 29, 697, -1,
      697, 29, 27, -1,
      697, 27, 698, -1,
      698, 27, 26, -1,
      698, 26, 699, -1,
      699, 26, 28, -1,
      699, 28, 696, -1,
      696, 28, 29, -1,
      700, 701, 702, -1,
      702, 701, 703, -1,
      704, 705, 706, -1,
      706, 705, 707, -1,
      708, 174, 709, -1,
      709, 174, 176, -1,
      709, 176, 710, -1,
      710, 176, 177, -1,
      710, 177, 711, -1,
      711, 177, 175, -1,
      711, 175, 708, -1,
      708, 175, 174, -1,
      712, 92, 713, -1,
      713, 92, 91, -1,
      713, 91, 714, -1,
      714, 91, 90, -1,
      714, 90, 715, -1,
      715, 90, 93, -1,
      715, 93, 712, -1,
      712, 93, 92, -1,
      716, 717, 718, -1,
      718, 717, 719, -1,
      720, 721, 722, -1,
      722, 721, 723, -1,
      724, 225, 725, -1,
      725, 225, 222, -1,
      725, 222, 726, -1,
      726, 222, 223, -1,
      726, 223, 727, -1,
      727, 223, 224, -1,
      727, 224, 724, -1,
      724, 224, 225, -1,
      728, 79, 729, -1,
      729, 79, 32, -1,
      729, 32, 730, -1,
      730, 32, 31, -1,
      730, 31, 731, -1,
      731, 31, 30, -1,
      731, 30, 728, -1,
      728, 30, 79, -1,
      732, 733, 734, -1,
      734, 733, 735, -1,
      736, 737, 738, -1,
      738, 737, 739, -1,
      740, 303, 741, -1,
      741, 303, 302, -1,
      741, 302, 742, -1,
      742, 302, 301, -1,
      742, 301, 743, -1,
      743, 301, 300, -1,
      743, 300, 740, -1,
      740, 300, 303, -1,
      744, 89, 745, -1,
      745, 89, 88, -1,
      745, 88, 746, -1,
      746, 88, 15, -1,
      746, 15, 747, -1,
      747, 15, 14, -1,
      747, 14, 744, -1,
      744, 14, 89, -1,
      748, 749, 750, -1,
      750, 749, 751, -1,
      752, 753, 754, -1,
      754, 753, 755, -1,
      756, 229, 757, -1,
      757, 229, 226, -1,
      757, 226, 758, -1,
      758, 226, 227, -1,
      758, 227, 759, -1,
      759, 227, 228, -1,
      759, 228, 756, -1,
      756, 228, 229, -1,
      760, 78, 761, -1,
      761, 78, 35, -1,
      761, 35, 762, -1,
      762, 35, 34, -1,
      762, 34, 763, -1,
      763, 34, 33, -1,
      763, 33, 760, -1,
      760, 33, 78, -1,
      764, 765, 766, -1,
      766, 765, 767, -1,
      768, 769, 770, -1,
      770, 769, 771, -1,
      772, 307, 773, -1,
      773, 307, 306, -1,
      773, 306, 774, -1,
      774, 306, 305, -1,
      774, 305, 775, -1,
      775, 305, 304, -1,
      775, 304, 772, -1,
      772, 304, 307, -1,
      776, 87, 777, -1,
      777, 87, 86, -1,
      777, 86, 778, -1,
      778, 86, 17, -1,
      778, 17, 779, -1,
      779, 17, 16, -1,
      779, 16, 776, -1,
      776, 16, 87, -1,
      780, 781, 782, -1,
      782, 781, 783, -1,
      784, 785, 786, -1,
      786, 785, 787, -1,
      788, 233, 789, -1,
      789, 233, 230, -1,
      789, 230, 790, -1,
      790, 230, 231, -1,
      790, 231, 791, -1,
      791, 231, 232, -1,
      791, 232, 788, -1,
      788, 232, 233, -1,
      792, 77, 793, -1,
      793, 77, 38, -1,
      793, 38, 794, -1,
      794, 38, 37, -1,
      794, 37, 795, -1,
      795, 37, 36, -1,
      795, 36, 792, -1,
      792, 36, 77, -1,
      796, 797, 798, -1,
      798, 797, 799, -1,
      800, 801, 802, -1,
      802, 801, 803, -1,
      804, 311, 805, -1,
      805, 311, 310, -1,
      805, 310, 806, -1,
      806, 310, 309, -1,
      806, 309, 807, -1,
      807, 309, 308, -1,
      807, 308, 804, -1,
      804, 308, 311, -1,
      808, 85, 809, -1,
      809, 85, 84, -1,
      809, 84, 810, -1,
      810, 84, 19, -1,
      810, 19, 811, -1,
      811, 19, 18, -1,
      811, 18, 808, -1,
      808, 18, 85, -1,
      812, 813, 814, -1,
      814, 813, 815, -1,
      816, 817, 818, -1,
      818, 817, 819, -1,
      820, 237, 821, -1,
      821, 237, 234, -1,
      821, 234, 822, -1,
      822, 234, 235, -1,
      822, 235, 823, -1,
      823, 235, 236, -1,
      823, 236, 820, -1,
      820, 236, 237, -1,
      824, 76, 825, -1,
      825, 76, 41, -1,
      825, 41, 826, -1,
      826, 41, 40, -1,
      826, 40, 827, -1,
      827, 40, 39, -1,
      827, 39, 824, -1,
      824, 39, 76, -1,
      828, 829, 830, -1,
      830, 829, 831, -1,
      832, 833, 834, -1,
      834, 833, 835, -1,
      836, 315, 837, -1,
      837, 315, 314, -1,
      837, 314, 838, -1,
      838, 314, 313, -1,
      838, 313, 839, -1,
      839, 313, 312, -1,
      839, 312, 836, -1,
      836, 312, 315, -1,
      840, 83, 841, -1,
      841, 83, 82, -1,
      841, 82, 842, -1,
      842, 82, 21, -1,
      842, 21, 843, -1,
      843, 21, 20, -1,
      843, 20, 840, -1,
      840, 20, 83, -1,
      844, 845, 846, -1,
      846, 845, 847, -1,
      848, 849, 850, -1,
      850, 849, 851, -1,
      852, 168, 853, -1,
      853, 168, 240, -1,
      853, 240, 854, -1,
      854, 240, 238, -1,
      854, 238, 855, -1,
      855, 238, 169, -1,
      855, 169, 852, -1,
      852, 169, 168, -1,
      856, 44, 857, -1,
      857, 44, 49, -1,
      857, 49, 858, -1,
      858, 49, 43, -1,
      858, 43, 859, -1,
      859, 43, 42, -1,
      859, 42, 856, -1,
      856, 42, 44, -1,
      860, 861, 862, -1,
      862, 861, 863, -1,
      864, 865, 866, -1,
      866, 865, 867, -1,
      868, 323, 869, -1,
      869, 323, 322, -1,
      869, 322, 870, -1,
      870, 322, 321, -1,
      870, 321, 871, -1,
      871, 321, 319, -1,
      871, 319, 868, -1,
      868, 319, 323, -1,
      872, 81, 873, -1,
      873, 81, 80, -1,
      873, 80, 874, -1,
      874, 80, 73, -1,
      874, 73, 875, -1,
      875, 73, 75, -1,
      875, 75, 872, -1,
      872, 75, 81, -1,
      876, 877, 878, -1,
      878, 877, 879, -1,
      880, 881, 882, -1,
      882, 881, 883, -1,
      884, 243, 885, -1,
      885, 243, 242, -1,
      885, 242, 886, -1,
      886, 242, 241, -1,
      886, 241, 887, -1,
      887, 241, 239, -1,
      887, 239, 884, -1,
      884, 239, 243, -1,
      888, 48, 889, -1,
      889, 48, 46, -1,
      889, 46, 890, -1,
      890, 46, 45, -1,
      890, 45, 891, -1,
      891, 45, 47, -1,
      891, 47, 888, -1,
      888, 47, 48, -1,
      892, 893, 894, -1,
      894, 893, 895, -1,
      896, 897, 898, -1,
      898, 897, 899, -1,
      900, 318, 901, -1,
      901, 318, 320, -1,
      901, 320, 902, -1,
      902, 320, 316, -1,
      902, 316, 903, -1,
      903, 316, 317, -1,
      903, 317, 900, -1,
      900, 317, 318, -1,
      904, 70, 905, -1,
      905, 70, 72, -1,
      905, 72, 906, -1,
      906, 72, 71, -1,
      906, 71, 907, -1,
      907, 71, 74, -1,
      907, 74, 904, -1,
      904, 74, 70, -1,
      908, 909, 910, -1,
      910, 909, 911, -1,
      912, 913, 914, -1,
      914, 913, 915, -1,
      916, 247, 917, -1,
      917, 247, 244, -1,
      917, 244, 918, -1,
      918, 244, 245, -1,
      918, 245, 919, -1,
      919, 245, 246, -1,
      919, 246, 916, -1,
      916, 246, 247, -1,
      920, 61, 921, -1,
      921, 61, 52, -1,
      921, 52, 922, -1,
      922, 52, 51, -1,
      922, 51, 923, -1,
      923, 51, 50, -1,
      923, 50, 920, -1,
      920, 50, 61, -1,
      924, 925, 926, -1,
      926, 925, 927, -1,
      928, 929, 930, -1,
      930, 929, 931, -1,
      932, 327, 933, -1,
      933, 327, 326, -1,
      933, 326, 934, -1,
      934, 326, 325, -1,
      934, 325, 935, -1,
      935, 325, 324, -1,
      935, 324, 932, -1,
      932, 324, 327, -1,
      936, 69, 937, -1,
      937, 69, 68, -1,
      937, 68, 938, -1,
      938, 68, 23, -1,
      938, 23, 939, -1,
      939, 23, 22, -1,
      939, 22, 936, -1,
      936, 22, 69, -1,
      940, 941, 942, -1,
      942, 941, 943, -1,
      944, 945, 946, -1,
      946, 945, 947, -1,
      948, 251, 949, -1,
      949, 251, 248, -1,
      949, 248, 950, -1,
      950, 248, 249, -1,
      950, 249, 951, -1,
      951, 249, 250, -1,
      951, 250, 948, -1,
      948, 250, 251, -1,
      952, 60, 953, -1,
      953, 60, 55, -1,
      953, 55, 954, -1,
      954, 55, 54, -1,
      954, 54, 955, -1,
      955, 54, 53, -1,
      955, 53, 952, -1,
      952, 53, 60, -1,
      956, 957, 958, -1,
      958, 957, 959, -1,
      960, 961, 962, -1,
      962, 961, 963, -1,
      964, 331, 965, -1,
      965, 331, 330, -1,
      965, 330, 966, -1,
      966, 330, 329, -1,
      966, 329, 967, -1,
      967, 329, 328, -1,
      967, 328, 964, -1,
      964, 328, 331, -1,
      968, 67, 969, -1,
      969, 67, 66, -1,
      969, 66, 970, -1,
      970, 66, 25, -1,
      970, 25, 971, -1,
      971, 25, 24, -1,
      971, 24, 968, -1,
      968, 24, 67, -1,
      972, 973, 974, -1,
      974, 973, 975, -1,
      976, 977, 978, -1,
      978, 977, 979, -1,
      980, 252, 981, -1,
      981, 252, 254, -1,
      981, 254, 982, -1,
      982, 254, 255, -1,
      982, 255, 983, -1,
      983, 255, 253, -1,
      983, 253, 980, -1,
      980, 253, 252, -1,
      984, 58, 985, -1,
      985, 58, 59, -1,
      985, 59, 986, -1,
      986, 59, 56, -1,
      986, 56, 987, -1,
      987, 56, 57, -1,
      987, 57, 984, -1,
      984, 57, 58, -1,
      988, 989, 990, -1,
      990, 989, 991, -1,
      992, 993, 994, -1,
      994, 993, 995, -1,
      996, 335, 997, -1,
      997, 335, 332, -1,
      997, 332, 998, -1,
      998, 332, 333, -1,
      998, 333, 999, -1,
      999, 333, 334, -1,
      999, 334, 996, -1,
      996, 334, 335, -1,
      1000, 65, 1001, -1,
      1001, 65, 64, -1,
      1001, 64, 1002, -1,
      1002, 64, 63, -1,
      1002, 63, 1003, -1,
      1003, 63, 62, -1,
      1003, 62, 1000, -1,
      1000, 62, 65, -1,
      1004, 1005, 1006, -1,
      1006, 1005, 1007, -1,
      337, 341, 339, -1,
      339, 341, 342, -1,
      336, 340, 337, -1,
      337, 340, 341, -1,
      343, 338, 342, -1,
      342, 338, 339, -1,
      338, 343, 336, -1,
      336, 343, 340, -1,
      353, 357, 355, -1,
      355, 357, 358, -1,
      352, 356, 353, -1,
      353, 356, 357, -1,
      359, 354, 358, -1,
      358, 354, 355, -1,
      354, 359, 352, -1,
      352, 359, 356, -1,
      361, 367, 360, -1,
      360, 367, 365, -1,
      362, 366, 361, -1,
      361, 366, 367, -1,
      364, 363, 365, -1,
      365, 363, 360, -1,
      363, 364, 362, -1,
      362, 364, 366, -1,
      345, 351, 344, -1,
      344, 351, 349, -1,
      346, 350, 345, -1,
      345, 350, 351, -1,
      348, 347, 349, -1,
      349, 347, 344, -1,
      347, 348, 346, -1,
      346, 348, 350, -1,
      369, 373, 371, -1,
      371, 373, 374, -1,
      368, 372, 369, -1,
      369, 372, 373, -1,
      375, 370, 374, -1,
      374, 370, 371, -1,
      370, 375, 368, -1,
      368, 375, 372, -1,
      385, 389, 387, -1,
      387, 389, 390, -1,
      384, 388, 385, -1,
      385, 388, 389, -1,
      391, 386, 390, -1,
      390, 386, 387, -1,
      386, 391, 384, -1,
      384, 391, 388, -1,
      393, 399, 392, -1,
      392, 399, 397, -1,
      394, 398, 393, -1,
      393, 398, 399, -1,
      396, 395, 397, -1,
      397, 395, 392, -1,
      395, 396, 394, -1,
      394, 396, 398, -1,
      377, 383, 376, -1,
      376, 383, 381, -1,
      378, 382, 377, -1,
      377, 382, 383, -1,
      380, 379, 381, -1,
      381, 379, 376, -1,
      379, 380, 378, -1,
      378, 380, 382, -1,
      401, 405, 403, -1,
      403, 405, 406, -1,
      400, 404, 401, -1,
      401, 404, 405, -1,
      407, 402, 406, -1,
      406, 402, 403, -1,
      402, 407, 400, -1,
      400, 407, 404, -1,
      417, 421, 419, -1,
      419, 421, 422, -1,
      416, 420, 417, -1,
      417, 420, 421, -1,
      423, 418, 422, -1,
      422, 418, 419, -1,
      418, 423, 416, -1,
      416, 423, 420, -1,
      425, 431, 424, -1,
      424, 431, 429, -1,
      426, 430, 425, -1,
      425, 430, 431, -1,
      428, 427, 429, -1,
      429, 427, 424, -1,
      427, 428, 426, -1,
      426, 428, 430, -1,
      409, 415, 408, -1,
      408, 415, 413, -1,
      410, 414, 409, -1,
      409, 414, 415, -1,
      412, 411, 413, -1,
      413, 411, 408, -1,
      411, 412, 410, -1,
      410, 412, 414, -1,
      433, 437, 435, -1,
      435, 437, 438, -1,
      432, 436, 433, -1,
      433, 436, 437, -1,
      439, 434, 438, -1,
      438, 434, 435, -1,
      434, 439, 432, -1,
      432, 439, 436, -1,
      449, 453, 451, -1,
      451, 453, 454, -1,
      448, 452, 449, -1,
      449, 452, 453, -1,
      455, 450, 454, -1,
      454, 450, 451, -1,
      450, 455, 448, -1,
      448, 455, 452, -1,
      457, 463, 456, -1,
      456, 463, 461, -1,
      458, 462, 457, -1,
      457, 462, 463, -1,
      460, 459, 461, -1,
      461, 459, 456, -1,
      459, 460, 458, -1,
      458, 460, 462, -1,
      441, 447, 440, -1,
      440, 447, 445, -1,
      442, 446, 441, -1,
      441, 446, 447, -1,
      444, 443, 445, -1,
      445, 443, 440, -1,
      443, 444, 442, -1,
      442, 444, 446, -1,
      465, 469, 467, -1,
      467, 469, 470, -1,
      464, 468, 465, -1,
      465, 468, 469, -1,
      471, 466, 470, -1,
      470, 466, 467, -1,
      466, 471, 464, -1,
      464, 471, 468, -1,
      481, 485, 483, -1,
      483, 485, 486, -1,
      480, 484, 481, -1,
      481, 484, 485, -1,
      487, 482, 486, -1,
      486, 482, 483, -1,
      482, 487, 480, -1,
      480, 487, 484, -1,
      489, 495, 488, -1,
      488, 495, 493, -1,
      490, 494, 489, -1,
      489, 494, 495, -1,
      492, 491, 493, -1,
      493, 491, 488, -1,
      491, 492, 490, -1,
      490, 492, 494, -1,
      473, 479, 472, -1,
      472, 479, 477, -1,
      474, 478, 473, -1,
      473, 478, 479, -1,
      476, 475, 477, -1,
      477, 475, 472, -1,
      475, 476, 474, -1,
      474, 476, 478, -1,
      497, 501, 499, -1,
      499, 501, 502, -1,
      496, 500, 497, -1,
      497, 500, 501, -1,
      503, 498, 502, -1,
      502, 498, 499, -1,
      498, 503, 496, -1,
      496, 503, 500, -1,
      513, 517, 515, -1,
      515, 517, 518, -1,
      512, 516, 513, -1,
      513, 516, 517, -1,
      519, 514, 518, -1,
      518, 514, 515, -1,
      514, 519, 512, -1,
      512, 519, 516, -1,
      521, 527, 520, -1,
      520, 527, 525, -1,
      522, 526, 521, -1,
      521, 526, 527, -1,
      524, 523, 525, -1,
      525, 523, 520, -1,
      523, 524, 522, -1,
      522, 524, 526, -1,
      505, 511, 504, -1,
      504, 511, 509, -1,
      506, 510, 505, -1,
      505, 510, 511, -1,
      508, 507, 509, -1,
      509, 507, 504, -1,
      507, 508, 506, -1,
      506, 508, 510, -1,
      529, 533, 531, -1,
      531, 533, 534, -1,
      528, 532, 529, -1,
      529, 532, 533, -1,
      535, 530, 534, -1,
      534, 530, 531, -1,
      530, 535, 528, -1,
      528, 535, 532, -1,
      545, 549, 547, -1,
      547, 549, 550, -1,
      544, 548, 545, -1,
      545, 548, 549, -1,
      551, 546, 550, -1,
      550, 546, 547, -1,
      546, 551, 544, -1,
      544, 551, 548, -1,
      553, 559, 552, -1,
      552, 559, 557, -1,
      554, 558, 553, -1,
      553, 558, 559, -1,
      556, 555, 557, -1,
      557, 555, 552, -1,
      555, 556, 554, -1,
      554, 556, 558, -1,
      537, 543, 536, -1,
      536, 543, 541, -1,
      538, 542, 537, -1,
      537, 542, 543, -1,
      540, 539, 541, -1,
      541, 539, 536, -1,
      539, 540, 538, -1,
      538, 540, 542, -1,
      561, 565, 563, -1,
      563, 565, 566, -1,
      560, 564, 561, -1,
      561, 564, 565, -1,
      567, 562, 566, -1,
      566, 562, 563, -1,
      562, 567, 560, -1,
      560, 567, 564, -1,
      577, 581, 579, -1,
      579, 581, 582, -1,
      576, 580, 577, -1,
      577, 580, 581, -1,
      583, 578, 582, -1,
      582, 578, 579, -1,
      578, 583, 576, -1,
      576, 583, 580, -1,
      585, 591, 584, -1,
      584, 591, 589, -1,
      586, 590, 585, -1,
      585, 590, 591, -1,
      588, 587, 589, -1,
      589, 587, 584, -1,
      587, 588, 586, -1,
      586, 588, 590, -1,
      569, 575, 568, -1,
      568, 575, 573, -1,
      570, 574, 569, -1,
      569, 574, 575, -1,
      572, 571, 573, -1,
      573, 571, 568, -1,
      571, 572, 570, -1,
      570, 572, 574, -1,
      593, 597, 595, -1,
      595, 597, 598, -1,
      592, 596, 593, -1,
      593, 596, 597, -1,
      599, 594, 598, -1,
      598, 594, 595, -1,
      594, 599, 592, -1,
      592, 599, 596, -1,
      609, 613, 611, -1,
      611, 613, 614, -1,
      608, 612, 609, -1,
      609, 612, 613, -1,
      615, 610, 614, -1,
      614, 610, 611, -1,
      610, 615, 608, -1,
      608, 615, 612, -1,
      617, 623, 616, -1,
      616, 623, 621, -1,
      618, 622, 617, -1,
      617, 622, 623, -1,
      620, 619, 621, -1,
      621, 619, 616, -1,
      619, 620, 618, -1,
      618, 620, 622, -1,
      601, 607, 600, -1,
      600, 607, 605, -1,
      602, 606, 601, -1,
      601, 606, 607, -1,
      604, 603, 605, -1,
      605, 603, 600, -1,
      603, 604, 602, -1,
      602, 604, 606, -1,
      625, 629, 627, -1,
      627, 629, 630, -1,
      624, 628, 625, -1,
      625, 628, 629, -1,
      631, 626, 630, -1,
      630, 626, 627, -1,
      626, 631, 624, -1,
      624, 631, 628, -1,
      641, 645, 643, -1,
      643, 645, 646, -1,
      640, 644, 641, -1,
      641, 644, 645, -1,
      647, 642, 646, -1,
      646, 642, 643, -1,
      642, 647, 640, -1,
      640, 647, 644, -1,
      649, 655, 648, -1,
      648, 655, 653, -1,
      650, 654, 649, -1,
      649, 654, 655, -1,
      652, 651, 653, -1,
      653, 651, 648, -1,
      651, 652, 650, -1,
      650, 652, 654, -1,
      633, 639, 632, -1,
      632, 639, 637, -1,
      634, 638, 633, -1,
      633, 638, 639, -1,
      636, 635, 637, -1,
      637, 635, 632, -1,
      635, 636, 634, -1,
      634, 636, 638, -1,
      657, 661, 659, -1,
      659, 661, 662, -1,
      656, 660, 657, -1,
      657, 660, 661, -1,
      663, 658, 662, -1,
      662, 658, 659, -1,
      658, 663, 656, -1,
      656, 663, 660, -1,
      673, 677, 675, -1,
      675, 677, 678, -1,
      672, 676, 673, -1,
      673, 676, 677, -1,
      679, 674, 678, -1,
      678, 674, 675, -1,
      674, 679, 672, -1,
      672, 679, 676, -1,
      681, 687, 680, -1,
      680, 687, 685, -1,
      682, 686, 681, -1,
      681, 686, 687, -1,
      684, 683, 685, -1,
      685, 683, 680, -1,
      683, 684, 682, -1,
      682, 684, 686, -1,
      665, 671, 664, -1,
      664, 671, 669, -1,
      666, 670, 665, -1,
      665, 670, 671, -1,
      668, 667, 669, -1,
      669, 667, 664, -1,
      667, 668, 666, -1,
      666, 668, 670, -1,
      689, 693, 691, -1,
      691, 693, 694, -1,
      688, 692, 689, -1,
      689, 692, 693, -1,
      695, 690, 694, -1,
      694, 690, 691, -1,
      690, 695, 688, -1,
      688, 695, 692, -1,
      705, 709, 707, -1,
      707, 709, 710, -1,
      704, 708, 705, -1,
      705, 708, 709, -1,
      711, 706, 710, -1,
      710, 706, 707, -1,
      706, 711, 704, -1,
      704, 711, 708, -1,
      713, 719, 712, -1,
      712, 719, 717, -1,
      714, 718, 713, -1,
      713, 718, 719, -1,
      716, 715, 717, -1,
      717, 715, 712, -1,
      715, 716, 714, -1,
      714, 716, 718, -1,
      697, 703, 696, -1,
      696, 703, 701, -1,
      698, 702, 697, -1,
      697, 702, 703, -1,
      700, 699, 701, -1,
      701, 699, 696, -1,
      699, 700, 698, -1,
      698, 700, 702, -1,
      721, 725, 723, -1,
      723, 725, 726, -1,
      720, 724, 721, -1,
      721, 724, 725, -1,
      727, 722, 726, -1,
      726, 722, 723, -1,
      722, 727, 720, -1,
      720, 727, 724, -1,
      737, 741, 739, -1,
      739, 741, 742, -1,
      736, 740, 737, -1,
      737, 740, 741, -1,
      743, 738, 742, -1,
      742, 738, 739, -1,
      738, 743, 736, -1,
      736, 743, 740, -1,
      745, 751, 744, -1,
      744, 751, 749, -1,
      746, 750, 745, -1,
      745, 750, 751, -1,
      748, 747, 749, -1,
      749, 747, 744, -1,
      747, 748, 746, -1,
      746, 748, 750, -1,
      729, 735, 728, -1,
      728, 735, 733, -1,
      730, 734, 729, -1,
      729, 734, 735, -1,
      732, 731, 733, -1,
      733, 731, 728, -1,
      731, 732, 730, -1,
      730, 732, 734, -1,
      753, 757, 755, -1,
      755, 757, 758, -1,
      752, 756, 753, -1,
      753, 756, 757, -1,
      759, 754, 758, -1,
      758, 754, 755, -1,
      754, 759, 752, -1,
      752, 759, 756, -1,
      769, 773, 771, -1,
      771, 773, 774, -1,
      768, 772, 769, -1,
      769, 772, 773, -1,
      775, 770, 774, -1,
      774, 770, 771, -1,
      770, 775, 768, -1,
      768, 775, 772, -1,
      777, 783, 776, -1,
      776, 783, 781, -1,
      778, 782, 777, -1,
      777, 782, 783, -1,
      780, 779, 781, -1,
      781, 779, 776, -1,
      779, 780, 778, -1,
      778, 780, 782, -1,
      761, 767, 760, -1,
      760, 767, 765, -1,
      762, 766, 761, -1,
      761, 766, 767, -1,
      764, 763, 765, -1,
      765, 763, 760, -1,
      763, 764, 762, -1,
      762, 764, 766, -1,
      785, 789, 787, -1,
      787, 789, 790, -1,
      784, 788, 785, -1,
      785, 788, 789, -1,
      791, 786, 790, -1,
      790, 786, 787, -1,
      786, 791, 784, -1,
      784, 791, 788, -1,
      801, 805, 803, -1,
      803, 805, 806, -1,
      800, 804, 801, -1,
      801, 804, 805, -1,
      807, 802, 806, -1,
      806, 802, 803, -1,
      802, 807, 800, -1,
      800, 807, 804, -1,
      809, 815, 808, -1,
      808, 815, 813, -1,
      810, 814, 809, -1,
      809, 814, 815, -1,
      812, 811, 813, -1,
      813, 811, 808, -1,
      811, 812, 810, -1,
      810, 812, 814, -1,
      793, 799, 792, -1,
      792, 799, 797, -1,
      794, 798, 793, -1,
      793, 798, 799, -1,
      796, 795, 797, -1,
      797, 795, 792, -1,
      795, 796, 794, -1,
      794, 796, 798, -1,
      817, 821, 819, -1,
      819, 821, 822, -1,
      816, 820, 817, -1,
      817, 820, 821, -1,
      823, 818, 822, -1,
      822, 818, 819, -1,
      818, 823, 816, -1,
      816, 823, 820, -1,
      833, 837, 835, -1,
      835, 837, 838, -1,
      832, 836, 833, -1,
      833, 836, 837, -1,
      839, 834, 838, -1,
      838, 834, 835, -1,
      834, 839, 832, -1,
      832, 839, 836, -1,
      841, 847, 840, -1,
      840, 847, 845, -1,
      842, 846, 841, -1,
      841, 846, 847, -1,
      844, 843, 845, -1,
      845, 843, 840, -1,
      843, 844, 842, -1,
      842, 844, 846, -1,
      825, 831, 824, -1,
      824, 831, 829, -1,
      826, 830, 825, -1,
      825, 830, 831, -1,
      828, 827, 829, -1,
      829, 827, 824, -1,
      827, 828, 826, -1,
      826, 828, 830, -1,
      849, 853, 851, -1,
      851, 853, 854, -1,
      848, 852, 849, -1,
      849, 852, 853, -1,
      855, 850, 854, -1,
      854, 850, 851, -1,
      850, 855, 848, -1,
      848, 855, 852, -1,
      865, 869, 867, -1,
      867, 869, 870, -1,
      864, 868, 865, -1,
      865, 868, 869, -1,
      871, 866, 870, -1,
      870, 866, 867, -1,
      866, 871, 864, -1,
      864, 871, 868, -1,
      873, 879, 872, -1,
      872, 879, 877, -1,
      874, 878, 873, -1,
      873, 878, 879, -1,
      876, 875, 877, -1,
      877, 875, 872, -1,
      875, 876, 874, -1,
      874, 876, 878, -1,
      857, 863, 856, -1,
      856, 863, 861, -1,
      858, 862, 857, -1,
      857, 862, 863, -1,
      860, 859, 861, -1,
      861, 859, 856, -1,
      859, 860, 858, -1,
      858, 860, 862, -1,
      881, 885, 883, -1,
      883, 885, 886, -1,
      880, 884, 881, -1,
      881, 884, 885, -1,
      887, 882, 886, -1,
      886, 882, 883, -1,
      882, 887, 880, -1,
      880, 887, 884, -1,
      897, 901, 899, -1,
      899, 901, 902, -1,
      896, 900, 897, -1,
      897, 900, 901, -1,
      903, 898, 902, -1,
      902, 898, 899, -1,
      898, 903, 896, -1,
      896, 903, 900, -1,
      905, 911, 904, -1,
      904, 911, 909, -1,
      906, 910, 905, -1,
      905, 910, 911, -1,
      908, 907, 909, -1,
      909, 907, 904, -1,
      907, 908, 906, -1,
      906, 908, 910, -1,
      889, 895, 888, -1,
      888, 895, 893, -1,
      890, 894, 889, -1,
      889, 894, 895, -1,
      892, 891, 893, -1,
      893, 891, 888, -1,
      891, 892, 890, -1,
      890, 892, 894, -1,
      913, 917, 915, -1,
      915, 917, 918, -1,
      912, 916, 913, -1,
      913, 916, 917, -1,
      919, 914, 918, -1,
      918, 914, 915, -1,
      914, 919, 912, -1,
      912, 919, 916, -1,
      929, 933, 931, -1,
      931, 933, 934, -1,
      928, 932, 929, -1,
      929, 932, 933, -1,
      935, 930, 934, -1,
      934, 930, 931, -1,
      930, 935, 928, -1,
      928, 935, 932, -1,
      937, 943, 936, -1,
      936, 943, 941, -1,
      938, 942, 937, -1,
      937, 942, 943, -1,
      940, 939, 941, -1,
      941, 939, 936, -1,
      939, 940, 938, -1,
      938, 940, 942, -1,
      921, 927, 920, -1,
      920, 927, 925, -1,
      922, 926, 921, -1,
      921, 926, 927, -1,
      924, 923, 925, -1,
      925, 923, 920, -1,
      923, 924, 922, -1,
      922, 924, 926, -1,
      945, 949, 947, -1,
      947, 949, 950, -1,
      944, 948, 945, -1,
      945, 948, 949, -1,
      951, 946, 950, -1,
      950, 946, 947, -1,
      946, 951, 944, -1,
      944, 951, 948, -1,
      961, 965, 963, -1,
      963, 965, 966, -1,
      960, 964, 961, -1,
      961, 964, 965, -1,
      967, 962, 966, -1,
      966, 962, 963, -1,
      962, 967, 960, -1,
      960, 967, 964, -1,
      969, 975, 968, -1,
      968, 975, 973, -1,
      970, 974, 969, -1,
      969, 974, 975, -1,
      972, 971, 973, -1,
      973, 971, 968, -1,
      971, 972, 970, -1,
      970, 972, 974, -1,
      953, 959, 952, -1,
      952, 959, 957, -1,
      954, 958, 953, -1,
      953, 958, 959, -1,
      956, 955, 957, -1,
      957, 955, 952, -1,
      955, 956, 954, -1,
      954, 956, 958, -1,
      977, 981, 979, -1,
      979, 981, 982, -1,
      976, 980, 977, -1,
      977, 980, 981, -1,
      983, 978, 982, -1,
      982, 978, 979, -1,
      978, 983, 976, -1,
      976, 983, 980, -1,
      993, 997, 995, -1,
      995, 997, 998, -1,
      992, 996, 993, -1,
      993, 996, 997, -1,
      999, 994, 998, -1,
      998, 994, 995, -1,
      994, 999, 992, -1,
      992, 999, 996, -1,
      1001, 1007, 1000, -1,
      1000, 1007, 1005, -1,
      1002, 1006, 1001, -1,
      1001, 1006, 1007, -1,
      1004, 1003, 1005, -1,
      1005, 1003, 1000, -1,
      1003, 1004, 1002, -1,
      1002, 1004, 1006, -1,
      985, 991, 984, -1,
      984, 991, 989, -1,
      986, 990, 985, -1,
      985, 990, 991, -1,
      988, 987, 989, -1,
      989, 987, 984, -1,
      987, 988, 986, -1,
      986, 988, 990, -1,
    ]
  }
}

Shape {
  appearance Appearance {
    material Material {
      diffuseColor 1.0000 1.0000 1.0000
      specularColor 0.5020 0.5020 0.5020
      ambientIntensity 0.2
      transparency 0.0000
      shininess 0.5
    }
  }
  geometry IndexedFaceSet {
    ccw TRUE
    solid FALSE
    coord DEF co Coordinate {
      point [
        -0.140037 0.149182 0.078740,
        -0.131697 0.141197 0.078740,
        -0.119365 0.134030 0.078740,
        -0.123239 0.240131 0.078740,
        -0.136094 0.231517 0.078740,
        -0.092356 0.246808 0.078740,
        -0.109420 0.244984 0.078740,
        -0.105755 0.129974 0.078740,
        -0.091141 0.128698 0.078740,
        -0.059025 0.128698 0.078740,
        -0.059025 0.246808 0.078740,
        -0.136218 0.231408 0.078740,
        -0.140037 0.227173 0.078740,
        -0.144570 0.222146 0.078740,
        -0.150059 0.211989 0.078740,
        -0.141419 0.150505 0.078740,
        -0.148192 0.161069 0.078740,
        -0.153231 0.200352 0.078740,
        -0.154089 0.189239 0.078740,
        -0.152432 0.173432 0.078740,
        0.050443 0.147783 0.078740,
        0.050443 0.134819 0.078740,
        0.063033 0.129650 0.078740,
        0.067800 0.247528 0.078740,
        0.064098 0.247273 0.078740,
        0.050443 0.243567 0.078740,
        0.050443 0.227723 0.078740,
        0.063747 0.233420 0.078740,
        0.052560 0.146610 0.078740,
        0.078102 0.235285 0.078740,
        0.089733 0.233979 0.078740,
        0.098573 0.230789 0.078740,
        0.106748 0.225320 0.078740,
        0.113880 0.217446 0.078740,
        0.122461 0.186493 0.078740,
        0.121265 0.173707 0.078740,
        0.118057 0.163547 0.078740,
        0.091774 0.141457 0.078740,
        0.080758 0.140221 0.078740,
        0.100381 0.144625 0.078740,
        0.107629 0.149511 0.078740,
        0.113172 0.155357 0.078740,
        0.065080 0.141961 0.078740,
        0.118750 0.208326 0.078740,
        0.121898 0.195682 0.078740,
        0.087059 0.247528 0.078740,
        0.078237 0.248248 0.078740,
        0.136606 0.202317 0.078740,
        0.132145 0.215485 0.078740,
        0.132072 0.215700 0.078740,
        0.125149 0.226742 0.078740,
        0.114486 0.236997 0.078740,
        0.103267 0.243455 0.078740,
        0.090100 0.247280 0.078740,
        0.138306 0.185525 0.078740,
        0.132145 0.156732 0.078740,
        0.133609 0.159344 0.078740,
        0.137163 0.171846 0.078740,
        0.108944 0.132707 0.078740,
        0.118445 0.138774 0.078740,
        0.127317 0.148114 0.078740,
        0.074968 0.127978 0.078740,
        0.079712 0.127313 0.078740,
        0.082941 0.127257 0.078740,
        0.089887 0.127978 0.078740,
        0.097496 0.128767 0.078740,
        0.148388 0.141661 0.078740,
        0.148388 0.128698 0.078740,
        0.208883 0.128698 0.078740,
        0.208883 0.246808 0.078740,
        0.193039 0.246808 0.078740,
        0.193039 0.141661 0.078740,
        -0.033098 0.246808 0.078740,
        -0.033098 0.233845 0.078740,
        -0.035979 0.141661 0.078740,
        -0.035979 0.128698 0.078740,
        0.027397 0.128698 0.078740,
        0.027397 0.246808 0.078740,
        0.011553 0.181991 0.078740,
        0.011553 0.141661 0.078740,
        -0.030218 0.181991 0.078740,
        -0.030218 0.194955 0.078740,
        0.011553 0.194955 0.078740,
        0.011553 0.233845 0.078740,
        -0.180016 0.128698 0.078740,
        -0.162731 0.128698 0.078740,
        -0.252035 0.128698 0.078740,
        -0.240084 0.161826 0.078740,
        -0.191291 0.161826 0.078740,
        -0.207383 0.246808 0.078740,
        -0.223227 0.246808 0.078740,
        -0.269319 0.128698 0.078740,
        -0.223227 0.246808 0.079134,
        -0.269319 0.128698 0.079134,
        -0.252035 0.128698 0.079134,
        -0.240084 0.161826 0.079134,
        -0.191291 0.161826 0.079134,
        -0.180016 0.128698 0.079134,
        -0.162731 0.128698 0.079134,
        -0.207383 0.246808 0.079134,
        -0.195275 0.174790 0.079134,
        -0.234772 0.174790 0.079134,
        -0.212897 0.224122 0.079134,
        -0.214034 0.228219 0.079134,
        -0.214787 0.232404 0.079134,
        -0.215170 0.232404 0.079134,
        -0.215941 0.228231 0.079134,
        -0.216993 0.224122 0.079134,
        -0.195275 0.174790 0.078740,
        -0.234772 0.174790 0.078740,
        -0.212897 0.224122 0.078740,
        -0.214034 0.228219 0.078740,
        -0.214787 0.232404 0.078740,
        -0.215170 0.232404 0.078740,
        -0.215941 0.228231 0.078740,
        -0.216993 0.224122 0.078740,
        -0.091141 0.128698 0.079134,
        -0.059025 0.128698 0.079134,
        -0.059025 0.246808 0.079134,
        -0.092356 0.246808 0.079134,
        -0.154089 0.189239 0.079134,
        -0.153231 0.200352 0.079134,
        -0.150059 0.211989 0.079134,
        -0.144570 0.222146 0.079134,
        -0.136218 0.231408 0.079134,
        -0.136094 0.231517 0.079134,
        -0.123239 0.240131 0.079134,
        -0.109420 0.244984 0.079134,
        -0.105755 0.129974 0.079134,
        -0.119365 0.134030 0.079134,
        -0.131697 0.141197 0.079134,
        -0.141419 0.150505 0.079134,
        -0.148192 0.161069 0.079134,
        -0.152432 0.173432 0.079134,
        -0.130381 0.217282 0.079134,
        -0.124644 0.223374 0.079134,
        -0.116017 0.228947 0.079134,
        -0.106268 0.232359 0.079134,
        -0.092289 0.233845 0.079134,
        -0.074869 0.233845 0.079134,
        -0.074869 0.141661 0.079134,
        -0.091636 0.141661 0.079134,
        -0.104097 0.142821 0.079134,
        -0.114036 0.145923 0.079134,
        -0.122091 0.150707 0.079134,
        -0.128715 0.157250 0.079134,
        -0.133697 0.165393 0.079134,
        -0.137161 0.176495 0.079134,
        -0.138245 0.188901 0.079134,
        -0.137242 0.200656 0.079134,
        -0.134485 0.209998 0.079134,
        -0.092289 0.233845 0.078740,
        -0.074869 0.233845 0.078740,
        -0.106268 0.232359 0.078740,
        -0.116017 0.228947 0.078740,
        -0.124644 0.223374 0.078740,
        -0.130381 0.217282 0.078740,
        -0.134485 0.209998 0.078740,
        -0.137242 0.200656 0.078740,
        -0.138245 0.188901 0.078740,
        -0.137161 0.176495 0.078740,
        -0.133697 0.165393 0.078740,
        -0.128715 0.157250 0.078740,
        -0.122091 0.150707 0.078740,
        -0.114036 0.145923 0.078740,
        -0.104097 0.142821 0.078740,
        -0.091636 0.141661 0.078740,
        -0.074869 0.141661 0.078740,
        -0.035979 0.141661 0.079134,
        -0.035979 0.128698 0.079134,
        0.027397 0.128698 0.079134,
        0.027397 0.246808 0.079134,
        -0.033098 0.246808 0.079134,
        -0.033098 0.233845 0.079134,
        0.011553 0.233845 0.079134,
        0.011553 0.194955 0.079134,
        -0.030218 0.194955 0.079134,
        -0.030218 0.181991 0.079134,
        0.011553 0.181991 0.079134,
        0.011553 0.141661 0.079134,
        0.050443 0.147783 0.079134,
        0.050443 0.134819 0.079134,
        0.063033 0.129650 0.079134,
        0.082941 0.127257 0.079134,
        0.079712 0.127313 0.079134,
        0.138306 0.185525 0.079134,
        0.137163 0.171846 0.079134,
        0.133609 0.159344 0.079134,
        0.127317 0.148114 0.079134,
        0.118445 0.138774 0.079134,
        0.108944 0.132707 0.079134,
        0.097496 0.128767 0.079134,
        0.136606 0.202317 0.079134,
        0.090100 0.247280 0.079134,
        0.078237 0.248248 0.079134,
        0.103267 0.243455 0.079134,
        0.114486 0.236997 0.079134,
        0.125149 0.226742 0.079134,
        0.132072 0.215700 0.079134,
        0.064098 0.247273 0.079134,
        0.050443 0.243567 0.079134,
        0.050443 0.227723 0.079134,
        0.078102 0.235285 0.079134,
        0.063747 0.233420 0.079134,
        0.122461 0.186493 0.079134,
        0.121898 0.195682 0.079134,
        0.118750 0.208326 0.079134,
        0.113880 0.217446 0.079134,
        0.106748 0.225320 0.079134,
        0.098573 0.230789 0.079134,
        0.089733 0.233979 0.079134,
        0.080758 0.140221 0.079134,
        0.091774 0.141457 0.079134,
        0.100381 0.144625 0.079134,
        0.107629 0.149511 0.079134,
        0.113172 0.155357 0.079134,
        0.118057 0.163547 0.079134,
        0.121265 0.173707 0.079134,
        0.052560 0.146610 0.079134,
        0.065080 0.141961 0.079134,
        0.148388 0.141661 0.079134,
        0.148388 0.128698 0.079134,
        0.208883 0.128698 0.079134,
        0.208883 0.246808 0.079134,
        0.193039 0.246808 0.079134,
        0.193039 0.141661 0.079134,
      ]
    }
    coordIndex [
      92, 93, 90, -1,
      90, 93, 91, -1,
      93, 94, 91, -1,
      91, 94, 86, -1,
      94, 95, 86, -1,
      86, 95, 87, -1,
      95, 96, 87, -1,
      87, 96, 88, -1,
      96, 97, 88, -1,
      88, 97, 84, -1,
      97, 98, 84, -1,
      84, 98, 85, -1,
      98, 99, 85, -1,
      85, 99, 89, -1,
      99, 92, 89, -1,
      89, 92, 90, -1,
      100, 96, 101, -1,
      101, 96, 95, -1,
      102, 99, 100, -1,
      100, 99, 98, -1,
      100, 98, 96, -1,
      96, 98, 97, -1,
      102, 103, 99, -1,
      99, 103, 104, -1,
      99, 104, 92, -1,
      92, 104, 105, -1,
      92, 105, 106, -1,
      106, 107, 92, -1,
      92, 107, 101, -1,
      92, 101, 93, -1,
      93, 101, 95, -1,
      93, 95, 94, -1,
      100, 101, 108, -1,
      108, 101, 109, -1,
      102, 100, 110, -1,
      110, 100, 108, -1,
      102, 110, 111, -1,
      102, 111, 103, -1,
      103, 111, 112, -1,
      103, 112, 104, -1,
      105, 104, 113, -1,
      113, 104, 112, -1,
      105, 113, 114, -1,
      105, 114, 106, -1,
      106, 114, 115, -1,
      106, 115, 107, -1,
      101, 107, 109, -1,
      109, 107, 115, -1,
      116, 117, 8, -1,
      8, 117, 9, -1,
      117, 118, 9, -1,
      9, 118, 10, -1,
      118, 119, 10, -1,
      10, 119, 5, -1,
      120, 18, 17, -1,
      120, 17, 121, -1,
      121, 17, 14, -1,
      121, 14, 122, -1,
      122, 14, 13, -1,
      122, 13, 123, -1,
      123, 13, 12, -1,
      123, 12, 124, -1,
      12, 11, 124, -1,
      124, 11, 4, -1,
      124, 4, 125, -1,
      125, 4, 3, -1,
      125, 3, 126, -1,
      126, 3, 6, -1,
      126, 6, 127, -1,
      127, 6, 5, -1,
      127, 5, 119, -1,
      116, 8, 7, -1,
      116, 7, 128, -1,
      128, 7, 2, -1,
      128, 2, 129, -1,
      129, 2, 1, -1,
      129, 1, 130, -1,
      130, 1, 0, -1,
      130, 0, 131, -1,
      0, 15, 131, -1,
      131, 15, 16, -1,
      131, 16, 132, -1,
      132, 16, 19, -1,
      132, 19, 133, -1,
      133, 19, 18, -1,
      133, 18, 120, -1,
      122, 123, 134, -1,
      134, 123, 124, -1,
      134, 124, 135, -1,
      135, 124, 125, -1,
      135, 125, 136, -1,
      136, 125, 126, -1,
      136, 126, 137, -1,
      137, 126, 127, -1,
      137, 127, 138, -1,
      138, 127, 119, -1,
      138, 119, 139, -1,
      139, 119, 118, -1,
      139, 118, 140, -1,
      140, 118, 117, -1,
      140, 117, 141, -1,
      141, 117, 116, -1,
      141, 116, 142, -1,
      142, 116, 128, -1,
      142, 128, 143, -1,
      143, 128, 129, -1,
      143, 129, 144, -1,
      144, 129, 130, -1,
      144, 130, 145, -1,
      145, 130, 131, -1,
      145, 131, 146, -1,
      146, 131, 132, -1,
      146, 132, 147, -1,
      147, 132, 133, -1,
      147, 133, 148, -1,
      148, 133, 120, -1,
      148, 120, 149, -1,
      149, 120, 121, -1,
      149, 121, 150, -1,
      150, 121, 122, -1,
      150, 122, 134, -1,
      138, 139, 151, -1,
      151, 139, 152, -1,
      138, 151, 153, -1,
      138, 153, 137, -1,
      137, 153, 154, -1,
      137, 154, 136, -1,
      136, 154, 155, -1,
      136, 155, 135, -1,
      135, 155, 156, -1,
      135, 156, 134, -1,
      134, 156, 157, -1,
      134, 157, 150, -1,
      150, 157, 158, -1,
      150, 158, 149, -1,
      149, 158, 159, -1,
      149, 159, 148, -1,
      148, 159, 160, -1,
      148, 160, 147, -1,
      147, 160, 161, -1,
      147, 161, 146, -1,
      146, 161, 162, -1,
      146, 162, 145, -1,
      145, 162, 163, -1,
      145, 163, 144, -1,
      144, 163, 164, -1,
      144, 164, 143, -1,
      143, 164, 165, -1,
      143, 165, 142, -1,
      142, 165, 166, -1,
      142, 166, 141, -1,
      140, 141, 167, -1,
      167, 141, 166, -1,
      139, 140, 152, -1,
      152, 140, 167, -1,
      168, 169, 74, -1,
      74, 169, 75, -1,
      169, 170, 75, -1,
      75, 170, 76, -1,
      170, 171, 76, -1,
      76, 171, 77, -1,
      171, 172, 77, -1,
      77, 172, 72, -1,
      172, 173, 72, -1,
      72, 173, 73, -1,
      173, 174, 73, -1,
      73, 174, 83, -1,
      174, 175, 83, -1,
      83, 175, 82, -1,
      175, 176, 82, -1,
      82, 176, 81, -1,
      176, 177, 81, -1,
      81, 177, 80, -1,
      177, 178, 80, -1,
      80, 178, 78, -1,
      178, 179, 78, -1,
      78, 179, 79, -1,
      179, 168, 79, -1,
      79, 168, 74, -1,
      170, 169, 168, -1,
      168, 179, 170, -1,
      170, 179, 178, -1,
      170, 178, 171, -1,
      173, 172, 174, -1,
      174, 172, 171, -1,
      174, 171, 175, -1,
      175, 171, 178, -1,
      175, 178, 176, -1,
      176, 178, 177, -1,
      180, 181, 20, -1,
      20, 181, 21, -1,
      21, 181, 182, -1,
      183, 63, 62, -1,
      183, 62, 184, -1,
      184, 62, 61, -1,
      184, 61, 182, -1,
      182, 61, 22, -1,
      182, 22, 21, -1,
      185, 54, 57, -1,
      185, 57, 186, -1,
      186, 57, 56, -1,
      186, 56, 187, -1,
      187, 56, 55, -1,
      187, 55, 188, -1,
      55, 60, 188, -1,
      188, 60, 59, -1,
      188, 59, 189, -1,
      189, 59, 58, -1,
      189, 58, 190, -1,
      190, 58, 65, -1,
      190, 65, 191, -1,
      191, 65, 64, -1,
      191, 64, 183, -1,
      183, 64, 63, -1,
      54, 185, 192, -1,
      193, 194, 45, -1,
      45, 194, 46, -1,
      45, 53, 193, -1,
      193, 53, 52, -1,
      193, 52, 195, -1,
      195, 52, 51, -1,
      195, 51, 196, -1,
      196, 51, 50, -1,
      196, 50, 197, -1,
      197, 50, 49, -1,
      197, 49, 198, -1,
      198, 49, 48, -1,
      198, 48, 192, -1,
      192, 48, 47, -1,
      192, 47, 54, -1,
      46, 194, 23, -1,
      23, 194, 199, -1,
      23, 199, 24, -1,
      24, 199, 200, -1,
      24, 200, 25, -1,
      200, 201, 25, -1,
      25, 201, 26, -1,
      202, 29, 27, -1,
      202, 27, 203, -1,
      203, 27, 26, -1,
      203, 26, 201, -1,
      204, 34, 44, -1,
      204, 44, 205, -1,
      205, 44, 43, -1,
      205, 43, 206, -1,
      206, 43, 33, -1,
      206, 33, 207, -1,
      207, 33, 32, -1,
      207, 32, 208, -1,
      208, 32, 31, -1,
      208, 31, 209, -1,
      209, 31, 30, -1,
      209, 30, 210, -1,
      210, 30, 29, -1,
      210, 29, 202, -1,
      211, 38, 37, -1,
      211, 37, 212, -1,
      212, 37, 39, -1,
      212, 39, 213, -1,
      213, 39, 40, -1,
      213, 40, 214, -1,
      214, 40, 41, -1,
      214, 41, 215, -1,
      215, 41, 36, -1,
      215, 36, 216, -1,
      216, 36, 35, -1,
      216, 35, 217, -1,
      217, 35, 34, -1,
      217, 34, 204, -1,
      180, 20, 28, -1,
      180, 28, 218, -1,
      218, 28, 42, -1,
      218, 42, 219, -1,
      219, 42, 38, -1,
      219, 38, 211, -1,
      212, 183, 211, -1,
      211, 183, 184, -1,
      211, 184, 219, -1,
      219, 184, 182, -1,
      219, 182, 218, -1,
      218, 182, 181, -1,
      218, 181, 180, -1,
      201, 200, 203, -1,
      203, 200, 199, -1,
      203, 199, 202, -1,
      202, 199, 194, -1,
      202, 194, 210, -1,
      210, 194, 193, -1,
      210, 193, 209, -1,
      209, 193, 195, -1,
      209, 195, 208, -1,
      208, 195, 196, -1,
      208, 196, 207, -1,
      207, 196, 197, -1,
      207, 197, 206, -1,
      206, 197, 198, -1,
      206, 198, 205, -1,
      205, 198, 192, -1,
      205, 192, 204, -1,
      204, 192, 185, -1,
      204, 185, 217, -1,
      217, 185, 186, -1,
      217, 186, 216, -1,
      216, 186, 187, -1,
      216, 187, 215, -1,
      215, 187, 188, -1,
      215, 188, 214, -1,
      214, 188, 189, -1,
      214, 189, 213, -1,
      213, 189, 190, -1,
      213, 190, 212, -1,
      212, 190, 191, -1,
      212, 191, 183, -1,
      220, 221, 66, -1,
      66, 221, 67, -1,
      221, 222, 67, -1,
      67, 222, 68, -1,
      222, 223, 68, -1,
      68, 223, 69, -1,
      223, 224, 69, -1,
      69, 224, 70, -1,
      224, 225, 70, -1,
      70, 225, 71, -1,
      225, 220, 71, -1,
      71, 220, 66, -1,
      224, 223, 225, -1,
      225, 223, 222, -1,
      225, 222, 220, -1,
      220, 222, 221, -1,
    ]
  }
}

Shape {
  appearance Appearance {
    material Material {
      diffuseColor 0.2235 0.2235 0.2235
      specularColor 0.1137 0.1137 0.1137
      ambientIntensity 0.2
      transparency 0.0000
      shininess 0.5
    }
  }
  geometry IndexedFaceSet {
    ccw TRUE
    solid FALSE
    coord DEF co Coordinate {
      point [
        -0.195275 0.174790 0.078740,
        -0.234772 0.174790 0.078740,
        -0.212897 0.224122 0.078740,
        -0.214034 0.228219 0.078740,
        -0.214787 0.232404 0.078740,
        -0.215170 0.232404 0.078740,
        -0.215941 0.228231 0.078740,
        -0.216993 0.224122 0.078740,
        -0.092289 0.233845 0.078740,
        -0.074869 0.233845 0.078740,
        -0.106268 0.232359 0.078740,
        -0.116017 0.228947 0.078740,
        -0.124644 0.223374 0.078740,
        -0.130381 0.217282 0.078740,
        -0.134485 0.209998 0.078740,
        -0.137242 0.200656 0.078740,
        -0.138245 0.188901 0.078740,
        -0.137161 0.176495 0.078740,
        -0.133697 0.165393 0.078740,
        -0.128715 0.157250 0.078740,
        -0.122091 0.150707 0.078740,
        -0.114036 0.145923 0.078740,
        -0.104097 0.142821 0.078740,
        -0.091636 0.141661 0.078740,
        -0.074869 0.141661 0.078740,
      ]
    }
    coordIndex [
      0, 1, 2, -1,
      2, 1, 7, -1,
      2, 7, 3, -1,
      3, 7, 6, -1,
      3, 6, 4, -1,
      4, 6, 5, -1,
      9, 24, 8, -1,
      8, 24, 23, -1,
      8, 23, 22, -1,
      16, 15, 8, -1,
      8, 15, 14, -1,
      8, 14, 10, -1,
      22, 21, 8, -1,
      8, 21, 20, -1,
      8, 20, 19, -1,
      19, 18, 8, -1,
      8, 18, 17, -1,
      8, 17, 16, -1,
      13, 12, 14, -1,
      14, 12, 11, -1,
      14, 11, 10, -1,
    ]
  }
}
