#VRML V2.0 utf8

Shape {
  appearance Appearance {
    material Material {
      diffuseColor 1.0000 1.0000 0.0000
      specularColor 0.5020 0.5020 0.0000
      ambientIntensity 0.2
      transparency 0.0000
      shininess 0.5
    }
  }
  geometry IndexedFaceSet {
    ccw TRUE
    solid FALSE
    coord DEF co Coordinate {
      point [
        0.364173 0.344488 -0.338583,
        0.364173 0.246063 -0.338583,
        0.364173 0.344488 -0.299213,
        0.364173 0.246063 -0.299213,
        0.551181 0.344488 -0.338583,
        0.551181 0.344488 -0.299213,
        0.551181 0.246063 -0.338583,
        0.551181 0.246063 -0.299213,
        0.147638 0.452756 -0.338583,
        0.147638 0.265748 -0.338583,
        0.147638 0.452756 -0.299213,
        0.147638 0.265748 -0.299213,
        0.246063 0.452756 -0.338583,
        0.246063 0.452756 -0.299213,
        0.246063 0.265748 -0.338583,
        0.246063 0.265748 -0.299213,
        -0.246063 0.452756 -0.338583,
        -0.246063 0.265748 -0.338583,
        -0.246063 0.452756 -0.299213,
        -0.246063 0.265748 -0.299213,
        -0.147638 0.452756 -0.338583,
        -0.147638 0.452756 -0.299213,
        -0.147638 0.265748 -0.338583,
        -0.147638 0.265748 -0.299213,
        -0.049213 0.452756 -0.338583,
        -0.049213 0.265748 -0.338583,
        -0.049213 0.452756 -0.299213,
        -0.049213 0.265748 -0.299213,
        0.049213 0.452756 -0.338583,
        0.049213 0.452756 -0.299213,
        0.049213 0.265748 -0.338583,
        0.049213 0.265748 -0.299213,
        -0.364173 -0.246063 -0.338583,
        -0.551181 -0.246063 -0.338583,
        -0.364173 -0.246063 -0.299213,
        -0.551181 -0.246063 -0.299213,
        -0.364173 -0.344488 -0.338583,
        -0.364173 -0.344488 -0.299213,
        -0.551181 -0.344488 -0.338583,
        -0.551181 -0.344488 -0.299213,
        0.364173 0.147638 -0.338583,
        0.364173 0.049213 -0.338583,
        0.364173 0.147638 -0.299213,
        0.364173 0.049213 -0.299213,
        0.551181 0.147638 -0.338583,
        0.551181 0.147638 -0.299213,
        0.551181 0.049213 -0.338583,
        0.551181 0.049213 -0.299213,
        0.364173 -0.049213 -0.338583,
        0.364173 -0.147638 -0.338583,
        0.364173 -0.049213 -0.299213,
        0.364173 -0.147638 -0.299213,
        0.551181 -0.049213 -0.338583,
        0.551181 -0.049213 -0.299213,
        0.551181 -0.147638 -0.338583,
        0.551181 -0.147638 -0.299213,
        0.364173 -0.246063 -0.338583,
        0.364173 -0.344488 -0.338583,
        0.364173 -0.246063 -0.299213,
        0.364173 -0.344488 -0.299213,
        0.551181 -0.246063 -0.338583,
        0.551181 -0.246063 -0.299213,
        0.551181 -0.344488 -0.338583,
        0.551181 -0.344488 -0.299213,
        -0.364173 -0.049213 -0.338583,
        -0.551181 -0.049213 -0.338583,
        -0.364173 -0.049213 -0.299213,
        -0.551181 -0.049213 -0.299213,
        -0.364173 -0.147638 -0.338583,
        -0.364173 -0.147638 -0.299213,
        -0.551181 -0.147638 -0.338583,
        -0.551181 -0.147638 -0.299213,
        -0.364173 0.147638 -0.338583,
        -0.551181 0.147638 -0.338583,
        -0.364173 0.147638 -0.299213,
        -0.551181 0.147638 -0.299213,
        -0.364173 0.049213 -0.338583,
        -0.364173 0.049213 -0.299213,
        -0.551181 0.049213 -0.338583,
        -0.551181 0.049213 -0.299213,
        -0.364173 0.344488 -0.338583,
        -0.551181 0.344488 -0.338583,
        -0.364173 0.344488 -0.299213,
        -0.551181 0.344488 -0.299213,
        -0.364173 0.246063 -0.338583,
        -0.364173 0.246063 -0.299213,
        -0.551181 0.246063 -0.338583,
        -0.551181 0.246063 -0.299213,
        -0.246063 -0.452756 -0.338583,
        -0.147638 -0.452756 -0.338583,
        -0.246063 -0.452756 -0.299213,
        -0.147638 -0.452756 -0.299213,
        -0.246063 -0.265748 -0.338583,
        -0.246063 -0.265748 -0.299213,
        -0.147638 -0.265748 -0.338583,
        -0.147638 -0.265748 -0.299213,
        -0.049213 -0.452756 -0.338583,
        0.049213 -0.452756 -0.338583,
        -0.049213 -0.452756 -0.299213,
        0.049213 -0.452756 -0.299213,
        -0.049213 -0.265748 -0.338583,
        -0.049213 -0.265748 -0.299213,
        0.049213 -0.265748 -0.338583,
        0.049213 -0.265748 -0.299213,
        0.147638 -0.452756 -0.338583,
        0.246063 -0.452756 -0.338583,
        0.147638 -0.452756 -0.299213,
        0.246063 -0.452756 -0.299213,
        0.147638 -0.265748 -0.338583,
        0.147638 -0.265748 -0.299213,
        0.246063 -0.265748 -0.338583,
        0.246063 -0.265748 -0.299213,
      ]
    }
    coordIndex [
      0, 1, 2, -1,
      2, 1, 3, -1,
      4, 0, 5, -1,
      5, 0, 2, -1,
      6, 4, 7, -1,
      7, 4, 5, -1,
      1, 6, 3, -1,
      3, 6, 7, -1,
      4, 6, 0, -1,
      0, 6, 1, -1,
      7, 5, 3, -1,
      3, 5, 2, -1,
      8, 9, 10, -1,
      10, 9, 11, -1,
      12, 8, 13, -1,
      13, 8, 10, -1,
      14, 12, 15, -1,
      15, 12, 13, -1,
      9, 14, 11, -1,
      11, 14, 15, -1,
      12, 14, 8, -1,
      8, 14, 9, -1,
      15, 13, 11, -1,
      11, 13, 10, -1,
      16, 17, 18, -1,
      18, 17, 19, -1,
      20, 16, 21, -1,
      21, 16, 18, -1,
      22, 20, 23, -1,
      23, 20, 21, -1,
      17, 22, 19, -1,
      19, 22, 23, -1,
      20, 22, 16, -1,
      16, 22, 17, -1,
      23, 21, 19, -1,
      19, 21, 18, -1,
      24, 25, 26, -1,
      26, 25, 27, -1,
      28, 24, 29, -1,
      29, 24, 26, -1,
      30, 28, 31, -1,
      31, 28, 29, -1,
      25, 30, 27, -1,
      27, 30, 31, -1,
      28, 30, 24, -1,
      24, 30, 25, -1,
      31, 29, 27, -1,
      27, 29, 26, -1,
      32, 33, 34, -1,
      34, 33, 35, -1,
      36, 32, 37, -1,
      37, 32, 34, -1,
      38, 36, 39, -1,
      39, 36, 37, -1,
      33, 38, 35, -1,
      35, 38, 39, -1,
      36, 38, 32, -1,
      32, 38, 33, -1,
      39, 37, 35, -1,
      35, 37, 34, -1,
      40, 41, 42, -1,
      42, 41, 43, -1,
      44, 40, 45, -1,
      45, 40, 42, -1,
      46, 44, 47, -1,
      47, 44, 45, -1,
      41, 46, 43, -1,
      43, 46, 47, -1,
      44, 46, 40, -1,
      40, 46, 41, -1,
      47, 45, 43, -1,
      43, 45, 42, -1,
      48, 49, 50, -1,
      50, 49, 51, -1,
      52, 48, 53, -1,
      53, 48, 50, -1,
      54, 52, 55, -1,
      55, 52, 53, -1,
      49, 54, 51, -1,
      51, 54, 55, -1,
      52, 54, 48, -1,
      48, 54, 49, -1,
      55, 53, 51, -1,
      51, 53, 50, -1,
      56, 57, 58, -1,
      58, 57, 59, -1,
      60, 56, 61, -1,
      61, 56, 58, -1,
      62, 60, 63, -1,
      63, 60, 61, -1,
      57, 62, 59, -1,
      59, 62, 63, -1,
      60, 62, 56, -1,
      56, 62, 57, -1,
      63, 61, 59, -1,
      59, 61, 58, -1,
      64, 65, 66, -1,
      66, 65, 67, -1,
      68, 64, 69, -1,
      69, 64, 66, -1,
      70, 68, 71, -1,
      71, 68, 69, -1,
      65, 70, 67, -1,
      67, 70, 71, -1,
      68, 70, 64, -1,
      64, 70, 65, -1,
      71, 69, 67, -1,
      67, 69, 66, -1,
      72, 73, 74, -1,
      74, 73, 75, -1,
      76, 72, 77, -1,
      77, 72, 74, -1,
      78, 76, 79, -1,
      79, 76, 77, -1,
      73, 78, 75, -1,
      75, 78, 79, -1,
      76, 78, 72, -1,
      72, 78, 73, -1,
      79, 77, 75, -1,
      75, 77, 74, -1,
      80, 81, 82, -1,
      82, 81, 83, -1,
      84, 80, 85, -1,
      85, 80, 82, -1,
      86, 84, 87, -1,
      87, 84, 85, -1,
      81, 86, 83, -1,
      83, 86, 87, -1,
      84, 86, 80, -1,
      80, 86, 81, -1,
      87, 85, 83, -1,
      83, 85, 82, -1,
      88, 89, 90, -1,
      90, 89, 91, -1,
      92, 88, 93, -1,
      93, 88, 90, -1,
      94, 92, 95, -1,
      95, 92, 93, -1,
      89, 94, 91, -1,
      91, 94, 95, -1,
      92, 94, 88, -1,
      88, 94, 89, -1,
      95, 93, 91, -1,
      91, 93, 90, -1,
      96, 97, 98, -1,
      98, 97, 99, -1,
      100, 96, 101, -1,
      101, 96, 98, -1,
      102, 100, 103, -1,
      103, 100, 101, -1,
      97, 102, 99, -1,
      99, 102, 103, -1,
      100, 102, 96, -1,
      96, 102, 97, -1,
      103, 101, 99, -1,
      99, 101, 98, -1,
      104, 105, 106, -1,
      106, 105, 107, -1,
      108, 104, 109, -1,
      109, 104, 106, -1,
      110, 108, 111, -1,
      111, 108, 109, -1,
      105, 110, 107, -1,
      107, 110, 111, -1,
      108, 110, 104, -1,
      104, 110, 105, -1,
      111, 109, 107, -1,
      107, 109, 106, -1,
    ]
  }
}

Shape {
  appearance Appearance {
    material Material {
      diffuseColor 0.2510 0.2510 0.2510
      specularColor 0.1255 0.1255 0.1255
      ambientIntensity 0.2
      transparency 0.0000
      shininess 0.5
    }
  }
  geometry IndexedFaceSet {
    ccw TRUE
    solid FALSE
    coord DEF co Coordinate {
      point [
        0.590551 -0.492126 -0.299213,
        0.590551 0.492126 -0.299213,
        0.590551 -0.492126 0.000000,
        0.590551 0.492126 0.000000,
        -0.590551 -0.492126 -0.299213,
        -0.590551 -0.492126 0.000000,
        -0.590551 0.492126 -0.299213,
        -0.590551 0.492126 0.000000,
        -0.551181 0.452756 -0.299213,
        -0.551181 0.413386 -0.299213,
        -0.433071 0.452756 -0.299213,
        -0.433071 0.413386 -0.299213,
        -0.501621 0.375357 0.000000,
        -0.511811 0.374016 0.000000,
        -0.549840 0.423576 0.000000,
        -0.545907 0.433071 0.000000,
        -0.492126 0.379290 0.000000,
        -0.483972 0.385547 0.000000,
        -0.522001 0.375357 0.000000,
        -0.531496 0.379290 0.000000,
        -0.539650 0.385547 0.000000,
        -0.483972 0.441225 0.000000,
        -0.477716 0.433071 0.000000,
        -0.473782 0.423576 0.000000,
        -0.472441 0.413386 0.000000,
        -0.473782 0.403196 0.000000,
        -0.477716 0.393701 0.000000,
        -0.545907 0.393701 0.000000,
        -0.549840 0.403196 0.000000,
        -0.551181 0.413386 0.000000,
        -0.539650 0.441225 0.000000,
        -0.531496 0.447481 0.000000,
        -0.522001 0.451414 0.000000,
        -0.511811 0.452756 0.000000,
        -0.501621 0.451414 0.000000,
        -0.492126 0.447481 0.000000,
      ]
    }
    coordIndex [
      0, 1, 2, -1,
      2, 1, 3, -1,
      4, 0, 5, -1,
      5, 0, 2, -1,
      6, 4, 7, -1,
      7, 4, 5, -1,
      1, 6, 3, -1,
      3, 6, 7, -1,
      6, 8, 9, -1,
      8, 6, 10, -1,
      10, 6, 1, -1,
      10, 1, 11, -1,
      11, 1, 0, -1,
      11, 0, 9, -1,
      9, 0, 4, -1,
      9, 4, 6, -1,
      5, 12, 13, -1,
      7, 14, 15, -1,
      12, 5, 16, -1,
      16, 5, 2, -1,
      16, 2, 17, -1,
      13, 18, 5, -1,
      5, 18, 19, -1,
      5, 19, 20, -1,
      21, 22, 3, -1,
      3, 22, 23, -1,
      23, 24, 3, -1,
      3, 24, 25, -1,
      3, 25, 2, -1,
      2, 25, 26, -1,
      2, 26, 17, -1,
      20, 27, 5, -1,
      5, 27, 28, -1,
      5, 28, 7, -1,
      7, 28, 29, -1,
      7, 29, 14, -1,
      15, 30, 7, -1,
      7, 30, 31, -1,
      7, 31, 32, -1,
      32, 33, 7, -1,
      7, 33, 34, -1,
      7, 34, 3, -1,
      3, 34, 35, -1,
      3, 35, 21, -1,
    ]
  }
}

Shape {
  appearance Appearance {
    material Material {
      diffuseColor 1.0000 1.0000 1.0000
      specularColor 0.5020 0.5020 0.5020
      ambientIntensity 0.2
      transparency 0.0000
      shininess 0.5
    }
  }
  geometry IndexedFaceSet {
    ccw TRUE
    solid FALSE
    coord DEF co Coordinate {
      point [
        -0.551181 0.452756 -0.299213,
        -0.551181 0.413386 -0.299213,
        -0.433071 0.452756 -0.299213,
        -0.433071 0.413386 -0.299213,
        -0.501621 0.375357 0.000000,
        -0.511811 0.374016 0.000000,
        -0.549840 0.423576 0.000000,
        -0.545907 0.433071 0.000000,
        -0.492126 0.379290 0.000000,
        -0.483972 0.385547 0.000000,
        -0.522001 0.375357 0.000000,
        -0.531496 0.379290 0.000000,
        -0.539650 0.385547 0.000000,
        -0.483972 0.441225 0.000000,
        -0.477716 0.433071 0.000000,
        -0.473782 0.423576 0.000000,
        -0.472441 0.413386 0.000000,
        -0.473782 0.403196 0.000000,
        -0.477716 0.393701 0.000000,
        -0.545907 0.393701 0.000000,
        -0.549840 0.403196 0.000000,
        -0.551181 0.413386 0.000000,
        -0.539650 0.441225 0.000000,
        -0.531496 0.447481 0.000000,
        -0.522001 0.451414 0.000000,
        -0.511811 0.452756 0.000000,
        -0.501621 0.451414 0.000000,
        -0.492126 0.447481 0.000000,
        -0.433071 0.413386 -0.295276,
        -0.433071 0.452756 -0.295276,
        -0.551181 0.452756 -0.295276,
        -0.551181 0.413386 -0.295276,
        -0.472441 0.413386 -0.003937,
        -0.473782 0.423576 -0.003937,
        -0.477716 0.433071 -0.003937,
        -0.483972 0.441225 -0.003937,
        -0.492126 0.447481 -0.003937,
        -0.501621 0.451414 -0.003937,
        -0.511811 0.452756 -0.003937,
        -0.522001 0.451414 -0.003937,
        -0.531496 0.447481 -0.003937,
        -0.539650 0.441225 -0.003937,
        -0.545907 0.433071 -0.003937,
        -0.549840 0.423576 -0.003937,
        -0.551181 0.413386 -0.003937,
        -0.549840 0.403196 -0.003937,
        -0.545907 0.393701 -0.003937,
        -0.539650 0.385547 -0.003937,
        -0.531496 0.379290 -0.003937,
        -0.522001 0.375357 -0.003937,
        -0.511811 0.374016 -0.003937,
        -0.501621 0.375357 -0.003937,
        -0.492126 0.379290 -0.003937,
        -0.483972 0.385547 -0.003937,
        -0.477716 0.393701 -0.003937,
        -0.473782 0.403196 -0.003937,
        -0.511811 0.413386 -0.003937,
        -0.371654 -0.376967 0.003937,
        -0.371654 -0.380009 0.003937,
        -0.371654 -0.376967 0.000000,
        -0.371654 -0.380009 0.000000,
        -0.382284 -0.376967 0.003937,
        -0.382284 -0.376967 0.000000,
        -0.382284 -0.353320 0.003937,
        -0.382284 -0.353320 0.000000,
        -0.385729 -0.353320 0.003937,
        -0.385729 -0.353320 0.000000,
        -0.385729 -0.380009 0.003937,
        -0.385729 -0.380009 0.000000,
        -0.357969 -0.380460 0.003937,
        -0.357969 -0.380460 0.000000,
        -0.356334 -0.380404 0.000000,
        -0.356334 -0.380404 0.003937,
        -0.354816 -0.380236 0.000000,
        -0.354816 -0.380236 0.003937,
        -0.353447 -0.379969 0.000000,
        -0.353447 -0.379969 0.003937,
        -0.352214 -0.379608 0.000000,
        -0.352214 -0.379608 0.003937,
        -0.351104 -0.379163 0.000000,
        -0.351104 -0.379163 0.003937,
        -0.350580 -0.378904 0.000000,
        -0.350580 -0.378904 0.003937,
        -0.350580 -0.375602 0.003937,
        -0.350580 -0.375602 0.000000,
        -0.351588 -0.376148 0.000000,
        -0.351588 -0.376148 0.003937,
        -0.352655 -0.376596 0.000000,
        -0.352655 -0.376596 0.003937,
        -0.353783 -0.376945 0.000000,
        -0.353783 -0.376945 0.003937,
        -0.354979 -0.377196 0.000000,
        -0.354979 -0.377196 0.003937,
        -0.356248 -0.377345 0.000000,
        -0.356248 -0.377345 0.003937,
        -0.357470 -0.377390 0.000000,
        -0.357470 -0.377390 0.003937,
        -0.358635 -0.377333 0.000000,
        -0.358635 -0.377333 0.003937,
        -0.359731 -0.377165 0.000000,
        -0.359731 -0.377165 0.003937,
        -0.360741 -0.376893 0.000000,
        -0.360741 -0.376893 0.003937,
        -0.361673 -0.376523 0.000000,
        -0.361673 -0.376523 0.003937,
        -0.362538 -0.376055 0.000000,
        -0.362538 -0.376055 0.003937,
        -0.363341 -0.375490 0.000000,
        -0.363341 -0.375490 0.003937,
        -0.364089 -0.374825 0.000000,
        -0.364089 -0.374825 0.003937,
        -0.364327 -0.374579 0.000000,
        -0.364327 -0.374579 0.003937,
        -0.364975 -0.373796 0.000000,
        -0.364975 -0.373796 0.003937,
        -0.365531 -0.372945 0.000000,
        -0.365531 -0.372945 0.003937,
        -0.365995 -0.372024 0.000000,
        -0.365995 -0.372024 0.003937,
        -0.366370 -0.371028 0.000000,
        -0.366370 -0.371028 0.003937,
        -0.366654 -0.369948 0.000000,
        -0.366654 -0.369948 0.003937,
        -0.366845 -0.368775 0.000000,
        -0.366845 -0.368775 0.003937,
        -0.366939 -0.367499 0.000000,
        -0.366939 -0.367499 0.003937,
        -0.366947 -0.366965 0.000000,
        -0.366947 -0.366965 0.003937,
        -0.366891 -0.365579 0.000000,
        -0.366891 -0.365579 0.003937,
        -0.366723 -0.364282 0.000000,
        -0.366723 -0.364282 0.003937,
        -0.366452 -0.363097 0.000000,
        -0.366452 -0.363097 0.003937,
        -0.366086 -0.362015 0.000000,
        -0.366086 -0.362015 0.003937,
        -0.365629 -0.361023 0.000000,
        -0.365629 -0.361023 0.003937,
        -0.365083 -0.360115 0.000000,
        -0.365083 -0.360115 0.003937,
        -0.364448 -0.359282 0.000000,
        -0.364448 -0.359282 0.003937,
        -0.364143 -0.358941 0.000000,
        -0.364143 -0.358941 0.003937,
        -0.363370 -0.358209 0.000000,
        -0.363370 -0.358209 0.003937,
        -0.362541 -0.357582 0.000000,
        -0.362541 -0.357582 0.003937,
        -0.361666 -0.357063 0.000000,
        -0.361666 -0.357063 0.003937,
        -0.360739 -0.356648 0.000000,
        -0.360739 -0.356648 0.003937,
        -0.359754 -0.356333 0.000000,
        -0.359754 -0.356333 0.003937,
        -0.358704 -0.356116 0.000000,
        -0.358704 -0.356116 0.003937,
        -0.357581 -0.356000 0.000000,
        -0.357581 -0.356000 0.003937,
        -0.356870 -0.355980 0.000000,
        -0.356870 -0.355980 0.003937,
        -0.355583 -0.356037 0.000000,
        -0.355583 -0.356037 0.003937,
        -0.354343 -0.356207 0.000000,
        -0.354343 -0.356207 0.003937,
        -0.353163 -0.356486 0.000000,
        -0.353163 -0.356486 0.003937,
        -0.352036 -0.356871 0.000000,
        -0.352036 -0.356871 0.003937,
        -0.350954 -0.357363 0.000000,
        -0.350954 -0.357363 0.003937,
        -0.350580 -0.357563 0.000000,
        -0.350580 -0.357563 0.003937,
        -0.350580 -0.353961 0.003937,
        -0.350580 -0.353961 0.000000,
        -0.351613 -0.353576 0.000000,
        -0.351613 -0.353576 0.003937,
        -0.352755 -0.353272 0.000000,
        -0.352755 -0.353272 0.003937,
        -0.354041 -0.353047 0.000000,
        -0.354041 -0.353047 0.003937,
        -0.355482 -0.352910 0.000000,
        -0.355482 -0.352910 0.003937,
        -0.356904 -0.352869 0.000000,
        -0.356904 -0.352869 0.003937,
        -0.358301 -0.352926 0.000000,
        -0.358301 -0.352926 0.003937,
        -0.359633 -0.353095 0.000000,
        -0.359633 -0.353095 0.003937,
        -0.360882 -0.353370 0.000000,
        -0.360882 -0.353370 0.003937,
        -0.362057 -0.353747 0.000000,
        -0.362057 -0.353747 0.003937,
        -0.363165 -0.354223 0.000000,
        -0.363165 -0.354223 0.003937,
        -0.364211 -0.354798 0.000000,
        -0.364211 -0.354798 0.003937,
        -0.365202 -0.355474 0.000000,
        -0.365202 -0.355474 0.003937,
        -0.366141 -0.356253 0.000000,
        -0.366141 -0.356253 0.003937,
        -0.366708 -0.356799 0.000000,
        -0.366708 -0.356799 0.003937,
        -0.367527 -0.357714 0.000000,
        -0.367527 -0.357714 0.003937,
        -0.368246 -0.358691 0.000000,
        -0.368246 -0.358691 0.003937,
        -0.368866 -0.359726 0.000000,
        -0.368866 -0.359726 0.003937,
        -0.369389 -0.360822 0.000000,
        -0.369389 -0.360822 0.003937,
        -0.369817 -0.361985 0.000000,
        -0.369817 -0.361985 0.003937,
        -0.370151 -0.363223 0.000000,
        -0.370151 -0.363223 0.003937,
        -0.370389 -0.364542 0.000000,
        -0.370389 -0.364542 0.003937,
        -0.370527 -0.365950 0.000000,
        -0.370527 -0.365950 0.003937,
        -0.370563 -0.367169 0.000000,
        -0.370563 -0.367169 0.003937,
        -0.370506 -0.368672 0.000000,
        -0.370506 -0.368672 0.003937,
        -0.370338 -0.370091 0.000000,
        -0.370338 -0.370091 0.003937,
        -0.370065 -0.371402 0.000000,
        -0.370065 -0.371402 0.003937,
        -0.369695 -0.372616 0.000000,
        -0.369695 -0.372616 0.003937,
        -0.369231 -0.373740 0.000000,
        -0.369231 -0.373740 0.003937,
        -0.368676 -0.374783 0.000000,
        -0.368676 -0.374783 0.003937,
        -0.368030 -0.375751 0.000000,
        -0.368030 -0.375751 0.003937,
        -0.367331 -0.376606 0.000000,
        -0.367331 -0.376606 0.003937,
        -0.367138 -0.376817 0.000000,
        -0.367138 -0.376817 0.003937,
        -0.366306 -0.377617 0.000000,
        -0.366306 -0.377617 0.003937,
        -0.365414 -0.378317 0.000000,
        -0.365414 -0.378317 0.003937,
        -0.364467 -0.378914 0.000000,
        -0.364467 -0.378914 0.003937,
        -0.363459 -0.379413 0.000000,
        -0.363459 -0.379413 0.003937,
        -0.362388 -0.379815 0.000000,
        -0.362388 -0.379815 0.003937,
        -0.361246 -0.380123 0.000000,
        -0.361246 -0.380123 0.003937,
        -0.360025 -0.380333 0.000000,
        -0.360025 -0.380333 0.003937,
        -0.358718 -0.380444 0.000000,
        -0.358718 -0.380444 0.003937,
        -0.330883 -0.376967 0.003937,
        -0.330883 -0.380009 0.003937,
        -0.330883 -0.376967 0.000000,
        -0.330883 -0.380009 0.000000,
        -0.341792 -0.376967 0.003937,
        -0.341792 -0.376967 0.000000,
        -0.341792 -0.367988 0.003937,
        -0.341792 -0.367988 0.000000,
        -0.332247 -0.367988 0.003937,
        -0.332247 -0.367988 0.000000,
        -0.332247 -0.364931 0.003937,
        -0.332247 -0.364931 0.000000,
        -0.341792 -0.364931 0.003937,
        -0.341792 -0.364931 0.000000,
        -0.341792 -0.356390 0.003937,
        -0.341792 -0.356390 0.000000,
        -0.331490 -0.356390 0.003937,
        -0.331490 -0.356390 0.000000,
        -0.331490 -0.353320 0.003937,
        -0.331490 -0.353320 0.000000,
        -0.345237 -0.353320 0.003937,
        -0.345237 -0.353320 0.000000,
        -0.345237 -0.380009 0.003937,
        -0.345237 -0.380009 0.000000,
        -0.313548 -0.376103 0.003937,
        -0.311697 -0.378652 0.003937,
        -0.312578 -0.375648 0.003937,
        -0.310586 -0.378081 0.003937,
        -0.311700 -0.375107 0.003937,
        -0.309543 -0.377416 0.003937,
        -0.310905 -0.374481 0.003937,
        -0.308564 -0.376652 0.003937,
        -0.310586 -0.374183 0.003937,
        -0.308136 -0.376271 0.003937,
        -0.309910 -0.373449 0.003937,
        -0.307281 -0.375396 0.003937,
        -0.309326 -0.372643 0.003937,
        -0.306530 -0.374461 0.003937,
        -0.308833 -0.371767 0.003937,
        -0.305885 -0.373474 0.003937,
        -0.308429 -0.370813 0.003937,
        -0.307959 -0.363837 0.003937,
        -0.304614 -0.362430 0.003937,
        -0.308229 -0.362728 0.003937,
        -0.304991 -0.361302 0.003937,
        -0.308591 -0.361735 0.003937,
        -0.305465 -0.360250 0.003937,
        -0.309040 -0.360846 0.003937,
        -0.306036 -0.359266 0.003937,
        -0.309573 -0.360052 0.003937,
        -0.305342 -0.372429 0.003937,
        -0.304897 -0.371324 0.003937,
        -0.308114 -0.369774 0.003937,
        -0.304550 -0.370151 0.003937,
        -0.307891 -0.368641 0.003937,
        -0.304302 -0.368905 0.003937,
        -0.307763 -0.367403 0.003937,
        -0.304154 -0.367576 0.003937,
        -0.307734 -0.366419 0.003937,
        -0.304111 -0.366324 0.003937,
        -0.307791 -0.365076 0.003937,
        -0.304168 -0.364945 0.003937,
        -0.304338 -0.363641 0.003937,
        -0.306705 -0.358344 0.003937,
        -0.307476 -0.357479 0.003937,
        -0.310189 -0.359342 0.003937,
        -0.308136 -0.356854 0.003937,
        -0.310661 -0.358900 0.003937,
        -0.309128 -0.356057 0.003937,
        -0.311489 -0.358264 0.003937,
        -0.310176 -0.355364 0.003937,
        -0.312386 -0.357720 0.003937,
        -0.311278 -0.354774 0.003937,
        -0.313354 -0.357269 0.003937,
        -0.312438 -0.354285 0.003937,
        -0.314400 -0.356908 0.003937,
        -0.313661 -0.353894 0.003937,
        -0.315533 -0.356639 0.003937,
        -0.314952 -0.353603 0.003937,
        -0.316760 -0.356465 0.003937,
        -0.316320 -0.353411 0.003937,
        -0.318059 -0.356393 0.003937,
        -0.317772 -0.353325 0.003937,
        -0.318363 -0.356390 0.003937,
        -0.318227 -0.353320 0.003937,
        -0.322396 -0.356390 0.003937,
        -0.325841 -0.353320 0.003937,
        -0.322396 -0.376967 0.003937,
        -0.325841 -0.380009 0.003937,
        -0.318520 -0.376967 0.003937,
        -0.318500 -0.380009 0.003937,
        -0.317113 -0.376910 0.003937,
        -0.316967 -0.379952 0.003937,
        -0.315804 -0.376741 0.003937,
        -0.315510 -0.379782 0.003937,
        -0.314620 -0.376469 0.003937,
        -0.314152 -0.379505 0.003937,
        -0.312883 -0.379127 0.003937,
        -0.311489 -0.358264 0.000000,
        -0.309128 -0.356057 0.000000,
        -0.310661 -0.358900 0.000000,
        -0.308136 -0.356854 0.000000,
        -0.310189 -0.359342 0.000000,
        -0.307476 -0.357479 0.000000,
        -0.309573 -0.360052 0.000000,
        -0.306705 -0.358344 0.000000,
        -0.309040 -0.360846 0.000000,
        -0.306036 -0.359266 0.000000,
        -0.308591 -0.361735 0.000000,
        -0.305465 -0.360250 0.000000,
        -0.308229 -0.362728 0.000000,
        -0.312578 -0.375648 0.000000,
        -0.311697 -0.378652 0.000000,
        -0.313548 -0.376103 0.000000,
        -0.312883 -0.379127 0.000000,
        -0.314620 -0.376469 0.000000,
        -0.314152 -0.379505 0.000000,
        -0.315804 -0.376741 0.000000,
        -0.315510 -0.379782 0.000000,
        -0.317113 -0.376910 0.000000,
        -0.316967 -0.379952 0.000000,
        -0.318520 -0.376967 0.000000,
        -0.318500 -0.380009 0.000000,
        -0.322396 -0.376967 0.000000,
        -0.325841 -0.380009 0.000000,
        -0.322396 -0.356390 0.000000,
        -0.325841 -0.353320 0.000000,
        -0.318363 -0.356390 0.000000,
        -0.318227 -0.353320 0.000000,
        -0.318059 -0.356393 0.000000,
        -0.317772 -0.353325 0.000000,
        -0.316760 -0.356465 0.000000,
        -0.316320 -0.353411 0.000000,
        -0.315533 -0.356639 0.000000,
        -0.314952 -0.353603 0.000000,
        -0.314400 -0.356908 0.000000,
        -0.313661 -0.353894 0.000000,
        -0.313354 -0.357269 0.000000,
        -0.312438 -0.354285 0.000000,
        -0.312386 -0.357720 0.000000,
        -0.311278 -0.354774 0.000000,
        -0.310176 -0.355364 0.000000,
        -0.308114 -0.369774 0.000000,
        -0.304897 -0.371324 0.000000,
        -0.308429 -0.370813 0.000000,
        -0.305342 -0.372429 0.000000,
        -0.308833 -0.371767 0.000000,
        -0.305885 -0.373474 0.000000,
        -0.309326 -0.372643 0.000000,
        -0.306530 -0.374461 0.000000,
        -0.309910 -0.373449 0.000000,
        -0.307281 -0.375396 0.000000,
        -0.310586 -0.374183 0.000000,
        -0.308136 -0.376271 0.000000,
        -0.310905 -0.374481 0.000000,
        -0.308564 -0.376652 0.000000,
        -0.311700 -0.375107 0.000000,
        -0.309543 -0.377416 0.000000,
        -0.310586 -0.378081 0.000000,
        -0.304991 -0.361302 0.000000,
        -0.304614 -0.362430 0.000000,
        -0.307959 -0.363837 0.000000,
        -0.304338 -0.363641 0.000000,
        -0.307791 -0.365076 0.000000,
        -0.304168 -0.364945 0.000000,
        -0.307734 -0.366419 0.000000,
        -0.304111 -0.366324 0.000000,
        -0.307763 -0.367403 0.000000,
        -0.304154 -0.367576 0.000000,
        -0.307891 -0.368641 0.000000,
        -0.304302 -0.368905 0.000000,
        -0.304550 -0.370151 0.000000,
        -0.295167 -0.369694 0.003937,
        -0.296258 -0.372709 0.003937,
        -0.286209 -0.369694 0.003937,
        -0.285144 -0.372709 0.003937,
        -0.291176 -0.358600 0.003937,
        -0.292465 -0.353320 0.003937,
        -0.302631 -0.380009 0.003937,
        -0.298824 -0.380009 0.003937,
        -0.290944 -0.357804 0.003937,
        -0.290739 -0.356731 0.003937,
        -0.288781 -0.353320 0.003937,
        -0.290657 -0.356731 0.003937,
        -0.290441 -0.357860 0.003937,
        -0.290241 -0.358600 0.003937,
        -0.278615 -0.380009 0.003937,
        -0.282422 -0.380009 0.003937,
        -0.296258 -0.372709 0.000000,
        -0.295167 -0.369694 0.000000,
        -0.285144 -0.372709 0.000000,
        -0.286209 -0.369694 0.000000,
        -0.290241 -0.358600 0.000000,
        -0.288781 -0.353320 0.000000,
        -0.278615 -0.380009 0.000000,
        -0.282422 -0.380009 0.000000,
        -0.290441 -0.357860 0.000000,
        -0.290657 -0.356731 0.000000,
        -0.292465 -0.353320 0.000000,
        -0.290739 -0.356731 0.000000,
        -0.290944 -0.357804 0.000000,
        -0.291176 -0.358600 0.000000,
        -0.302631 -0.380009 0.000000,
        -0.298824 -0.380009 0.000000,
        -0.371375 -0.419307 0.003937,
        -0.371375 -0.422350 0.003937,
        -0.371375 -0.419307 0.000000,
        -0.371375 -0.422350 0.000000,
        -0.382284 -0.419307 0.003937,
        -0.382284 -0.419307 0.000000,
        -0.382284 -0.410329 0.003937,
        -0.382284 -0.410329 0.000000,
        -0.372739 -0.410329 0.003937,
        -0.372739 -0.410329 0.000000,
        -0.372739 -0.407272 0.003937,
        -0.372739 -0.407272 0.000000,
        -0.382284 -0.407272 0.003937,
        -0.382284 -0.407272 0.000000,
        -0.382284 -0.398731 0.003937,
        -0.382284 -0.398731 0.000000,
        -0.371982 -0.398731 0.003937,
        -0.371982 -0.398731 0.000000,
        -0.371982 -0.395660 0.003937,
        -0.371982 -0.395660 0.000000,
        -0.385729 -0.395660 0.003937,
        -0.385729 -0.395660 0.000000,
        -0.385729 -0.422350 0.003937,
        -0.385729 -0.422350 0.000000,
        -0.362472 -0.413780 0.003937,
        -0.361712 -0.413573 0.003937,
        -0.356201 -0.410233 0.003937,
        -0.360663 -0.413385 0.003937,
        -0.357380 -0.406502 0.003937,
        -0.355600 -0.403835 0.003937,
        -0.357769 -0.406182 0.003937,
        -0.356200 -0.403517 0.003937,
        -0.358222 -0.405924 0.003937,
        -0.356869 -0.403257 0.003937,
        -0.358752 -0.405731 0.003937,
        -0.366583 -0.413010 0.003937,
        -0.364209 -0.414923 0.003937,
        -0.363897 -0.414559 0.003937,
        -0.356203 -0.414761 0.003937,
        -0.356254 -0.415488 0.003937,
        -0.352858 -0.410083 0.003937,
        -0.357048 -0.406887 0.003937,
        -0.354582 -0.404656 0.003937,
        -0.355062 -0.404214 0.003937,
        -0.366625 -0.413051 0.003937,
        -0.367057 -0.413544 0.003937,
        -0.364454 -0.415340 0.003937,
        -0.367418 -0.414085 0.003937,
        -0.364632 -0.415811 0.003937,
        -0.363067 -0.414013 0.003937,
        -0.361850 -0.411025 0.003937,
        -0.362921 -0.411216 0.003937,
        -0.356201 -0.422350 0.003937,
        -0.352858 -0.422350 0.003937,
        -0.356201 -0.419403 0.003937,
        -0.356381 -0.416180 0.003937,
        -0.364148 -0.418855 0.003937,
        -0.364420 -0.418460 0.003937,
        -0.367201 -0.420561 0.003937,
        -0.364743 -0.417521 0.003937,
        -0.368009 -0.418767 0.003937,
        -0.364619 -0.418019 0.003937,
        -0.367810 -0.419426 0.003937,
        -0.367540 -0.420021 0.003937,
        -0.363886 -0.411475 0.003937,
        -0.364722 -0.411789 0.003937,
        -0.363526 -0.414265 0.003937,
        -0.365442 -0.412152 0.003937,
        -0.366059 -0.412560 0.003937,
        -0.356370 -0.408489 0.003937,
        -0.353219 -0.407150 0.003937,
        -0.356544 -0.407869 0.003937,
        -0.353480 -0.406389 0.003937,
        -0.356770 -0.407339 0.003937,
        -0.353799 -0.405723 0.003937,
        -0.354174 -0.405141 0.003937,
        -0.352900 -0.409003 0.003937,
        -0.356201 -0.412785 0.003937,
        -0.356201 -0.414613 0.003937,
        -0.356254 -0.409211 0.003937,
        -0.353023 -0.408017 0.003937,
        -0.356203 -0.410051 0.003937,
        -0.363815 -0.419198 0.003937,
        -0.365443 -0.422069 0.003937,
        -0.363406 -0.419507 0.003937,
        -0.364817 -0.422352 0.003937,
        -0.362946 -0.419748 0.003937,
        -0.364134 -0.422567 0.003937,
        -0.362433 -0.419920 0.003937,
        -0.366792 -0.421050 0.003937,
        -0.366537 -0.421300 0.003937,
        -0.366016 -0.421719 0.003937,
        -0.367707 -0.414672 0.003937,
        -0.367929 -0.415313 0.003937,
        -0.364744 -0.416344 0.003937,
        -0.368081 -0.416014 0.003937,
        -0.364784 -0.416974 0.003937,
        -0.357614 -0.403058 0.003937,
        -0.358446 -0.402923 0.003937,
        -0.359370 -0.405608 0.003937,
        -0.359373 -0.402857 0.003937,
        -0.360063 -0.405567 0.003937,
        -0.359749 -0.402852 0.003937,
        -0.360367 -0.405571 0.003937,
        -0.360879 -0.402894 0.003937,
        -0.361264 -0.405641 0.003937,
        -0.361963 -0.403019 0.003937,
        -0.362140 -0.405793 0.003937,
        -0.362987 -0.403224 0.003937,
        -0.362999 -0.406028 0.003937,
        -0.363956 -0.403506 0.003937,
        -0.363844 -0.406351 0.003937,
        -0.364875 -0.403863 0.003937,
        -0.364679 -0.406764 0.003937,
        -0.365748 -0.404294 0.003937,
        -0.365506 -0.407272 0.003937,
        -0.366312 -0.404625 0.003937,
        -0.366312 -0.407873 0.003937,
        -0.368163 -0.416782 0.003937,
        -0.368175 -0.417247 0.003937,
        -0.368133 -0.418037 0.003937,
        -0.356582 -0.416823 0.003937,
        -0.356856 -0.417422 0.003937,
        -0.356290 -0.419403 0.003937,
        -0.357207 -0.417983 0.003937,
        -0.356435 -0.419643 0.003937,
        -0.360562 -0.420016 0.003937,
        -0.359791 -0.422432 0.003937,
        -0.359906 -0.419891 0.003937,
        -0.359124 -0.422156 0.003937,
        -0.359303 -0.419689 0.003937,
        -0.358507 -0.421809 0.003937,
        -0.358748 -0.419413 0.003937,
        -0.357932 -0.421387 0.003937,
        -0.357396 -0.420890 0.003937,
        -0.358234 -0.419062 0.003937,
        -0.356898 -0.420311 0.003937,
        -0.357757 -0.418633 0.003937,
        -0.357634 -0.418502 0.003937,
        -0.363386 -0.422715 0.003937,
        -0.362565 -0.422791 0.003937,
        -0.361858 -0.420025 0.003937,
        -0.362130 -0.422800 0.003937,
        -0.361264 -0.420058 0.003937,
        -0.361296 -0.422759 0.003937,
        -0.360513 -0.422634 0.003937,
        -0.365506 -0.407272 0.000000,
        -0.366312 -0.407873 0.000000,
        -0.366312 -0.404625 0.000000,
        -0.355600 -0.403835 0.000000,
        -0.357380 -0.406502 0.000000,
        -0.357769 -0.406182 0.000000,
        -0.364743 -0.417521 0.000000,
        -0.368175 -0.417247 0.000000,
        -0.364784 -0.416974 0.000000,
        -0.368163 -0.416782 0.000000,
        -0.364744 -0.416344 0.000000,
        -0.363897 -0.414559 0.000000,
        -0.364209 -0.414923 0.000000,
        -0.366583 -0.413010 0.000000,
        -0.356381 -0.416180 0.000000,
        -0.356254 -0.415488 0.000000,
        -0.352858 -0.410083 0.000000,
        -0.364619 -0.418019 0.000000,
        -0.368009 -0.418767 0.000000,
        -0.368133 -0.418037 0.000000,
        -0.364148 -0.418855 0.000000,
        -0.367201 -0.420561 0.000000,
        -0.364420 -0.418460 0.000000,
        -0.367540 -0.420021 0.000000,
        -0.367810 -0.419426 0.000000,
        -0.364454 -0.415340 0.000000,
        -0.367057 -0.413544 0.000000,
        -0.366625 -0.413051 0.000000,
        -0.355062 -0.404214 0.000000,
        -0.354582 -0.404656 0.000000,
        -0.357048 -0.406887 0.000000,
        -0.354174 -0.405141 0.000000,
        -0.356770 -0.407339 0.000000,
        -0.353799 -0.405723 0.000000,
        -0.356544 -0.407869 0.000000,
        -0.359370 -0.405608 0.000000,
        -0.358446 -0.402923 0.000000,
        -0.358752 -0.405731 0.000000,
        -0.357614 -0.403058 0.000000,
        -0.358222 -0.405924 0.000000,
        -0.356869 -0.403257 0.000000,
        -0.356200 -0.403517 0.000000,
        -0.356582 -0.416823 0.000000,
        -0.356201 -0.419403 0.000000,
        -0.356201 -0.422350 0.000000,
        -0.352858 -0.422350 0.000000,
        -0.366059 -0.412560 0.000000,
        -0.365442 -0.412152 0.000000,
        -0.363526 -0.414265 0.000000,
        -0.364722 -0.411789 0.000000,
        -0.363067 -0.414013 0.000000,
        -0.363886 -0.411475 0.000000,
        -0.362472 -0.413780 0.000000,
        -0.362921 -0.411216 0.000000,
        -0.361712 -0.413573 0.000000,
        -0.361850 -0.411025 0.000000,
        -0.363815 -0.419198 0.000000,
        -0.366537 -0.421300 0.000000,
        -0.366792 -0.421050 0.000000,
        -0.363406 -0.419507 0.000000,
        -0.365443 -0.422069 0.000000,
        -0.366016 -0.421719 0.000000,
        -0.368081 -0.416014 0.000000,
        -0.367929 -0.415313 0.000000,
        -0.364632 -0.415811 0.000000,
        -0.367707 -0.414672 0.000000,
        -0.367418 -0.414085 0.000000,
        -0.356201 -0.412785 0.000000,
        -0.352900 -0.409003 0.000000,
        -0.356201 -0.414613 0.000000,
        -0.356203 -0.414761 0.000000,
        -0.353480 -0.406389 0.000000,
        -0.353219 -0.407150 0.000000,
        -0.356370 -0.408489 0.000000,
        -0.353023 -0.408017 0.000000,
        -0.356254 -0.409211 0.000000,
        -0.356203 -0.410051 0.000000,
        -0.356201 -0.410233 0.000000,
        -0.360663 -0.413385 0.000000,
        -0.364679 -0.406764 0.000000,
        -0.365748 -0.404294 0.000000,
        -0.363844 -0.406351 0.000000,
        -0.364875 -0.403863 0.000000,
        -0.362999 -0.406028 0.000000,
        -0.363956 -0.403506 0.000000,
        -0.362140 -0.405793 0.000000,
        -0.362987 -0.403224 0.000000,
        -0.361264 -0.405641 0.000000,
        -0.361963 -0.403019 0.000000,
        -0.360367 -0.405571 0.000000,
        -0.360879 -0.402894 0.000000,
        -0.360063 -0.405567 0.000000,
        -0.359749 -0.402852 0.000000,
        -0.359373 -0.402857 0.000000,
        -0.356435 -0.419643 0.000000,
        -0.356898 -0.420311 0.000000,
        -0.358234 -0.419062 0.000000,
        -0.357396 -0.420890 0.000000,
        -0.358748 -0.419413 0.000000,
        -0.357932 -0.421387 0.000000,
        -0.359303 -0.419689 0.000000,
        -0.358507 -0.421809 0.000000,
        -0.359906 -0.419891 0.000000,
        -0.361858 -0.420025 0.000000,
        -0.362565 -0.422791 0.000000,
        -0.362433 -0.419920 0.000000,
        -0.363386 -0.422715 0.000000,
        -0.362946 -0.419748 0.000000,
        -0.364134 -0.422567 0.000000,
        -0.364817 -0.422352 0.000000,
        -0.359124 -0.422156 0.000000,
        -0.359791 -0.422432 0.000000,
        -0.360562 -0.420016 0.000000,
        -0.360513 -0.422634 0.000000,
        -0.361264 -0.420058 0.000000,
        -0.361296 -0.422759 0.000000,
        -0.362130 -0.422800 0.000000,
        -0.357757 -0.418633 0.000000,
        -0.357634 -0.418502 0.000000,
        -0.356290 -0.419403 0.000000,
        -0.357207 -0.417983 0.000000,
        -0.356856 -0.417422 0.000000,
        -0.342829 -0.420072 0.003937,
        -0.342829 -0.420072 0.000000,
        -0.343689 -0.420031 0.000000,
        -0.343689 -0.420031 0.003937,
        -0.344530 -0.419912 0.000000,
        -0.344530 -0.419912 0.003937,
        -0.345348 -0.419714 0.000000,
        -0.345348 -0.419714 0.003937,
        -0.346150 -0.419437 0.000000,
        -0.346150 -0.419437 0.003937,
        -0.346938 -0.419080 0.000000,
        -0.346938 -0.419080 0.003937,
        -0.347717 -0.418640 0.000000,
        -0.347717 -0.418640 0.003937,
        -0.348328 -0.418230 0.000000,
        -0.348328 -0.418230 0.003937,
        -0.348328 -0.421682 0.003937,
        -0.348328 -0.421682 0.000000,
        -0.347522 -0.422040 0.000000,
        -0.347522 -0.422040 0.003937,
        -0.346669 -0.422330 0.000000,
        -0.346669 -0.422330 0.003937,
        -0.345765 -0.422552 0.000000,
        -0.345765 -0.422552 0.003937,
        -0.344806 -0.422706 0.000000,
        -0.344806 -0.422706 0.003937,
        -0.343785 -0.422787 0.000000,
        -0.343785 -0.422787 0.003937,
        -0.343157 -0.422800 0.000000,
        -0.343157 -0.422800 0.003937,
        -0.342089 -0.422761 0.000000,
        -0.342089 -0.422761 0.003937,
        -0.341091 -0.422643 0.000000,
        -0.341091 -0.422643 0.003937,
        -0.340185 -0.422454 0.000000,
        -0.340185 -0.422454 0.003937,
        -0.339361 -0.422199 0.000000,
        -0.339361 -0.422199 0.003937,
        -0.338613 -0.421882 0.000000,
        -0.338613 -0.421882 0.003937,
        -0.337934 -0.421506 0.000000,
        -0.337934 -0.421506 0.003937,
        -0.337603 -0.421286 0.000000,
        -0.337603 -0.421286 0.003937,
        -0.337061 -0.420861 0.000000,
        -0.337061 -0.420861 0.003937,
        -0.336601 -0.420398 0.000000,
        -0.336601 -0.420398 0.003937,
        -0.336225 -0.419904 0.000000,
        -0.336225 -0.419904 0.003937,
        -0.335928 -0.419380 0.000000,
        -0.335928 -0.419380 0.003937,
        -0.335704 -0.418822 0.000000,
        -0.335704 -0.418822 0.003937,
        -0.335550 -0.418224 0.000000,
        -0.335550 -0.418224 0.003937,
        -0.335468 -0.417583 0.000000,
        -0.335468 -0.417583 0.003937,
        -0.335454 -0.417165 0.000000,
        -0.335454 -0.417165 0.003937,
        -0.335493 -0.416481 0.000000,
        -0.335493 -0.416481 0.003937,
        -0.335611 -0.415843 0.000000,
        -0.335611 -0.415843 0.003937,
        -0.335800 -0.415261 0.000000,
        -0.335800 -0.415261 0.003937,
        -0.336059 -0.414729 0.000000,
        -0.336059 -0.414729 0.003937,
        -0.336387 -0.414239 0.000000,
        -0.336387 -0.414239 0.003937,
        -0.336573 -0.414013 0.000000,
        -0.336573 -0.414013 0.003937,
        -0.336996 -0.413600 0.000000,
        -0.336996 -0.413600 0.003937,
        -0.337535 -0.413184 0.000000,
        -0.337535 -0.413184 0.003937,
        -0.338231 -0.412747 0.000000,
        -0.338231 -0.412747 0.003937,
        -0.339107 -0.412290 0.000000,
        -0.339107 -0.412290 0.003937,
        -0.340189 -0.411813 0.000000,
        -0.340189 -0.411813 0.003937,
        -0.340885 -0.411543 0.000000,
        -0.340885 -0.411543 0.003937,
        -0.342342 -0.410934 0.000000,
        -0.342342 -0.410934 0.003937,
        -0.343246 -0.410490 0.000000,
        -0.343246 -0.410490 0.003937,
        -0.343831 -0.410138 0.000000,
        -0.343831 -0.410138 0.003937,
        -0.344132 -0.409906 0.000000,
        -0.344132 -0.409906 0.003937,
        -0.344413 -0.409607 0.000000,
        -0.344413 -0.409607 0.003937,
        -0.344626 -0.409264 0.000000,
        -0.344626 -0.409264 0.003937,
        -0.344770 -0.408878 0.000000,
        -0.344770 -0.408878 0.003937,
        -0.344848 -0.408438 0.000000,
        -0.344848 -0.408438 0.003937,
        -0.344862 -0.408132 0.000000,
        -0.344862 -0.408132 0.003937,
        -0.344823 -0.407698 0.000000,
        -0.344823 -0.407698 0.003937,
        -0.344706 -0.407299 0.000000,
        -0.344706 -0.407299 0.003937,
        -0.344516 -0.406940 0.000000,
        -0.344516 -0.406940 0.003937,
        -0.344253 -0.406617 0.000000,
        -0.344253 -0.406617 0.003937,
        -0.343921 -0.406330 0.000000,
        -0.343921 -0.406330 0.003937,
        -0.343846 -0.406276 0.000000,
        -0.343846 -0.406276 0.003937,
        -0.343403 -0.406013 0.000000,
        -0.343403 -0.406013 0.003937,
        -0.342906 -0.405810 0.000000,
        -0.342906 -0.405810 0.003937,
        -0.342345 -0.405666 0.000000,
        -0.342345 -0.405666 0.003937,
        -0.341709 -0.405584 0.000000,
        -0.341709 -0.405584 0.003937,
        -0.341212 -0.405567 0.000000,
        -0.341212 -0.405567 0.003937,
        -0.340311 -0.405607 0.000000,
        -0.340311 -0.405607 0.003937,
        -0.339447 -0.405725 0.000000,
        -0.339447 -0.405725 0.003937,
        -0.338626 -0.405919 0.000000,
        -0.338626 -0.405919 0.003937,
        -0.337842 -0.406187 0.000000,
        -0.337842 -0.406187 0.003937,
        -0.337091 -0.406528 0.000000,
        -0.337091 -0.406528 0.003937,
        -0.336368 -0.406945 0.000000,
        -0.336368 -0.406945 0.003937,
        -0.336368 -0.403697 0.003937,
        -0.336368 -0.403697 0.000000,
        -0.337239 -0.403382 0.000000,
        -0.337239 -0.403382 0.003937,
        -0.338138 -0.403141 0.000000,
        -0.338138 -0.403141 0.003937,
        -0.339076 -0.402972 0.000000,
        -0.339076 -0.402972 0.003937,
        -0.340058 -0.402876 0.000000,
        -0.340058 -0.402876 0.003937,
        -0.340885 -0.402852 0.000000,
        -0.340885 -0.402852 0.003937,
        -0.341872 -0.402891 0.000000,
        -0.341872 -0.402891 0.003937,
        -0.342803 -0.403009 0.000000,
        -0.342803 -0.403009 0.003937,
        -0.343664 -0.403200 0.000000,
        -0.343664 -0.403200 0.003937,
        -0.344461 -0.403461 0.000000,
        -0.344461 -0.403461 0.003937,
        -0.345200 -0.403787 0.000000,
        -0.345200 -0.403787 0.003937,
        -0.345887 -0.404179 0.000000,
        -0.345887 -0.404179 0.003937,
        -0.346165 -0.404366 0.000000,
        -0.346165 -0.404366 0.003937,
        -0.346719 -0.404812 0.000000,
        -0.346719 -0.404812 0.003937,
        -0.347188 -0.405293 0.000000,
        -0.347188 -0.405293 0.003937,
        -0.347566 -0.405798 0.000000,
        -0.347566 -0.405798 0.003937,
        -0.347861 -0.406329 0.000000,
        -0.347861 -0.406329 0.003937,
        -0.348080 -0.406888 0.000000,
        -0.348080 -0.406888 0.003937,
        -0.348226 -0.407481 0.000000,
        -0.348226 -0.407481 0.003937,
        -0.348299 -0.408115 0.000000,
        -0.348299 -0.408115 0.003937,
        -0.348307 -0.408432 0.000000,
        -0.348307 -0.408432 0.003937,
        -0.348268 -0.409132 0.000000,
        -0.348268 -0.409132 0.003937,
        -0.348150 -0.409787 0.000000,
        -0.348150 -0.409787 0.003937,
        -0.347959 -0.410384 0.000000,
        -0.347959 -0.410384 0.003937,
        -0.347700 -0.410930 0.000000,
        -0.347700 -0.410930 0.003937,
        -0.347359 -0.411448 0.000000,
        -0.347359 -0.411448 0.003937,
        -0.347017 -0.411833 0.000000,
        -0.347017 -0.411833 0.003937,
        -0.346561 -0.412225 0.000000,
        -0.346561 -0.412225 0.003937,
        -0.345950 -0.412647 0.000000,
        -0.345950 -0.412647 0.003937,
        -0.345157 -0.413102 0.000000,
        -0.345157 -0.413102 0.003937,
        -0.344150 -0.413589 0.000000,
        -0.344150 -0.413589 0.003937,
        -0.343245 -0.413972 0.000000,
        -0.343245 -0.413972 0.003937,
        -0.341771 -0.414561 0.000000,
        -0.341771 -0.414561 0.003937,
        -0.340804 -0.415015 0.000000,
        -0.340804 -0.415015 0.003937,
        -0.340143 -0.415391 0.000000,
        -0.340143 -0.415391 0.003937,
        -0.339745 -0.415678 0.000000,
        -0.339745 -0.415678 0.003937,
        -0.339413 -0.416006 0.000000,
        -0.339413 -0.416006 0.003937,
        -0.339163 -0.416366 0.000000,
        -0.339163 -0.416366 0.003937,
        -0.338997 -0.416750 0.000000,
        -0.338997 -0.416750 0.003937,
        -0.338906 -0.417163 0.000000,
        -0.338906 -0.417163 0.003937,
        -0.338885 -0.417493 0.000000,
        -0.338885 -0.417493 0.003937,
        -0.338925 -0.417980 0.000000,
        -0.338925 -0.417980 0.003937,
        -0.339040 -0.418413 0.000000,
        -0.339040 -0.418413 0.003937,
        -0.339224 -0.418781 0.000000,
        -0.339224 -0.418781 0.003937,
        -0.339472 -0.419097 0.000000,
        -0.339472 -0.419097 0.003937,
        -0.339787 -0.419369 0.000000,
        -0.339787 -0.419369 0.003937,
        -0.340150 -0.419586 0.000000,
        -0.340150 -0.419586 0.003937,
        -0.340623 -0.419780 0.000000,
        -0.340623 -0.419780 0.003937,
        -0.341197 -0.419930 0.000000,
        -0.341197 -0.419930 0.003937,
        -0.341890 -0.420030 0.000000,
        -0.341890 -0.420030 0.003937,
        -0.318882 -0.403288 0.003937,
        -0.315416 -0.403288 0.003937,
        -0.318882 -0.403288 0.000000,
        -0.315416 -0.403288 0.000000,
        -0.324087 -0.417643 0.003937,
        -0.324087 -0.417643 0.000000,
        -0.324343 -0.418531 0.000000,
        -0.324343 -0.418531 0.003937,
        -0.324497 -0.419185 0.000000,
        -0.324497 -0.419185 0.003937,
        -0.324585 -0.419185 0.003937,
        -0.324585 -0.419185 0.000000,
        -0.324995 -0.417615 0.003937,
        -0.324995 -0.417615 -0.000000,
        -0.329975 -0.403288 0.003937,
        -0.329975 -0.403288 -0.000000,
        -0.333714 -0.403288 0.003937,
        -0.333714 -0.403288 0.000000,
        -0.326237 -0.422309 0.003937,
        -0.326237 -0.422309 -0.000000,
        -0.327704 -0.425775 0.003937,
        -0.327704 -0.425775 0.000000,
        -0.328097 -0.426571 0.000000,
        -0.328097 -0.426571 0.003937,
        -0.328496 -0.427160 0.000000,
        -0.328496 -0.427160 0.003937,
        -0.328970 -0.427664 0.000000,
        -0.328970 -0.427664 0.003937,
        -0.329459 -0.428023 0.000000,
        -0.329459 -0.428023 0.003937,
        -0.329993 -0.428275 0.000000,
        -0.329993 -0.428275 0.003937,
        -0.330566 -0.428420 0.000000,
        -0.330566 -0.428420 0.003937,
        -0.331128 -0.428463 0.000000,
        -0.331128 -0.428463 0.003937,
        -0.331852 -0.428407 0.000000,
        -0.331852 -0.428407 0.003937,
        -0.332591 -0.428234 0.000000,
        -0.332591 -0.428234 0.003937,
        -0.333025 -0.428081 0.000000,
        -0.333025 -0.428081 0.003937,
        -0.333025 -0.431056 0.003937,
        -0.333025 -0.431056 0.000000,
        -0.332234 -0.431231 0.000000,
        -0.332234 -0.431231 0.003937,
        -0.331311 -0.431320 0.000000,
        -0.331311 -0.431320 0.003937,
        -0.330869 -0.431329 0.000000,
        -0.330869 -0.431329 0.003937,
        -0.330048 -0.431273 0.000000,
        -0.330048 -0.431273 0.003937,
        -0.329267 -0.431107 0.000000,
        -0.329267 -0.431107 0.003937,
        -0.328530 -0.430834 0.000000,
        -0.328530 -0.430834 0.003937,
        -0.327830 -0.430455 0.000000,
        -0.327830 -0.430455 0.003937,
        -0.327159 -0.429964 0.000000,
        -0.327159 -0.429964 0.003937,
        -0.326501 -0.429340 0.000000,
        -0.326501 -0.429340 0.003937,
        -0.325877 -0.428593 0.000000,
        -0.325877 -0.428593 0.003937,
        -0.325272 -0.427697 0.000000,
        -0.325272 -0.427697 0.003937,
        -0.324689 -0.426634 0.000000,
        -0.324689 -0.426634 0.003937,
        -0.324134 -0.425397 0.000000,
        -0.324134 -0.425397 0.003937,
        -0.324067 -0.425230 0.000000,
        -0.324067 -0.425230 0.003937,
        -0.297459 -0.419307 0.003937,
        -0.297459 -0.422350 0.003937,
        -0.297459 -0.419307 0.000000,
        -0.297459 -0.422350 0.000000,
        -0.308369 -0.419307 0.003937,
        -0.308369 -0.419307 0.000000,
        -0.308369 -0.410329 0.003937,
        -0.308369 -0.410329 0.000000,
        -0.298824 -0.410329 0.003937,
        -0.298824 -0.410329 0.000000,
        -0.298824 -0.407272 0.003937,
        -0.298824 -0.407272 0.000000,
        -0.308369 -0.407272 0.003937,
        -0.308369 -0.407272 0.000000,
        -0.308369 -0.398731 0.003937,
        -0.308369 -0.398731 0.000000,
        -0.298066 -0.398731 0.003937,
        -0.298066 -0.398731 0.000000,
        -0.298066 -0.395660 0.003937,
        -0.298066 -0.395660 0.000000,
        -0.311814 -0.395660 0.003937,
        -0.311814 -0.395660 0.000000,
        -0.311814 -0.422350 0.003937,
        -0.311814 -0.422350 0.000000,
        -0.280124 -0.418444 0.003937,
        -0.278273 -0.420993 0.003937,
        -0.279155 -0.417989 0.003937,
        -0.277162 -0.420422 0.003937,
        -0.278276 -0.417448 0.003937,
        -0.276119 -0.419756 0.003937,
        -0.277481 -0.416821 0.003937,
        -0.275140 -0.418993 0.003937,
        -0.277162 -0.416524 0.003937,
        -0.274713 -0.418611 0.003937,
        -0.276486 -0.415789 0.003937,
        -0.273858 -0.417737 0.003937,
        -0.275902 -0.414984 0.003937,
        -0.273106 -0.416802 0.003937,
        -0.275409 -0.414108 0.003937,
        -0.272461 -0.415814 0.003937,
        -0.275006 -0.413154 0.003937,
        -0.274535 -0.406178 0.003937,
        -0.271191 -0.404770 0.003937,
        -0.274805 -0.405068 0.003937,
        -0.271567 -0.403643 0.003937,
        -0.275167 -0.404075 0.003937,
        -0.272041 -0.402591 0.003937,
        -0.275617 -0.403187 0.003937,
        -0.272612 -0.401607 0.003937,
        -0.276149 -0.402393 0.003937,
        -0.271918 -0.414770 0.003937,
        -0.271474 -0.413665 0.003937,
        -0.274691 -0.412115 0.003937,
        -0.271127 -0.412492 0.003937,
        -0.274467 -0.410981 0.003937,
        -0.270878 -0.411245 0.003937,
        -0.274339 -0.409743 0.003937,
        -0.270730 -0.409917 0.003937,
        -0.274310 -0.408760 0.003937,
        -0.270687 -0.408664 0.003937,
        -0.274367 -0.407417 0.003937,
        -0.270744 -0.407286 0.003937,
        -0.270915 -0.405982 0.003937,
        -0.273281 -0.400685 0.003937,
        -0.274052 -0.399820 0.003937,
        -0.276765 -0.401683 0.003937,
        -0.274713 -0.399194 0.003937,
        -0.277237 -0.401241 0.003937,
        -0.275704 -0.398398 0.003937,
        -0.278066 -0.400605 0.003937,
        -0.276753 -0.397705 0.003937,
        -0.278963 -0.400061 0.003937,
        -0.277855 -0.397115 0.003937,
        -0.279931 -0.399610 0.003937,
        -0.279014 -0.396626 0.003937,
        -0.280977 -0.399249 0.003937,
        -0.280237 -0.396235 0.003937,
        -0.282109 -0.398980 0.003937,
        -0.281529 -0.395943 0.003937,
        -0.283337 -0.398806 0.003937,
        -0.282896 -0.395752 0.003937,
        -0.284636 -0.398733 0.003937,
        -0.284348 -0.395665 0.003937,
        -0.284940 -0.398731 0.003937,
        -0.284803 -0.395660 0.003937,
        -0.288972 -0.398731 0.003937,
        -0.292417 -0.395660 0.003937,
        -0.288972 -0.419307 0.003937,
        -0.292417 -0.422350 0.003937,
        -0.285096 -0.419307 0.003937,
        -0.285076 -0.422350 0.003937,
        -0.283689 -0.419251 0.003937,
        -0.283543 -0.422293 0.003937,
        -0.282380 -0.419081 0.003937,
        -0.282086 -0.422123 0.003937,
        -0.281196 -0.418810 0.003937,
        -0.280728 -0.421846 0.003937,
        -0.279459 -0.421468 0.003937,
        -0.278066 -0.400605 0.000000,
        -0.275704 -0.398398 0.000000,
        -0.277237 -0.401241 0.000000,
        -0.274713 -0.399194 0.000000,
        -0.276765 -0.401683 0.000000,
        -0.274052 -0.399820 0.000000,
        -0.276149 -0.402393 0.000000,
        -0.273281 -0.400685 0.000000,
        -0.275617 -0.403187 0.000000,
        -0.272612 -0.401607 0.000000,
        -0.275167 -0.404075 0.000000,
        -0.272041 -0.402591 0.000000,
        -0.274805 -0.405068 0.000000,
        -0.279155 -0.417989 0.000000,
        -0.278273 -0.420993 0.000000,
        -0.280124 -0.418444 0.000000,
        -0.279459 -0.421468 0.000000,
        -0.281196 -0.418810 0.000000,
        -0.280728 -0.421846 0.000000,
        -0.282380 -0.419081 0.000000,
        -0.282086 -0.422123 0.000000,
        -0.283689 -0.419251 0.000000,
        -0.283543 -0.422293 0.000000,
        -0.285096 -0.419307 0.000000,
        -0.285076 -0.422350 0.000000,
        -0.288972 -0.419307 0.000000,
        -0.292417 -0.422350 0.000000,
        -0.288972 -0.398731 0.000000,
        -0.292417 -0.395660 0.000000,
        -0.284940 -0.398731 0.000000,
        -0.284803 -0.395660 0.000000,
        -0.284636 -0.398733 0.000000,
        -0.284348 -0.395665 0.000000,
        -0.283337 -0.398806 0.000000,
        -0.282896 -0.395752 0.000000,
        -0.282109 -0.398980 0.000000,
        -0.281529 -0.395943 0.000000,
        -0.280977 -0.399249 0.000000,
        -0.280237 -0.396235 0.000000,
        -0.279931 -0.399610 0.000000,
        -0.279014 -0.396626 0.000000,
        -0.278963 -0.400061 0.000000,
        -0.277855 -0.397115 0.000000,
        -0.276753 -0.397705 0.000000,
        -0.274691 -0.412115 0.000000,
        -0.271474 -0.413665 0.000000,
        -0.275006 -0.413154 0.000000,
        -0.271918 -0.414770 0.000000,
        -0.275409 -0.414108 0.000000,
        -0.272461 -0.415814 0.000000,
        -0.275902 -0.414984 0.000000,
        -0.273106 -0.416802 0.000000,
        -0.276486 -0.415789 0.000000,
        -0.273858 -0.417737 0.000000,
        -0.277162 -0.416524 0.000000,
        -0.274713 -0.418611 0.000000,
        -0.277481 -0.416821 0.000000,
        -0.275140 -0.418993 0.000000,
        -0.278276 -0.417448 0.000000,
        -0.276119 -0.419756 0.000000,
        -0.277162 -0.420422 0.000000,
        -0.271567 -0.403643 0.000000,
        -0.271191 -0.404770 0.000000,
        -0.274535 -0.406178 0.000000,
        -0.270915 -0.405982 0.000000,
        -0.274367 -0.407417 0.000000,
        -0.270744 -0.407286 0.000000,
        -0.274310 -0.408760 0.000000,
        -0.270687 -0.408664 0.000000,
        -0.274339 -0.409743 0.000000,
        -0.270730 -0.409917 0.000000,
        -0.274467 -0.410981 0.000000,
        -0.270878 -0.411245 0.000000,
        -0.271127 -0.412492 0.000000,
        -0.261743 -0.412035 0.003937,
        -0.262835 -0.415050 0.003937,
        -0.252785 -0.412035 0.003937,
        -0.251720 -0.415050 0.003937,
        -0.257752 -0.400941 0.003937,
        -0.259041 -0.395660 0.003937,
        -0.269207 -0.422350 0.003937,
        -0.265400 -0.422350 0.003937,
        -0.257520 -0.400144 0.003937,
        -0.257315 -0.399072 0.003937,
        -0.255357 -0.395660 0.003937,
        -0.257233 -0.399072 0.003937,
        -0.257017 -0.400201 0.003937,
        -0.256817 -0.400941 0.003937,
        -0.245191 -0.422350 0.003937,
        -0.248998 -0.422350 0.003937,
        -0.262835 -0.415050 0.000000,
        -0.261743 -0.412035 0.000000,
        -0.251720 -0.415050 0.000000,
        -0.252785 -0.412035 0.000000,
        -0.256817 -0.400941 0.000000,
        -0.255357 -0.395660 0.000000,
        -0.245191 -0.422350 0.000000,
        -0.248998 -0.422350 0.000000,
        -0.257017 -0.400201 0.000000,
        -0.257233 -0.399072 0.000000,
        -0.259041 -0.395660 0.000000,
        -0.257315 -0.399072 0.000000,
        -0.257520 -0.400144 0.000000,
        -0.257752 -0.400941 0.000000,
        -0.269207 -0.422350 0.000000,
        -0.265400 -0.422350 0.000000,
        -0.500770 -0.429626 0.003937,
        -0.498697 -0.431362 0.003937,
        -0.505315 -0.409349 0.003937,
        -0.489034 -0.375015 0.003937,
        -0.487667 -0.375761 0.003937,
        -0.493550 -0.361909 0.003937,
        -0.473246 -0.403277 0.003937,
        -0.487667 -0.408780 0.003937,
        -0.486383 -0.408893 0.003937,
        -0.468502 -0.415991 0.003937,
        -0.480295 -0.416830 0.003937,
        -0.468657 -0.418421 0.003937,
        -0.480698 -0.418664 0.003937,
        -0.476582 -0.361646 0.003937,
        -0.473350 -0.359909 0.003937,
        -0.479270 -0.350031 0.003937,
        -0.438844 -0.371397 0.003937,
        -0.437277 -0.374743 0.003937,
        -0.426374 -0.371017 0.003937,
        -0.436191 -0.378269 0.003937,
        -0.435672 -0.381265 0.003937,
        -0.493553 -0.411696 0.003937,
        -0.504469 -0.407401 0.003937,
        -0.494488 -0.413301 0.003937,
        -0.494991 -0.415105 0.003937,
        -0.428469 -0.409800 0.003937,
        -0.431099 -0.410602 0.003937,
        -0.428297 -0.421887 0.003937,
        -0.505505 -0.422063 0.003937,
        -0.504343 -0.424840 0.003937,
        -0.502761 -0.427363 0.003937,
        -0.481748 -0.411739 0.003937,
        -0.480862 -0.413265 0.003937,
        -0.480361 -0.414991 0.003937,
        -0.441935 -0.400051 0.003937,
        -0.447817 -0.389994 0.003937,
        -0.468502 -0.414093 0.003937,
        -0.489454 -0.409000 0.003937,
        -0.486494 -0.396850 0.003937,
        -0.487478 -0.396825 0.003937,
        -0.503202 -0.373726 0.003937,
        -0.505638 -0.362516 0.003937,
        -0.509337 -0.363737 0.003937,
        -0.484594 -0.409452 0.003937,
        -0.483022 -0.410426 0.003937,
        -0.481541 -0.420323 0.003937,
        -0.470460 -0.424363 0.003937,
        -0.469312 -0.421468 0.003937,
        -0.492625 -0.421670 0.003937,
        -0.491118 -0.422723 0.003937,
        -0.496052 -0.432961 0.003937,
        -0.489367 -0.423382 0.003937,
        -0.491116 -0.409638 0.003937,
        -0.498460 -0.400383 0.003937,
        -0.492609 -0.410677 0.003937,
        -0.500815 -0.402374 0.003937,
        -0.502843 -0.404735 0.003937,
        -0.490498 -0.397071 0.003937,
        -0.493379 -0.397783 0.003937,
        -0.496137 -0.398954 0.003937,
        -0.431877 -0.422443 0.003937,
        -0.433016 -0.410867 0.003937,
        -0.443073 -0.422443 0.003937,
        -0.441555 -0.410867 0.003937,
        -0.444020 -0.422301 0.003937,
        -0.475240 -0.348348 0.003937,
        -0.469898 -0.358631 0.003937,
        -0.471084 -0.347138 0.003937,
        -0.508054 -0.407824 0.003937,
        -0.511278 -0.419968 0.003937,
        -0.507648 -0.421432 0.003937,
        -0.506096 -0.374874 0.003937,
        -0.512873 -0.365431 0.003937,
        -0.508764 -0.376480 0.003937,
        -0.516192 -0.367579 0.003937,
        -0.511127 -0.378489 0.003937,
        -0.475390 -0.401159 0.003937,
        -0.477866 -0.399415 0.003937,
        -0.480628 -0.398084 0.003937,
        -0.483604 -0.397215 0.003937,
        -0.419976 -0.391812 0.003937,
        -0.409926 -0.385586 0.003937,
        -0.421012 -0.389263 0.003937,
        -0.411638 -0.382416 0.003937,
        -0.422499 -0.386954 0.003937,
        -0.413808 -0.379442 0.003937,
        -0.424376 -0.384964 0.003937,
        -0.416367 -0.376781 0.003937,
        -0.426543 -0.383376 0.003937,
        -0.512643 -0.403580 0.003937,
        -0.520686 -0.412955 0.003937,
        -0.510509 -0.405891 0.003937,
        -0.517801 -0.415735 0.003937,
        -0.514659 -0.418072 0.003937,
        -0.501824 -0.361778 0.003937,
        -0.500155 -0.373071 0.003937,
        -0.497915 -0.361529 0.003937,
        -0.497725 -0.372915 0.003937,
        -0.495732 -0.361648 0.003937,
        -0.494768 -0.373161 0.003937,
        -0.491881 -0.373860 0.003937,
        -0.493826 -0.420285 0.003937,
        -0.494625 -0.418714 0.003937,
        -0.495028 -0.416956 0.003937,
        -0.424863 -0.420856 0.003937,
        -0.421589 -0.419357 0.003937,
        -0.426050 -0.408529 0.003937,
        -0.418518 -0.417405 0.003937,
        -0.423919 -0.406836 0.003937,
        -0.415696 -0.415018 0.003937,
        -0.423059 -0.405940 0.003937,
        -0.414609 -0.413904 0.003937,
        -0.421470 -0.403767 0.003937,
        -0.483152 -0.352185 0.003937,
        -0.485200 -0.353559 0.003937,
        -0.479530 -0.363803 0.003937,
        -0.488213 -0.355985 0.003937,
        -0.482159 -0.366349 0.003937,
        -0.490963 -0.358768 0.003937,
        -0.484412 -0.369221 0.003937,
        -0.486252 -0.372364 0.003937,
        -0.428036 -0.367209 0.003937,
        -0.430141 -0.363593 0.003937,
        -0.440858 -0.368295 0.003937,
        -0.432717 -0.360122 0.003937,
        -0.443270 -0.365502 0.003937,
        -0.516391 -0.395305 0.003937,
        -0.527669 -0.399973 0.003937,
        -0.515573 -0.398313 0.003937,
        -0.526446 -0.403698 0.003937,
        -0.514265 -0.401155 0.003937,
        -0.524749 -0.407265 0.003937,
        -0.522603 -0.410604 0.003937,
        -0.484200 -0.422722 0.003937,
        -0.476195 -0.431224 0.003937,
        -0.482748 -0.421706 0.003937,
        -0.474076 -0.429393 0.003937,
        -0.472067 -0.427030 0.003937,
        -0.493160 -0.434117 0.003937,
        -0.490096 -0.434791 0.003937,
        -0.487667 -0.423581 0.003937,
        -0.487478 -0.434967 0.003937,
        -0.485852 -0.423358 0.003937,
        -0.419598 -0.398791 0.003937,
        -0.407639 -0.397531 0.003937,
        -0.419353 -0.396066 0.003937,
        -0.407588 -0.395876 0.003937,
        -0.419433 -0.394519 0.003937,
        -0.407894 -0.392334 0.003937,
        -0.408675 -0.388911 0.003937,
        -0.412343 -0.411083 0.003937,
        -0.410498 -0.408006 0.003937,
        -0.420309 -0.401360 0.003937,
        -0.409079 -0.404683 0.003937,
        -0.408116 -0.401170 0.003937,
        -0.484433 -0.434721 0.003937,
        -0.481533 -0.434008 0.003937,
        -0.478768 -0.432837 0.003937,
        -0.442478 -0.410696 0.003937,
        -0.447098 -0.420420 0.003937,
        -0.446531 -0.420989 0.003937,
        -0.462429 -0.346159 0.003937,
        -0.462239 -0.357544 0.003937,
        -0.461110 -0.346182 0.003937,
        -0.458622 -0.357791 0.003937,
        -0.514570 -0.383181 0.003937,
        -0.526206 -0.380229 0.003937,
        -0.515742 -0.385947 0.003937,
        -0.527506 -0.383926 0.003937,
        -0.516455 -0.388846 0.003937,
        -0.528328 -0.387780 0.003937,
        -0.516701 -0.391891 0.003937,
        -0.528646 -0.391478 0.003937,
        -0.516693 -0.392437 0.003937,
        -0.528656 -0.392271 0.003937,
        -0.528407 -0.396159 0.003937,
        -0.434154 -0.381265 0.003937,
        -0.431464 -0.381509 0.003937,
        -0.425659 -0.371254 0.003937,
        -0.428928 -0.382218 0.003937,
        -0.422482 -0.372593 0.003937,
        -0.419280 -0.374478 0.003937,
        -0.448576 -0.416560 0.003937,
        -0.448406 -0.417935 0.003937,
        -0.447916 -0.419224 0.003937,
        -0.441908 -0.410824 0.003937,
        -0.445280 -0.421837 0.003937,
        -0.466819 -0.346407 0.003937,
        -0.466278 -0.357839 0.003937,
        -0.462791 -0.357550 0.003937,
        -0.444110 -0.410852 0.003937,
        -0.445416 -0.411354 0.003937,
        -0.448549 -0.415992 0.003937,
        -0.446590 -0.412169 0.003937,
        -0.447520 -0.413215 0.003937,
        -0.448213 -0.414536 0.003937,
        -0.519076 -0.369995 0.003937,
        -0.519737 -0.370638 0.003937,
        -0.512958 -0.380609 0.003937,
        -0.522299 -0.373552 0.003937,
        -0.524458 -0.376754 0.003937,
        -0.442694 -0.410678 0.003937,
        -0.435746 -0.356852 0.003937,
        -0.436621 -0.356026 0.003937,
        -0.445594 -0.363410 0.003937,
        -0.440232 -0.353221 0.003937,
        -0.448576 -0.361335 0.003937,
        -0.444097 -0.350851 0.003937,
        -0.451777 -0.359696 0.003937,
        -0.448175 -0.348939 0.003937,
        -0.455141 -0.358511 0.003937,
        -0.452405 -0.347515 0.003937,
        -0.456733 -0.346593 0.003937,
        -0.447817 -0.389994 0.000000,
        -0.441935 -0.400051 0.000000,
        -0.473246 -0.403277 0.000000,
        -0.468502 -0.414093 0.000000,
        -0.478768 -0.432837 0.000000,
        -0.505315 -0.409349 0.000000,
        -0.489454 -0.409000 0.000000,
        -0.491116 -0.409638 0.000000,
        -0.494488 -0.413301 0.000000,
        -0.494991 -0.415105 0.000000,
        -0.514659 -0.418072 0.000000,
        -0.495028 -0.416956 0.000000,
        -0.511278 -0.419968 0.000000,
        -0.468502 -0.415991 0.000000,
        -0.468657 -0.418421 0.000000,
        -0.476195 -0.431224 0.000000,
        -0.474076 -0.429393 0.000000,
        -0.510509 -0.405891 0.000000,
        -0.508054 -0.407824 0.000000,
        -0.473350 -0.359909 0.000000,
        -0.476582 -0.361646 0.000000,
        -0.483152 -0.352185 0.000000,
        -0.491118 -0.422723 0.000000,
        -0.498697 -0.431362 0.000000,
        -0.492625 -0.421670 0.000000,
        -0.500770 -0.429626 0.000000,
        -0.493826 -0.420285 0.000000,
        -0.487667 -0.423581 0.000000,
        -0.485852 -0.423358 0.000000,
        -0.484433 -0.434721 0.000000,
        -0.481541 -0.420323 0.000000,
        -0.480698 -0.418664 0.000000,
        -0.480295 -0.416830 0.000000,
        -0.480361 -0.414991 0.000000,
        -0.486252 -0.372364 0.000000,
        -0.487667 -0.375761 0.000000,
        -0.493550 -0.361909 0.000000,
        -0.489034 -0.375015 0.000000,
        -0.506096 -0.374874 0.000000,
        -0.509337 -0.363737 0.000000,
        -0.503202 -0.373726 0.000000,
        -0.505638 -0.362516 0.000000,
        -0.500155 -0.373071 0.000000,
        -0.501824 -0.361778 0.000000,
        -0.497725 -0.372915 0.000000,
        -0.517801 -0.415735 0.000000,
        -0.520686 -0.412955 0.000000,
        -0.512643 -0.403580 0.000000,
        -0.522603 -0.410604 0.000000,
        -0.514265 -0.401155 0.000000,
        -0.524749 -0.407265 0.000000,
        -0.515573 -0.398313 0.000000,
        -0.492609 -0.410677 0.000000,
        -0.493553 -0.411696 0.000000,
        -0.440858 -0.368295 0.000000,
        -0.430141 -0.363593 0.000000,
        -0.438844 -0.371397 0.000000,
        -0.428036 -0.367209 0.000000,
        -0.437277 -0.374743 0.000000,
        -0.426374 -0.371017 0.000000,
        -0.436191 -0.378269 0.000000,
        -0.485200 -0.353559 0.000000,
        -0.479530 -0.363803 0.000000,
        -0.488213 -0.355985 0.000000,
        -0.428928 -0.382218 0.000000,
        -0.431464 -0.381509 0.000000,
        -0.469312 -0.421468 0.000000,
        -0.470460 -0.424363 0.000000,
        -0.472067 -0.427030 0.000000,
        -0.491881 -0.373860 0.000000,
        -0.494768 -0.373161 0.000000,
        -0.495732 -0.361648 0.000000,
        -0.497915 -0.361529 0.000000,
        -0.490963 -0.358768 0.000000,
        -0.482159 -0.366349 0.000000,
        -0.484412 -0.369221 0.000000,
        -0.420309 -0.401360 0.000000,
        -0.410498 -0.408006 0.000000,
        -0.421470 -0.403767 0.000000,
        -0.412343 -0.411083 0.000000,
        -0.423059 -0.405940 0.000000,
        -0.414609 -0.413904 0.000000,
        -0.423919 -0.406836 0.000000,
        -0.415696 -0.415018 0.000000,
        -0.426050 -0.408529 0.000000,
        -0.421012 -0.389263 0.000000,
        -0.409926 -0.385586 0.000000,
        -0.419976 -0.391812 0.000000,
        -0.408675 -0.388911 0.000000,
        -0.419433 -0.394519 0.000000,
        -0.407894 -0.392334 0.000000,
        -0.419353 -0.396066 0.000000,
        -0.434154 -0.381265 0.000000,
        -0.435672 -0.381265 0.000000,
        -0.502761 -0.427363 0.000000,
        -0.504343 -0.424840 0.000000,
        -0.494625 -0.418714 0.000000,
        -0.505505 -0.422063 0.000000,
        -0.507648 -0.421432 0.000000,
        -0.481533 -0.434008 0.000000,
        -0.484200 -0.422722 0.000000,
        -0.482748 -0.421706 0.000000,
        -0.487667 -0.408780 0.000000,
        -0.486494 -0.396850 0.000000,
        -0.486383 -0.408893 0.000000,
        -0.483604 -0.397215 0.000000,
        -0.484594 -0.409452 0.000000,
        -0.487478 -0.434967 0.000000,
        -0.490096 -0.434791 0.000000,
        -0.489367 -0.423382 0.000000,
        -0.493160 -0.434117 0.000000,
        -0.496052 -0.432961 0.000000,
        -0.480628 -0.398084 0.000000,
        -0.477866 -0.399415 0.000000,
        -0.483022 -0.410426 0.000000,
        -0.475390 -0.401159 0.000000,
        -0.481748 -0.411739 0.000000,
        -0.480862 -0.413265 0.000000,
        -0.496137 -0.398954 0.000000,
        -0.493379 -0.397783 0.000000,
        -0.515742 -0.385947 0.000000,
        -0.526206 -0.380229 0.000000,
        -0.514570 -0.383181 0.000000,
        -0.524458 -0.376754 0.000000,
        -0.512958 -0.380609 0.000000,
        -0.526446 -0.403698 0.000000,
        -0.527669 -0.399973 0.000000,
        -0.516391 -0.395305 0.000000,
        -0.528407 -0.396159 0.000000,
        -0.516693 -0.392437 0.000000,
        -0.528656 -0.392271 0.000000,
        -0.516701 -0.391891 0.000000,
        -0.528646 -0.391478 0.000000,
        -0.516455 -0.388846 0.000000,
        -0.528328 -0.387780 0.000000,
        -0.527506 -0.383926 0.000000,
        -0.446531 -0.420989 0.000000,
        -0.447098 -0.420420 0.000000,
        -0.442478 -0.410696 0.000000,
        -0.447916 -0.419224 0.000000,
        -0.407588 -0.395876 0.000000,
        -0.407639 -0.397531 0.000000,
        -0.419598 -0.398791 0.000000,
        -0.408116 -0.401170 0.000000,
        -0.409079 -0.404683 0.000000,
        -0.425659 -0.371254 0.000000,
        -0.422482 -0.372593 0.000000,
        -0.426543 -0.383376 0.000000,
        -0.419280 -0.374478 0.000000,
        -0.424376 -0.384964 0.000000,
        -0.416367 -0.376781 0.000000,
        -0.422499 -0.386954 0.000000,
        -0.413808 -0.379442 0.000000,
        -0.411638 -0.382416 0.000000,
        -0.502843 -0.404735 0.000000,
        -0.500815 -0.402374 0.000000,
        -0.498460 -0.400383 0.000000,
        -0.490498 -0.397071 0.000000,
        -0.487478 -0.396825 0.000000,
        -0.522299 -0.373552 0.000000,
        -0.519737 -0.370638 0.000000,
        -0.511127 -0.378489 0.000000,
        -0.519076 -0.369995 0.000000,
        -0.508764 -0.376480 0.000000,
        -0.516192 -0.367579 0.000000,
        -0.512873 -0.365431 0.000000,
        -0.418518 -0.417405 0.000000,
        -0.421589 -0.419357 0.000000,
        -0.428469 -0.409800 0.000000,
        -0.424863 -0.420856 0.000000,
        -0.431099 -0.410602 0.000000,
        -0.428297 -0.421887 0.000000,
        -0.433016 -0.410867 0.000000,
        -0.431877 -0.422443 0.000000,
        -0.441555 -0.410867 0.000000,
        -0.443073 -0.422443 0.000000,
        -0.441908 -0.410824 0.000000,
        -0.444020 -0.422301 0.000000,
        -0.445280 -0.421837 0.000000,
        -0.448406 -0.417935 0.000000,
        -0.448576 -0.416560 0.000000,
        -0.448549 -0.415992 0.000000,
        -0.504469 -0.407401 0.000000,
        -0.448213 -0.414536 0.000000,
        -0.447520 -0.413215 0.000000,
        -0.446590 -0.412169 0.000000,
        -0.445416 -0.411354 0.000000,
        -0.445594 -0.363410 0.000000,
        -0.436621 -0.356026 0.000000,
        -0.443270 -0.365502 0.000000,
        -0.435746 -0.356852 0.000000,
        -0.432717 -0.360122 0.000000,
        -0.479270 -0.350031 0.000000,
        -0.475240 -0.348348 0.000000,
        -0.469898 -0.358631 0.000000,
        -0.471084 -0.347138 0.000000,
        -0.466278 -0.357839 0.000000,
        -0.466819 -0.346407 0.000000,
        -0.462791 -0.357550 0.000000,
        -0.462429 -0.346159 0.000000,
        -0.462239 -0.357544 0.000000,
        -0.461110 -0.346182 0.000000,
        -0.458622 -0.357791 0.000000,
        -0.456733 -0.346593 0.000000,
        -0.455141 -0.358511 0.000000,
        -0.452405 -0.347515 0.000000,
        -0.451777 -0.359696 0.000000,
        -0.448175 -0.348939 0.000000,
        -0.448576 -0.361335 0.000000,
        -0.444097 -0.350851 0.000000,
        -0.440232 -0.353221 0.000000,
        -0.444110 -0.410852 0.000000,
        -0.442694 -0.410678 0.000000,
      ]
    }
    coordIndex [
      28, 29, 3, -1,
      3, 29, 2, -1,
      29, 30, 2, -1,
      2, 30, 0, -1,
      30, 31, 0, -1,
      0, 31, 1, -1,
      31, 28, 1, -1,
      1, 28, 3, -1,
      31, 30, 28, -1,
      28, 30, 29, -1,
      32, 16, 33, -1,
      33, 16, 15, -1,
      33, 15, 34, -1,
      34, 15, 14, -1,
      34, 14, 35, -1,
      35, 14, 13, -1,
      35, 13, 36, -1,
      36, 13, 27, -1,
      36, 27, 37, -1,
      37, 27, 26, -1,
      37, 26, 38, -1,
      38, 26, 25, -1,
      38, 25, 39, -1,
      39, 25, 24, -1,
      39, 24, 40, -1,
      40, 24, 23, -1,
      40, 23, 41, -1,
      41, 23, 22, -1,
      41, 22, 42, -1,
      42, 22, 7, -1,
      42, 7, 43, -1,
      43, 7, 6, -1,
      43, 6, 44, -1,
      44, 6, 21, -1,
      44, 21, 45, -1,
      45, 21, 20, -1,
      45, 20, 46, -1,
      46, 20, 19, -1,
      46, 19, 47, -1,
      47, 19, 12, -1,
      47, 12, 48, -1,
      48, 12, 11, -1,
      48, 11, 49, -1,
      49, 11, 10, -1,
      49, 10, 50, -1,
      50, 10, 5, -1,
      50, 5, 51, -1,
      51, 5, 4, -1,
      51, 4, 52, -1,
      52, 4, 8, -1,
      52, 8, 53, -1,
      53, 8, 9, -1,
      53, 9, 54, -1,
      54, 9, 18, -1,
      54, 18, 55, -1,
      55, 18, 17, -1,
      55, 17, 32, -1,
      32, 17, 16, -1,
      54, 55, 56, -1,
      56, 55, 32, -1,
      56, 32, 33, -1,
      51, 52, 56, -1,
      56, 52, 53, -1,
      56, 53, 54, -1,
      48, 49, 56, -1,
      56, 49, 50, -1,
      56, 50, 51, -1,
      45, 46, 56, -1,
      56, 46, 47, -1,
      56, 47, 48, -1,
      42, 43, 56, -1,
      56, 43, 44, -1,
      56, 44, 45, -1,
      39, 40, 56, -1,
      56, 40, 41, -1,
      56, 41, 42, -1,
      36, 37, 56, -1,
      56, 37, 38, -1,
      56, 38, 39, -1,
      33, 34, 56, -1,
      56, 34, 35, -1,
      56, 35, 36, -1,
      57, 58, 59, -1,
      59, 58, 60, -1,
      61, 57, 62, -1,
      62, 57, 59, -1,
      63, 61, 64, -1,
      64, 61, 62, -1,
      65, 63, 66, -1,
      66, 63, 64, -1,
      67, 65, 68, -1,
      68, 65, 66, -1,
      58, 67, 60, -1,
      60, 67, 68, -1,
      63, 65, 61, -1,
      61, 65, 67, -1,
      61, 67, 57, -1,
      57, 67, 58, -1,
      59, 60, 62, -1,
      62, 60, 68, -1,
      62, 68, 64, -1,
      64, 68, 66, -1,
      69, 70, 71, -1,
      69, 71, 72, -1,
      72, 71, 73, -1,
      72, 73, 74, -1,
      74, 73, 75, -1,
      74, 75, 76, -1,
      76, 75, 77, -1,
      76, 77, 78, -1,
      78, 77, 79, -1,
      78, 79, 80, -1,
      80, 79, 81, -1,
      80, 81, 82, -1,
      83, 82, 84, -1,
      84, 82, 81, -1,
      83, 84, 85, -1,
      83, 85, 86, -1,
      86, 85, 87, -1,
      86, 87, 88, -1,
      88, 87, 89, -1,
      88, 89, 90, -1,
      90, 89, 91, -1,
      90, 91, 92, -1,
      92, 91, 93, -1,
      92, 93, 94, -1,
      94, 93, 95, -1,
      94, 95, 96, -1,
      96, 95, 97, -1,
      96, 97, 98, -1,
      98, 97, 99, -1,
      98, 99, 100, -1,
      100, 99, 101, -1,
      100, 101, 102, -1,
      102, 101, 103, -1,
      102, 103, 104, -1,
      104, 103, 105, -1,
      104, 105, 106, -1,
      106, 105, 107, -1,
      106, 107, 108, -1,
      108, 107, 109, -1,
      108, 109, 110, -1,
      110, 109, 111, -1,
      110, 111, 112, -1,
      112, 111, 113, -1,
      112, 113, 114, -1,
      114, 113, 115, -1,
      114, 115, 116, -1,
      116, 115, 117, -1,
      116, 117, 118, -1,
      118, 117, 119, -1,
      118, 119, 120, -1,
      120, 119, 121, -1,
      120, 121, 122, -1,
      122, 121, 123, -1,
      122, 123, 124, -1,
      124, 123, 125, -1,
      124, 125, 126, -1,
      126, 125, 127, -1,
      126, 127, 128, -1,
      128, 127, 129, -1,
      128, 129, 130, -1,
      130, 129, 131, -1,
      130, 131, 132, -1,
      132, 131, 133, -1,
      132, 133, 134, -1,
      134, 133, 135, -1,
      134, 135, 136, -1,
      136, 135, 137, -1,
      136, 137, 138, -1,
      138, 137, 139, -1,
      138, 139, 140, -1,
      140, 139, 141, -1,
      140, 141, 142, -1,
      142, 141, 143, -1,
      142, 143, 144, -1,
      144, 143, 145, -1,
      144, 145, 146, -1,
      146, 145, 147, -1,
      146, 147, 148, -1,
      148, 147, 149, -1,
      148, 149, 150, -1,
      150, 149, 151, -1,
      150, 151, 152, -1,
      152, 151, 153, -1,
      152, 153, 154, -1,
      154, 153, 155, -1,
      154, 155, 156, -1,
      156, 155, 157, -1,
      156, 157, 158, -1,
      158, 157, 159, -1,
      158, 159, 160, -1,
      160, 159, 161, -1,
      160, 161, 162, -1,
      162, 161, 163, -1,
      162, 163, 164, -1,
      164, 163, 165, -1,
      164, 165, 166, -1,
      166, 165, 167, -1,
      166, 167, 168, -1,
      168, 167, 169, -1,
      168, 169, 170, -1,
      170, 169, 171, -1,
      170, 171, 172, -1,
      173, 172, 174, -1,
      174, 172, 171, -1,
      173, 174, 175, -1,
      173, 175, 176, -1,
      176, 175, 177, -1,
      176, 177, 178, -1,
      178, 177, 179, -1,
      178, 179, 180, -1,
      180, 179, 181, -1,
      180, 181, 182, -1,
      182, 181, 183, -1,
      182, 183, 184, -1,
      184, 183, 185, -1,
      184, 185, 186, -1,
      186, 185, 187, -1,
      186, 187, 188, -1,
      188, 187, 189, -1,
      188, 189, 190, -1,
      190, 189, 191, -1,
      190, 191, 192, -1,
      192, 191, 193, -1,
      192, 193, 194, -1,
      194, 193, 195, -1,
      194, 195, 196, -1,
      196, 195, 197, -1,
      196, 197, 198, -1,
      198, 197, 199, -1,
      198, 199, 200, -1,
      200, 199, 201, -1,
      200, 201, 202, -1,
      202, 201, 203, -1,
      202, 203, 204, -1,
      204, 203, 205, -1,
      204, 205, 206, -1,
      206, 205, 207, -1,
      206, 207, 208, -1,
      208, 207, 209, -1,
      208, 209, 210, -1,
      210, 209, 211, -1,
      210, 211, 212, -1,
      212, 211, 213, -1,
      212, 213, 214, -1,
      214, 213, 215, -1,
      214, 215, 216, -1,
      216, 215, 217, -1,
      216, 217, 218, -1,
      218, 217, 219, -1,
      218, 219, 220, -1,
      220, 219, 221, -1,
      220, 221, 222, -1,
      222, 221, 223, -1,
      222, 223, 224, -1,
      224, 223, 225, -1,
      224, 225, 226, -1,
      226, 225, 227, -1,
      226, 227, 228, -1,
      228, 227, 229, -1,
      228, 229, 230, -1,
      230, 229, 231, -1,
      230, 231, 232, -1,
      232, 231, 233, -1,
      232, 233, 234, -1,
      234, 233, 235, -1,
      234, 235, 236, -1,
      236, 235, 237, -1,
      236, 237, 238, -1,
      238, 237, 239, -1,
      238, 239, 240, -1,
      240, 239, 241, -1,
      240, 241, 242, -1,
      242, 241, 243, -1,
      242, 243, 244, -1,
      244, 243, 245, -1,
      244, 245, 246, -1,
      246, 245, 247, -1,
      246, 247, 248, -1,
      248, 247, 249, -1,
      248, 249, 250, -1,
      250, 249, 251, -1,
      250, 251, 252, -1,
      252, 251, 253, -1,
      252, 253, 254, -1,
      254, 253, 70, -1,
      254, 70, 69, -1,
      170, 172, 173, -1,
      114, 234, 236, -1,
      90, 78, 88, -1,
      88, 78, 80, -1,
      88, 80, 86, -1,
      86, 80, 82, -1,
      86, 82, 83, -1,
      114, 236, 112, -1,
      112, 236, 238, -1,
      112, 238, 110, -1,
      110, 238, 240, -1,
      110, 240, 108, -1,
      108, 240, 242, -1,
      108, 242, 106, -1,
      106, 242, 244, -1,
      106, 244, 104, -1,
      244, 246, 104, -1,
      104, 246, 248, -1,
      104, 248, 102, -1,
      102, 248, 250, -1,
      102, 250, 100, -1,
      100, 250, 252, -1,
      100, 252, 98, -1,
      98, 252, 254, -1,
      98, 254, 96, -1,
      96, 254, 69, -1,
      96, 69, 94, -1,
      94, 69, 72, -1,
      94, 72, 92, -1,
      92, 72, 74, -1,
      92, 74, 90, -1,
      90, 74, 76, -1,
      90, 76, 78, -1,
      146, 200, 144, -1,
      144, 200, 202, -1,
      144, 202, 142, -1,
      142, 202, 204, -1,
      142, 204, 140, -1,
      140, 204, 206, -1,
      140, 206, 138, -1,
      138, 206, 208, -1,
      138, 208, 136, -1,
      136, 208, 210, -1,
      136, 210, 134, -1,
      134, 210, 212, -1,
      134, 212, 132, -1,
      170, 173, 168, -1,
      168, 173, 176, -1,
      168, 176, 166, -1,
      166, 176, 178, -1,
      166, 178, 164, -1,
      164, 178, 180, -1,
      164, 180, 162, -1,
      162, 180, 182, -1,
      162, 182, 160, -1,
      160, 182, 184, -1,
      160, 184, 158, -1,
      158, 184, 186, -1,
      158, 186, 156, -1,
      156, 186, 188, -1,
      156, 188, 154, -1,
      154, 188, 190, -1,
      154, 190, 152, -1,
      152, 190, 192, -1,
      152, 192, 150, -1,
      150, 192, 194, -1,
      150, 194, 148, -1,
      148, 194, 196, -1,
      148, 196, 146, -1,
      146, 196, 198, -1,
      146, 198, 200, -1,
      234, 114, 232, -1,
      232, 114, 116, -1,
      232, 116, 230, -1,
      230, 116, 118, -1,
      230, 118, 228, -1,
      228, 118, 120, -1,
      228, 120, 226, -1,
      226, 120, 122, -1,
      226, 122, 224, -1,
      224, 122, 222, -1,
      222, 122, 124, -1,
      222, 124, 220, -1,
      212, 214, 132, -1,
      132, 214, 216, -1,
      132, 216, 130, -1,
      130, 216, 218, -1,
      130, 218, 128, -1,
      128, 218, 220, -1,
      128, 220, 126, -1,
      126, 220, 124, -1,
      85, 84, 81, -1,
      85, 81, 87, -1,
      101, 247, 103, -1,
      103, 247, 245, -1,
      103, 245, 105, -1,
      105, 245, 243, -1,
      105, 243, 107, -1,
      107, 243, 241, -1,
      107, 241, 109, -1,
      109, 241, 239, -1,
      109, 239, 111, -1,
      171, 169, 174, -1,
      174, 169, 167, -1,
      174, 167, 175, -1,
      175, 167, 165, -1,
      239, 237, 111, -1,
      111, 237, 235, -1,
      111, 235, 113, -1,
      113, 235, 233, -1,
      113, 233, 115, -1,
      115, 233, 231, -1,
      115, 231, 117, -1,
      117, 231, 229, -1,
      117, 229, 119, -1,
      81, 79, 87, -1,
      87, 79, 77, -1,
      87, 77, 89, -1,
      89, 77, 75, -1,
      89, 75, 91, -1,
      91, 75, 73, -1,
      91, 73, 93, -1,
      93, 73, 71, -1,
      93, 71, 95, -1,
      95, 71, 70, -1,
      95, 70, 97, -1,
      97, 70, 253, -1,
      97, 253, 99, -1,
      99, 253, 251, -1,
      99, 251, 101, -1,
      101, 251, 249, -1,
      101, 249, 247, -1,
      139, 203, 141, -1,
      141, 203, 201, -1,
      141, 201, 143, -1,
      143, 201, 199, -1,
      143, 199, 145, -1,
      145, 199, 197, -1,
      145, 197, 147, -1,
      147, 197, 195, -1,
      147, 195, 149, -1,
      149, 195, 193, -1,
      149, 193, 151, -1,
      151, 193, 191, -1,
      151, 191, 153, -1,
      153, 191, 189, -1,
      153, 189, 155, -1,
      155, 189, 187, -1,
      155, 187, 157, -1,
      157, 187, 185, -1,
      157, 185, 159, -1,
      159, 185, 183, -1,
      159, 183, 161, -1,
      161, 183, 181, -1,
      161, 181, 163, -1,
      163, 181, 179, -1,
      163, 179, 165, -1,
      165, 179, 177, -1,
      165, 177, 175, -1,
      219, 217, 129, -1,
      129, 217, 215, -1,
      129, 215, 131, -1,
      131, 215, 213, -1,
      131, 213, 133, -1,
      133, 213, 211, -1,
      133, 211, 135, -1,
      135, 211, 209, -1,
      135, 209, 137, -1,
      137, 209, 207, -1,
      137, 207, 139, -1,
      139, 207, 205, -1,
      139, 205, 203, -1,
      229, 227, 119, -1,
      119, 227, 225, -1,
      119, 225, 121, -1,
      121, 225, 223, -1,
      121, 223, 123, -1,
      123, 223, 221, -1,
      123, 221, 125, -1,
      125, 221, 219, -1,
      125, 219, 127, -1,
      127, 219, 129, -1,
      255, 256, 257, -1,
      257, 256, 258, -1,
      259, 255, 260, -1,
      260, 255, 257, -1,
      261, 259, 262, -1,
      262, 259, 260, -1,
      263, 261, 264, -1,
      264, 261, 262, -1,
      265, 263, 266, -1,
      266, 263, 264, -1,
      267, 265, 268, -1,
      268, 265, 266, -1,
      269, 267, 270, -1,
      270, 267, 268, -1,
      271, 269, 272, -1,
      272, 269, 270, -1,
      273, 271, 274, -1,
      274, 271, 272, -1,
      275, 273, 276, -1,
      276, 273, 274, -1,
      277, 275, 278, -1,
      278, 275, 276, -1,
      256, 277, 258, -1,
      258, 277, 278, -1,
      277, 256, 255, -1,
      255, 259, 277, -1,
      277, 259, 261, -1,
      277, 261, 275, -1,
      271, 273, 269, -1,
      269, 273, 275, -1,
      269, 275, 267, -1,
      267, 275, 261, -1,
      267, 261, 265, -1,
      265, 261, 263, -1,
      276, 274, 272, -1,
      272, 270, 276, -1,
      276, 270, 268, -1,
      276, 268, 278, -1,
      257, 258, 260, -1,
      260, 258, 278, -1,
      260, 278, 262, -1,
      262, 278, 268, -1,
      262, 268, 264, -1,
      264, 268, 266, -1,
      279, 280, 281, -1,
      281, 280, 282, -1,
      281, 282, 283, -1,
      283, 282, 284, -1,
      283, 284, 285, -1,
      285, 284, 286, -1,
      285, 286, 287, -1,
      287, 286, 288, -1,
      287, 288, 289, -1,
      289, 288, 290, -1,
      289, 290, 291, -1,
      291, 290, 292, -1,
      291, 292, 293, -1,
      293, 292, 294, -1,
      293, 294, 295, -1,
      296, 297, 298, -1,
      298, 297, 299, -1,
      298, 299, 300, -1,
      300, 299, 301, -1,
      300, 301, 302, -1,
      302, 301, 303, -1,
      302, 303, 304, -1,
      294, 305, 295, -1,
      295, 305, 306, -1,
      295, 306, 307, -1,
      307, 306, 308, -1,
      307, 308, 309, -1,
      309, 308, 310, -1,
      309, 310, 311, -1,
      311, 310, 312, -1,
      311, 312, 313, -1,
      313, 312, 314, -1,
      313, 314, 315, -1,
      315, 314, 316, -1,
      315, 316, 296, -1,
      296, 316, 317, -1,
      296, 317, 297, -1,
      303, 318, 304, -1,
      304, 318, 319, -1,
      304, 319, 320, -1,
      320, 319, 321, -1,
      320, 321, 322, -1,
      322, 321, 323, -1,
      322, 323, 324, -1,
      324, 323, 325, -1,
      324, 325, 326, -1,
      326, 325, 327, -1,
      326, 327, 328, -1,
      328, 327, 329, -1,
      328, 329, 330, -1,
      330, 329, 331, -1,
      330, 331, 332, -1,
      332, 331, 333, -1,
      332, 333, 334, -1,
      334, 333, 335, -1,
      334, 335, 336, -1,
      336, 335, 337, -1,
      336, 337, 338, -1,
      338, 337, 339, -1,
      338, 339, 340, -1,
      340, 339, 341, -1,
      340, 341, 342, -1,
      342, 341, 343, -1,
      342, 343, 344, -1,
      344, 343, 345, -1,
      344, 345, 346, -1,
      346, 345, 347, -1,
      346, 347, 348, -1,
      348, 347, 349, -1,
      348, 349, 350, -1,
      350, 349, 351, -1,
      350, 351, 279, -1,
      279, 351, 352, -1,
      279, 352, 280, -1,
      353, 354, 355, -1,
      355, 354, 356, -1,
      355, 356, 357, -1,
      357, 356, 358, -1,
      357, 358, 359, -1,
      359, 358, 360, -1,
      359, 360, 361, -1,
      361, 360, 362, -1,
      361, 362, 363, -1,
      363, 362, 364, -1,
      363, 364, 365, -1,
      366, 367, 368, -1,
      368, 367, 369, -1,
      368, 369, 370, -1,
      370, 369, 371, -1,
      370, 371, 372, -1,
      372, 371, 373, -1,
      372, 373, 374, -1,
      374, 373, 375, -1,
      374, 375, 376, -1,
      376, 375, 377, -1,
      376, 377, 378, -1,
      378, 377, 379, -1,
      378, 379, 380, -1,
      380, 379, 381, -1,
      380, 381, 382, -1,
      382, 381, 383, -1,
      382, 383, 384, -1,
      384, 383, 385, -1,
      384, 385, 386, -1,
      386, 385, 387, -1,
      386, 387, 388, -1,
      388, 387, 389, -1,
      388, 389, 390, -1,
      390, 389, 391, -1,
      390, 391, 392, -1,
      392, 391, 393, -1,
      392, 393, 394, -1,
      394, 393, 395, -1,
      394, 395, 353, -1,
      353, 395, 396, -1,
      353, 396, 354, -1,
      397, 398, 399, -1,
      399, 398, 400, -1,
      399, 400, 401, -1,
      401, 400, 402, -1,
      401, 402, 403, -1,
      403, 402, 404, -1,
      403, 404, 405, -1,
      405, 404, 406, -1,
      405, 406, 407, -1,
      407, 406, 408, -1,
      407, 408, 409, -1,
      409, 408, 410, -1,
      409, 410, 411, -1,
      411, 410, 412, -1,
      411, 412, 366, -1,
      366, 412, 413, -1,
      366, 413, 367, -1,
      364, 414, 365, -1,
      365, 414, 415, -1,
      365, 415, 416, -1,
      416, 415, 417, -1,
      416, 417, 418, -1,
      418, 417, 419, -1,
      418, 419, 420, -1,
      420, 419, 421, -1,
      420, 421, 422, -1,
      422, 421, 423, -1,
      422, 423, 424, -1,
      424, 423, 425, -1,
      424, 425, 397, -1,
      397, 425, 426, -1,
      397, 426, 398, -1,
      345, 343, 377, -1,
      377, 343, 379, -1,
      345, 377, 375, -1,
      345, 375, 347, -1,
      347, 375, 373, -1,
      347, 373, 349, -1,
      349, 373, 371, -1,
      349, 371, 351, -1,
      351, 371, 369, -1,
      351, 369, 352, -1,
      352, 369, 367, -1,
      352, 367, 280, -1,
      280, 367, 413, -1,
      280, 413, 282, -1,
      282, 413, 412, -1,
      282, 412, 284, -1,
      284, 412, 410, -1,
      284, 410, 286, -1,
      286, 410, 408, -1,
      286, 408, 288, -1,
      288, 408, 406, -1,
      288, 406, 290, -1,
      290, 406, 404, -1,
      290, 404, 292, -1,
      292, 404, 402, -1,
      292, 402, 294, -1,
      294, 402, 400, -1,
      294, 400, 305, -1,
      305, 400, 398, -1,
      305, 398, 306, -1,
      306, 398, 426, -1,
      306, 426, 308, -1,
      308, 426, 425, -1,
      308, 425, 310, -1,
      310, 425, 423, -1,
      310, 423, 312, -1,
      312, 423, 421, -1,
      312, 421, 314, -1,
      314, 421, 419, -1,
      314, 419, 316, -1,
      316, 419, 417, -1,
      316, 417, 317, -1,
      317, 417, 415, -1,
      317, 415, 297, -1,
      297, 415, 414, -1,
      297, 414, 299, -1,
      299, 414, 364, -1,
      299, 364, 301, -1,
      301, 364, 362, -1,
      301, 362, 303, -1,
      303, 362, 360, -1,
      303, 360, 318, -1,
      318, 360, 358, -1,
      318, 358, 319, -1,
      319, 358, 356, -1,
      319, 356, 321, -1,
      321, 356, 354, -1,
      321, 354, 323, -1,
      323, 354, 396, -1,
      323, 396, 325, -1,
      325, 396, 395, -1,
      325, 395, 327, -1,
      327, 395, 393, -1,
      327, 393, 329, -1,
      329, 393, 391, -1,
      329, 391, 331, -1,
      331, 391, 389, -1,
      331, 389, 333, -1,
      333, 389, 387, -1,
      333, 387, 335, -1,
      335, 387, 385, -1,
      335, 385, 337, -1,
      337, 385, 383, -1,
      337, 383, 339, -1,
      341, 339, 381, -1,
      381, 339, 383, -1,
      343, 341, 379, -1,
      379, 341, 381, -1,
      338, 340, 382, -1,
      382, 340, 380, -1,
      340, 342, 380, -1,
      380, 342, 378, -1,
      342, 344, 378, -1,
      378, 344, 376, -1,
      287, 407, 409, -1,
      287, 409, 285, -1,
      285, 409, 411, -1,
      285, 411, 283, -1,
      283, 411, 366, -1,
      283, 366, 281, -1,
      281, 366, 368, -1,
      281, 368, 279, -1,
      279, 368, 370, -1,
      279, 370, 350, -1,
      350, 370, 372, -1,
      350, 372, 348, -1,
      348, 372, 374, -1,
      348, 374, 346, -1,
      346, 374, 376, -1,
      346, 376, 344, -1,
      313, 420, 422, -1,
      313, 422, 311, -1,
      311, 422, 424, -1,
      311, 424, 309, -1,
      309, 424, 397, -1,
      309, 397, 307, -1,
      307, 397, 399, -1,
      307, 399, 295, -1,
      295, 399, 401, -1,
      295, 401, 293, -1,
      293, 401, 403, -1,
      293, 403, 291, -1,
      291, 403, 405, -1,
      291, 405, 289, -1,
      289, 405, 407, -1,
      289, 407, 287, -1,
      322, 355, 357, -1,
      322, 357, 320, -1,
      320, 357, 359, -1,
      320, 359, 304, -1,
      304, 359, 361, -1,
      304, 361, 302, -1,
      302, 361, 363, -1,
      302, 363, 300, -1,
      300, 363, 365, -1,
      300, 365, 298, -1,
      298, 365, 416, -1,
      298, 416, 296, -1,
      296, 416, 418, -1,
      296, 418, 315, -1,
      315, 418, 420, -1,
      315, 420, 313, -1,
      338, 382, 384, -1,
      338, 384, 336, -1,
      336, 384, 386, -1,
      336, 386, 334, -1,
      334, 386, 388, -1,
      334, 388, 332, -1,
      332, 388, 390, -1,
      332, 390, 330, -1,
      330, 390, 392, -1,
      330, 392, 328, -1,
      328, 392, 394, -1,
      328, 394, 326, -1,
      326, 394, 353, -1,
      326, 353, 324, -1,
      324, 353, 355, -1,
      324, 355, 322, -1,
      427, 428, 429, -1,
      429, 428, 430, -1,
      431, 432, 427, -1,
      427, 432, 433, -1,
      427, 433, 428, -1,
      428, 433, 434, -1,
      431, 435, 432, -1,
      432, 435, 436, -1,
      432, 436, 437, -1,
      437, 436, 438, -1,
      437, 438, 439, -1,
      439, 440, 437, -1,
      437, 440, 429, -1,
      437, 429, 441, -1,
      441, 429, 430, -1,
      441, 430, 442, -1,
      443, 444, 445, -1,
      445, 444, 446, -1,
      447, 448, 446, -1,
      446, 448, 449, -1,
      446, 449, 445, -1,
      445, 449, 450, -1,
      447, 451, 448, -1,
      448, 451, 452, -1,
      448, 452, 453, -1,
      453, 452, 454, -1,
      453, 454, 455, -1,
      455, 456, 453, -1,
      453, 456, 444, -1,
      453, 444, 457, -1,
      457, 444, 443, -1,
      457, 443, 458, -1,
      437, 441, 448, -1,
      448, 441, 449, -1,
      432, 437, 453, -1,
      453, 437, 448, -1,
      433, 432, 457, -1,
      457, 432, 453, -1,
      434, 433, 458, -1,
      458, 433, 457, -1,
      428, 434, 443, -1,
      443, 434, 458, -1,
      430, 428, 445, -1,
      445, 428, 443, -1,
      442, 430, 450, -1,
      450, 430, 445, -1,
      441, 442, 449, -1,
      449, 442, 450, -1,
      427, 429, 444, -1,
      444, 429, 446, -1,
      429, 440, 446, -1,
      446, 440, 447, -1,
      438, 452, 451, -1,
      438, 451, 439, -1,
      439, 451, 447, -1,
      439, 447, 440, -1,
      438, 436, 452, -1,
      452, 436, 454, -1,
      431, 456, 455, -1,
      431, 455, 435, -1,
      435, 455, 454, -1,
      435, 454, 436, -1,
      431, 427, 456, -1,
      456, 427, 444, -1,
      459, 460, 461, -1,
      461, 460, 462, -1,
      463, 459, 464, -1,
      464, 459, 461, -1,
      465, 463, 466, -1,
      466, 463, 464, -1,
      467, 465, 468, -1,
      468, 465, 466, -1,
      469, 467, 470, -1,
      470, 467, 468, -1,
      471, 469, 472, -1,
      472, 469, 470, -1,
      473, 471, 474, -1,
      474, 471, 472, -1,
      475, 473, 476, -1,
      476, 473, 474, -1,
      477, 475, 478, -1,
      478, 475, 476, -1,
      479, 477, 480, -1,
      480, 477, 478, -1,
      481, 479, 482, -1,
      482, 479, 480, -1,
      460, 481, 462, -1,
      462, 481, 482, -1,
      481, 460, 459, -1,
      459, 463, 481, -1,
      481, 463, 465, -1,
      481, 465, 479, -1,
      475, 477, 473, -1,
      473, 477, 479, -1,
      473, 479, 471, -1,
      471, 479, 465, -1,
      471, 465, 469, -1,
      469, 465, 467, -1,
      480, 478, 476, -1,
      476, 474, 480, -1,
      480, 474, 472, -1,
      480, 472, 482, -1,
      461, 462, 464, -1,
      464, 462, 482, -1,
      464, 482, 466, -1,
      466, 482, 472, -1,
      466, 472, 468, -1,
      468, 472, 470, -1,
      483, 484, 485, -1,
      485, 484, 486, -1,
      487, 488, 489, -1,
      489, 488, 490, -1,
      489, 490, 491, -1,
      491, 490, 492, -1,
      491, 492, 493, -1,
      494, 495, 496, -1,
      497, 498, 499, -1,
      500, 501, 487, -1,
      487, 501, 502, -1,
      487, 502, 488, -1,
      494, 503, 495, -1,
      495, 503, 504, -1,
      495, 504, 505, -1,
      505, 504, 506, -1,
      505, 506, 507, -1,
      483, 485, 508, -1,
      508, 485, 509, -1,
      508, 509, 510, -1,
      511, 512, 513, -1,
      513, 512, 499, -1,
      513, 499, 514, -1,
      514, 499, 498, -1,
      515, 516, 517, -1,
      518, 519, 520, -1,
      520, 519, 521, -1,
      520, 521, 516, -1,
      516, 521, 522, -1,
      516, 522, 517, -1,
      510, 523, 508, -1,
      508, 523, 524, -1,
      508, 524, 525, -1,
      525, 524, 526, -1,
      525, 526, 496, -1,
      496, 526, 527, -1,
      496, 527, 494, -1,
      528, 529, 530, -1,
      530, 529, 531, -1,
      530, 531, 532, -1,
      532, 531, 533, -1,
      532, 533, 500, -1,
      500, 533, 534, -1,
      500, 534, 501, -1,
      535, 536, 499, -1,
      499, 536, 537, -1,
      499, 537, 497, -1,
      538, 535, 528, -1,
      528, 535, 539, -1,
      528, 539, 529, -1,
      486, 536, 485, -1,
      485, 536, 535, -1,
      485, 535, 540, -1,
      540, 535, 538, -1,
      541, 542, 543, -1,
      543, 542, 544, -1,
      543, 544, 545, -1,
      545, 544, 546, -1,
      545, 546, 547, -1,
      517, 548, 515, -1,
      515, 548, 549, -1,
      515, 549, 541, -1,
      541, 549, 550, -1,
      541, 550, 542, -1,
      506, 551, 507, -1,
      507, 551, 552, -1,
      507, 552, 553, -1,
      553, 552, 554, -1,
      553, 554, 555, -1,
      492, 556, 493, -1,
      493, 556, 557, -1,
      493, 557, 558, -1,
      558, 557, 559, -1,
      558, 559, 560, -1,
      560, 559, 561, -1,
      560, 561, 562, -1,
      562, 561, 563, -1,
      562, 563, 564, -1,
      564, 563, 565, -1,
      564, 565, 566, -1,
      566, 565, 567, -1,
      566, 567, 568, -1,
      568, 567, 569, -1,
      568, 569, 570, -1,
      570, 569, 571, -1,
      570, 571, 572, -1,
      572, 571, 573, -1,
      572, 573, 574, -1,
      574, 573, 575, -1,
      574, 575, 576, -1,
      554, 577, 555, -1,
      555, 577, 578, -1,
      555, 578, 518, -1,
      518, 578, 579, -1,
      518, 579, 519, -1,
      514, 580, 513, -1,
      513, 580, 581, -1,
      513, 581, 582, -1,
      582, 581, 583, -1,
      582, 583, 584, -1,
      585, 586, 587, -1,
      587, 586, 588, -1,
      587, 588, 589, -1,
      589, 588, 590, -1,
      589, 590, 591, -1,
      590, 592, 591, -1,
      591, 592, 593, -1,
      591, 593, 594, -1,
      594, 593, 595, -1,
      594, 595, 596, -1,
      596, 595, 584, -1,
      596, 584, 597, -1,
      597, 584, 583, -1,
      546, 598, 547, -1,
      547, 598, 599, -1,
      547, 599, 600, -1,
      600, 599, 601, -1,
      600, 601, 602, -1,
      602, 601, 603, -1,
      602, 603, 585, -1,
      585, 603, 604, -1,
      585, 604, 586, -1,
      605, 606, 607, -1,
      608, 609, 610, -1,
      611, 612, 613, -1,
      613, 612, 614, -1,
      613, 614, 615, -1,
      616, 617, 618, -1,
      619, 620, 621, -1,
      622, 623, 611, -1,
      611, 623, 624, -1,
      611, 624, 612, -1,
      625, 626, 627, -1,
      627, 626, 628, -1,
      627, 628, 622, -1,
      622, 628, 629, -1,
      622, 629, 623, -1,
      630, 631, 617, -1,
      617, 631, 632, -1,
      617, 632, 618, -1,
      608, 633, 609, -1,
      609, 633, 634, -1,
      609, 634, 635, -1,
      635, 634, 636, -1,
      635, 636, 637, -1,
      637, 636, 638, -1,
      637, 638, 639, -1,
      640, 641, 642, -1,
      642, 641, 643, -1,
      642, 643, 644, -1,
      644, 643, 645, -1,
      644, 645, 610, -1,
      610, 645, 646, -1,
      610, 646, 608, -1,
      647, 619, 648, -1,
      648, 619, 621, -1,
      648, 621, 649, -1,
      649, 621, 650, -1,
      618, 651, 616, -1,
      616, 651, 652, -1,
      616, 652, 653, -1,
      653, 652, 654, -1,
      653, 654, 655, -1,
      655, 654, 656, -1,
      655, 656, 657, -1,
      657, 656, 658, -1,
      657, 658, 659, -1,
      659, 658, 660, -1,
      661, 662, 625, -1,
      625, 662, 663, -1,
      625, 663, 626, -1,
      664, 665, 661, -1,
      661, 665, 666, -1,
      661, 666, 662, -1,
      614, 667, 615, -1,
      615, 667, 668, -1,
      615, 668, 669, -1,
      669, 668, 670, -1,
      669, 670, 630, -1,
      630, 670, 671, -1,
      630, 671, 631, -1,
      672, 673, 674, -1,
      674, 673, 621, -1,
      674, 621, 675, -1,
      675, 621, 620, -1,
      638, 676, 639, -1,
      639, 676, 677, -1,
      639, 677, 678, -1,
      678, 677, 679, -1,
      678, 679, 680, -1,
      680, 679, 673, -1,
      680, 673, 681, -1,
      681, 673, 682, -1,
      682, 673, 672, -1,
      682, 672, 660, -1,
      660, 672, 683, -1,
      660, 683, 659, -1,
      605, 607, 684, -1,
      684, 607, 685, -1,
      684, 685, 686, -1,
      686, 685, 687, -1,
      686, 687, 688, -1,
      688, 687, 689, -1,
      688, 689, 690, -1,
      690, 689, 691, -1,
      690, 691, 692, -1,
      692, 691, 693, -1,
      692, 693, 694, -1,
      694, 693, 695, -1,
      694, 695, 696, -1,
      696, 695, 697, -1,
      696, 697, 640, -1,
      640, 697, 698, -1,
      640, 698, 641, -1,
      699, 700, 701, -1,
      701, 700, 702, -1,
      701, 702, 703, -1,
      703, 702, 704, -1,
      703, 704, 705, -1,
      705, 704, 706, -1,
      705, 706, 707, -1,
      708, 709, 710, -1,
      710, 709, 711, -1,
      710, 711, 712, -1,
      712, 711, 713, -1,
      712, 713, 664, -1,
      664, 713, 714, -1,
      664, 714, 665, -1,
      706, 715, 707, -1,
      707, 715, 716, -1,
      707, 716, 717, -1,
      717, 716, 718, -1,
      717, 718, 719, -1,
      719, 718, 720, -1,
      719, 720, 708, -1,
      708, 720, 721, -1,
      708, 721, 709, -1,
      701, 722, 699, -1,
      699, 722, 723, -1,
      699, 723, 724, -1,
      724, 723, 725, -1,
      724, 725, 648, -1,
      648, 725, 726, -1,
      648, 726, 647, -1,
      561, 697, 695, -1,
      561, 695, 563, -1,
      563, 695, 693, -1,
      563, 693, 565, -1,
      565, 693, 691, -1,
      565, 691, 567, -1,
      567, 691, 689, -1,
      567, 689, 569, -1,
      569, 689, 687, -1,
      569, 687, 571, -1,
      571, 687, 685, -1,
      571, 685, 573, -1,
      573, 685, 607, -1,
      573, 607, 575, -1,
      576, 575, 606, -1,
      606, 575, 607, -1,
      576, 606, 605, -1,
      576, 605, 574, -1,
      574, 605, 684, -1,
      574, 684, 572, -1,
      572, 684, 686, -1,
      572, 686, 570, -1,
      570, 686, 688, -1,
      570, 688, 568, -1,
      568, 688, 690, -1,
      568, 690, 566, -1,
      566, 690, 692, -1,
      566, 692, 564, -1,
      564, 692, 694, -1,
      564, 694, 562, -1,
      562, 694, 696, -1,
      562, 696, 560, -1,
      560, 696, 640, -1,
      560, 640, 558, -1,
      558, 640, 642, -1,
      558, 642, 493, -1,
      493, 642, 644, -1,
      493, 644, 491, -1,
      491, 644, 610, -1,
      491, 610, 489, -1,
      489, 610, 609, -1,
      489, 609, 487, -1,
      487, 609, 635, -1,
      487, 635, 500, -1,
      500, 635, 637, -1,
      500, 637, 532, -1,
      532, 637, 639, -1,
      532, 639, 530, -1,
      530, 639, 678, -1,
      530, 678, 528, -1,
      528, 678, 680, -1,
      528, 680, 538, -1,
      538, 680, 681, -1,
      538, 681, 540, -1,
      540, 681, 682, -1,
      540, 682, 485, -1,
      509, 485, 660, -1,
      660, 485, 682, -1,
      509, 660, 658, -1,
      509, 658, 510, -1,
      510, 658, 656, -1,
      510, 656, 523, -1,
      523, 656, 654, -1,
      523, 654, 524, -1,
      524, 654, 652, -1,
      524, 652, 526, -1,
      526, 652, 651, -1,
      526, 651, 527, -1,
      527, 651, 618, -1,
      527, 618, 494, -1,
      494, 618, 632, -1,
      494, 632, 503, -1,
      503, 632, 631, -1,
      503, 631, 504, -1,
      504, 631, 671, -1,
      504, 671, 506, -1,
      506, 671, 670, -1,
      506, 670, 551, -1,
      551, 670, 668, -1,
      551, 668, 552, -1,
      552, 668, 667, -1,
      552, 667, 554, -1,
      554, 667, 614, -1,
      554, 614, 577, -1,
      577, 614, 612, -1,
      577, 612, 578, -1,
      578, 612, 624, -1,
      578, 624, 579, -1,
      579, 624, 623, -1,
      579, 623, 519, -1,
      519, 623, 629, -1,
      519, 629, 521, -1,
      521, 629, 628, -1,
      521, 628, 522, -1,
      522, 628, 626, -1,
      522, 626, 517, -1,
      517, 626, 663, -1,
      517, 663, 548, -1,
      548, 663, 662, -1,
      548, 662, 549, -1,
      549, 662, 666, -1,
      549, 666, 550, -1,
      550, 666, 665, -1,
      550, 665, 542, -1,
      542, 665, 714, -1,
      542, 714, 544, -1,
      544, 714, 713, -1,
      544, 713, 546, -1,
      546, 713, 711, -1,
      546, 711, 598, -1,
      598, 711, 709, -1,
      598, 709, 599, -1,
      599, 709, 721, -1,
      599, 721, 601, -1,
      601, 721, 720, -1,
      601, 720, 603, -1,
      603, 720, 718, -1,
      603, 718, 604, -1,
      604, 718, 716, -1,
      604, 716, 586, -1,
      586, 716, 715, -1,
      586, 715, 588, -1,
      588, 715, 706, -1,
      588, 706, 590, -1,
      590, 706, 704, -1,
      590, 704, 592, -1,
      592, 704, 702, -1,
      592, 702, 593, -1,
      593, 702, 700, -1,
      593, 700, 595, -1,
      595, 700, 699, -1,
      595, 699, 584, -1,
      584, 699, 724, -1,
      584, 724, 582, -1,
      513, 582, 648, -1,
      648, 582, 724, -1,
      511, 513, 649, -1,
      649, 513, 648, -1,
      512, 511, 650, -1,
      650, 511, 649, -1,
      499, 512, 621, -1,
      621, 512, 650, -1,
      499, 621, 673, -1,
      499, 673, 535, -1,
      535, 673, 679, -1,
      535, 679, 539, -1,
      539, 679, 677, -1,
      539, 677, 529, -1,
      529, 677, 676, -1,
      529, 676, 531, -1,
      531, 676, 638, -1,
      531, 638, 533, -1,
      533, 638, 636, -1,
      533, 636, 534, -1,
      534, 636, 634, -1,
      534, 634, 501, -1,
      501, 634, 633, -1,
      501, 633, 502, -1,
      502, 633, 608, -1,
      502, 608, 488, -1,
      488, 608, 646, -1,
      488, 646, 490, -1,
      490, 646, 645, -1,
      490, 645, 492, -1,
      492, 645, 643, -1,
      492, 643, 556, -1,
      556, 643, 641, -1,
      556, 641, 557, -1,
      557, 641, 698, -1,
      557, 698, 559, -1,
      559, 698, 697, -1,
      559, 697, 561, -1,
      496, 616, 653, -1,
      496, 653, 525, -1,
      525, 653, 655, -1,
      525, 655, 508, -1,
      508, 655, 657, -1,
      508, 657, 483, -1,
      483, 657, 659, -1,
      483, 659, 484, -1,
      484, 659, 683, -1,
      484, 683, 486, -1,
      555, 613, 615, -1,
      555, 615, 553, -1,
      553, 615, 669, -1,
      553, 669, 507, -1,
      507, 669, 630, -1,
      507, 630, 505, -1,
      505, 630, 617, -1,
      505, 617, 495, -1,
      495, 617, 616, -1,
      495, 616, 496, -1,
      541, 661, 625, -1,
      541, 625, 515, -1,
      515, 625, 627, -1,
      515, 627, 516, -1,
      516, 627, 622, -1,
      516, 622, 520, -1,
      520, 622, 611, -1,
      520, 611, 518, -1,
      518, 611, 613, -1,
      518, 613, 555, -1,
      602, 719, 708, -1,
      602, 708, 600, -1,
      600, 708, 710, -1,
      600, 710, 547, -1,
      547, 710, 712, -1,
      547, 712, 545, -1,
      545, 712, 664, -1,
      545, 664, 543, -1,
      543, 664, 661, -1,
      543, 661, 541, -1,
      597, 723, 722, -1,
      597, 722, 596, -1,
      596, 722, 701, -1,
      596, 701, 594, -1,
      594, 701, 703, -1,
      594, 703, 591, -1,
      591, 703, 705, -1,
      591, 705, 589, -1,
      589, 705, 707, -1,
      589, 707, 587, -1,
      587, 707, 717, -1,
      587, 717, 585, -1,
      585, 717, 719, -1,
      585, 719, 602, -1,
      537, 674, 675, -1,
      537, 675, 497, -1,
      497, 675, 620, -1,
      497, 620, 498, -1,
      498, 620, 619, -1,
      498, 619, 514, -1,
      514, 619, 647, -1,
      514, 647, 580, -1,
      580, 647, 726, -1,
      580, 726, 581, -1,
      581, 726, 725, -1,
      581, 725, 583, -1,
      583, 725, 723, -1,
      583, 723, 597, -1,
      537, 536, 674, -1,
      674, 536, 672, -1,
      536, 486, 672, -1,
      672, 486, 683, -1,
      727, 728, 729, -1,
      727, 729, 730, -1,
      730, 729, 731, -1,
      730, 731, 732, -1,
      732, 731, 733, -1,
      732, 733, 734, -1,
      734, 733, 735, -1,
      734, 735, 736, -1,
      736, 735, 737, -1,
      736, 737, 738, -1,
      738, 737, 739, -1,
      738, 739, 740, -1,
      740, 739, 741, -1,
      740, 741, 742, -1,
      743, 742, 744, -1,
      744, 742, 741, -1,
      743, 744, 745, -1,
      743, 745, 746, -1,
      746, 745, 747, -1,
      746, 747, 748, -1,
      748, 747, 749, -1,
      748, 749, 750, -1,
      750, 749, 751, -1,
      750, 751, 752, -1,
      752, 751, 753, -1,
      752, 753, 754, -1,
      754, 753, 755, -1,
      754, 755, 756, -1,
      756, 755, 757, -1,
      756, 757, 758, -1,
      758, 757, 759, -1,
      758, 759, 760, -1,
      760, 759, 761, -1,
      760, 761, 762, -1,
      762, 761, 763, -1,
      762, 763, 764, -1,
      764, 763, 765, -1,
      764, 765, 766, -1,
      766, 765, 767, -1,
      766, 767, 768, -1,
      768, 767, 769, -1,
      768, 769, 770, -1,
      770, 769, 771, -1,
      770, 771, 772, -1,
      772, 771, 773, -1,
      772, 773, 774, -1,
      774, 773, 775, -1,
      774, 775, 776, -1,
      776, 775, 777, -1,
      776, 777, 778, -1,
      778, 777, 779, -1,
      778, 779, 780, -1,
      780, 779, 781, -1,
      780, 781, 782, -1,
      782, 781, 783, -1,
      782, 783, 784, -1,
      784, 783, 785, -1,
      784, 785, 786, -1,
      786, 785, 787, -1,
      786, 787, 788, -1,
      788, 787, 789, -1,
      788, 789, 790, -1,
      790, 789, 791, -1,
      790, 791, 792, -1,
      792, 791, 793, -1,
      792, 793, 794, -1,
      794, 793, 795, -1,
      794, 795, 796, -1,
      796, 795, 797, -1,
      796, 797, 798, -1,
      798, 797, 799, -1,
      798, 799, 800, -1,
      800, 799, 801, -1,
      800, 801, 802, -1,
      802, 801, 803, -1,
      802, 803, 804, -1,
      804, 803, 805, -1,
      804, 805, 806, -1,
      806, 805, 807, -1,
      806, 807, 808, -1,
      808, 807, 809, -1,
      808, 809, 810, -1,
      810, 809, 811, -1,
      810, 811, 812, -1,
      812, 811, 813, -1,
      812, 813, 814, -1,
      814, 813, 815, -1,
      814, 815, 816, -1,
      816, 815, 817, -1,
      816, 817, 818, -1,
      818, 817, 819, -1,
      818, 819, 820, -1,
      820, 819, 821, -1,
      820, 821, 822, -1,
      822, 821, 823, -1,
      822, 823, 824, -1,
      824, 823, 825, -1,
      824, 825, 826, -1,
      826, 825, 827, -1,
      826, 827, 828, -1,
      828, 827, 829, -1,
      828, 829, 830, -1,
      830, 829, 831, -1,
      830, 831, 832, -1,
      832, 831, 833, -1,
      832, 833, 834, -1,
      834, 833, 835, -1,
      834, 835, 836, -1,
      836, 835, 837, -1,
      836, 837, 838, -1,
      838, 837, 839, -1,
      838, 839, 840, -1,
      840, 839, 841, -1,
      840, 841, 842, -1,
      842, 841, 843, -1,
      842, 843, 844, -1,
      844, 843, 845, -1,
      844, 845, 846, -1,
      846, 845, 847, -1,
      846, 847, 848, -1,
      848, 847, 849, -1,
      848, 849, 850, -1,
      850, 849, 851, -1,
      850, 851, 852, -1,
      852, 851, 853, -1,
      852, 853, 854, -1,
      854, 853, 855, -1,
      854, 855, 856, -1,
      856, 855, 857, -1,
      856, 857, 858, -1,
      858, 857, 859, -1,
      858, 859, 860, -1,
      860, 859, 861, -1,
      860, 861, 862, -1,
      863, 862, 864, -1,
      864, 862, 861, -1,
      863, 864, 865, -1,
      863, 865, 866, -1,
      866, 865, 867, -1,
      866, 867, 868, -1,
      868, 867, 869, -1,
      868, 869, 870, -1,
      870, 869, 871, -1,
      870, 871, 872, -1,
      872, 871, 873, -1,
      872, 873, 874, -1,
      874, 873, 875, -1,
      874, 875, 876, -1,
      876, 875, 877, -1,
      876, 877, 878, -1,
      878, 877, 879, -1,
      878, 879, 880, -1,
      880, 879, 881, -1,
      880, 881, 882, -1,
      882, 881, 883, -1,
      882, 883, 884, -1,
      884, 883, 885, -1,
      884, 885, 886, -1,
      886, 885, 887, -1,
      886, 887, 888, -1,
      888, 887, 889, -1,
      888, 889, 890, -1,
      890, 889, 891, -1,
      890, 891, 892, -1,
      892, 891, 893, -1,
      892, 893, 894, -1,
      894, 893, 895, -1,
      894, 895, 896, -1,
      896, 895, 897, -1,
      896, 897, 898, -1,
      898, 897, 899, -1,
      898, 899, 900, -1,
      900, 899, 901, -1,
      900, 901, 902, -1,
      902, 901, 903, -1,
      902, 903, 904, -1,
      904, 903, 905, -1,
      904, 905, 906, -1,
      906, 905, 907, -1,
      906, 907, 908, -1,
      908, 907, 909, -1,
      908, 909, 910, -1,
      910, 909, 911, -1,
      910, 911, 912, -1,
      912, 911, 913, -1,
      912, 913, 914, -1,
      914, 913, 915, -1,
      914, 915, 916, -1,
      916, 915, 917, -1,
      916, 917, 918, -1,
      918, 917, 919, -1,
      918, 919, 920, -1,
      920, 919, 921, -1,
      920, 921, 922, -1,
      922, 921, 923, -1,
      922, 923, 924, -1,
      924, 923, 925, -1,
      924, 925, 926, -1,
      926, 925, 927, -1,
      926, 927, 928, -1,
      928, 927, 929, -1,
      928, 929, 930, -1,
      930, 929, 931, -1,
      930, 931, 932, -1,
      932, 931, 933, -1,
      932, 933, 934, -1,
      934, 933, 935, -1,
      934, 935, 936, -1,
      936, 935, 937, -1,
      936, 937, 938, -1,
      938, 937, 939, -1,
      938, 939, 940, -1,
      940, 939, 941, -1,
      940, 941, 942, -1,
      942, 941, 943, -1,
      942, 943, 944, -1,
      944, 943, 945, -1,
      944, 945, 946, -1,
      946, 945, 947, -1,
      946, 947, 948, -1,
      948, 947, 949, -1,
      948, 949, 950, -1,
      950, 949, 951, -1,
      950, 951, 952, -1,
      952, 951, 953, -1,
      952, 953, 954, -1,
      954, 953, 955, -1,
      954, 955, 956, -1,
      956, 955, 957, -1,
      956, 957, 958, -1,
      958, 957, 959, -1,
      958, 959, 960, -1,
      960, 959, 961, -1,
      960, 961, 962, -1,
      962, 961, 728, -1,
      962, 728, 727, -1,
      740, 742, 743, -1,
      860, 862, 863, -1,
      770, 772, 952, -1,
      952, 772, 950, -1,
      772, 774, 950, -1,
      950, 774, 776, -1,
      950, 776, 948, -1,
      948, 776, 778, -1,
      948, 778, 946, -1,
      834, 894, 832, -1,
      832, 894, 896, -1,
      832, 896, 830, -1,
      836, 890, 834, -1,
      834, 890, 892, -1,
      834, 892, 894, -1,
      794, 938, 792, -1,
      792, 938, 940, -1,
      910, 822, 824, -1,
      770, 952, 768, -1,
      768, 952, 954, -1,
      768, 954, 766, -1,
      766, 954, 956, -1,
      766, 956, 764, -1,
      764, 956, 958, -1,
      764, 958, 762, -1,
      762, 958, 960, -1,
      762, 960, 760, -1,
      896, 898, 830, -1,
      830, 898, 900, -1,
      830, 900, 828, -1,
      910, 912, 822, -1,
      822, 912, 914, -1,
      822, 914, 820, -1,
      820, 914, 916, -1,
      820, 916, 818, -1,
      818, 916, 918, -1,
      818, 918, 816, -1,
      816, 918, 920, -1,
      816, 920, 814, -1,
      944, 786, 942, -1,
      942, 786, 788, -1,
      942, 788, 940, -1,
      940, 788, 790, -1,
      940, 790, 792, -1,
      778, 780, 946, -1,
      946, 780, 782, -1,
      946, 782, 944, -1,
      944, 782, 784, -1,
      944, 784, 786, -1,
      900, 902, 828, -1,
      828, 902, 904, -1,
      828, 904, 826, -1,
      826, 904, 906, -1,
      826, 906, 824, -1,
      824, 906, 908, -1,
      824, 908, 910, -1,
      794, 796, 938, -1,
      938, 796, 798, -1,
      938, 798, 936, -1,
      936, 798, 800, -1,
      936, 800, 934, -1,
      934, 800, 802, -1,
      934, 802, 932, -1,
      932, 802, 804, -1,
      932, 804, 930, -1,
      930, 804, 806, -1,
      930, 806, 928, -1,
      760, 960, 758, -1,
      758, 960, 962, -1,
      758, 962, 756, -1,
      756, 962, 727, -1,
      756, 727, 754, -1,
      754, 727, 730, -1,
      754, 730, 752, -1,
      752, 730, 732, -1,
      752, 732, 750, -1,
      750, 732, 734, -1,
      750, 734, 748, -1,
      748, 734, 736, -1,
      748, 736, 746, -1,
      746, 736, 743, -1,
      743, 736, 738, -1,
      743, 738, 740, -1,
      920, 922, 814, -1,
      814, 922, 924, -1,
      814, 924, 812, -1,
      812, 924, 926, -1,
      812, 926, 810, -1,
      810, 926, 928, -1,
      810, 928, 808, -1,
      808, 928, 806, -1,
      860, 863, 858, -1,
      858, 863, 866, -1,
      858, 866, 856, -1,
      856, 866, 868, -1,
      856, 868, 854, -1,
      854, 868, 870, -1,
      854, 870, 852, -1,
      852, 870, 872, -1,
      852, 872, 850, -1,
      850, 872, 874, -1,
      850, 874, 848, -1,
      848, 874, 876, -1,
      848, 876, 846, -1,
      846, 876, 878, -1,
      846, 878, 844, -1,
      844, 878, 880, -1,
      844, 880, 842, -1,
      842, 880, 882, -1,
      842, 882, 840, -1,
      840, 882, 884, -1,
      840, 884, 838, -1,
      838, 884, 886, -1,
      838, 886, 836, -1,
      836, 886, 888, -1,
      836, 888, 890, -1,
      949, 771, 951, -1,
      951, 771, 769, -1,
      951, 769, 953, -1,
      953, 769, 767, -1,
      953, 767, 955, -1,
      955, 767, 765, -1,
      955, 765, 957, -1,
      913, 821, 819, -1,
      947, 775, 949, -1,
      949, 775, 773, -1,
      949, 773, 771, -1,
      941, 939, 789, -1,
      833, 831, 893, -1,
      789, 939, 791, -1,
      791, 939, 937, -1,
      791, 937, 793, -1,
      935, 797, 937, -1,
      937, 797, 795, -1,
      937, 795, 793, -1,
      913, 911, 821, -1,
      821, 911, 909, -1,
      821, 909, 823, -1,
      823, 909, 907, -1,
      823, 907, 825, -1,
      827, 899, 829, -1,
      829, 899, 897, -1,
      829, 897, 831, -1,
      831, 897, 895, -1,
      831, 895, 893, -1,
      907, 905, 825, -1,
      825, 905, 903, -1,
      825, 903, 827, -1,
      827, 903, 901, -1,
      827, 901, 899, -1,
      943, 781, 945, -1,
      945, 781, 779, -1,
      945, 779, 947, -1,
      947, 779, 777, -1,
      947, 777, 775, -1,
      789, 787, 941, -1,
      941, 787, 785, -1,
      941, 785, 943, -1,
      943, 785, 783, -1,
      943, 783, 781, -1,
      765, 763, 957, -1,
      957, 763, 761, -1,
      957, 761, 959, -1,
      959, 761, 759, -1,
      959, 759, 961, -1,
      961, 759, 757, -1,
      961, 757, 728, -1,
      728, 757, 755, -1,
      728, 755, 729, -1,
      729, 755, 753, -1,
      729, 753, 731, -1,
      731, 753, 751, -1,
      731, 751, 733, -1,
      861, 859, 864, -1,
      864, 859, 857, -1,
      864, 857, 865, -1,
      865, 857, 855, -1,
      751, 749, 733, -1,
      733, 749, 747, -1,
      733, 747, 735, -1,
      735, 747, 745, -1,
      735, 745, 737, -1,
      737, 745, 744, -1,
      737, 744, 739, -1,
      739, 744, 741, -1,
      927, 925, 811, -1,
      811, 925, 923, -1,
      811, 923, 813, -1,
      813, 923, 921, -1,
      813, 921, 815, -1,
      815, 921, 919, -1,
      815, 919, 817, -1,
      817, 919, 917, -1,
      817, 917, 819, -1,
      819, 917, 915, -1,
      819, 915, 913, -1,
      893, 891, 833, -1,
      833, 891, 889, -1,
      833, 889, 835, -1,
      835, 889, 887, -1,
      835, 887, 837, -1,
      837, 887, 885, -1,
      837, 885, 839, -1,
      839, 885, 883, -1,
      839, 883, 841, -1,
      841, 883, 881, -1,
      841, 881, 843, -1,
      843, 881, 879, -1,
      843, 879, 845, -1,
      845, 879, 877, -1,
      845, 877, 847, -1,
      847, 877, 875, -1,
      847, 875, 849, -1,
      849, 875, 873, -1,
      849, 873, 851, -1,
      851, 873, 871, -1,
      851, 871, 853, -1,
      853, 871, 869, -1,
      853, 869, 855, -1,
      855, 869, 867, -1,
      855, 867, 865, -1,
      811, 809, 927, -1,
      927, 809, 807, -1,
      927, 807, 929, -1,
      929, 807, 805, -1,
      929, 805, 931, -1,
      931, 805, 803, -1,
      931, 803, 933, -1,
      933, 803, 801, -1,
      933, 801, 935, -1,
      935, 801, 799, -1,
      935, 799, 797, -1,
      963, 964, 965, -1,
      965, 964, 966, -1,
      967, 963, 968, -1,
      968, 963, 965, -1,
      967, 968, 969, -1,
      967, 969, 970, -1,
      970, 969, 971, -1,
      970, 971, 972, -1,
      973, 972, 974, -1,
      974, 972, 971, -1,
      975, 973, 976, -1,
      976, 973, 974, -1,
      977, 975, 978, -1,
      978, 975, 976, -1,
      979, 977, 980, -1,
      980, 977, 978, -1,
      981, 979, 982, -1,
      982, 979, 980, -1,
      983, 981, 984, -1,
      984, 981, 982, -1,
      983, 984, 985, -1,
      983, 985, 986, -1,
      986, 985, 987, -1,
      986, 987, 988, -1,
      988, 987, 989, -1,
      988, 989, 990, -1,
      990, 989, 991, -1,
      990, 991, 992, -1,
      992, 991, 993, -1,
      992, 993, 994, -1,
      994, 993, 995, -1,
      994, 995, 996, -1,
      996, 995, 997, -1,
      996, 997, 998, -1,
      998, 997, 999, -1,
      998, 999, 1000, -1,
      1000, 999, 1001, -1,
      1000, 1001, 1002, -1,
      1002, 1001, 1003, -1,
      1002, 1003, 1004, -1,
      1005, 1004, 1006, -1,
      1006, 1004, 1003, -1,
      1005, 1006, 1007, -1,
      1005, 1007, 1008, -1,
      1008, 1007, 1009, -1,
      1008, 1009, 1010, -1,
      1010, 1009, 1011, -1,
      1010, 1011, 1012, -1,
      1012, 1011, 1013, -1,
      1012, 1013, 1014, -1,
      1014, 1013, 1015, -1,
      1014, 1015, 1016, -1,
      1016, 1015, 1017, -1,
      1016, 1017, 1018, -1,
      1018, 1017, 1019, -1,
      1018, 1019, 1020, -1,
      1020, 1019, 1021, -1,
      1020, 1021, 1022, -1,
      1022, 1021, 1023, -1,
      1022, 1023, 1024, -1,
      1024, 1023, 1025, -1,
      1024, 1025, 1026, -1,
      1026, 1025, 1027, -1,
      1026, 1027, 1028, -1,
      1028, 1027, 1029, -1,
      1028, 1029, 1030, -1,
      1030, 1029, 1031, -1,
      1030, 1031, 1032, -1,
      1032, 1031, 1033, -1,
      1032, 1033, 1034, -1,
      964, 1034, 966, -1,
      966, 1034, 1033, -1,
      970, 972, 1034, -1,
      964, 963, 1034, -1,
      1034, 963, 967, -1,
      1034, 967, 970, -1,
      977, 979, 975, -1,
      975, 979, 981, -1,
      975, 981, 973, -1,
      988, 990, 1022, -1,
      1022, 990, 1020, -1,
      1020, 990, 992, -1,
      1020, 992, 1018, -1,
      1018, 992, 994, -1,
      1018, 994, 1016, -1,
      1016, 994, 1014, -1,
      1014, 994, 996, -1,
      1014, 996, 1012, -1,
      1012, 996, 998, -1,
      1012, 998, 1010, -1,
      1022, 1024, 988, -1,
      988, 1024, 1026, -1,
      988, 1026, 986, -1,
      986, 1026, 1028, -1,
      986, 1028, 983, -1,
      1010, 998, 1008, -1,
      1008, 998, 1000, -1,
      1008, 1000, 1005, -1,
      1005, 1000, 1002, -1,
      1005, 1002, 1004, -1,
      1028, 1030, 983, -1,
      983, 1030, 1032, -1,
      983, 1032, 981, -1,
      981, 1032, 1034, -1,
      981, 1034, 973, -1,
      973, 1034, 972, -1,
      995, 993, 1015, -1,
      982, 980, 978, -1,
      965, 966, 968, -1,
      968, 966, 1033, -1,
      1015, 993, 1017, -1,
      1017, 993, 991, -1,
      1017, 991, 1019, -1,
      1015, 1013, 995, -1,
      995, 1013, 1011, -1,
      995, 1011, 997, -1,
      997, 1011, 1009, -1,
      997, 1009, 999, -1,
      999, 1009, 1007, -1,
      999, 1007, 1001, -1,
      1001, 1007, 1006, -1,
      1001, 1006, 1003, -1,
      1019, 991, 1021, -1,
      1021, 991, 989, -1,
      1021, 989, 1023, -1,
      1023, 989, 987, -1,
      1023, 987, 1025, -1,
      1025, 987, 985, -1,
      1025, 985, 1027, -1,
      1027, 985, 1029, -1,
      1029, 985, 984, -1,
      1029, 984, 1031, -1,
      974, 971, 1033, -1,
      1033, 971, 969, -1,
      1033, 969, 968, -1,
      978, 976, 982, -1,
      982, 976, 974, -1,
      982, 974, 984, -1,
      984, 974, 1033, -1,
      984, 1033, 1031, -1,
      1035, 1036, 1037, -1,
      1037, 1036, 1038, -1,
      1039, 1035, 1040, -1,
      1040, 1035, 1037, -1,
      1041, 1039, 1042, -1,
      1042, 1039, 1040, -1,
      1043, 1041, 1044, -1,
      1044, 1041, 1042, -1,
      1045, 1043, 1046, -1,
      1046, 1043, 1044, -1,
      1047, 1045, 1048, -1,
      1048, 1045, 1046, -1,
      1049, 1047, 1050, -1,
      1050, 1047, 1048, -1,
      1051, 1049, 1052, -1,
      1052, 1049, 1050, -1,
      1053, 1051, 1054, -1,
      1054, 1051, 1052, -1,
      1055, 1053, 1056, -1,
      1056, 1053, 1054, -1,
      1057, 1055, 1058, -1,
      1058, 1055, 1056, -1,
      1036, 1057, 1038, -1,
      1038, 1057, 1058, -1,
      1057, 1036, 1035, -1,
      1035, 1039, 1057, -1,
      1057, 1039, 1041, -1,
      1057, 1041, 1055, -1,
      1051, 1053, 1049, -1,
      1049, 1053, 1055, -1,
      1049, 1055, 1047, -1,
      1047, 1055, 1041, -1,
      1047, 1041, 1045, -1,
      1045, 1041, 1043, -1,
      1056, 1054, 1052, -1,
      1052, 1050, 1056, -1,
      1056, 1050, 1048, -1,
      1056, 1048, 1058, -1,
      1037, 1038, 1040, -1,
      1040, 1038, 1058, -1,
      1040, 1058, 1042, -1,
      1042, 1058, 1048, -1,
      1042, 1048, 1044, -1,
      1044, 1048, 1046, -1,
      1059, 1060, 1061, -1,
      1061, 1060, 1062, -1,
      1061, 1062, 1063, -1,
      1063, 1062, 1064, -1,
      1063, 1064, 1065, -1,
      1065, 1064, 1066, -1,
      1065, 1066, 1067, -1,
      1067, 1066, 1068, -1,
      1067, 1068, 1069, -1,
      1069, 1068, 1070, -1,
      1069, 1070, 1071, -1,
      1071, 1070, 1072, -1,
      1071, 1072, 1073, -1,
      1073, 1072, 1074, -1,
      1073, 1074, 1075, -1,
      1076, 1077, 1078, -1,
      1078, 1077, 1079, -1,
      1078, 1079, 1080, -1,
      1080, 1079, 1081, -1,
      1080, 1081, 1082, -1,
      1082, 1081, 1083, -1,
      1082, 1083, 1084, -1,
      1074, 1085, 1075, -1,
      1075, 1085, 1086, -1,
      1075, 1086, 1087, -1,
      1087, 1086, 1088, -1,
      1087, 1088, 1089, -1,
      1089, 1088, 1090, -1,
      1089, 1090, 1091, -1,
      1091, 1090, 1092, -1,
      1091, 1092, 1093, -1,
      1093, 1092, 1094, -1,
      1093, 1094, 1095, -1,
      1095, 1094, 1096, -1,
      1095, 1096, 1076, -1,
      1076, 1096, 1097, -1,
      1076, 1097, 1077, -1,
      1083, 1098, 1084, -1,
      1084, 1098, 1099, -1,
      1084, 1099, 1100, -1,
      1100, 1099, 1101, -1,
      1100, 1101, 1102, -1,
      1102, 1101, 1103, -1,
      1102, 1103, 1104, -1,
      1104, 1103, 1105, -1,
      1104, 1105, 1106, -1,
      1106, 1105, 1107, -1,
      1106, 1107, 1108, -1,
      1108, 1107, 1109, -1,
      1108, 1109, 1110, -1,
      1110, 1109, 1111, -1,
      1110, 1111, 1112, -1,
      1112, 1111, 1113, -1,
      1112, 1113, 1114, -1,
      1114, 1113, 1115, -1,
      1114, 1115, 1116, -1,
      1116, 1115, 1117, -1,
      1116, 1117, 1118, -1,
      1118, 1117, 1119, -1,
      1118, 1119, 1120, -1,
      1120, 1119, 1121, -1,
      1120, 1121, 1122, -1,
      1122, 1121, 1123, -1,
      1122, 1123, 1124, -1,
      1124, 1123, 1125, -1,
      1124, 1125, 1126, -1,
      1126, 1125, 1127, -1,
      1126, 1127, 1128, -1,
      1128, 1127, 1129, -1,
      1128, 1129, 1130, -1,
      1130, 1129, 1131, -1,
      1130, 1131, 1059, -1,
      1059, 1131, 1132, -1,
      1059, 1132, 1060, -1,
      1133, 1134, 1135, -1,
      1135, 1134, 1136, -1,
      1135, 1136, 1137, -1,
      1137, 1136, 1138, -1,
      1137, 1138, 1139, -1,
      1139, 1138, 1140, -1,
      1139, 1140, 1141, -1,
      1141, 1140, 1142, -1,
      1141, 1142, 1143, -1,
      1143, 1142, 1144, -1,
      1143, 1144, 1145, -1,
      1146, 1147, 1148, -1,
      1148, 1147, 1149, -1,
      1148, 1149, 1150, -1,
      1150, 1149, 1151, -1,
      1150, 1151, 1152, -1,
      1152, 1151, 1153, -1,
      1152, 1153, 1154, -1,
      1154, 1153, 1155, -1,
      1154, 1155, 1156, -1,
      1156, 1155, 1157, -1,
      1156, 1157, 1158, -1,
      1158, 1157, 1159, -1,
      1158, 1159, 1160, -1,
      1160, 1159, 1161, -1,
      1160, 1161, 1162, -1,
      1162, 1161, 1163, -1,
      1162, 1163, 1164, -1,
      1164, 1163, 1165, -1,
      1164, 1165, 1166, -1,
      1166, 1165, 1167, -1,
      1166, 1167, 1168, -1,
      1168, 1167, 1169, -1,
      1168, 1169, 1170, -1,
      1170, 1169, 1171, -1,
      1170, 1171, 1172, -1,
      1172, 1171, 1173, -1,
      1172, 1173, 1174, -1,
      1174, 1173, 1175, -1,
      1174, 1175, 1133, -1,
      1133, 1175, 1176, -1,
      1133, 1176, 1134, -1,
      1177, 1178, 1179, -1,
      1179, 1178, 1180, -1,
      1179, 1180, 1181, -1,
      1181, 1180, 1182, -1,
      1181, 1182, 1183, -1,
      1183, 1182, 1184, -1,
      1183, 1184, 1185, -1,
      1185, 1184, 1186, -1,
      1185, 1186, 1187, -1,
      1187, 1186, 1188, -1,
      1187, 1188, 1189, -1,
      1189, 1188, 1190, -1,
      1189, 1190, 1191, -1,
      1191, 1190, 1192, -1,
      1191, 1192, 1146, -1,
      1146, 1192, 1193, -1,
      1146, 1193, 1147, -1,
      1144, 1194, 1145, -1,
      1145, 1194, 1195, -1,
      1145, 1195, 1196, -1,
      1196, 1195, 1197, -1,
      1196, 1197, 1198, -1,
      1198, 1197, 1199, -1,
      1198, 1199, 1200, -1,
      1200, 1199, 1201, -1,
      1200, 1201, 1202, -1,
      1202, 1201, 1203, -1,
      1202, 1203, 1204, -1,
      1204, 1203, 1205, -1,
      1204, 1205, 1177, -1,
      1177, 1205, 1206, -1,
      1177, 1206, 1178, -1,
      1125, 1123, 1157, -1,
      1157, 1123, 1159, -1,
      1125, 1157, 1155, -1,
      1125, 1155, 1127, -1,
      1127, 1155, 1153, -1,
      1127, 1153, 1129, -1,
      1129, 1153, 1151, -1,
      1129, 1151, 1131, -1,
      1131, 1151, 1149, -1,
      1131, 1149, 1132, -1,
      1132, 1149, 1147, -1,
      1132, 1147, 1060, -1,
      1060, 1147, 1193, -1,
      1060, 1193, 1062, -1,
      1062, 1193, 1192, -1,
      1062, 1192, 1064, -1,
      1064, 1192, 1190, -1,
      1064, 1190, 1066, -1,
      1066, 1190, 1188, -1,
      1066, 1188, 1068, -1,
      1068, 1188, 1186, -1,
      1068, 1186, 1070, -1,
      1070, 1186, 1184, -1,
      1070, 1184, 1072, -1,
      1072, 1184, 1182, -1,
      1072, 1182, 1074, -1,
      1074, 1182, 1180, -1,
      1074, 1180, 1085, -1,
      1085, 1180, 1178, -1,
      1085, 1178, 1086, -1,
      1086, 1178, 1206, -1,
      1086, 1206, 1088, -1,
      1088, 1206, 1205, -1,
      1088, 1205, 1090, -1,
      1090, 1205, 1203, -1,
      1090, 1203, 1092, -1,
      1092, 1203, 1201, -1,
      1092, 1201, 1094, -1,
      1094, 1201, 1199, -1,
      1094, 1199, 1096, -1,
      1096, 1199, 1197, -1,
      1096, 1197, 1097, -1,
      1097, 1197, 1195, -1,
      1097, 1195, 1077, -1,
      1077, 1195, 1194, -1,
      1077, 1194, 1079, -1,
      1079, 1194, 1144, -1,
      1079, 1144, 1081, -1,
      1081, 1144, 1142, -1,
      1081, 1142, 1083, -1,
      1083, 1142, 1140, -1,
      1083, 1140, 1098, -1,
      1098, 1140, 1138, -1,
      1098, 1138, 1099, -1,
      1099, 1138, 1136, -1,
      1099, 1136, 1101, -1,
      1101, 1136, 1134, -1,
      1101, 1134, 1103, -1,
      1103, 1134, 1176, -1,
      1103, 1176, 1105, -1,
      1105, 1176, 1175, -1,
      1105, 1175, 1107, -1,
      1107, 1175, 1173, -1,
      1107, 1173, 1109, -1,
      1109, 1173, 1171, -1,
      1109, 1171, 1111, -1,
      1111, 1171, 1169, -1,
      1111, 1169, 1113, -1,
      1113, 1169, 1167, -1,
      1113, 1167, 1115, -1,
      1115, 1167, 1165, -1,
      1115, 1165, 1117, -1,
      1117, 1165, 1163, -1,
      1117, 1163, 1119, -1,
      1121, 1119, 1161, -1,
      1161, 1119, 1163, -1,
      1123, 1121, 1159, -1,
      1159, 1121, 1161, -1,
      1118, 1120, 1162, -1,
      1162, 1120, 1160, -1,
      1120, 1122, 1160, -1,
      1160, 1122, 1158, -1,
      1122, 1124, 1158, -1,
      1158, 1124, 1156, -1,
      1067, 1187, 1189, -1,
      1067, 1189, 1065, -1,
      1065, 1189, 1191, -1,
      1065, 1191, 1063, -1,
      1063, 1191, 1146, -1,
      1063, 1146, 1061, -1,
      1061, 1146, 1148, -1,
      1061, 1148, 1059, -1,
      1059, 1148, 1150, -1,
      1059, 1150, 1130, -1,
      1130, 1150, 1152, -1,
      1130, 1152, 1128, -1,
      1128, 1152, 1154, -1,
      1128, 1154, 1126, -1,
      1126, 1154, 1156, -1,
      1126, 1156, 1124, -1,
      1093, 1200, 1202, -1,
      1093, 1202, 1091, -1,
      1091, 1202, 1204, -1,
      1091, 1204, 1089, -1,
      1089, 1204, 1177, -1,
      1089, 1177, 1087, -1,
      1087, 1177, 1179, -1,
      1087, 1179, 1075, -1,
      1075, 1179, 1181, -1,
      1075, 1181, 1073, -1,
      1073, 1181, 1183, -1,
      1073, 1183, 1071, -1,
      1071, 1183, 1185, -1,
      1071, 1185, 1069, -1,
      1069, 1185, 1187, -1,
      1069, 1187, 1067, -1,
      1102, 1135, 1137, -1,
      1102, 1137, 1100, -1,
      1100, 1137, 1139, -1,
      1100, 1139, 1084, -1,
      1084, 1139, 1141, -1,
      1084, 1141, 1082, -1,
      1082, 1141, 1143, -1,
      1082, 1143, 1080, -1,
      1080, 1143, 1145, -1,
      1080, 1145, 1078, -1,
      1078, 1145, 1196, -1,
      1078, 1196, 1076, -1,
      1076, 1196, 1198, -1,
      1076, 1198, 1095, -1,
      1095, 1198, 1200, -1,
      1095, 1200, 1093, -1,
      1118, 1162, 1164, -1,
      1118, 1164, 1116, -1,
      1116, 1164, 1166, -1,
      1116, 1166, 1114, -1,
      1114, 1166, 1168, -1,
      1114, 1168, 1112, -1,
      1112, 1168, 1170, -1,
      1112, 1170, 1110, -1,
      1110, 1170, 1172, -1,
      1110, 1172, 1108, -1,
      1108, 1172, 1174, -1,
      1108, 1174, 1106, -1,
      1106, 1174, 1133, -1,
      1106, 1133, 1104, -1,
      1104, 1133, 1135, -1,
      1104, 1135, 1102, -1,
      1207, 1208, 1209, -1,
      1209, 1208, 1210, -1,
      1211, 1212, 1207, -1,
      1207, 1212, 1213, -1,
      1207, 1213, 1208, -1,
      1208, 1213, 1214, -1,
      1211, 1215, 1212, -1,
      1212, 1215, 1216, -1,
      1212, 1216, 1217, -1,
      1217, 1216, 1218, -1,
      1217, 1218, 1219, -1,
      1219, 1220, 1217, -1,
      1217, 1220, 1209, -1,
      1217, 1209, 1221, -1,
      1221, 1209, 1210, -1,
      1221, 1210, 1222, -1,
      1223, 1224, 1225, -1,
      1225, 1224, 1226, -1,
      1227, 1228, 1226, -1,
      1226, 1228, 1229, -1,
      1226, 1229, 1225, -1,
      1225, 1229, 1230, -1,
      1227, 1231, 1228, -1,
      1228, 1231, 1232, -1,
      1228, 1232, 1233, -1,
      1233, 1232, 1234, -1,
      1233, 1234, 1235, -1,
      1235, 1236, 1233, -1,
      1233, 1236, 1224, -1,
      1233, 1224, 1237, -1,
      1237, 1224, 1223, -1,
      1237, 1223, 1238, -1,
      1217, 1221, 1228, -1,
      1228, 1221, 1229, -1,
      1212, 1217, 1233, -1,
      1233, 1217, 1228, -1,
      1213, 1212, 1237, -1,
      1237, 1212, 1233, -1,
      1214, 1213, 1238, -1,
      1238, 1213, 1237, -1,
      1208, 1214, 1223, -1,
      1223, 1214, 1238, -1,
      1210, 1208, 1225, -1,
      1225, 1208, 1223, -1,
      1222, 1210, 1230, -1,
      1230, 1210, 1225, -1,
      1221, 1222, 1229, -1,
      1229, 1222, 1230, -1,
      1207, 1209, 1224, -1,
      1224, 1209, 1226, -1,
      1209, 1220, 1226, -1,
      1226, 1220, 1227, -1,
      1218, 1232, 1231, -1,
      1218, 1231, 1219, -1,
      1219, 1231, 1227, -1,
      1219, 1227, 1220, -1,
      1218, 1216, 1232, -1,
      1232, 1216, 1234, -1,
      1211, 1236, 1235, -1,
      1211, 1235, 1215, -1,
      1215, 1235, 1234, -1,
      1215, 1234, 1216, -1,
      1211, 1207, 1236, -1,
      1236, 1207, 1224, -1,
      1239, 1240, 1241, -1,
      1242, 1243, 1244, -1,
      1245, 1246, 1247, -1,
      1248, 1249, 1250, -1,
      1250, 1249, 1251, -1,
      1252, 1253, 1254, -1,
      1255, 1256, 1257, -1,
      1257, 1256, 1258, -1,
      1257, 1258, 1259, -1,
      1260, 1261, 1262, -1,
      1262, 1261, 1241, -1,
      1262, 1241, 1263, -1,
      1264, 1265, 1266, -1,
      1267, 1268, 1241, -1,
      1241, 1268, 1269, -1,
      1241, 1269, 1239, -1,
      1270, 1271, 1248, -1,
      1248, 1271, 1272, -1,
      1248, 1272, 1249, -1,
      1273, 1274, 1275, -1,
      1275, 1274, 1245, -1,
      1276, 1277, 1278, -1,
      1279, 1280, 1281, -1,
      1245, 1247, 1275, -1,
      1275, 1247, 1282, -1,
      1275, 1282, 1248, -1,
      1248, 1282, 1283, -1,
      1248, 1283, 1270, -1,
      1284, 1285, 1251, -1,
      1251, 1285, 1286, -1,
      1251, 1286, 1250, -1,
      1287, 1240, 1288, -1,
      1288, 1240, 1289, -1,
      1288, 1289, 1290, -1,
      1291, 1292, 1293, -1,
      1293, 1292, 1294, -1,
      1293, 1294, 1260, -1,
      1260, 1294, 1295, -1,
      1260, 1295, 1261, -1,
      1278, 1296, 1276, -1,
      1276, 1296, 1297, -1,
      1276, 1297, 1291, -1,
      1291, 1297, 1298, -1,
      1291, 1298, 1292, -1,
      1266, 1265, 1299, -1,
      1299, 1265, 1300, -1,
      1299, 1300, 1301, -1,
      1301, 1300, 1302, -1,
      1301, 1302, 1303, -1,
      1254, 1253, 1304, -1,
      1304, 1253, 1305, -1,
      1304, 1305, 1306, -1,
      1307, 1308, 1241, -1,
      1241, 1308, 1309, -1,
      1241, 1309, 1267, -1,
      1279, 1281, 1310, -1,
      1310, 1281, 1311, -1,
      1310, 1311, 1312, -1,
      1312, 1311, 1313, -1,
      1312, 1313, 1314, -1,
      1246, 1245, 1276, -1,
      1276, 1245, 1315, -1,
      1276, 1315, 1316, -1,
      1316, 1317, 1276, -1,
      1276, 1317, 1318, -1,
      1276, 1318, 1277, -1,
      1319, 1320, 1321, -1,
      1321, 1320, 1322, -1,
      1321, 1322, 1323, -1,
      1323, 1322, 1324, -1,
      1323, 1324, 1325, -1,
      1325, 1324, 1326, -1,
      1325, 1326, 1327, -1,
      1328, 1329, 1330, -1,
      1330, 1329, 1331, -1,
      1330, 1331, 1307, -1,
      1307, 1331, 1332, -1,
      1307, 1332, 1308, -1,
      1280, 1279, 1333, -1,
      1333, 1279, 1334, -1,
      1333, 1334, 1335, -1,
      1335, 1334, 1336, -1,
      1335, 1336, 1337, -1,
      1337, 1336, 1338, -1,
      1337, 1338, 1244, -1,
      1244, 1338, 1339, -1,
      1244, 1339, 1242, -1,
      1287, 1340, 1240, -1,
      1240, 1340, 1341, -1,
      1240, 1341, 1241, -1,
      1241, 1341, 1342, -1,
      1241, 1342, 1263, -1,
      1266, 1343, 1264, -1,
      1264, 1343, 1344, -1,
      1264, 1344, 1345, -1,
      1345, 1344, 1346, -1,
      1345, 1346, 1347, -1,
      1347, 1346, 1348, -1,
      1347, 1348, 1349, -1,
      1349, 1348, 1350, -1,
      1349, 1350, 1351, -1,
      1254, 1352, 1252, -1,
      1252, 1352, 1353, -1,
      1252, 1353, 1354, -1,
      1354, 1353, 1355, -1,
      1354, 1355, 1356, -1,
      1356, 1355, 1357, -1,
      1356, 1357, 1358, -1,
      1358, 1357, 1244, -1,
      1358, 1244, 1359, -1,
      1359, 1244, 1243, -1,
      1257, 1360, 1255, -1,
      1255, 1360, 1361, -1,
      1255, 1361, 1362, -1,
      1362, 1361, 1363, -1,
      1362, 1363, 1364, -1,
      1365, 1366, 1367, -1,
      1367, 1366, 1368, -1,
      1367, 1368, 1369, -1,
      1369, 1368, 1370, -1,
      1369, 1370, 1328, -1,
      1328, 1370, 1371, -1,
      1328, 1371, 1329, -1,
      1372, 1373, 1374, -1,
      1374, 1373, 1375, -1,
      1374, 1375, 1284, -1,
      1284, 1375, 1376, -1,
      1284, 1376, 1285, -1,
      1289, 1377, 1290, -1,
      1290, 1377, 1378, -1,
      1290, 1378, 1379, -1,
      1379, 1378, 1380, -1,
      1379, 1380, 1381, -1,
      1382, 1383, 1384, -1,
      1384, 1383, 1385, -1,
      1384, 1385, 1386, -1,
      1386, 1385, 1387, -1,
      1386, 1387, 1319, -1,
      1319, 1387, 1388, -1,
      1319, 1388, 1320, -1,
      1350, 1389, 1351, -1,
      1351, 1389, 1390, -1,
      1351, 1390, 1391, -1,
      1391, 1390, 1392, -1,
      1391, 1392, 1382, -1,
      1382, 1392, 1393, -1,
      1382, 1393, 1383, -1,
      1380, 1394, 1381, -1,
      1381, 1394, 1395, -1,
      1381, 1395, 1372, -1,
      1372, 1395, 1396, -1,
      1372, 1396, 1373, -1,
      1397, 1398, 1399, -1,
      1400, 1401, 1402, -1,
      1402, 1401, 1403, -1,
      1404, 1405, 1406, -1,
      1406, 1405, 1407, -1,
      1406, 1407, 1408, -1,
      1408, 1407, 1409, -1,
      1408, 1409, 1410, -1,
      1410, 1409, 1411, -1,
      1410, 1411, 1412, -1,
      1412, 1411, 1413, -1,
      1412, 1413, 1365, -1,
      1365, 1413, 1414, -1,
      1365, 1414, 1366, -1,
      1259, 1415, 1257, -1,
      1257, 1415, 1416, -1,
      1257, 1416, 1417, -1,
      1417, 1416, 1418, -1,
      1417, 1418, 1419, -1,
      1419, 1418, 1327, -1,
      1419, 1327, 1420, -1,
      1420, 1327, 1326, -1,
      1421, 1422, 1397, -1,
      1397, 1422, 1423, -1,
      1397, 1423, 1398, -1,
      1302, 1424, 1303, -1,
      1303, 1424, 1397, -1,
      1303, 1397, 1425, -1,
      1425, 1397, 1399, -1,
      1306, 1305, 1426, -1,
      1426, 1305, 1427, -1,
      1426, 1427, 1400, -1,
      1400, 1427, 1428, -1,
      1400, 1428, 1401, -1,
      1429, 1430, 1431, -1,
      1430, 1432, 1431, -1,
      1431, 1432, 1433, -1,
      1431, 1433, 1434, -1,
      1313, 1435, 1314, -1,
      1314, 1435, 1436, -1,
      1314, 1436, 1437, -1,
      1437, 1436, 1438, -1,
      1437, 1438, 1404, -1,
      1404, 1438, 1439, -1,
      1404, 1439, 1405, -1,
      1421, 1397, 1431, -1,
      1431, 1397, 1440, -1,
      1431, 1440, 1429, -1,
      1363, 1441, 1364, -1,
      1364, 1441, 1442, -1,
      1364, 1442, 1443, -1,
      1443, 1442, 1444, -1,
      1443, 1444, 1445, -1,
      1445, 1444, 1446, -1,
      1445, 1446, 1447, -1,
      1447, 1446, 1448, -1,
      1447, 1448, 1449, -1,
      1449, 1448, 1450, -1,
      1449, 1450, 1403, -1,
      1403, 1450, 1451, -1,
      1403, 1451, 1402, -1,
      1452, 1453, 1454, -1,
      1454, 1453, 1455, -1,
      1454, 1455, 1456, -1,
      1457, 1458, 1459, -1,
      1460, 1461, 1462, -1,
      1462, 1461, 1463, -1,
      1462, 1463, 1464, -1,
      1455, 1465, 1456, -1,
      1456, 1465, 1466, -1,
      1456, 1466, 1467, -1,
      1467, 1466, 1468, -1,
      1469, 1470, 1462, -1,
      1462, 1470, 1457, -1,
      1462, 1457, 1460, -1,
      1471, 1472, 1473, -1,
      1474, 1475, 1476, -1,
      1476, 1475, 1477, -1,
      1476, 1477, 1478, -1,
      1479, 1480, 1481, -1,
      1482, 1483, 1456, -1,
      1456, 1483, 1484, -1,
      1456, 1484, 1454, -1,
      1454, 1484, 1485, -1,
      1486, 1487, 1488, -1,
      1488, 1487, 1489, -1,
      1490, 1491, 1492, -1,
      1492, 1491, 1493, -1,
      1492, 1493, 1494, -1,
      1494, 1493, 1495, -1,
      1494, 1495, 1496, -1,
      1462, 1497, 1469, -1,
      1469, 1497, 1498, -1,
      1469, 1498, 1499, -1,
      1499, 1498, 1500, -1,
      1499, 1500, 1501, -1,
      1501, 1500, 1502, -1,
      1501, 1502, 1503, -1,
      1459, 1504, 1457, -1,
      1457, 1504, 1505, -1,
      1457, 1505, 1460, -1,
      1506, 1507, 1508, -1,
      1508, 1507, 1509, -1,
      1508, 1509, 1510, -1,
      1510, 1509, 1511, -1,
      1510, 1511, 1512, -1,
      1473, 1472, 1513, -1,
      1513, 1472, 1514, -1,
      1513, 1514, 1515, -1,
      1516, 1517, 1511, -1,
      1518, 1519, 1466, -1,
      1466, 1519, 1520, -1,
      1466, 1520, 1468, -1,
      1489, 1521, 1488, -1,
      1488, 1521, 1522, -1,
      1488, 1522, 1523, -1,
      1523, 1522, 1496, -1,
      1523, 1496, 1524, -1,
      1524, 1496, 1495, -1,
      1515, 1514, 1525, -1,
      1525, 1514, 1526, -1,
      1525, 1526, 1488, -1,
      1488, 1526, 1527, -1,
      1488, 1527, 1486, -1,
      1528, 1529, 1530, -1,
      1530, 1529, 1531, -1,
      1530, 1531, 1532, -1,
      1532, 1531, 1533, -1,
      1532, 1533, 1534, -1,
      1534, 1533, 1535, -1,
      1534, 1535, 1536, -1,
      1537, 1538, 1539, -1,
      1539, 1538, 1540, -1,
      1539, 1540, 1541, -1,
      1541, 1540, 1542, -1,
      1541, 1542, 1543, -1,
      1517, 1544, 1511, -1,
      1511, 1544, 1545, -1,
      1511, 1545, 1512, -1,
      1477, 1546, 1478, -1,
      1478, 1546, 1547, -1,
      1478, 1547, 1548, -1,
      1548, 1547, 1549, -1,
      1548, 1549, 1463, -1,
      1463, 1549, 1550, -1,
      1463, 1550, 1464, -1,
      1481, 1480, 1551, -1,
      1551, 1480, 1552, -1,
      1551, 1552, 1456, -1,
      1456, 1552, 1553, -1,
      1456, 1553, 1482, -1,
      1554, 1555, 1556, -1,
      1556, 1555, 1557, -1,
      1556, 1557, 1558, -1,
      1481, 1559, 1479, -1,
      1479, 1559, 1560, -1,
      1479, 1560, 1561, -1,
      1561, 1560, 1562, -1,
      1561, 1562, 1474, -1,
      1474, 1562, 1563, -1,
      1474, 1563, 1475, -1,
      1557, 1564, 1558, -1,
      1558, 1564, 1565, -1,
      1558, 1565, 1566, -1,
      1566, 1565, 1567, -1,
      1566, 1567, 1568, -1,
      1568, 1567, 1454, -1,
      1568, 1454, 1569, -1,
      1569, 1454, 1485, -1,
      1554, 1570, 1571, -1,
      1572, 1573, 1574, -1,
      1574, 1573, 1575, -1,
      1574, 1575, 1576, -1,
      1502, 1577, 1503, -1,
      1503, 1577, 1578, -1,
      1503, 1578, 1579, -1,
      1579, 1578, 1580, -1,
      1579, 1580, 1581, -1,
      1581, 1580, 1582, -1,
      1581, 1582, 1583, -1,
      1583, 1582, 1584, -1,
      1583, 1584, 1585, -1,
      1585, 1584, 1586, -1,
      1585, 1586, 1572, -1,
      1572, 1586, 1587, -1,
      1572, 1587, 1573, -1,
      1588, 1589, 1590, -1,
      1590, 1589, 1591, -1,
      1542, 1592, 1543, -1,
      1543, 1592, 1593, -1,
      1543, 1593, 1594, -1,
      1594, 1593, 1595, -1,
      1594, 1595, 1528, -1,
      1528, 1595, 1596, -1,
      1528, 1596, 1529, -1,
      1511, 1597, 1516, -1,
      1516, 1597, 1598, -1,
      1516, 1598, 1599, -1,
      1599, 1598, 1600, -1,
      1599, 1600, 1601, -1,
      1601, 1600, 1602, -1,
      1601, 1602, 1603, -1,
      1603, 1602, 1604, -1,
      1603, 1604, 1537, -1,
      1537, 1604, 1605, -1,
      1537, 1605, 1538, -1,
      1606, 1607, 1554, -1,
      1554, 1607, 1608, -1,
      1554, 1608, 1570, -1,
      1571, 1609, 1554, -1,
      1554, 1609, 1610, -1,
      1554, 1610, 1555, -1,
      1575, 1611, 1576, -1,
      1576, 1611, 1612, -1,
      1576, 1612, 1613, -1,
      1613, 1612, 1614, -1,
      1613, 1614, 1615, -1,
      1615, 1614, 1616, -1,
      1615, 1616, 1490, -1,
      1490, 1616, 1617, -1,
      1490, 1617, 1491, -1,
      1535, 1618, 1536, -1,
      1536, 1618, 1619, -1,
      1536, 1619, 1620, -1,
      1620, 1619, 1621, -1,
      1620, 1621, 1622, -1,
      1622, 1621, 1623, -1,
      1622, 1623, 1624, -1,
      1624, 1623, 1625, -1,
      1624, 1625, 1626, -1,
      1626, 1625, 1627, -1,
      1626, 1627, 1628, -1,
      1628, 1627, 1629, -1,
      1628, 1629, 1590, -1,
      1590, 1629, 1630, -1,
      1590, 1630, 1588, -1,
      1591, 1631, 1590, -1,
      1590, 1631, 1632, -1,
      1590, 1632, 1633, -1,
      1458, 1457, 1554, -1,
      1554, 1457, 1634, -1,
      1554, 1634, 1606, -1,
      1635, 1636, 1633, -1,
      1633, 1636, 1637, -1,
      1633, 1637, 1638, -1,
      1639, 1640, 1641, -1,
      1641, 1640, 1642, -1,
      1641, 1642, 1506, -1,
      1506, 1642, 1643, -1,
      1506, 1643, 1507, -1,
      1473, 1644, 1471, -1,
      1471, 1644, 1645, -1,
      1471, 1645, 1646, -1,
      1646, 1645, 1647, -1,
      1646, 1647, 1648, -1,
      1648, 1647, 1649, -1,
      1648, 1649, 1650, -1,
      1650, 1649, 1651, -1,
      1650, 1651, 1652, -1,
      1652, 1651, 1653, -1,
      1652, 1653, 1654, -1,
      1654, 1653, 1655, -1,
      1654, 1655, 1656, -1,
      1656, 1655, 1657, -1,
      1656, 1657, 1658, -1,
      1658, 1657, 1659, -1,
      1658, 1659, 1660, -1,
      1660, 1659, 1661, -1,
      1660, 1661, 1639, -1,
      1639, 1661, 1662, -1,
      1639, 1662, 1640, -1,
      1638, 1663, 1633, -1,
      1633, 1663, 1664, -1,
      1633, 1664, 1590, -1,
      1385, 1592, 1542, -1,
      1385, 1542, 1387, -1,
      1387, 1542, 1540, -1,
      1387, 1540, 1388, -1,
      1388, 1540, 1538, -1,
      1388, 1538, 1320, -1,
      1320, 1538, 1605, -1,
      1320, 1605, 1322, -1,
      1322, 1605, 1604, -1,
      1322, 1604, 1324, -1,
      1324, 1604, 1602, -1,
      1324, 1602, 1326, -1,
      1326, 1602, 1600, -1,
      1326, 1600, 1420, -1,
      1420, 1600, 1598, -1,
      1420, 1598, 1419, -1,
      1419, 1598, 1597, -1,
      1419, 1597, 1417, -1,
      1417, 1597, 1511, -1,
      1417, 1511, 1257, -1,
      1257, 1511, 1509, -1,
      1257, 1509, 1360, -1,
      1360, 1509, 1507, -1,
      1360, 1507, 1361, -1,
      1361, 1507, 1643, -1,
      1361, 1643, 1363, -1,
      1363, 1643, 1642, -1,
      1363, 1642, 1441, -1,
      1441, 1642, 1640, -1,
      1441, 1640, 1442, -1,
      1442, 1640, 1662, -1,
      1442, 1662, 1444, -1,
      1444, 1662, 1661, -1,
      1444, 1661, 1446, -1,
      1446, 1661, 1659, -1,
      1446, 1659, 1448, -1,
      1448, 1659, 1657, -1,
      1448, 1657, 1450, -1,
      1450, 1657, 1655, -1,
      1450, 1655, 1451, -1,
      1451, 1655, 1653, -1,
      1451, 1653, 1402, -1,
      1402, 1653, 1651, -1,
      1402, 1651, 1400, -1,
      1400, 1651, 1649, -1,
      1400, 1649, 1426, -1,
      1426, 1649, 1647, -1,
      1426, 1647, 1306, -1,
      1306, 1647, 1645, -1,
      1306, 1645, 1304, -1,
      1304, 1645, 1644, -1,
      1304, 1644, 1254, -1,
      1254, 1644, 1473, -1,
      1254, 1473, 1352, -1,
      1352, 1473, 1513, -1,
      1352, 1513, 1353, -1,
      1353, 1513, 1515, -1,
      1353, 1515, 1355, -1,
      1355, 1515, 1525, -1,
      1355, 1525, 1357, -1,
      1357, 1525, 1488, -1,
      1357, 1488, 1244, -1,
      1244, 1488, 1523, -1,
      1244, 1523, 1337, -1,
      1337, 1523, 1524, -1,
      1337, 1524, 1335, -1,
      1335, 1524, 1495, -1,
      1335, 1495, 1333, -1,
      1333, 1495, 1493, -1,
      1333, 1493, 1280, -1,
      1280, 1493, 1491, -1,
      1280, 1491, 1281, -1,
      1281, 1491, 1617, -1,
      1281, 1617, 1311, -1,
      1311, 1617, 1616, -1,
      1311, 1616, 1313, -1,
      1313, 1616, 1614, -1,
      1313, 1614, 1435, -1,
      1435, 1614, 1612, -1,
      1435, 1612, 1436, -1,
      1436, 1612, 1611, -1,
      1436, 1611, 1438, -1,
      1438, 1611, 1575, -1,
      1438, 1575, 1439, -1,
      1439, 1575, 1573, -1,
      1439, 1573, 1405, -1,
      1405, 1573, 1587, -1,
      1405, 1587, 1407, -1,
      1407, 1587, 1586, -1,
      1407, 1586, 1409, -1,
      1409, 1586, 1584, -1,
      1409, 1584, 1411, -1,
      1411, 1584, 1582, -1,
      1411, 1582, 1413, -1,
      1413, 1582, 1580, -1,
      1413, 1580, 1414, -1,
      1414, 1580, 1578, -1,
      1414, 1578, 1366, -1,
      1366, 1578, 1577, -1,
      1366, 1577, 1368, -1,
      1368, 1577, 1502, -1,
      1368, 1502, 1370, -1,
      1370, 1502, 1500, -1,
      1370, 1500, 1371, -1,
      1371, 1500, 1498, -1,
      1371, 1498, 1329, -1,
      1329, 1498, 1497, -1,
      1329, 1497, 1331, -1,
      1331, 1497, 1462, -1,
      1331, 1462, 1332, -1,
      1332, 1462, 1464, -1,
      1332, 1464, 1308, -1,
      1308, 1464, 1550, -1,
      1308, 1550, 1309, -1,
      1309, 1550, 1549, -1,
      1309, 1549, 1267, -1,
      1267, 1549, 1547, -1,
      1267, 1547, 1268, -1,
      1268, 1547, 1546, -1,
      1268, 1546, 1269, -1,
      1269, 1546, 1477, -1,
      1269, 1477, 1239, -1,
      1239, 1477, 1475, -1,
      1239, 1475, 1240, -1,
      1240, 1475, 1563, -1,
      1240, 1563, 1289, -1,
      1289, 1563, 1562, -1,
      1289, 1562, 1377, -1,
      1377, 1562, 1560, -1,
      1377, 1560, 1378, -1,
      1378, 1560, 1559, -1,
      1378, 1559, 1380, -1,
      1380, 1559, 1481, -1,
      1380, 1481, 1394, -1,
      1394, 1481, 1551, -1,
      1394, 1551, 1395, -1,
      1395, 1551, 1456, -1,
      1395, 1456, 1396, -1,
      1396, 1456, 1467, -1,
      1396, 1467, 1373, -1,
      1373, 1467, 1468, -1,
      1373, 1468, 1375, -1,
      1375, 1468, 1520, -1,
      1375, 1520, 1376, -1,
      1376, 1520, 1519, -1,
      1376, 1519, 1285, -1,
      1285, 1519, 1518, -1,
      1285, 1518, 1286, -1,
      1286, 1518, 1466, -1,
      1286, 1466, 1250, -1,
      1250, 1466, 1465, -1,
      1250, 1465, 1248, -1,
      1275, 1248, 1455, -1,
      1455, 1248, 1465, -1,
      1273, 1275, 1453, -1,
      1453, 1275, 1455, -1,
      1274, 1273, 1452, -1,
      1452, 1273, 1453, -1,
      1245, 1274, 1454, -1,
      1454, 1274, 1452, -1,
      1245, 1454, 1567, -1,
      1245, 1567, 1315, -1,
      1315, 1567, 1565, -1,
      1315, 1565, 1316, -1,
      1316, 1565, 1564, -1,
      1316, 1564, 1317, -1,
      1317, 1564, 1557, -1,
      1317, 1557, 1318, -1,
      1318, 1557, 1555, -1,
      1318, 1555, 1277, -1,
      1277, 1555, 1610, -1,
      1277, 1610, 1278, -1,
      1278, 1610, 1609, -1,
      1278, 1609, 1296, -1,
      1296, 1609, 1571, -1,
      1296, 1571, 1297, -1,
      1297, 1571, 1570, -1,
      1297, 1570, 1298, -1,
      1298, 1570, 1608, -1,
      1298, 1608, 1292, -1,
      1292, 1608, 1607, -1,
      1292, 1607, 1294, -1,
      1294, 1607, 1606, -1,
      1294, 1606, 1295, -1,
      1295, 1606, 1634, -1,
      1295, 1634, 1261, -1,
      1261, 1634, 1457, -1,
      1261, 1457, 1241, -1,
      1241, 1457, 1470, -1,
      1241, 1470, 1307, -1,
      1307, 1470, 1469, -1,
      1307, 1469, 1330, -1,
      1330, 1469, 1499, -1,
      1330, 1499, 1328, -1,
      1328, 1499, 1501, -1,
      1328, 1501, 1369, -1,
      1369, 1501, 1503, -1,
      1369, 1503, 1367, -1,
      1367, 1503, 1579, -1,
      1367, 1579, 1365, -1,
      1365, 1579, 1581, -1,
      1365, 1581, 1412, -1,
      1412, 1581, 1583, -1,
      1412, 1583, 1410, -1,
      1410, 1583, 1585, -1,
      1410, 1585, 1408, -1,
      1408, 1585, 1572, -1,
      1408, 1572, 1406, -1,
      1406, 1572, 1574, -1,
      1406, 1574, 1404, -1,
      1404, 1574, 1576, -1,
      1404, 1576, 1437, -1,
      1437, 1576, 1613, -1,
      1437, 1613, 1314, -1,
      1314, 1613, 1615, -1,
      1314, 1615, 1312, -1,
      1312, 1615, 1490, -1,
      1312, 1490, 1310, -1,
      1310, 1490, 1492, -1,
      1310, 1492, 1279, -1,
      1279, 1492, 1494, -1,
      1279, 1494, 1334, -1,
      1334, 1494, 1496, -1,
      1334, 1496, 1336, -1,
      1336, 1496, 1522, -1,
      1336, 1522, 1338, -1,
      1338, 1522, 1521, -1,
      1338, 1521, 1339, -1,
      1339, 1521, 1489, -1,
      1339, 1489, 1242, -1,
      1242, 1489, 1487, -1,
      1242, 1487, 1243, -1,
      1243, 1487, 1486, -1,
      1243, 1486, 1359, -1,
      1359, 1486, 1527, -1,
      1359, 1527, 1358, -1,
      1358, 1527, 1526, -1,
      1358, 1526, 1356, -1,
      1356, 1526, 1514, -1,
      1356, 1514, 1354, -1,
      1354, 1514, 1472, -1,
      1354, 1472, 1252, -1,
      1252, 1472, 1471, -1,
      1252, 1471, 1253, -1,
      1253, 1471, 1646, -1,
      1253, 1646, 1305, -1,
      1305, 1646, 1648, -1,
      1305, 1648, 1427, -1,
      1427, 1648, 1650, -1,
      1427, 1650, 1428, -1,
      1428, 1650, 1652, -1,
      1428, 1652, 1401, -1,
      1401, 1652, 1654, -1,
      1401, 1654, 1403, -1,
      1403, 1654, 1656, -1,
      1403, 1656, 1449, -1,
      1449, 1656, 1658, -1,
      1449, 1658, 1447, -1,
      1447, 1658, 1660, -1,
      1447, 1660, 1445, -1,
      1445, 1660, 1639, -1,
      1445, 1639, 1443, -1,
      1443, 1639, 1641, -1,
      1443, 1641, 1364, -1,
      1364, 1641, 1506, -1,
      1364, 1506, 1362, -1,
      1362, 1506, 1508, -1,
      1362, 1508, 1255, -1,
      1255, 1508, 1510, -1,
      1255, 1510, 1256, -1,
      1256, 1510, 1512, -1,
      1256, 1512, 1258, -1,
      1258, 1512, 1545, -1,
      1258, 1545, 1259, -1,
      1415, 1259, 1544, -1,
      1544, 1259, 1545, -1,
      1415, 1544, 1517, -1,
      1415, 1517, 1416, -1,
      1416, 1517, 1516, -1,
      1416, 1516, 1418, -1,
      1418, 1516, 1599, -1,
      1418, 1599, 1327, -1,
      1327, 1599, 1601, -1,
      1327, 1601, 1325, -1,
      1325, 1601, 1603, -1,
      1325, 1603, 1323, -1,
      1323, 1603, 1537, -1,
      1323, 1537, 1321, -1,
      1321, 1537, 1539, -1,
      1321, 1539, 1319, -1,
      1319, 1539, 1541, -1,
      1319, 1541, 1386, -1,
      1386, 1541, 1543, -1,
      1386, 1543, 1384, -1,
      1384, 1543, 1594, -1,
      1384, 1594, 1382, -1,
      1382, 1594, 1528, -1,
      1382, 1528, 1391, -1,
      1391, 1528, 1530, -1,
      1391, 1530, 1351, -1,
      1351, 1530, 1532, -1,
      1351, 1532, 1349, -1,
      1349, 1532, 1534, -1,
      1349, 1534, 1347, -1,
      1347, 1534, 1536, -1,
      1347, 1536, 1345, -1,
      1345, 1536, 1620, -1,
      1345, 1620, 1264, -1,
      1264, 1620, 1622, -1,
      1264, 1622, 1265, -1,
      1265, 1622, 1624, -1,
      1265, 1624, 1300, -1,
      1302, 1300, 1626, -1,
      1626, 1300, 1624, -1,
      1302, 1626, 1628, -1,
      1302, 1628, 1424, -1,
      1424, 1628, 1590, -1,
      1424, 1590, 1397, -1,
      1397, 1590, 1664, -1,
      1397, 1664, 1440, -1,
      1440, 1664, 1663, -1,
      1440, 1663, 1429, -1,
      1429, 1663, 1638, -1,
      1429, 1638, 1430, -1,
      1430, 1638, 1637, -1,
      1430, 1637, 1432, -1,
      1432, 1637, 1636, -1,
      1432, 1636, 1433, -1,
      1433, 1636, 1635, -1,
      1433, 1635, 1434, -1,
      1434, 1635, 1633, -1,
      1434, 1633, 1431, -1,
      1431, 1633, 1632, -1,
      1431, 1632, 1421, -1,
      1421, 1632, 1631, -1,
      1421, 1631, 1422, -1,
      1422, 1631, 1591, -1,
      1422, 1591, 1423, -1,
      1423, 1591, 1589, -1,
      1423, 1589, 1398, -1,
      1398, 1589, 1588, -1,
      1398, 1588, 1399, -1,
      1399, 1588, 1630, -1,
      1399, 1630, 1425, -1,
      1425, 1630, 1629, -1,
      1425, 1629, 1303, -1,
      1303, 1629, 1627, -1,
      1303, 1627, 1301, -1,
      1299, 1301, 1625, -1,
      1625, 1301, 1627, -1,
      1299, 1625, 1623, -1,
      1299, 1623, 1266, -1,
      1266, 1623, 1621, -1,
      1266, 1621, 1343, -1,
      1343, 1621, 1619, -1,
      1343, 1619, 1344, -1,
      1344, 1619, 1618, -1,
      1344, 1618, 1346, -1,
      1346, 1618, 1535, -1,
      1346, 1535, 1348, -1,
      1348, 1535, 1533, -1,
      1348, 1533, 1350, -1,
      1350, 1533, 1531, -1,
      1350, 1531, 1389, -1,
      1389, 1531, 1529, -1,
      1389, 1529, 1390, -1,
      1390, 1529, 1596, -1,
      1390, 1596, 1392, -1,
      1392, 1596, 1595, -1,
      1392, 1595, 1393, -1,
      1393, 1595, 1593, -1,
      1393, 1593, 1383, -1,
      1383, 1593, 1592, -1,
      1383, 1592, 1385, -1,
      1246, 1554, 1556, -1,
      1246, 1556, 1247, -1,
      1247, 1556, 1558, -1,
      1247, 1558, 1282, -1,
      1282, 1558, 1566, -1,
      1282, 1566, 1283, -1,
      1283, 1566, 1568, -1,
      1283, 1568, 1270, -1,
      1270, 1568, 1569, -1,
      1270, 1569, 1271, -1,
      1271, 1569, 1485, -1,
      1271, 1485, 1272, -1,
      1272, 1485, 1484, -1,
      1272, 1484, 1249, -1,
      1249, 1484, 1483, -1,
      1249, 1483, 1251, -1,
      1251, 1483, 1482, -1,
      1251, 1482, 1284, -1,
      1284, 1482, 1553, -1,
      1284, 1553, 1374, -1,
      1374, 1553, 1552, -1,
      1374, 1552, 1372, -1,
      1372, 1552, 1480, -1,
      1372, 1480, 1381, -1,
      1381, 1480, 1479, -1,
      1381, 1479, 1379, -1,
      1379, 1479, 1561, -1,
      1379, 1561, 1290, -1,
      1290, 1561, 1474, -1,
      1290, 1474, 1288, -1,
      1288, 1474, 1476, -1,
      1288, 1476, 1287, -1,
      1287, 1476, 1478, -1,
      1287, 1478, 1340, -1,
      1340, 1478, 1548, -1,
      1340, 1548, 1341, -1,
      1341, 1548, 1463, -1,
      1341, 1463, 1342, -1,
      1342, 1463, 1461, -1,
      1342, 1461, 1263, -1,
      1263, 1461, 1460, -1,
      1263, 1460, 1262, -1,
      1262, 1460, 1505, -1,
      1262, 1505, 1260, -1,
      1260, 1505, 1504, -1,
      1260, 1504, 1293, -1,
      1293, 1504, 1459, -1,
      1293, 1459, 1291, -1,
      1291, 1459, 1458, -1,
      1291, 1458, 1276, -1,
      1276, 1458, 1554, -1,
      1276, 1554, 1246, -1,
    ]
  }
}
