#VRML V2.0 utf8

Shape {
  appearance Appearance {
    material Material {
      diffuseColor 0.2510 0.2510 0.2510
      specularColor 0.1255 0.1255 0.1255
      ambientIntensity 0.2
      transparency 0.0000
      shininess 0.5
    }
  }
  geometry IndexedFaceSet {
    ccw TRUE
    solid FALSE
    coord DEF co Coordinate {
      point [
        -0.157480 0.157480 0.000000,
        -1.299213 0.157480 0.000000,
        -1.299213 1.299213 0.000000,
        -0.080896 -0.494509 0.000000,
        -0.048780 -0.494509 0.000000,
        -0.037257 -0.495230 0.000000,
        -0.157480 -0.157480 0.000000,
        -0.197139 -0.376399 0.000000,
        -0.212983 -0.376399 0.000000,
        -0.134325 -0.401061 0.000000,
        -0.139814 -0.411218 0.000000,
        -0.037257 1.299213 0.000000,
        -0.048780 -0.376399 0.000000,
        -0.082111 -0.376399 0.000000,
        -0.099175 -0.378223 0.000000,
        -0.112994 -0.383076 0.000000,
        -0.125850 -0.391691 0.000000,
        -0.125973 -0.391799 0.000000,
        -0.142987 -0.422855 0.000000,
        -0.143845 -0.433969 0.000000,
        -0.152487 -0.494509 0.000000,
        -0.142187 -0.449775 0.000000,
        -0.137947 -0.462138 0.000000,
        -0.131174 -0.472702 0.000000,
        -0.241790 -0.494509 0.000000,
        -0.259074 -0.494509 0.000000,
        -1.299213 -0.495230 0.000000,
        -1.299213 -0.157480 0.000000,
        -0.121452 -0.482010 0.000000,
        -0.109120 -0.489177 0.000000,
        -0.095510 -0.493233 0.000000,
        -0.169771 -0.494509 0.000000,
        -0.181047 -0.461381 0.000000,
        -0.229839 -0.461381 0.000000,
        0.093186 -0.495950 0.000000,
        1.299213 -0.495230 0.000000,
        1.299213 -0.826772 0.000000,
        0.826772 -1.299213 0.000000,
        -0.037257 -1.299213 0.000000,
        0.089956 -0.495894 0.000000,
        0.085212 -0.495230 0.000000,
        -0.025735 -0.481546 0.000000,
        -0.025735 -0.494509 0.000000,
        0.037642 -0.494509 0.000000,
        -0.022854 -0.376399 0.000000,
        -0.022854 -0.389362 0.000000,
        0.060687 -0.488388 0.000000,
        0.060687 -0.475424 0.000000,
        0.037642 -0.376399 0.000000,
        0.826772 1.299213 0.000000,
        0.157480 0.157480 0.000000,
        1.299213 0.826772 0.000000,
        1.299213 0.157480 0.000000,
        0.021798 -0.441216 0.000000,
        0.021798 -0.481546 0.000000,
        -0.019973 -0.441216 0.000000,
        -0.019973 -0.428252 0.000000,
        0.021798 -0.428252 0.000000,
        0.021798 -0.389362 0.000000,
        0.099977 -0.389228 0.000000,
        0.108818 -0.392419 0.000000,
        0.062804 -0.476597 0.000000,
        0.116993 -0.397887 0.000000,
        0.124125 -0.405761 0.000000,
        0.132706 -0.436715 0.000000,
        0.131510 -0.449500 0.000000,
        0.128301 -0.459660 0.000000,
        0.102019 -0.481750 0.000000,
        0.091003 -0.482986 0.000000,
        0.110625 -0.478582 0.000000,
        0.117874 -0.473696 0.000000,
        0.123417 -0.467850 0.000000,
        0.075325 -0.481246 0.000000,
        0.219128 -0.494509 0.000000,
        0.100131 -0.495230 0.000000,
        0.158633 -0.494509 0.000000,
        0.107741 -0.494441 0.000000,
        0.119189 -0.490500 0.000000,
        0.203284 -0.376399 0.000000,
        0.157480 -0.157480 0.000000,
        0.219128 -0.376399 0.000000,
        1.299213 -0.157480 0.000000,
        0.128994 -0.414881 0.000000,
        0.132143 -0.427525 0.000000,
        0.124731 -0.386210 0.000000,
        0.135394 -0.396465 0.000000,
        0.142317 -0.407507 0.000000,
        0.128690 -0.484433 0.000000,
        0.137561 -0.475093 0.000000,
        0.158633 -0.481546 0.000000,
        0.143853 -0.463863 0.000000,
        0.203284 -0.481546 0.000000,
        0.147408 -0.451361 0.000000,
        0.148550 -0.437682 0.000000,
        0.146851 -0.420891 0.000000,
        0.113512 -0.379752 0.000000,
        0.100345 -0.375927 0.000000,
        0.088482 -0.374959 0.000000,
        0.074343 -0.375934 0.000000,
        0.060687 -0.379640 0.000000,
        0.060687 -0.395484 0.000000,
        0.073991 -0.389787 0.000000,
        0.088347 -0.387922 0.000000,
        -1.299213 -1.299213 0.000000,
        0.073278 -0.493557 0.000000,
        1.299213 0.157480 0.078740,
        1.299213 0.127953 0.078740,
        0.413386 0.127953 0.078740,
        1.299213 -0.127953 0.078740,
        1.299213 -0.157480 0.078740,
        0.413386 -0.127953 0.078740,
        0.157480 -0.157480 0.078740,
        0.157480 0.157480 0.078740,
        -1.299213 -0.157480 0.078740,
        -1.299213 -0.127953 0.078740,
        -0.413386 -0.127953 0.078740,
        -1.299213 0.127953 0.078740,
        -1.299213 0.157480 0.078740,
        -0.413386 0.127953 0.078740,
        -0.157480 0.157480 0.078740,
        -0.157480 -0.157480 0.078740,
      ]
    }
    coordIndex [
      0, 1, 2, -1,
      3, 4, 5, -1,
      6, 7, 8, -1,
      7, 9, 10, -1,
      2, 11, 0, -1,
      0, 11, 12, -1,
      0, 12, 6, -1,
      6, 12, 13, -1,
      6, 13, 14, -1,
      14, 15, 6, -1,
      6, 15, 16, -1,
      6, 16, 7, -1,
      7, 16, 17, -1,
      7, 17, 9, -1,
      10, 18, 7, -1,
      7, 18, 19, -1,
      7, 19, 20, -1,
      19, 21, 20, -1,
      20, 21, 22, -1,
      20, 22, 23, -1,
      24, 5, 25, -1,
      25, 5, 26, -1,
      25, 26, 8, -1,
      8, 26, 27, -1,
      8, 27, 6, -1,
      23, 28, 20, -1,
      20, 28, 29, -1,
      20, 29, 30, -1,
      30, 3, 20, -1,
      20, 3, 5, -1,
      20, 5, 31, -1,
      31, 5, 24, -1,
      31, 24, 32, -1,
      32, 24, 33, -1,
      34, 35, 36, -1,
      36, 37, 34, -1,
      34, 37, 38, -1,
      34, 38, 39, -1,
      39, 38, 40, -1,
      41, 42, 5, -1,
      5, 42, 43, -1,
      4, 12, 5, -1,
      5, 12, 11, -1,
      5, 11, 41, -1,
      41, 11, 44, -1,
      41, 44, 45, -1,
      46, 43, 47, -1,
      47, 43, 48, -1,
      11, 49, 50, -1,
      50, 49, 51, -1,
      50, 51, 52, -1,
      53, 54, 55, -1,
      55, 54, 41, -1,
      55, 41, 56, -1,
      56, 41, 45, -1,
      56, 45, 57, -1,
      57, 45, 58, -1,
      59, 60, 61, -1,
      61, 60, 62, -1,
      61, 62, 63, -1,
      64, 65, 61, -1,
      61, 65, 66, -1,
      67, 68, 69, -1,
      69, 68, 70, -1,
      66, 71, 61, -1,
      61, 71, 70, -1,
      61, 70, 72, -1,
      72, 70, 68, -1,
      73, 74, 75, -1,
      75, 74, 76, -1,
      75, 76, 77, -1,
      78, 79, 80, -1,
      80, 79, 81, -1,
      80, 81, 73, -1,
      73, 81, 35, -1,
      73, 35, 74, -1,
      74, 35, 34, -1,
      11, 50, 44, -1,
      44, 50, 79, -1,
      44, 79, 48, -1,
      63, 82, 61, -1,
      61, 82, 83, -1,
      61, 83, 64, -1,
      84, 79, 85, -1,
      85, 79, 78, -1,
      85, 78, 86, -1,
      77, 87, 75, -1,
      75, 87, 88, -1,
      75, 88, 89, -1,
      89, 88, 90, -1,
      89, 90, 91, -1,
      90, 92, 91, -1,
      91, 92, 93, -1,
      91, 93, 78, -1,
      78, 93, 94, -1,
      78, 94, 86, -1,
      84, 95, 79, -1,
      79, 95, 96, -1,
      79, 96, 97, -1,
      97, 98, 79, -1,
      79, 98, 99, -1,
      79, 99, 48, -1,
      48, 99, 100, -1,
      48, 100, 47, -1,
      47, 100, 101, -1,
      47, 101, 61, -1,
      61, 101, 102, -1,
      61, 102, 59, -1,
      103, 26, 38, -1,
      38, 26, 5, -1,
      38, 5, 40, -1,
      40, 5, 43, -1,
      40, 43, 104, -1,
      104, 43, 46, -1,
      105, 106, 107, -1,
      108, 109, 110, -1,
      110, 109, 111, -1,
      110, 111, 107, -1,
      107, 111, 112, -1,
      107, 112, 105, -1,
      113, 114, 115, -1,
      116, 117, 118, -1,
      118, 117, 119, -1,
      118, 119, 115, -1,
      115, 119, 120, -1,
      115, 120, 113, -1,
    ]
  }
}

Shape {
  appearance Appearance {
    material Material {
      diffuseColor 1.0000 1.0000 1.0000
      specularColor 0.5020 0.5020 0.5020
      ambientIntensity 0.2
      transparency 0.0000
      shininess 0.5
    }
  }
  geometry IndexedFaceSet {
    ccw TRUE
    solid FALSE
    coord DEF co Coordinate {
      point [
        -1.238794 -0.058129 0.421520,
        -1.240157 0.000000 0.196850,
        -1.229092 -0.165297 0.196850,
        -1.194900 -0.327299 0.421520,
        -1.206230 -0.288095 0.421520,
        -1.196094 -0.327644 0.196850,
        -1.227908 -0.173876 0.421520,
        -1.228718 -0.165262 0.421520,
        -1.173952 -0.399783 0.421520,
        -1.141751 -0.484144 0.196850,
        -1.140871 -0.483798 0.421520,
        -1.131358 -0.507957 0.421520,
        -1.067033 -0.632005 0.196850,
        -1.078821 -0.611667 0.421520,
        -0.973275 -0.768587 0.196850,
        -1.016803 -0.710001 0.421520,
        -1.066290 -0.631536 0.421520,
        -0.861966 -0.891249 0.421520,
        -0.866584 -0.887143 0.421520,
        -0.862148 -0.891455 0.196850,
        -0.945850 -0.802096 0.421520,
        -0.972265 -0.767810 0.421520,
        -0.779703 -0.964393 0.421520,
        -0.735636 -0.998414 0.196850,
        -0.734831 -0.997317 0.421520,
        -0.685970 -1.033168 0.421520,
        -0.595997 -1.087556 0.196850,
        -0.595755 -1.087151 0.421520,
        -0.586208 -1.092863 0.421520,
        -0.445722 -1.157291 0.196850,
        -0.481295 -1.142955 0.421520,
        -0.287493 -1.206374 0.196850,
        -0.372152 -1.183002 0.421520,
        -0.445307 -1.156160 0.421520,
        -0.124078 -1.233124 0.421520,
        -0.145043 -1.231646 0.421520,
        -0.124134 -1.233929 0.196850,
        -0.259739 -1.212652 0.421520,
        -0.287237 -1.205400 0.421520,
        -0.029072 -1.239817 0.421520,
        0.041440 -1.239465 0.196850,
        0.041409 -1.238164 0.421520,
        0.087154 -1.237091 0.421520,
        0.206274 -1.222882 0.196850,
        0.202614 -1.223494 0.421520,
        0.367428 -1.184478 0.196850,
        0.316293 -1.199145 0.421520,
        0.206239 -1.222718 0.421520,
        0.522026 -1.124935 0.196850,
        0.427193 -1.164258 0.421520,
        0.367022 -1.183187 0.421520,
        0.666663 -1.044350 0.421520,
        0.636789 -1.064185 0.421520,
        0.667307 -1.045319 0.196850,
        0.534339 -1.119139 0.421520,
        0.521807 -1.124417 0.421520,
        0.733643 -0.999880 0.421520,
        0.800680 -0.947049 0.196850,
        0.800011 -0.946221 0.421520,
        0.824049 -0.926787 0.421520,
        0.919765 -0.831879 0.196850,
        0.907214 -0.845549 0.421520,
        1.022437 -0.701863 0.196850,
        0.982406 -0.756881 0.421520,
        0.919208 -0.831406 0.421520,
        1.106811 -0.559300 0.421520,
        1.106306 -0.560428 0.421520,
        1.106864 -0.559324 0.196850,
        1.048965 -0.661561 0.421520,
        1.021352 -0.701106 0.421520,
        1.153924 -0.454369 0.421520,
        1.171539 -0.406802 0.196850,
        1.170269 -0.406370 0.421520,
        1.191401 -0.344317 0.421520,
        1.215307 -0.247022 0.196850,
        1.214675 -0.246871 0.421520,
        1.218408 -0.231240 0.421520,
        1.237388 -0.082833 0.196850,
        1.234708 -0.116130 0.421520,
        1.214675 0.246871 0.421520,
        1.218408 0.231240 0.421520,
        1.215307 0.247022 0.196850,
        1.234708 0.116130 0.421520,
        1.237388 0.082833 0.196850,
        1.236273 0.082781 0.421520,
        1.240157 0.000000 0.196850,
        1.240157 0.000000 0.421520,
        1.236273 -0.082781 0.421520,
        1.191401 0.344317 0.421520,
        1.171539 0.406802 0.196850,
        1.170269 0.406370 0.421520,
        1.153924 0.454369 0.421520,
        1.106864 0.559324 0.196850,
        1.106811 0.559300 0.421520,
        1.106306 0.560428 0.421520,
        1.022437 0.701863 0.196850,
        1.048965 0.661561 0.421520,
        0.919765 0.831879 0.196850,
        0.982406 0.756881 0.421520,
        1.021352 0.701106 0.421520,
        0.800011 0.946221 0.421520,
        0.824049 0.926787 0.421520,
        0.800680 0.947049 0.196850,
        0.907214 0.845549 0.421520,
        0.919208 0.831406 0.421520,
        0.733643 0.999880 0.421520,
        0.667307 1.045319 0.196850,
        0.666663 1.044350 0.421520,
        0.636789 1.064185 0.421520,
        0.522026 1.124935 0.196850,
        0.534339 1.119139 0.421520,
        0.367428 1.184478 0.196850,
        0.427193 1.164258 0.421520,
        0.521807 1.124417 0.421520,
        0.206274 1.222882 0.196850,
        0.316293 1.199145 0.421520,
        0.367022 1.183187 0.421520,
        0.041409 1.238164 0.421520,
        0.087154 1.237091 0.421520,
        0.041440 1.239465 0.196850,
        0.202614 1.223494 0.421520,
        0.206239 1.222718 0.421520,
        -0.029072 1.239817 0.421520,
        -0.124134 1.233929 0.196850,
        -0.124078 1.233124 0.421520,
        -0.145043 1.231646 0.421520,
        -0.287493 1.206374 0.196850,
        -0.259739 1.212652 0.421520,
        -0.445722 1.157291 0.196850,
        -0.372152 1.183002 0.421520,
        -0.287237 1.205400 0.421520,
        -0.595755 1.087151 0.421520,
        -0.586208 1.092863 0.421520,
        -0.595997 1.087556 0.196850,
        -0.481295 1.142955 0.421520,
        -0.445307 1.156160 0.421520,
        -0.685970 1.033168 0.421520,
        -0.735636 0.998414 0.196850,
        -0.734831 0.997317 0.421520,
        -0.779703 0.964393 0.421520,
        -0.862148 0.891455 0.196850,
        -0.861966 0.891249 0.421520,
        -0.866584 0.887143 0.421520,
        -0.973275 0.768587 0.196850,
        -0.945850 0.802096 0.421520,
        -1.067033 0.632005 0.196850,
        -1.016803 0.710001 0.421520,
        -0.972265 0.767810 0.421520,
        -1.140871 0.483798 0.421520,
        -1.131358 0.507957 0.421520,
        -1.141751 0.484144 0.196850,
        -1.078821 0.611667 0.421520,
        -1.066290 0.631536 0.421520,
        -1.173952 0.399783 0.421520,
        -1.196094 0.327644 0.196850,
        -1.194900 0.327299 0.421520,
        -1.206230 0.288095 0.421520,
        -1.229092 0.165297 0.196850,
        -1.227908 0.173876 0.421520,
        -1.238794 0.000000 0.421520,
        -1.238794 0.058129 0.421520,
        -1.228718 0.165262 0.421520,
      ]
    }
    coordIndex [
      0, 1, 2, -1,
      3, 4, 5, -1,
      5, 4, 6, -1,
      5, 6, 2, -1,
      2, 6, 7, -1,
      2, 7, 0, -1,
      3, 5, 8, -1,
      8, 5, 9, -1,
      8, 9, 10, -1,
      10, 9, 11, -1,
      11, 9, 12, -1,
      11, 12, 13, -1,
      14, 15, 12, -1,
      12, 15, 16, -1,
      12, 16, 13, -1,
      17, 18, 19, -1,
      19, 18, 20, -1,
      19, 20, 14, -1,
      14, 20, 21, -1,
      14, 21, 15, -1,
      17, 19, 22, -1,
      22, 19, 23, -1,
      22, 23, 24, -1,
      24, 23, 25, -1,
      25, 23, 26, -1,
      25, 26, 27, -1,
      27, 26, 28, -1,
      28, 26, 29, -1,
      28, 29, 30, -1,
      31, 32, 29, -1,
      29, 32, 33, -1,
      29, 33, 30, -1,
      34, 35, 36, -1,
      36, 35, 37, -1,
      36, 37, 31, -1,
      31, 37, 38, -1,
      31, 38, 32, -1,
      34, 36, 39, -1,
      39, 36, 40, -1,
      39, 40, 41, -1,
      41, 40, 42, -1,
      42, 40, 43, -1,
      42, 43, 44, -1,
      45, 46, 43, -1,
      43, 46, 47, -1,
      43, 47, 44, -1,
      48, 49, 45, -1,
      45, 49, 50, -1,
      45, 50, 46, -1,
      51, 52, 53, -1,
      53, 52, 54, -1,
      53, 54, 48, -1,
      48, 54, 55, -1,
      48, 55, 49, -1,
      51, 53, 56, -1,
      56, 53, 57, -1,
      56, 57, 58, -1,
      58, 57, 59, -1,
      59, 57, 60, -1,
      59, 60, 61, -1,
      62, 63, 60, -1,
      60, 63, 64, -1,
      60, 64, 61, -1,
      65, 66, 67, -1,
      67, 66, 68, -1,
      67, 68, 62, -1,
      62, 68, 69, -1,
      62, 69, 63, -1,
      65, 67, 70, -1,
      70, 67, 71, -1,
      70, 71, 72, -1,
      72, 71, 73, -1,
      73, 71, 74, -1,
      73, 74, 75, -1,
      75, 74, 76, -1,
      76, 74, 77, -1,
      76, 77, 78, -1,
      79, 80, 81, -1,
      81, 80, 82, -1,
      81, 82, 83, -1,
      83, 82, 84, -1,
      83, 84, 85, -1,
      85, 84, 86, -1,
      85, 86, 77, -1,
      77, 86, 87, -1,
      77, 87, 78, -1,
      79, 81, 88, -1,
      88, 81, 89, -1,
      88, 89, 90, -1,
      90, 89, 91, -1,
      91, 89, 92, -1,
      91, 92, 93, -1,
      93, 92, 94, -1,
      94, 92, 95, -1,
      94, 95, 96, -1,
      97, 98, 95, -1,
      95, 98, 99, -1,
      95, 99, 96, -1,
      100, 101, 102, -1,
      102, 101, 103, -1,
      102, 103, 97, -1,
      97, 103, 104, -1,
      97, 104, 98, -1,
      100, 102, 105, -1,
      105, 102, 106, -1,
      105, 106, 107, -1,
      107, 106, 108, -1,
      108, 106, 109, -1,
      108, 109, 110, -1,
      111, 112, 109, -1,
      109, 112, 113, -1,
      109, 113, 110, -1,
      114, 115, 111, -1,
      111, 115, 116, -1,
      111, 116, 112, -1,
      117, 118, 119, -1,
      119, 118, 120, -1,
      119, 120, 114, -1,
      114, 120, 121, -1,
      114, 121, 115, -1,
      117, 119, 122, -1,
      122, 119, 123, -1,
      122, 123, 124, -1,
      124, 123, 125, -1,
      125, 123, 126, -1,
      125, 126, 127, -1,
      128, 129, 126, -1,
      126, 129, 130, -1,
      126, 130, 127, -1,
      131, 132, 133, -1,
      133, 132, 134, -1,
      133, 134, 128, -1,
      128, 134, 135, -1,
      128, 135, 129, -1,
      131, 133, 136, -1,
      136, 133, 137, -1,
      136, 137, 138, -1,
      138, 137, 139, -1,
      139, 137, 140, -1,
      139, 140, 141, -1,
      141, 140, 142, -1,
      142, 140, 143, -1,
      142, 143, 144, -1,
      145, 146, 143, -1,
      143, 146, 147, -1,
      143, 147, 144, -1,
      148, 149, 150, -1,
      150, 149, 151, -1,
      150, 151, 145, -1,
      145, 151, 152, -1,
      145, 152, 146, -1,
      148, 150, 153, -1,
      153, 150, 154, -1,
      153, 154, 155, -1,
      155, 154, 156, -1,
      156, 154, 157, -1,
      156, 157, 158, -1,
      0, 159, 1, -1,
      1, 159, 160, -1,
      1, 160, 157, -1,
      157, 160, 161, -1,
      157, 161, 158, -1,
    ]
  }
}

Shape {
  appearance Appearance {
    material Material {
      diffuseColor 0.2510 0.2510 0.2510
      specularColor 0.1255 0.1255 0.1255
      ambientIntensity 0.2
      transparency 0.0000
      shininess 0.5
    }
  }
  geometry IndexedFaceSet {
    ccw TRUE
    solid FALSE
    coord DEF co Coordinate {
      point [
        -1.299213 0.157480 0.000000,
        -1.299213 1.299213 0.000000,
        -0.037257 1.299213 0.000000,
        -1.299213 -0.495230 0.000000,
        -1.299213 -0.157480 0.000000,
        1.299213 -0.495230 0.000000,
        1.299213 -0.826772 0.000000,
        0.826772 -1.299213 0.000000,
        -0.037257 -1.299213 0.000000,
        0.826772 1.299213 0.000000,
        1.299213 0.826772 0.000000,
        1.299213 0.157480 0.000000,
        1.299213 -0.157480 0.000000,
        -1.299213 -1.299213 0.000000,
        1.299213 0.157480 0.078740,
        1.299213 0.127953 0.078740,
        1.299213 -0.127953 0.078740,
        1.299213 -0.157480 0.078740,
        -1.299213 -0.157480 0.078740,
        -1.299213 -0.127953 0.078740,
        -1.299213 0.127953 0.078740,
        -1.299213 0.157480 0.078740,
        -1.240157 0.000000 0.196850,
        -1.229092 -0.165297 0.196850,
        -1.196094 -0.327644 0.196850,
        -1.141751 -0.484144 0.196850,
        -1.067033 -0.632005 0.196850,
        -0.973275 -0.768587 0.196850,
        -0.862148 -0.891455 0.196850,
        -0.735636 -0.998414 0.196850,
        -0.595997 -1.087556 0.196850,
        -0.445722 -1.157291 0.196850,
        -0.287493 -1.206374 0.196850,
        -0.124134 -1.233929 0.196850,
        0.041440 -1.239465 0.196850,
        0.206274 -1.222882 0.196850,
        0.367428 -1.184478 0.196850,
        0.522026 -1.124935 0.196850,
        0.667307 -1.045319 0.196850,
        0.800680 -0.947049 0.196850,
        0.919765 -0.831879 0.196850,
        1.022437 -0.701863 0.196850,
        1.106864 -0.559324 0.196850,
        1.171539 -0.406802 0.196850,
        1.215307 -0.247022 0.196850,
        1.237388 -0.082833 0.196850,
        1.215307 0.247022 0.196850,
        1.237388 0.082833 0.196850,
        1.240157 0.000000 0.196850,
        1.171539 0.406802 0.196850,
        1.106864 0.559324 0.196850,
        1.022437 0.701863 0.196850,
        0.919765 0.831879 0.196850,
        0.800680 0.947049 0.196850,
        0.667307 1.045319 0.196850,
        0.522026 1.124935 0.196850,
        0.367428 1.184478 0.196850,
        0.206274 1.222882 0.196850,
        0.041440 1.239465 0.196850,
        -0.124134 1.233929 0.196850,
        -0.287493 1.206374 0.196850,
        -0.445722 1.157291 0.196850,
        -0.595997 1.087556 0.196850,
        -0.735636 0.998414 0.196850,
        -0.862148 0.891455 0.196850,
        -0.973275 0.768587 0.196850,
        -1.067033 0.632005 0.196850,
        -1.141751 0.484144 0.196850,
        -1.196094 0.327644 0.196850,
        -1.229092 0.165297 0.196850,
        1.244991 0.295276 0.196850,
        1.244991 0.295276 0.314961,
        1.199454 0.445534 0.196850,
        1.199454 0.445534 0.314961,
        1.135857 0.589085 0.196850,
        1.135857 0.589085 0.314961,
        1.055156 0.723765 0.196850,
        1.055156 0.723765 0.314961,
        0.958569 0.847548 0.196850,
        0.958569 0.847548 0.314961,
        0.847548 0.958569 0.196850,
        0.847548 0.958569 0.314961,
        0.723765 1.055156 0.196850,
        0.723765 1.055156 0.314961,
        0.589085 1.135857 0.196850,
        0.589085 1.135857 0.314961,
        0.445534 1.199454 0.196850,
        0.445534 1.199454 0.314961,
        0.295276 1.244991 0.196850,
        0.295276 1.244991 0.314961,
        0.295276 -1.244991 0.196850,
        0.295276 -1.244991 0.314961,
        0.445534 -1.199454 0.196850,
        0.445534 -1.199454 0.314961,
        0.589085 -1.135857 0.196850,
        0.589085 -1.135857 0.314961,
        0.723765 -1.055156 0.196850,
        0.723765 -1.055156 0.314961,
        0.847548 -0.958569 0.196850,
        0.847548 -0.958569 0.314961,
        0.958569 -0.847548 0.196850,
        0.958569 -0.847548 0.314961,
        1.055156 -0.723765 0.196850,
        1.055156 -0.723765 0.314961,
        1.135857 -0.589085 0.196850,
        1.135857 -0.589085 0.314961,
        1.199454 -0.445534 0.196850,
        1.199454 -0.445534 0.314961,
        1.244991 -0.295276 0.196850,
        1.244991 -0.295276 0.314961,
        -1.299213 1.299213 0.393701,
        -0.295276 1.299213 0.393701,
        -0.295276 1.299213 0.196850,
        0.295276 1.299213 0.314961,
        0.826772 1.299213 0.314961,
        0.295276 1.299213 0.196850,
        -0.295276 -1.299213 0.196850,
        -0.295276 -1.299213 0.393701,
        -1.299213 -1.299213 0.393701,
        0.826772 -1.299213 0.314961,
        0.295276 -1.299213 0.314961,
        0.295276 -1.299213 0.196850,
        1.299213 -0.295276 0.196850,
        1.299213 0.295276 0.196850,
        1.299213 0.295276 0.314961,
        1.299213 0.826772 0.314961,
        1.299213 -0.295276 0.314961,
        1.299213 -0.826772 0.314961,
        -1.135857 0.589085 0.393701,
        -1.055156 0.723765 0.393701,
        -1.299213 0.295276 0.393701,
        -1.244991 0.295276 0.393701,
        -1.199454 0.445534 0.393701,
        -0.958569 0.847548 0.393701,
        -0.847548 0.958569 0.393701,
        -0.723765 1.055156 0.393701,
        -0.295276 1.244991 0.393701,
        -0.445534 1.199454 0.393701,
        -0.589085 1.135857 0.393701,
        -0.589085 -1.135857 0.393701,
        -0.723765 -1.055156 0.393701,
        -0.295276 -1.244991 0.393701,
        -0.445534 -1.199454 0.393701,
        -0.847548 -0.958569 0.393701,
        -0.958569 -0.847548 0.393701,
        -1.055156 -0.723765 0.393701,
        -1.244991 -0.295276 0.393701,
        -1.299213 -0.295276 0.393701,
        -1.199454 -0.445534 0.393701,
        -1.135857 -0.589085 0.393701,
        -0.295276 1.244991 0.196850,
        -0.445534 1.199454 0.196850,
        -0.589085 1.135857 0.196850,
        -0.723765 1.055156 0.196850,
        -0.847548 0.958569 0.196850,
        -0.958569 0.847548 0.196850,
        -1.055156 0.723765 0.196850,
        -1.135857 0.589085 0.196850,
        -1.199454 0.445534 0.196850,
        -1.244991 0.295276 0.196850,
        -1.244991 -0.295276 0.196850,
        -1.199454 -0.445534 0.196850,
        -1.135857 -0.589085 0.196850,
        -1.055156 -0.723765 0.196850,
        -0.958569 -0.847548 0.196850,
        -0.847548 -0.958569 0.196850,
        -0.723765 -1.055156 0.196850,
        -0.589085 -1.135857 0.196850,
        -0.445534 -1.199454 0.196850,
        -0.295276 -1.244991 0.196850,
        -1.299213 0.295276 0.196850,
        -1.299213 -0.295276 0.196850,
      ]
    }
    coordIndex [
      70, 71, 72, -1,
      72, 71, 73, -1,
      72, 73, 74, -1,
      74, 73, 75, -1,
      74, 75, 76, -1,
      76, 75, 77, -1,
      76, 77, 78, -1,
      78, 77, 79, -1,
      78, 79, 80, -1,
      80, 79, 81, -1,
      80, 81, 82, -1,
      82, 81, 83, -1,
      82, 83, 84, -1,
      84, 83, 85, -1,
      84, 85, 86, -1,
      86, 85, 87, -1,
      86, 87, 88, -1,
      88, 87, 89, -1,
      90, 91, 92, -1,
      92, 91, 93, -1,
      92, 93, 94, -1,
      94, 93, 95, -1,
      94, 95, 96, -1,
      96, 95, 97, -1,
      96, 97, 98, -1,
      98, 97, 99, -1,
      98, 99, 100, -1,
      100, 99, 101, -1,
      100, 101, 102, -1,
      102, 101, 103, -1,
      102, 103, 104, -1,
      104, 103, 105, -1,
      104, 105, 106, -1,
      106, 105, 107, -1,
      106, 107, 108, -1,
      108, 107, 109, -1,
      110, 111, 1, -1,
      1, 111, 112, -1,
      113, 114, 115, -1,
      115, 114, 9, -1,
      115, 9, 112, -1,
      112, 9, 2, -1,
      112, 2, 1, -1,
      116, 117, 118, -1,
      119, 120, 7, -1,
      7, 120, 121, -1,
      7, 121, 8, -1,
      8, 121, 116, -1,
      8, 116, 13, -1,
      13, 116, 118, -1,
      122, 5, 12, -1,
      14, 11, 123, -1,
      123, 11, 10, -1,
      123, 10, 124, -1,
      124, 10, 125, -1,
      122, 126, 5, -1,
      5, 126, 127, -1,
      5, 127, 6, -1,
      12, 17, 122, -1,
      122, 17, 16, -1,
      122, 16, 123, -1,
      123, 16, 15, -1,
      123, 15, 14, -1,
      126, 122, 109, -1,
      109, 122, 108, -1,
      71, 70, 124, -1,
      124, 70, 123, -1,
      91, 90, 120, -1,
      120, 90, 121, -1,
      113, 115, 89, -1,
      89, 115, 88, -1,
      110, 128, 129, -1,
      130, 131, 110, -1,
      110, 131, 132, -1,
      110, 132, 128, -1,
      129, 133, 110, -1,
      110, 133, 134, -1,
      110, 134, 135, -1,
      136, 111, 137, -1,
      137, 111, 110, -1,
      137, 110, 138, -1,
      138, 110, 135, -1,
      118, 139, 140, -1,
      117, 141, 118, -1,
      118, 141, 142, -1,
      118, 142, 139, -1,
      140, 143, 118, -1,
      118, 143, 144, -1,
      118, 144, 145, -1,
      146, 147, 148, -1,
      148, 147, 118, -1,
      148, 118, 149, -1,
      149, 118, 145, -1,
      150, 136, 151, -1,
      151, 136, 137, -1,
      151, 137, 152, -1,
      152, 137, 138, -1,
      152, 138, 153, -1,
      153, 138, 135, -1,
      153, 135, 154, -1,
      154, 135, 134, -1,
      154, 134, 155, -1,
      155, 134, 133, -1,
      155, 133, 156, -1,
      156, 133, 129, -1,
      156, 129, 157, -1,
      157, 129, 128, -1,
      157, 128, 158, -1,
      158, 128, 132, -1,
      158, 132, 159, -1,
      159, 132, 131, -1,
      160, 146, 161, -1,
      161, 146, 148, -1,
      161, 148, 162, -1,
      162, 148, 149, -1,
      162, 149, 163, -1,
      163, 149, 145, -1,
      163, 145, 164, -1,
      164, 145, 144, -1,
      164, 144, 165, -1,
      165, 144, 143, -1,
      165, 143, 166, -1,
      166, 143, 140, -1,
      166, 140, 167, -1,
      167, 140, 139, -1,
      167, 139, 168, -1,
      168, 139, 142, -1,
      168, 142, 169, -1,
      169, 142, 141, -1,
      1, 0, 21, -1,
      130, 110, 170, -1,
      170, 110, 1, -1,
      171, 18, 4, -1,
      1, 21, 170, -1,
      170, 21, 20, -1,
      170, 20, 171, -1,
      171, 20, 19, -1,
      171, 19, 18, -1,
      118, 147, 13, -1,
      13, 147, 171, -1,
      13, 171, 3, -1,
      3, 171, 4, -1,
      123, 70, 46, -1,
      58, 112, 59, -1,
      59, 112, 150, -1,
      59, 150, 60, -1,
      159, 170, 22, -1,
      22, 170, 171, -1,
      22, 171, 23, -1,
      23, 171, 160, -1,
      23, 160, 24, -1,
      46, 70, 49, -1,
      49, 70, 72, -1,
      49, 72, 50, -1,
      50, 72, 74, -1,
      50, 74, 51, -1,
      51, 74, 76, -1,
      51, 76, 52, -1,
      52, 76, 78, -1,
      52, 78, 53, -1,
      53, 78, 80, -1,
      53, 80, 54, -1,
      54, 80, 82, -1,
      54, 82, 55, -1,
      55, 82, 84, -1,
      55, 84, 56, -1,
      56, 84, 86, -1,
      56, 86, 57, -1,
      57, 86, 88, -1,
      57, 88, 58, -1,
      58, 88, 115, -1,
      58, 115, 112, -1,
      24, 160, 25, -1,
      25, 160, 161, -1,
      25, 161, 26, -1,
      22, 69, 159, -1,
      159, 69, 68, -1,
      159, 68, 158, -1,
      158, 68, 67, -1,
      158, 67, 157, -1,
      157, 67, 66, -1,
      60, 150, 61, -1,
      61, 150, 151, -1,
      61, 151, 62, -1,
      62, 151, 152, -1,
      62, 152, 63, -1,
      63, 152, 153, -1,
      63, 153, 64, -1,
      64, 153, 154, -1,
      64, 154, 65, -1,
      65, 154, 155, -1,
      65, 155, 66, -1,
      66, 155, 156, -1,
      66, 156, 157, -1,
      161, 162, 26, -1,
      26, 162, 163, -1,
      26, 163, 27, -1,
      27, 163, 164, -1,
      27, 164, 28, -1,
      28, 164, 165, -1,
      28, 165, 29, -1,
      29, 165, 166, -1,
      29, 166, 30, -1,
      30, 166, 167, -1,
      30, 167, 31, -1,
      31, 167, 168, -1,
      31, 168, 32, -1,
      32, 168, 169, -1,
      32, 169, 33, -1,
      33, 169, 116, -1,
      33, 116, 34, -1,
      34, 116, 121, -1,
      34, 121, 35, -1,
      35, 121, 90, -1,
      35, 90, 36, -1,
      36, 90, 92, -1,
      36, 92, 37, -1,
      37, 92, 94, -1,
      37, 94, 38, -1,
      38, 94, 96, -1,
      38, 96, 39, -1,
      39, 96, 98, -1,
      39, 98, 40, -1,
      40, 98, 100, -1,
      40, 100, 41, -1,
      41, 100, 102, -1,
      41, 102, 42, -1,
      42, 102, 104, -1,
      42, 104, 43, -1,
      43, 104, 106, -1,
      43, 106, 44, -1,
      44, 106, 108, -1,
      44, 108, 45, -1,
      45, 108, 122, -1,
      45, 122, 48, -1,
      48, 122, 123, -1,
      48, 123, 47, -1,
      47, 123, 46, -1,
      171, 147, 160, -1,
      160, 147, 146, -1,
      159, 131, 170, -1,
      170, 131, 130, -1,
      117, 116, 141, -1,
      141, 116, 169, -1,
      112, 111, 150, -1,
      150, 111, 136, -1,
      71, 124, 73, -1,
      73, 124, 125, -1,
      73, 125, 75, -1,
      75, 125, 77, -1,
      113, 89, 114, -1,
      114, 89, 87, -1,
      114, 87, 85, -1,
      85, 83, 114, -1,
      114, 83, 81, -1,
      114, 81, 125, -1,
      125, 81, 79, -1,
      125, 79, 77, -1,
      126, 109, 127, -1,
      127, 109, 107, -1,
      127, 107, 105, -1,
      105, 103, 127, -1,
      127, 103, 101, -1,
      127, 101, 119, -1,
      119, 101, 99, -1,
      119, 99, 97, -1,
      91, 120, 93, -1,
      93, 120, 119, -1,
      93, 119, 95, -1,
      95, 119, 97, -1,
    ]
  }
}

Shape {
  appearance Appearance {
    material Material {
      diffuseColor 1.0000 1.0000 1.0000
      specularColor 0.5020 0.5020 0.5020
      ambientIntensity 0.2
      transparency 0.0000
      shininess 0.5
    }
  }
  geometry IndexedFaceSet {
    ccw TRUE
    solid FALSE
    coord DEF co Coordinate {
      point [
        -1.238794 -0.058129 0.421520,
        -1.194900 -0.327299 0.421520,
        -1.206230 -0.288095 0.421520,
        -1.227908 -0.173876 0.421520,
        -1.228718 -0.165262 0.421520,
        -1.173952 -0.399783 0.421520,
        -1.140871 -0.483798 0.421520,
        -1.131358 -0.507957 0.421520,
        -1.078821 -0.611667 0.421520,
        -1.016803 -0.710001 0.421520,
        -1.066290 -0.631536 0.421520,
        -0.861966 -0.891249 0.421520,
        -0.866584 -0.887143 0.421520,
        -0.945850 -0.802096 0.421520,
        -0.972265 -0.767810 0.421520,
        -0.779703 -0.964393 0.421520,
        -0.734831 -0.997317 0.421520,
        -0.685970 -1.033168 0.421520,
        -0.595755 -1.087151 0.421520,
        -0.586208 -1.092863 0.421520,
        -0.481295 -1.142955 0.421520,
        -0.372152 -1.183002 0.421520,
        -0.445307 -1.156160 0.421520,
        -0.124078 -1.233124 0.421520,
        -0.145043 -1.231646 0.421520,
        -0.259739 -1.212652 0.421520,
        -0.287237 -1.205400 0.421520,
        -0.029072 -1.239817 0.421520,
        0.041409 -1.238164 0.421520,
        0.087154 -1.237091 0.421520,
        0.202614 -1.223494 0.421520,
        0.316293 -1.199145 0.421520,
        0.206239 -1.222718 0.421520,
        0.427193 -1.164258 0.421520,
        0.367022 -1.183187 0.421520,
        0.666663 -1.044350 0.421520,
        0.636789 -1.064185 0.421520,
        0.534339 -1.119139 0.421520,
        0.521807 -1.124417 0.421520,
        0.733643 -0.999880 0.421520,
        0.800011 -0.946221 0.421520,
        0.824049 -0.926787 0.421520,
        0.907214 -0.845549 0.421520,
        0.982406 -0.756881 0.421520,
        0.919208 -0.831406 0.421520,
        1.106811 -0.559300 0.421520,
        1.106306 -0.560428 0.421520,
        1.048965 -0.661561 0.421520,
        1.021352 -0.701106 0.421520,
        1.153924 -0.454369 0.421520,
        1.170269 -0.406370 0.421520,
        1.191401 -0.344317 0.421520,
        1.214675 -0.246871 0.421520,
        1.218408 -0.231240 0.421520,
        1.234708 -0.116130 0.421520,
        1.214675 0.246871 0.421520,
        1.218408 0.231240 0.421520,
        1.234708 0.116130 0.421520,
        1.236273 0.082781 0.421520,
        1.240157 0.000000 0.421520,
        1.236273 -0.082781 0.421520,
        1.191401 0.344317 0.421520,
        1.170269 0.406370 0.421520,
        1.153924 0.454369 0.421520,
        1.106811 0.559300 0.421520,
        1.106306 0.560428 0.421520,
        1.048965 0.661561 0.421520,
        0.982406 0.756881 0.421520,
        1.021352 0.701106 0.421520,
        0.800011 0.946221 0.421520,
        0.824049 0.926787 0.421520,
        0.907214 0.845549 0.421520,
        0.919208 0.831406 0.421520,
        0.733643 0.999880 0.421520,
        0.666663 1.044350 0.421520,
        0.636789 1.064185 0.421520,
        0.534339 1.119139 0.421520,
        0.427193 1.164258 0.421520,
        0.521807 1.124417 0.421520,
        0.316293 1.199145 0.421520,
        0.367022 1.183187 0.421520,
        0.041409 1.238164 0.421520,
        0.087154 1.237091 0.421520,
        0.202614 1.223494 0.421520,
        0.206239 1.222718 0.421520,
        -0.029072 1.239817 0.421520,
        -0.124078 1.233124 0.421520,
        -0.145043 1.231646 0.421520,
        -0.259739 1.212652 0.421520,
        -0.372152 1.183002 0.421520,
        -0.287237 1.205400 0.421520,
        -0.595755 1.087151 0.421520,
        -0.586208 1.092863 0.421520,
        -0.481295 1.142955 0.421520,
        -0.445307 1.156160 0.421520,
        -0.685970 1.033168 0.421520,
        -0.734831 0.997317 0.421520,
        -0.779703 0.964393 0.421520,
        -0.861966 0.891249 0.421520,
        -0.866584 0.887143 0.421520,
        -0.945850 0.802096 0.421520,
        -1.016803 0.710001 0.421520,
        -0.972265 0.767810 0.421520,
        -1.140871 0.483798 0.421520,
        -1.131358 0.507957 0.421520,
        -1.078821 0.611667 0.421520,
        -1.066290 0.631536 0.421520,
        -1.173952 0.399783 0.421520,
        -1.194900 0.327299 0.421520,
        -1.206230 0.288095 0.421520,
        -1.227908 0.173876 0.421520,
        -1.238794 0.000000 0.421520,
        -1.238794 0.058129 0.421520,
        -1.228718 0.165262 0.421520,
        1.211338 0.113932 0.442468,
        1.132082 0.445769 0.442468,
        0.419107 1.142221 0.442468,
        -0.672986 1.013612 0.442468,
        -1.215347 0.057029 0.442468,
        -1.215347 -0.057029 0.442468,
        -0.764945 -0.946139 0.442468,
        -0.672986 -1.013612 0.442468,
        0.310306 -1.176448 0.442468,
        0.419107 -1.142221 0.442468,
        1.132082 -0.445769 0.442468,
        1.168850 -0.337800 0.442468,
        1.195346 -0.226863 0.442468,
        0.719756 0.980954 0.615681,
        0.808452 0.909244 0.615681,
        0.796621 0.895939 0.589743,
        1.214675 0.246871 0.636629,
        1.218408 0.231240 0.636629,
        1.195346 0.226863 0.615681,
        1.021352 0.701106 0.636629,
        1.048965 0.661561 0.636629,
        1.029110 0.649039 0.615681,
        0.666663 1.044350 0.636629,
        0.733643 0.999880 0.636629,
        0.534339 1.119139 0.636629,
        0.636789 1.064185 0.636629,
        0.624736 1.044043 0.615681,
        0.367022 1.183187 0.636629,
        0.427193 1.164258 0.636629,
        0.419107 1.142221 0.615681,
        0.206239 1.222718 0.636629,
        0.316293 1.199145 0.636629,
        0.310306 1.176448 0.615681,
        0.087154 1.237091 0.636629,
        0.202614 1.223494 0.636629,
        0.198779 1.200336 0.615681,
        -0.259739 1.212652 0.636629,
        -0.145043 1.231646 0.636629,
        -0.142298 1.208334 0.615681,
        -0.586208 1.092863 0.636629,
        -0.481295 1.142955 0.636629,
        -0.472185 1.121321 0.615681,
        -0.734831 0.997317 0.636629,
        -0.685970 1.033168 0.636629,
        -0.672986 1.013612 0.615681,
        -0.861966 0.891249 0.636629,
        -0.779703 0.964393 0.636629,
        -0.764945 0.946139 0.615681,
        -0.945850 0.802096 0.636629,
        -0.866584 0.887143 0.636629,
        -0.850181 0.870351 0.615681,
        -1.131358 0.507957 0.636629,
        -1.078821 0.611667 0.636629,
        -1.058401 0.600089 0.615681,
        -1.227908 0.173876 0.636629,
        -1.206230 0.288095 0.636629,
        -1.183399 0.282642 0.615681,
        -1.238794 0.000000 0.636629,
        -1.238794 0.058129 0.636629,
        -1.215347 0.057029 0.615681,
        -1.206230 -0.288095 0.636629,
        -1.227908 -0.173876 0.636629,
        -1.204666 -0.170585 0.615681,
        -1.078821 -0.611667 0.636629,
        -1.131358 -0.507957 0.636629,
        -1.109944 -0.498342 0.615681,
        -0.866584 -0.887143 0.636629,
        -0.945850 -0.802096 0.636629,
        -0.927947 -0.786915 0.615681,
        -0.734831 -0.997317 0.636629,
        -0.779703 -0.964393 0.636629,
        -0.764945 -0.946139 0.615681,
        -0.481295 -1.142955 0.636629,
        -0.586208 -1.092863 0.636629,
        -0.575113 -1.072178 0.615681,
        -0.145043 -1.231646 0.636629,
        -0.259739 -1.212652 0.636629,
        -0.254822 -1.189700 0.615681,
        0.202614 -1.223494 0.636629,
        0.087154 -1.237091 0.636629,
        0.085504 -1.213676 0.615681,
        0.367022 -1.183187 0.636629,
        0.316293 -1.199145 0.636629,
        0.310306 -1.176448 0.615681,
        0.636789 -1.064185 0.636629,
        0.534339 -1.119139 0.636629,
        0.524225 -1.097956 0.615681,
        0.907214 -0.845549 0.636629,
        0.824049 -0.926787 0.636629,
        0.808452 -0.909244 0.615681,
        1.021352 -0.701106 0.636629,
        0.982406 -0.756881 0.636629,
        0.963811 -0.742555 0.615681,
        1.106306 -0.560428 0.636629,
        1.048965 -0.661561 0.636629,
        1.029110 -0.649039 0.615681,
        1.170269 -0.406370 0.636629,
        1.153924 -0.454369 0.636629,
        1.132082 -0.445769 0.615681,
        1.234708 -0.116130 0.636629,
        1.218408 -0.231240 0.636629,
        1.195346 -0.226863 0.615681,
        1.240157 0.000000 0.636629,
        1.236273 -0.082781 0.636629,
        1.211338 -0.113932 0.615681,
        1.191401 -0.344317 0.636629,
        0.733643 -0.999880 0.636629,
        0.666663 -1.044350 0.636629,
        0.624736 -1.044043 0.615681,
        0.427193 -1.164258 0.636629,
        -0.029072 -1.239817 0.636629,
        -0.124078 -1.233124 0.636629,
        -0.142298 -1.208334 0.615681,
        -0.372152 -1.183002 0.636629,
        -0.445307 -1.156160 0.636629,
        -0.472185 -1.121321 0.615681,
        -0.685970 -1.033168 0.636629,
        -1.016803 -0.710001 0.636629,
        -1.066290 -0.631536 0.636629,
        -1.058401 -0.600089 0.615681,
        -1.173952 -0.399783 0.636629,
        -1.194900 -0.327299 0.636629,
        -1.183399 -0.282642 0.615681,
        -1.238794 -0.058129 0.636629,
        -1.173952 0.399783 0.636629,
        -1.140871 0.483798 0.636629,
        -1.109944 0.498342 0.615681,
        -1.016803 0.710001 0.636629,
        -0.972265 0.767810 0.636629,
        -0.927947 0.786915 0.615681,
        -0.372152 1.183002 0.636629,
        -0.287237 1.205400 0.636629,
        -0.254822 1.189700 0.615681,
        -0.029072 1.239817 0.636629,
        0.041409 1.238164 0.636629,
        0.085504 1.213676 0.615681,
        0.800011 0.946221 0.636629,
        0.824049 0.926787 0.636629,
        0.890043 0.829545 0.615681,
        0.907214 0.845549 0.636629,
        0.919208 0.831406 0.636629,
        1.085365 0.549820 0.615681,
        1.106306 0.560428 0.636629,
        1.106811 0.559300 0.636629,
        1.132082 0.445769 0.615681,
        1.153924 0.454369 0.636629,
        1.170269 0.406370 0.636629,
        1.191401 0.344317 0.636629,
        1.168850 0.337800 0.615681,
        1.234708 0.116130 0.636629,
        1.211338 0.113932 0.615681,
        1.236273 0.082781 0.636629,
        0.868890 0.809830 0.560309,
        0.877017 0.817405 0.589743,
        1.182549 -0.111224 0.560309,
        1.187769 0.000000 0.560309,
        1.198879 0.000000 0.589743,
        1.106811 -0.559300 0.636629,
        1.085365 -0.549820 0.615681,
        1.014050 -0.639541 0.589743,
        0.949707 -0.731688 0.589743,
        0.940906 -0.724907 0.560309,
        0.868890 -0.809830 0.560309,
        0.866127 -0.807255 0.529075,
        0.206239 -1.222718 0.636629,
        0.198779 -1.200336 0.615681,
        0.084253 -1.195915 0.589743,
        -0.028105 -1.198550 0.589743,
        -0.027844 -1.187442 0.560309,
        -0.138916 -1.179617 0.560309,
        -0.138474 -1.175867 0.529075,
        -0.861966 -0.891249 0.636629,
        -0.850181 -0.870351 0.615681,
        -0.914367 -0.775399 0.589743,
        -0.982959 -0.686369 0.589743,
        -0.973849 -0.680008 0.560309,
        -1.033247 -0.585828 0.560309,
        -1.029962 -0.583965 0.529075,
        -1.228718 0.165262 0.636629,
        -1.204666 0.170585 0.615681,
        -1.166081 0.278506 0.589743,
        -1.134878 0.386476 0.589743,
        -1.124360 0.382894 0.560309,
        -1.083565 0.486498 0.560309,
        -1.080120 0.484952 0.529075,
        -0.595755 1.087151 0.636629,
        -0.575113 1.072178 0.615681,
        -0.465275 1.104912 0.589743,
        -0.359765 1.143626 0.589743,
        -0.356431 1.133027 0.560309,
        -0.248767 1.161425 0.560309,
        -0.247976 1.157733 0.529075,
        0.305765 1.159232 0.589743,
        0.412974 1.125506 0.589743,
        0.409147 1.115075 0.560309,
        0.511766 1.071862 0.560309,
        0.510139 1.068455 0.529075,
        0.937914 0.722602 0.529075,
        0.940906 0.724907 0.560309,
        0.949707 0.731688 0.589743,
        0.963811 0.742555 0.615681,
        0.982406 0.756881 0.636629,
        1.069482 -0.541774 0.589743,
        1.004652 -0.633614 0.560309,
        0.937914 -0.722602 0.529075,
        0.868890 -0.809830 0.497841,
        0.195870 -1.182770 0.589743,
        0.083472 -1.184831 0.560309,
        -0.027756 -1.183667 0.529075,
        -0.138916 -1.179617 0.497841,
        -0.837740 -0.857615 0.589743,
        -0.905893 -0.768213 0.560309,
        -0.970753 -0.677846 0.529075,
        -1.033247 -0.585828 0.497841,
        -1.187037 0.168089 0.589743,
        -1.155274 0.275925 0.560309,
        -1.120785 0.381677 0.529075,
        -1.083565 0.486498 0.497841,
        -0.566696 1.056487 0.589743,
        -0.460963 1.094672 0.560309,
        -0.355298 1.129425 0.529075,
        -0.248767 1.161425 0.497841,
        0.195870 1.182770 0.589743,
        0.302932 1.148489 0.560309,
        0.407846 1.111530 0.529075,
        0.511766 1.071862 0.497841,
        1.004652 0.633614 0.497841,
        1.001459 0.631600 0.529075,
        1.004652 0.633614 0.560309,
        1.014050 0.639541 0.589743,
        1.214675 -0.246871 0.636629,
        1.168850 -0.337800 0.615681,
        1.115515 -0.439245 0.589743,
        1.059570 -0.536753 0.560309,
        1.001459 -0.631600 0.529075,
        0.940906 -0.724907 0.497841,
        0.877017 -0.817405 0.468406,
        0.521807 -1.124417 0.636629,
        0.419107 -1.142221 0.615681,
        0.305765 -1.159232 0.589743,
        0.194054 -1.171809 0.560309,
        0.083206 -1.181065 0.529075,
        -0.027844 -1.187442 0.497841,
        -0.140215 -1.190651 0.468406,
        -0.595755 -1.087151 0.636629,
        -0.672986 -1.013612 0.615681,
        -0.753751 -0.932293 0.589743,
        -0.829976 -0.849667 0.560309,
        -0.903013 -0.765770 0.529075,
        -0.973849 -0.680008 0.497841,
        -1.042913 -0.591307 0.468406,
        -1.228718 -0.165262 0.636629,
        -1.215347 -0.057029 0.615681,
        -1.197561 0.056194 0.589743,
        -1.176036 0.166531 0.560309,
        -1.151602 0.275048 0.529075,
        -1.124360 0.382894 0.497841,
        -1.093701 0.491049 0.468406,
        -0.663137 0.998779 0.589743,
        -0.561444 1.046696 0.560309,
        -0.459498 1.091192 0.529075,
        -0.356431 1.133027 0.497841,
        -0.251094 1.172289 0.468406,
        -0.124078 1.233124 0.636629,
        -0.028522 1.216350 0.615681,
        0.084253 1.195915 0.589743,
        0.194054 1.171809 0.560309,
        0.301969 1.144837 0.529075,
        0.409147 1.115075 0.497841,
        0.516554 1.081889 0.468406,
        1.069482 0.541774 0.468406,
        1.059570 0.536753 0.497841,
        1.056202 0.535046 0.529075,
        1.059570 0.536753 0.560309,
        1.069482 0.541774 0.589743,
        1.151745 -0.332857 0.589743,
        1.105177 -0.435174 0.560309,
        1.056202 -0.535046 0.529075,
        1.004652 -0.633614 0.497841,
        0.949707 -0.731688 0.468406,
        0.890043 -0.829545 0.442468,
        0.709224 -0.966598 0.468406,
        0.796621 -0.895939 0.468406,
        0.789238 -0.887635 0.497841,
        0.412974 -1.125506 0.589743,
        0.302932 -1.148489 0.560309,
        0.193437 -1.168084 0.529075,
        0.083472 -1.184831 0.497841,
        -0.028105 -1.198550 0.468406,
        -0.142298 -1.208334 0.442468,
        -0.359765 -1.143626 0.468406,
        -0.251094 -1.172289 0.468406,
        -0.248767 -1.161425 0.497841,
        -0.663137 -0.998779 0.589743,
        -0.746765 -0.923653 0.560309,
        -0.827337 -0.846965 0.529075,
        -0.905893 -0.768213 0.497841,
        -0.982959 -0.686369 0.468406,
        -1.058401 -0.600089 0.442468,
        -1.134878 -0.386476 0.468406,
        -1.093701 -0.491049 0.468406,
        -1.083565 -0.486498 0.497841,
        -1.197561 -0.056194 0.589743,
        -1.186463 0.055673 0.560309,
        -1.172297 0.166002 0.529075,
        -1.155274 0.275925 0.497841,
        -1.134878 0.386476 0.468406,
        -1.109944 0.498342 0.442468,
        -0.982959 0.686369 0.468406,
        -1.042913 0.591307 0.468406,
        -1.033247 0.585828 0.497841,
        -0.753751 0.932293 0.589743,
        -0.656992 0.989523 0.560309,
        -0.559659 1.043369 0.529075,
        -0.460963 1.094672 0.497841,
        -0.359765 1.143626 0.468406,
        -0.254822 1.189700 0.442468,
        -0.028105 1.198550 0.468406,
        -0.140215 1.190651 0.468406,
        -0.138916 1.179617 0.497841,
        -0.028105 1.198550 0.589743,
        0.083472 1.184831 0.560309,
        0.193437 1.168084 0.529075,
        0.302932 1.148489 0.497841,
        0.412974 1.125506 0.468406,
        0.524225 1.097956 0.442468,
        0.709224 0.966598 0.468406,
        0.615593 1.028764 0.468406,
        0.609888 1.019230 0.497841,
        1.115515 0.439245 0.468406,
        1.105177 0.435174 0.497841,
        1.101663 0.433791 0.529075,
        1.105177 0.435174 0.560309,
        1.115515 0.439245 0.589743,
        1.211338 -0.113932 0.442468,
        1.193611 -0.112265 0.468406,
        1.029110 -0.649039 0.442468,
        1.085365 -0.549820 0.442468,
        1.069482 -0.541774 0.468406,
        1.115515 -0.439245 0.468406,
        1.105177 -0.435174 0.497841,
        1.141071 -0.329772 0.497841,
        1.137444 -0.328724 0.529075,
        1.163228 -0.220767 0.529075,
        1.166938 -0.221471 0.560309,
        1.193611 -0.112265 0.589743,
        1.216684 0.000000 0.615681,
        0.808452 -0.909244 0.442468,
        0.719756 -0.980954 0.442468,
        0.624736 -1.044043 0.442468,
        0.524225 -1.097956 0.442468,
        0.615593 -1.028764 0.468406,
        0.702651 -0.957641 0.497841,
        0.786729 -0.884813 0.529075,
        0.800011 -0.946221 0.636629,
        0.719756 -0.980954 0.615681,
        0.709224 -0.966598 0.589743,
        0.615593 -1.028764 0.589743,
        0.609888 -1.019230 0.560309,
        0.511766 -1.071862 0.560309,
        0.510139 -1.068455 0.529075,
        0.407846 -1.111530 0.529075,
        0.409147 -1.115075 0.497841,
        0.302932 -1.148489 0.497841,
        0.305765 -1.159232 0.468406,
        0.195870 -1.182770 0.468406,
        0.198779 -1.200336 0.442468,
        0.085504 -1.213676 0.442468,
        -0.254822 -1.189700 0.442468,
        -0.365108 -1.160610 0.442468,
        -0.472185 -1.121321 0.442468,
        -0.575113 -1.072178 0.442468,
        -0.465275 -1.104912 0.468406,
        -0.356431 -1.133027 0.497841,
        -0.247976 -1.157733 0.529075,
        -0.287237 -1.205400 0.636629,
        -0.365108 -1.160610 0.615681,
        -0.359765 -1.143626 0.589743,
        -0.465275 -1.104912 0.589743,
        -0.460963 -1.094672 0.560309,
        -0.561444 -1.046696 0.560309,
        -0.559659 -1.043369 0.529075,
        -0.654903 -0.986377 0.529075,
        -0.656992 -0.989523 0.497841,
        -0.746765 -0.923653 0.497841,
        -0.753751 -0.932293 0.468406,
        -0.837740 -0.857615 0.468406,
        -0.850181 -0.870351 0.442468,
        -0.927947 -0.786915 0.442468,
        -1.109944 -0.498342 0.442468,
        -1.151732 -0.392216 0.442468,
        -1.183399 -0.282642 0.442468,
        -1.204666 -0.170585 0.442468,
        -1.166081 -0.278506 0.468406,
        -1.124360 -0.382894 0.497841,
        -1.080120 -0.484952 0.529075,
        -1.140871 -0.483798 0.636629,
        -1.151732 -0.392216 0.615681,
        -1.134878 -0.386476 0.589743,
        -1.166081 -0.278506 0.589743,
        -1.155274 -0.275925 0.560309,
        -1.176036 -0.166531 0.560309,
        -1.172297 -0.166002 0.529075,
        -1.182691 -0.055496 0.529075,
        -1.186463 -0.055673 0.497841,
        -1.186463 0.055673 0.497841,
        -1.197561 0.056194 0.468406,
        -1.187037 0.168089 0.468406,
        -1.204666 0.170585 0.442468,
        -1.183399 0.282642 0.442468,
        -1.058401 0.600089 0.442468,
        -0.997557 0.696563 0.442468,
        -0.927947 0.786915 0.442468,
        -0.850181 0.870351 0.442468,
        -0.914367 0.775399 0.468406,
        -0.973849 0.680008 0.497841,
        -1.029962 0.583965 0.529075,
        -1.194900 0.327299 0.636629,
        -1.151732 0.392216 0.615681,
        -1.093701 0.491049 0.589743,
        -1.042913 0.591307 0.589743,
        -1.033247 0.585828 0.560309,
        -0.973849 0.680008 0.560309,
        -0.970753 0.677846 0.529075,
        -0.903013 0.765770 0.529075,
        -0.905893 0.768213 0.497841,
        -0.829976 0.849667 0.497841,
        -0.837740 0.857615 0.468406,
        -0.753751 0.932293 0.468406,
        -0.764945 0.946139 0.442468,
        -1.066290 0.631536 0.636629,
        -0.997557 0.696563 0.615681,
        -0.982959 0.686369 0.589743,
        -0.914367 0.775399 0.589743,
        -0.905893 0.768213 0.560309,
        -0.829976 0.849667 0.560309,
        -0.827337 0.846965 0.529075,
        -0.744391 0.920717 0.529075,
        -0.746765 0.923653 0.497841,
        -0.656992 0.989523 0.497841,
        -0.663137 0.998779 0.468406,
        -0.566696 1.056487 0.468406,
        -0.575113 1.072178 0.442468,
        -0.472185 1.121321 0.442468,
        -0.142298 1.208334 0.442468,
        -0.028522 1.216350 0.442468,
        0.085504 1.213676 0.442468,
        0.198779 1.200336 0.442468,
        0.084253 1.195915 0.468406,
        -0.027844 1.187442 0.497841,
        -0.138474 1.175867 0.529075,
        -0.445307 1.156160 0.636629,
        -0.365108 1.160610 0.615681,
        -0.251094 1.172289 0.589743,
        -0.140215 1.190651 0.589743,
        -0.138916 1.179617 0.560309,
        -0.027844 1.187442 0.560309,
        -0.027756 1.183667 0.529075,
        0.083206 1.181065 0.529075,
        0.083472 1.184831 0.497841,
        0.194054 1.171809 0.497841,
        0.195870 1.182770 0.468406,
        0.305765 1.159232 0.468406,
        0.310306 1.176448 0.442468,
        0.624736 1.044043 0.442468,
        0.719756 0.980954 0.442468,
        0.808452 0.909244 0.442468,
        0.890043 0.829545 0.442468,
        0.796621 0.895939 0.468406,
        0.702651 0.957641 0.497841,
        0.607949 1.015990 0.529075,
        0.521807 1.124417 0.636629,
        0.524225 1.097956 0.615681,
        0.516554 1.081889 0.589743,
        0.615593 1.028764 0.589743,
        0.609888 1.019230 0.560309,
        0.702651 0.957641 0.560309,
        0.700417 0.954596 0.529075,
        0.786729 0.884813 0.529075,
        0.789238 0.887635 0.497841,
        0.868890 0.809830 0.497841,
        0.877017 0.817405 0.468406,
        0.949707 0.731688 0.468406,
        0.963811 0.742555 0.442468,
        1.029110 0.649039 0.442468,
        0.709224 0.966598 0.589743,
        0.789238 0.887635 0.560309,
        0.866127 0.807255 0.529075,
        0.940906 0.724907 0.497841,
        1.014050 0.639541 0.468406,
        1.085365 0.549820 0.442468,
        1.187769 0.000000 0.497841,
        1.198879 0.000000 0.468406,
        1.216684 0.000000 0.442468,
        1.177854 -0.223543 0.468406,
        1.182549 -0.111224 0.497841,
        1.183992 0.000000 0.529075,
        1.151745 -0.332857 0.468406,
        1.166938 -0.221471 0.497841,
        1.178790 -0.110871 0.529075,
        0.963811 -0.742555 0.442468,
        1.014050 -0.639541 0.468406,
        1.059570 -0.536753 0.497841,
        1.101663 -0.433791 0.529075,
        1.141071 -0.329772 0.560309,
        1.177854 -0.223543 0.589743,
        0.516554 -1.081889 0.468406,
        0.609888 -1.019230 0.497841,
        0.700417 -0.954596 0.529075,
        0.789238 -0.887635 0.560309,
        0.877017 -0.817405 0.589743,
        0.412974 -1.125506 0.468406,
        0.511766 -1.071862 0.497841,
        0.607949 -1.015990 0.529075,
        0.702651 -0.957641 0.560309,
        0.796621 -0.895939 0.589743,
        0.890043 -0.829545 0.615681,
        0.919208 -0.831406 0.636629,
        -0.028522 -1.216350 0.442468,
        0.084253 -1.195915 0.468406,
        0.194054 -1.171809 0.497841,
        0.301969 -1.144837 0.529075,
        0.409147 -1.115075 0.560309,
        0.516554 -1.081889 0.589743,
        -0.566696 -1.056487 0.468406,
        -0.460963 -1.094672 0.497841,
        -0.355298 -1.129425 0.529075,
        -0.248767 -1.161425 0.560309,
        -0.140215 -1.190651 0.589743,
        -0.028522 -1.216350 0.615681,
        0.041409 -1.238164 0.636629,
        -0.663137 -0.998779 0.468406,
        -0.561444 -1.046696 0.497841,
        -0.459498 -1.091192 0.529075,
        -0.356431 -1.133027 0.560309,
        -0.251094 -1.172289 0.589743,
        -0.997557 -0.696563 0.442468,
        -0.914367 -0.775399 0.468406,
        -0.829976 -0.849667 0.497841,
        -0.744391 -0.920717 0.529075,
        -0.656992 -0.989523 0.560309,
        -0.566696 -1.056487 0.589743,
        -1.187037 -0.168089 0.468406,
        -1.155274 -0.275925 0.497841,
        -1.120785 -0.381677 0.529075,
        -1.083565 -0.486498 0.560309,
        -1.042913 -0.591307 0.589743,
        -0.997557 -0.696563 0.615681,
        -0.972265 -0.767810 0.636629,
        -1.197561 -0.056194 0.468406,
        -1.176036 -0.166531 0.497841,
        -1.151602 -0.275048 0.529075,
        -1.124360 -0.382894 0.560309,
        -1.093701 -0.491049 0.589743,
        -1.151732 0.392216 0.442468,
        -1.166081 0.278506 0.468406,
        -1.176036 0.166531 0.497841,
        -1.182691 0.055496 0.529075,
        -1.186463 -0.055673 0.560309,
        -1.187037 -0.168089 0.589743,
        -0.365108 1.160610 0.442468,
        -0.465275 1.104912 0.468406,
        -0.561444 1.046696 0.497841,
        -0.654903 0.986377 0.529075,
        -0.746765 0.923653 0.560309,
        -0.837740 0.857615 0.589743,
        1.151745 0.332857 0.589743,
        1.141071 0.329772 0.560309,
        1.137444 0.328724 0.529075,
        1.141071 0.329772 0.497841,
        1.151745 0.332857 0.468406,
        1.168850 0.337800 0.442468,
        1.195346 0.226863 0.442468,
        1.177854 0.223543 0.589743,
        1.166938 0.221471 0.560309,
        1.163228 0.220767 0.529075,
        1.166938 0.221471 0.497841,
        1.177854 0.223543 0.468406,
        1.193611 0.112265 0.589743,
        1.182549 0.111224 0.560309,
        1.178790 0.110871 0.529075,
        1.182549 0.111224 0.497841,
        1.193611 0.112265 0.468406,
        1.179729 0.223899 2.283465,
        1.153579 0.333387 2.283465,
        -0.567598 -1.058169 2.283465,
        0.517376 1.083611 2.283465,
        0.413631 1.127297 2.283465,
        0.306252 1.161077 2.283465,
        0.797889 -0.897365 2.283465,
        0.878414 -0.818706 2.283465,
        1.195511 0.112444 2.283465,
        0.797889 0.897365 2.283465,
        0.710352 0.968137 2.283465,
        0.616573 1.030402 2.283465,
        0.196181 1.184653 2.283465,
        0.084387 1.197819 2.283465,
        -0.028150 1.200457 2.283465,
        -0.140439 1.192546 2.283465,
        -0.251493 1.174156 2.283465,
        -0.360338 1.145446 2.283465,
        -0.585166 1.048557 2.283465,
        -0.585166 -1.048557 2.283465,
        -0.567598 1.058169 2.283465,
        -0.466016 1.106670 2.283465,
        1.117291 0.439944 2.283465,
        1.071185 0.542636 2.283465,
        1.015665 0.640559 2.283465,
        -0.466016 -1.106670 2.283465,
        -0.360338 -1.145446 2.283465,
        0.616573 -1.030402 2.283465,
        -0.251493 -1.174156 2.283465,
        -0.140439 -1.192546 2.283465,
        0.710352 -0.968137 2.283465,
        0.951219 0.732853 2.283465,
        0.878414 0.818706 2.283465,
        -0.028150 -1.200457 2.283465,
        0.084387 -1.197819 2.283465,
        0.196181 -1.184653 2.283465,
        0.951219 -0.732853 2.283465,
        1.015665 -0.640559 2.283465,
        1.071185 -0.542636 2.283465,
        1.117291 -0.439944 2.283465,
        1.153579 -0.333387 2.283465,
        1.179729 -0.223899 2.283465,
        0.306252 -1.161077 2.283465,
        0.413631 -1.127297 2.283465,
        0.517376 -1.083611 2.283465,
        1.195511 -0.112444 2.283465,
        1.200787 -0.000000 2.283465,
        -1.238794 0.058129 2.244094,
        -1.238794 0.000000 2.244094,
        -1.238794 -0.058129 2.244094,
        -1.228718 -0.165262 2.244094,
        -1.227908 -0.173876 2.244094,
        -1.206230 -0.288095 2.244094,
        -1.194900 -0.327299 2.244094,
        -1.173952 -0.399783 2.244094,
        -1.140871 -0.483798 2.244094,
        -1.131358 -0.507957 2.244094,
        -1.078821 -0.611667 2.244094,
        -1.066290 -0.631536 2.244094,
        -1.016803 -0.710001 2.244094,
        -0.972265 -0.767810 2.244094,
        -0.945850 -0.802096 2.244094,
        -0.866584 -0.887143 2.244094,
        -0.861966 -0.891249 2.244094,
        -0.779703 -0.964393 2.244094,
        -0.734831 -0.997317 2.244094,
        -0.685970 -1.033168 2.244094,
        -0.595755 -1.087151 2.244094,
        -0.586208 -1.092863 2.244094,
        -0.481295 -1.142955 2.244094,
        -0.445307 -1.156160 2.244094,
        -0.372152 -1.183002 2.244094,
        -0.287237 -1.205400 2.244094,
        -0.259739 -1.212652 2.244094,
        -0.145043 -1.231646 2.244094,
        -0.124078 -1.233124 2.244094,
        -0.029072 -1.239817 2.244094,
        0.041409 -1.238164 2.244094,
        0.087154 -1.237091 2.244094,
        0.202614 -1.223494 2.244094,
        0.206239 -1.222718 2.244094,
        0.316293 -1.199145 2.244094,
        0.367022 -1.183187 2.244094,
        0.427193 -1.164258 2.244094,
        0.521807 -1.124417 2.244094,
        0.534339 -1.119139 2.244094,
        0.636789 -1.064185 2.244094,
        0.666663 -1.044350 2.244094,
        0.733643 -0.999880 2.244094,
        0.800011 -0.946221 2.244094,
        0.824049 -0.926787 2.244094,
        0.907214 -0.845549 2.244094,
        0.919208 -0.831406 2.244094,
        0.982406 -0.756881 2.244094,
        1.021352 -0.701106 2.244094,
        1.048965 -0.661561 2.244094,
        1.106306 -0.560428 2.244094,
        1.106811 -0.559300 2.244094,
        1.153924 -0.454369 2.244094,
        1.170269 -0.406370 2.244094,
        1.191401 -0.344317 2.244094,
        1.214675 -0.246871 2.244094,
        1.218408 -0.231240 2.244094,
        1.234708 -0.116130 2.244094,
        1.236273 -0.082781 2.244094,
        1.240157 0.000000 2.244094,
        1.236273 0.082781 2.244094,
        1.234708 0.116130 2.244094,
        1.218408 0.231240 2.244094,
        1.214675 0.246871 2.244094,
        1.191401 0.344317 2.244094,
        1.170269 0.406370 2.244094,
        1.153924 0.454369 2.244094,
        1.106811 0.559300 2.244094,
        1.106306 0.560428 2.244094,
        1.048965 0.661561 2.244094,
        1.021352 0.701106 2.244094,
        0.982406 0.756881 2.244094,
        0.919208 0.831406 2.244094,
        0.907214 0.845549 2.244094,
        0.824049 0.926787 2.244094,
        0.800011 0.946221 2.244094,
        0.733643 0.999880 2.244094,
        0.666663 1.044350 2.244094,
        0.636789 1.064185 2.244094,
        0.534339 1.119139 2.244094,
        0.521807 1.124417 2.244094,
        0.427193 1.164258 2.244094,
        0.367022 1.183187 2.244094,
        0.316293 1.199145 2.244094,
        0.206239 1.222718 2.244094,
        0.202614 1.223494 2.244094,
        0.087154 1.237091 2.244094,
        0.041409 1.238164 2.244094,
        -0.029072 1.239817 2.244094,
        -0.124078 1.233124 2.244094,
        -0.145043 1.231646 2.244094,
        -0.259739 1.212652 2.244094,
        -0.287237 1.205400 2.244094,
        -0.372152 1.183002 2.244094,
        -0.445307 1.156160 2.244094,
        -0.481295 1.142955 2.244094,
        -0.586208 1.092863 2.244094,
        -0.595755 1.087151 2.244094,
        -0.685970 1.033168 2.244094,
        -0.734831 0.997317 2.244094,
        -0.779703 0.964393 2.244094,
        -0.861966 0.891249 2.244094,
        -0.866584 0.887143 2.244094,
        -0.945850 0.802096 2.244094,
        -0.972265 0.767810 2.244094,
        -1.016803 0.710001 2.244094,
        -1.066290 0.631536 2.244094,
        -1.078821 0.611667 2.244094,
        -1.131358 0.507957 2.244094,
        -1.140871 0.483798 2.244094,
        -1.173952 0.399783 2.244094,
        -1.194900 0.327299 2.244094,
        -1.206230 0.288095 2.244094,
        -1.227908 0.173876 2.244094,
        -1.228718 0.165262 2.244094,
      ]
    }
    coordIndex [
      58, 57, 114, -1,
      62, 63, 115, -1,
      78, 77, 116, -1,
      91, 95, 117, -1,
      113, 112, 118, -1,
      111, 0, 119, -1,
      11, 15, 120, -1,
      16, 17, 121, -1,
      32, 31, 122, -1,
      34, 33, 123, -1,
      45, 49, 124, -1,
      50, 51, 125, -1,
      52, 53, 126, -1,
      127, 128, 129, -1,
      130, 131, 132, -1,
      133, 134, 135, -1,
      136, 137, 127, -1,
      138, 139, 140, -1,
      141, 142, 143, -1,
      144, 145, 146, -1,
      147, 148, 149, -1,
      150, 151, 152, -1,
      153, 154, 155, -1,
      156, 157, 158, -1,
      159, 160, 161, -1,
      162, 163, 164, -1,
      165, 166, 167, -1,
      168, 169, 170, -1,
      171, 172, 173, -1,
      174, 175, 176, -1,
      177, 178, 179, -1,
      180, 181, 182, -1,
      183, 184, 185, -1,
      186, 187, 188, -1,
      189, 190, 191, -1,
      192, 193, 194, -1,
      195, 196, 197, -1,
      198, 199, 200, -1,
      201, 202, 203, -1,
      204, 205, 206, -1,
      207, 208, 209, -1,
      210, 211, 212, -1,
      213, 214, 215, -1,
      216, 217, 218, -1,
      210, 212, 219, -1,
      220, 221, 222, -1,
      195, 197, 223, -1,
      224, 225, 226, -1,
      227, 228, 229, -1,
      183, 185, 230, -1,
      231, 232, 233, -1,
      234, 235, 236, -1,
      171, 173, 237, -1,
      238, 239, 240, -1,
      241, 242, 243, -1,
      244, 245, 246, -1,
      247, 248, 249, -1,
      127, 137, 128, -1,
      128, 137, 250, -1,
      128, 250, 251, -1,
      252, 253, 254, -1,
      255, 256, 257, -1,
      258, 259, 260, -1,
      260, 261, 262, -1,
      262, 261, 130, -1,
      131, 263, 264, -1,
      264, 263, 265, -1,
      266, 129, 267, -1,
      267, 129, 128, -1,
      267, 128, 252, -1,
      252, 128, 251, -1,
      252, 251, 253, -1,
      268, 269, 270, -1,
      271, 207, 272, -1,
      272, 207, 209, -1,
      272, 209, 273, -1,
      273, 209, 274, -1,
      273, 274, 275, -1,
      275, 274, 276, -1,
      275, 276, 277, -1,
      278, 192, 279, -1,
      279, 192, 194, -1,
      279, 194, 280, -1,
      280, 194, 281, -1,
      280, 281, 282, -1,
      282, 281, 283, -1,
      282, 283, 284, -1,
      285, 180, 286, -1,
      286, 180, 182, -1,
      286, 182, 287, -1,
      287, 182, 288, -1,
      287, 288, 289, -1,
      289, 288, 290, -1,
      289, 290, 291, -1,
      292, 168, 293, -1,
      293, 168, 170, -1,
      293, 170, 294, -1,
      294, 170, 295, -1,
      294, 295, 296, -1,
      296, 295, 297, -1,
      296, 297, 298, -1,
      299, 153, 300, -1,
      300, 153, 155, -1,
      300, 155, 301, -1,
      301, 155, 302, -1,
      301, 302, 303, -1,
      303, 302, 304, -1,
      303, 304, 305, -1,
      148, 144, 149, -1,
      149, 144, 146, -1,
      149, 146, 306, -1,
      306, 146, 307, -1,
      306, 307, 308, -1,
      308, 307, 309, -1,
      308, 309, 310, -1,
      311, 266, 312, -1,
      312, 266, 267, -1,
      312, 267, 313, -1,
      313, 267, 252, -1,
      313, 252, 314, -1,
      314, 252, 254, -1,
      314, 254, 315, -1,
      211, 271, 212, -1,
      212, 271, 272, -1,
      212, 272, 316, -1,
      316, 272, 273, -1,
      316, 273, 317, -1,
      317, 273, 275, -1,
      317, 275, 318, -1,
      318, 275, 277, -1,
      318, 277, 319, -1,
      196, 278, 197, -1,
      197, 278, 279, -1,
      197, 279, 320, -1,
      320, 279, 280, -1,
      320, 280, 321, -1,
      321, 280, 282, -1,
      321, 282, 322, -1,
      322, 282, 284, -1,
      322, 284, 323, -1,
      184, 285, 185, -1,
      185, 285, 286, -1,
      185, 286, 324, -1,
      324, 286, 287, -1,
      324, 287, 325, -1,
      325, 287, 289, -1,
      325, 289, 326, -1,
      326, 289, 291, -1,
      326, 291, 327, -1,
      172, 292, 173, -1,
      173, 292, 293, -1,
      173, 293, 328, -1,
      328, 293, 294, -1,
      328, 294, 329, -1,
      329, 294, 296, -1,
      329, 296, 330, -1,
      330, 296, 298, -1,
      330, 298, 331, -1,
      157, 299, 158, -1,
      158, 299, 300, -1,
      158, 300, 332, -1,
      332, 300, 301, -1,
      332, 301, 333, -1,
      333, 301, 303, -1,
      333, 303, 334, -1,
      334, 303, 305, -1,
      334, 305, 335, -1,
      248, 147, 249, -1,
      249, 147, 149, -1,
      249, 149, 336, -1,
      336, 149, 306, -1,
      336, 306, 337, -1,
      337, 306, 308, -1,
      337, 308, 338, -1,
      338, 308, 310, -1,
      338, 310, 339, -1,
      340, 311, 341, -1,
      341, 311, 312, -1,
      341, 312, 342, -1,
      342, 312, 313, -1,
      342, 313, 343, -1,
      343, 313, 314, -1,
      343, 314, 135, -1,
      135, 314, 315, -1,
      135, 315, 133, -1,
      344, 219, 345, -1,
      345, 219, 212, -1,
      345, 212, 346, -1,
      346, 212, 316, -1,
      346, 316, 347, -1,
      347, 316, 317, -1,
      347, 317, 348, -1,
      348, 317, 318, -1,
      348, 318, 349, -1,
      349, 318, 319, -1,
      349, 319, 350, -1,
      351, 223, 352, -1,
      352, 223, 197, -1,
      352, 197, 353, -1,
      353, 197, 320, -1,
      353, 320, 354, -1,
      354, 320, 321, -1,
      354, 321, 355, -1,
      355, 321, 322, -1,
      355, 322, 356, -1,
      356, 322, 323, -1,
      356, 323, 357, -1,
      358, 230, 359, -1,
      359, 230, 185, -1,
      359, 185, 360, -1,
      360, 185, 324, -1,
      360, 324, 361, -1,
      361, 324, 325, -1,
      361, 325, 362, -1,
      362, 325, 326, -1,
      362, 326, 363, -1,
      363, 326, 327, -1,
      363, 327, 364, -1,
      365, 237, 366, -1,
      366, 237, 173, -1,
      366, 173, 367, -1,
      367, 173, 328, -1,
      367, 328, 368, -1,
      368, 328, 329, -1,
      368, 329, 369, -1,
      369, 329, 330, -1,
      369, 330, 370, -1,
      370, 330, 331, -1,
      370, 331, 371, -1,
      160, 156, 161, -1,
      161, 156, 158, -1,
      161, 158, 372, -1,
      372, 158, 332, -1,
      372, 332, 373, -1,
      373, 332, 333, -1,
      373, 333, 374, -1,
      374, 333, 334, -1,
      374, 334, 375, -1,
      375, 334, 335, -1,
      375, 335, 376, -1,
      377, 247, 378, -1,
      378, 247, 249, -1,
      378, 249, 379, -1,
      379, 249, 336, -1,
      379, 336, 380, -1,
      380, 336, 337, -1,
      380, 337, 381, -1,
      381, 337, 338, -1,
      381, 338, 382, -1,
      382, 338, 339, -1,
      382, 339, 383, -1,
      384, 340, 385, -1,
      385, 340, 341, -1,
      385, 341, 386, -1,
      386, 341, 342, -1,
      386, 342, 387, -1,
      387, 342, 343, -1,
      387, 343, 388, -1,
      388, 343, 135, -1,
      388, 135, 255, -1,
      255, 135, 134, -1,
      255, 134, 256, -1,
      214, 344, 215, -1,
      215, 344, 345, -1,
      215, 345, 389, -1,
      389, 345, 346, -1,
      389, 346, 390, -1,
      390, 346, 347, -1,
      390, 347, 391, -1,
      391, 347, 348, -1,
      391, 348, 392, -1,
      392, 348, 349, -1,
      392, 349, 393, -1,
      393, 349, 350, -1,
      393, 350, 394, -1,
      395, 396, 397, -1,
      199, 351, 200, -1,
      200, 351, 352, -1,
      200, 352, 398, -1,
      398, 352, 353, -1,
      398, 353, 399, -1,
      399, 353, 354, -1,
      399, 354, 400, -1,
      400, 354, 355, -1,
      400, 355, 401, -1,
      401, 355, 356, -1,
      401, 356, 402, -1,
      402, 356, 357, -1,
      402, 357, 403, -1,
      404, 405, 406, -1,
      187, 358, 188, -1,
      188, 358, 359, -1,
      188, 359, 407, -1,
      407, 359, 360, -1,
      407, 360, 408, -1,
      408, 360, 361, -1,
      408, 361, 409, -1,
      409, 361, 362, -1,
      409, 362, 410, -1,
      410, 362, 363, -1,
      410, 363, 411, -1,
      411, 363, 364, -1,
      411, 364, 412, -1,
      413, 414, 415, -1,
      175, 365, 176, -1,
      176, 365, 366, -1,
      176, 366, 416, -1,
      416, 366, 367, -1,
      416, 367, 417, -1,
      417, 367, 368, -1,
      417, 368, 418, -1,
      418, 368, 369, -1,
      418, 369, 419, -1,
      419, 369, 370, -1,
      419, 370, 420, -1,
      420, 370, 371, -1,
      420, 371, 421, -1,
      422, 423, 424, -1,
      163, 159, 164, -1,
      164, 159, 161, -1,
      164, 161, 425, -1,
      425, 161, 372, -1,
      425, 372, 426, -1,
      426, 372, 373, -1,
      426, 373, 427, -1,
      427, 373, 374, -1,
      427, 374, 428, -1,
      428, 374, 375, -1,
      428, 375, 429, -1,
      429, 375, 376, -1,
      429, 376, 430, -1,
      431, 432, 433, -1,
      151, 377, 152, -1,
      152, 377, 378, -1,
      152, 378, 434, -1,
      434, 378, 379, -1,
      434, 379, 435, -1,
      435, 379, 380, -1,
      435, 380, 436, -1,
      436, 380, 381, -1,
      436, 381, 437, -1,
      437, 381, 382, -1,
      437, 382, 438, -1,
      438, 382, 383, -1,
      438, 383, 439, -1,
      440, 441, 442, -1,
      115, 384, 443, -1,
      443, 384, 385, -1,
      443, 385, 444, -1,
      444, 385, 386, -1,
      444, 386, 445, -1,
      445, 386, 387, -1,
      445, 387, 446, -1,
      446, 387, 388, -1,
      446, 388, 447, -1,
      447, 388, 255, -1,
      447, 255, 258, -1,
      258, 255, 257, -1,
      258, 257, 259, -1,
      126, 448, 449, -1,
      450, 451, 452, -1,
      452, 451, 453, -1,
      452, 453, 454, -1,
      454, 453, 455, -1,
      454, 455, 456, -1,
      456, 455, 457, -1,
      456, 457, 458, -1,
      458, 457, 268, -1,
      458, 268, 459, -1,
      459, 268, 270, -1,
      459, 270, 460, -1,
      461, 396, 462, -1,
      462, 396, 395, -1,
      462, 395, 463, -1,
      38, 37, 464, -1,
      464, 37, 463, -1,
      464, 463, 465, -1,
      465, 463, 395, -1,
      465, 395, 466, -1,
      466, 395, 397, -1,
      466, 397, 467, -1,
      202, 468, 203, -1,
      203, 468, 469, -1,
      203, 469, 470, -1,
      470, 469, 471, -1,
      470, 471, 472, -1,
      472, 471, 473, -1,
      472, 473, 474, -1,
      474, 473, 475, -1,
      474, 475, 476, -1,
      476, 475, 477, -1,
      476, 477, 478, -1,
      478, 477, 479, -1,
      478, 479, 480, -1,
      480, 479, 481, -1,
      482, 405, 483, -1,
      483, 405, 404, -1,
      483, 404, 484, -1,
      18, 19, 485, -1,
      485, 19, 484, -1,
      485, 484, 486, -1,
      486, 484, 404, -1,
      486, 404, 487, -1,
      487, 404, 406, -1,
      487, 406, 488, -1,
      190, 489, 191, -1,
      191, 489, 490, -1,
      191, 490, 491, -1,
      491, 490, 492, -1,
      491, 492, 493, -1,
      493, 492, 494, -1,
      493, 494, 495, -1,
      495, 494, 496, -1,
      495, 496, 497, -1,
      497, 496, 498, -1,
      497, 498, 499, -1,
      499, 498, 500, -1,
      499, 500, 501, -1,
      501, 500, 502, -1,
      503, 414, 504, -1,
      504, 414, 413, -1,
      504, 413, 505, -1,
      4, 3, 506, -1,
      506, 3, 505, -1,
      506, 505, 507, -1,
      507, 505, 413, -1,
      507, 413, 508, -1,
      508, 413, 415, -1,
      508, 415, 509, -1,
      178, 510, 179, -1,
      179, 510, 511, -1,
      179, 511, 512, -1,
      512, 511, 513, -1,
      512, 513, 514, -1,
      514, 513, 515, -1,
      514, 515, 516, -1,
      516, 515, 517, -1,
      516, 517, 518, -1,
      518, 517, 519, -1,
      518, 519, 520, -1,
      520, 519, 521, -1,
      520, 521, 522, -1,
      522, 521, 523, -1,
      524, 423, 525, -1,
      525, 423, 422, -1,
      525, 422, 526, -1,
      98, 99, 527, -1,
      527, 99, 526, -1,
      527, 526, 528, -1,
      528, 526, 422, -1,
      528, 422, 529, -1,
      529, 422, 424, -1,
      529, 424, 530, -1,
      531, 238, 532, -1,
      532, 238, 240, -1,
      532, 240, 533, -1,
      533, 240, 534, -1,
      533, 534, 535, -1,
      535, 534, 536, -1,
      535, 536, 537, -1,
      537, 536, 538, -1,
      537, 538, 539, -1,
      539, 538, 540, -1,
      539, 540, 541, -1,
      541, 540, 542, -1,
      541, 542, 543, -1,
      543, 542, 117, -1,
      166, 544, 167, -1,
      167, 544, 545, -1,
      167, 545, 546, -1,
      546, 545, 547, -1,
      546, 547, 548, -1,
      548, 547, 549, -1,
      548, 549, 550, -1,
      550, 549, 551, -1,
      550, 551, 552, -1,
      552, 551, 553, -1,
      552, 553, 554, -1,
      554, 553, 555, -1,
      554, 555, 556, -1,
      556, 555, 557, -1,
      558, 432, 559, -1,
      559, 432, 431, -1,
      559, 431, 560, -1,
      84, 83, 561, -1,
      561, 83, 560, -1,
      561, 560, 562, -1,
      562, 560, 431, -1,
      562, 431, 563, -1,
      563, 431, 433, -1,
      563, 433, 564, -1,
      565, 244, 566, -1,
      566, 244, 246, -1,
      566, 246, 567, -1,
      567, 246, 568, -1,
      567, 568, 569, -1,
      569, 568, 570, -1,
      569, 570, 571, -1,
      571, 570, 572, -1,
      571, 572, 573, -1,
      573, 572, 574, -1,
      573, 574, 575, -1,
      575, 574, 576, -1,
      575, 576, 577, -1,
      577, 576, 116, -1,
      578, 441, 579, -1,
      579, 441, 440, -1,
      579, 440, 580, -1,
      72, 71, 581, -1,
      581, 71, 580, -1,
      581, 580, 582, -1,
      582, 580, 440, -1,
      582, 440, 583, -1,
      583, 440, 442, -1,
      583, 442, 584, -1,
      142, 585, 143, -1,
      143, 585, 586, -1,
      143, 586, 587, -1,
      587, 586, 588, -1,
      587, 588, 589, -1,
      589, 588, 590, -1,
      589, 590, 591, -1,
      591, 590, 592, -1,
      591, 592, 593, -1,
      593, 592, 594, -1,
      593, 594, 595, -1,
      595, 594, 596, -1,
      595, 596, 597, -1,
      597, 596, 598, -1,
      585, 138, 586, -1,
      586, 138, 140, -1,
      586, 140, 588, -1,
      588, 140, 599, -1,
      588, 599, 590, -1,
      590, 599, 600, -1,
      590, 600, 592, -1,
      592, 600, 601, -1,
      592, 601, 594, -1,
      594, 601, 602, -1,
      594, 602, 596, -1,
      596, 602, 603, -1,
      596, 603, 598, -1,
      598, 603, 604, -1,
      598, 604, 65, -1,
      65, 604, 64, -1,
      605, 449, 606, -1,
      606, 449, 448, -1,
      606, 448, 607, -1,
      607, 448, 60, -1,
      607, 60, 59, -1,
      126, 53, 448, -1,
      448, 53, 54, -1,
      448, 54, 60, -1,
      51, 52, 125, -1,
      125, 52, 126, -1,
      125, 126, 608, -1,
      608, 126, 449, -1,
      608, 449, 609, -1,
      609, 449, 605, -1,
      609, 605, 610, -1,
      49, 50, 124, -1,
      124, 50, 125, -1,
      124, 125, 611, -1,
      611, 125, 608, -1,
      611, 608, 612, -1,
      612, 608, 609, -1,
      612, 609, 613, -1,
      613, 609, 610, -1,
      613, 610, 269, -1,
      269, 268, 613, -1,
      613, 268, 457, -1,
      613, 457, 612, -1,
      612, 457, 455, -1,
      612, 455, 611, -1,
      611, 455, 453, -1,
      611, 453, 124, -1,
      124, 453, 451, -1,
      124, 451, 45, -1,
      44, 43, 614, -1,
      614, 43, 450, -1,
      614, 450, 615, -1,
      615, 450, 452, -1,
      615, 452, 616, -1,
      616, 452, 454, -1,
      616, 454, 617, -1,
      617, 454, 456, -1,
      617, 456, 618, -1,
      618, 456, 458, -1,
      618, 458, 619, -1,
      619, 458, 459, -1,
      619, 459, 218, -1,
      218, 459, 460, -1,
      218, 460, 216, -1,
      216, 460, 265, -1,
      43, 48, 450, -1,
      450, 48, 47, -1,
      450, 47, 451, -1,
      451, 47, 46, -1,
      451, 46, 45, -1,
      42, 44, 394, -1,
      394, 44, 614, -1,
      394, 614, 393, -1,
      393, 614, 615, -1,
      393, 615, 392, -1,
      392, 615, 616, -1,
      392, 616, 391, -1,
      391, 616, 617, -1,
      391, 617, 390, -1,
      390, 617, 618, -1,
      390, 618, 389, -1,
      389, 618, 619, -1,
      389, 619, 215, -1,
      215, 619, 218, -1,
      215, 218, 213, -1,
      213, 218, 217, -1,
      276, 467, 277, -1,
      277, 467, 397, -1,
      277, 397, 319, -1,
      319, 397, 396, -1,
      319, 396, 350, -1,
      350, 396, 461, -1,
      350, 461, 394, -1,
      394, 461, 41, -1,
      394, 41, 42, -1,
      37, 36, 463, -1,
      463, 36, 35, -1,
      463, 35, 462, -1,
      462, 35, 39, -1,
      462, 39, 461, -1,
      461, 39, 40, -1,
      461, 40, 41, -1,
      33, 38, 123, -1,
      123, 38, 464, -1,
      123, 464, 620, -1,
      620, 464, 465, -1,
      620, 465, 621, -1,
      621, 465, 466, -1,
      621, 466, 622, -1,
      622, 466, 467, -1,
      622, 467, 623, -1,
      623, 467, 276, -1,
      623, 276, 624, -1,
      624, 276, 274, -1,
      624, 274, 206, -1,
      206, 274, 209, -1,
      206, 209, 204, -1,
      204, 209, 208, -1,
      31, 34, 122, -1,
      122, 34, 123, -1,
      122, 123, 625, -1,
      625, 123, 620, -1,
      625, 620, 626, -1,
      626, 620, 621, -1,
      626, 621, 627, -1,
      627, 621, 622, -1,
      627, 622, 628, -1,
      628, 622, 623, -1,
      628, 623, 629, -1,
      629, 623, 624, -1,
      629, 624, 630, -1,
      630, 624, 206, -1,
      630, 206, 631, -1,
      631, 206, 205, -1,
      631, 201, 630, -1,
      630, 201, 203, -1,
      630, 203, 629, -1,
      629, 203, 470, -1,
      629, 470, 628, -1,
      628, 470, 472, -1,
      628, 472, 627, -1,
      627, 472, 474, -1,
      627, 474, 626, -1,
      626, 474, 476, -1,
      626, 476, 625, -1,
      625, 476, 478, -1,
      625, 478, 122, -1,
      122, 478, 480, -1,
      122, 480, 32, -1,
      23, 27, 632, -1,
      632, 27, 481, -1,
      632, 481, 633, -1,
      633, 481, 479, -1,
      633, 479, 634, -1,
      634, 479, 477, -1,
      634, 477, 635, -1,
      635, 477, 475, -1,
      635, 475, 636, -1,
      636, 475, 473, -1,
      636, 473, 637, -1,
      637, 473, 471, -1,
      637, 471, 222, -1,
      222, 471, 469, -1,
      222, 469, 220, -1,
      220, 469, 468, -1,
      27, 28, 481, -1,
      481, 28, 29, -1,
      481, 29, 480, -1,
      480, 29, 30, -1,
      480, 30, 32, -1,
      24, 23, 403, -1,
      403, 23, 632, -1,
      403, 632, 402, -1,
      402, 632, 633, -1,
      402, 633, 401, -1,
      401, 633, 634, -1,
      401, 634, 400, -1,
      400, 634, 635, -1,
      400, 635, 399, -1,
      399, 635, 636, -1,
      399, 636, 398, -1,
      398, 636, 637, -1,
      398, 637, 200, -1,
      200, 637, 222, -1,
      200, 222, 198, -1,
      198, 222, 221, -1,
      283, 488, 284, -1,
      284, 488, 406, -1,
      284, 406, 323, -1,
      323, 406, 405, -1,
      323, 405, 357, -1,
      357, 405, 482, -1,
      357, 482, 403, -1,
      403, 482, 25, -1,
      403, 25, 24, -1,
      19, 20, 484, -1,
      484, 20, 22, -1,
      484, 22, 483, -1,
      483, 22, 21, -1,
      483, 21, 482, -1,
      482, 21, 26, -1,
      482, 26, 25, -1,
      17, 18, 121, -1,
      121, 18, 485, -1,
      121, 485, 638, -1,
      638, 485, 486, -1,
      638, 486, 639, -1,
      639, 486, 487, -1,
      639, 487, 640, -1,
      640, 487, 488, -1,
      640, 488, 641, -1,
      641, 488, 283, -1,
      641, 283, 642, -1,
      642, 283, 281, -1,
      642, 281, 643, -1,
      643, 281, 194, -1,
      643, 194, 644, -1,
      644, 194, 193, -1,
      15, 16, 120, -1,
      120, 16, 121, -1,
      120, 121, 645, -1,
      645, 121, 638, -1,
      645, 638, 646, -1,
      646, 638, 639, -1,
      646, 639, 647, -1,
      647, 639, 640, -1,
      647, 640, 648, -1,
      648, 640, 641, -1,
      648, 641, 649, -1,
      649, 641, 642, -1,
      649, 642, 226, -1,
      226, 642, 643, -1,
      226, 643, 224, -1,
      224, 643, 644, -1,
      225, 189, 226, -1,
      226, 189, 191, -1,
      226, 191, 649, -1,
      649, 191, 491, -1,
      649, 491, 648, -1,
      648, 491, 493, -1,
      648, 493, 647, -1,
      647, 493, 495, -1,
      647, 495, 646, -1,
      646, 495, 497, -1,
      646, 497, 645, -1,
      645, 497, 499, -1,
      645, 499, 120, -1,
      120, 499, 501, -1,
      120, 501, 11, -1,
      10, 9, 650, -1,
      650, 9, 502, -1,
      650, 502, 651, -1,
      651, 502, 500, -1,
      651, 500, 652, -1,
      652, 500, 498, -1,
      652, 498, 653, -1,
      653, 498, 496, -1,
      653, 496, 654, -1,
      654, 496, 494, -1,
      654, 494, 655, -1,
      655, 494, 492, -1,
      655, 492, 229, -1,
      229, 492, 490, -1,
      229, 490, 227, -1,
      227, 490, 489, -1,
      9, 14, 502, -1,
      502, 14, 13, -1,
      502, 13, 501, -1,
      501, 13, 12, -1,
      501, 12, 11, -1,
      8, 10, 412, -1,
      412, 10, 650, -1,
      412, 650, 411, -1,
      411, 650, 651, -1,
      411, 651, 410, -1,
      410, 651, 652, -1,
      410, 652, 409, -1,
      409, 652, 653, -1,
      409, 653, 408, -1,
      408, 653, 654, -1,
      408, 654, 407, -1,
      407, 654, 655, -1,
      407, 655, 188, -1,
      188, 655, 229, -1,
      188, 229, 186, -1,
      186, 229, 228, -1,
      290, 509, 291, -1,
      291, 509, 415, -1,
      291, 415, 327, -1,
      327, 415, 414, -1,
      327, 414, 364, -1,
      364, 414, 503, -1,
      364, 503, 412, -1,
      412, 503, 7, -1,
      412, 7, 8, -1,
      3, 2, 505, -1,
      505, 2, 1, -1,
      505, 1, 504, -1,
      504, 1, 5, -1,
      504, 5, 503, -1,
      503, 5, 6, -1,
      503, 6, 7, -1,
      0, 4, 119, -1,
      119, 4, 506, -1,
      119, 506, 656, -1,
      656, 506, 507, -1,
      656, 507, 657, -1,
      657, 507, 508, -1,
      657, 508, 658, -1,
      658, 508, 509, -1,
      658, 509, 659, -1,
      659, 509, 290, -1,
      659, 290, 660, -1,
      660, 290, 288, -1,
      660, 288, 661, -1,
      661, 288, 182, -1,
      661, 182, 662, -1,
      662, 182, 181, -1,
      112, 111, 118, -1,
      118, 111, 119, -1,
      118, 119, 663, -1,
      663, 119, 656, -1,
      663, 656, 664, -1,
      664, 656, 657, -1,
      664, 657, 665, -1,
      665, 657, 658, -1,
      665, 658, 666, -1,
      666, 658, 659, -1,
      666, 659, 667, -1,
      667, 659, 660, -1,
      667, 660, 233, -1,
      233, 660, 661, -1,
      233, 661, 231, -1,
      231, 661, 662, -1,
      232, 177, 233, -1,
      233, 177, 179, -1,
      233, 179, 667, -1,
      667, 179, 512, -1,
      667, 512, 666, -1,
      666, 512, 514, -1,
      666, 514, 665, -1,
      665, 514, 516, -1,
      665, 516, 664, -1,
      664, 516, 518, -1,
      664, 518, 663, -1,
      663, 518, 520, -1,
      663, 520, 118, -1,
      118, 520, 522, -1,
      118, 522, 113, -1,
      103, 107, 668, -1,
      668, 107, 523, -1,
      668, 523, 669, -1,
      669, 523, 521, -1,
      669, 521, 670, -1,
      670, 521, 519, -1,
      670, 519, 671, -1,
      671, 519, 517, -1,
      671, 517, 672, -1,
      672, 517, 515, -1,
      672, 515, 673, -1,
      673, 515, 513, -1,
      673, 513, 236, -1,
      236, 513, 511, -1,
      236, 511, 234, -1,
      234, 511, 510, -1,
      107, 108, 523, -1,
      523, 108, 109, -1,
      523, 109, 522, -1,
      522, 109, 110, -1,
      522, 110, 113, -1,
      104, 103, 421, -1,
      421, 103, 668, -1,
      421, 668, 420, -1,
      420, 668, 669, -1,
      420, 669, 419, -1,
      419, 669, 670, -1,
      419, 670, 418, -1,
      418, 670, 671, -1,
      418, 671, 417, -1,
      417, 671, 672, -1,
      417, 672, 416, -1,
      416, 672, 673, -1,
      416, 673, 176, -1,
      176, 673, 236, -1,
      176, 236, 174, -1,
      174, 236, 235, -1,
      297, 530, 298, -1,
      298, 530, 424, -1,
      298, 424, 331, -1,
      331, 424, 423, -1,
      331, 423, 371, -1,
      371, 423, 524, -1,
      371, 524, 421, -1,
      421, 524, 105, -1,
      421, 105, 104, -1,
      99, 100, 526, -1,
      526, 100, 102, -1,
      526, 102, 525, -1,
      525, 102, 101, -1,
      525, 101, 524, -1,
      524, 101, 106, -1,
      524, 106, 105, -1,
      97, 98, 543, -1,
      543, 98, 527, -1,
      543, 527, 541, -1,
      541, 527, 528, -1,
      541, 528, 539, -1,
      539, 528, 529, -1,
      539, 529, 537, -1,
      537, 529, 530, -1,
      537, 530, 535, -1,
      535, 530, 297, -1,
      535, 297, 533, -1,
      533, 297, 295, -1,
      533, 295, 532, -1,
      532, 295, 170, -1,
      532, 170, 531, -1,
      531, 170, 169, -1,
      117, 95, 543, -1,
      543, 95, 96, -1,
      543, 96, 97, -1,
      239, 165, 240, -1,
      240, 165, 167, -1,
      240, 167, 534, -1,
      534, 167, 546, -1,
      534, 546, 536, -1,
      536, 546, 548, -1,
      536, 548, 538, -1,
      538, 548, 550, -1,
      538, 550, 540, -1,
      540, 550, 552, -1,
      540, 552, 542, -1,
      542, 552, 554, -1,
      542, 554, 117, -1,
      117, 554, 556, -1,
      117, 556, 91, -1,
      90, 89, 674, -1,
      674, 89, 557, -1,
      674, 557, 675, -1,
      675, 557, 555, -1,
      675, 555, 676, -1,
      676, 555, 553, -1,
      676, 553, 677, -1,
      677, 553, 551, -1,
      677, 551, 678, -1,
      678, 551, 549, -1,
      678, 549, 679, -1,
      679, 549, 547, -1,
      679, 547, 243, -1,
      243, 547, 545, -1,
      243, 545, 241, -1,
      241, 545, 544, -1,
      89, 94, 557, -1,
      557, 94, 93, -1,
      557, 93, 556, -1,
      556, 93, 92, -1,
      556, 92, 91, -1,
      88, 90, 430, -1,
      430, 90, 674, -1,
      430, 674, 429, -1,
      429, 674, 675, -1,
      429, 675, 428, -1,
      428, 675, 676, -1,
      428, 676, 427, -1,
      427, 676, 677, -1,
      427, 677, 426, -1,
      426, 677, 678, -1,
      426, 678, 425, -1,
      425, 678, 679, -1,
      425, 679, 164, -1,
      164, 679, 243, -1,
      164, 243, 162, -1,
      162, 243, 242, -1,
      304, 564, 305, -1,
      305, 564, 433, -1,
      305, 433, 335, -1,
      335, 433, 432, -1,
      335, 432, 376, -1,
      376, 432, 558, -1,
      376, 558, 430, -1,
      430, 558, 87, -1,
      430, 87, 88, -1,
      83, 82, 560, -1,
      560, 82, 81, -1,
      560, 81, 559, -1,
      559, 81, 85, -1,
      559, 85, 558, -1,
      558, 85, 86, -1,
      558, 86, 87, -1,
      79, 84, 577, -1,
      577, 84, 561, -1,
      577, 561, 575, -1,
      575, 561, 562, -1,
      575, 562, 573, -1,
      573, 562, 563, -1,
      573, 563, 571, -1,
      571, 563, 564, -1,
      571, 564, 569, -1,
      569, 564, 304, -1,
      569, 304, 567, -1,
      567, 304, 302, -1,
      567, 302, 566, -1,
      566, 302, 155, -1,
      566, 155, 565, -1,
      565, 155, 154, -1,
      116, 77, 577, -1,
      577, 77, 80, -1,
      577, 80, 79, -1,
      76, 78, 439, -1,
      439, 78, 116, -1,
      439, 116, 438, -1,
      438, 116, 576, -1,
      438, 576, 437, -1,
      437, 576, 574, -1,
      437, 574, 436, -1,
      436, 574, 572, -1,
      436, 572, 435, -1,
      435, 572, 570, -1,
      435, 570, 434, -1,
      434, 570, 568, -1,
      434, 568, 152, -1,
      152, 568, 246, -1,
      152, 246, 150, -1,
      150, 246, 245, -1,
      309, 584, 310, -1,
      310, 584, 442, -1,
      310, 442, 339, -1,
      339, 442, 441, -1,
      339, 441, 383, -1,
      383, 441, 578, -1,
      383, 578, 439, -1,
      439, 578, 75, -1,
      439, 75, 76, -1,
      71, 70, 580, -1,
      580, 70, 69, -1,
      580, 69, 579, -1,
      579, 69, 73, -1,
      579, 73, 578, -1,
      578, 73, 74, -1,
      578, 74, 75, -1,
      145, 141, 146, -1,
      146, 141, 143, -1,
      146, 143, 307, -1,
      307, 143, 587, -1,
      307, 587, 309, -1,
      309, 587, 589, -1,
      309, 589, 584, -1,
      584, 589, 591, -1,
      584, 591, 583, -1,
      583, 591, 593, -1,
      583, 593, 582, -1,
      582, 593, 595, -1,
      582, 595, 581, -1,
      581, 595, 597, -1,
      581, 597, 72, -1,
      65, 66, 598, -1,
      598, 66, 68, -1,
      598, 68, 597, -1,
      597, 68, 67, -1,
      597, 67, 72, -1,
      63, 64, 115, -1,
      115, 64, 604, -1,
      115, 604, 384, -1,
      384, 604, 603, -1,
      384, 603, 340, -1,
      340, 603, 602, -1,
      340, 602, 311, -1,
      311, 602, 601, -1,
      311, 601, 266, -1,
      266, 601, 600, -1,
      266, 600, 129, -1,
      129, 600, 599, -1,
      129, 599, 127, -1,
      127, 599, 140, -1,
      127, 140, 136, -1,
      136, 140, 139, -1,
      260, 262, 258, -1,
      258, 262, 680, -1,
      258, 680, 447, -1,
      447, 680, 681, -1,
      447, 681, 446, -1,
      446, 681, 682, -1,
      446, 682, 445, -1,
      445, 682, 683, -1,
      445, 683, 444, -1,
      444, 683, 684, -1,
      444, 684, 443, -1,
      443, 684, 685, -1,
      443, 685, 115, -1,
      115, 685, 61, -1,
      115, 61, 62, -1,
      686, 56, 55, -1,
      130, 132, 262, -1,
      262, 132, 687, -1,
      262, 687, 680, -1,
      680, 687, 688, -1,
      680, 688, 681, -1,
      681, 688, 689, -1,
      681, 689, 682, -1,
      682, 689, 690, -1,
      682, 690, 683, -1,
      683, 690, 691, -1,
      683, 691, 684, -1,
      684, 691, 686, -1,
      684, 686, 685, -1,
      685, 686, 55, -1,
      685, 55, 61, -1,
      131, 264, 132, -1,
      132, 264, 692, -1,
      132, 692, 687, -1,
      687, 692, 693, -1,
      687, 693, 688, -1,
      688, 693, 694, -1,
      688, 694, 689, -1,
      689, 694, 695, -1,
      689, 695, 690, -1,
      690, 695, 696, -1,
      690, 696, 691, -1,
      691, 696, 114, -1,
      691, 114, 686, -1,
      686, 114, 57, -1,
      686, 57, 56, -1,
      265, 460, 264, -1,
      264, 460, 270, -1,
      264, 270, 692, -1,
      692, 270, 269, -1,
      692, 269, 693, -1,
      693, 269, 610, -1,
      693, 610, 694, -1,
      694, 610, 605, -1,
      694, 605, 695, -1,
      695, 605, 606, -1,
      695, 606, 696, -1,
      696, 606, 607, -1,
      696, 607, 114, -1,
      114, 607, 59, -1,
      114, 59, 58, -1,
      697, 698, 699, -1,
      700, 701, 699, -1,
      699, 701, 702, -1,
      703, 704, 699, -1,
      697, 699, 705, -1,
      706, 707, 699, -1,
      699, 707, 708, -1,
      699, 708, 700, -1,
      702, 709, 699, -1,
      699, 709, 710, -1,
      699, 710, 711, -1,
      711, 712, 699, -1,
      699, 712, 713, -1,
      699, 713, 714, -1,
      715, 716, 717, -1,
      717, 716, 699, -1,
      717, 699, 718, -1,
      718, 699, 714, -1,
      698, 719, 699, -1,
      699, 719, 720, -1,
      699, 720, 721, -1,
      722, 723, 724, -1,
      724, 723, 725, -1,
      724, 725, 726, -1,
      722, 724, 699, -1,
      699, 724, 727, -1,
      699, 727, 703, -1,
      721, 728, 699, -1,
      699, 728, 729, -1,
      699, 729, 706, -1,
      726, 730, 724, -1,
      724, 730, 731, -1,
      724, 731, 732, -1,
      704, 733, 699, -1,
      699, 733, 734, -1,
      699, 734, 735, -1,
      735, 736, 699, -1,
      699, 736, 737, -1,
      699, 737, 738, -1,
      732, 739, 724, -1,
      724, 739, 740, -1,
      724, 740, 741, -1,
      738, 742, 699, -1,
      699, 742, 743, -1,
      699, 743, 705, -1,
      744, 172, 745, -1,
      745, 172, 171, -1,
      745, 171, 746, -1,
      746, 171, 237, -1,
      746, 237, 747, -1,
      747, 237, 365, -1,
      747, 365, 748, -1,
      748, 365, 175, -1,
      748, 175, 749, -1,
      749, 175, 174, -1,
      749, 174, 750, -1,
      750, 174, 235, -1,
      750, 235, 751, -1,
      751, 235, 234, -1,
      751, 234, 752, -1,
      752, 234, 510, -1,
      752, 510, 753, -1,
      753, 510, 178, -1,
      753, 178, 754, -1,
      754, 178, 177, -1,
      754, 177, 755, -1,
      755, 177, 232, -1,
      755, 232, 756, -1,
      756, 232, 231, -1,
      756, 231, 757, -1,
      757, 231, 662, -1,
      757, 662, 758, -1,
      758, 662, 181, -1,
      758, 181, 759, -1,
      759, 181, 180, -1,
      759, 180, 760, -1,
      760, 180, 285, -1,
      760, 285, 761, -1,
      761, 285, 184, -1,
      761, 184, 762, -1,
      762, 184, 183, -1,
      762, 183, 763, -1,
      763, 183, 230, -1,
      763, 230, 764, -1,
      764, 230, 358, -1,
      764, 358, 765, -1,
      765, 358, 187, -1,
      765, 187, 766, -1,
      766, 187, 186, -1,
      766, 186, 767, -1,
      767, 186, 228, -1,
      767, 228, 768, -1,
      768, 228, 227, -1,
      768, 227, 769, -1,
      769, 227, 489, -1,
      769, 489, 770, -1,
      770, 489, 190, -1,
      770, 190, 771, -1,
      771, 190, 189, -1,
      771, 189, 772, -1,
      772, 189, 225, -1,
      772, 225, 773, -1,
      773, 225, 224, -1,
      773, 224, 774, -1,
      774, 224, 644, -1,
      774, 644, 775, -1,
      775, 644, 193, -1,
      775, 193, 776, -1,
      776, 193, 192, -1,
      776, 192, 777, -1,
      777, 192, 278, -1,
      777, 278, 778, -1,
      778, 278, 196, -1,
      778, 196, 779, -1,
      779, 196, 195, -1,
      779, 195, 780, -1,
      780, 195, 223, -1,
      780, 223, 781, -1,
      781, 223, 351, -1,
      781, 351, 782, -1,
      782, 351, 199, -1,
      782, 199, 783, -1,
      783, 199, 198, -1,
      783, 198, 784, -1,
      784, 198, 221, -1,
      784, 221, 785, -1,
      785, 221, 220, -1,
      785, 220, 786, -1,
      786, 220, 468, -1,
      786, 468, 787, -1,
      787, 468, 202, -1,
      787, 202, 788, -1,
      788, 202, 201, -1,
      788, 201, 789, -1,
      789, 201, 631, -1,
      789, 631, 790, -1,
      790, 631, 205, -1,
      790, 205, 791, -1,
      791, 205, 204, -1,
      791, 204, 792, -1,
      792, 204, 208, -1,
      792, 208, 793, -1,
      793, 208, 207, -1,
      793, 207, 794, -1,
      794, 207, 271, -1,
      794, 271, 795, -1,
      795, 271, 211, -1,
      795, 211, 796, -1,
      796, 211, 210, -1,
      796, 210, 797, -1,
      797, 210, 219, -1,
      797, 219, 798, -1,
      798, 219, 344, -1,
      798, 344, 799, -1,
      799, 344, 214, -1,
      799, 214, 800, -1,
      800, 214, 213, -1,
      800, 213, 801, -1,
      801, 213, 217, -1,
      801, 217, 802, -1,
      802, 217, 216, -1,
      802, 216, 803, -1,
      803, 216, 265, -1,
      803, 265, 804, -1,
      804, 265, 263, -1,
      804, 263, 805, -1,
      805, 263, 131, -1,
      805, 131, 806, -1,
      806, 131, 130, -1,
      806, 130, 807, -1,
      807, 130, 261, -1,
      807, 261, 808, -1,
      808, 261, 260, -1,
      808, 260, 809, -1,
      809, 260, 259, -1,
      809, 259, 810, -1,
      810, 259, 257, -1,
      810, 257, 811, -1,
      811, 257, 256, -1,
      811, 256, 812, -1,
      812, 256, 134, -1,
      812, 134, 813, -1,
      813, 134, 133, -1,
      813, 133, 814, -1,
      814, 133, 315, -1,
      814, 315, 815, -1,
      815, 315, 254, -1,
      815, 254, 816, -1,
      816, 254, 253, -1,
      816, 253, 817, -1,
      817, 253, 251, -1,
      817, 251, 818, -1,
      818, 251, 250, -1,
      818, 250, 819, -1,
      819, 250, 137, -1,
      819, 137, 820, -1,
      820, 137, 136, -1,
      820, 136, 821, -1,
      821, 136, 139, -1,
      821, 139, 822, -1,
      822, 139, 138, -1,
      822, 138, 823, -1,
      823, 138, 585, -1,
      823, 585, 824, -1,
      824, 585, 142, -1,
      824, 142, 825, -1,
      825, 142, 141, -1,
      825, 141, 826, -1,
      826, 141, 145, -1,
      826, 145, 827, -1,
      827, 145, 144, -1,
      827, 144, 828, -1,
      828, 144, 148, -1,
      828, 148, 829, -1,
      829, 148, 147, -1,
      829, 147, 830, -1,
      830, 147, 248, -1,
      830, 248, 831, -1,
      831, 248, 247, -1,
      831, 247, 832, -1,
      832, 247, 377, -1,
      832, 377, 833, -1,
      833, 377, 151, -1,
      833, 151, 834, -1,
      834, 151, 150, -1,
      834, 150, 835, -1,
      835, 150, 245, -1,
      835, 245, 836, -1,
      836, 245, 244, -1,
      836, 244, 837, -1,
      837, 244, 565, -1,
      837, 565, 838, -1,
      838, 565, 154, -1,
      838, 154, 839, -1,
      839, 154, 153, -1,
      839, 153, 840, -1,
      840, 153, 299, -1,
      840, 299, 841, -1,
      841, 299, 157, -1,
      841, 157, 842, -1,
      842, 157, 156, -1,
      842, 156, 843, -1,
      843, 156, 160, -1,
      843, 160, 844, -1,
      844, 160, 159, -1,
      844, 159, 845, -1,
      845, 159, 163, -1,
      845, 163, 846, -1,
      846, 163, 162, -1,
      846, 162, 847, -1,
      847, 162, 242, -1,
      847, 242, 848, -1,
      848, 242, 241, -1,
      848, 241, 849, -1,
      849, 241, 544, -1,
      849, 544, 850, -1,
      850, 544, 166, -1,
      850, 166, 851, -1,
      851, 166, 165, -1,
      851, 165, 852, -1,
      852, 165, 239, -1,
      852, 239, 853, -1,
      853, 239, 238, -1,
      853, 238, 854, -1,
      854, 238, 531, -1,
      854, 531, 855, -1,
      855, 531, 169, -1,
      855, 169, 856, -1,
      856, 169, 168, -1,
      856, 168, 857, -1,
      857, 168, 292, -1,
      857, 292, 744, -1,
      744, 292, 172, -1,
    ]
  }
}

Shape {
  appearance Appearance {
    material Material {
      diffuseColor 0.2510 0.2510 0.2510
      specularColor 0.1255 0.1255 0.1255
      ambientIntensity 0.2
      transparency 0.0000
      shininess 0.5
    }
  }
  geometry IndexedFaceSet {
    ccw TRUE
    solid FALSE
    coord DEF co Coordinate {
      point [
        -0.157480 0.157480 0.000000,
        -1.299213 0.157480 0.000000,
        -0.157480 -0.157480 0.000000,
        -1.299213 -0.157480 0.000000,
        1.299213 -0.826772 0.000000,
        0.826772 -1.299213 0.000000,
        0.826772 1.299213 0.000000,
        0.157480 0.157480 0.000000,
        1.299213 0.826772 0.000000,
        1.299213 0.157480 0.000000,
        0.157480 -0.157480 0.000000,
        1.299213 -0.157480 0.000000,
        1.299213 0.157480 0.078740,
        1.299213 -0.157480 0.078740,
        0.157480 -0.157480 0.078740,
        0.157480 0.157480 0.078740,
        -1.299213 -0.157480 0.078740,
        -1.299213 0.157480 0.078740,
        -0.157480 0.157480 0.078740,
        -0.157480 -0.157480 0.078740,
        0.826772 1.299213 0.314961,
        0.826772 -1.299213 0.314961,
        1.299213 0.826772 0.314961,
        1.299213 -0.826772 0.314961,
      ]
    }
    coordIndex [
      8, 6, 22, -1,
      22, 6, 20, -1,
      5, 4, 21, -1,
      21, 4, 23, -1,
      7, 9, 15, -1,
      15, 9, 12, -1,
      14, 13, 10, -1,
      10, 13, 11, -1,
      15, 14, 7, -1,
      7, 14, 10, -1,
      18, 17, 0, -1,
      0, 17, 1, -1,
      2, 3, 19, -1,
      19, 3, 16, -1,
      19, 18, 2, -1,
      2, 18, 0, -1,
    ]
  }
}

Shape {
  appearance Appearance {
    material Material {
      diffuseColor 1.0000 1.0000 1.0000
      specularColor 0.5020 0.5020 0.5020
      ambientIntensity 0.2
      transparency 0.0000
      shininess 0.5
    }
  }
  geometry IndexedFaceSet {
    ccw TRUE
    solid FALSE
    coord DEF co Coordinate {
      point [
        1.299213 0.127953 0.078740,
        0.413386 0.127953 0.078740,
        1.299213 -0.127953 0.078740,
        0.413386 -0.127953 0.078740,
        -1.299213 -0.127953 0.078740,
        -0.413386 -0.127953 0.078740,
        -1.299213 0.127953 0.078740,
        -0.413386 0.127953 0.078740,
        1.179729 0.223899 2.283465,
        1.153579 0.333387 2.283465,
        -0.567598 -1.058169 2.283465,
        0.517376 1.083611 2.283465,
        0.413631 1.127297 2.283465,
        0.306252 1.161077 2.283465,
        0.797889 -0.897365 2.283465,
        0.878414 -0.818706 2.283465,
        1.195511 0.112444 2.283465,
        0.797889 0.897365 2.283465,
        0.710352 0.968137 2.283465,
        0.616573 1.030402 2.283465,
        0.196181 1.184653 2.283465,
        0.084387 1.197819 2.283465,
        -0.028150 1.200457 2.283465,
        -0.140439 1.192546 2.283465,
        -0.251493 1.174156 2.283465,
        -0.360338 1.145446 2.283465,
        -0.585166 1.048557 2.283465,
        -0.585166 -1.048557 2.283465,
        -0.567598 1.058169 2.283465,
        -0.466016 1.106670 2.283465,
        1.117291 0.439944 2.283465,
        1.071185 0.542636 2.283465,
        1.015665 0.640559 2.283465,
        -0.466016 -1.106670 2.283465,
        -0.360338 -1.145446 2.283465,
        0.616573 -1.030402 2.283465,
        -0.251493 -1.174156 2.283465,
        -0.140439 -1.192546 2.283465,
        0.710352 -0.968137 2.283465,
        0.951219 0.732853 2.283465,
        0.878414 0.818706 2.283465,
        -0.028150 -1.200457 2.283465,
        0.084387 -1.197819 2.283465,
        0.196181 -1.184653 2.283465,
        0.951219 -0.732853 2.283465,
        1.015665 -0.640559 2.283465,
        1.071185 -0.542636 2.283465,
        1.117291 -0.439944 2.283465,
        1.153579 -0.333387 2.283465,
        1.179729 -0.223899 2.283465,
        0.306252 -1.161077 2.283465,
        0.413631 -1.127297 2.283465,
        0.517376 -1.083611 2.283465,
        1.195511 -0.112444 2.283465,
        1.200787 -0.000000 2.283465,
        -1.238794 0.058129 2.244094,
        -1.238794 0.000000 2.244094,
        -1.238794 -0.058129 2.244094,
        -1.228718 -0.165262 2.244094,
        -1.227908 -0.173876 2.244094,
        -1.206230 -0.288095 2.244094,
        -1.194900 -0.327299 2.244094,
        -1.173952 -0.399783 2.244094,
        -1.140871 -0.483798 2.244094,
        -1.131358 -0.507957 2.244094,
        -1.078821 -0.611667 2.244094,
        -1.066290 -0.631536 2.244094,
        -1.016803 -0.710001 2.244094,
        -0.972265 -0.767810 2.244094,
        -0.945850 -0.802096 2.244094,
        -0.866584 -0.887143 2.244094,
        -0.861966 -0.891249 2.244094,
        -0.779703 -0.964393 2.244094,
        -0.734831 -0.997317 2.244094,
        -0.685970 -1.033168 2.244094,
        -0.595755 -1.087151 2.244094,
        -0.586208 -1.092863 2.244094,
        -0.481295 -1.142955 2.244094,
        -0.445307 -1.156160 2.244094,
        -0.372152 -1.183002 2.244094,
        -0.287237 -1.205400 2.244094,
        -0.259739 -1.212652 2.244094,
        -0.145043 -1.231646 2.244094,
        -0.124078 -1.233124 2.244094,
        -0.029072 -1.239817 2.244094,
        0.041409 -1.238164 2.244094,
        0.087154 -1.237091 2.244094,
        0.202614 -1.223494 2.244094,
        0.206239 -1.222718 2.244094,
        0.316293 -1.199145 2.244094,
        0.367022 -1.183187 2.244094,
        0.427193 -1.164258 2.244094,
        0.521807 -1.124417 2.244094,
        0.534339 -1.119139 2.244094,
        0.636789 -1.064185 2.244094,
        0.666663 -1.044350 2.244094,
        0.733643 -0.999880 2.244094,
        0.800011 -0.946221 2.244094,
        0.824049 -0.926787 2.244094,
        0.907214 -0.845549 2.244094,
        0.919208 -0.831406 2.244094,
        0.982406 -0.756881 2.244094,
        1.021352 -0.701106 2.244094,
        1.048965 -0.661561 2.244094,
        1.106306 -0.560428 2.244094,
        1.106811 -0.559300 2.244094,
        1.153924 -0.454369 2.244094,
        1.170269 -0.406370 2.244094,
        1.191401 -0.344317 2.244094,
        1.214675 -0.246871 2.244094,
        1.218408 -0.231240 2.244094,
        1.234708 -0.116130 2.244094,
        1.236273 -0.082781 2.244094,
        1.240157 0.000000 2.244094,
        1.236273 0.082781 2.244094,
        1.234708 0.116130 2.244094,
        1.218408 0.231240 2.244094,
        1.214675 0.246871 2.244094,
        1.191401 0.344317 2.244094,
        1.170269 0.406370 2.244094,
        1.153924 0.454369 2.244094,
        1.106811 0.559300 2.244094,
        1.106306 0.560428 2.244094,
        1.048965 0.661561 2.244094,
        1.021352 0.701106 2.244094,
        0.982406 0.756881 2.244094,
        0.919208 0.831406 2.244094,
        0.907214 0.845549 2.244094,
        0.824049 0.926787 2.244094,
        0.800011 0.946221 2.244094,
        0.733643 0.999880 2.244094,
        0.666663 1.044350 2.244094,
        0.636789 1.064185 2.244094,
        0.534339 1.119139 2.244094,
        0.521807 1.124417 2.244094,
        0.427193 1.164258 2.244094,
        0.367022 1.183187 2.244094,
        0.316293 1.199145 2.244094,
        0.206239 1.222718 2.244094,
        0.202614 1.223494 2.244094,
        0.087154 1.237091 2.244094,
        0.041409 1.238164 2.244094,
        -0.029072 1.239817 2.244094,
        -0.124078 1.233124 2.244094,
        -0.145043 1.231646 2.244094,
        -0.259739 1.212652 2.244094,
        -0.287237 1.205400 2.244094,
        -0.372152 1.183002 2.244094,
        -0.445307 1.156160 2.244094,
        -0.481295 1.142955 2.244094,
        -0.586208 1.092863 2.244094,
        -0.595755 1.087151 2.244094,
        -0.685970 1.033168 2.244094,
        -0.734831 0.997317 2.244094,
        -0.779703 0.964393 2.244094,
        -0.861966 0.891249 2.244094,
        -0.866584 0.887143 2.244094,
        -0.945850 0.802096 2.244094,
        -0.972265 0.767810 2.244094,
        -1.016803 0.710001 2.244094,
        -1.066290 0.631536 2.244094,
        -1.078821 0.611667 2.244094,
        -1.131358 0.507957 2.244094,
        -1.140871 0.483798 2.244094,
        -1.173952 0.399783 2.244094,
        -1.194900 0.327299 2.244094,
        -1.206230 0.288095 2.244094,
        -1.227908 0.173876 2.244094,
        -1.228718 0.165262 2.244094,
        -1.437008 0.127953 0.078740,
        -1.437008 -0.127953 0.078740,
        -0.413386 0.127953 -0.007874,
        -1.437008 0.127953 -0.007874,
        -1.437008 -0.127953 -0.007874,
        -0.413386 -0.127953 -0.007874,
        1.437008 -0.127953 0.078740,
        1.437008 0.127953 0.078740,
        0.413386 0.127953 -0.007874,
        1.437008 0.127953 -0.007874,
        0.413386 -0.127953 -0.007874,
        1.437008 -0.127953 -0.007874,
        1.233372 0.116005 2.254284,
        1.190112 0.343945 2.254284,
        1.152675 0.453878 2.254284,
        1.105109 0.559821 2.254284,
        0.981343 0.756062 2.254284,
        0.732849 0.998798 2.254284,
        0.636100 1.063034 2.254284,
        0.426731 1.162998 2.254284,
        0.315951 1.197848 2.254284,
        0.202394 1.222171 2.254284,
        -0.029041 1.238476 2.254284,
        -0.371750 1.181722 2.254284,
        -0.480774 1.141719 2.254284,
        -0.685228 1.032050 2.254284,
        -0.778859 0.963350 2.254284,
        -1.015703 0.709233 2.254284,
        -1.172683 0.399350 2.254284,
        -1.204926 0.287783 2.254284,
        -1.237454 0.058066 2.254284,
        -1.237454 -0.058066 2.254284,
        -1.172683 -0.399350 2.254284,
        -1.015703 -0.709233 2.254284,
        -0.944826 -0.801229 2.254284,
        -0.778859 -0.963350 2.254284,
        -0.685228 -1.032050 2.254284,
        -0.371750 -1.181722 2.254284,
        -0.029041 -1.238476 2.254284,
        0.087059 -1.235753 2.254284,
        0.315951 -1.197848 2.254284,
        0.426731 -1.162998 2.254284,
        0.732849 -0.998798 2.254284,
        0.981343 -0.756062 2.254284,
        1.047830 -0.660846 2.254284,
        1.152675 -0.453878 2.254284,
        1.190112 -0.343945 2.254284,
        1.238816 0.000000 2.254284,
        -0.572415 1.067149 2.282123,
        -0.839716 0.858291 2.283465,
        -0.839074 0.858980 2.283465,
        -0.846194 0.866269 2.282123,
        -0.944926 0.738858 2.283465,
        -0.915823 0.776633 2.283465,
        -0.923594 0.783224 2.282123,
        -1.034904 0.607580 2.283465,
        -0.984524 0.687462 2.283465,
        -0.992878 0.693295 2.282123,
        -1.105922 0.465215 2.283465,
        -1.095442 0.491831 2.283465,
        -1.104737 0.496005 2.282123,
        -1.189819 0.158866 2.283465,
        -1.188927 0.168356 2.283465,
        -1.199016 0.169785 2.282123,
        -1.189819 -0.158866 2.283465,
        -1.199468 -0.056283 2.283465,
        -1.209646 -0.056761 2.282123,
        -1.157609 -0.314689 2.283465,
        -1.167937 -0.278949 2.283465,
        -1.177848 -0.281317 2.282123,
        -1.105922 -0.465215 2.283465,
        -1.136684 -0.387091 2.283465,
        -1.146330 -0.390376 2.282123,
        -1.034904 -0.607580 2.283465,
        -1.044572 -0.592249 2.283465,
        -1.053437 -0.597274 2.282123,
        -0.839716 -0.858291 2.283465,
        -0.915823 -0.776633 2.283465,
        -0.923594 -0.783224 2.282123,
        -0.718025 -0.960871 2.283465,
        -0.754950 -0.933777 2.283465,
        -0.761357 -0.941701 2.282123,
        -0.664193 -1.000369 2.283465,
        -0.669829 -1.008858 2.282123,
        -0.984524 -0.687462 2.283465,
        -1.199468 0.056283 2.283465,
        -1.136684 0.387091 2.283465,
        -0.664193 1.000369 2.283465,
        1.189740 -0.225799 2.282123,
        1.163368 -0.336216 2.282123,
        1.199069 -0.227569 2.278190,
        1.172490 -0.338852 2.278190,
        1.207079 -0.229090 2.271933,
        1.180323 -0.341116 2.271933,
        1.213226 -0.230256 2.263780,
        1.186334 -0.342853 2.263780,
        1.217090 -0.230990 2.254284,
        0.804660 -0.904980 2.282123,
        0.716380 -0.976353 2.282123,
        0.810969 -0.912076 2.278190,
        0.721998 -0.984008 2.278190,
        0.816387 -0.918169 2.271933,
        0.726821 -0.990582 2.271933,
        0.820544 -0.922845 2.263780,
        0.730522 -0.995627 2.263780,
        0.823158 -0.925784 2.254284,
        0.521766 -1.092806 2.282123,
        0.417141 -1.136863 2.282123,
        0.525857 -1.101375 2.278190,
        0.420412 -1.145778 2.278190,
        0.529370 -1.108733 2.271933,
        0.423221 -1.153432 2.271933,
        0.532066 -1.114379 2.263780,
        0.425376 -1.159306 2.263780,
        0.533761 -1.117929 2.254284,
        -0.253627 -1.184119 2.282123,
        -0.363396 -1.155167 2.282123,
        -0.255616 -1.193404 2.278190,
        -0.366245 -1.164224 2.278190,
        -0.257324 -1.201377 2.271933,
        -0.368692 -1.172002 2.271933,
        -0.258634 -1.207495 2.263780,
        -0.370569 -1.177970 2.263780,
        -0.259458 -1.211341 2.254284,
        -0.572415 -1.067149 2.282123,
        -0.576903 -1.075517 2.278190,
        -0.675081 -1.016769 2.278190,
        -0.580757 -1.082702 2.271933,
        -0.679591 -1.023561 2.271933,
        -0.583715 -1.088215 2.263780,
        -0.683052 -1.028774 2.263780,
        -0.585574 -1.091681 2.254284,
        -1.095442 -0.491831 2.283465,
        -1.104737 -0.496005 2.282123,
        -1.113400 -0.499894 2.278190,
        -1.155319 -0.393437 2.278190,
        -1.120838 -0.503233 2.271933,
        -1.163037 -0.396065 2.271933,
        -1.126546 -0.505796 2.263780,
        -1.168959 -0.398082 2.263780,
        -1.130134 -0.507407 2.254284,
        -1.188927 -0.168356 2.283465,
        -1.199016 -0.169785 2.282123,
        -1.208417 -0.171116 2.278190,
        -1.219131 -0.057206 2.278190,
        -1.216491 -0.172259 2.271933,
        -1.227276 -0.057589 2.271933,
        -1.222685 -0.173137 2.263780,
        -1.233526 -0.057882 2.263780,
        -1.226580 -0.173688 2.254284,
        -1.044572 0.592249 2.283465,
        -1.053437 0.597274 2.282123,
        -1.061697 0.601957 2.278190,
        -1.000663 0.698731 2.278190,
        -1.068790 0.605979 2.271933,
        -1.007349 0.703400 2.271933,
        -1.074232 0.609065 2.263780,
        -1.012479 0.706981 2.263780,
        -1.077654 0.611005 2.254284,
        -0.754950 0.933777 2.283465,
        -0.761357 0.941701 2.282123,
        -0.852829 0.873061 2.278190,
        -0.767327 0.949085 2.278190,
        -0.858526 0.878894 2.271933,
        -0.772453 0.955426 2.271933,
        -0.862898 0.883370 2.263780,
        -0.776387 0.960291 2.263780,
        -0.865647 0.886183 2.254284,
        -0.141630 1.202667 2.282123,
        -0.028389 1.210644 2.282123,
        -0.142741 1.212096 2.278190,
        -0.028611 1.220137 2.278190,
        -0.143694 1.220194 2.271933,
        -0.028802 1.228289 2.271933,
        -0.144426 1.226408 2.263780,
        -0.028949 1.234544 2.263780,
        -0.144886 1.230314 2.254284,
        0.885868 0.825654 2.282123,
        0.959291 0.739072 2.282123,
        0.892814 0.832128 2.278190,
        0.966813 0.744867 2.278190,
        0.898779 0.837687 2.271933,
        0.973272 0.749843 2.271933,
        0.903356 0.841953 2.263780,
        0.978228 0.753662 2.263780,
        0.906233 0.844634 2.254284,
        1.233372 -0.116005 2.254284,
        1.229457 -0.115636 2.263780,
        1.234883 0.000000 2.263780,
        1.223228 -0.115050 2.271933,
        1.228626 0.000000 2.271933,
        1.215110 -0.114287 2.278190,
        1.220472 0.000000 2.278190,
        1.205656 -0.113398 2.282123,
        1.210977 0.000000 2.282123,
        1.149016 -0.452437 2.263780,
        1.143194 -0.450144 2.271933,
        1.135607 -0.447157 2.278190,
        1.126772 -0.443678 2.282123,
        1.105109 -0.559821 2.254284,
        1.101600 -0.558044 2.263780,
        1.096019 -0.555217 2.271933,
        1.088745 -0.551532 2.278190,
        1.080274 -0.547241 2.282123,
        1.024283 -0.645995 2.282123,
        1.032315 -0.651060 2.278190,
        1.039211 -0.655410 2.271933,
        1.044504 -0.658747 2.263780,
        0.959291 -0.739072 2.282123,
        0.966813 -0.744867 2.278190,
        0.973272 -0.749843 2.271933,
        0.978228 -0.753662 2.263780,
        0.906233 -0.844634 2.254284,
        0.903356 -0.841953 2.263780,
        0.898779 -0.837687 2.271933,
        0.892814 -0.832128 2.278190,
        0.885868 -0.825654 2.282123,
        0.636100 -1.063034 2.254284,
        0.634080 -1.059659 2.263780,
        0.630868 -1.054290 2.271933,
        0.626681 -1.047294 2.278190,
        0.621806 -1.039146 2.282123,
        0.314948 -1.194045 2.263780,
        0.313352 -1.187995 2.271933,
        0.311273 -1.180111 2.278190,
        0.308851 -1.170930 2.282123,
        0.202394 -1.222171 2.254284,
        0.201752 -1.218291 2.263780,
        0.200730 -1.212118 2.271933,
        0.199398 -1.204074 2.278190,
        0.197846 -1.194706 2.282123,
        0.085103 -1.207983 2.282123,
        0.085770 -1.217455 2.278190,
        0.086343 -1.225589 2.271933,
        0.086783 -1.231830 2.263780,
        -0.028389 -1.210644 2.282123,
        -0.028611 -1.220137 2.278190,
        -0.028802 -1.228289 2.271933,
        -0.028949 -1.234544 2.263780,
        -0.144886 -1.230314 2.254284,
        -0.144426 -1.226408 2.263780,
        -0.143694 -1.220194 2.271933,
        -0.142741 -1.212096 2.278190,
        -0.141630 -1.202667 2.282123,
        -0.480774 -1.141719 2.254284,
        -0.479248 -1.138094 2.263780,
        -0.476820 -1.132328 2.271933,
        -0.473656 -1.124813 2.278190,
        -0.469970 -1.116061 2.282123,
        -0.776387 -0.960291 2.263780,
        -0.772453 -0.955426 2.271933,
        -0.767327 -0.949085 2.278190,
        -0.865647 -0.886183 2.254284,
        -0.862898 -0.883370 2.263780,
        -0.858526 -0.878894 2.271933,
        -0.852829 -0.873061 2.278190,
        -0.846194 -0.866269 2.282123,
        -0.839074 -0.858980 2.283465,
        -0.930836 -0.789365 2.278190,
        -0.937055 -0.794639 2.271933,
        -0.941827 -0.798685 2.263780,
        -0.944926 -0.738858 2.283465,
        -0.992878 -0.693295 2.282123,
        -1.000663 -0.698731 2.278190,
        -1.007349 -0.703400 2.271933,
        -1.012479 -0.706981 2.263780,
        -1.077654 -0.611005 2.254284,
        -1.074232 -0.609065 2.263780,
        -1.068790 -0.605979 2.271933,
        -1.061697 -0.601957 2.278190,
        -1.204926 -0.287783 2.254284,
        -1.201100 -0.286870 2.263780,
        -1.195015 -0.285417 2.271933,
        -1.187084 -0.283522 2.278190,
        -1.233526 0.057882 2.263780,
        -1.227276 0.057589 2.271933,
        -1.219131 0.057206 2.278190,
        -1.209646 0.056761 2.282123,
        -1.199468 0.000000 2.283465,
        -1.226580 0.173688 2.254284,
        -1.222685 0.173137 2.263780,
        -1.216491 0.172259 2.271933,
        -1.208417 0.171116 2.278190,
        -1.167937 0.278949 2.283465,
        -1.177848 0.281317 2.282123,
        -1.187084 0.283522 2.278190,
        -1.195015 0.285417 2.271933,
        -1.201100 0.286870 2.263780,
        -1.157609 0.314689 2.283465,
        -1.146330 0.390376 2.282123,
        -1.155319 0.393437 2.278190,
        -1.163037 0.396065 2.271933,
        -1.168959 0.398082 2.263780,
        -1.130134 0.507407 2.254284,
        -1.126546 0.505796 2.263780,
        -1.120838 0.503233 2.271933,
        -1.113400 0.499894 2.278190,
        -0.944826 0.801229 2.254284,
        -0.941827 0.798685 2.263780,
        -0.937055 0.794639 2.271933,
        -0.930836 0.789365 2.278190,
        -0.718025 0.960871 2.283465,
        -0.669829 1.008858 2.282123,
        -0.675081 1.016769 2.278190,
        -0.679591 1.023561 2.271933,
        -0.683052 1.028774 2.263780,
        -0.585574 1.091681 2.254284,
        -0.583715 1.088215 2.263780,
        -0.580757 1.082702 2.271933,
        -0.576903 1.075517 2.278190,
        -0.469970 1.116061 2.282123,
        -0.473656 1.124813 2.278190,
        -0.476820 1.132328 2.271933,
        -0.479248 1.138094 2.263780,
        -0.363396 1.155167 2.282123,
        -0.366245 1.164224 2.278190,
        -0.368692 1.172002 2.271933,
        -0.370569 1.177970 2.263780,
        -0.259458 1.211341 2.254284,
        -0.258634 1.207495 2.263780,
        -0.257324 1.201377 2.271933,
        -0.255616 1.193404 2.278190,
        -0.253627 1.184119 2.282123,
        0.087059 1.235753 2.254284,
        0.086783 1.231830 2.263780,
        0.086343 1.225589 2.271933,
        0.085770 1.217455 2.278190,
        0.085103 1.207983 2.282123,
        0.197846 1.194706 2.282123,
        0.199398 1.204074 2.278190,
        0.200730 1.212118 2.271933,
        0.201752 1.218291 2.263780,
        0.314948 1.194045 2.263780,
        0.313352 1.187995 2.271933,
        0.311273 1.180111 2.278190,
        0.308851 1.170930 2.282123,
        0.417141 1.136863 2.282123,
        0.420412 1.145778 2.278190,
        0.423221 1.153432 2.271933,
        0.425376 1.159306 2.263780,
        0.533761 1.117929 2.254284,
        0.532066 1.114379 2.263780,
        0.529370 1.108733 2.271933,
        0.525857 1.101375 2.278190,
        0.521766 1.092806 2.282123,
        0.621806 1.039146 2.282123,
        0.626681 1.047294 2.278190,
        0.630868 1.054290 2.271933,
        0.634080 1.059659 2.263780,
        0.716380 0.976353 2.282123,
        0.721998 0.984008 2.278190,
        0.726821 0.990582 2.271933,
        0.730522 0.995627 2.263780,
        0.823158 0.925784 2.254284,
        0.820544 0.922845 2.263780,
        0.816387 0.918169 2.271933,
        0.810969 0.912076 2.278190,
        0.804660 0.904980 2.282123,
        1.047830 0.660846 2.254284,
        1.044504 0.658747 2.263780,
        1.039211 0.655410 2.271933,
        1.032315 0.651060 2.278190,
        1.024283 0.645995 2.282123,
        1.080274 0.547241 2.282123,
        1.088745 0.551532 2.278190,
        1.096019 0.555217 2.271933,
        1.101600 0.558044 2.263780,
        1.149016 0.452437 2.263780,
        1.143194 0.450144 2.271933,
        1.135607 0.447157 2.278190,
        1.126772 0.443678 2.282123,
        1.163368 0.336216 2.282123,
        1.172490 0.338852 2.278190,
        1.180323 0.341116 2.271933,
        1.186334 0.342853 2.263780,
        1.217090 0.230990 2.254284,
        1.213226 0.230256 2.263780,
        1.207079 0.229090 2.271933,
        1.199069 0.227569 2.278190,
        1.189740 0.225799 2.282123,
        1.205656 0.113398 2.282123,
        1.215110 0.114287 2.278190,
        1.223228 0.115050 2.271933,
        1.229457 0.115636 2.263780,
      ]
    }
    coordIndex [
      6, 169, 4, -1,
      4, 169, 170, -1,
      7, 171, 6, -1,
      6, 171, 172, -1,
      6, 172, 169, -1,
      173, 170, 172, -1,
      172, 170, 169, -1,
      174, 5, 173, -1,
      173, 5, 4, -1,
      173, 4, 170, -1,
      171, 7, 174, -1,
      174, 7, 5, -1,
      172, 171, 173, -1,
      173, 171, 174, -1,
      175, 176, 2, -1,
      2, 176, 0, -1,
      177, 1, 178, -1,
      178, 1, 0, -1,
      178, 0, 176, -1,
      179, 3, 177, -1,
      177, 3, 1, -1,
      3, 179, 2, -1,
      2, 179, 180, -1,
      2, 180, 175, -1,
      178, 176, 180, -1,
      180, 176, 175, -1,
      177, 178, 179, -1,
      179, 178, 180, -1,
      114, 115, 181, -1,
      117, 118, 182, -1,
      119, 120, 183, -1,
      121, 122, 184, -1,
      124, 125, 185, -1,
      129, 130, 186, -1,
      131, 132, 187, -1,
      134, 135, 188, -1,
      136, 137, 189, -1,
      138, 139, 190, -1,
      141, 142, 191, -1,
      146, 147, 192, -1,
      148, 149, 193, -1,
      151, 152, 194, -1,
      153, 154, 195, -1,
      158, 159, 196, -1,
      163, 164, 197, -1,
      165, 166, 198, -1,
      168, 55, 199, -1,
      56, 57, 200, -1,
      61, 62, 201, -1,
      66, 67, 202, -1,
      68, 69, 203, -1,
      71, 72, 204, -1,
      73, 74, 205, -1,
      78, 79, 206, -1,
      83, 84, 207, -1,
      85, 86, 208, -1,
      88, 89, 209, -1,
      90, 91, 210, -1,
      95, 96, 211, -1,
      100, 101, 212, -1,
      102, 103, 213, -1,
      105, 106, 214, -1,
      107, 108, 215, -1,
      112, 113, 216, -1,
      26, 28, 217, -1,
      218, 219, 220, -1,
      221, 222, 223, -1,
      224, 225, 226, -1,
      227, 228, 229, -1,
      230, 231, 232, -1,
      233, 234, 235, -1,
      236, 237, 238, -1,
      239, 240, 241, -1,
      242, 243, 244, -1,
      245, 246, 247, -1,
      248, 249, 250, -1,
      27, 251, 252, -1,
      242, 244, 253, -1,
      230, 232, 254, -1,
      227, 229, 255, -1,
      26, 217, 256, -1,
      49, 48, 257, -1,
      257, 48, 258, -1,
      257, 258, 259, -1,
      259, 258, 260, -1,
      259, 260, 261, -1,
      261, 260, 262, -1,
      261, 262, 263, -1,
      263, 262, 264, -1,
      263, 264, 265, -1,
      265, 264, 215, -1,
      14, 38, 266, -1,
      266, 38, 267, -1,
      266, 267, 268, -1,
      268, 267, 269, -1,
      268, 269, 270, -1,
      270, 269, 271, -1,
      270, 271, 272, -1,
      272, 271, 273, -1,
      272, 273, 274, -1,
      274, 273, 211, -1,
      52, 51, 275, -1,
      275, 51, 276, -1,
      275, 276, 277, -1,
      277, 276, 278, -1,
      277, 278, 279, -1,
      279, 278, 280, -1,
      279, 280, 281, -1,
      281, 280, 282, -1,
      281, 282, 283, -1,
      283, 282, 210, -1,
      36, 34, 284, -1,
      284, 34, 285, -1,
      284, 285, 286, -1,
      286, 285, 287, -1,
      286, 287, 288, -1,
      288, 287, 289, -1,
      288, 289, 290, -1,
      290, 289, 291, -1,
      290, 291, 292, -1,
      292, 291, 206, -1,
      10, 27, 293, -1,
      293, 27, 252, -1,
      293, 252, 294, -1,
      294, 252, 295, -1,
      294, 295, 296, -1,
      296, 295, 297, -1,
      296, 297, 298, -1,
      298, 297, 299, -1,
      298, 299, 300, -1,
      300, 299, 205, -1,
      301, 239, 302, -1,
      302, 239, 241, -1,
      302, 241, 303, -1,
      303, 241, 304, -1,
      303, 304, 305, -1,
      305, 304, 306, -1,
      305, 306, 307, -1,
      307, 306, 308, -1,
      307, 308, 309, -1,
      309, 308, 201, -1,
      310, 233, 311, -1,
      311, 233, 235, -1,
      311, 235, 312, -1,
      312, 235, 313, -1,
      312, 313, 314, -1,
      314, 313, 315, -1,
      314, 315, 316, -1,
      316, 315, 317, -1,
      316, 317, 318, -1,
      318, 317, 200, -1,
      319, 224, 320, -1,
      320, 224, 226, -1,
      320, 226, 321, -1,
      321, 226, 322, -1,
      321, 322, 323, -1,
      323, 322, 324, -1,
      323, 324, 325, -1,
      325, 324, 326, -1,
      325, 326, 327, -1,
      327, 326, 196, -1,
      219, 328, 220, -1,
      220, 328, 329, -1,
      220, 329, 330, -1,
      330, 329, 331, -1,
      330, 331, 332, -1,
      332, 331, 333, -1,
      332, 333, 334, -1,
      334, 333, 335, -1,
      334, 335, 336, -1,
      336, 335, 195, -1,
      23, 22, 337, -1,
      337, 22, 338, -1,
      337, 338, 339, -1,
      339, 338, 340, -1,
      339, 340, 341, -1,
      341, 340, 342, -1,
      341, 342, 343, -1,
      343, 342, 344, -1,
      343, 344, 345, -1,
      345, 344, 191, -1,
      40, 39, 346, -1,
      346, 39, 347, -1,
      346, 347, 348, -1,
      348, 347, 349, -1,
      348, 349, 350, -1,
      350, 349, 351, -1,
      350, 351, 352, -1,
      352, 351, 353, -1,
      352, 353, 354, -1,
      354, 353, 185, -1,
      111, 112, 355, -1,
      355, 112, 216, -1,
      355, 216, 356, -1,
      356, 216, 357, -1,
      356, 357, 358, -1,
      358, 357, 359, -1,
      358, 359, 360, -1,
      360, 359, 361, -1,
      360, 361, 362, -1,
      362, 361, 363, -1,
      362, 363, 53, -1,
      53, 363, 54, -1,
      53, 49, 362, -1,
      362, 49, 257, -1,
      362, 257, 360, -1,
      360, 257, 259, -1,
      360, 259, 358, -1,
      358, 259, 261, -1,
      358, 261, 356, -1,
      356, 261, 263, -1,
      356, 263, 355, -1,
      355, 263, 265, -1,
      355, 265, 111, -1,
      111, 265, 110, -1,
      215, 108, 265, -1,
      265, 108, 109, -1,
      265, 109, 110, -1,
      106, 107, 214, -1,
      214, 107, 215, -1,
      214, 215, 364, -1,
      364, 215, 264, -1,
      364, 264, 365, -1,
      365, 264, 262, -1,
      365, 262, 366, -1,
      366, 262, 260, -1,
      366, 260, 367, -1,
      367, 260, 258, -1,
      367, 258, 47, -1,
      47, 258, 48, -1,
      104, 105, 368, -1,
      368, 105, 214, -1,
      368, 214, 369, -1,
      369, 214, 364, -1,
      369, 364, 370, -1,
      370, 364, 365, -1,
      370, 365, 371, -1,
      371, 365, 366, -1,
      371, 366, 372, -1,
      372, 366, 367, -1,
      372, 367, 46, -1,
      46, 367, 47, -1,
      46, 45, 372, -1,
      372, 45, 373, -1,
      372, 373, 371, -1,
      371, 373, 374, -1,
      371, 374, 370, -1,
      370, 374, 375, -1,
      370, 375, 369, -1,
      369, 375, 376, -1,
      369, 376, 368, -1,
      368, 376, 213, -1,
      368, 213, 104, -1,
      104, 213, 103, -1,
      45, 44, 373, -1,
      373, 44, 377, -1,
      373, 377, 374, -1,
      374, 377, 378, -1,
      374, 378, 375, -1,
      375, 378, 379, -1,
      375, 379, 376, -1,
      376, 379, 380, -1,
      376, 380, 213, -1,
      213, 380, 212, -1,
      213, 212, 102, -1,
      102, 212, 101, -1,
      99, 100, 381, -1,
      381, 100, 212, -1,
      381, 212, 382, -1,
      382, 212, 380, -1,
      382, 380, 383, -1,
      383, 380, 379, -1,
      383, 379, 384, -1,
      384, 379, 378, -1,
      384, 378, 385, -1,
      385, 378, 377, -1,
      385, 377, 15, -1,
      15, 377, 44, -1,
      15, 14, 385, -1,
      385, 14, 266, -1,
      385, 266, 384, -1,
      384, 266, 268, -1,
      384, 268, 383, -1,
      383, 268, 270, -1,
      383, 270, 382, -1,
      382, 270, 272, -1,
      382, 272, 381, -1,
      381, 272, 274, -1,
      381, 274, 99, -1,
      99, 274, 98, -1,
      211, 96, 274, -1,
      274, 96, 97, -1,
      274, 97, 98, -1,
      94, 95, 386, -1,
      386, 95, 211, -1,
      386, 211, 387, -1,
      387, 211, 273, -1,
      387, 273, 388, -1,
      388, 273, 271, -1,
      388, 271, 389, -1,
      389, 271, 269, -1,
      389, 269, 390, -1,
      390, 269, 267, -1,
      390, 267, 35, -1,
      35, 267, 38, -1,
      35, 52, 390, -1,
      390, 52, 275, -1,
      390, 275, 389, -1,
      389, 275, 277, -1,
      389, 277, 388, -1,
      388, 277, 279, -1,
      388, 279, 387, -1,
      387, 279, 281, -1,
      387, 281, 386, -1,
      386, 281, 283, -1,
      386, 283, 94, -1,
      94, 283, 93, -1,
      210, 91, 283, -1,
      283, 91, 92, -1,
      283, 92, 93, -1,
      89, 90, 209, -1,
      209, 90, 210, -1,
      209, 210, 391, -1,
      391, 210, 282, -1,
      391, 282, 392, -1,
      392, 282, 280, -1,
      392, 280, 393, -1,
      393, 280, 278, -1,
      393, 278, 394, -1,
      394, 278, 276, -1,
      394, 276, 50, -1,
      50, 276, 51, -1,
      87, 88, 395, -1,
      395, 88, 209, -1,
      395, 209, 396, -1,
      396, 209, 391, -1,
      396, 391, 397, -1,
      397, 391, 392, -1,
      397, 392, 398, -1,
      398, 392, 393, -1,
      398, 393, 399, -1,
      399, 393, 394, -1,
      399, 394, 43, -1,
      43, 394, 50, -1,
      43, 42, 399, -1,
      399, 42, 400, -1,
      399, 400, 398, -1,
      398, 400, 401, -1,
      398, 401, 397, -1,
      397, 401, 402, -1,
      397, 402, 396, -1,
      396, 402, 403, -1,
      396, 403, 395, -1,
      395, 403, 208, -1,
      395, 208, 87, -1,
      87, 208, 86, -1,
      42, 41, 400, -1,
      400, 41, 404, -1,
      400, 404, 401, -1,
      401, 404, 405, -1,
      401, 405, 402, -1,
      402, 405, 406, -1,
      402, 406, 403, -1,
      403, 406, 407, -1,
      403, 407, 208, -1,
      208, 407, 207, -1,
      208, 207, 85, -1,
      85, 207, 84, -1,
      82, 83, 408, -1,
      408, 83, 207, -1,
      408, 207, 409, -1,
      409, 207, 407, -1,
      409, 407, 410, -1,
      410, 407, 406, -1,
      410, 406, 411, -1,
      411, 406, 405, -1,
      411, 405, 412, -1,
      412, 405, 404, -1,
      412, 404, 37, -1,
      37, 404, 41, -1,
      37, 36, 412, -1,
      412, 36, 284, -1,
      412, 284, 411, -1,
      411, 284, 286, -1,
      411, 286, 410, -1,
      410, 286, 288, -1,
      410, 288, 409, -1,
      409, 288, 290, -1,
      409, 290, 408, -1,
      408, 290, 292, -1,
      408, 292, 82, -1,
      82, 292, 81, -1,
      206, 79, 292, -1,
      292, 79, 80, -1,
      292, 80, 81, -1,
      77, 78, 413, -1,
      413, 78, 206, -1,
      413, 206, 414, -1,
      414, 206, 291, -1,
      414, 291, 415, -1,
      415, 291, 289, -1,
      415, 289, 416, -1,
      416, 289, 287, -1,
      416, 287, 417, -1,
      417, 287, 285, -1,
      417, 285, 33, -1,
      33, 285, 34, -1,
      33, 10, 417, -1,
      417, 10, 293, -1,
      417, 293, 416, -1,
      416, 293, 294, -1,
      416, 294, 415, -1,
      415, 294, 296, -1,
      415, 296, 414, -1,
      414, 296, 298, -1,
      414, 298, 413, -1,
      413, 298, 300, -1,
      413, 300, 77, -1,
      77, 300, 76, -1,
      205, 74, 300, -1,
      300, 74, 75, -1,
      300, 75, 76, -1,
      72, 73, 204, -1,
      204, 73, 205, -1,
      204, 205, 418, -1,
      418, 205, 299, -1,
      418, 299, 419, -1,
      419, 299, 297, -1,
      419, 297, 420, -1,
      420, 297, 295, -1,
      420, 295, 250, -1,
      250, 295, 252, -1,
      250, 252, 248, -1,
      248, 252, 251, -1,
      70, 71, 421, -1,
      421, 71, 204, -1,
      421, 204, 422, -1,
      422, 204, 418, -1,
      422, 418, 423, -1,
      423, 418, 419, -1,
      423, 419, 424, -1,
      424, 419, 420, -1,
      424, 420, 425, -1,
      425, 420, 250, -1,
      425, 250, 426, -1,
      426, 250, 249, -1,
      426, 245, 425, -1,
      425, 245, 247, -1,
      425, 247, 424, -1,
      424, 247, 427, -1,
      424, 427, 423, -1,
      423, 427, 428, -1,
      423, 428, 422, -1,
      422, 428, 429, -1,
      422, 429, 421, -1,
      421, 429, 203, -1,
      421, 203, 70, -1,
      70, 203, 69, -1,
      246, 430, 247, -1,
      247, 430, 431, -1,
      247, 431, 427, -1,
      427, 431, 432, -1,
      427, 432, 428, -1,
      428, 432, 433, -1,
      428, 433, 429, -1,
      429, 433, 434, -1,
      429, 434, 203, -1,
      203, 434, 202, -1,
      203, 202, 68, -1,
      68, 202, 67, -1,
      65, 66, 435, -1,
      435, 66, 202, -1,
      435, 202, 436, -1,
      436, 202, 434, -1,
      436, 434, 437, -1,
      437, 434, 433, -1,
      437, 433, 438, -1,
      438, 433, 432, -1,
      438, 432, 244, -1,
      244, 432, 431, -1,
      244, 431, 253, -1,
      253, 431, 430, -1,
      243, 301, 244, -1,
      244, 301, 302, -1,
      244, 302, 438, -1,
      438, 302, 303, -1,
      438, 303, 437, -1,
      437, 303, 305, -1,
      437, 305, 436, -1,
      436, 305, 307, -1,
      436, 307, 435, -1,
      435, 307, 309, -1,
      435, 309, 65, -1,
      65, 309, 64, -1,
      201, 62, 309, -1,
      309, 62, 63, -1,
      309, 63, 64, -1,
      60, 61, 439, -1,
      439, 61, 201, -1,
      439, 201, 440, -1,
      440, 201, 308, -1,
      440, 308, 441, -1,
      441, 308, 306, -1,
      441, 306, 442, -1,
      442, 306, 304, -1,
      442, 304, 238, -1,
      238, 304, 241, -1,
      238, 241, 236, -1,
      236, 241, 240, -1,
      237, 310, 238, -1,
      238, 310, 311, -1,
      238, 311, 442, -1,
      442, 311, 312, -1,
      442, 312, 441, -1,
      441, 312, 314, -1,
      441, 314, 440, -1,
      440, 314, 316, -1,
      440, 316, 439, -1,
      439, 316, 318, -1,
      439, 318, 60, -1,
      60, 318, 59, -1,
      200, 57, 318, -1,
      318, 57, 58, -1,
      318, 58, 59, -1,
      55, 56, 199, -1,
      199, 56, 200, -1,
      199, 200, 443, -1,
      443, 200, 317, -1,
      443, 317, 444, -1,
      444, 317, 315, -1,
      444, 315, 445, -1,
      445, 315, 313, -1,
      445, 313, 446, -1,
      446, 313, 235, -1,
      446, 235, 447, -1,
      447, 235, 234, -1,
      167, 168, 448, -1,
      448, 168, 199, -1,
      448, 199, 449, -1,
      449, 199, 443, -1,
      449, 443, 450, -1,
      450, 443, 444, -1,
      450, 444, 451, -1,
      451, 444, 445, -1,
      451, 445, 232, -1,
      232, 445, 446, -1,
      232, 446, 254, -1,
      254, 446, 447, -1,
      231, 452, 232, -1,
      232, 452, 453, -1,
      232, 453, 451, -1,
      451, 453, 454, -1,
      451, 454, 450, -1,
      450, 454, 455, -1,
      450, 455, 449, -1,
      449, 455, 456, -1,
      449, 456, 448, -1,
      448, 456, 198, -1,
      448, 198, 167, -1,
      167, 198, 166, -1,
      452, 457, 453, -1,
      453, 457, 458, -1,
      453, 458, 454, -1,
      454, 458, 459, -1,
      454, 459, 455, -1,
      455, 459, 460, -1,
      455, 460, 456, -1,
      456, 460, 461, -1,
      456, 461, 198, -1,
      198, 461, 197, -1,
      198, 197, 165, -1,
      165, 197, 164, -1,
      162, 163, 462, -1,
      462, 163, 197, -1,
      462, 197, 463, -1,
      463, 197, 461, -1,
      463, 461, 464, -1,
      464, 461, 460, -1,
      464, 460, 465, -1,
      465, 460, 459, -1,
      465, 459, 229, -1,
      229, 459, 458, -1,
      229, 458, 255, -1,
      255, 458, 457, -1,
      228, 319, 229, -1,
      229, 319, 320, -1,
      229, 320, 465, -1,
      465, 320, 321, -1,
      465, 321, 464, -1,
      464, 321, 323, -1,
      464, 323, 463, -1,
      463, 323, 325, -1,
      463, 325, 462, -1,
      462, 325, 327, -1,
      462, 327, 162, -1,
      162, 327, 161, -1,
      196, 159, 327, -1,
      327, 159, 160, -1,
      327, 160, 161, -1,
      157, 158, 466, -1,
      466, 158, 196, -1,
      466, 196, 467, -1,
      467, 196, 326, -1,
      467, 326, 468, -1,
      468, 326, 324, -1,
      468, 324, 469, -1,
      469, 324, 322, -1,
      469, 322, 223, -1,
      223, 322, 226, -1,
      223, 226, 221, -1,
      221, 226, 225, -1,
      222, 218, 223, -1,
      223, 218, 220, -1,
      223, 220, 469, -1,
      469, 220, 330, -1,
      469, 330, 468, -1,
      468, 330, 332, -1,
      468, 332, 467, -1,
      467, 332, 334, -1,
      467, 334, 466, -1,
      466, 334, 336, -1,
      466, 336, 157, -1,
      157, 336, 156, -1,
      195, 154, 336, -1,
      336, 154, 155, -1,
      336, 155, 156, -1,
      328, 470, 329, -1,
      329, 470, 471, -1,
      329, 471, 331, -1,
      331, 471, 472, -1,
      331, 472, 333, -1,
      333, 472, 473, -1,
      333, 473, 335, -1,
      335, 473, 474, -1,
      335, 474, 195, -1,
      195, 474, 194, -1,
      195, 194, 153, -1,
      153, 194, 152, -1,
      150, 151, 475, -1,
      475, 151, 194, -1,
      475, 194, 476, -1,
      476, 194, 474, -1,
      476, 474, 477, -1,
      477, 474, 473, -1,
      477, 473, 478, -1,
      478, 473, 472, -1,
      478, 472, 217, -1,
      217, 472, 471, -1,
      217, 471, 256, -1,
      256, 471, 470, -1,
      28, 29, 217, -1,
      217, 29, 479, -1,
      217, 479, 478, -1,
      478, 479, 480, -1,
      478, 480, 477, -1,
      477, 480, 481, -1,
      477, 481, 476, -1,
      476, 481, 482, -1,
      476, 482, 475, -1,
      475, 482, 193, -1,
      475, 193, 150, -1,
      150, 193, 149, -1,
      29, 25, 479, -1,
      479, 25, 483, -1,
      479, 483, 480, -1,
      480, 483, 484, -1,
      480, 484, 481, -1,
      481, 484, 485, -1,
      481, 485, 482, -1,
      482, 485, 486, -1,
      482, 486, 193, -1,
      193, 486, 192, -1,
      193, 192, 148, -1,
      148, 192, 147, -1,
      145, 146, 487, -1,
      487, 146, 192, -1,
      487, 192, 488, -1,
      488, 192, 486, -1,
      488, 486, 489, -1,
      489, 486, 485, -1,
      489, 485, 490, -1,
      490, 485, 484, -1,
      490, 484, 491, -1,
      491, 484, 483, -1,
      491, 483, 24, -1,
      24, 483, 25, -1,
      24, 23, 491, -1,
      491, 23, 337, -1,
      491, 337, 490, -1,
      490, 337, 339, -1,
      490, 339, 489, -1,
      489, 339, 341, -1,
      489, 341, 488, -1,
      488, 341, 343, -1,
      488, 343, 487, -1,
      487, 343, 345, -1,
      487, 345, 145, -1,
      145, 345, 144, -1,
      191, 142, 345, -1,
      345, 142, 143, -1,
      345, 143, 144, -1,
      140, 141, 492, -1,
      492, 141, 191, -1,
      492, 191, 493, -1,
      493, 191, 344, -1,
      493, 344, 494, -1,
      494, 344, 342, -1,
      494, 342, 495, -1,
      495, 342, 340, -1,
      495, 340, 496, -1,
      496, 340, 338, -1,
      496, 338, 21, -1,
      21, 338, 22, -1,
      21, 20, 496, -1,
      496, 20, 497, -1,
      496, 497, 495, -1,
      495, 497, 498, -1,
      495, 498, 494, -1,
      494, 498, 499, -1,
      494, 499, 493, -1,
      493, 499, 500, -1,
      493, 500, 492, -1,
      492, 500, 190, -1,
      492, 190, 140, -1,
      140, 190, 139, -1,
      137, 138, 189, -1,
      189, 138, 190, -1,
      189, 190, 501, -1,
      501, 190, 500, -1,
      501, 500, 502, -1,
      502, 500, 499, -1,
      502, 499, 503, -1,
      503, 499, 498, -1,
      503, 498, 504, -1,
      504, 498, 497, -1,
      504, 497, 13, -1,
      13, 497, 20, -1,
      13, 12, 504, -1,
      504, 12, 505, -1,
      504, 505, 503, -1,
      503, 505, 506, -1,
      503, 506, 502, -1,
      502, 506, 507, -1,
      502, 507, 501, -1,
      501, 507, 508, -1,
      501, 508, 189, -1,
      189, 508, 188, -1,
      189, 188, 136, -1,
      136, 188, 135, -1,
      133, 134, 509, -1,
      509, 134, 188, -1,
      509, 188, 510, -1,
      510, 188, 508, -1,
      510, 508, 511, -1,
      511, 508, 507, -1,
      511, 507, 512, -1,
      512, 507, 506, -1,
      512, 506, 513, -1,
      513, 506, 505, -1,
      513, 505, 11, -1,
      11, 505, 12, -1,
      11, 19, 513, -1,
      513, 19, 514, -1,
      513, 514, 512, -1,
      512, 514, 515, -1,
      512, 515, 511, -1,
      511, 515, 516, -1,
      511, 516, 510, -1,
      510, 516, 517, -1,
      510, 517, 509, -1,
      509, 517, 187, -1,
      509, 187, 133, -1,
      133, 187, 132, -1,
      19, 18, 514, -1,
      514, 18, 518, -1,
      514, 518, 515, -1,
      515, 518, 519, -1,
      515, 519, 516, -1,
      516, 519, 520, -1,
      516, 520, 517, -1,
      517, 520, 521, -1,
      517, 521, 187, -1,
      187, 521, 186, -1,
      187, 186, 131, -1,
      131, 186, 130, -1,
      128, 129, 522, -1,
      522, 129, 186, -1,
      522, 186, 523, -1,
      523, 186, 521, -1,
      523, 521, 524, -1,
      524, 521, 520, -1,
      524, 520, 525, -1,
      525, 520, 519, -1,
      525, 519, 526, -1,
      526, 519, 518, -1,
      526, 518, 17, -1,
      17, 518, 18, -1,
      17, 40, 526, -1,
      526, 40, 346, -1,
      526, 346, 525, -1,
      525, 346, 348, -1,
      525, 348, 524, -1,
      524, 348, 350, -1,
      524, 350, 523, -1,
      523, 350, 352, -1,
      523, 352, 522, -1,
      522, 352, 354, -1,
      522, 354, 128, -1,
      128, 354, 127, -1,
      185, 125, 354, -1,
      354, 125, 126, -1,
      354, 126, 127, -1,
      123, 124, 527, -1,
      527, 124, 185, -1,
      527, 185, 528, -1,
      528, 185, 353, -1,
      528, 353, 529, -1,
      529, 353, 351, -1,
      529, 351, 530, -1,
      530, 351, 349, -1,
      530, 349, 531, -1,
      531, 349, 347, -1,
      531, 347, 32, -1,
      32, 347, 39, -1,
      32, 31, 531, -1,
      531, 31, 532, -1,
      531, 532, 530, -1,
      530, 532, 533, -1,
      530, 533, 529, -1,
      529, 533, 534, -1,
      529, 534, 528, -1,
      528, 534, 535, -1,
      528, 535, 527, -1,
      527, 535, 184, -1,
      527, 184, 123, -1,
      123, 184, 122, -1,
      120, 121, 183, -1,
      183, 121, 184, -1,
      183, 184, 536, -1,
      536, 184, 535, -1,
      536, 535, 537, -1,
      537, 535, 534, -1,
      537, 534, 538, -1,
      538, 534, 533, -1,
      538, 533, 539, -1,
      539, 533, 532, -1,
      539, 532, 30, -1,
      30, 532, 31, -1,
      30, 9, 539, -1,
      539, 9, 540, -1,
      539, 540, 538, -1,
      538, 540, 541, -1,
      538, 541, 537, -1,
      537, 541, 542, -1,
      537, 542, 536, -1,
      536, 542, 543, -1,
      536, 543, 183, -1,
      183, 543, 182, -1,
      183, 182, 119, -1,
      119, 182, 118, -1,
      116, 117, 544, -1,
      544, 117, 182, -1,
      544, 182, 545, -1,
      545, 182, 543, -1,
      545, 543, 546, -1,
      546, 543, 542, -1,
      546, 542, 547, -1,
      547, 542, 541, -1,
      547, 541, 548, -1,
      548, 541, 540, -1,
      548, 540, 8, -1,
      8, 540, 9, -1,
      8, 16, 548, -1,
      548, 16, 549, -1,
      548, 549, 547, -1,
      547, 549, 550, -1,
      547, 550, 546, -1,
      546, 550, 551, -1,
      546, 551, 545, -1,
      545, 551, 552, -1,
      545, 552, 544, -1,
      544, 552, 181, -1,
      544, 181, 116, -1,
      116, 181, 115, -1,
      16, 54, 549, -1,
      549, 54, 363, -1,
      549, 363, 550, -1,
      550, 363, 361, -1,
      550, 361, 551, -1,
      551, 361, 359, -1,
      551, 359, 552, -1,
      552, 359, 357, -1,
      552, 357, 181, -1,
      181, 357, 216, -1,
      181, 216, 114, -1,
      114, 216, 113, -1,
    ]
  }
}

Shape {
  appearance Appearance {
    material Material {
      diffuseColor 1.0000 0.5020 1.0000
      specularColor 0.5020 0.2510 0.5020
      ambientIntensity 0.2
      transparency 0.0000
      shininess 0.5
    }
  }
  geometry IndexedFaceSet {
    ccw TRUE
    solid FALSE
    coord DEF co Coordinate {
      point [
        -0.585166 1.048557 2.283465,
        -0.585166 -1.048557 2.283465,
        -0.839716 0.858291 2.283465,
        -0.839074 0.858980 2.283465,
        -0.944926 0.738858 2.283465,
        -0.915823 0.776633 2.283465,
        -1.034904 0.607580 2.283465,
        -0.984524 0.687462 2.283465,
        -1.105922 0.465215 2.283465,
        -1.095442 0.491831 2.283465,
        -1.189819 0.158866 2.283465,
        -1.188927 0.168356 2.283465,
        -1.189819 -0.158866 2.283465,
        -1.199468 -0.056283 2.283465,
        -1.157609 -0.314689 2.283465,
        -1.167937 -0.278949 2.283465,
        -1.105922 -0.465215 2.283465,
        -1.136684 -0.387091 2.283465,
        -1.034904 -0.607580 2.283465,
        -1.044572 -0.592249 2.283465,
        -0.839716 -0.858291 2.283465,
        -0.915823 -0.776633 2.283465,
        -0.718025 -0.960871 2.283465,
        -0.754950 -0.933777 2.283465,
        -0.664193 -1.000369 2.283465,
        -0.984524 -0.687462 2.283465,
        -1.199468 0.056283 2.283465,
        -1.136684 0.387091 2.283465,
        -0.664193 1.000369 2.283465,
        -1.095442 -0.491831 2.283465,
        -1.188927 -0.168356 2.283465,
        -1.044572 0.592249 2.283465,
        -0.754950 0.933777 2.283465,
        -0.839074 -0.858980 2.283465,
        -0.944926 -0.738858 2.283465,
        -1.199468 0.000000 2.283465,
        -1.167937 0.278949 2.283465,
        -1.157609 0.314689 2.283465,
        -0.718025 0.960871 2.283465,
        -0.718778 0.961898 2.283071,
        -0.585166 1.048557 2.283071,
        -0.839748 0.858320 2.283071,
        -1.035507 0.607960 2.283071,
        -0.945947 0.739645 2.283071,
        -1.106854 0.465581 2.283071,
        -1.158731 0.315013 2.283071,
        -1.190227 0.158904 2.283071,
        -1.190227 -0.158904 2.283071,
        -1.200787 0.000000 2.283071,
        -1.158731 -0.315013 2.283071,
        -1.106854 -0.465581 2.283071,
        -1.035507 -0.607960 2.283071,
        -0.839748 -0.858320 2.283071,
        -0.945947 -0.739645 2.283071,
        -0.585166 -1.048557 2.283071,
        -0.718778 -0.961898 2.283071,
      ]
    }
    coordIndex [
      38, 39, 28, -1,
      28, 39, 40, -1,
      28, 40, 0, -1,
      38, 32, 39, -1,
      39, 32, 3, -1,
      39, 3, 41, -1,
      6, 42, 43, -1,
      6, 43, 7, -1,
      3, 2, 41, -1,
      41, 2, 5, -1,
      41, 5, 43, -1,
      43, 5, 4, -1,
      43, 4, 7, -1,
      6, 31, 42, -1,
      42, 31, 9, -1,
      42, 9, 44, -1,
      37, 45, 27, -1,
      27, 45, 44, -1,
      27, 44, 8, -1,
      8, 44, 9, -1,
      37, 36, 45, -1,
      45, 36, 11, -1,
      45, 11, 46, -1,
      12, 47, 48, -1,
      12, 48, 13, -1,
      11, 10, 46, -1,
      46, 10, 26, -1,
      46, 26, 48, -1,
      48, 26, 35, -1,
      48, 35, 13, -1,
      12, 30, 47, -1,
      47, 30, 15, -1,
      47, 15, 49, -1,
      16, 50, 17, -1,
      17, 50, 49, -1,
      17, 49, 14, -1,
      14, 49, 15, -1,
      16, 29, 50, -1,
      50, 29, 19, -1,
      50, 19, 51, -1,
      20, 52, 53, -1,
      20, 53, 21, -1,
      19, 18, 51, -1,
      51, 18, 25, -1,
      51, 25, 53, -1,
      53, 25, 34, -1,
      53, 34, 21, -1,
      1, 54, 55, -1,
      1, 55, 24, -1,
      20, 33, 52, -1,
      52, 33, 23, -1,
      52, 23, 55, -1,
      55, 23, 22, -1,
      55, 22, 24, -1,
      40, 54, 0, -1,
      0, 54, 1, -1,
      40, 39, 54, -1,
      54, 39, 41, -1,
      54, 41, 43, -1,
      46, 50, 45, -1,
      45, 50, 44, -1,
      50, 51, 44, -1,
      44, 51, 53, -1,
      44, 53, 52, -1,
      46, 48, 50, -1,
      50, 48, 47, -1,
      50, 47, 49, -1,
      43, 42, 54, -1,
      54, 42, 44, -1,
      54, 44, 55, -1,
      55, 44, 52, -1,
    ]
  }
}

Shape {
  appearance Appearance {
    material Material {
      diffuseColor 0.0000 0.0000 0.0000
      specularColor 0.0000 0.0000 0.0000
      ambientIntensity 0.2
      transparency 0.0000
      shininess 0.5
    }
  }
  geometry IndexedFaceSet {
    ccw TRUE
    solid FALSE
    coord DEF co Coordinate {
      point [
        -0.080896 -0.494509 0.000000,
        -0.048780 -0.494509 0.000000,
        -0.197139 -0.376399 0.000000,
        -0.212983 -0.376399 0.000000,
        -0.134325 -0.401061 0.000000,
        -0.139814 -0.411218 0.000000,
        -0.048780 -0.376399 0.000000,
        -0.082111 -0.376399 0.000000,
        -0.099175 -0.378223 0.000000,
        -0.112994 -0.383076 0.000000,
        -0.125850 -0.391691 0.000000,
        -0.125973 -0.391799 0.000000,
        -0.142987 -0.422855 0.000000,
        -0.143845 -0.433969 0.000000,
        -0.152487 -0.494509 0.000000,
        -0.142187 -0.449775 0.000000,
        -0.137947 -0.462138 0.000000,
        -0.131174 -0.472702 0.000000,
        -0.241790 -0.494509 0.000000,
        -0.259074 -0.494509 0.000000,
        -0.121452 -0.482010 0.000000,
        -0.109120 -0.489177 0.000000,
        -0.095510 -0.493233 0.000000,
        -0.169771 -0.494509 0.000000,
        -0.181047 -0.461381 0.000000,
        -0.229839 -0.461381 0.000000,
        0.093186 -0.495950 0.000000,
        0.089956 -0.495894 0.000000,
        0.085212 -0.495230 0.000000,
        -0.025735 -0.481546 0.000000,
        -0.025735 -0.494509 0.000000,
        0.037642 -0.494509 0.000000,
        -0.022854 -0.376399 0.000000,
        -0.022854 -0.389362 0.000000,
        0.060687 -0.488388 0.000000,
        0.060687 -0.475424 0.000000,
        0.037642 -0.376399 0.000000,
        0.021798 -0.441216 0.000000,
        0.021798 -0.481546 0.000000,
        -0.019973 -0.441216 0.000000,
        -0.019973 -0.428252 0.000000,
        0.021798 -0.428252 0.000000,
        0.021798 -0.389362 0.000000,
        0.099977 -0.389228 0.000000,
        0.108818 -0.392419 0.000000,
        0.062804 -0.476597 0.000000,
        0.116993 -0.397887 0.000000,
        0.124125 -0.405761 0.000000,
        0.132706 -0.436715 0.000000,
        0.131510 -0.449500 0.000000,
        0.128301 -0.459660 0.000000,
        0.102019 -0.481750 0.000000,
        0.091003 -0.482986 0.000000,
        0.110625 -0.478582 0.000000,
        0.117874 -0.473696 0.000000,
        0.123417 -0.467850 0.000000,
        0.075325 -0.481246 0.000000,
        0.219128 -0.494509 0.000000,
        0.100131 -0.495230 0.000000,
        0.158633 -0.494509 0.000000,
        0.107741 -0.494441 0.000000,
        0.119189 -0.490500 0.000000,
        0.203284 -0.376399 0.000000,
        0.219128 -0.376399 0.000000,
        0.128994 -0.414881 0.000000,
        0.132143 -0.427525 0.000000,
        0.124731 -0.386210 0.000000,
        0.135394 -0.396465 0.000000,
        0.142317 -0.407507 0.000000,
        0.128690 -0.484433 0.000000,
        0.137561 -0.475093 0.000000,
        0.158633 -0.481546 0.000000,
        0.143853 -0.463863 0.000000,
        0.203284 -0.481546 0.000000,
        0.147408 -0.451361 0.000000,
        0.148550 -0.437682 0.000000,
        0.146851 -0.420891 0.000000,
        0.113512 -0.379752 0.000000,
        0.100345 -0.375927 0.000000,
        0.088482 -0.374959 0.000000,
        0.074343 -0.375934 0.000000,
        0.060687 -0.379640 0.000000,
        0.060687 -0.395484 0.000000,
        0.073991 -0.389787 0.000000,
        0.088347 -0.387922 0.000000,
        0.073278 -0.493557 0.000000,
        -0.212983 -0.376399 0.000394,
        -0.259074 -0.494509 0.000394,
        -0.241790 -0.494509 0.000394,
        -0.229839 -0.461381 0.000394,
        -0.181047 -0.461381 0.000394,
        -0.169771 -0.494509 0.000394,
        -0.152487 -0.494509 0.000394,
        -0.197139 -0.376399 0.000394,
        -0.185030 -0.448417 0.000394,
        -0.224528 -0.448417 0.000394,
        -0.202652 -0.399085 0.000394,
        -0.203789 -0.394989 0.000394,
        -0.204543 -0.390803 0.000394,
        -0.204926 -0.390803 0.000394,
        -0.205696 -0.394976 0.000394,
        -0.206748 -0.399085 0.000394,
        -0.185030 -0.448417 0.000000,
        -0.224528 -0.448417 0.000000,
        -0.202652 -0.399085 0.000000,
        -0.203789 -0.394989 0.000000,
        -0.204543 -0.390803 0.000000,
        -0.204926 -0.390803 0.000000,
        -0.205696 -0.394976 0.000000,
        -0.206748 -0.399085 0.000000,
        -0.080896 -0.494509 0.000394,
        -0.048780 -0.494509 0.000394,
        -0.048780 -0.376399 0.000394,
        -0.082111 -0.376399 0.000394,
        -0.143845 -0.433969 0.000394,
        -0.142987 -0.422855 0.000394,
        -0.139814 -0.411218 0.000394,
        -0.134325 -0.401061 0.000394,
        -0.125973 -0.391799 0.000394,
        -0.125850 -0.391691 0.000394,
        -0.112994 -0.383076 0.000394,
        -0.099175 -0.378223 0.000394,
        -0.095510 -0.493233 0.000394,
        -0.109120 -0.489177 0.000394,
        -0.121452 -0.482010 0.000394,
        -0.131174 -0.472702 0.000394,
        -0.137947 -0.462138 0.000394,
        -0.142187 -0.449775 0.000394,
        -0.120137 -0.405925 0.000394,
        -0.114400 -0.399833 0.000394,
        -0.105773 -0.394260 0.000394,
        -0.096024 -0.390848 0.000394,
        -0.082044 -0.389362 0.000394,
        -0.064624 -0.389362 0.000394,
        -0.064624 -0.481546 0.000394,
        -0.081391 -0.481546 0.000394,
        -0.093852 -0.480386 0.000394,
        -0.103791 -0.477284 0.000394,
        -0.111846 -0.472500 0.000394,
        -0.118470 -0.465957 0.000394,
        -0.123452 -0.457814 0.000394,
        -0.126916 -0.446712 0.000394,
        -0.128001 -0.434306 0.000394,
        -0.126997 -0.422552 0.000394,
        -0.124240 -0.413209 0.000394,
        -0.082044 -0.389362 0.000000,
        -0.064624 -0.389362 0.000000,
        -0.096024 -0.390848 0.000000,
        -0.105773 -0.394260 0.000000,
        -0.114400 -0.399833 0.000000,
        -0.120137 -0.405925 0.000000,
        -0.124240 -0.413209 0.000000,
        -0.126997 -0.422552 0.000000,
        -0.128001 -0.434306 0.000000,
        -0.126916 -0.446712 -0.000000,
        -0.123452 -0.457814 -0.000000,
        -0.118470 -0.465957 -0.000000,
        -0.111846 -0.472500 0.000000,
        -0.103791 -0.477284 -0.000000,
        -0.093852 -0.480386 -0.000000,
        -0.081391 -0.481546 -0.000000,
        -0.064624 -0.481546 0.000000,
        -0.025735 -0.481546 0.000394,
        -0.025735 -0.494509 0.000394,
        0.037642 -0.494509 0.000394,
        0.037642 -0.376399 0.000394,
        -0.022854 -0.376399 0.000394,
        -0.022854 -0.389362 0.000394,
        0.021798 -0.389362 0.000394,
        0.021798 -0.428252 0.000394,
        -0.019973 -0.428252 0.000394,
        -0.019973 -0.441216 0.000394,
        0.021798 -0.441216 0.000394,
        0.021798 -0.481546 0.000394,
        0.060687 -0.475424 0.000394,
        0.060687 -0.488388 0.000394,
        0.073278 -0.493557 0.000394,
        0.093186 -0.495950 0.000394,
        0.089956 -0.495894 0.000394,
        0.107741 -0.494441 0.000394,
        0.119189 -0.490500 0.000394,
        0.128690 -0.484433 0.000394,
        0.137561 -0.475093 0.000394,
        0.143853 -0.463863 0.000394,
        0.147408 -0.451361 0.000394,
        0.148550 -0.437682 0.000394,
        0.088482 -0.374959 0.000394,
        0.100345 -0.375927 0.000394,
        0.113512 -0.379752 0.000394,
        0.124731 -0.386210 0.000394,
        0.135394 -0.396465 0.000394,
        0.142317 -0.407507 0.000394,
        0.146851 -0.420891 0.000394,
        0.060687 -0.379640 0.000394,
        0.074343 -0.375934 0.000394,
        0.060687 -0.395484 0.000394,
        0.088347 -0.387922 0.000394,
        0.073991 -0.389787 0.000394,
        0.132706 -0.436715 0.000394,
        0.132143 -0.427525 0.000394,
        0.128994 -0.414881 0.000394,
        0.124125 -0.405761 0.000394,
        0.116993 -0.397887 0.000394,
        0.108818 -0.392419 0.000394,
        0.099977 -0.389228 0.000394,
        0.091003 -0.482986 0.000394,
        0.102019 -0.481750 0.000394,
        0.110625 -0.478582 0.000394,
        0.117874 -0.473696 0.000394,
        0.123417 -0.467850 0.000394,
        0.128301 -0.459660 0.000394,
        0.131510 -0.449500 0.000394,
        0.062804 -0.476597 0.000394,
        0.075325 -0.481246 0.000394,
        0.158633 -0.481546 0.000394,
        0.158633 -0.494509 0.000394,
        0.219128 -0.494509 0.000394,
        0.219128 -0.376399 0.000394,
        0.203284 -0.376399 0.000394,
        0.203284 -0.481546 0.000394,
      ]
    }
    coordIndex [
      86, 87, 3, -1,
      3, 87, 19, -1,
      87, 88, 19, -1,
      19, 88, 18, -1,
      88, 89, 18, -1,
      18, 89, 25, -1,
      89, 90, 25, -1,
      25, 90, 24, -1,
      90, 91, 24, -1,
      24, 91, 23, -1,
      91, 92, 23, -1,
      23, 92, 14, -1,
      92, 93, 14, -1,
      14, 93, 2, -1,
      93, 86, 2, -1,
      2, 86, 3, -1,
      94, 90, 95, -1,
      95, 90, 89, -1,
      96, 93, 94, -1,
      94, 93, 92, -1,
      94, 92, 90, -1,
      90, 92, 91, -1,
      96, 97, 93, -1,
      93, 97, 98, -1,
      93, 98, 86, -1,
      86, 98, 99, -1,
      86, 99, 100, -1,
      100, 101, 86, -1,
      86, 101, 95, -1,
      86, 95, 87, -1,
      87, 95, 89, -1,
      87, 89, 88, -1,
      94, 95, 102, -1,
      102, 95, 103, -1,
      96, 94, 104, -1,
      104, 94, 102, -1,
      96, 104, 105, -1,
      96, 105, 97, -1,
      97, 105, 106, -1,
      97, 106, 98, -1,
      99, 98, 107, -1,
      107, 98, 106, -1,
      99, 107, 108, -1,
      99, 108, 100, -1,
      100, 108, 109, -1,
      100, 109, 101, -1,
      95, 101, 103, -1,
      103, 101, 109, -1,
      110, 111, 0, -1,
      0, 111, 1, -1,
      111, 112, 1, -1,
      1, 112, 6, -1,
      112, 113, 6, -1,
      6, 113, 7, -1,
      114, 13, 12, -1,
      114, 12, 115, -1,
      115, 12, 5, -1,
      115, 5, 116, -1,
      116, 5, 4, -1,
      116, 4, 117, -1,
      117, 4, 11, -1,
      117, 11, 118, -1,
      118, 11, 10, -1,
      118, 10, 119, -1,
      119, 10, 9, -1,
      119, 9, 120, -1,
      120, 9, 8, -1,
      120, 8, 121, -1,
      121, 8, 7, -1,
      121, 7, 113, -1,
      110, 0, 22, -1,
      110, 22, 122, -1,
      122, 22, 21, -1,
      122, 21, 123, -1,
      123, 21, 20, -1,
      123, 20, 124, -1,
      124, 20, 17, -1,
      124, 17, 125, -1,
      125, 17, 16, -1,
      125, 16, 126, -1,
      126, 16, 15, -1,
      126, 15, 127, -1,
      127, 15, 13, -1,
      127, 13, 114, -1,
      116, 117, 128, -1,
      128, 117, 118, -1,
      128, 118, 129, -1,
      129, 118, 119, -1,
      129, 119, 130, -1,
      130, 119, 120, -1,
      130, 120, 131, -1,
      131, 120, 121, -1,
      131, 121, 132, -1,
      132, 121, 113, -1,
      132, 113, 133, -1,
      133, 113, 112, -1,
      133, 112, 134, -1,
      134, 112, 111, -1,
      134, 111, 135, -1,
      135, 111, 110, -1,
      135, 110, 136, -1,
      136, 110, 122, -1,
      136, 122, 137, -1,
      137, 122, 123, -1,
      137, 123, 138, -1,
      138, 123, 124, -1,
      138, 124, 139, -1,
      139, 124, 125, -1,
      139, 125, 140, -1,
      140, 125, 126, -1,
      140, 126, 141, -1,
      141, 126, 127, -1,
      141, 127, 142, -1,
      142, 127, 114, -1,
      142, 114, 143, -1,
      143, 114, 115, -1,
      143, 115, 144, -1,
      144, 115, 116, -1,
      144, 116, 128, -1,
      132, 133, 145, -1,
      145, 133, 146, -1,
      132, 145, 147, -1,
      132, 147, 131, -1,
      131, 147, 148, -1,
      131, 148, 130, -1,
      130, 148, 149, -1,
      130, 149, 129, -1,
      129, 149, 150, -1,
      129, 150, 128, -1,
      128, 150, 151, -1,
      128, 151, 144, -1,
      144, 151, 152, -1,
      144, 152, 143, -1,
      143, 152, 153, -1,
      143, 153, 142, -1,
      142, 153, 154, -1,
      142, 154, 141, -1,
      141, 154, 155, -1,
      141, 155, 140, -1,
      140, 155, 156, -1,
      140, 156, 139, -1,
      139, 156, 157, -1,
      139, 157, 138, -1,
      138, 157, 158, -1,
      138, 158, 137, -1,
      137, 158, 159, -1,
      137, 159, 136, -1,
      136, 159, 160, -1,
      136, 160, 135, -1,
      134, 135, 161, -1,
      161, 135, 160, -1,
      133, 134, 146, -1,
      146, 134, 161, -1,
      162, 163, 29, -1,
      29, 163, 30, -1,
      163, 164, 30, -1,
      30, 164, 31, -1,
      164, 165, 31, -1,
      31, 165, 36, -1,
      165, 166, 36, -1,
      36, 166, 32, -1,
      166, 167, 32, -1,
      32, 167, 33, -1,
      167, 168, 33, -1,
      33, 168, 42, -1,
      168, 169, 42, -1,
      42, 169, 41, -1,
      169, 170, 41, -1,
      41, 170, 40, -1,
      170, 171, 40, -1,
      40, 171, 39, -1,
      171, 172, 39, -1,
      39, 172, 37, -1,
      172, 173, 37, -1,
      37, 173, 38, -1,
      173, 162, 38, -1,
      38, 162, 29, -1,
      164, 163, 162, -1,
      162, 173, 164, -1,
      164, 173, 172, -1,
      164, 172, 165, -1,
      167, 166, 168, -1,
      168, 166, 165, -1,
      168, 165, 169, -1,
      169, 165, 172, -1,
      169, 172, 170, -1,
      170, 172, 171, -1,
      174, 175, 35, -1,
      35, 175, 34, -1,
      34, 175, 176, -1,
      177, 26, 27, -1,
      177, 27, 178, -1,
      178, 27, 28, -1,
      178, 28, 176, -1,
      176, 28, 85, -1,
      176, 85, 34, -1,
      26, 177, 58, -1,
      58, 177, 179, -1,
      58, 179, 60, -1,
      60, 179, 180, -1,
      60, 180, 61, -1,
      61, 180, 181, -1,
      61, 181, 69, -1,
      69, 181, 182, -1,
      69, 182, 70, -1,
      70, 182, 183, -1,
      70, 183, 72, -1,
      72, 183, 184, -1,
      72, 184, 74, -1,
      74, 184, 185, -1,
      74, 185, 75, -1,
      186, 79, 78, -1,
      186, 78, 187, -1,
      187, 78, 77, -1,
      187, 77, 188, -1,
      188, 77, 66, -1,
      188, 66, 189, -1,
      189, 66, 67, -1,
      189, 67, 190, -1,
      190, 67, 68, -1,
      190, 68, 191, -1,
      191, 68, 76, -1,
      191, 76, 192, -1,
      192, 76, 75, -1,
      192, 75, 185, -1,
      193, 81, 80, -1,
      193, 80, 194, -1,
      194, 80, 79, -1,
      194, 79, 186, -1,
      193, 195, 81, -1,
      81, 195, 82, -1,
      196, 84, 83, -1,
      196, 83, 197, -1,
      197, 83, 82, -1,
      197, 82, 195, -1,
      198, 48, 65, -1,
      198, 65, 199, -1,
      199, 65, 64, -1,
      199, 64, 200, -1,
      200, 64, 47, -1,
      200, 47, 201, -1,
      201, 47, 46, -1,
      201, 46, 202, -1,
      202, 46, 44, -1,
      202, 44, 203, -1,
      203, 44, 43, -1,
      203, 43, 204, -1,
      204, 43, 84, -1,
      204, 84, 196, -1,
      205, 52, 51, -1,
      205, 51, 206, -1,
      206, 51, 53, -1,
      206, 53, 207, -1,
      207, 53, 54, -1,
      207, 54, 208, -1,
      208, 54, 55, -1,
      208, 55, 209, -1,
      209, 55, 50, -1,
      209, 50, 210, -1,
      210, 50, 49, -1,
      210, 49, 211, -1,
      211, 49, 48, -1,
      211, 48, 198, -1,
      174, 35, 45, -1,
      174, 45, 212, -1,
      212, 45, 56, -1,
      212, 56, 213, -1,
      213, 56, 52, -1,
      213, 52, 205, -1,
      206, 177, 205, -1,
      205, 177, 178, -1,
      205, 178, 213, -1,
      213, 178, 176, -1,
      213, 176, 212, -1,
      212, 176, 175, -1,
      212, 175, 174, -1,
      195, 193, 197, -1,
      197, 193, 194, -1,
      197, 194, 196, -1,
      196, 194, 186, -1,
      196, 186, 204, -1,
      204, 186, 187, -1,
      204, 187, 203, -1,
      203, 187, 188, -1,
      203, 188, 202, -1,
      202, 188, 189, -1,
      202, 189, 201, -1,
      201, 189, 190, -1,
      201, 190, 200, -1,
      200, 190, 191, -1,
      200, 191, 199, -1,
      199, 191, 192, -1,
      199, 192, 198, -1,
      198, 192, 185, -1,
      198, 185, 211, -1,
      211, 185, 184, -1,
      211, 184, 210, -1,
      210, 184, 183, -1,
      210, 183, 209, -1,
      209, 183, 182, -1,
      209, 182, 208, -1,
      208, 182, 181, -1,
      208, 181, 207, -1,
      207, 181, 180, -1,
      207, 180, 206, -1,
      206, 180, 179, -1,
      206, 179, 177, -1,
      214, 215, 71, -1,
      71, 215, 59, -1,
      215, 216, 59, -1,
      59, 216, 57, -1,
      216, 217, 57, -1,
      57, 217, 63, -1,
      217, 218, 63, -1,
      63, 218, 62, -1,
      218, 219, 62, -1,
      62, 219, 73, -1,
      219, 214, 73, -1,
      73, 214, 71, -1,
      218, 217, 219, -1,
      219, 217, 216, -1,
      219, 216, 214, -1,
      214, 216, 215, -1,
    ]
  }
}

Shape {
  appearance Appearance {
    material Material {
      diffuseColor 0.2510 0.2510 0.2510
      specularColor 0.1255 0.1255 0.1255
      ambientIntensity 0.2
      transparency 0.0000
      shininess 0.5
    }
  }
  geometry IndexedFaceSet {
    ccw TRUE
    solid FALSE
    coord DEF co Coordinate {
      point [
        -0.185030 -0.448417 0.000000,
        -0.224528 -0.448417 0.000000,
        -0.202652 -0.399085 0.000000,
        -0.203789 -0.394989 0.000000,
        -0.204543 -0.390803 0.000000,
        -0.204926 -0.390803 0.000000,
        -0.205696 -0.394976 0.000000,
        -0.206748 -0.399085 0.000000,
        -0.082044 -0.389362 0.000000,
        -0.064624 -0.389362 0.000000,
        -0.096024 -0.390848 0.000000,
        -0.105773 -0.394260 0.000000,
        -0.114400 -0.399833 0.000000,
        -0.120137 -0.405925 0.000000,
        -0.124240 -0.413209 0.000000,
        -0.126997 -0.422552 0.000000,
        -0.128001 -0.434306 0.000000,
        -0.126916 -0.446712 -0.000000,
        -0.123452 -0.457814 -0.000000,
        -0.118470 -0.465957 -0.000000,
        -0.111846 -0.472500 0.000000,
        -0.103791 -0.477284 -0.000000,
        -0.093852 -0.480386 -0.000000,
        -0.081391 -0.481546 -0.000000,
        -0.064624 -0.481546 0.000000,
      ]
    }
    coordIndex [
      0, 1, 2, -1,
      2, 1, 7, -1,
      2, 7, 3, -1,
      3, 7, 6, -1,
      3, 6, 4, -1,
      4, 6, 5, -1,
      9, 24, 8, -1,
      8, 24, 23, -1,
      8, 23, 22, -1,
      16, 15, 8, -1,
      8, 15, 14, -1,
      8, 14, 10, -1,
      22, 21, 8, -1,
      8, 21, 20, -1,
      8, 20, 19, -1,
      19, 18, 8, -1,
      8, 18, 17, -1,
      8, 17, 16, -1,
      13, 12, 14, -1,
      14, 12, 11, -1,
      14, 11, 10, -1,
    ]
  }
}
