#VRML V2.0 utf8

Shape {
  appearance Appearance {
    material Material {
      diffuseColor 0.9686 0.8784 0.6000
      specularColor 0.6784 0.6157 0.4196
      ambientIntensity 0.2
      transparency 0.0000
      shininess 0.5
    }
  }
  geometry IndexedFaceSet {
    ccw TRUE
    solid FALSE
    coord DEF co Coordinate {
      point [
        -2.795276 0.291339 0.236220,
        -2.893701 0.291339 0.236220,
        -2.795276 0.629921 0.236220,
        -2.893701 0.629921 0.236220,
        -2.793263 0.645206 0.236220,
        -2.888335 0.670680 0.236220,
        -2.787364 0.659449 0.236220,
        -2.872603 0.708661 0.236220,
        -2.777979 0.671680 0.236220,
        -2.847576 0.741277 0.236220,
        -2.765748 0.681065 0.236220,
        -2.814961 0.766303 0.236220,
        -2.751505 0.686964 0.236220,
        -2.776979 0.782035 0.236220,
        -2.736220 0.688976 0.236220,
        -2.736220 0.787402 0.236220,
        -2.704724 0.688976 0.236220,
        -2.704724 0.787402 0.236220,
        -2.242578 0.685039 0.826772,
        -2.116260 0.685039 0.826772,
        -2.127398 0.708661 0.826772,
        -2.303150 0.787402 0.826772,
        -2.303150 0.688976 0.826772,
        -2.263780 0.787402 0.826772,
        -2.263780 0.688976 0.826772,
        -2.223020 0.782035 0.826772,
        -2.248495 0.686964 0.826772,
        -2.185039 0.766303 0.826772,
        -2.152424 0.741277 0.826772,
        -2.872603 0.708661 0.826772,
        -2.883740 0.685039 0.826772,
        -2.757422 0.685039 0.826772,
        -2.696850 0.688976 0.826772,
        -2.696850 0.787402 0.826772,
        -2.736220 0.688976 0.826772,
        -2.736220 0.787402 0.826772,
        -2.751505 0.686964 0.826772,
        -2.776979 0.782035 0.826772,
        -2.814961 0.766303 0.826772,
        -2.847576 0.741277 0.826772,
        -2.106299 0.291339 0.236220,
        -2.106299 0.629921 0.236220,
        -2.106299 0.629921 0.826772,
        -2.106299 0.251969 0.246770,
        -2.106299 0.270959 0.238904,
        -2.106299 0.216856 0.826772,
        -2.106299 0.214314 0.817576,
        -2.106299 0.212598 0.801230,
        -2.106299 0.212598 0.314961,
        -2.106299 0.215281 0.294581,
        -2.106299 0.223148 0.275591,
        -2.106299 0.235661 0.259283,
        -2.108295 0.654915 0.832762,
        -2.107089 0.645669 0.837321,
        -2.106306 0.631394 0.830659,
        -2.106429 0.636316 0.843657,
        -2.111665 0.670680 0.236220,
        -2.111665 0.670680 0.828092,
        -2.110179 0.664660 0.829455,
        -2.127398 0.708661 0.236220,
        -2.152424 0.741277 0.236220,
        -2.185039 0.766303 0.236220,
        -2.223020 0.782035 0.236220,
        -2.263780 0.787402 0.236220,
        -2.379207 0.787402 0.885132,
        -2.641173 0.787402 0.849834,
        -2.628659 0.787402 0.866142,
        -2.620793 0.787402 0.885132,
        -2.618110 0.787402 0.905512,
        -2.381890 0.787402 0.905512,
        -2.381890 0.787402 2.716535,
        -2.334646 0.787402 0.225671,
        -2.350954 0.787402 0.213158,
        -2.363467 0.787402 0.196850,
        -2.684345 0.787402 0.233537,
        -2.665354 0.787402 0.225671,
        -2.358827 0.787402 0.849834,
        -2.371341 0.787402 0.866142,
        -2.676471 0.787402 0.829455,
        -2.657480 0.787402 0.837321,
        -2.315655 0.787402 0.233537,
        -2.342520 0.787402 0.837321,
        -2.374016 0.787402 0.157480,
        -2.374016 0.787402 0.000327,
        -2.625984 0.787402 0.000327,
        -2.607561 0.787402 2.755906,
        -2.595048 0.787402 2.772213,
        -2.578740 0.787402 2.784726,
        -2.618110 0.787402 2.716535,
        -2.539370 0.787402 2.795276,
        -2.460630 0.787402 2.795276,
        -2.323529 0.787402 0.829455,
        -2.295276 0.787402 0.236220,
        -2.625984 0.787402 0.157480,
        -2.628667 0.787402 0.177860,
        -2.371333 0.787402 0.177860,
        -2.636533 0.787402 0.196850,
        -2.649047 0.787402 0.213158,
        -2.615428 0.787402 2.736915,
        -2.559750 0.787402 2.792593,
        -2.421260 0.787402 2.784726,
        -2.404952 0.787402 2.772213,
        -2.392439 0.787402 2.755906,
        -2.440250 0.787402 2.792593,
        -2.384573 0.787402 2.736915,
        -2.893701 0.629921 0.826772,
        -2.892911 0.645669 0.837321,
        -2.893694 0.631394 0.830659,
        -2.893571 0.636316 0.843657,
        -2.891703 0.654925 0.832758,
        -2.889598 0.664774 0.829841,
        -2.888335 0.670680 0.828092,
        -2.893701 0.212598 0.314961,
        -2.893701 0.212598 0.801230,
        -2.893701 0.214314 0.817576,
        -2.893701 0.216856 0.826772,
        -2.893701 0.223148 0.275591,
        -2.893701 0.235661 0.259283,
        -2.893701 0.270959 0.238904,
        -2.893701 0.251969 0.246770,
        -2.893701 0.215281 0.294581,
        -2.795276 0.212598 0.314961,
        -2.795276 0.212598 0.801230,
        -2.795276 0.216856 0.826772,
        -2.795276 0.214314 0.817576,
        -2.795276 0.629921 0.826772,
        -2.795276 0.215281 0.294581,
        -2.795276 0.223148 0.275591,
        -2.795276 0.235661 0.259283,
        -2.795276 0.251969 0.246770,
        -2.795276 0.270959 0.238904,
        -2.793263 0.645206 0.837591,
        -2.795105 0.634402 0.845214,
        -2.795268 0.630858 0.830626,
        -2.787364 0.659449 0.831046,
        -2.790747 0.652602 0.833763,
        -2.793102 0.645681 0.837344,
        -2.765748 0.681065 0.826872,
        -2.772167 0.676776 0.827206,
        -2.777979 0.671680 0.827913,
        -2.783978 0.664660 0.829455,
        -2.295276 0.688976 0.236220,
        -2.263780 0.688976 0.236220,
        -2.371333 0.688976 0.177860,
        -2.363467 0.688976 0.196850,
        -2.636533 0.688976 0.196850,
        -2.381890 0.688976 0.905512,
        -2.381890 0.688976 2.501413,
        -2.618110 0.688976 2.501413,
        -2.618110 0.688976 0.905512,
        -2.620793 0.688976 0.885132,
        -2.379207 0.688976 0.885132,
        -2.628659 0.688976 0.866142,
        -2.641173 0.688976 0.849834,
        -2.657480 0.688976 0.837321,
        -2.676471 0.688976 0.829455,
        -2.371341 0.688976 0.866142,
        -2.350954 0.688976 0.213158,
        -2.334646 0.688976 0.225671,
        -2.315655 0.688976 0.233537,
        -2.358827 0.688976 0.849834,
        -2.342520 0.688976 0.837321,
        -2.684345 0.688976 0.233537,
        -2.323529 0.688976 0.829455,
        -2.665354 0.688976 0.225671,
        -2.649047 0.688976 0.213158,
        -2.625984 0.688976 0.157480,
        -2.625984 0.688976 0.000327,
        -2.374016 0.688976 0.000327,
        -2.628667 0.688976 0.177860,
        -2.374016 0.688976 0.157480,
        -2.204732 0.630858 0.830626,
        -2.204894 0.634402 0.845214,
        -2.206781 0.645198 0.837651,
        -2.248495 0.686964 0.236220,
        -2.234252 0.681065 0.236220,
        -2.222021 0.671680 0.236220,
        -2.227823 0.676769 0.827207,
        -2.234252 0.681065 0.826872,
        -2.212636 0.659449 0.236220,
        -2.216022 0.664660 0.829455,
        -2.222021 0.671680 0.827913,
        -2.206737 0.645206 0.236220,
        -2.206863 0.645669 0.837321,
        -2.209258 0.652614 0.833758,
        -2.212636 0.659449 0.831046,
        -2.204724 0.629921 0.236220,
        -2.204724 0.629921 0.826772,
        -2.204724 0.216856 0.826772,
        -2.204724 0.214314 0.817576,
        -2.204724 0.212598 0.801230,
        -2.204724 0.291339 0.236220,
        -2.204724 0.212598 0.314961,
        -2.204724 0.215281 0.294581,
        -2.204724 0.270959 0.238904,
        -2.204724 0.251969 0.246770,
        -2.204724 0.235661 0.259283,
        -2.204724 0.223148 0.275591,
        -2.539370 0.767717 2.795276,
        -2.460630 0.767717 2.795276,
        -2.381890 0.746618 2.716535,
        -2.618110 0.746618 2.716535,
        -2.412696 0.763357 2.779004,
        -2.404952 0.761537 2.772213,
        -2.384573 0.752079 2.736915,
        -2.392439 0.757167 2.755906,
        -2.569503 0.766111 2.789282,
        -2.578740 0.764890 2.784726,
        -2.421260 0.764890 2.784726,
        -2.430497 0.766111 2.789282,
        -2.440250 0.766998 2.792593,
        -2.559750 0.766998 2.792593,
        -2.587304 0.763357 2.779004,
        -2.595048 0.761537 2.772213,
        -2.615428 0.752079 2.736915,
        -2.607561 0.757167 2.755906,
        -2.450352 0.767536 2.794602,
        -2.549648 0.767536 2.794602,
        -2.793327 0.527559 2.722643,
        -2.609718 0.606299 2.482383,
        -2.745516 0.606299 2.660080,
        -2.609718 0.350394 2.482383,
        -2.793327 0.429134 2.722643,
        -2.745516 0.350394 2.660080,
        -2.779323 0.583237 2.704319,
        -2.791698 0.547939 2.720511,
        -2.786921 0.566929 2.714261,
        -2.757890 0.603616 2.676273,
        -2.769421 0.595750 2.691362,
        -2.779323 0.373456 2.704319,
        -2.786921 0.389764 2.714261,
        -2.791698 0.408754 2.720511,
        -2.769421 0.360943 2.691362,
        -2.757890 0.353077 2.676273,
        -2.580063 0.350394 2.433929,
        -2.580063 0.606299 2.433929,
        -2.560980 0.350394 2.380421,
        -2.560980 0.606299 2.380421,
        -2.553282 0.350394 2.324136,
        -2.553282 0.606299 2.324136,
        -2.557296 0.350394 2.267470,
        -2.557296 0.606299 2.267470,
        -2.780183 0.337884 0.999773,
        -2.780183 0.606299 0.999773,
        -2.778318 0.343607 1.010378,
        -2.775569 0.348678 1.026012,
        -2.772695 0.350394 1.042359,
        -2.791495 0.606299 0.913601,
        -2.780815 0.335400 0.996138,
        -2.791495 0.275556 0.913601,
        -2.794801 0.622590 0.857553,
        -2.794500 0.616848 0.866142,
        -2.795009 0.629362 0.849834,
        -2.794091 0.612285 0.875398,
        -2.793569 0.608982 0.885132,
        -2.795255 0.219385 0.833210,
        -2.795061 0.227592 0.847450,
        -2.792927 0.606972 0.895239,
        -2.792168 0.606299 0.905512,
        -2.892626 0.612307 0.875345,
        -2.892148 0.608982 0.885132,
        -2.893682 0.219385 0.833210,
        -2.891565 0.606976 0.895212,
        -2.893506 0.227592 0.847450,
        -2.890872 0.606299 0.905512,
        -2.889548 0.281758 0.922155,
        -2.889548 0.606299 0.922155,
        -2.892994 0.616848 0.866142,
        -2.893268 0.622551 0.857604,
        -2.893427 0.629796 0.850263,
        -2.877121 0.346136 1.016817,
        -2.877121 0.606299 1.016817,
        -2.878233 0.343607 1.010378,
        -2.880554 0.335400 0.996138,
        -2.654235 0.350394 2.284513,
        -2.654235 0.606299 2.284513,
        -2.872630 0.350394 1.042359,
        -2.875504 0.348678 1.026012,
        -2.651655 0.606299 2.320928,
        -2.651655 0.350394 2.320928,
        -2.656602 0.606299 2.357097,
        -2.656602 0.350394 2.357097,
        -2.668865 0.606299 2.391482,
        -2.668865 0.350394 2.391482,
        -2.687921 0.606299 2.422619,
        -2.687921 0.350394 2.422619,
        -2.836094 0.603616 2.616509,
        -2.823719 0.606299 2.600317,
        -2.871530 0.527559 2.662879,
        -2.871530 0.429134 2.662879,
        -2.823719 0.350394 2.600317,
        -2.847625 0.360943 2.631598,
        -2.857527 0.373456 2.644555,
        -2.836094 0.353077 2.616509,
        -2.865125 0.389764 2.654498,
        -2.869901 0.408754 2.660748,
        -2.869901 0.547939 2.660748,
        -2.865125 0.566929 2.654498,
        -2.857527 0.583237 2.644555,
        -2.847625 0.595750 2.631598,
        -2.205500 0.616848 0.866142,
        -2.205200 0.622548 0.857607,
        -2.205016 0.629686 0.850144,
        -2.219817 0.337884 0.999773,
        -2.219817 0.606299 0.999773,
        -2.219185 0.335400 0.996138,
        -2.208505 0.606299 0.913601,
        -2.208505 0.275556 0.913601,
        -2.207832 0.606299 0.905512,
        -2.204938 0.227592 0.847450,
        -2.207072 0.606976 0.895213,
        -2.204745 0.219385 0.833210,
        -2.206430 0.608982 0.885132,
        -2.205906 0.612307 0.875345,
        -2.221682 0.343607 1.010378,
        -2.442704 0.350394 2.267470,
        -2.442704 0.606299 2.267470,
        -2.227305 0.350394 1.042359,
        -2.224431 0.348678 1.026012,
        -2.446718 0.350394 2.324136,
        -2.446718 0.606299 2.324136,
        -2.439020 0.350394 2.380421,
        -2.439020 0.606299 2.380421,
        -2.419937 0.350394 2.433929,
        -2.419937 0.606299 2.433929,
        -2.390282 0.350394 2.482383,
        -2.390282 0.606299 2.482383,
        -2.208302 0.408754 2.720511,
        -2.206673 0.429134 2.722643,
        -2.254484 0.350394 2.660080,
        -2.230579 0.360943 2.691362,
        -2.220677 0.373456 2.704319,
        -2.213079 0.389764 2.714261,
        -2.242110 0.603616 2.676273,
        -2.254484 0.606299 2.660080,
        -2.206673 0.527559 2.722643,
        -2.242110 0.353077 2.676273,
        -2.208302 0.547939 2.720511,
        -2.213079 0.566929 2.714261,
        -2.220677 0.583237 2.704319,
        -2.230579 0.595750 2.691362,
        -2.128470 0.527559 2.662879,
        -2.128470 0.429134 2.662879,
        -2.130099 0.547939 2.660748,
        -2.176281 0.606299 2.600317,
        -2.176281 0.350394 2.600317,
        -2.312079 0.606299 2.422619,
        -2.312079 0.350394 2.422619,
        -2.152375 0.360943 2.631598,
        -2.130099 0.408754 2.660748,
        -2.142473 0.373456 2.644555,
        -2.134875 0.389764 2.654498,
        -2.163906 0.353077 2.616509,
        -2.163906 0.603616 2.616509,
        -2.152375 0.595750 2.631598,
        -2.134875 0.566929 2.654498,
        -2.142473 0.583237 2.644555,
        -2.331135 0.606299 2.391482,
        -2.331135 0.350394 2.391482,
        -2.343398 0.606299 2.357097,
        -2.343398 0.350394 2.357097,
        -2.348345 0.606299 2.320928,
        -2.348345 0.350394 2.320928,
        -2.345765 0.606299 2.284513,
        -2.345765 0.350394 2.284513,
        -2.124496 0.348678 1.026012,
        -2.122879 0.346136 1.016817,
        -2.122879 0.606299 1.016817,
        -2.127370 0.350394 1.042359,
        -2.110452 0.606299 0.922155,
        -2.121767 0.343607 1.010378,
        -2.119446 0.335400 0.996138,
        -2.110452 0.281758 0.922155,
        -2.106731 0.622596 0.857545,
        -2.107006 0.616848 0.866142,
        -2.106542 0.629362 0.849834,
        -2.107376 0.612294 0.875378,
        -2.107852 0.608982 0.885132,
        -2.106318 0.219385 0.833210,
        -2.106494 0.227592 0.847450,
        -2.108437 0.606972 0.895243,
        -2.109128 0.606299 0.905512,
        -2.374016 0.789760 -0.017590,
        -2.374016 0.694689 -0.043064,
        -2.374016 0.796676 -0.034285,
        -2.374016 0.711437 -0.083498,
        -2.374016 0.807677 -0.048622,
        -2.374016 0.738080 -0.118219,
        -2.374016 0.822014 -0.059623,
        -2.374016 0.772801 -0.144862,
        -2.374016 0.838709 -0.066539,
        -2.374016 0.813235 -0.161610,
        -2.374016 0.856626 -0.068898,
        -2.374016 0.856626 -0.167323,
        -2.374016 1.103776 -0.068898,
        -2.374016 1.103776 -0.167323,
        -2.625984 1.103776 -0.068898,
        -2.625984 1.103776 -0.167323,
        -2.625984 0.856626 -0.068898,
        -2.625984 0.856626 -0.167323,
        -2.625984 0.838709 -0.066539,
        -2.625984 0.813235 -0.161610,
        -2.625984 0.822014 -0.059623,
        -2.625984 0.772801 -0.144862,
        -2.625984 0.807677 -0.048622,
        -2.625984 0.738080 -0.118219,
        -2.625984 0.796676 -0.034285,
        -2.625984 0.711437 -0.083498,
        -2.625984 0.789760 -0.017590,
        -2.625984 0.694689 -0.043064,
        -2.547244 1.397638 -0.167323,
        -2.452756 1.397638 -0.167323,
        -2.547244 1.397638 -0.068898,
        -2.452756 1.397638 -0.068898,
      ]
    }
    coordIndex [
      0, 1, 2, -1,
      2, 1, 3, -1,
      2, 3, 4, -1,
      4, 3, 5, -1,
      4, 5, 6, -1,
      6, 5, 7, -1,
      6, 7, 8, -1,
      8, 7, 9, -1,
      8, 9, 10, -1,
      10, 9, 11, -1,
      10, 11, 12, -1,
      12, 11, 13, -1,
      12, 13, 14, -1,
      14, 13, 15, -1,
      14, 15, 16, -1,
      16, 15, 17, -1,
      18, 19, 20, -1,
      21, 22, 23, -1,
      23, 22, 24, -1,
      23, 24, 25, -1,
      25, 24, 26, -1,
      25, 26, 27, -1,
      27, 26, 18, -1,
      27, 18, 28, -1,
      28, 18, 20, -1,
      29, 30, 31, -1,
      32, 33, 34, -1,
      34, 33, 35, -1,
      34, 35, 36, -1,
      35, 37, 36, -1,
      36, 37, 38, -1,
      36, 38, 31, -1,
      31, 38, 39, -1,
      31, 39, 29, -1,
      40, 41, 42, -1,
      43, 44, 40, -1,
      45, 46, 42, -1,
      42, 46, 47, -1,
      42, 47, 40, -1,
      40, 47, 48, -1,
      40, 48, 49, -1,
      49, 50, 40, -1,
      40, 50, 51, -1,
      40, 51, 43, -1,
      41, 52, 42, -1,
      42, 52, 53, -1,
      42, 53, 54, -1,
      54, 53, 55, -1,
      20, 19, 56, -1,
      56, 19, 57, -1,
      56, 57, 41, -1,
      41, 57, 58, -1,
      41, 58, 52, -1,
      56, 59, 20, -1,
      20, 59, 60, -1,
      20, 60, 28, -1,
      28, 60, 61, -1,
      28, 61, 27, -1,
      27, 61, 62, -1,
      27, 62, 25, -1,
      25, 62, 63, -1,
      25, 63, 23, -1,
      64, 65, 66, -1,
      66, 67, 64, -1,
      64, 67, 68, -1,
      64, 68, 69, -1,
      69, 68, 70, -1,
      71, 72, 17, -1,
      17, 72, 73, -1,
      17, 73, 74, -1,
      74, 73, 75, -1,
      76, 33, 77, -1,
      77, 33, 78, -1,
      77, 78, 64, -1,
      64, 78, 79, -1,
      64, 79, 65, -1,
      21, 23, 63, -1,
      80, 71, 81, -1,
      81, 71, 17, -1,
      81, 17, 76, -1,
      76, 17, 15, -1,
      76, 15, 33, -1,
      33, 15, 35, -1,
      82, 83, 84, -1,
      85, 86, 87, -1,
      68, 88, 70, -1,
      70, 88, 89, -1,
      70, 89, 90, -1,
      81, 91, 80, -1,
      80, 91, 21, -1,
      80, 21, 92, -1,
      92, 21, 63, -1,
      84, 93, 82, -1,
      82, 93, 94, -1,
      82, 94, 95, -1,
      95, 94, 96, -1,
      95, 96, 73, -1,
      73, 96, 97, -1,
      73, 97, 75, -1,
      88, 98, 89, -1,
      89, 98, 85, -1,
      89, 85, 99, -1,
      99, 85, 87, -1,
      100, 101, 102, -1,
      90, 103, 70, -1,
      70, 103, 100, -1,
      70, 100, 104, -1,
      104, 100, 102, -1,
      7, 39, 9, -1,
      9, 39, 38, -1,
      9, 38, 11, -1,
      11, 38, 37, -1,
      11, 37, 13, -1,
      13, 37, 35, -1,
      13, 35, 15, -1,
      5, 30, 7, -1,
      7, 30, 29, -1,
      7, 29, 39, -1,
      3, 105, 106, -1,
      106, 105, 107, -1,
      106, 107, 108, -1,
      106, 109, 3, -1,
      3, 109, 110, -1,
      3, 110, 5, -1,
      5, 110, 111, -1,
      5, 111, 30, -1,
      112, 113, 105, -1,
      105, 113, 114, -1,
      105, 114, 115, -1,
      116, 1, 117, -1,
      117, 1, 118, -1,
      117, 118, 119, -1,
      105, 3, 112, -1,
      112, 3, 1, -1,
      112, 1, 120, -1,
      120, 1, 116, -1,
      121, 122, 112, -1,
      112, 122, 113, -1,
      123, 124, 125, -1,
      125, 124, 122, -1,
      125, 122, 2, -1,
      2, 122, 121, -1,
      126, 127, 121, -1,
      121, 127, 128, -1,
      121, 128, 129, -1,
      129, 130, 121, -1,
      121, 130, 0, -1,
      121, 0, 2, -1,
      125, 2, 4, -1,
      131, 132, 133, -1,
      6, 134, 4, -1,
      4, 134, 135, -1,
      133, 125, 131, -1,
      131, 125, 4, -1,
      131, 4, 136, -1,
      136, 4, 135, -1,
      8, 10, 137, -1,
      137, 138, 8, -1,
      8, 138, 139, -1,
      8, 139, 6, -1,
      6, 139, 140, -1,
      6, 140, 134, -1,
      14, 34, 12, -1,
      12, 34, 36, -1,
      12, 36, 10, -1,
      10, 36, 31, -1,
      10, 31, 137, -1,
      141, 142, 24, -1,
      143, 144, 145, -1,
      146, 147, 148, -1,
      32, 34, 14, -1,
      148, 149, 146, -1,
      146, 149, 150, -1,
      146, 150, 151, -1,
      151, 150, 152, -1,
      151, 152, 153, -1,
      153, 154, 151, -1,
      151, 154, 155, -1,
      151, 155, 156, -1,
      144, 157, 145, -1,
      145, 157, 158, -1,
      145, 158, 159, -1,
      155, 32, 156, -1,
      156, 32, 14, -1,
      156, 14, 160, -1,
      160, 14, 16, -1,
      160, 16, 161, -1,
      161, 16, 162, -1,
      161, 162, 163, -1,
      163, 162, 164, -1,
      163, 164, 22, -1,
      22, 164, 165, -1,
      22, 165, 24, -1,
      24, 165, 145, -1,
      24, 145, 141, -1,
      141, 145, 159, -1,
      166, 167, 168, -1,
      145, 169, 143, -1,
      143, 169, 166, -1,
      143, 166, 170, -1,
      170, 166, 168, -1,
      171, 172, 173, -1,
      24, 142, 26, -1,
      26, 142, 174, -1,
      26, 174, 18, -1,
      18, 174, 175, -1,
      176, 177, 175, -1,
      175, 177, 178, -1,
      175, 178, 18, -1,
      179, 180, 176, -1,
      176, 180, 181, -1,
      176, 181, 177, -1,
      182, 173, 179, -1,
      179, 173, 183, -1,
      183, 184, 179, -1,
      179, 184, 185, -1,
      179, 185, 180, -1,
      182, 186, 173, -1,
      173, 186, 187, -1,
      173, 187, 171, -1,
      188, 187, 189, -1,
      189, 187, 190, -1,
      187, 186, 190, -1,
      190, 186, 191, -1,
      190, 191, 192, -1,
      192, 191, 193, -1,
      194, 195, 196, -1,
      194, 196, 191, -1,
      191, 196, 197, -1,
      191, 197, 193, -1,
      48, 47, 192, -1,
      192, 47, 190, -1,
      141, 92, 142, -1,
      142, 92, 63, -1,
      142, 63, 174, -1,
      174, 63, 62, -1,
      174, 62, 175, -1,
      175, 62, 61, -1,
      175, 61, 176, -1,
      176, 61, 60, -1,
      176, 60, 179, -1,
      179, 60, 59, -1,
      179, 59, 182, -1,
      182, 59, 56, -1,
      182, 56, 186, -1,
      186, 56, 41, -1,
      186, 41, 191, -1,
      191, 41, 40, -1,
      198, 199, 89, -1,
      89, 199, 90, -1,
      146, 69, 147, -1,
      147, 69, 70, -1,
      147, 70, 200, -1,
      68, 149, 88, -1,
      88, 149, 148, -1,
      88, 148, 201, -1,
      202, 200, 203, -1,
      203, 200, 204, -1,
      203, 204, 205, -1,
      206, 207, 201, -1,
      202, 208, 200, -1,
      200, 208, 209, -1,
      200, 209, 210, -1,
      206, 201, 211, -1,
      207, 212, 201, -1,
      201, 212, 213, -1,
      201, 213, 214, -1,
      214, 213, 215, -1,
      210, 216, 200, -1,
      200, 216, 199, -1,
      200, 199, 147, -1,
      147, 199, 148, -1,
      148, 199, 198, -1,
      148, 198, 201, -1,
      201, 198, 217, -1,
      201, 217, 211, -1,
      218, 219, 220, -1,
      219, 218, 221, -1,
      221, 218, 222, -1,
      221, 222, 223, -1,
      218, 224, 225, -1,
      225, 224, 226, -1,
      220, 227, 218, -1,
      218, 227, 228, -1,
      218, 228, 224, -1,
      229, 222, 230, -1,
      230, 222, 231, -1,
      229, 232, 222, -1,
      222, 232, 233, -1,
      222, 233, 223, -1,
      219, 221, 234, -1,
      219, 234, 235, -1,
      235, 234, 236, -1,
      235, 236, 237, -1,
      237, 236, 238, -1,
      237, 238, 239, -1,
      239, 238, 240, -1,
      239, 240, 241, -1,
      242, 243, 244, -1,
      244, 243, 245, -1,
      241, 240, 243, -1,
      243, 240, 246, -1,
      243, 246, 245, -1,
      243, 242, 247, -1,
      247, 242, 248, -1,
      247, 248, 249, -1,
      250, 251, 123, -1,
      123, 125, 133, -1,
      250, 123, 252, -1,
      252, 123, 133, -1,
      252, 133, 132, -1,
      251, 253, 123, -1,
      123, 253, 254, -1,
      123, 254, 255, -1,
      255, 254, 256, -1,
      256, 254, 257, -1,
      256, 257, 249, -1,
      249, 257, 258, -1,
      249, 258, 247, -1,
      259, 115, 260, -1,
      260, 115, 261, -1,
      260, 261, 262, -1,
      262, 261, 263, -1,
      262, 263, 264, -1,
      264, 263, 265, -1,
      264, 265, 266, -1,
      259, 267, 115, -1,
      115, 267, 268, -1,
      115, 268, 269, -1,
      269, 108, 115, -1,
      115, 108, 107, -1,
      115, 107, 105, -1,
      270, 271, 272, -1,
      272, 271, 266, -1,
      272, 266, 273, -1,
      273, 266, 265, -1,
      274, 275, 276, -1,
      276, 275, 271, -1,
      276, 271, 277, -1,
      277, 271, 270, -1,
      275, 274, 278, -1,
      278, 274, 279, -1,
      278, 279, 280, -1,
      280, 279, 281, -1,
      280, 281, 282, -1,
      282, 281, 283, -1,
      282, 283, 284, -1,
      284, 283, 285, -1,
      286, 287, 288, -1,
      288, 287, 284, -1,
      288, 284, 289, -1,
      289, 284, 285, -1,
      289, 285, 290, -1,
      291, 292, 293, -1,
      293, 292, 294, -1,
      293, 294, 290, -1,
      290, 294, 295, -1,
      290, 295, 289, -1,
      288, 296, 297, -1,
      297, 298, 288, -1,
      288, 298, 299, -1,
      288, 299, 286, -1,
      288, 289, 218, -1,
      218, 289, 222, -1,
      258, 264, 247, -1,
      247, 264, 266, -1,
      247, 266, 243, -1,
      243, 266, 271, -1,
      243, 271, 241, -1,
      241, 271, 275, -1,
      241, 275, 239, -1,
      239, 275, 278, -1,
      239, 278, 237, -1,
      237, 278, 280, -1,
      237, 280, 235, -1,
      235, 280, 282, -1,
      235, 282, 219, -1,
      219, 282, 284, -1,
      219, 284, 220, -1,
      220, 284, 287, -1,
      300, 301, 188, -1,
      188, 301, 302, -1,
      302, 172, 188, -1,
      188, 172, 171, -1,
      188, 171, 187, -1,
      303, 304, 305, -1,
      305, 304, 306, -1,
      305, 306, 307, -1,
      307, 306, 308, -1,
      307, 308, 309, -1,
      309, 308, 310, -1,
      309, 310, 311, -1,
      311, 310, 312, -1,
      311, 312, 188, -1,
      188, 312, 313, -1,
      188, 313, 300, -1,
      304, 303, 314, -1,
      315, 316, 317, -1,
      317, 316, 304, -1,
      317, 304, 318, -1,
      318, 304, 314, -1,
      316, 315, 319, -1,
      316, 319, 320, -1,
      320, 319, 321, -1,
      320, 321, 322, -1,
      322, 321, 323, -1,
      322, 323, 324, -1,
      324, 323, 325, -1,
      324, 325, 326, -1,
      327, 328, 329, -1,
      330, 331, 332, -1,
      333, 334, 335, -1,
      335, 334, 326, -1,
      335, 326, 328, -1,
      328, 326, 325, -1,
      328, 325, 329, -1,
      327, 329, 332, -1,
      332, 329, 336, -1,
      332, 336, 330, -1,
      335, 337, 338, -1,
      338, 339, 335, -1,
      335, 339, 340, -1,
      335, 340, 333, -1,
      335, 328, 341, -1,
      341, 328, 342, -1,
      343, 341, 344, -1,
      344, 341, 345, -1,
      344, 345, 346, -1,
      346, 345, 347, -1,
      348, 349, 350, -1,
      350, 349, 351, -1,
      341, 342, 345, -1,
      345, 342, 349, -1,
      345, 349, 352, -1,
      352, 349, 348, -1,
      344, 353, 343, -1,
      343, 353, 354, -1,
      343, 354, 355, -1,
      355, 354, 356, -1,
      346, 347, 357, -1,
      357, 347, 358, -1,
      357, 358, 359, -1,
      359, 358, 360, -1,
      359, 360, 361, -1,
      361, 360, 362, -1,
      361, 362, 363, -1,
      363, 362, 364, -1,
      365, 366, 367, -1,
      363, 364, 367, -1,
      367, 364, 368, -1,
      367, 368, 365, -1,
      369, 367, 366, -1,
      366, 370, 369, -1,
      369, 370, 371, -1,
      369, 371, 372, -1,
      373, 374, 45, -1,
      45, 42, 54, -1,
      373, 45, 375, -1,
      375, 45, 54, -1,
      375, 54, 55, -1,
      374, 376, 45, -1,
      45, 376, 377, -1,
      45, 377, 378, -1,
      378, 377, 379, -1,
      379, 377, 380, -1,
      379, 380, 372, -1,
      372, 380, 381, -1,
      372, 381, 369, -1,
      334, 344, 326, -1,
      326, 344, 346, -1,
      326, 346, 324, -1,
      324, 346, 357, -1,
      324, 357, 322, -1,
      322, 357, 359, -1,
      322, 359, 320, -1,
      320, 359, 361, -1,
      320, 361, 316, -1,
      316, 361, 363, -1,
      316, 363, 304, -1,
      304, 363, 367, -1,
      304, 367, 306, -1,
      306, 367, 369, -1,
      306, 369, 308, -1,
      308, 369, 381, -1,
      309, 379, 307, -1,
      307, 379, 372, -1,
      307, 372, 305, -1,
      305, 372, 371, -1,
      345, 329, 347, -1,
      347, 329, 325, -1,
      347, 325, 358, -1,
      358, 325, 323, -1,
      358, 323, 360, -1,
      360, 323, 321, -1,
      360, 321, 362, -1,
      362, 321, 319, -1,
      362, 319, 364, -1,
      364, 319, 315, -1,
      364, 315, 368, -1,
      368, 315, 317, -1,
      248, 273, 249, -1,
      249, 273, 265, -1,
      249, 265, 256, -1,
      256, 265, 263, -1,
      276, 246, 274, -1,
      274, 246, 240, -1,
      274, 240, 279, -1,
      279, 240, 238, -1,
      279, 238, 281, -1,
      281, 238, 236, -1,
      281, 236, 283, -1,
      283, 236, 234, -1,
      283, 234, 285, -1,
      285, 234, 221, -1,
      285, 221, 290, -1,
      290, 221, 223, -1,
      82, 170, 83, -1,
      83, 170, 168, -1,
      83, 168, 382, -1,
      382, 168, 383, -1,
      382, 383, 384, -1,
      384, 383, 385, -1,
      384, 385, 386, -1,
      386, 385, 387, -1,
      386, 387, 388, -1,
      388, 387, 389, -1,
      388, 389, 390, -1,
      390, 389, 391, -1,
      390, 391, 392, -1,
      392, 391, 393, -1,
      392, 393, 394, -1,
      394, 393, 395, -1,
      396, 397, 398, -1,
      398, 397, 399, -1,
      398, 399, 400, -1,
      400, 399, 401, -1,
      400, 401, 402, -1,
      402, 401, 403, -1,
      402, 403, 404, -1,
      404, 403, 405, -1,
      404, 405, 406, -1,
      406, 405, 407, -1,
      406, 407, 408, -1,
      408, 407, 409, -1,
      408, 409, 84, -1,
      84, 409, 167, -1,
      84, 167, 93, -1,
      93, 167, 166, -1,
      410, 411, 397, -1,
      397, 411, 395, -1,
      397, 395, 399, -1,
      399, 395, 393, -1,
      412, 413, 410, -1,
      410, 413, 411, -1,
      398, 392, 396, -1,
      396, 392, 394, -1,
      396, 394, 412, -1,
      412, 394, 413, -1,
      392, 398, 390, -1,
      390, 398, 400, -1,
      390, 400, 388, -1,
      388, 400, 402, -1,
      388, 402, 386, -1,
      386, 402, 404, -1,
      386, 404, 384, -1,
      384, 404, 406, -1,
      384, 406, 382, -1,
      382, 406, 408, -1,
      382, 408, 83, -1,
      83, 408, 84, -1,
      168, 167, 409, -1,
      168, 409, 383, -1,
      383, 409, 407, -1,
      383, 407, 385, -1,
      385, 407, 405, -1,
      385, 405, 387, -1,
      387, 405, 403, -1,
      387, 403, 389, -1,
      389, 403, 401, -1,
      389, 401, 391, -1,
      391, 401, 399, -1,
      391, 399, 393, -1,
      410, 397, 412, -1,
      412, 397, 396, -1,
      395, 411, 394, -1,
      394, 411, 413, -1,
      149, 68, 150, -1,
      150, 68, 67, -1,
      150, 67, 152, -1,
      152, 67, 66, -1,
      152, 66, 153, -1,
      153, 66, 65, -1,
      153, 65, 154, -1,
      154, 65, 79, -1,
      154, 79, 155, -1,
      155, 79, 78, -1,
      155, 78, 32, -1,
      32, 78, 33, -1,
      69, 146, 64, -1,
      64, 146, 151, -1,
      64, 151, 77, -1,
      77, 151, 156, -1,
      77, 156, 76, -1,
      76, 156, 160, -1,
      76, 160, 81, -1,
      81, 160, 161, -1,
      81, 161, 91, -1,
      91, 161, 163, -1,
      91, 163, 21, -1,
      21, 163, 22, -1,
      191, 40, 44, -1,
      191, 44, 194, -1,
      194, 44, 43, -1,
      194, 43, 195, -1,
      195, 43, 51, -1,
      195, 51, 196, -1,
      196, 51, 50, -1,
      196, 50, 197, -1,
      197, 50, 49, -1,
      197, 49, 193, -1,
      193, 49, 48, -1,
      193, 48, 192, -1,
      1, 0, 130, -1,
      1, 130, 118, -1,
      118, 130, 129, -1,
      118, 129, 119, -1,
      119, 129, 128, -1,
      119, 128, 117, -1,
      117, 128, 127, -1,
      117, 127, 116, -1,
      116, 127, 126, -1,
      116, 126, 120, -1,
      120, 126, 121, -1,
      120, 121, 112, -1,
      113, 122, 124, -1,
      261, 115, 123, -1,
      123, 115, 124, -1,
      124, 115, 114, -1,
      124, 114, 113, -1,
      123, 255, 261, -1,
      261, 255, 256, -1,
      261, 256, 263, -1,
      272, 273, 248, -1,
      248, 242, 272, -1,
      272, 242, 244, -1,
      272, 244, 270, -1,
      270, 244, 245, -1,
      270, 245, 277, -1,
      277, 245, 246, -1,
      277, 246, 276, -1,
      47, 46, 190, -1,
      190, 46, 189, -1,
      189, 46, 188, -1,
      188, 46, 45, -1,
      188, 45, 311, -1,
      45, 378, 311, -1,
      311, 378, 379, -1,
      311, 379, 309, -1,
      305, 371, 303, -1,
      303, 371, 370, -1,
      303, 370, 314, -1,
      314, 370, 366, -1,
      314, 366, 318, -1,
      366, 365, 318, -1,
      318, 365, 368, -1,
      318, 368, 317, -1,
      170, 82, 143, -1,
      143, 82, 95, -1,
      143, 95, 144, -1,
      144, 95, 73, -1,
      144, 73, 157, -1,
      157, 73, 72, -1,
      157, 72, 158, -1,
      158, 72, 71, -1,
      158, 71, 159, -1,
      159, 71, 80, -1,
      159, 80, 141, -1,
      141, 80, 92, -1,
      19, 18, 178, -1,
      178, 177, 19, -1,
      19, 177, 181, -1,
      19, 181, 57, -1,
      57, 181, 180, -1,
      57, 180, 58, -1,
      180, 185, 58, -1,
      58, 185, 184, -1,
      58, 184, 52, -1,
      52, 184, 183, -1,
      52, 183, 53, -1,
      53, 183, 173, -1,
      53, 173, 55, -1,
      55, 173, 172, -1,
      55, 172, 375, -1,
      375, 172, 302, -1,
      375, 302, 373, -1,
      373, 302, 301, -1,
      373, 301, 374, -1,
      374, 301, 300, -1,
      374, 300, 376, -1,
      376, 300, 313, -1,
      376, 313, 377, -1,
      377, 313, 312, -1,
      377, 312, 380, -1,
      380, 312, 310, -1,
      380, 310, 381, -1,
      381, 310, 308, -1,
      137, 31, 30, -1,
      131, 136, 106, -1,
      106, 136, 109, -1,
      109, 136, 135, -1,
      109, 135, 110, -1,
      135, 134, 110, -1,
      110, 134, 140, -1,
      110, 140, 111, -1,
      137, 30, 138, -1,
      111, 140, 30, -1,
      30, 140, 139, -1,
      30, 139, 138, -1,
      131, 106, 132, -1,
      132, 106, 108, -1,
      132, 108, 252, -1,
      252, 108, 269, -1,
      252, 269, 250, -1,
      250, 269, 268, -1,
      250, 268, 251, -1,
      251, 268, 267, -1,
      251, 267, 253, -1,
      253, 267, 259, -1,
      253, 259, 254, -1,
      259, 260, 254, -1,
      254, 260, 262, -1,
      254, 262, 257, -1,
      257, 262, 264, -1,
      257, 264, 258, -1,
      198, 89, 217, -1,
      217, 89, 99, -1,
      217, 99, 211, -1,
      211, 99, 206, -1,
      206, 99, 87, -1,
      206, 87, 207, -1,
      207, 87, 212, -1,
      212, 87, 86, -1,
      212, 86, 213, -1,
      213, 86, 85, -1,
      213, 85, 215, -1,
      215, 85, 98, -1,
      215, 98, 214, -1,
      214, 98, 88, -1,
      214, 88, 201, -1,
      200, 70, 104, -1,
      200, 104, 204, -1,
      204, 104, 102, -1,
      204, 102, 205, -1,
      205, 102, 101, -1,
      205, 101, 203, -1,
      100, 208, 101, -1,
      101, 208, 202, -1,
      101, 202, 203, -1,
      103, 90, 199, -1,
      199, 216, 103, -1,
      103, 216, 210, -1,
      103, 210, 100, -1,
      100, 210, 209, -1,
      100, 209, 208, -1,
      288, 218, 225, -1,
      288, 225, 296, -1,
      296, 225, 226, -1,
      296, 226, 297, -1,
      297, 226, 224, -1,
      297, 224, 298, -1,
      298, 224, 228, -1,
      298, 228, 299, -1,
      299, 228, 227, -1,
      299, 227, 286, -1,
      286, 227, 220, -1,
      286, 220, 287, -1,
      335, 341, 343, -1,
      335, 343, 337, -1,
      337, 343, 355, -1,
      337, 355, 338, -1,
      338, 355, 356, -1,
      338, 356, 339, -1,
      339, 356, 354, -1,
      339, 354, 340, -1,
      340, 354, 353, -1,
      340, 353, 333, -1,
      333, 353, 344, -1,
      333, 344, 334, -1,
      93, 166, 94, -1,
      94, 166, 169, -1,
      94, 169, 96, -1,
      96, 169, 145, -1,
      96, 145, 97, -1,
      97, 145, 165, -1,
      97, 165, 75, -1,
      75, 165, 164, -1,
      75, 164, 74, -1,
      74, 164, 162, -1,
      74, 162, 17, -1,
      17, 162, 16, -1,
      329, 345, 352, -1,
      329, 352, 336, -1,
      336, 352, 348, -1,
      336, 348, 330, -1,
      330, 348, 350, -1,
      330, 350, 331, -1,
      331, 350, 351, -1,
      331, 351, 332, -1,
      332, 351, 349, -1,
      332, 349, 327, -1,
      327, 349, 342, -1,
      327, 342, 328, -1,
      290, 223, 233, -1,
      290, 233, 293, -1,
      293, 233, 232, -1,
      293, 232, 291, -1,
      291, 232, 229, -1,
      291, 229, 292, -1,
      292, 229, 230, -1,
      292, 230, 294, -1,
      294, 230, 231, -1,
      294, 231, 295, -1,
      295, 231, 222, -1,
      295, 222, 289, -1,
    ]
  }
}

Shape {
  appearance Appearance {
    material Material {
      diffuseColor 0.2235 0.2235 0.2235
      specularColor 0.1137 0.1137 0.1137
      ambientIntensity 0.2
      transparency 0.0000
      shininess 0.5
    }
  }
  geometry IndexedFaceSet {
    ccw TRUE
    solid FALSE
    coord DEF co Coordinate {
      point [
        3.078740 -0.017560 0.818748,
        3.078740 -0.017560 0.790202,
        3.078740 0.051803 0.790202,
        3.078740 -0.017560 0.933068,
        3.078740 -0.017560 0.911939,
        3.078740 0.051803 0.911939,
        3.078740 -0.889764 3.346457,
        3.078740 -0.984252 3.346457,
        3.078740 -0.984252 1.006346,
        3.078740 -0.787402 0.196850,
        3.078740 -0.679102 0.196850,
        3.078740 -0.679102 0.790202,
        3.078740 0.130580 0.997449,
        3.078740 0.130580 0.974386,
        3.078740 0.150041 0.974386,
        3.078740 0.134363 0.818937,
        3.078740 0.132585 0.818748,
        3.078740 0.150041 0.818748,
        3.078740 0.119391 0.818907,
        3.078740 0.117105 0.819705,
        3.078740 0.117105 0.818748,
        3.078740 0.220824 0.851813,
        3.078740 0.220824 0.827571,
        3.078740 0.234317 0.827571,
        3.078740 -0.080097 0.949585,
        3.078740 -0.066186 0.937845,
        3.078740 -0.017560 1.006346,
        3.078740 -0.148310 1.013794,
        3.078740 -0.137232 1.006346,
        3.078740 -0.125459 0.998431,
        3.078740 -0.108518 0.978834,
        3.078740 -0.097792 0.957954,
        3.078740 -0.095351 0.957135,
        3.078740 -0.244121 1.012837,
        3.078740 -0.220496 1.021949,
        3.078740 -0.679102 3.346457,
        3.078740 -0.017560 3.346457,
        3.078740 -0.195140 1.025073,
        3.078740 -0.174022 1.022855,
        3.078740 -0.254598 1.006346,
        3.078740 -0.679102 1.006346,
        3.078740 -0.256623 1.005091,
        3.078740 -0.679102 0.933068,
        3.078740 -0.366676 0.933068,
        3.078740 -0.362219 0.943141,
        3.078740 -0.349872 0.958979,
        3.078740 -0.311165 0.981071,
        3.078740 -0.290951 0.983572,
        3.078740 -0.268663 0.994780,
        3.078740 -0.285059 0.983252,
        3.078740 -0.279167 0.982548,
        3.078740 -0.346436 0.962233,
        3.078740 -0.330143 0.973695,
        3.078740 -0.336480 0.831113,
        3.078740 -0.352434 0.844723,
        3.078740 -0.679102 0.818748,
        3.078740 -0.317968 0.822084,
        3.078740 -0.364102 0.861369,
        3.078740 -0.371458 0.880439,
        3.078740 -0.679102 0.911939,
        3.078740 -0.373953 0.900570,
        3.078740 -0.373811 0.905431,
        3.078740 -0.372653 0.911939,
        3.078740 -0.370384 0.924689,
        3.078740 -0.311445 0.820130,
        3.078740 -0.310798 0.818748,
        3.078740 -0.306272 0.809081,
        3.078740 -0.298639 0.799687,
        3.078740 -0.017560 0.196850,
        3.078740 -0.250315 0.786831,
        3.078740 -0.262771 0.785290,
        3.078740 -0.264676 0.785324,
        3.078740 -0.276776 0.787194,
        3.078740 -0.283961 0.790202,
        3.078740 -0.288606 0.792146,
        3.078740 -0.214785 0.818748,
        3.078740 -0.214874 0.818380,
        3.078740 -0.220971 0.806987,
        3.078740 -0.228694 0.798347,
        3.078740 -0.238893 0.791233,
        3.078740 -0.241569 0.790202,
        3.078740 -0.049432 0.907636,
        3.078740 -0.047069 0.890835,
        3.078740 -0.149341 0.848973,
        3.078740 -0.145825 0.850362,
        3.078740 -0.139806 0.879564,
        3.078740 -0.066026 0.842162,
        3.078740 -0.079938 0.830380,
        3.078740 -0.224344 0.870854,
        3.078740 -0.155689 0.906719,
        3.078740 -0.233339 0.879035,
        3.078740 -0.244219 0.884852,
        3.078740 -0.152492 0.846741,
        3.078740 -0.055829 0.856378,
        3.078740 -0.049405 0.872606,
        3.078740 -0.141855 0.850872,
        3.078740 -0.141356 0.850835,
        3.078740 -0.139819 0.850495,
        3.078740 -0.337323 0.881013,
        3.078740 -0.331316 0.870815,
        3.078740 -0.305307 0.865418,
        3.078740 -0.322139 0.861367,
        3.078740 -0.310933 0.854458,
        3.078740 -0.286381 0.882406,
        3.078740 -0.340394 0.911939,
        3.078740 -0.296848 0.875115,
        3.078740 -0.341674 0.901595,
        3.078740 -0.341036 0.893534,
        3.078740 -0.275068 0.886750,
        3.078740 -0.262771 0.888274,
        3.078740 -0.256591 0.887910,
        3.078740 -0.157738 0.834989,
        3.078740 -0.157608 0.837011,
        3.078740 -0.211536 0.841649,
        3.078740 -0.156579 0.840910,
        3.078740 -0.154609 0.844406,
        3.078740 -0.145766 0.819570,
        3.078740 -0.149155 0.820905,
        3.078740 -0.152478 0.823267,
        3.078740 -0.153669 0.824480,
        3.078740 -0.155902 0.827698,
        3.078740 -0.157252 0.831172,
        3.078740 -0.211832 0.831017,
        3.078740 -0.211536 0.836526,
        3.078740 -0.088652 0.863880,
        3.078740 -0.083194 0.871987,
        3.078740 -0.079862 0.881192,
        3.078740 -0.078835 0.890323,
        3.078740 -0.079051 0.894489,
        3.078740 -0.095568 0.822722,
        3.078740 -0.112651 0.819106,
        3.078740 -0.142880 0.819106,
        3.078740 -0.138781 0.850359,
        3.078740 -0.115725 0.850359,
        3.078740 -0.109125 0.851394,
        3.078740 -0.099795 0.854967,
        3.078740 -0.091793 0.860653,
        3.078740 -0.118799 0.930287,
        3.078740 -0.122898 0.930287,
        3.078740 -0.085391 0.911939,
        3.078740 -0.109797 0.929264,
        3.078740 -0.081378 0.904352,
        3.078740 -0.340133 0.914051,
        3.078740 -0.335731 0.925474,
        3.078740 -0.086085 0.913250,
        3.078740 -0.092756 0.920610,
        3.078740 -0.100795 0.925995,
        3.078740 -0.134045 0.961226,
        3.078740 -0.145637 0.975001,
        3.078740 -0.263284 0.945146,
        3.078740 -0.146745 0.976009,
        3.078740 -0.161133 0.986012,
        3.078740 -0.255433 0.961388,
        3.078740 -0.330434 0.933068,
        3.078740 -0.266745 0.947047,
        3.078740 -0.123513 0.933068,
        3.078740 -0.126095 0.944740,
        3.078740 -0.278226 0.951294,
        3.078740 -0.290439 0.952831,
        3.078740 -0.295947 0.952535,
        3.078740 -0.243933 0.975110,
        3.078740 -0.177196 0.992181,
        3.078740 -0.230266 0.985097,
        3.078740 -0.194628 0.994332,
        3.078740 -0.213535 0.991890,
        3.078740 -0.308584 0.949493,
        3.078740 -0.319978 0.943395,
        3.078740 -0.328617 0.935672,
        3.078740 -0.062752 0.933068,
        3.078740 -0.055713 0.923280,
        3.078740 -0.051160 0.911939,
        3.078740 0.250279 0.827571,
        3.078740 0.250279 0.819356,
        3.078740 0.257085 0.818748,
        3.078740 0.234317 0.818748,
        3.078740 0.257085 0.911939,
        3.078740 0.248639 0.891418,
        3.078740 0.248639 0.883129,
        3.078740 0.246594 0.860066,
        3.078740 0.246594 0.851813,
        3.078740 0.234317 0.851813,
        3.078740 0.234317 0.883129,
        3.078740 0.234317 0.860066,
        3.078740 0.220824 0.883129,
        3.078740 0.220824 0.860066,
        3.078740 0.234317 0.819356,
        3.078740 0.211521 0.819356,
        3.078740 0.206658 0.818748,
        3.078740 0.211521 0.891418,
        3.078740 0.063017 0.843920,
        3.078740 0.064375 0.858444,
        3.078740 0.061205 0.841341,
        3.078740 0.059958 0.838164,
        3.078740 0.112932 0.830481,
        3.078740 0.100701 0.852476,
        3.078740 0.112932 0.821161,
        3.078740 0.100701 0.819356,
        3.078740 0.087178 0.822104,
        3.078740 0.083981 0.819977,
        3.078740 0.091675 0.819356,
        3.078740 0.080578 0.818748,
        3.078740 0.056122 0.818748,
        3.078740 0.060882 0.825989,
        3.078740 0.059791 0.829043,
        3.078740 0.056122 0.790202,
        3.078740 0.070432 0.818748,
        3.078740 0.070267 0.818767,
        3.078740 0.066807 0.820071,
        3.078740 0.073111 0.870934,
        3.078740 0.056122 0.911939,
        3.078740 0.066374 0.868364,
        3.078740 0.064375 0.867213,
        3.078740 0.065797 0.846313,
        3.078740 0.069667 0.848280,
        3.078740 0.070158 0.862150,
        3.078740 0.076422 0.849934,
        3.078740 0.084306 0.864350,
        3.078740 0.081248 0.864671,
        3.078740 0.075798 0.864096,
        3.078740 0.063767 0.822192,
        3.078740 0.062757 0.823215,
        3.078740 0.116461 0.828299,
        3.078740 0.117105 0.828057,
        3.078740 0.117105 0.847195,
        3.078740 0.091675 0.827313,
        3.078740 0.091435 0.827313,
        3.078740 0.090029 0.825173,
        3.078740 0.099999 0.859333,
        3.078740 0.113376 0.853430,
        3.078740 0.113344 0.860161,
        3.078740 0.114419 0.863068,
        3.078740 0.096736 0.866350,
        3.078740 0.059346 0.833134,
        3.078740 0.059374 0.834281,
        3.078740 0.098584 0.863436,
        3.078740 0.112988 0.856934,
        3.078740 0.082096 0.872002,
        3.078740 0.087517 0.871515,
        3.078740 0.091326 0.870362,
        3.078740 0.091675 0.852071,
        3.078740 0.091361 0.856062,
        3.078740 0.090428 0.859276,
        3.078740 0.089367 0.861135,
        3.078740 0.117025 0.847248,
        3.078740 0.115548 0.848792,
        3.078740 0.114371 0.850673,
        3.078740 0.088002 0.862587,
        3.078740 0.086400 0.863619,
        3.078740 0.120948 0.818748,
        3.078740 0.117105 0.790202,
        3.078740 0.126896 0.818140,
        3.078740 0.150041 0.790202,
        3.078740 0.145224 0.869718,
        3.078740 0.145224 0.860950,
        3.078740 0.147263 0.829729,
        3.078740 0.146155 0.826868,
        3.078740 0.144472 0.824487,
        3.078740 0.116096 0.865507,
        3.078740 0.117105 0.866414,
        3.078740 0.117105 0.911939,
        3.078740 0.118772 0.867913,
        3.078740 0.121422 0.869499,
        3.078740 0.126368 0.871274,
        3.078740 0.133030 0.872002,
        3.078740 0.150041 0.911939,
        3.078740 0.138006 0.871662,
        3.078740 0.144672 0.841866,
        3.078740 0.146356 0.839380,
        3.078740 0.147320 0.836718,
        3.078740 0.147693 0.833356,
        3.078740 0.141890 0.822229,
        3.078740 0.139276 0.820674,
        3.078740 0.132145 0.864671,
        3.078740 0.129474 0.864470,
        3.078740 0.122290 0.857744,
        3.078740 0.127059 0.863831,
        3.078740 0.125035 0.862755,
        3.078740 0.122372 0.856544,
        3.078740 0.122731 0.855142,
        3.078740 0.123381 0.853924,
        3.078740 0.124261 0.852955,
        3.078740 0.127443 0.850966,
        3.078740 0.138073 0.863997,
        3.078740 0.133030 0.848534,
        3.078740 0.143164 0.862130,
        3.078740 0.136525 0.847120,
        3.078740 0.142519 0.843786,
        3.078740 0.123673 0.861552,
        3.078740 0.122899 0.860403,
        3.078740 0.122454 0.859184,
        3.078740 0.122120 0.826170,
        3.078740 0.126656 0.841976,
        3.078740 0.121276 0.844443,
        3.078740 0.127780 0.825508,
        3.078740 0.128178 0.825511,
        3.078740 0.132583 0.839494,
        3.078740 0.132806 0.826029,
        3.078740 0.138427 0.832471,
        3.078740 0.138339 0.833594,
        3.078740 0.135135 0.826881,
        3.078740 0.135957 0.827381,
        3.078740 0.136993 0.828300,
        3.078740 0.137781 0.829465,
        3.078740 0.138240 0.830749,
        3.078740 0.137928 0.835003,
        3.078740 0.137231 0.836200,
        3.078740 0.136106 0.837371,
        3.078740 0.283528 0.953386,
        3.078740 0.257085 0.953386,
        3.078740 0.290878 0.933676,
        3.078740 0.257085 0.933068,
        3.078740 0.301157 0.933676,
        3.078740 0.984252 0.933068,
        3.078740 0.984252 1.006346,
        3.078740 0.273710 1.005738,
        3.078740 0.257085 1.006346,
        3.078740 0.253521 0.953386,
        3.078740 0.246594 0.933676,
        3.078740 0.234317 0.933068,
        3.078740 0.236316 0.933676,
        3.078740 0.234317 1.006346,
        3.078740 0.257085 0.988206,
        3.078740 0.263763 1.005738,
        3.078740 0.206658 0.933068,
        3.078740 0.204012 0.934757,
        3.078740 0.193469 0.933676,
        3.078740 0.194206 1.005738,
        3.078740 0.206658 1.006346,
        3.078740 0.166841 1.006346,
        3.078740 0.166841 0.933068,
        3.078740 0.173648 0.933676,
        3.078740 0.173648 1.005738,
        3.078740 0.224291 0.993380,
        3.078740 0.228675 0.987002,
        3.078740 0.230405 0.957748,
        3.078740 0.226889 0.950276,
        3.078740 0.221450 0.943770,
        3.078740 0.221450 0.996196,
        3.078740 0.219706 0.942245,
        3.078740 0.212560 0.937680,
        3.078740 0.206658 0.935662,
        3.078740 0.205475 1.004459,
        3.078740 0.206658 1.004018,
        3.078740 0.214137 1.001227,
        3.078740 0.231249 0.980036,
        3.078740 0.232319 0.970628,
        3.078740 0.232119 0.966214,
        3.078740 0.150041 1.006346,
        3.078740 0.158395 1.005738,
        3.078740 0.150041 1.005738,
        3.078740 0.158395 0.997449,
        3.078740 0.160035 0.941891,
        3.078740 0.160035 0.933676,
        3.078740 0.150041 0.933068,
        3.078740 0.130580 0.941891,
        3.078740 0.150041 0.941891,
        3.078740 0.130580 0.966133,
        3.078740 0.150041 0.966133,
        3.078740 0.156350 0.966133,
        3.078740 0.156350 0.974386,
        3.078740 0.150041 0.997449,
        3.078740 0.121277 1.005738,
        3.078740 0.117105 1.006346,
        3.078740 0.121277 0.933676,
        3.078740 -0.984252 0.790202,
        3.078740 -0.984252 0.000000,
        3.078740 -0.787402 0.000000,
        3.078740 0.787402 0.000000,
        3.078740 0.984252 0.000000,
        3.078740 0.787402 0.196850,
        3.078740 0.984252 0.790202,
        3.078740 0.257085 0.196850,
        3.078740 0.106854 0.945576,
        3.078740 0.106854 0.936660,
        3.078740 0.117105 0.933068,
        3.078740 0.097177 1.006346,
        3.078740 0.099759 1.006114,
        3.078740 0.106854 1.004007,
        3.078740 0.106854 0.994280,
        3.078740 0.105748 0.936106,
        3.078740 0.098059 0.933546,
        3.078740 0.093145 0.933068,
        3.078740 0.069498 0.989743,
        3.078740 0.066080 0.984671,
        3.078740 0.063733 0.978344,
        3.078740 0.062662 0.968896,
        3.078740 0.062667 0.968224,
        3.078740 0.099477 0.942304,
        3.078740 0.091272 0.940850,
        3.078740 0.098788 0.997483,
        3.078740 0.089869 0.998554,
        3.078740 0.086678 0.998407,
        3.078740 0.080464 0.997123,
        3.078740 0.150041 0.933676,
        3.078740 0.074837 0.994416,
        3.078740 0.070233 0.990559,
        3.078740 0.063800 0.959377,
        3.078740 0.066067 0.953505,
        3.078740 0.069735 0.948339,
        3.078740 0.076292 0.943385,
        3.078740 0.081517 0.941495,
        3.078740 0.088248 0.940749,
        3.078740 0.071492 0.946633,
        3.078740 0.056122 3.346457,
        3.078740 0.089777 1.006954,
        3.078740 0.117105 3.346457,
        3.078740 0.090439 1.006951,
        3.078740 0.084311 1.006346,
        3.078740 0.056122 1.006346,
        3.078740 0.080144 1.005883,
        3.078740 0.072491 1.003109,
        3.078740 0.058081 0.989516,
        3.078740 0.063307 0.996344,
        3.078740 0.065402 0.998321,
        3.078740 0.051803 1.006346,
        3.078740 0.054659 0.981511,
        3.078740 0.056122 0.984935,
        3.078740 0.056122 0.951835,
        3.078740 0.053978 0.958009,
        3.078740 0.051803 0.933068,
        3.078740 0.052899 0.968344,
        3.078740 0.053025 0.972102,
        3.078740 0.067601 0.937701,
        3.078740 0.062146 0.942296,
        3.078740 0.056122 0.933068,
        3.078740 0.060785 0.943837,
        3.078740 0.056697 0.950181,
        3.078740 0.086904 0.932460,
        3.078740 0.082077 0.932715,
        3.078740 0.080463 0.933068,
        3.078740 0.074348 0.934406,
        3.078740 0.094327 0.868650,
        3.078740 0.080321 0.818655,
        3.078740 0.075667 0.818140,
        3.078740 0.192437 0.870824,
        3.078740 0.201795 0.870824,
        3.078740 0.206658 0.911939,
        3.078740 0.234317 0.891418,
        3.078740 0.234317 0.911939,
        3.078740 0.181263 0.818748,
        3.078740 0.175932 0.832140,
        3.078740 0.177037 0.827903,
        3.078740 0.177277 0.827903,
        3.078740 0.166841 0.911939,
        3.078740 0.166841 0.858291,
        3.078740 0.178382 0.832066,
        3.078740 0.177691 0.829667,
        3.078740 0.166841 0.834063,
        3.078740 0.152390 0.870824,
        3.078740 0.162485 0.870824,
        3.078740 0.172275 0.818748,
        3.078740 0.172579 0.819466,
        3.078740 0.166841 0.806855,
        3.078740 0.166853 0.806869,
        3.078740 0.166841 0.818748,
        3.078740 0.168619 0.810108,
        3.078740 0.154250 0.803882,
        3.078740 0.154250 0.795850,
        3.078740 0.156097 0.803277,
        3.078740 0.159372 0.802850,
        3.078740 0.161539 0.803093,
        3.078740 0.166841 0.796722,
        3.078740 0.163718 0.795533,
        3.078740 0.166841 0.790202,
        3.078740 0.160072 0.795113,
        3.078740 0.158079 0.795185,
        3.078740 0.163516 0.803834,
        3.078740 0.165172 0.804985,
        3.078740 0.178437 0.811582,
        3.078740 0.174351 0.803624,
        3.078740 0.206658 0.790202,
        3.078740 0.171048 0.799657,
        3.078740 0.170433 0.799093,
        3.078740 0.167280 0.796890,
        3.078740 -0.984252 0.818748,
        3.078740 -0.984252 0.911939,
        3.078740 -0.984252 0.933068,
        3.078740 0.021252 1.005738,
        3.078740 0.021252 0.941891,
        3.078740 0.049951 0.941891,
        3.078740 0.049951 0.933676,
        3.078740 0.011949 0.933676,
        3.078740 0.011949 1.005738,
        3.078740 0.049067 0.883129,
        3.078740 0.051803 0.818748,
        3.078740 0.050707 0.827571,
        3.078740 0.050707 0.819356,
        3.078740 0.011949 0.819356,
        3.078740 0.021252 0.851813,
        3.078740 0.021252 0.827571,
        3.078740 0.047022 0.851813,
        3.078740 0.047022 0.860066,
        3.078740 0.021252 0.860066,
        3.078740 0.021252 0.883129,
        3.078740 0.011949 0.891418,
        3.078740 0.049067 0.891418,
        3.078740 -0.000000 3.346457,
        3.078740 0.051803 3.346457,
        3.078740 0.234317 0.790202,
        3.078740 0.257085 0.790202,
        3.078740 0.150041 3.346457,
        3.078740 0.166841 3.346457,
        3.078740 0.206658 3.346457,
        3.078740 0.234317 3.346457,
        3.078740 0.257085 3.346457,
        3.078740 0.984252 3.346457,
        3.078740 0.263892 0.819356,
        3.078740 0.263892 0.891418,
        3.078740 0.391401 0.819356,
        3.078740 0.381122 0.819356,
        3.078740 0.283713 0.819356,
        3.078740 0.984252 0.818748,
        3.078740 0.984252 0.911939,
        3.078740 0.363954 0.891418,
        3.078740 0.373772 0.839066,
        3.078740 0.343765 0.839066,
        3.078740 0.336839 0.819356,
        3.078740 0.326560 0.819356,
        3.078740 0.294256 0.820437,
        3.078740 0.354007 0.891418,
        3.078740 0.317133 0.835956,
        3.078740 0.311694 0.829450,
        3.078740 0.311694 0.881876,
        3.078740 0.314535 0.879059,
        3.078740 0.318919 0.872682,
        3.078740 0.321493 0.865716,
        3.078740 0.309950 0.827925,
        3.078740 0.302804 0.823360,
        3.078740 0.284450 0.891418,
        3.078740 0.295719 0.890139,
        3.078740 0.304381 0.886907,
        3.078740 0.322562 0.856308,
        3.078740 0.322363 0.851894,
        3.078740 0.320648 0.843428,
        3.078740 0.234317 0.196850,
        3.078740 0.206658 0.196850,
        3.078740 0.166841 0.196850,
        3.078740 0.150041 0.196850,
        3.078740 0.117105 0.196850,
        3.078740 0.056122 0.196850,
        3.078740 0.051803 0.196850,
        -3.078740 0.787402 0.000000,
        -3.078740 0.984252 0.000000,
        -3.078740 0.984252 3.346457,
        -2.937008 0.984252 3.346457,
        -2.000000 0.984252 3.346457,
        -1.000000 0.984252 3.346457,
        0.000000 0.984252 3.346457,
        2.000000 0.984252 3.346457,
        1.000000 0.984252 3.346457,
        -3.078740 0.787402 0.196850,
        -3.078740 -0.787402 0.000000,
        -3.078740 -0.984252 0.000000,
        -3.078740 -0.787402 0.196850,
        -3.078740 -0.984252 3.346457,
        -3.078740 -0.889764 3.346457,
        -3.078740 -0.000000 3.346457,
        2.000000 -0.984252 3.346457,
        1.000000 -0.984252 3.346457,
        0.000000 -0.984252 3.346457,
        -1.000000 -0.984252 3.346457,
        -2.000000 -0.984252 3.346457,
        -2.937008 -0.984252 3.346457,
        2.000000 -0.889764 3.346457,
        2.795276 0.204724 3.346457,
        2.795276 0.795276 3.346457,
        2.204724 0.795276 3.346457,
        2.204724 0.204724 3.346457,
        2.000000 -0.000000 3.346457,
        1.204724 0.795276 3.346457,
        1.204724 0.204724 3.346457,
        1.000000 -0.000000 3.346457,
        1.795276 0.204724 3.346457,
        1.795276 0.795276 3.346457,
        0.204724 0.795276 3.346457,
        0.204724 0.204724 3.346457,
        -0.000000 -0.000000 3.346457,
        0.795276 0.204724 3.346457,
        0.795276 0.795276 3.346457,
        -0.795276 0.795276 3.346457,
        -0.795276 0.204724 3.346457,
        -1.000000 -0.000000 3.346457,
        -0.204724 0.204724 3.346457,
        -0.204724 0.795276 3.346457,
        -1.795276 0.795276 3.346457,
        -1.795276 0.204724 3.346457,
        -2.000000 -0.000000 3.346457,
        -1.204724 0.204724 3.346457,
        -1.204724 0.795276 3.346457,
        -2.795276 0.795276 3.346457,
        -2.795276 0.204724 3.346457,
        -2.937008 -0.000000 3.346457,
        -2.204724 0.204724 3.346457,
        -2.204724 0.795276 3.346457,
        2.795276 -0.204724 3.346457,
        2.795276 -0.795276 3.346457,
        2.204724 -0.204724 3.346457,
        2.204724 -0.795276 3.346457,
        1.204724 -0.204724 3.346457,
        1.204724 -0.795276 3.346457,
        1.000000 -0.889764 3.346457,
        1.795276 -0.795276 3.346457,
        1.795276 -0.204724 3.346457,
        0.204724 -0.204724 3.346457,
        0.204724 -0.795276 3.346457,
        -0.000000 -0.889764 3.346457,
        0.795276 -0.795276 3.346457,
        0.795276 -0.204724 3.346457,
        -0.795276 -0.204724 3.346457,
        -0.795276 -0.795276 3.346457,
        -1.000000 -0.889764 3.346457,
        -0.204724 -0.795276 3.346457,
        -0.204724 -0.204724 3.346457,
        -1.795276 -0.204724 3.346457,
        -1.795276 -0.795276 3.346457,
        -2.000000 -0.889764 3.346457,
        -1.204724 -0.795276 3.346457,
        -1.204724 -0.204724 3.346457,
        -2.795276 -0.204724 3.346457,
        -2.795276 -0.795276 3.346457,
        -2.937008 -0.889764 3.346457,
        -2.204724 -0.795276 3.346457,
        -2.204724 -0.204724 3.346457,
        -2.893701 0.787402 0.196850,
        2.893701 0.787402 0.196850,
        1.893701 0.787402 0.196850,
        1.893701 0.787402 3.031496,
        1.106299 0.787402 3.031496,
        1.106299 0.787402 0.196850,
        0.893701 0.787402 0.196850,
        2.106299 0.787402 0.196850,
        2.106299 0.787402 3.031496,
        2.893701 0.787402 3.031496,
        -0.106299 0.787402 0.196850,
        -0.106299 0.787402 3.031496,
        -0.893701 0.787402 3.031496,
        -0.893701 0.787402 0.196850,
        -1.106299 0.787402 0.196850,
        0.106299 0.787402 0.196850,
        0.106299 0.787402 3.031496,
        0.893701 0.787402 3.031496,
        -2.106299 0.787402 0.196850,
        -2.106299 0.787402 3.031496,
        -2.893701 0.787402 3.031496,
        -1.893701 0.787402 0.196850,
        -1.893701 0.787402 3.031496,
        -1.106299 0.787402 3.031496,
        -1.893701 -0.787402 0.196850,
        -1.893701 -0.787402 3.031496,
        -1.106299 -0.787402 3.031496,
        2.893701 -0.787402 0.196850,
        0.106299 -0.787402 0.196850,
        0.106299 -0.787402 3.031496,
        0.893701 -0.787402 3.031496,
        2.106299 -0.787402 0.196850,
        2.106299 -0.787402 3.031496,
        2.893701 -0.787402 3.031496,
        -2.893701 -0.787402 0.196850,
        -1.106299 -0.787402 0.196850,
        -0.893701 -0.787402 0.196850,
        -2.106299 -0.787402 0.196850,
        -2.106299 -0.787402 3.031496,
        -2.893701 -0.787402 3.031496,
        0.893701 -0.787402 0.196850,
        1.106299 -0.787402 0.196850,
        -0.106299 -0.787402 0.196850,
        -0.106299 -0.787402 3.031496,
        -0.893701 -0.787402 3.031496,
        1.893701 -0.787402 0.196850,
        1.893701 -0.787402 3.031496,
        1.106299 -0.787402 3.031496,
        0.893701 0.212598 0.196850,
        0.106299 -0.212598 0.196850,
        -0.106299 -0.212598 0.196850,
        1.106299 0.212598 0.196850,
        1.893701 0.212598 0.196850,
        2.893701 -0.212598 0.196850,
        2.106299 -0.212598 0.196850,
        -1.106299 0.212598 0.196850,
        -0.893701 -0.212598 0.196850,
        -1.106299 -0.212598 0.196850,
        0.106299 0.212598 0.196850,
        2.893701 0.212598 0.196850,
        -0.106299 0.212598 0.196850,
        -1.893701 -0.212598 0.196850,
        -2.106299 -0.212598 0.196850,
        1.106299 -0.212598 0.196850,
        0.893701 -0.212598 0.196850,
        -2.106299 0.212598 0.196850,
        -1.893701 0.212598 0.196850,
        -0.893701 0.212598 0.196850,
        -2.893701 -0.212598 0.196850,
        -2.893701 0.212598 0.196850,
        1.893701 -0.212598 0.196850,
        2.106299 0.212598 0.196850,
        -2.342520 -0.342520 3.208662,
        -2.342520 -0.342520 3.031496,
        -2.342520 -0.657480 3.208662,
        -2.342520 -0.657480 3.031496,
        -2.657480 -0.657480 3.208662,
        -2.657480 -0.657480 3.031496,
        -2.657480 -0.342520 3.208662,
        -2.657480 -0.342520 3.031496,
        -2.342520 0.657480 3.208662,
        -2.342520 0.657480 3.031496,
        -2.342520 0.342520 3.208662,
        -2.342520 0.342520 3.031496,
        -2.657480 0.342520 3.208662,
        -2.657480 0.342520 3.031496,
        -2.657480 0.657480 3.208662,
        -2.657480 0.657480 3.031496,
        -2.893701 -0.212598 3.031496,
        -2.106299 -0.212598 3.031496,
        -2.106299 0.212598 3.031496,
        -2.893701 0.212598 3.031496,
        -1.342520 0.657480 3.208662,
        -1.342520 0.657480 3.031496,
        -1.342520 0.342520 3.208662,
        -1.342520 0.342520 3.031496,
        -1.657480 0.342520 3.208662,
        -1.657480 0.342520 3.031496,
        -1.657480 0.657480 3.208662,
        -1.657480 0.657480 3.031496,
        2.657480 -0.342520 3.208662,
        2.657480 -0.342520 3.031496,
        2.657480 -0.657480 3.208662,
        2.657480 -0.657480 3.031496,
        2.342520 -0.657480 3.208662,
        2.342520 -0.657480 3.031496,
        2.342520 -0.342520 3.208662,
        2.342520 -0.342520 3.031496,
        0.657480 0.657480 3.208662,
        0.657480 0.657480 3.031496,
        0.657480 0.342520 3.208662,
        0.657480 0.342520 3.031496,
        0.342520 0.342520 3.208662,
        0.342520 0.342520 3.031496,
        0.342520 0.657480 3.208662,
        0.342520 0.657480 3.031496,
        -0.342520 -0.342520 3.208662,
        -0.342520 -0.342520 3.031496,
        -0.342520 -0.657480 3.208662,
        -0.342520 -0.657480 3.031496,
        -0.657480 -0.657480 3.208662,
        -0.657480 -0.657480 3.031496,
        -0.657480 -0.342520 3.208662,
        -0.657480 -0.342520 3.031496,
        -0.342520 0.657480 3.208662,
        -0.342520 0.657480 3.031496,
        -0.342520 0.342520 3.208662,
        -0.342520 0.342520 3.031496,
        -0.657480 0.342520 3.208662,
        -0.657480 0.342520 3.031496,
        -0.657480 0.657480 3.208662,
        -0.657480 0.657480 3.031496,
        -1.342520 -0.342520 3.208662,
        -1.342520 -0.342520 3.031496,
        -1.342520 -0.657480 3.208662,
        -1.342520 -0.657480 3.031496,
        -1.657480 -0.657480 3.208662,
        -1.657480 -0.657480 3.031496,
        -1.657480 -0.342520 3.208662,
        -1.657480 -0.342520 3.031496,
        2.657480 0.657480 3.208662,
        2.657480 0.657480 3.031496,
        2.657480 0.342520 3.208662,
        2.657480 0.342520 3.031496,
        2.342520 0.342520 3.208662,
        2.342520 0.342520 3.031496,
        2.342520 0.657480 3.208662,
        2.342520 0.657480 3.031496,
        1.657480 -0.342520 3.208662,
        1.657480 -0.342520 3.031496,
        1.657480 -0.657480 3.208662,
        1.657480 -0.657480 3.031496,
        1.342520 -0.657480 3.208662,
        1.342520 -0.657480 3.031496,
        1.342520 -0.342520 3.208662,
        1.342520 -0.342520 3.031496,
        1.657480 0.657480 3.208662,
        1.657480 0.657480 3.031496,
        1.657480 0.342520 3.208662,
        1.657480 0.342520 3.031496,
        1.342520 0.342520 3.208662,
        1.342520 0.342520 3.031496,
        1.342520 0.657480 3.208662,
        1.342520 0.657480 3.031496,
        0.657480 -0.342520 3.208662,
        0.657480 -0.342520 3.031496,
        0.657480 -0.657480 3.208662,
        0.657480 -0.657480 3.031496,
        0.342520 -0.657480 3.208662,
        0.342520 -0.657480 3.031496,
        0.342520 -0.342520 3.208662,
        0.342520 -0.342520 3.031496,
        -1.106299 0.212598 3.031496,
        -1.893701 0.212598 3.031496,
        2.106299 -0.212598 3.031496,
        2.893701 -0.212598 3.031496,
        0.893701 0.212598 3.031496,
        0.106299 0.212598 3.031496,
        -0.893701 -0.212598 3.031496,
        -0.106299 -0.212598 3.031496,
        -0.106299 0.212598 3.031496,
        -0.893701 0.212598 3.031496,
        -1.893701 -0.212598 3.031496,
        -1.106299 -0.212598 3.031496,
        2.893701 0.212598 3.031496,
        2.106299 0.212598 3.031496,
        1.106299 -0.212598 3.031496,
        1.893701 -0.212598 3.031496,
        1.893701 0.212598 3.031496,
        1.106299 0.212598 3.031496,
        0.106299 -0.212598 3.031496,
        0.893701 -0.212598 3.031496,
      ]
    }
    coordIndex [
      0, 1, 2, -1,
      3, 4, 5, -1,
      6, 7, 8, -1,
      9, 10, 11, -1,
      12, 13, 14, -1,
      15, 16, 17, -1,
      18, 19, 20, -1,
      21, 22, 23, -1,
      24, 25, 26, -1,
      26, 25, 3, -1,
      27, 28, 26, -1,
      26, 28, 29, -1,
      26, 29, 30, -1,
      30, 31, 26, -1,
      26, 31, 32, -1,
      26, 32, 24, -1,
      33, 34, 35, -1,
      35, 34, 36, -1,
      36, 34, 37, -1,
      36, 37, 38, -1,
      33, 35, 39, -1,
      39, 35, 40, -1,
      39, 40, 41, -1,
      42, 43, 40, -1,
      40, 43, 44, -1,
      40, 44, 45, -1,
      40, 46, 41, -1,
      41, 46, 47, -1,
      41, 47, 48, -1,
      48, 47, 49, -1,
      48, 49, 50, -1,
      45, 51, 40, -1,
      40, 51, 52, -1,
      40, 52, 46, -1,
      53, 54, 55, -1,
      53, 55, 56, -1,
      54, 57, 55, -1,
      55, 57, 58, -1,
      55, 58, 59, -1,
      59, 58, 60, -1,
      60, 61, 59, -1,
      59, 61, 62, -1,
      59, 62, 42, -1,
      42, 62, 63, -1,
      42, 63, 43, -1,
      64, 56, 65, -1,
      65, 56, 55, -1,
      65, 55, 66, -1,
      66, 55, 67, -1,
      68, 69, 70, -1,
      68, 70, 10, -1,
      70, 71, 10, -1,
      10, 71, 72, -1,
      10, 72, 11, -1,
      11, 72, 73, -1,
      11, 73, 55, -1,
      55, 73, 74, -1,
      55, 74, 67, -1,
      0, 75, 1, -1,
      1, 75, 76, -1,
      1, 76, 77, -1,
      77, 78, 1, -1,
      1, 78, 79, -1,
      1, 79, 80, -1,
      81, 82, 4, -1,
      83, 84, 85, -1,
      86, 87, 0, -1,
      88, 89, 90, -1,
      90, 89, 91, -1,
      83, 85, 92, -1,
      86, 0, 93, -1,
      4, 82, 0, -1,
      0, 82, 94, -1,
      0, 94, 93, -1,
      84, 95, 85, -1,
      85, 95, 96, -1,
      85, 96, 97, -1,
      98, 99, 100, -1,
      100, 99, 101, -1,
      100, 101, 102, -1,
      103, 104, 105, -1,
      105, 104, 106, -1,
      105, 106, 100, -1,
      100, 106, 107, -1,
      100, 107, 98, -1,
      103, 108, 104, -1,
      104, 108, 109, -1,
      104, 109, 89, -1,
      89, 109, 110, -1,
      89, 110, 91, -1,
      111, 112, 113, -1,
      113, 112, 114, -1,
      113, 114, 85, -1,
      85, 114, 115, -1,
      85, 115, 92, -1,
      116, 117, 75, -1,
      75, 117, 118, -1,
      75, 118, 119, -1,
      119, 120, 75, -1,
      75, 120, 121, -1,
      75, 121, 122, -1,
      122, 121, 111, -1,
      122, 111, 123, -1,
      123, 111, 113, -1,
      124, 125, 85, -1,
      85, 125, 126, -1,
      85, 126, 89, -1,
      89, 126, 127, -1,
      89, 127, 128, -1,
      87, 129, 0, -1,
      0, 129, 130, -1,
      0, 130, 75, -1,
      75, 130, 131, -1,
      75, 131, 116, -1,
      97, 132, 85, -1,
      85, 132, 133, -1,
      85, 133, 134, -1,
      134, 135, 85, -1,
      85, 135, 136, -1,
      85, 136, 124, -1,
      137, 138, 139, -1,
      137, 139, 140, -1,
      128, 141, 89, -1,
      89, 141, 139, -1,
      89, 139, 104, -1,
      104, 139, 138, -1,
      104, 138, 142, -1,
      142, 138, 143, -1,
      144, 145, 139, -1,
      139, 145, 146, -1,
      139, 146, 140, -1,
      147, 148, 149, -1,
      148, 150, 149, -1,
      149, 150, 151, -1,
      149, 151, 152, -1,
      153, 149, 154, -1,
      143, 138, 153, -1,
      153, 138, 155, -1,
      153, 155, 149, -1,
      149, 155, 156, -1,
      149, 156, 147, -1,
      154, 157, 153, -1,
      153, 157, 158, -1,
      153, 158, 159, -1,
      152, 151, 160, -1,
      160, 151, 161, -1,
      160, 161, 162, -1,
      162, 161, 163, -1,
      162, 163, 164, -1,
      165, 166, 159, -1,
      159, 166, 167, -1,
      159, 167, 153, -1,
      25, 168, 3, -1,
      3, 168, 169, -1,
      3, 169, 4, -1,
      4, 169, 170, -1,
      4, 170, 81, -1,
      171, 172, 173, -1,
      173, 172, 174, -1,
      175, 176, 177, -1,
      178, 179, 171, -1,
      171, 179, 23, -1,
      23, 179, 180, -1,
      23, 180, 21, -1,
      177, 181, 182, -1,
      182, 181, 183, -1,
      182, 183, 184, -1,
      172, 185, 174, -1,
      174, 185, 186, -1,
      174, 186, 187, -1,
      187, 186, 188, -1,
      189, 190, 191, -1,
      191, 190, 192, -1,
      193, 194, 195, -1,
      195, 194, 196, -1,
      195, 196, 19, -1,
      197, 198, 199, -1,
      199, 198, 200, -1,
      199, 200, 196, -1,
      201, 202, 203, -1,
      204, 205, 201, -1,
      201, 205, 206, -1,
      201, 206, 207, -1,
      208, 209, 210, -1,
      210, 209, 211, -1,
      189, 212, 190, -1,
      190, 212, 213, -1,
      190, 213, 214, -1,
      214, 213, 215, -1,
      216, 217, 215, -1,
      215, 217, 218, -1,
      215, 218, 214, -1,
      207, 219, 201, -1,
      201, 219, 220, -1,
      201, 220, 202, -1,
      221, 222, 223, -1,
      224, 225, 199, -1,
      199, 225, 226, -1,
      199, 226, 197, -1,
      227, 194, 228, -1,
      229, 230, 231, -1,
      203, 232, 201, -1,
      201, 232, 233, -1,
      201, 233, 209, -1,
      209, 233, 192, -1,
      209, 192, 211, -1,
      211, 192, 190, -1,
      221, 223, 193, -1,
      231, 234, 229, -1,
      229, 234, 227, -1,
      229, 227, 235, -1,
      235, 227, 228, -1,
      208, 236, 209, -1,
      209, 236, 237, -1,
      209, 237, 238, -1,
      239, 240, 215, -1,
      215, 240, 241, -1,
      215, 241, 242, -1,
      223, 243, 193, -1,
      193, 243, 244, -1,
      193, 244, 194, -1,
      194, 244, 245, -1,
      194, 245, 228, -1,
      242, 246, 215, -1,
      215, 246, 247, -1,
      215, 247, 216, -1,
      18, 20, 248, -1,
      248, 20, 249, -1,
      248, 249, 250, -1,
      250, 249, 16, -1,
      16, 249, 251, -1,
      16, 251, 17, -1,
      252, 253, 17, -1,
      254, 255, 17, -1,
      17, 255, 256, -1,
      257, 258, 259, -1,
      259, 258, 260, -1,
      259, 260, 261, -1,
      261, 262, 259, -1,
      259, 262, 263, -1,
      259, 263, 264, -1,
      264, 263, 265, -1,
      264, 265, 252, -1,
      266, 267, 253, -1,
      253, 267, 268, -1,
      253, 268, 17, -1,
      17, 268, 269, -1,
      17, 269, 254, -1,
      256, 270, 17, -1,
      17, 270, 271, -1,
      17, 271, 15, -1,
      272, 273, 274, -1,
      274, 273, 275, -1,
      274, 275, 276, -1,
      274, 277, 272, -1,
      272, 277, 278, -1,
      272, 278, 279, -1,
      279, 280, 272, -1,
      272, 280, 281, -1,
      272, 281, 282, -1,
      282, 281, 283, -1,
      282, 283, 284, -1,
      284, 283, 285, -1,
      284, 285, 253, -1,
      253, 285, 286, -1,
      253, 286, 266, -1,
      287, 288, 276, -1,
      276, 288, 289, -1,
      276, 289, 274, -1,
      290, 291, 222, -1,
      222, 291, 292, -1,
      222, 292, 223, -1,
      290, 293, 291, -1,
      291, 293, 294, -1,
      291, 294, 295, -1,
      295, 294, 296, -1,
      295, 297, 298, -1,
      296, 299, 295, -1,
      295, 299, 300, -1,
      295, 300, 301, -1,
      301, 302, 295, -1,
      295, 302, 303, -1,
      295, 303, 297, -1,
      298, 304, 295, -1,
      295, 304, 305, -1,
      295, 305, 306, -1,
      307, 308, 309, -1,
      309, 308, 310, -1,
      309, 310, 311, -1,
      312, 313, 314, -1,
      314, 313, 315, -1,
      308, 316, 310, -1,
      310, 316, 317, -1,
      310, 317, 318, -1,
      318, 317, 319, -1,
      318, 319, 320, -1,
      320, 319, 321, -1,
      320, 321, 315, -1,
      315, 321, 322, -1,
      315, 322, 314, -1,
      323, 324, 325, -1,
      326, 327, 328, -1,
      323, 325, 329, -1,
      329, 325, 330, -1,
      329, 330, 328, -1,
      328, 330, 331, -1,
      328, 331, 326, -1,
      332, 333, 320, -1,
      334, 335, 318, -1,
      318, 335, 336, -1,
      332, 320, 337, -1,
      336, 338, 318, -1,
      318, 338, 339, -1,
      318, 339, 323, -1,
      323, 339, 340, -1,
      323, 340, 324, -1,
      326, 341, 327, -1,
      327, 341, 342, -1,
      327, 342, 320, -1,
      320, 342, 343, -1,
      320, 343, 337, -1,
      333, 344, 320, -1,
      320, 344, 345, -1,
      320, 345, 318, -1,
      318, 345, 346, -1,
      318, 346, 334, -1,
      328, 347, 348, -1,
      348, 347, 349, -1,
      348, 350, 328, -1,
      328, 350, 351, -1,
      328, 351, 329, -1,
      329, 351, 352, -1,
      329, 352, 353, -1,
      354, 355, 356, -1,
      356, 355, 357, -1,
      357, 355, 358, -1,
      358, 355, 351, -1,
      358, 351, 359, -1,
      359, 351, 350, -1,
      359, 350, 14, -1,
      14, 350, 360, -1,
      14, 360, 12, -1,
      349, 347, 361, -1,
      361, 347, 362, -1,
      361, 362, 363, -1,
      364, 365, 366, -1,
      367, 368, 369, -1,
      369, 368, 370, -1,
      369, 370, 371, -1,
      372, 373, 374, -1,
      375, 376, 362, -1,
      362, 376, 377, -1,
      362, 377, 378, -1,
      373, 379, 374, -1,
      374, 379, 380, -1,
      374, 380, 381, -1,
      382, 383, 372, -1,
      372, 383, 384, -1,
      384, 385, 372, -1,
      372, 385, 386, -1,
      372, 386, 387, -1,
      387, 386, 388, -1,
      389, 390, 372, -1,
      372, 390, 391, -1,
      372, 391, 392, -1,
      352, 393, 353, -1,
      353, 393, 363, -1,
      353, 363, 374, -1,
      374, 363, 362, -1,
      374, 362, 372, -1,
      372, 362, 378, -1,
      372, 378, 389, -1,
      392, 394, 372, -1,
      372, 394, 395, -1,
      372, 395, 382, -1,
      396, 397, 398, -1,
      399, 400, 386, -1,
      386, 400, 401, -1,
      386, 401, 388, -1,
      396, 398, 386, -1,
      386, 398, 402, -1,
      386, 402, 399, -1,
      403, 404, 405, -1,
      405, 404, 406, -1,
      405, 406, 375, -1,
      407, 408, 409, -1,
      409, 408, 410, -1,
      411, 412, 408, -1,
      408, 412, 413, -1,
      408, 413, 410, -1,
      414, 415, 408, -1,
      408, 415, 416, -1,
      408, 416, 411, -1,
      417, 418, 419, -1,
      419, 418, 420, -1,
      419, 420, 414, -1,
      414, 420, 421, -1,
      414, 421, 415, -1,
      422, 423, 424, -1,
      424, 423, 425, -1,
      424, 425, 426, -1,
      427, 428, 209, -1,
      209, 428, 429, -1,
      209, 429, 424, -1,
      424, 429, 430, -1,
      424, 430, 422, -1,
      381, 427, 259, -1,
      259, 427, 209, -1,
      259, 209, 257, -1,
      257, 209, 238, -1,
      257, 238, 230, -1,
      230, 238, 431, -1,
      230, 431, 231, -1,
      19, 196, 20, -1,
      20, 196, 200, -1,
      20, 200, 249, -1,
      249, 200, 432, -1,
      249, 432, 204, -1,
      204, 432, 433, -1,
      204, 433, 205, -1,
      434, 435, 436, -1,
      176, 175, 437, -1,
      437, 175, 438, -1,
      437, 438, 188, -1,
      188, 438, 436, -1,
      188, 436, 187, -1,
      187, 436, 435, -1,
      187, 435, 439, -1,
      440, 441, 442, -1,
      436, 443, 434, -1,
      434, 443, 444, -1,
      434, 444, 445, -1,
      445, 444, 440, -1,
      445, 440, 446, -1,
      446, 440, 442, -1,
      447, 448, 17, -1,
      252, 17, 264, -1,
      264, 17, 448, -1,
      264, 448, 443, -1,
      443, 448, 449, -1,
      443, 449, 444, -1,
      450, 451, 447, -1,
      452, 453, 454, -1,
      454, 453, 455, -1,
      454, 455, 450, -1,
      450, 447, 454, -1,
      454, 447, 17, -1,
      454, 17, 456, -1,
      456, 17, 251, -1,
      456, 251, 457, -1,
      456, 458, 454, -1,
      454, 458, 459, -1,
      454, 459, 460, -1,
      461, 462, 463, -1,
      463, 462, 464, -1,
      463, 464, 251, -1,
      251, 464, 465, -1,
      251, 465, 457, -1,
      460, 466, 454, -1,
      454, 466, 467, -1,
      454, 467, 452, -1,
      468, 469, 470, -1,
      468, 470, 439, -1,
      469, 471, 470, -1,
      470, 471, 472, -1,
      470, 472, 463, -1,
      463, 472, 473, -1,
      463, 473, 461, -1,
      366, 9, 364, -1,
      364, 9, 11, -1,
      364, 11, 474, -1,
      474, 11, 55, -1,
      474, 55, 475, -1,
      475, 55, 59, -1,
      475, 59, 476, -1,
      476, 59, 42, -1,
      476, 42, 8, -1,
      8, 42, 40, -1,
      8, 40, 6, -1,
      6, 40, 35, -1,
      477, 414, 26, -1,
      477, 478, 414, -1,
      414, 478, 479, -1,
      414, 479, 419, -1,
      419, 479, 480, -1,
      419, 480, 481, -1,
      5, 419, 3, -1,
      3, 419, 481, -1,
      3, 481, 26, -1,
      26, 481, 482, -1,
      26, 482, 477, -1,
      483, 484, 5, -1,
      483, 485, 484, -1,
      484, 485, 486, -1,
      484, 486, 487, -1,
      488, 489, 490, -1,
      490, 489, 485, -1,
      490, 485, 491, -1,
      491, 485, 483, -1,
      491, 483, 492, -1,
      492, 483, 493, -1,
      2, 484, 0, -1,
      0, 484, 487, -1,
      0, 487, 4, -1,
      4, 487, 494, -1,
      4, 494, 5, -1,
      5, 494, 495, -1,
      5, 495, 483, -1,
      38, 27, 36, -1,
      36, 27, 26, -1,
      36, 26, 496, -1,
      496, 26, 414, -1,
      496, 414, 497, -1,
      497, 414, 408, -1,
      497, 408, 403, -1,
      403, 408, 407, -1,
      403, 407, 404, -1,
      2, 204, 484, -1,
      484, 204, 201, -1,
      484, 201, 5, -1,
      5, 201, 209, -1,
      5, 209, 419, -1,
      419, 209, 424, -1,
      419, 424, 417, -1,
      417, 424, 426, -1,
      381, 259, 374, -1,
      374, 259, 264, -1,
      374, 264, 353, -1,
      353, 264, 443, -1,
      353, 443, 329, -1,
      329, 443, 436, -1,
      329, 436, 323, -1,
      323, 436, 438, -1,
      323, 438, 318, -1,
      318, 438, 175, -1,
      318, 175, 310, -1,
      439, 470, 187, -1,
      187, 470, 498, -1,
      187, 498, 174, -1,
      174, 498, 499, -1,
      174, 499, 173, -1,
      375, 362, 405, -1,
      405, 362, 347, -1,
      405, 347, 500, -1,
      500, 347, 328, -1,
      500, 328, 501, -1,
      501, 328, 327, -1,
      501, 327, 502, -1,
      502, 327, 320, -1,
      502, 320, 503, -1,
      503, 320, 315, -1,
      503, 315, 504, -1,
      504, 315, 313, -1,
      504, 313, 505, -1,
      506, 507, 175, -1,
      508, 509, 173, -1,
      182, 178, 177, -1,
      177, 178, 171, -1,
      177, 171, 175, -1,
      175, 171, 173, -1,
      175, 173, 506, -1,
      506, 173, 510, -1,
      511, 512, 513, -1,
      514, 515, 509, -1,
      509, 515, 516, -1,
      509, 516, 173, -1,
      173, 516, 517, -1,
      173, 517, 510, -1,
      510, 517, 518, -1,
      314, 311, 312, -1,
      312, 311, 310, -1,
      312, 310, 512, -1,
      512, 310, 175, -1,
      512, 175, 513, -1,
      513, 175, 519, -1,
      517, 520, 521, -1,
      522, 523, 519, -1,
      519, 523, 524, -1,
      519, 524, 525, -1,
      521, 526, 517, -1,
      517, 526, 527, -1,
      517, 527, 518, -1,
      507, 528, 175, -1,
      175, 528, 529, -1,
      175, 529, 519, -1,
      519, 529, 530, -1,
      519, 530, 522, -1,
      525, 531, 519, -1,
      519, 531, 532, -1,
      519, 532, 517, -1,
      517, 532, 533, -1,
      517, 533, 520, -1,
      513, 508, 511, -1,
      511, 508, 173, -1,
      511, 173, 370, -1,
      370, 173, 499, -1,
      370, 499, 371, -1,
      371, 499, 498, -1,
      371, 498, 534, -1,
      534, 498, 470, -1,
      534, 470, 535, -1,
      535, 470, 463, -1,
      535, 463, 536, -1,
      536, 463, 251, -1,
      536, 251, 537, -1,
      537, 251, 249, -1,
      537, 249, 538, -1,
      538, 249, 204, -1,
      538, 204, 539, -1,
      539, 204, 2, -1,
      539, 2, 540, -1,
      540, 2, 1, -1,
      540, 1, 68, -1,
      68, 1, 80, -1,
      68, 80, 69, -1,
      541, 542, 367, -1,
      367, 542, 368, -1,
      543, 544, 542, -1,
      542, 544, 545, -1,
      545, 546, 542, -1,
      542, 546, 547, -1,
      542, 547, 368, -1,
      548, 505, 313, -1,
      313, 312, 548, -1,
      548, 312, 512, -1,
      548, 512, 511, -1,
      547, 549, 368, -1,
      368, 549, 548, -1,
      368, 548, 370, -1,
      370, 548, 511, -1,
      542, 541, 550, -1,
      551, 552, 553, -1,
      553, 552, 554, -1,
      554, 555, 553, -1,
      553, 555, 556, -1,
      553, 556, 550, -1,
      550, 556, 543, -1,
      550, 543, 542, -1,
      552, 365, 364, -1,
      557, 474, 475, -1,
      474, 557, 364, -1,
      364, 557, 558, -1,
      364, 558, 552, -1,
      552, 558, 559, -1,
      552, 559, 560, -1,
      475, 476, 557, -1,
      557, 476, 8, -1,
      557, 8, 7, -1,
      560, 561, 552, -1,
      552, 561, 562, -1,
      552, 562, 554, -1,
      7, 6, 563, -1,
      497, 403, 564, -1,
      564, 403, 405, -1,
      405, 500, 564, -1,
      564, 500, 501, -1,
      564, 501, 502, -1,
      502, 503, 564, -1,
      564, 503, 504, -1,
      564, 504, 565, -1,
      565, 504, 505, -1,
      565, 505, 566, -1,
      566, 505, 548, -1,
      566, 548, 567, -1,
      567, 548, 568, -1,
      567, 568, 564, -1,
      564, 568, 496, -1,
      564, 496, 497, -1,
      569, 549, 570, -1,
      570, 549, 571, -1,
      570, 571, 572, -1,
      572, 571, 568, -1,
      572, 568, 573, -1,
      573, 568, 548, -1,
      573, 548, 569, -1,
      569, 548, 549, -1,
      574, 547, 575, -1,
      575, 547, 576, -1,
      575, 576, 577, -1,
      577, 576, 571, -1,
      577, 571, 578, -1,
      578, 571, 549, -1,
      578, 549, 574, -1,
      574, 549, 547, -1,
      579, 546, 580, -1,
      580, 546, 581, -1,
      580, 581, 582, -1,
      582, 581, 576, -1,
      582, 576, 583, -1,
      583, 576, 547, -1,
      583, 547, 579, -1,
      579, 547, 546, -1,
      584, 545, 585, -1,
      585, 545, 586, -1,
      585, 586, 587, -1,
      587, 586, 581, -1,
      587, 581, 588, -1,
      588, 581, 546, -1,
      588, 546, 584, -1,
      584, 546, 545, -1,
      589, 544, 590, -1,
      590, 544, 591, -1,
      590, 591, 592, -1,
      592, 591, 586, -1,
      592, 586, 593, -1,
      593, 586, 545, -1,
      593, 545, 589, -1,
      589, 545, 544, -1,
      594, 595, 35, -1,
      35, 36, 594, -1,
      594, 36, 496, -1,
      594, 496, 596, -1,
      596, 496, 568, -1,
      596, 568, 597, -1,
      597, 568, 563, -1,
      597, 563, 595, -1,
      595, 563, 6, -1,
      595, 6, 35, -1,
      598, 571, 599, -1,
      599, 571, 600, -1,
      599, 600, 601, -1,
      601, 600, 563, -1,
      601, 563, 602, -1,
      602, 563, 568, -1,
      602, 568, 598, -1,
      598, 568, 571, -1,
      603, 576, 604, -1,
      604, 576, 605, -1,
      604, 605, 606, -1,
      606, 605, 600, -1,
      606, 600, 607, -1,
      607, 600, 571, -1,
      607, 571, 603, -1,
      603, 571, 576, -1,
      608, 581, 609, -1,
      609, 581, 610, -1,
      609, 610, 611, -1,
      611, 610, 605, -1,
      611, 605, 612, -1,
      612, 605, 576, -1,
      612, 576, 608, -1,
      608, 576, 581, -1,
      613, 586, 614, -1,
      614, 586, 615, -1,
      614, 615, 616, -1,
      616, 615, 610, -1,
      616, 610, 617, -1,
      617, 610, 581, -1,
      617, 581, 613, -1,
      613, 581, 586, -1,
      618, 591, 619, -1,
      619, 591, 620, -1,
      619, 620, 621, -1,
      621, 620, 615, -1,
      621, 615, 622, -1,
      622, 615, 586, -1,
      622, 586, 618, -1,
      618, 586, 591, -1,
      544, 543, 591, -1,
      591, 543, 556, -1,
      591, 556, 620, -1,
      620, 556, 555, -1,
      7, 563, 557, -1,
      557, 563, 600, -1,
      557, 600, 558, -1,
      558, 600, 605, -1,
      558, 605, 559, -1,
      559, 605, 610, -1,
      559, 610, 560, -1,
      560, 610, 615, -1,
      560, 615, 561, -1,
      561, 615, 620, -1,
      561, 620, 562, -1,
      562, 620, 555, -1,
      562, 555, 554, -1,
      366, 365, 551, -1,
      551, 365, 552, -1,
      623, 550, 541, -1,
      541, 367, 624, -1,
      624, 367, 369, -1,
      625, 626, 627, -1,
      628, 629, 541, -1,
      627, 628, 625, -1,
      625, 628, 541, -1,
      625, 541, 630, -1,
      630, 541, 624, -1,
      630, 624, 631, -1,
      631, 624, 632, -1,
      633, 634, 635, -1,
      636, 637, 541, -1,
      635, 636, 633, -1,
      633, 636, 541, -1,
      633, 541, 638, -1,
      638, 541, 629, -1,
      638, 629, 639, -1,
      639, 629, 640, -1,
      641, 642, 643, -1,
      643, 623, 641, -1,
      641, 623, 541, -1,
      641, 541, 644, -1,
      644, 541, 637, -1,
      644, 637, 645, -1,
      645, 637, 646, -1,
      647, 648, 649, -1,
      9, 366, 650, -1,
      650, 366, 551, -1,
      651, 652, 653, -1,
      654, 655, 656, -1,
      551, 553, 657, -1,
      658, 659, 551, -1,
      649, 658, 647, -1,
      647, 658, 551, -1,
      647, 551, 660, -1,
      660, 551, 657, -1,
      660, 657, 661, -1,
      661, 657, 662, -1,
      663, 664, 551, -1,
      653, 663, 651, -1,
      651, 663, 551, -1,
      651, 551, 665, -1,
      665, 551, 659, -1,
      665, 659, 666, -1,
      666, 659, 667, -1,
      656, 650, 654, -1,
      654, 650, 551, -1,
      654, 551, 668, -1,
      668, 551, 664, -1,
      668, 664, 669, -1,
      669, 664, 670, -1,
      671, 629, 628, -1,
      651, 665, 672, -1,
      672, 665, 673, -1,
      672, 673, 674, -1,
      675, 676, 677, -1,
      678, 637, 636, -1,
      659, 658, 679, -1,
      679, 658, 680, -1,
      628, 674, 671, -1,
      671, 674, 673, -1,
      671, 673, 681, -1,
      682, 624, 369, -1,
      633, 638, 683, -1,
      683, 638, 681, -1,
      647, 660, 684, -1,
      684, 660, 685, -1,
      664, 663, 686, -1,
      686, 663, 687, -1,
      641, 644, 688, -1,
      688, 644, 689, -1,
      676, 68, 650, -1,
      650, 68, 10, -1,
      650, 10, 9, -1,
      369, 371, 682, -1,
      682, 371, 534, -1,
      682, 534, 535, -1,
      681, 673, 683, -1,
      683, 673, 679, -1,
      683, 679, 690, -1,
      657, 553, 691, -1,
      691, 553, 550, -1,
      691, 550, 692, -1,
      692, 550, 623, -1,
      636, 690, 678, -1,
      678, 690, 679, -1,
      678, 679, 689, -1,
      689, 679, 680, -1,
      689, 680, 688, -1,
      688, 680, 684, -1,
      688, 684, 692, -1,
      692, 684, 685, -1,
      692, 685, 691, -1,
      654, 668, 677, -1,
      677, 668, 693, -1,
      677, 693, 675, -1,
      675, 693, 686, -1,
      675, 686, 674, -1,
      674, 686, 687, -1,
      674, 687, 672, -1,
      625, 630, 675, -1,
      675, 630, 694, -1,
      675, 694, 676, -1,
      676, 694, 682, -1,
      676, 682, 68, -1,
      535, 536, 682, -1,
      682, 536, 537, -1,
      682, 537, 538, -1,
      538, 539, 682, -1,
      682, 539, 540, -1,
      682, 540, 68, -1,
      695, 696, 697, -1,
      697, 696, 698, -1,
      697, 698, 699, -1,
      699, 698, 700, -1,
      699, 700, 701, -1,
      701, 700, 702, -1,
      701, 702, 695, -1,
      695, 702, 696, -1,
      703, 704, 705, -1,
      705, 704, 706, -1,
      705, 706, 707, -1,
      707, 706, 708, -1,
      707, 708, 709, -1,
      709, 708, 710, -1,
      709, 710, 703, -1,
      703, 710, 704, -1,
      698, 661, 700, -1,
      700, 661, 662, -1,
      700, 662, 702, -1,
      702, 662, 711, -1,
      702, 711, 696, -1,
      696, 711, 712, -1,
      696, 712, 698, -1,
      698, 712, 661, -1,
      711, 662, 691, -1,
      691, 662, 657, -1,
      712, 711, 685, -1,
      685, 711, 691, -1,
      661, 712, 660, -1,
      660, 712, 685, -1,
      706, 713, 708, -1,
      708, 713, 714, -1,
      708, 714, 710, -1,
      710, 714, 643, -1,
      710, 643, 704, -1,
      704, 643, 642, -1,
      704, 642, 706, -1,
      706, 642, 713, -1,
      643, 714, 623, -1,
      623, 714, 692, -1,
      713, 642, 688, -1,
      688, 642, 641, -1,
      714, 713, 692, -1,
      692, 713, 688, -1,
      618, 701, 622, -1,
      622, 701, 695, -1,
      619, 699, 618, -1,
      618, 699, 701, -1,
      697, 621, 695, -1,
      695, 621, 622, -1,
      621, 697, 619, -1,
      619, 697, 699, -1,
      589, 709, 593, -1,
      593, 709, 703, -1,
      590, 707, 589, -1,
      589, 707, 709, -1,
      705, 592, 703, -1,
      703, 592, 593, -1,
      592, 705, 590, -1,
      590, 705, 707, -1,
      715, 716, 717, -1,
      717, 716, 718, -1,
      717, 718, 719, -1,
      719, 718, 720, -1,
      719, 720, 721, -1,
      721, 720, 722, -1,
      721, 722, 715, -1,
      715, 722, 716, -1,
      723, 724, 725, -1,
      725, 724, 726, -1,
      725, 726, 727, -1,
      727, 726, 728, -1,
      727, 728, 729, -1,
      729, 728, 730, -1,
      729, 730, 723, -1,
      723, 730, 724, -1,
      731, 732, 733, -1,
      733, 732, 734, -1,
      733, 734, 735, -1,
      735, 734, 736, -1,
      735, 736, 737, -1,
      737, 736, 738, -1,
      737, 738, 731, -1,
      731, 738, 732, -1,
      739, 740, 741, -1,
      741, 740, 742, -1,
      741, 742, 743, -1,
      743, 742, 744, -1,
      743, 744, 745, -1,
      745, 744, 746, -1,
      745, 746, 739, -1,
      739, 746, 740, -1,
      747, 748, 749, -1,
      749, 748, 750, -1,
      749, 750, 751, -1,
      751, 750, 752, -1,
      751, 752, 753, -1,
      753, 752, 754, -1,
      753, 754, 747, -1,
      747, 754, 748, -1,
      755, 756, 757, -1,
      757, 756, 758, -1,
      757, 758, 759, -1,
      759, 758, 760, -1,
      759, 760, 761, -1,
      761, 760, 762, -1,
      761, 762, 755, -1,
      755, 762, 756, -1,
      763, 764, 765, -1,
      765, 764, 766, -1,
      765, 766, 767, -1,
      767, 766, 768, -1,
      767, 768, 769, -1,
      769, 768, 770, -1,
      769, 770, 763, -1,
      763, 770, 764, -1,
      771, 772, 773, -1,
      773, 772, 774, -1,
      773, 774, 775, -1,
      775, 774, 776, -1,
      775, 776, 777, -1,
      777, 776, 778, -1,
      777, 778, 771, -1,
      771, 778, 772, -1,
      779, 780, 781, -1,
      781, 780, 782, -1,
      781, 782, 783, -1,
      783, 782, 784, -1,
      783, 784, 785, -1,
      785, 784, 786, -1,
      785, 786, 779, -1,
      779, 786, 780, -1,
      787, 788, 789, -1,
      789, 788, 790, -1,
      789, 790, 791, -1,
      791, 790, 792, -1,
      791, 792, 793, -1,
      793, 792, 794, -1,
      793, 794, 787, -1,
      787, 794, 788, -1,
      718, 795, 720, -1,
      720, 795, 796, -1,
      720, 796, 722, -1,
      722, 796, 645, -1,
      722, 645, 716, -1,
      716, 645, 646, -1,
      716, 646, 718, -1,
      718, 646, 795, -1,
      645, 796, 644, -1,
      644, 796, 689, -1,
      795, 646, 678, -1,
      678, 646, 637, -1,
      796, 795, 689, -1,
      689, 795, 678, -1,
      726, 656, 728, -1,
      728, 656, 655, -1,
      728, 655, 730, -1,
      730, 655, 797, -1,
      730, 797, 724, -1,
      724, 797, 798, -1,
      724, 798, 726, -1,
      726, 798, 656, -1,
      797, 655, 677, -1,
      677, 655, 654, -1,
      798, 797, 676, -1,
      676, 797, 677, -1,
      656, 798, 650, -1,
      650, 798, 676, -1,
      734, 799, 736, -1,
      736, 799, 800, -1,
      736, 800, 738, -1,
      738, 800, 639, -1,
      738, 639, 732, -1,
      732, 639, 640, -1,
      732, 640, 734, -1,
      734, 640, 799, -1,
      639, 800, 638, -1,
      638, 800, 681, -1,
      799, 640, 671, -1,
      671, 640, 629, -1,
      800, 799, 681, -1,
      681, 799, 671, -1,
      742, 666, 744, -1,
      744, 666, 667, -1,
      744, 667, 746, -1,
      746, 667, 801, -1,
      746, 801, 740, -1,
      740, 801, 802, -1,
      740, 802, 742, -1,
      742, 802, 666, -1,
      801, 667, 679, -1,
      679, 667, 659, -1,
      802, 801, 673, -1,
      673, 801, 679, -1,
      666, 802, 665, -1,
      665, 802, 673, -1,
      750, 803, 752, -1,
      752, 803, 804, -1,
      752, 804, 754, -1,
      754, 804, 635, -1,
      754, 635, 748, -1,
      748, 635, 634, -1,
      748, 634, 750, -1,
      750, 634, 803, -1,
      635, 804, 636, -1,
      636, 804, 690, -1,
      803, 634, 683, -1,
      683, 634, 633, -1,
      804, 803, 690, -1,
      690, 803, 683, -1,
      758, 649, 760, -1,
      760, 649, 648, -1,
      760, 648, 762, -1,
      762, 648, 805, -1,
      762, 805, 756, -1,
      756, 805, 806, -1,
      756, 806, 758, -1,
      758, 806, 649, -1,
      805, 648, 684, -1,
      684, 648, 647, -1,
      806, 805, 680, -1,
      680, 805, 684, -1,
      649, 806, 658, -1,
      658, 806, 680, -1,
      766, 807, 768, -1,
      768, 807, 808, -1,
      768, 808, 770, -1,
      770, 808, 631, -1,
      770, 631, 764, -1,
      764, 631, 632, -1,
      764, 632, 766, -1,
      766, 632, 807, -1,
      631, 808, 630, -1,
      630, 808, 694, -1,
      807, 632, 682, -1,
      682, 632, 624, -1,
      808, 807, 694, -1,
      694, 807, 682, -1,
      774, 669, 776, -1,
      776, 669, 670, -1,
      776, 670, 778, -1,
      778, 670, 809, -1,
      778, 809, 772, -1,
      772, 809, 810, -1,
      772, 810, 774, -1,
      774, 810, 669, -1,
      809, 670, 686, -1,
      686, 670, 664, -1,
      810, 809, 693, -1,
      693, 809, 686, -1,
      669, 810, 668, -1,
      668, 810, 693, -1,
      782, 811, 784, -1,
      784, 811, 812, -1,
      784, 812, 786, -1,
      786, 812, 627, -1,
      786, 627, 780, -1,
      780, 627, 626, -1,
      780, 626, 782, -1,
      782, 626, 811, -1,
      627, 812, 628, -1,
      628, 812, 674, -1,
      811, 626, 675, -1,
      675, 626, 625, -1,
      812, 811, 674, -1,
      674, 811, 675, -1,
      790, 653, 792, -1,
      792, 653, 652, -1,
      792, 652, 794, -1,
      794, 652, 813, -1,
      794, 813, 788, -1,
      788, 813, 814, -1,
      788, 814, 790, -1,
      790, 814, 653, -1,
      813, 652, 672, -1,
      672, 652, 651, -1,
      814, 813, 687, -1,
      687, 813, 672, -1,
      653, 814, 663, -1,
      663, 814, 687, -1,
      613, 761, 617, -1,
      617, 761, 755, -1,
      614, 759, 613, -1,
      613, 759, 761, -1,
      757, 616, 755, -1,
      755, 616, 617, -1,
      616, 757, 614, -1,
      614, 757, 759, -1,
      584, 721, 588, -1,
      588, 721, 715, -1,
      585, 719, 584, -1,
      584, 719, 721, -1,
      717, 587, 715, -1,
      715, 587, 588, -1,
      587, 717, 585, -1,
      585, 717, 719, -1,
      608, 745, 612, -1,
      612, 745, 739, -1,
      609, 743, 608, -1,
      608, 743, 745, -1,
      741, 611, 739, -1,
      739, 611, 612, -1,
      611, 741, 609, -1,
      609, 741, 743, -1,
      579, 753, 583, -1,
      583, 753, 747, -1,
      580, 751, 579, -1,
      579, 751, 753, -1,
      749, 582, 747, -1,
      747, 582, 583, -1,
      582, 749, 580, -1,
      580, 749, 751, -1,
      603, 793, 607, -1,
      607, 793, 787, -1,
      604, 791, 603, -1,
      603, 791, 793, -1,
      789, 606, 787, -1,
      787, 606, 607, -1,
      606, 789, 604, -1,
      604, 789, 791, -1,
      574, 737, 578, -1,
      578, 737, 731, -1,
      575, 735, 574, -1,
      574, 735, 737, -1,
      733, 577, 731, -1,
      731, 577, 578, -1,
      577, 733, 575, -1,
      575, 733, 735, -1,
      598, 777, 602, -1,
      602, 777, 771, -1,
      599, 775, 598, -1,
      598, 775, 777, -1,
      773, 601, 771, -1,
      771, 601, 602, -1,
      601, 773, 599, -1,
      599, 773, 775, -1,
      569, 785, 573, -1,
      573, 785, 779, -1,
      570, 783, 569, -1,
      569, 783, 785, -1,
      781, 572, 779, -1,
      779, 572, 573, -1,
      572, 781, 570, -1,
      570, 781, 783, -1,
      596, 729, 594, -1,
      594, 729, 723, -1,
      597, 727, 596, -1,
      596, 727, 729, -1,
      725, 595, 723, -1,
      723, 595, 594, -1,
      595, 725, 597, -1,
      597, 725, 727, -1,
      566, 769, 565, -1,
      565, 769, 763, -1,
      567, 767, 566, -1,
      566, 767, 769, -1,
      765, 564, 763, -1,
      763, 564, 565, -1,
      564, 765, 567, -1,
      567, 765, 767, -1,
    ]
  }
}

Shape {
  appearance Appearance {
    material Material {
      diffuseColor 1.0000 1.0000 1.0000
      specularColor 0.5020 0.5020 0.5020
      ambientIntensity 0.2
      transparency 0.0000
      shininess 0.5
    }
  }
  geometry IndexedFaceSet {
    ccw TRUE
    solid FALSE
    coord DEF co Coordinate {
      point [
        3.078740 0.130580 0.997449,
        3.078740 0.130580 0.974386,
        3.078740 0.150041 0.974386,
        3.078740 0.204012 0.934757,
        3.078740 0.193469 0.933676,
        3.078740 0.194206 1.005738,
        3.078740 0.173648 0.933676,
        3.078740 0.173648 1.005738,
        3.078740 0.224291 0.993380,
        3.078740 0.228675 0.987002,
        3.078740 0.230405 0.957748,
        3.078740 0.226889 0.950276,
        3.078740 0.221450 0.943770,
        3.078740 0.221450 0.996196,
        3.078740 0.219706 0.942245,
        3.078740 0.212560 0.937680,
        3.078740 0.206658 0.935662,
        3.078740 0.205475 1.004459,
        3.078740 0.206658 1.004018,
        3.078740 0.214137 1.001227,
        3.078740 0.231249 0.980036,
        3.078740 0.232319 0.970628,
        3.078740 0.232119 0.966214,
        3.078740 0.158395 1.005738,
        3.078740 0.150041 1.005738,
        3.078740 0.158395 0.997449,
        3.078740 0.160035 0.941891,
        3.078740 0.160035 0.933676,
        3.078740 0.130580 0.941891,
        3.078740 0.150041 0.941891,
        3.078740 0.130580 0.966133,
        3.078740 0.150041 0.966133,
        3.078740 0.156350 0.966133,
        3.078740 0.156350 0.974386,
        3.078740 0.150041 0.997449,
        3.078740 0.121277 1.005738,
        3.078740 0.121277 0.933676,
        3.078740 0.106854 0.945576,
        3.078740 0.106854 0.936660,
        3.078740 0.097177 1.006346,
        3.078740 0.099759 1.006114,
        3.078740 0.106854 1.004007,
        3.078740 0.106854 0.994280,
        3.078740 0.105748 0.936106,
        3.078740 0.098059 0.933546,
        3.078740 0.093145 0.933068,
        3.078740 0.069498 0.989743,
        3.078740 0.066080 0.984671,
        3.078740 0.063733 0.978344,
        3.078740 0.062662 0.968896,
        3.078740 0.062667 0.968224,
        3.078740 0.099477 0.942304,
        3.078740 0.091272 0.940850,
        3.078740 0.098788 0.997483,
        3.078740 0.089869 0.998554,
        3.078740 0.086678 0.998407,
        3.078740 0.080464 0.997123,
        3.078740 0.150041 0.933676,
        3.078740 0.074837 0.994416,
        3.078740 0.070233 0.990559,
        3.078740 0.063800 0.959377,
        3.078740 0.066067 0.953505,
        3.078740 0.069735 0.948339,
        3.078740 0.076292 0.943385,
        3.078740 0.081517 0.941495,
        3.078740 0.088248 0.940749,
        3.078740 0.071492 0.946633,
        3.078740 0.089777 1.006954,
        3.078740 0.090439 1.006951,
        3.078740 0.084311 1.006346,
        3.078740 0.080144 1.005883,
        3.078740 0.072491 1.003109,
        3.078740 0.058081 0.989516,
        3.078740 0.063307 0.996344,
        3.078740 0.065402 0.998321,
        3.078740 0.054659 0.981511,
        3.078740 0.056122 0.984935,
        3.078740 0.056122 0.951835,
        3.078740 0.053978 0.958009,
        3.078740 0.052899 0.968344,
        3.078740 0.053025 0.972102,
        3.078740 0.067601 0.937701,
        3.078740 0.062146 0.942296,
        3.078740 0.060785 0.943837,
        3.078740 0.056697 0.950181,
        3.078740 0.086904 0.932460,
        3.078740 0.082077 0.932715,
        3.078740 0.080463 0.933068,
        3.078740 0.074348 0.934406,
        3.078740 0.021252 1.005738,
        3.078740 0.021252 0.941891,
        3.078740 0.049951 0.941891,
        3.078740 0.049951 0.933676,
        3.078740 0.011949 0.933676,
        3.078740 0.011949 1.005738,
        3.079134 0.049951 0.941891,
        3.079134 0.049951 0.933676,
        3.079134 0.021252 0.941891,
        3.079134 0.021252 1.005738,
        3.079134 0.011949 1.005738,
        3.079134 0.011949 0.933676,
        3.079134 0.098059 0.933546,
        3.079134 0.086904 0.932460,
        3.079134 0.105748 0.936106,
        3.079134 0.106854 0.936660,
        3.079134 0.106854 0.945576,
        3.079134 0.099477 0.942304,
        3.079134 0.091272 0.940850,
        3.079134 0.088248 0.940749,
        3.079134 0.081517 0.941495,
        3.079134 0.076292 0.943385,
        3.079134 0.071492 0.946633,
        3.079134 0.069735 0.948339,
        3.079134 0.066067 0.953505,
        3.079134 0.063800 0.959377,
        3.079134 0.062667 0.968224,
        3.079134 0.062662 0.968896,
        3.079134 0.063733 0.978344,
        3.079134 0.066080 0.984671,
        3.079134 0.069498 0.989743,
        3.079134 0.070233 0.990559,
        3.079134 0.074837 0.994416,
        3.079134 0.080464 0.997123,
        3.079134 0.086678 0.998407,
        3.079134 0.089869 0.998554,
        3.079134 0.098788 0.997483,
        3.079134 0.106854 0.994280,
        3.079134 0.106854 1.004007,
        3.079134 0.089777 1.006954,
        3.079134 0.090439 1.006951,
        3.079134 0.099759 1.006114,
        3.079134 0.080144 1.005883,
        3.079134 0.072491 1.003109,
        3.079134 0.065402 0.998321,
        3.079134 0.063307 0.996344,
        3.079134 0.058081 0.989516,
        3.079134 0.054659 0.981511,
        3.079134 0.053025 0.972102,
        3.079134 0.052899 0.968344,
        3.079134 0.053978 0.958009,
        3.079134 0.056697 0.950181,
        3.079134 0.060785 0.943837,
        3.079134 0.062146 0.942296,
        3.079134 0.082077 0.932715,
        3.079134 0.067601 0.937701,
        3.079134 0.074348 0.934406,
        3.079134 0.160035 0.941891,
        3.079134 0.160035 0.933676,
        3.079134 0.130580 0.941891,
        3.079134 0.130580 0.966133,
        3.079134 0.156350 0.966133,
        3.079134 0.156350 0.974386,
        3.079134 0.130580 0.974386,
        3.079134 0.130580 0.997449,
        3.079134 0.158395 0.997449,
        3.079134 0.158395 1.005738,
        3.079134 0.121277 1.005738,
        3.079134 0.121277 0.933676,
        3.079134 0.216644 0.988689,
        3.079134 0.224291 0.993380,
        3.079134 0.214634 0.990670,
        3.079134 0.221450 0.996196,
        3.079134 0.209094 0.994304,
        3.079134 0.214137 1.001227,
        3.079134 0.202785 0.996502,
        3.079134 0.205475 1.004459,
        3.079134 0.193837 0.997449,
        3.079134 0.194206 1.005738,
        3.079134 0.182950 0.997449,
        3.079134 0.173648 1.005738,
        3.079134 0.182950 0.941891,
        3.079134 0.173648 0.933676,
        3.079134 0.193413 0.941891,
        3.079134 0.193469 0.933676,
        3.079134 0.202931 0.942964,
        3.079134 0.204012 0.934757,
        3.079134 0.209000 0.945211,
        3.079134 0.212560 0.937680,
        3.079134 0.213719 0.948381,
        3.079134 0.219706 0.942245,
        3.079134 0.214837 0.949407,
        3.079134 0.221450 0.943770,
        3.079134 0.218601 0.954149,
        3.079134 0.226889 0.950276,
        3.079134 0.221017 0.959564,
        3.079134 0.230405 0.957748,
        3.079134 0.222346 0.966273,
        3.079134 0.232119 0.966214,
        3.079134 0.222537 0.970370,
        3.079134 0.232319 0.970628,
        3.079134 0.221468 0.979388,
        3.079134 0.231249 0.980036,
        3.079134 0.219437 0.984650,
        3.079134 0.228675 0.987002,
        3.078740 0.193837 0.997449,
        3.078740 0.182950 0.997449,
        3.078740 0.182950 0.941891,
        3.078740 0.193413 0.941891,
        3.078740 0.214837 0.949407,
        3.078740 0.213719 0.948381,
        3.078740 0.209000 0.945211,
        3.078740 0.202931 0.942964,
        3.078740 0.222537 0.970370,
        3.078740 0.222346 0.966273,
        3.078740 0.221017 0.959564,
        3.078740 0.218601 0.954149,
        3.078740 0.214634 0.990670,
        3.078740 0.216644 0.988689,
        3.078740 0.219437 0.984650,
        3.078740 0.221468 0.979388,
        3.078740 0.202785 0.996502,
        3.078740 0.209094 0.994304,
      ]
    }
    coordIndex [
      95, 96, 91, -1,
      91, 96, 92, -1,
      97, 95, 90, -1,
      90, 95, 91, -1,
      98, 97, 89, -1,
      89, 97, 90, -1,
      99, 98, 94, -1,
      94, 98, 89, -1,
      100, 99, 93, -1,
      93, 99, 94, -1,
      96, 100, 92, -1,
      92, 100, 93, -1,
      98, 99, 97, -1,
      97, 99, 100, -1,
      97, 100, 95, -1,
      95, 100, 96, -1,
      101, 102, 45, -1,
      45, 102, 85, -1,
      45, 44, 101, -1,
      101, 44, 43, -1,
      101, 43, 103, -1,
      103, 43, 38, -1,
      103, 38, 104, -1,
      105, 104, 37, -1,
      37, 104, 38, -1,
      105, 37, 51, -1,
      105, 51, 106, -1,
      106, 51, 52, -1,
      106, 52, 107, -1,
      107, 52, 65, -1,
      107, 65, 108, -1,
      108, 65, 64, -1,
      108, 64, 109, -1,
      109, 64, 63, -1,
      109, 63, 110, -1,
      110, 63, 66, -1,
      110, 66, 111, -1,
      111, 66, 62, -1,
      111, 62, 112, -1,
      112, 62, 61, -1,
      112, 61, 113, -1,
      113, 61, 60, -1,
      113, 60, 114, -1,
      114, 60, 50, -1,
      114, 50, 115, -1,
      115, 50, 49, -1,
      115, 49, 116, -1,
      116, 49, 48, -1,
      116, 48, 117, -1,
      117, 48, 47, -1,
      117, 47, 118, -1,
      118, 47, 46, -1,
      118, 46, 119, -1,
      119, 46, 59, -1,
      119, 59, 120, -1,
      120, 59, 58, -1,
      120, 58, 121, -1,
      121, 58, 56, -1,
      121, 56, 122, -1,
      122, 56, 55, -1,
      122, 55, 123, -1,
      123, 55, 54, -1,
      123, 54, 124, -1,
      124, 54, 53, -1,
      124, 53, 125, -1,
      125, 53, 42, -1,
      125, 42, 126, -1,
      127, 126, 41, -1,
      41, 126, 42, -1,
      67, 128, 129, -1,
      127, 41, 40, -1,
      127, 40, 130, -1,
      130, 40, 39, -1,
      130, 39, 129, -1,
      129, 39, 68, -1,
      129, 68, 67, -1,
      131, 128, 69, -1,
      69, 128, 67, -1,
      69, 70, 131, -1,
      131, 70, 71, -1,
      131, 71, 132, -1,
      132, 71, 74, -1,
      132, 74, 133, -1,
      133, 74, 73, -1,
      133, 73, 134, -1,
      134, 73, 72, -1,
      134, 72, 135, -1,
      135, 72, 76, -1,
      135, 76, 136, -1,
      76, 75, 136, -1,
      136, 75, 80, -1,
      136, 80, 137, -1,
      137, 80, 79, -1,
      137, 79, 138, -1,
      138, 79, 78, -1,
      138, 78, 139, -1,
      139, 78, 77, -1,
      139, 77, 140, -1,
      77, 84, 140, -1,
      140, 84, 83, -1,
      140, 83, 141, -1,
      141, 83, 82, -1,
      141, 82, 142, -1,
      85, 102, 143, -1,
      142, 82, 81, -1,
      142, 81, 144, -1,
      144, 81, 88, -1,
      144, 88, 145, -1,
      145, 88, 87, -1,
      145, 87, 143, -1,
      143, 87, 86, -1,
      143, 86, 85, -1,
      113, 114, 139, -1,
      139, 114, 138, -1,
      126, 127, 125, -1,
      125, 127, 130, -1,
      125, 130, 124, -1,
      124, 130, 129, -1,
      124, 129, 123, -1,
      123, 129, 128, -1,
      123, 128, 122, -1,
      122, 128, 131, -1,
      122, 131, 121, -1,
      134, 120, 133, -1,
      133, 120, 121, -1,
      133, 121, 132, -1,
      132, 121, 131, -1,
      104, 105, 103, -1,
      103, 105, 106, -1,
      103, 106, 101, -1,
      101, 106, 102, -1,
      114, 115, 138, -1,
      138, 115, 116, -1,
      138, 116, 137, -1,
      137, 116, 117, -1,
      137, 117, 136, -1,
      136, 117, 135, -1,
      135, 117, 118, -1,
      135, 118, 134, -1,
      134, 118, 119, -1,
      134, 119, 120, -1,
      139, 140, 113, -1,
      113, 140, 141, -1,
      113, 141, 112, -1,
      112, 141, 142, -1,
      112, 142, 111, -1,
      111, 142, 144, -1,
      111, 144, 110, -1,
      110, 144, 145, -1,
      110, 145, 109, -1,
      109, 145, 143, -1,
      109, 143, 108, -1,
      108, 143, 102, -1,
      108, 102, 107, -1,
      107, 102, 106, -1,
      146, 147, 26, -1,
      26, 147, 27, -1,
      28, 148, 29, -1,
      29, 148, 146, -1,
      29, 146, 26, -1,
      149, 148, 30, -1,
      30, 148, 28, -1,
      32, 150, 31, -1,
      31, 150, 149, -1,
      31, 149, 30, -1,
      151, 150, 33, -1,
      33, 150, 32, -1,
      1, 152, 2, -1,
      2, 152, 151, -1,
      2, 151, 33, -1,
      153, 152, 0, -1,
      0, 152, 1, -1,
      25, 154, 34, -1,
      34, 154, 153, -1,
      34, 153, 0, -1,
      155, 154, 23, -1,
      23, 154, 25, -1,
      35, 156, 24, -1,
      24, 156, 155, -1,
      24, 155, 23, -1,
      157, 156, 36, -1,
      36, 156, 35, -1,
      27, 147, 57, -1,
      57, 147, 157, -1,
      57, 157, 36, -1,
      157, 147, 146, -1,
      146, 148, 157, -1,
      157, 148, 149, -1,
      157, 149, 156, -1,
      154, 155, 153, -1,
      153, 155, 156, -1,
      153, 156, 152, -1,
      152, 156, 149, -1,
      152, 149, 151, -1,
      151, 149, 150, -1,
      158, 159, 160, -1,
      160, 159, 161, -1,
      160, 161, 162, -1,
      162, 161, 163, -1,
      162, 163, 164, -1,
      164, 163, 165, -1,
      164, 165, 166, -1,
      166, 165, 167, -1,
      166, 167, 168, -1,
      168, 167, 169, -1,
      168, 169, 170, -1,
      170, 169, 171, -1,
      170, 171, 172, -1,
      172, 171, 173, -1,
      172, 173, 174, -1,
      174, 173, 175, -1,
      174, 175, 176, -1,
      176, 175, 177, -1,
      176, 177, 178, -1,
      178, 177, 179, -1,
      178, 179, 180, -1,
      180, 179, 181, -1,
      180, 181, 182, -1,
      182, 181, 183, -1,
      182, 183, 184, -1,
      184, 183, 185, -1,
      184, 185, 186, -1,
      186, 185, 187, -1,
      186, 187, 188, -1,
      188, 187, 189, -1,
      188, 189, 190, -1,
      190, 189, 191, -1,
      190, 191, 192, -1,
      192, 191, 193, -1,
      192, 193, 158, -1,
      158, 193, 159, -1,
      173, 171, 4, -1,
      4, 171, 6, -1,
      173, 4, 3, -1,
      173, 3, 175, -1,
      175, 3, 16, -1,
      175, 16, 177, -1,
      16, 15, 177, -1,
      177, 15, 14, -1,
      177, 14, 179, -1,
      179, 14, 12, -1,
      179, 12, 181, -1,
      181, 12, 11, -1,
      181, 11, 183, -1,
      183, 11, 10, -1,
      183, 10, 185, -1,
      185, 10, 22, -1,
      185, 22, 187, -1,
      187, 22, 21, -1,
      187, 21, 189, -1,
      189, 21, 20, -1,
      189, 20, 191, -1,
      191, 20, 9, -1,
      191, 9, 193, -1,
      193, 9, 8, -1,
      193, 8, 159, -1,
      159, 8, 13, -1,
      159, 13, 161, -1,
      5, 167, 165, -1,
      161, 13, 19, -1,
      161, 19, 163, -1,
      163, 19, 18, -1,
      163, 18, 165, -1,
      165, 18, 17, -1,
      165, 17, 5, -1,
      169, 167, 7, -1,
      7, 167, 5, -1,
      171, 169, 6, -1,
      6, 169, 7, -1,
      166, 168, 194, -1,
      194, 168, 195, -1,
      168, 170, 195, -1,
      195, 170, 196, -1,
      170, 172, 196, -1,
      196, 172, 197, -1,
      180, 198, 199, -1,
      180, 199, 178, -1,
      178, 199, 200, -1,
      178, 200, 176, -1,
      176, 200, 201, -1,
      176, 201, 174, -1,
      174, 201, 197, -1,
      174, 197, 172, -1,
      188, 202, 203, -1,
      188, 203, 186, -1,
      186, 203, 204, -1,
      186, 204, 184, -1,
      184, 204, 205, -1,
      184, 205, 182, -1,
      182, 205, 198, -1,
      182, 198, 180, -1,
      160, 206, 207, -1,
      160, 207, 158, -1,
      158, 207, 208, -1,
      158, 208, 192, -1,
      192, 208, 209, -1,
      192, 209, 190, -1,
      190, 209, 202, -1,
      190, 202, 188, -1,
      166, 194, 210, -1,
      166, 210, 164, -1,
      164, 210, 211, -1,
      164, 211, 162, -1,
      162, 211, 206, -1,
      162, 206, 160, -1,
    ]
  }
}

Shape {
  appearance Appearance {
    material Material {
      diffuseColor 0.2235 0.2235 0.2235
      specularColor 0.1137 0.1137 0.1137
      ambientIntensity 0.2
      transparency 0.0000
      shininess 0.5
    }
  }
  geometry IndexedFaceSet {
    ccw TRUE
    solid FALSE
    coord DEF co Coordinate {
      point [
        3.078740 0.193837 0.997449,
        3.078740 0.182950 0.997449,
        3.078740 0.182950 0.941891,
        3.078740 0.193413 0.941891,
        3.078740 0.214837 0.949407,
        3.078740 0.213719 0.948381,
        3.078740 0.209000 0.945211,
        3.078740 0.202931 0.942964,
        3.078740 0.222537 0.970370,
        3.078740 0.222346 0.966273,
        3.078740 0.221017 0.959564,
        3.078740 0.218601 0.954149,
        3.078740 0.214634 0.990670,
        3.078740 0.216644 0.988689,
        3.078740 0.219437 0.984650,
        3.078740 0.221468 0.979388,
        3.078740 0.202785 0.996502,
        3.078740 0.209094 0.994304,
      ]
    }
    coordIndex [
      1, 2, 0, -1,
      0, 2, 3, -1,
      0, 5, 4, -1,
      3, 7, 0, -1,
      0, 7, 6, -1,
      0, 6, 5, -1,
      4, 11, 0, -1,
      0, 11, 10, -1,
      0, 10, 9, -1,
      9, 8, 0, -1,
      0, 8, 15, -1,
      0, 15, 14, -1,
      14, 13, 0, -1,
      0, 13, 12, -1,
      0, 12, 16, -1,
      16, 12, 17, -1,
    ]
  }
}

Shape {
  appearance Appearance {
    material Material {
      diffuseColor 1.0000 1.0000 1.0000
      specularColor 0.5020 0.5020 0.5020
      ambientIntensity 0.2
      transparency 0.0000
      shininess 0.5
    }
  }
  geometry IndexedFaceSet {
    ccw TRUE
    solid FALSE
    coord DEF co Coordinate {
      point [
        3.078740 0.283528 0.953386,
        3.078740 0.257085 0.953386,
        3.078740 0.290878 0.933676,
        3.078740 0.301157 0.933676,
        3.078740 0.273710 1.005738,
        3.078740 0.253521 0.953386,
        3.078740 0.246594 0.933676,
        3.078740 0.236316 0.933676,
        3.078740 0.257085 0.988206,
        3.078740 0.263763 1.005738,
        3.079134 0.256468 0.961528,
        3.079134 0.253521 0.953386,
        3.079134 0.280655 0.961528,
        3.079134 0.283528 0.953386,
        3.079134 0.267244 0.991480,
        3.079134 0.263763 1.005738,
        3.079134 0.236316 0.933676,
        3.079134 0.246594 0.933676,
        3.079134 0.267869 0.993631,
        3.079134 0.268423 0.996528,
        3.079134 0.273710 1.005738,
        3.079134 0.268644 0.996528,
        3.079134 0.269227 0.993479,
        3.079134 0.269768 0.991480,
        3.079134 0.301157 0.933676,
        3.079134 0.290878 0.933676,
        3.078740 0.256468 0.961528,
        3.078740 0.280655 0.961528,
        3.078740 0.269768 0.991480,
        3.078740 0.268644 0.996528,
        3.078740 0.269227 0.993479,
        3.078740 0.268423 0.996528,
        3.078740 0.267244 0.991480,
        3.078740 0.267869 0.993631,
      ]
    }
    coordIndex [
      10, 11, 12, -1,
      12, 11, 13, -1,
      14, 15, 10, -1,
      10, 15, 16, -1,
      10, 16, 11, -1,
      11, 16, 17, -1,
      14, 18, 15, -1,
      15, 18, 19, -1,
      15, 19, 20, -1,
      20, 19, 21, -1,
      20, 21, 22, -1,
      22, 23, 20, -1,
      20, 23, 12, -1,
      20, 12, 24, -1,
      24, 12, 13, -1,
      24, 13, 25, -1,
      20, 24, 4, -1,
      4, 24, 3, -1,
      15, 20, 9, -1,
      9, 20, 4, -1,
      7, 16, 8, -1,
      8, 16, 15, -1,
      8, 15, 9, -1,
      17, 16, 6, -1,
      6, 16, 7, -1,
      11, 17, 5, -1,
      5, 17, 6, -1,
      0, 13, 1, -1,
      1, 13, 11, -1,
      1, 11, 5, -1,
      25, 13, 2, -1,
      2, 13, 0, -1,
      24, 25, 3, -1,
      3, 25, 2, -1,
      10, 12, 26, -1,
      26, 12, 27, -1,
      12, 23, 27, -1,
      27, 23, 28, -1,
      21, 29, 30, -1,
      21, 30, 22, -1,
      22, 30, 28, -1,
      22, 28, 23, -1,
      21, 19, 29, -1,
      29, 19, 31, -1,
      14, 32, 33, -1,
      14, 33, 18, -1,
      18, 33, 31, -1,
      18, 31, 19, -1,
      14, 10, 32, -1,
      32, 10, 26, -1,
    ]
  }
}

Shape {
  appearance Appearance {
    material Material {
      diffuseColor 0.2235 0.2235 0.2235
      specularColor 0.1137 0.1137 0.1137
      ambientIntensity 0.2
      transparency 0.0000
      shininess 0.5
    }
  }
  geometry IndexedFaceSet {
    ccw TRUE
    solid FALSE
    coord DEF co Coordinate {
      point [
        3.078740 0.256468 0.961528,
        3.078740 0.280655 0.961528,
        3.078740 0.269768 0.991480,
        3.078740 0.268644 0.996528,
        3.078740 0.269227 0.993479,
        3.078740 0.268423 0.996528,
        3.078740 0.267244 0.991480,
        3.078740 0.267869 0.993631,
      ]
    }
    coordIndex [
      3, 5, 4, -1,
      4, 5, 7, -1,
      4, 7, 2, -1,
      2, 7, 6, -1,
      2, 6, 1, -1,
      1, 6, 0, -1,
    ]
  }
}

Shape {
  appearance Appearance {
    material Material {
      diffuseColor 1.0000 1.0000 1.0000
      specularColor 0.5020 0.5020 0.5020
      ambientIntensity 0.2
      transparency 0.0000
      shininess 0.5
    }
  }
  geometry IndexedFaceSet {
    ccw TRUE
    solid FALSE
    coord DEF co Coordinate {
      point [
        3.078740 0.063017 0.843920,
        3.078740 0.064375 0.858444,
        3.078740 0.061205 0.841341,
        3.078740 0.059958 0.838164,
        3.078740 0.100701 0.852476,
        3.078740 0.100701 0.819356,
        3.078740 0.087178 0.822104,
        3.078740 0.083981 0.819977,
        3.078740 0.091675 0.819356,
        3.078740 0.080578 0.818748,
        3.078740 0.060882 0.825989,
        3.078740 0.059791 0.829043,
        3.078740 0.070432 0.818748,
        3.078740 0.070267 0.818767,
        3.078740 0.066807 0.820071,
        3.078740 0.073111 0.870934,
        3.078740 0.066374 0.868364,
        3.078740 0.064375 0.867213,
        3.078740 0.065797 0.846313,
        3.078740 0.069667 0.848280,
        3.078740 0.070158 0.862150,
        3.078740 0.076422 0.849934,
        3.078740 0.084306 0.864350,
        3.078740 0.081248 0.864671,
        3.078740 0.075798 0.864096,
        3.078740 0.063767 0.822192,
        3.078740 0.062757 0.823215,
        3.078740 0.091675 0.827313,
        3.078740 0.091435 0.827313,
        3.078740 0.090029 0.825173,
        3.078740 0.099999 0.859333,
        3.078740 0.096736 0.866350,
        3.078740 0.059346 0.833134,
        3.078740 0.059374 0.834281,
        3.078740 0.098584 0.863436,
        3.078740 0.082096 0.872002,
        3.078740 0.087517 0.871515,
        3.078740 0.091326 0.870362,
        3.078740 0.091675 0.852071,
        3.078740 0.091361 0.856062,
        3.078740 0.090428 0.859276,
        3.078740 0.089367 0.861135,
        3.078740 0.088002 0.862587,
        3.078740 0.086400 0.863619,
        3.078740 0.094327 0.868650,
        3.078740 0.080321 0.818655,
        3.078740 0.075667 0.818140,
        3.078740 0.049067 0.883129,
        3.078740 0.050707 0.827571,
        3.078740 0.050707 0.819356,
        3.078740 0.011949 0.819356,
        3.078740 0.021252 0.851813,
        3.078740 0.021252 0.827571,
        3.078740 0.047022 0.851813,
        3.078740 0.047022 0.860066,
        3.078740 0.021252 0.860066,
        3.078740 0.021252 0.883129,
        3.078740 0.011949 0.891418,
        3.078740 0.049067 0.891418,
        3.079134 0.050707 0.827571,
        3.079134 0.050707 0.819356,
        3.079134 0.021252 0.827571,
        3.079134 0.021252 0.851813,
        3.079134 0.047022 0.851813,
        3.079134 0.047022 0.860066,
        3.079134 0.021252 0.860066,
        3.079134 0.021252 0.883129,
        3.079134 0.049067 0.883129,
        3.079134 0.049067 0.891418,
        3.079134 0.011949 0.891418,
        3.079134 0.011949 0.819356,
        3.079134 0.069667 0.848280,
        3.079134 0.072291 0.841427,
        3.079134 0.074581 0.842441,
        3.079134 0.091435 0.827313,
        3.079134 0.091675 0.827313,
        3.079134 0.091085 0.835619,
        3.079134 0.091666 0.839646,
        3.079134 0.100701 0.852476,
        3.079134 0.091675 0.840245,
        3.079134 0.091675 0.845181,
        3.079134 0.091675 0.819356,
        3.079134 0.100701 0.819356,
        3.079134 0.076422 0.849934,
        3.079134 0.079628 0.843561,
        3.079134 0.091675 0.852071,
        3.079134 0.091361 0.856062,
        3.079134 0.099999 0.859333,
        3.079134 0.090428 0.859276,
        3.079134 0.098584 0.863436,
        3.079134 0.089367 0.861135,
        3.079134 0.096736 0.866350,
        3.079134 0.088002 0.862587,
        3.079134 0.094327 0.868650,
        3.079134 0.086400 0.863619,
        3.079134 0.091326 0.870362,
        3.079134 0.084306 0.864350,
        3.079134 0.087517 0.871515,
        3.079134 0.081248 0.864671,
        3.079134 0.082096 0.872002,
        3.079134 0.075798 0.864096,
        3.079134 0.073111 0.870934,
        3.079134 0.070158 0.862150,
        3.079134 0.066374 0.868364,
        3.079134 0.064375 0.858444,
        3.079134 0.064375 0.867213,
        3.079134 0.089761 0.832398,
        3.079134 0.087806 0.829745,
        3.079134 0.090029 0.825173,
        3.079134 0.086674 0.828639,
        3.079134 0.087178 0.822104,
        3.079134 0.084124 0.826917,
        3.079134 0.083981 0.819977,
        3.079134 0.081385 0.825923,
        3.079134 0.080321 0.818655,
        3.079134 0.078006 0.825545,
        3.079134 0.075667 0.818140,
        3.079134 0.074957 0.825888,
        3.079134 0.070267 0.818767,
        3.079134 0.072916 0.826637,
        3.079134 0.066807 0.820071,
        3.079134 0.071117 0.827866,
        3.079134 0.063767 0.822192,
        3.079134 0.070350 0.828637,
        3.079134 0.070896 0.840392,
        3.079134 0.065797 0.846313,
        3.079134 0.069815 0.839054,
        3.079134 0.063017 0.843920,
        3.079134 0.069023 0.837371,
        3.079134 0.061205 0.841341,
        3.079134 0.068578 0.835304,
        3.079134 0.059958 0.838164,
        3.079134 0.059374 0.834281,
        3.079134 0.068501 0.833871,
        3.079134 0.059346 0.833134,
        3.079134 0.068730 0.831799,
        3.079134 0.059791 0.829043,
        3.079134 0.069324 0.830159,
        3.079134 0.060882 0.825989,
        3.079134 0.062757 0.823215,
        3.078740 0.070896 0.840392,
        3.078740 0.072291 0.841427,
        3.078740 0.074581 0.842441,
        3.078740 0.079628 0.843561,
        3.078740 0.068501 0.833871,
        3.078740 0.068578 0.835304,
        3.078740 0.069023 0.837371,
        3.078740 0.069815 0.839054,
        3.078740 0.071117 0.827866,
        3.078740 0.070350 0.828637,
        3.078740 0.069324 0.830159,
        3.078740 0.068730 0.831799,
        3.078740 0.078006 0.825545,
        3.078740 0.074957 0.825888,
        3.078740 0.072916 0.826637,
        3.078740 0.087806 0.829745,
        3.078740 0.086674 0.828639,
        3.078740 0.084124 0.826917,
        3.078740 0.081385 0.825923,
        3.078740 0.091675 0.840245,
        3.078740 0.091666 0.839646,
        3.078740 0.091085 0.835619,
        3.078740 0.089761 0.832398,
        3.078740 0.091675 0.845181,
      ]
    }
    coordIndex [
      59, 60, 48, -1,
      48, 60, 49, -1,
      61, 59, 52, -1,
      52, 59, 48, -1,
      62, 61, 51, -1,
      51, 61, 52, -1,
      63, 62, 53, -1,
      53, 62, 51, -1,
      64, 63, 54, -1,
      54, 63, 53, -1,
      65, 64, 55, -1,
      55, 64, 54, -1,
      66, 65, 56, -1,
      56, 65, 55, -1,
      67, 66, 47, -1,
      47, 66, 56, -1,
      68, 67, 58, -1,
      58, 67, 47, -1,
      69, 68, 57, -1,
      57, 68, 58, -1,
      70, 69, 50, -1,
      50, 69, 57, -1,
      60, 70, 49, -1,
      49, 70, 50, -1,
      70, 60, 59, -1,
      59, 61, 70, -1,
      70, 61, 62, -1,
      70, 62, 69, -1,
      67, 68, 66, -1,
      66, 68, 69, -1,
      66, 69, 65, -1,
      65, 69, 62, -1,
      65, 62, 64, -1,
      64, 62, 63, -1,
      71, 72, 73, -1,
      74, 75, 76, -1,
      77, 78, 79, -1,
      79, 78, 80, -1,
      81, 82, 75, -1,
      75, 82, 78, -1,
      75, 78, 76, -1,
      76, 78, 77, -1,
      71, 73, 83, -1,
      83, 73, 84, -1,
      83, 84, 85, -1,
      84, 80, 85, -1,
      85, 80, 78, -1,
      85, 78, 86, -1,
      86, 78, 87, -1,
      86, 87, 88, -1,
      88, 87, 89, -1,
      88, 89, 90, -1,
      90, 89, 91, -1,
      90, 91, 92, -1,
      92, 91, 93, -1,
      92, 93, 94, -1,
      94, 93, 95, -1,
      94, 95, 96, -1,
      96, 95, 97, -1,
      96, 97, 98, -1,
      98, 97, 99, -1,
      98, 99, 100, -1,
      100, 99, 101, -1,
      100, 101, 102, -1,
      102, 101, 103, -1,
      102, 103, 104, -1,
      104, 103, 105, -1,
      76, 106, 74, -1,
      74, 106, 107, -1,
      74, 107, 108, -1,
      108, 107, 109, -1,
      108, 109, 110, -1,
      110, 109, 111, -1,
      110, 111, 112, -1,
      112, 111, 113, -1,
      112, 113, 114, -1,
      114, 113, 115, -1,
      114, 115, 116, -1,
      116, 115, 117, -1,
      116, 117, 118, -1,
      118, 117, 119, -1,
      118, 119, 120, -1,
      120, 119, 121, -1,
      120, 121, 122, -1,
      122, 121, 123, -1,
      72, 71, 124, -1,
      124, 71, 125, -1,
      124, 125, 126, -1,
      126, 125, 127, -1,
      126, 127, 128, -1,
      128, 127, 129, -1,
      128, 129, 130, -1,
      129, 131, 130, -1,
      130, 131, 132, -1,
      130, 132, 133, -1,
      133, 132, 134, -1,
      133, 134, 135, -1,
      135, 134, 136, -1,
      135, 136, 137, -1,
      137, 136, 138, -1,
      137, 138, 123, -1,
      123, 138, 139, -1,
      123, 139, 122, -1,
      99, 35, 15, -1,
      99, 15, 101, -1,
      101, 15, 16, -1,
      101, 16, 103, -1,
      103, 16, 17, -1,
      103, 17, 105, -1,
      104, 105, 1, -1,
      1, 105, 17, -1,
      104, 1, 20, -1,
      104, 20, 102, -1,
      102, 20, 24, -1,
      102, 24, 100, -1,
      100, 24, 23, -1,
      100, 23, 98, -1,
      98, 23, 22, -1,
      98, 22, 96, -1,
      96, 22, 43, -1,
      96, 43, 94, -1,
      94, 43, 42, -1,
      94, 42, 92, -1,
      92, 42, 41, -1,
      92, 41, 90, -1,
      90, 41, 40, -1,
      90, 40, 88, -1,
      88, 40, 39, -1,
      88, 39, 86, -1,
      86, 39, 38, -1,
      86, 38, 85, -1,
      83, 85, 21, -1,
      21, 85, 38, -1,
      83, 21, 19, -1,
      83, 19, 71, -1,
      71, 19, 18, -1,
      71, 18, 125, -1,
      125, 18, 0, -1,
      125, 0, 127, -1,
      127, 0, 2, -1,
      127, 2, 129, -1,
      129, 2, 3, -1,
      129, 3, 131, -1,
      131, 3, 33, -1,
      131, 33, 132, -1,
      132, 33, 32, -1,
      132, 32, 134, -1,
      134, 32, 11, -1,
      134, 11, 136, -1,
      136, 11, 10, -1,
      136, 10, 138, -1,
      138, 10, 26, -1,
      138, 26, 139, -1,
      139, 26, 25, -1,
      139, 25, 122, -1,
      46, 116, 12, -1,
      12, 116, 118, -1,
      12, 118, 13, -1,
      13, 118, 120, -1,
      13, 120, 14, -1,
      14, 120, 122, -1,
      14, 122, 25, -1,
      116, 46, 45, -1,
      116, 45, 114, -1,
      114, 45, 9, -1,
      114, 9, 112, -1,
      9, 7, 112, -1,
      112, 7, 6, -1,
      112, 6, 110, -1,
      110, 6, 29, -1,
      110, 29, 108, -1,
      108, 29, 28, -1,
      108, 28, 74, -1,
      75, 74, 27, -1,
      27, 74, 28, -1,
      81, 75, 8, -1,
      8, 75, 27, -1,
      82, 81, 5, -1,
      5, 81, 8, -1,
      78, 82, 4, -1,
      4, 82, 5, -1,
      78, 4, 30, -1,
      78, 30, 87, -1,
      87, 30, 34, -1,
      87, 34, 89, -1,
      89, 34, 31, -1,
      89, 31, 91, -1,
      91, 31, 44, -1,
      91, 44, 93, -1,
      93, 44, 37, -1,
      93, 37, 95, -1,
      95, 37, 36, -1,
      95, 36, 97, -1,
      97, 36, 35, -1,
      97, 35, 99, -1,
      124, 140, 141, -1,
      124, 141, 72, -1,
      72, 141, 142, -1,
      72, 142, 73, -1,
      73, 142, 143, -1,
      73, 143, 84, -1,
      133, 144, 145, -1,
      133, 145, 130, -1,
      130, 145, 146, -1,
      130, 146, 128, -1,
      128, 146, 147, -1,
      128, 147, 126, -1,
      126, 147, 140, -1,
      126, 140, 124, -1,
      121, 148, 149, -1,
      121, 149, 123, -1,
      123, 149, 150, -1,
      123, 150, 137, -1,
      137, 150, 151, -1,
      137, 151, 135, -1,
      135, 151, 144, -1,
      135, 144, 133, -1,
      115, 152, 153, -1,
      115, 153, 117, -1,
      117, 153, 154, -1,
      117, 154, 119, -1,
      119, 154, 148, -1,
      119, 148, 121, -1,
      107, 155, 156, -1,
      107, 156, 109, -1,
      109, 156, 157, -1,
      109, 157, 111, -1,
      111, 157, 158, -1,
      111, 158, 113, -1,
      113, 158, 152, -1,
      113, 152, 115, -1,
      79, 159, 160, -1,
      79, 160, 77, -1,
      77, 160, 161, -1,
      77, 161, 76, -1,
      76, 161, 162, -1,
      76, 162, 106, -1,
      106, 162, 155, -1,
      106, 155, 107, -1,
      79, 80, 159, -1,
      159, 80, 163, -1,
      80, 84, 163, -1,
      163, 84, 143, -1,
    ]
  }
}

Shape {
  appearance Appearance {
    material Material {
      diffuseColor 0.2235 0.2235 0.2235
      specularColor 0.1137 0.1137 0.1137
      ambientIntensity 0.2
      transparency 0.0000
      shininess 0.5
    }
  }
  geometry IndexedFaceSet {
    ccw TRUE
    solid FALSE
    coord DEF co Coordinate {
      point [
        3.078740 0.070896 0.840392,
        3.078740 0.072291 0.841427,
        3.078740 0.074581 0.842441,
        3.078740 0.079628 0.843561,
        3.078740 0.068501 0.833871,
        3.078740 0.068578 0.835304,
        3.078740 0.069023 0.837371,
        3.078740 0.069815 0.839054,
        3.078740 0.071117 0.827866,
        3.078740 0.070350 0.828637,
        3.078740 0.069324 0.830159,
        3.078740 0.068730 0.831799,
        3.078740 0.078006 0.825545,
        3.078740 0.074957 0.825888,
        3.078740 0.072916 0.826637,
        3.078740 0.087806 0.829745,
        3.078740 0.086674 0.828639,
        3.078740 0.084124 0.826917,
        3.078740 0.081385 0.825923,
        3.078740 0.091675 0.840245,
        3.078740 0.091666 0.839646,
        3.078740 0.091085 0.835619,
        3.078740 0.089761 0.832398,
        3.078740 0.091675 0.845181,
      ]
    }
    coordIndex [
      23, 3, 19, -1,
      19, 3, 2, -1,
      2, 1, 19, -1,
      19, 1, 0, -1,
      19, 0, 20, -1,
      20, 0, 21, -1,
      21, 0, 7, -1,
      21, 7, 22, -1,
      9, 8, 16, -1,
      9, 16, 10, -1,
      17, 16, 18, -1,
      18, 16, 12, -1,
      7, 6, 22, -1,
      22, 6, 5, -1,
      22, 5, 15, -1,
      15, 5, 4, -1,
      15, 4, 16, -1,
      16, 4, 11, -1,
      16, 11, 10, -1,
      8, 14, 16, -1,
      16, 14, 13, -1,
      16, 13, 12, -1,
    ]
  }
}

Shape {
  appearance Appearance {
    material Material {
      diffuseColor 1.0000 1.0000 1.0000
      specularColor 0.5020 0.5020 0.5020
      ambientIntensity 0.2
      transparency 0.0000
      shininess 0.5
    }
  }
  geometry IndexedFaceSet {
    ccw TRUE
    solid FALSE
    coord DEF co Coordinate {
      point [
        3.078740 0.134363 0.818937,
        3.078740 0.132585 0.818748,
        3.078740 0.119391 0.818907,
        3.078740 0.117105 0.819705,
        3.078740 0.220824 0.851813,
        3.078740 0.220824 0.827571,
        3.078740 0.234317 0.827571,
        3.078740 0.250279 0.827571,
        3.078740 0.250279 0.819356,
        3.078740 0.248639 0.891418,
        3.078740 0.248639 0.883129,
        3.078740 0.246594 0.860066,
        3.078740 0.246594 0.851813,
        3.078740 0.234317 0.851813,
        3.078740 0.234317 0.883129,
        3.078740 0.234317 0.860066,
        3.078740 0.220824 0.883129,
        3.078740 0.220824 0.860066,
        3.078740 0.234317 0.819356,
        3.078740 0.211521 0.819356,
        3.078740 0.211521 0.891418,
        3.078740 0.112932 0.830481,
        3.078740 0.112932 0.821161,
        3.078740 0.116461 0.828299,
        3.078740 0.117105 0.828057,
        3.078740 0.117105 0.847195,
        3.078740 0.113376 0.853430,
        3.078740 0.113344 0.860161,
        3.078740 0.114419 0.863068,
        3.078740 0.112988 0.856934,
        3.078740 0.117025 0.847248,
        3.078740 0.115548 0.848792,
        3.078740 0.114371 0.850673,
        3.078740 0.120948 0.818748,
        3.078740 0.126896 0.818140,
        3.078740 0.145224 0.869718,
        3.078740 0.145224 0.860950,
        3.078740 0.147263 0.829729,
        3.078740 0.146155 0.826868,
        3.078740 0.144472 0.824487,
        3.078740 0.116096 0.865507,
        3.078740 0.117105 0.866414,
        3.078740 0.118772 0.867913,
        3.078740 0.121422 0.869499,
        3.078740 0.126368 0.871274,
        3.078740 0.133030 0.872002,
        3.078740 0.138006 0.871662,
        3.078740 0.144672 0.841866,
        3.078740 0.146356 0.839380,
        3.078740 0.147320 0.836718,
        3.078740 0.147693 0.833356,
        3.078740 0.141890 0.822229,
        3.078740 0.139276 0.820674,
        3.078740 0.132145 0.864671,
        3.078740 0.129474 0.864470,
        3.078740 0.122290 0.857744,
        3.078740 0.127059 0.863831,
        3.078740 0.125035 0.862755,
        3.078740 0.122372 0.856544,
        3.078740 0.122731 0.855142,
        3.078740 0.123381 0.853924,
        3.078740 0.124261 0.852955,
        3.078740 0.127443 0.850966,
        3.078740 0.138073 0.863997,
        3.078740 0.133030 0.848534,
        3.078740 0.143164 0.862130,
        3.078740 0.136525 0.847120,
        3.078740 0.142519 0.843786,
        3.078740 0.123673 0.861552,
        3.078740 0.122899 0.860403,
        3.078740 0.122454 0.859184,
        3.078740 0.122120 0.826170,
        3.078740 0.126656 0.841976,
        3.078740 0.121276 0.844443,
        3.078740 0.127780 0.825508,
        3.078740 0.128178 0.825511,
        3.078740 0.132583 0.839494,
        3.078740 0.132806 0.826029,
        3.078740 0.138427 0.832471,
        3.078740 0.138339 0.833594,
        3.078740 0.135135 0.826881,
        3.078740 0.135957 0.827381,
        3.078740 0.136993 0.828300,
        3.078740 0.137781 0.829465,
        3.078740 0.138240 0.830749,
        3.078740 0.137928 0.835003,
        3.078740 0.137231 0.836200,
        3.078740 0.136106 0.837371,
        3.078740 0.192437 0.870824,
        3.078740 0.201795 0.870824,
        3.078740 0.234317 0.891418,
        3.078740 0.181263 0.818748,
        3.078740 0.175932 0.832140,
        3.078740 0.177037 0.827903,
        3.078740 0.177277 0.827903,
        3.078740 0.166841 0.858291,
        3.078740 0.178382 0.832066,
        3.078740 0.177691 0.829667,
        3.078740 0.166841 0.834063,
        3.078740 0.152390 0.870824,
        3.078740 0.162485 0.870824,
        3.078740 0.172275 0.818748,
        3.078740 0.172579 0.819466,
        3.078740 0.166841 0.806855,
        3.078740 0.166853 0.806869,
        3.078740 0.168619 0.810108,
        3.078740 0.154250 0.803882,
        3.078740 0.154250 0.795850,
        3.078740 0.156097 0.803277,
        3.078740 0.159372 0.802850,
        3.078740 0.161539 0.803093,
        3.078740 0.166841 0.796722,
        3.078740 0.163718 0.795533,
        3.078740 0.160072 0.795113,
        3.078740 0.158079 0.795185,
        3.078740 0.163516 0.803834,
        3.078740 0.165172 0.804985,
        3.078740 0.178437 0.811582,
        3.078740 0.174351 0.803624,
        3.078740 0.171048 0.799657,
        3.078740 0.170433 0.799093,
        3.078740 0.167280 0.796890,
        3.078740 0.263892 0.819356,
        3.078740 0.263892 0.891418,
        3.078740 0.283713 0.819356,
        3.078740 0.294256 0.820437,
        3.078740 0.317133 0.835956,
        3.078740 0.311694 0.829450,
        3.078740 0.311694 0.881876,
        3.078740 0.314535 0.879059,
        3.078740 0.318919 0.872682,
        3.078740 0.321493 0.865716,
        3.078740 0.309950 0.827925,
        3.078740 0.302804 0.823360,
        3.078740 0.284450 0.891418,
        3.078740 0.295719 0.890139,
        3.078740 0.304381 0.886907,
        3.078740 0.322562 0.856308,
        3.078740 0.322363 0.851894,
        3.078740 0.320648 0.843428,
        3.079134 0.127780 0.825508,
        3.079134 0.116461 0.828299,
        3.079134 0.122120 0.826170,
        3.079134 0.112932 0.830481,
        3.079134 0.112932 0.821161,
        3.079134 0.119391 0.818907,
        3.079134 0.126896 0.818140,
        3.079134 0.134363 0.818937,
        3.079134 0.139276 0.820674,
        3.079134 0.141890 0.822229,
        3.079134 0.144472 0.824487,
        3.079134 0.146155 0.826868,
        3.079134 0.147263 0.829729,
        3.079134 0.147693 0.833356,
        3.079134 0.147320 0.836718,
        3.079134 0.146356 0.839380,
        3.079134 0.144672 0.841866,
        3.079134 0.142519 0.843786,
        3.079134 0.136525 0.847120,
        3.079134 0.133030 0.848534,
        3.079134 0.127443 0.850966,
        3.079134 0.124261 0.852955,
        3.079134 0.123381 0.853924,
        3.079134 0.122731 0.855142,
        3.079134 0.122372 0.856544,
        3.079134 0.122290 0.857744,
        3.079134 0.122454 0.859184,
        3.079134 0.122899 0.860403,
        3.079134 0.123673 0.861552,
        3.079134 0.125035 0.862755,
        3.079134 0.127059 0.863831,
        3.079134 0.129474 0.864470,
        3.079134 0.132145 0.864671,
        3.079134 0.138073 0.863997,
        3.079134 0.143164 0.862130,
        3.079134 0.145224 0.860950,
        3.079134 0.145224 0.869718,
        3.079134 0.138006 0.871662,
        3.079134 0.133030 0.872002,
        3.079134 0.126368 0.871274,
        3.079134 0.121422 0.869499,
        3.079134 0.118772 0.867913,
        3.079134 0.116096 0.865507,
        3.079134 0.114419 0.863068,
        3.079134 0.113344 0.860161,
        3.079134 0.112988 0.856934,
        3.079134 0.113376 0.853430,
        3.079134 0.114371 0.850673,
        3.079134 0.115548 0.848792,
        3.079134 0.126656 0.841976,
        3.079134 0.121276 0.844443,
        3.079134 0.117025 0.847248,
        3.079134 0.132583 0.839494,
        3.079134 0.136106 0.837371,
        3.079134 0.137231 0.836200,
        3.079134 0.137928 0.835003,
        3.079134 0.138339 0.833594,
        3.079134 0.138427 0.832471,
        3.079134 0.138240 0.830749,
        3.079134 0.137781 0.829465,
        3.079134 0.136993 0.828300,
        3.079134 0.135957 0.827381,
        3.079134 0.135135 0.826881,
        3.079134 0.132806 0.826029,
        3.079134 0.128178 0.825511,
        3.079134 0.192437 0.870824,
        3.079134 0.201795 0.870824,
        3.079134 0.178382 0.832066,
        3.079134 0.177691 0.829667,
        3.079134 0.177277 0.827903,
        3.079134 0.177037 0.827903,
        3.079134 0.175932 0.832140,
        3.079134 0.162485 0.870824,
        3.079134 0.152390 0.870824,
        3.079134 0.172579 0.819466,
        3.079134 0.168619 0.810108,
        3.079134 0.166853 0.806869,
        3.079134 0.165172 0.804985,
        3.079134 0.163516 0.803834,
        3.079134 0.161539 0.803093,
        3.079134 0.159372 0.802850,
        3.079134 0.156097 0.803277,
        3.079134 0.154250 0.803882,
        3.079134 0.154250 0.795850,
        3.079134 0.158079 0.795185,
        3.079134 0.160072 0.795113,
        3.079134 0.167280 0.796890,
        3.079134 0.163718 0.795533,
        3.079134 0.170433 0.799093,
        3.079134 0.171048 0.799657,
        3.079134 0.174351 0.803624,
        3.079134 0.178437 0.811582,
        3.079134 0.250279 0.827571,
        3.079134 0.250279 0.819356,
        3.079134 0.220824 0.827571,
        3.079134 0.220824 0.851813,
        3.079134 0.246594 0.851813,
        3.079134 0.246594 0.860066,
        3.079134 0.220824 0.860066,
        3.079134 0.220824 0.883129,
        3.079134 0.248639 0.883129,
        3.079134 0.248639 0.891418,
        3.079134 0.211521 0.891418,
        3.079134 0.211521 0.819356,
        3.079134 0.306888 0.874369,
        3.079134 0.314535 0.879059,
        3.079134 0.304878 0.876350,
        3.079134 0.311694 0.881876,
        3.079134 0.299338 0.879984,
        3.079134 0.304381 0.886907,
        3.079134 0.293029 0.882182,
        3.079134 0.295719 0.890139,
        3.079134 0.284081 0.883129,
        3.079134 0.284450 0.891418,
        3.079134 0.273194 0.883129,
        3.079134 0.263892 0.891418,
        3.079134 0.273194 0.827571,
        3.079134 0.263892 0.819356,
        3.079134 0.283657 0.827571,
        3.079134 0.283713 0.819356,
        3.079134 0.293174 0.828644,
        3.079134 0.294256 0.820437,
        3.079134 0.299244 0.830891,
        3.079134 0.302804 0.823360,
        3.079134 0.303963 0.834061,
        3.079134 0.309950 0.827925,
        3.079134 0.305081 0.835087,
        3.079134 0.311694 0.829450,
        3.079134 0.308845 0.839829,
        3.079134 0.317133 0.835956,
        3.079134 0.311261 0.845244,
        3.079134 0.320648 0.843428,
        3.079134 0.312591 0.851953,
        3.079134 0.322363 0.851894,
        3.079134 0.312781 0.856050,
        3.079134 0.322562 0.856308,
        3.079134 0.311712 0.865068,
        3.079134 0.321493 0.865716,
        3.079134 0.309681 0.870330,
        3.079134 0.318919 0.872682,
        3.078740 0.284081 0.883129,
        3.078740 0.273194 0.883129,
        3.078740 0.273194 0.827571,
        3.078740 0.283657 0.827571,
        3.078740 0.305081 0.835087,
        3.078740 0.303963 0.834061,
        3.078740 0.299244 0.830891,
        3.078740 0.293174 0.828644,
        3.078740 0.312781 0.856050,
        3.078740 0.312591 0.851953,
        3.078740 0.311261 0.845244,
        3.078740 0.308845 0.839829,
        3.078740 0.304878 0.876350,
        3.078740 0.306888 0.874369,
        3.078740 0.309681 0.870330,
        3.078740 0.311712 0.865068,
        3.078740 0.293029 0.882182,
        3.078740 0.299338 0.879984,
      ]
    }
    coordIndex [
      140, 74, 71, -1,
      24, 141, 71, -1,
      71, 141, 142, -1,
      71, 142, 140, -1,
      24, 23, 141, -1,
      141, 23, 21, -1,
      141, 21, 143, -1,
      144, 143, 22, -1,
      22, 143, 21, -1,
      145, 144, 3, -1,
      3, 144, 22, -1,
      34, 146, 33, -1,
      33, 146, 145, -1,
      33, 145, 2, -1,
      2, 145, 3, -1,
      147, 146, 1, -1,
      1, 146, 34, -1,
      1, 0, 147, -1,
      147, 0, 52, -1,
      147, 52, 148, -1,
      148, 52, 51, -1,
      148, 51, 149, -1,
      149, 51, 39, -1,
      149, 39, 150, -1,
      150, 39, 38, -1,
      150, 38, 151, -1,
      151, 38, 37, -1,
      151, 37, 152, -1,
      152, 37, 50, -1,
      152, 50, 153, -1,
      153, 50, 49, -1,
      153, 49, 154, -1,
      154, 49, 48, -1,
      154, 48, 155, -1,
      155, 48, 47, -1,
      155, 47, 156, -1,
      156, 47, 67, -1,
      156, 67, 157, -1,
      157, 67, 66, -1,
      157, 66, 158, -1,
      158, 66, 64, -1,
      158, 64, 159, -1,
      159, 64, 62, -1,
      159, 62, 160, -1,
      160, 62, 61, -1,
      160, 61, 161, -1,
      161, 61, 60, -1,
      161, 60, 162, -1,
      162, 60, 59, -1,
      162, 59, 163, -1,
      163, 59, 58, -1,
      163, 58, 164, -1,
      164, 58, 55, -1,
      164, 55, 165, -1,
      165, 55, 70, -1,
      165, 70, 166, -1,
      166, 70, 69, -1,
      166, 69, 167, -1,
      167, 69, 68, -1,
      167, 68, 168, -1,
      168, 68, 57, -1,
      168, 57, 169, -1,
      169, 57, 56, -1,
      169, 56, 170, -1,
      170, 56, 54, -1,
      170, 54, 171, -1,
      171, 54, 53, -1,
      171, 53, 172, -1,
      172, 53, 63, -1,
      172, 63, 173, -1,
      173, 63, 65, -1,
      173, 65, 174, -1,
      174, 65, 36, -1,
      174, 36, 175, -1,
      176, 175, 35, -1,
      35, 175, 36, -1,
      176, 35, 46, -1,
      176, 46, 177, -1,
      177, 46, 45, -1,
      177, 45, 178, -1,
      178, 45, 44, -1,
      178, 44, 179, -1,
      179, 44, 43, -1,
      179, 43, 180, -1,
      180, 43, 42, -1,
      180, 42, 181, -1,
      182, 181, 41, -1,
      41, 181, 42, -1,
      41, 40, 182, -1,
      182, 40, 28, -1,
      182, 28, 183, -1,
      183, 28, 27, -1,
      183, 27, 184, -1,
      184, 27, 29, -1,
      184, 29, 185, -1,
      185, 29, 26, -1,
      185, 26, 186, -1,
      186, 26, 32, -1,
      186, 32, 187, -1,
      187, 32, 31, -1,
      187, 31, 188, -1,
      72, 189, 190, -1,
      188, 31, 30, -1,
      188, 30, 191, -1,
      191, 30, 25, -1,
      191, 25, 190, -1,
      190, 25, 73, -1,
      190, 73, 72, -1,
      189, 72, 76, -1,
      189, 76, 192, -1,
      192, 76, 87, -1,
      192, 87, 193, -1,
      193, 87, 86, -1,
      193, 86, 194, -1,
      194, 86, 85, -1,
      194, 85, 195, -1,
      195, 85, 79, -1,
      195, 79, 196, -1,
      196, 79, 78, -1,
      196, 78, 197, -1,
      197, 78, 84, -1,
      197, 84, 198, -1,
      198, 84, 83, -1,
      198, 83, 199, -1,
      199, 83, 82, -1,
      199, 82, 200, -1,
      200, 82, 81, -1,
      200, 81, 201, -1,
      201, 81, 80, -1,
      201, 80, 202, -1,
      202, 80, 77, -1,
      202, 77, 203, -1,
      203, 77, 75, -1,
      203, 75, 204, -1,
      204, 75, 74, -1,
      204, 74, 140, -1,
      168, 169, 180, -1,
      180, 169, 179, -1,
      192, 159, 189, -1,
      189, 159, 160, -1,
      148, 149, 200, -1,
      200, 149, 150, -1,
      200, 150, 199, -1,
      199, 150, 151, -1,
      199, 151, 198, -1,
      198, 151, 152, -1,
      198, 152, 197, -1,
      197, 152, 153, -1,
      197, 153, 196, -1,
      196, 153, 154, -1,
      196, 154, 195, -1,
      195, 154, 155, -1,
      195, 155, 194, -1,
      194, 155, 156, -1,
      194, 156, 193, -1,
      193, 156, 157, -1,
      193, 157, 192, -1,
      192, 157, 158, -1,
      192, 158, 159, -1,
      146, 140, 145, -1,
      145, 140, 142, -1,
      145, 142, 144, -1,
      144, 142, 141, -1,
      144, 141, 143, -1,
      169, 170, 179, -1,
      179, 170, 171, -1,
      179, 171, 178, -1,
      178, 171, 172, -1,
      178, 172, 177, -1,
      177, 172, 173, -1,
      177, 173, 176, -1,
      176, 173, 174, -1,
      176, 174, 175, -1,
      200, 201, 148, -1,
      148, 201, 202, -1,
      148, 202, 147, -1,
      147, 202, 203, -1,
      147, 203, 146, -1,
      146, 203, 204, -1,
      146, 204, 140, -1,
      180, 181, 168, -1,
      168, 181, 182, -1,
      168, 182, 167, -1,
      167, 182, 183, -1,
      167, 183, 166, -1,
      166, 183, 184, -1,
      166, 184, 165, -1,
      165, 184, 185, -1,
      165, 185, 164, -1,
      164, 185, 186, -1,
      164, 186, 163, -1,
      163, 186, 187, -1,
      163, 187, 162, -1,
      162, 187, 188, -1,
      162, 188, 161, -1,
      161, 188, 191, -1,
      161, 191, 160, -1,
      160, 191, 190, -1,
      160, 190, 189, -1,
      205, 206, 88, -1,
      88, 206, 89, -1,
      207, 205, 96, -1,
      96, 205, 88, -1,
      207, 96, 97, -1,
      207, 97, 208, -1,
      208, 97, 94, -1,
      208, 94, 209, -1,
      210, 209, 93, -1,
      93, 209, 94, -1,
      211, 210, 92, -1,
      92, 210, 93, -1,
      100, 212, 95, -1,
      95, 212, 211, -1,
      95, 211, 92, -1,
      213, 212, 99, -1,
      99, 212, 100, -1,
      102, 214, 98, -1,
      98, 214, 213, -1,
      98, 213, 99, -1,
      105, 215, 101, -1,
      101, 215, 214, -1,
      101, 214, 102, -1,
      215, 105, 104, -1,
      215, 104, 216, -1,
      216, 104, 103, -1,
      216, 103, 217, -1,
      103, 116, 217, -1,
      217, 116, 115, -1,
      217, 115, 218, -1,
      218, 115, 110, -1,
      218, 110, 219, -1,
      219, 110, 109, -1,
      219, 109, 220, -1,
      220, 109, 108, -1,
      220, 108, 221, -1,
      221, 108, 106, -1,
      221, 106, 222, -1,
      223, 222, 107, -1,
      107, 222, 106, -1,
      223, 107, 114, -1,
      223, 114, 224, -1,
      224, 114, 113, -1,
      224, 113, 225, -1,
      225, 113, 112, -1,
      111, 226, 112, -1,
      112, 226, 227, -1,
      112, 227, 225, -1,
      111, 121, 226, -1,
      226, 121, 120, -1,
      226, 120, 228, -1,
      228, 120, 119, -1,
      228, 119, 229, -1,
      229, 119, 118, -1,
      229, 118, 230, -1,
      230, 118, 117, -1,
      230, 117, 231, -1,
      89, 206, 91, -1,
      91, 206, 231, -1,
      91, 231, 117, -1,
      208, 209, 231, -1,
      206, 205, 231, -1,
      231, 205, 207, -1,
      231, 207, 208, -1,
      212, 213, 211, -1,
      211, 213, 214, -1,
      211, 214, 210, -1,
      230, 216, 229, -1,
      229, 216, 217, -1,
      222, 223, 221, -1,
      221, 223, 224, -1,
      221, 224, 220, -1,
      220, 224, 225, -1,
      220, 225, 219, -1,
      219, 225, 227, -1,
      219, 227, 218, -1,
      218, 227, 226, -1,
      218, 226, 217, -1,
      217, 226, 228, -1,
      217, 228, 229, -1,
      209, 210, 231, -1,
      231, 210, 214, -1,
      231, 214, 230, -1,
      230, 214, 215, -1,
      230, 215, 216, -1,
      232, 233, 7, -1,
      7, 233, 8, -1,
      5, 234, 6, -1,
      6, 234, 232, -1,
      6, 232, 7, -1,
      235, 234, 4, -1,
      4, 234, 5, -1,
      12, 236, 13, -1,
      13, 236, 235, -1,
      13, 235, 4, -1,
      237, 236, 11, -1,
      11, 236, 12, -1,
      17, 238, 15, -1,
      15, 238, 237, -1,
      15, 237, 11, -1,
      239, 238, 16, -1,
      16, 238, 17, -1,
      10, 240, 14, -1,
      14, 240, 239, -1,
      14, 239, 16, -1,
      241, 240, 9, -1,
      9, 240, 10, -1,
      20, 242, 90, -1,
      90, 242, 241, -1,
      90, 241, 9, -1,
      243, 242, 19, -1,
      19, 242, 20, -1,
      8, 233, 18, -1,
      18, 233, 243, -1,
      18, 243, 19, -1,
      243, 233, 232, -1,
      232, 234, 243, -1,
      243, 234, 235, -1,
      243, 235, 242, -1,
      240, 241, 239, -1,
      239, 241, 242, -1,
      239, 242, 238, -1,
      238, 242, 235, -1,
      238, 235, 237, -1,
      237, 235, 236, -1,
      244, 245, 246, -1,
      246, 245, 247, -1,
      246, 247, 248, -1,
      248, 247, 249, -1,
      248, 249, 250, -1,
      250, 249, 251, -1,
      250, 251, 252, -1,
      252, 251, 253, -1,
      252, 253, 254, -1,
      254, 253, 255, -1,
      254, 255, 256, -1,
      256, 255, 257, -1,
      256, 257, 258, -1,
      258, 257, 259, -1,
      258, 259, 260, -1,
      260, 259, 261, -1,
      260, 261, 262, -1,
      262, 261, 263, -1,
      262, 263, 264, -1,
      264, 263, 265, -1,
      264, 265, 266, -1,
      266, 265, 267, -1,
      266, 267, 268, -1,
      268, 267, 269, -1,
      268, 269, 270, -1,
      270, 269, 271, -1,
      270, 271, 272, -1,
      272, 271, 273, -1,
      272, 273, 274, -1,
      274, 273, 275, -1,
      274, 275, 276, -1,
      276, 275, 277, -1,
      276, 277, 278, -1,
      278, 277, 279, -1,
      278, 279, 244, -1,
      244, 279, 245, -1,
      259, 257, 124, -1,
      124, 257, 122, -1,
      259, 124, 125, -1,
      259, 125, 261, -1,
      261, 125, 133, -1,
      261, 133, 263, -1,
      263, 133, 132, -1,
      263, 132, 265, -1,
      265, 132, 127, -1,
      265, 127, 267, -1,
      267, 127, 126, -1,
      267, 126, 269, -1,
      269, 126, 139, -1,
      269, 139, 271, -1,
      271, 139, 138, -1,
      271, 138, 273, -1,
      273, 138, 137, -1,
      273, 137, 275, -1,
      275, 137, 131, -1,
      275, 131, 277, -1,
      277, 131, 130, -1,
      277, 130, 279, -1,
      279, 130, 129, -1,
      279, 129, 245, -1,
      245, 129, 128, -1,
      245, 128, 247, -1,
      247, 128, 136, -1,
      247, 136, 249, -1,
      249, 136, 135, -1,
      249, 135, 251, -1,
      251, 135, 134, -1,
      251, 134, 253, -1,
      255, 253, 123, -1,
      123, 253, 134, -1,
      257, 255, 122, -1,
      122, 255, 123, -1,
      252, 254, 280, -1,
      280, 254, 281, -1,
      254, 256, 281, -1,
      281, 256, 282, -1,
      256, 258, 282, -1,
      282, 258, 283, -1,
      266, 284, 285, -1,
      266, 285, 264, -1,
      264, 285, 286, -1,
      264, 286, 262, -1,
      262, 286, 287, -1,
      262, 287, 260, -1,
      260, 287, 283, -1,
      260, 283, 258, -1,
      274, 288, 289, -1,
      274, 289, 272, -1,
      272, 289, 290, -1,
      272, 290, 270, -1,
      270, 290, 291, -1,
      270, 291, 268, -1,
      268, 291, 284, -1,
      268, 284, 266, -1,
      246, 292, 293, -1,
      246, 293, 244, -1,
      244, 293, 294, -1,
      244, 294, 278, -1,
      278, 294, 295, -1,
      278, 295, 276, -1,
      276, 295, 288, -1,
      276, 288, 274, -1,
      252, 280, 296, -1,
      252, 296, 250, -1,
      250, 296, 297, -1,
      250, 297, 248, -1,
      248, 297, 292, -1,
      248, 292, 246, -1,
    ]
  }
}

Shape {
  appearance Appearance {
    material Material {
      diffuseColor 0.2235 0.2235 0.2235
      specularColor 0.1137 0.1137 0.1137
      ambientIntensity 0.2
      transparency 0.0000
      shininess 0.5
    }
  }
  geometry IndexedFaceSet {
    ccw TRUE
    solid FALSE
    coord DEF co Coordinate {
      point [
        3.078740 0.284081 0.883129,
        3.078740 0.273194 0.883129,
        3.078740 0.273194 0.827571,
        3.078740 0.283657 0.827571,
        3.078740 0.305081 0.835087,
        3.078740 0.303963 0.834061,
        3.078740 0.299244 0.830891,
        3.078740 0.293174 0.828644,
        3.078740 0.312781 0.856050,
        3.078740 0.312591 0.851953,
        3.078740 0.311261 0.845244,
        3.078740 0.308845 0.839829,
        3.078740 0.304878 0.876350,
        3.078740 0.306888 0.874369,
        3.078740 0.309681 0.870330,
        3.078740 0.311712 0.865068,
        3.078740 0.293029 0.882182,
        3.078740 0.299338 0.879984,
      ]
    }
    coordIndex [
      1, 2, 0, -1,
      0, 2, 3, -1,
      0, 5, 4, -1,
      3, 7, 0, -1,
      0, 7, 6, -1,
      0, 6, 5, -1,
      4, 11, 0, -1,
      0, 11, 10, -1,
      0, 10, 9, -1,
      9, 8, 0, -1,
      0, 8, 15, -1,
      0, 15, 14, -1,
      14, 13, 0, -1,
      0, 13, 12, -1,
      0, 12, 16, -1,
      16, 12, 17, -1,
    ]
  }
}

Shape {
  appearance Appearance {
    material Material {
      diffuseColor 1.0000 1.0000 1.0000
      specularColor 0.5020 0.5020 0.5020
      ambientIntensity 0.2
      transparency 0.0000
      shininess 0.5
    }
  }
  geometry IndexedFaceSet {
    ccw TRUE
    solid FALSE
    coord DEF co Coordinate {
      point [
        3.078740 0.391401 0.819356,
        3.078740 0.381122 0.819356,
        3.078740 0.363954 0.891418,
        3.078740 0.373772 0.839066,
        3.078740 0.343765 0.839066,
        3.078740 0.336839 0.819356,
        3.078740 0.326560 0.819356,
        3.078740 0.354007 0.891418,
        3.079134 0.346712 0.847208,
        3.079134 0.343765 0.839066,
        3.079134 0.370899 0.847208,
        3.079134 0.373772 0.839066,
        3.079134 0.357489 0.877160,
        3.079134 0.354007 0.891418,
        3.079134 0.326560 0.819356,
        3.079134 0.336839 0.819356,
        3.079134 0.358113 0.879311,
        3.079134 0.358667 0.882207,
        3.079134 0.363954 0.891418,
        3.079134 0.358889 0.882207,
        3.079134 0.359471 0.879159,
        3.079134 0.360012 0.877160,
        3.079134 0.391401 0.819356,
        3.079134 0.381122 0.819356,
        3.078740 0.346712 0.847208,
        3.078740 0.370899 0.847208,
        3.078740 0.360012 0.877160,
        3.078740 0.358889 0.882207,
        3.078740 0.359471 0.879159,
        3.078740 0.358667 0.882207,
        3.078740 0.357489 0.877160,
        3.078740 0.358113 0.879311,
      ]
    }
    coordIndex [
      8, 9, 10, -1,
      10, 9, 11, -1,
      12, 13, 8, -1,
      8, 13, 14, -1,
      8, 14, 9, -1,
      9, 14, 15, -1,
      12, 16, 13, -1,
      13, 16, 17, -1,
      13, 17, 18, -1,
      18, 17, 19, -1,
      18, 19, 20, -1,
      20, 21, 18, -1,
      18, 21, 10, -1,
      18, 10, 22, -1,
      22, 10, 11, -1,
      22, 11, 23, -1,
      18, 22, 2, -1,
      2, 22, 0, -1,
      13, 18, 7, -1,
      7, 18, 2, -1,
      14, 13, 6, -1,
      6, 13, 7, -1,
      15, 14, 5, -1,
      5, 14, 6, -1,
      9, 15, 4, -1,
      4, 15, 5, -1,
      11, 9, 3, -1,
      3, 9, 4, -1,
      23, 11, 1, -1,
      1, 11, 3, -1,
      22, 23, 0, -1,
      0, 23, 1, -1,
      8, 10, 24, -1,
      24, 10, 25, -1,
      10, 21, 25, -1,
      25, 21, 26, -1,
      19, 27, 28, -1,
      19, 28, 20, -1,
      20, 28, 26, -1,
      20, 26, 21, -1,
      19, 17, 27, -1,
      27, 17, 29, -1,
      12, 30, 31, -1,
      12, 31, 16, -1,
      16, 31, 29, -1,
      16, 29, 17, -1,
      12, 8, 30, -1,
      30, 8, 24, -1,
    ]
  }
}

Shape {
  appearance Appearance {
    material Material {
      diffuseColor 0.2235 0.2235 0.2235
      specularColor 0.1137 0.1137 0.1137
      ambientIntensity 0.2
      transparency 0.0000
      shininess 0.5
    }
  }
  geometry IndexedFaceSet {
    ccw TRUE
    solid FALSE
    coord DEF co Coordinate {
      point [
        3.078740 0.346712 0.847208,
        3.078740 0.370899 0.847208,
        3.078740 0.360012 0.877160,
        3.078740 0.358889 0.882207,
        3.078740 0.359471 0.879159,
        3.078740 0.358667 0.882207,
        3.078740 0.357489 0.877160,
        3.078740 0.358113 0.879311,
      ]
    }
    coordIndex [
      3, 5, 4, -1,
      4, 5, 7, -1,
      4, 7, 2, -1,
      2, 7, 6, -1,
      2, 6, 1, -1,
      1, 6, 0, -1,
    ]
  }
}

Shape {
  appearance Appearance {
    material Material {
      diffuseColor 1.0000 1.0000 1.0000
      specularColor 0.5020 0.5020 0.5020
      ambientIntensity 0.2
      transparency 0.0000
      shininess 0.5
    }
  }
  geometry IndexedFaceSet {
    ccw TRUE
    solid FALSE
    coord DEF co Coordinate {
      point [
        3.078740 -0.080097 0.949585,
        3.078740 -0.066186 0.937845,
        3.078740 -0.148310 1.013794,
        3.078740 -0.137232 1.006346,
        3.078740 -0.125459 0.998431,
        3.078740 -0.108518 0.978834,
        3.078740 -0.097792 0.957954,
        3.078740 -0.095351 0.957135,
        3.078740 -0.244121 1.012837,
        3.078740 -0.220496 1.021949,
        3.078740 -0.195140 1.025073,
        3.078740 -0.174022 1.022855,
        3.078740 -0.254598 1.006346,
        3.078740 -0.256623 1.005091,
        3.078740 -0.366676 0.933068,
        3.078740 -0.362219 0.943141,
        3.078740 -0.349872 0.958979,
        3.078740 -0.311165 0.981071,
        3.078740 -0.290951 0.983572,
        3.078740 -0.268663 0.994780,
        3.078740 -0.285059 0.983252,
        3.078740 -0.279167 0.982548,
        3.078740 -0.346436 0.962233,
        3.078740 -0.330143 0.973695,
        3.078740 -0.336480 0.831113,
        3.078740 -0.352434 0.844723,
        3.078740 -0.317968 0.822084,
        3.078740 -0.364102 0.861369,
        3.078740 -0.371458 0.880439,
        3.078740 -0.373953 0.900570,
        3.078740 -0.373811 0.905431,
        3.078740 -0.372653 0.911939,
        3.078740 -0.370384 0.924689,
        3.078740 -0.311445 0.820130,
        3.078740 -0.310798 0.818748,
        3.078740 -0.306272 0.809081,
        3.078740 -0.298639 0.799687,
        3.078740 -0.250315 0.786831,
        3.078740 -0.262771 0.785290,
        3.078740 -0.264676 0.785324,
        3.078740 -0.276776 0.787194,
        3.078740 -0.283961 0.790202,
        3.078740 -0.288606 0.792146,
        3.078740 -0.214785 0.818748,
        3.078740 -0.214874 0.818380,
        3.078740 -0.220971 0.806987,
        3.078740 -0.228694 0.798347,
        3.078740 -0.238893 0.791233,
        3.078740 -0.241569 0.790202,
        3.078740 -0.049432 0.907636,
        3.078740 -0.047069 0.890835,
        3.078740 -0.149341 0.848973,
        3.078740 -0.145825 0.850362,
        3.078740 -0.139806 0.879564,
        3.078740 -0.066026 0.842162,
        3.078740 -0.079938 0.830380,
        3.078740 -0.224344 0.870854,
        3.078740 -0.155689 0.906719,
        3.078740 -0.233339 0.879035,
        3.078740 -0.244219 0.884852,
        3.078740 -0.152492 0.846741,
        3.078740 -0.055829 0.856378,
        3.078740 -0.049405 0.872606,
        3.078740 -0.141855 0.850872,
        3.078740 -0.141356 0.850835,
        3.078740 -0.139819 0.850495,
        3.078740 -0.337323 0.881013,
        3.078740 -0.331316 0.870815,
        3.078740 -0.305307 0.865418,
        3.078740 -0.322139 0.861367,
        3.078740 -0.310933 0.854458,
        3.078740 -0.286381 0.882406,
        3.078740 -0.340394 0.911939,
        3.078740 -0.296848 0.875115,
        3.078740 -0.341674 0.901595,
        3.078740 -0.341036 0.893534,
        3.078740 -0.275068 0.886750,
        3.078740 -0.262771 0.888274,
        3.078740 -0.256591 0.887910,
        3.078740 -0.157738 0.834989,
        3.078740 -0.157608 0.837011,
        3.078740 -0.211536 0.841649,
        3.078740 -0.156579 0.840910,
        3.078740 -0.154609 0.844406,
        3.078740 -0.145766 0.819570,
        3.078740 -0.149155 0.820905,
        3.078740 -0.152478 0.823267,
        3.078740 -0.153669 0.824480,
        3.078740 -0.155902 0.827698,
        3.078740 -0.157252 0.831172,
        3.078740 -0.211832 0.831017,
        3.078740 -0.211536 0.836526,
        3.078740 -0.088652 0.863880,
        3.078740 -0.083194 0.871987,
        3.078740 -0.079862 0.881192,
        3.078740 -0.078835 0.890323,
        3.078740 -0.079051 0.894489,
        3.078740 -0.095568 0.822722,
        3.078740 -0.112651 0.819106,
        3.078740 -0.142880 0.819106,
        3.078740 -0.138781 0.850359,
        3.078740 -0.115725 0.850359,
        3.078740 -0.109125 0.851394,
        3.078740 -0.099795 0.854967,
        3.078740 -0.091793 0.860653,
        3.078740 -0.118799 0.930287,
        3.078740 -0.122898 0.930287,
        3.078740 -0.085391 0.911939,
        3.078740 -0.109797 0.929264,
        3.078740 -0.081378 0.904352,
        3.078740 -0.340133 0.914051,
        3.078740 -0.335731 0.925474,
        3.078740 -0.086085 0.913250,
        3.078740 -0.092756 0.920610,
        3.078740 -0.100795 0.925995,
        3.078740 -0.134045 0.961226,
        3.078740 -0.145637 0.975001,
        3.078740 -0.263284 0.945146,
        3.078740 -0.146745 0.976009,
        3.078740 -0.161133 0.986012,
        3.078740 -0.255433 0.961388,
        3.078740 -0.330434 0.933068,
        3.078740 -0.266745 0.947047,
        3.078740 -0.123513 0.933068,
        3.078740 -0.126095 0.944740,
        3.078740 -0.278226 0.951294,
        3.078740 -0.290439 0.952831,
        3.078740 -0.295947 0.952535,
        3.078740 -0.243933 0.975110,
        3.078740 -0.177196 0.992181,
        3.078740 -0.230266 0.985097,
        3.078740 -0.194628 0.994332,
        3.078740 -0.213535 0.991890,
        3.078740 -0.308584 0.949493,
        3.078740 -0.319978 0.943395,
        3.078740 -0.328617 0.935672,
        3.078740 -0.062752 0.933068,
        3.078740 -0.055713 0.923280,
        3.078740 -0.051160 0.911939,
        3.079134 -0.319978 0.943395,
        3.079134 -0.308584 0.949493,
        3.079134 -0.311165 0.981071,
        3.079134 -0.220971 0.806987,
        3.079134 -0.214874 0.818380,
        3.079134 -0.211832 0.831017,
        3.079134 -0.279167 0.982548,
        3.079134 -0.263284 0.945146,
        3.079134 -0.255433 0.961388,
        3.079134 -0.282264 0.829738,
        3.079134 -0.283213 0.834543,
        3.079134 -0.310933 0.854458,
        3.079134 -0.311445 0.820130,
        3.079134 -0.317968 0.822084,
        3.079134 -0.322139 0.861367,
        3.079134 -0.290951 0.983572,
        3.079134 -0.139806 0.879564,
        3.079134 -0.155689 0.906719,
        3.079134 -0.211536 0.841649,
        3.079134 -0.224344 0.870854,
        3.079134 -0.211536 0.836526,
        3.079134 -0.238893 0.791233,
        3.079134 -0.228694 0.798347,
        3.079134 -0.280236 0.825431,
        3.079134 -0.298639 0.799687,
        3.079134 -0.306272 0.809081,
        3.079134 -0.100795 0.925995,
        3.079134 -0.092756 0.920610,
        3.079134 -0.066186 0.937845,
        3.079134 -0.086085 0.913250,
        3.079134 -0.055713 0.923280,
        3.079134 -0.081378 0.904352,
        3.079134 -0.049432 0.907636,
        3.079134 -0.047069 0.890835,
        3.079134 -0.268663 0.994780,
        3.079134 -0.243933 0.975110,
        3.079134 -0.256623 1.005091,
        3.079134 -0.230266 0.985097,
        3.079134 -0.244121 1.012837,
        3.079134 -0.295947 0.952535,
        3.079134 -0.290439 0.952831,
        3.079134 -0.285059 0.983252,
        3.079134 -0.278226 0.951294,
        3.079134 -0.266745 0.947047,
        3.079134 -0.247041 0.824399,
        3.079134 -0.249822 0.821257,
        3.079134 -0.253714 0.818466,
        3.079134 -0.250315 0.786831,
        3.079134 -0.258152 0.816693,
        3.079134 -0.262771 0.785290,
        3.079134 -0.263284 0.816031,
        3.079134 -0.264676 0.785324,
        3.079134 -0.264157 0.816050,
        3.079134 -0.276776 0.787194,
        3.079134 -0.268756 0.816800,
        3.079134 -0.288606 0.792146,
        3.079134 -0.273388 0.818789,
        3.079134 -0.277309 0.821795,
        3.079134 -0.244612 0.843156,
        3.079134 -0.243442 0.838405,
        3.079134 -0.243435 0.833717,
        3.079134 -0.244658 0.828800,
        3.079134 -0.122898 0.930287,
        3.079134 -0.118799 0.930287,
        3.079134 -0.097792 0.957954,
        3.079134 -0.109797 0.929264,
        3.079134 -0.095351 0.957135,
        3.079134 -0.080097 0.949585,
        3.079134 -0.066026 0.842162,
        3.079134 -0.091793 0.860653,
        3.079134 -0.079938 0.830380,
        3.079134 -0.099795 0.854967,
        3.079134 -0.095568 0.822722,
        3.079134 -0.109125 0.851394,
        3.079134 -0.112651 0.819106,
        3.079134 -0.115725 0.850359,
        3.079134 -0.142880 0.819106,
        3.079134 -0.138781 0.850359,
        3.079134 -0.145766 0.819570,
        3.079134 -0.282958 0.839536,
        3.079134 -0.281448 0.844358,
        3.079134 -0.305307 0.865418,
        3.079134 -0.278800 0.848596,
        3.079134 -0.296848 0.875115,
        3.079134 -0.276775 0.850738,
        3.079134 -0.286381 0.882406,
        3.079134 -0.272769 0.853587,
        3.079134 -0.275068 0.886750,
        3.079134 -0.268294 0.855353,
        3.079134 -0.262771 0.888274,
        3.079134 -0.263284 0.855995,
        3.079134 -0.256591 0.887910,
        3.079134 -0.259019 0.855532,
        3.079134 -0.244219 0.884852,
        3.079134 -0.254260 0.853829,
        3.079134 -0.233339 0.879035,
        3.079134 -0.250139 0.851046,
        3.079134 -0.246838 0.847362,
        3.079134 -0.079051 0.894489,
        3.079134 -0.078835 0.890323,
        3.079134 -0.049405 0.872606,
        3.079134 -0.079862 0.881192,
        3.079134 -0.055829 0.856378,
        3.079134 -0.083194 0.871987,
        3.079134 -0.088652 0.863880,
        3.079134 -0.125459 0.998431,
        3.079134 -0.145637 0.975001,
        3.079134 -0.108518 0.978834,
        3.079134 -0.134045 0.961226,
        3.079134 -0.126095 0.944740,
        3.079134 -0.340133 0.914051,
        3.079134 -0.373811 0.905431,
        3.079134 -0.341674 0.901595,
        3.079134 -0.373953 0.900570,
        3.079134 -0.341036 0.893534,
        3.079134 -0.371458 0.880439,
        3.079134 -0.337323 0.881013,
        3.079134 -0.364102 0.861369,
        3.079134 -0.331316 0.870815,
        3.079134 -0.352434 0.844723,
        3.079134 -0.336480 0.831113,
        3.079134 -0.330143 0.973695,
        3.079134 -0.346436 0.962233,
        3.079134 -0.328617 0.935672,
        3.079134 -0.349872 0.958979,
        3.079134 -0.335731 0.925474,
        3.079134 -0.362219 0.943141,
        3.079134 -0.370384 0.924689,
        3.079134 -0.220496 1.021949,
        3.079134 -0.213535 0.991890,
        3.079134 -0.195140 1.025073,
        3.079134 -0.194628 0.994332,
        3.079134 -0.174022 1.022855,
        3.079134 -0.177196 0.992181,
        3.079134 -0.148310 1.013794,
        3.079134 -0.161133 0.986012,
        3.079134 -0.146745 0.976009,
        3.079134 -0.141356 0.850835,
        3.079134 -0.153669 0.824480,
        3.079134 -0.152478 0.823267,
        3.079134 -0.139819 0.850495,
        3.079134 -0.149155 0.820905,
        3.079134 -0.157738 0.834989,
        3.079134 -0.157252 0.831172,
        3.079134 -0.155902 0.827698,
        3.079134 -0.145825 0.850362,
        3.079134 -0.149341 0.848973,
        3.079134 -0.157608 0.837011,
        3.079134 -0.152492 0.846741,
        3.079134 -0.154609 0.844406,
        3.079134 -0.156579 0.840910,
        3.079134 -0.141855 0.850872,
        3.078740 -0.263284 0.855995,
        3.078740 -0.259019 0.855532,
        3.078740 -0.254260 0.853829,
        3.078740 -0.250139 0.851046,
        3.078740 -0.246838 0.847362,
        3.078740 -0.244612 0.843156,
        3.078740 -0.243442 0.838405,
        3.078740 -0.243435 0.833717,
        3.078740 -0.244658 0.828800,
        3.078740 -0.247041 0.824399,
        3.078740 -0.249822 0.821257,
        3.078740 -0.253714 0.818466,
        3.078740 -0.258152 0.816693,
        3.078740 -0.263284 0.816031,
        3.078740 -0.264157 0.816050,
        3.078740 -0.268756 0.816800,
        3.078740 -0.273388 0.818789,
        3.078740 -0.277309 0.821795,
        3.078740 -0.280236 0.825431,
        3.078740 -0.282264 0.829738,
        3.078740 -0.283213 0.834543,
        3.078740 -0.282958 0.839536,
        3.078740 -0.281448 0.844358,
        3.078740 -0.278800 0.848596,
        3.078740 -0.276775 0.850738,
        3.078740 -0.272769 0.853587,
        3.078740 -0.268294 0.855353,
      ]
    }
    coordIndex [
      139, 140, 141, -1,
      142, 143, 144, -1,
      145, 146, 147, -1,
      148, 149, 150, -1,
      151, 150, 152, -1,
      152, 150, 153, -1,
      141, 140, 154, -1,
      155, 156, 157, -1,
      157, 156, 158, -1,
      157, 158, 159, -1,
      159, 158, 160, -1,
      159, 160, 144, -1,
      144, 160, 161, -1,
      144, 161, 142, -1,
      162, 148, 163, -1,
      163, 148, 150, -1,
      163, 150, 164, -1,
      164, 150, 151, -1,
      165, 166, 167, -1,
      167, 166, 168, -1,
      167, 168, 169, -1,
      169, 168, 170, -1,
      169, 170, 171, -1,
      171, 170, 172, -1,
      145, 147, 173, -1,
      173, 147, 174, -1,
      173, 174, 175, -1,
      175, 174, 176, -1,
      175, 176, 177, -1,
      140, 178, 154, -1,
      154, 178, 179, -1,
      154, 179, 180, -1,
      180, 179, 181, -1,
      180, 181, 145, -1,
      145, 181, 182, -1,
      145, 182, 146, -1,
      183, 184, 160, -1,
      160, 184, 185, -1,
      160, 185, 186, -1,
      186, 185, 187, -1,
      186, 187, 188, -1,
      188, 187, 189, -1,
      188, 189, 190, -1,
      190, 189, 191, -1,
      190, 191, 192, -1,
      192, 191, 193, -1,
      192, 193, 194, -1,
      194, 193, 195, -1,
      194, 195, 163, -1,
      163, 195, 196, -1,
      163, 196, 162, -1,
      197, 198, 158, -1,
      158, 198, 199, -1,
      158, 199, 160, -1,
      160, 199, 200, -1,
      160, 200, 183, -1,
      201, 202, 203, -1,
      203, 202, 204, -1,
      203, 204, 205, -1,
      205, 204, 165, -1,
      205, 165, 206, -1,
      206, 165, 167, -1,
      207, 208, 209, -1,
      209, 208, 210, -1,
      209, 210, 211, -1,
      211, 210, 212, -1,
      211, 212, 213, -1,
      213, 212, 214, -1,
      213, 214, 215, -1,
      215, 214, 216, -1,
      215, 216, 217, -1,
      149, 218, 150, -1,
      150, 218, 219, -1,
      150, 219, 220, -1,
      220, 219, 221, -1,
      220, 221, 222, -1,
      222, 221, 223, -1,
      222, 223, 224, -1,
      224, 223, 225, -1,
      224, 225, 226, -1,
      226, 225, 227, -1,
      226, 227, 228, -1,
      228, 227, 229, -1,
      228, 229, 230, -1,
      230, 229, 231, -1,
      230, 231, 232, -1,
      232, 231, 233, -1,
      232, 233, 234, -1,
      234, 233, 235, -1,
      234, 235, 158, -1,
      158, 235, 236, -1,
      158, 236, 197, -1,
      170, 237, 172, -1,
      172, 237, 238, -1,
      172, 238, 239, -1,
      239, 238, 240, -1,
      239, 240, 241, -1,
      241, 240, 242, -1,
      241, 242, 207, -1,
      207, 242, 243, -1,
      207, 243, 208, -1,
      244, 245, 246, -1,
      246, 245, 247, -1,
      246, 247, 203, -1,
      203, 247, 248, -1,
      203, 248, 201, -1,
      249, 250, 251, -1,
      251, 250, 252, -1,
      251, 252, 253, -1,
      253, 252, 254, -1,
      253, 254, 255, -1,
      255, 254, 256, -1,
      255, 256, 257, -1,
      257, 256, 258, -1,
      257, 258, 153, -1,
      153, 258, 259, -1,
      153, 259, 152, -1,
      141, 260, 139, -1,
      139, 260, 261, -1,
      139, 261, 262, -1,
      262, 261, 263, -1,
      262, 263, 264, -1,
      264, 263, 265, -1,
      264, 265, 249, -1,
      249, 265, 266, -1,
      249, 266, 250, -1,
      177, 176, 267, -1,
      267, 176, 268, -1,
      267, 268, 269, -1,
      269, 268, 270, -1,
      269, 270, 271, -1,
      271, 270, 272, -1,
      271, 272, 273, -1,
      273, 272, 274, -1,
      273, 274, 244, -1,
      244, 274, 275, -1,
      244, 275, 245, -1,
      276, 277, 278, -1,
      216, 279, 217, -1,
      217, 279, 276, -1,
      217, 276, 280, -1,
      280, 276, 278, -1,
      281, 282, 276, -1,
      276, 282, 283, -1,
      276, 283, 277, -1,
      284, 285, 286, -1,
      285, 287, 286, -1,
      286, 287, 288, -1,
      286, 288, 289, -1,
      281, 276, 286, -1,
      286, 276, 290, -1,
      286, 290, 284, -1,
      172, 50, 49, -1,
      136, 167, 169, -1,
      172, 49, 171, -1,
      171, 49, 138, -1,
      171, 138, 169, -1,
      169, 138, 137, -1,
      169, 137, 136, -1,
      136, 1, 167, -1,
      167, 1, 0, -1,
      167, 0, 206, -1,
      206, 0, 7, -1,
      206, 7, 205, -1,
      205, 7, 6, -1,
      205, 6, 203, -1,
      203, 6, 5, -1,
      203, 5, 246, -1,
      246, 5, 4, -1,
      246, 4, 244, -1,
      273, 244, 3, -1,
      3, 244, 4, -1,
      3, 2, 273, -1,
      273, 2, 11, -1,
      273, 11, 271, -1,
      271, 11, 10, -1,
      271, 10, 269, -1,
      13, 175, 12, -1,
      12, 175, 177, -1,
      12, 177, 8, -1,
      8, 177, 267, -1,
      8, 267, 9, -1,
      9, 267, 269, -1,
      9, 269, 10, -1,
      175, 13, 19, -1,
      175, 19, 173, -1,
      173, 19, 21, -1,
      173, 21, 145, -1,
      145, 21, 20, -1,
      145, 20, 180, -1,
      180, 20, 18, -1,
      180, 18, 154, -1,
      154, 18, 17, -1,
      154, 17, 141, -1,
      141, 17, 23, -1,
      141, 23, 260, -1,
      260, 23, 22, -1,
      260, 22, 261, -1,
      261, 22, 16, -1,
      261, 16, 263, -1,
      29, 252, 250, -1,
      263, 16, 15, -1,
      263, 15, 265, -1,
      265, 15, 14, -1,
      265, 14, 266, -1,
      14, 32, 266, -1,
      266, 32, 31, -1,
      266, 31, 250, -1,
      250, 31, 30, -1,
      250, 30, 29, -1,
      252, 29, 28, -1,
      252, 28, 254, -1,
      254, 28, 27, -1,
      254, 27, 256, -1,
      256, 27, 25, -1,
      256, 25, 258, -1,
      258, 25, 24, -1,
      258, 24, 259, -1,
      259, 24, 26, -1,
      259, 26, 152, -1,
      152, 26, 33, -1,
      152, 33, 151, -1,
      151, 33, 34, -1,
      151, 34, 164, -1,
      34, 35, 164, -1,
      164, 35, 36, -1,
      164, 36, 163, -1,
      163, 36, 42, -1,
      163, 42, 194, -1,
      194, 42, 41, -1,
      194, 41, 192, -1,
      41, 40, 192, -1,
      192, 40, 39, -1,
      192, 39, 190, -1,
      190, 39, 38, -1,
      190, 38, 188, -1,
      91, 159, 144, -1,
      188, 38, 37, -1,
      188, 37, 186, -1,
      186, 37, 48, -1,
      186, 48, 160, -1,
      48, 47, 160, -1,
      160, 47, 46, -1,
      160, 46, 161, -1,
      161, 46, 45, -1,
      161, 45, 142, -1,
      142, 45, 44, -1,
      142, 44, 143, -1,
      143, 44, 43, -1,
      143, 43, 144, -1,
      144, 43, 90, -1,
      144, 90, 91, -1,
      157, 159, 81, -1,
      81, 159, 91, -1,
      155, 157, 53, -1,
      53, 157, 81, -1,
      156, 155, 57, -1,
      57, 155, 53, -1,
      158, 156, 56, -1,
      56, 156, 57, -1,
      158, 56, 58, -1,
      158, 58, 234, -1,
      234, 58, 59, -1,
      234, 59, 232, -1,
      232, 59, 78, -1,
      232, 78, 230, -1,
      230, 78, 77, -1,
      230, 77, 228, -1,
      228, 77, 76, -1,
      228, 76, 226, -1,
      226, 76, 71, -1,
      226, 71, 224, -1,
      224, 71, 73, -1,
      224, 73, 222, -1,
      222, 73, 68, -1,
      222, 68, 220, -1,
      220, 68, 70, -1,
      220, 70, 150, -1,
      150, 70, 69, -1,
      150, 69, 153, -1,
      153, 69, 67, -1,
      153, 67, 257, -1,
      257, 67, 66, -1,
      257, 66, 255, -1,
      255, 66, 75, -1,
      255, 75, 253, -1,
      253, 75, 74, -1,
      253, 74, 251, -1,
      249, 251, 72, -1,
      72, 251, 74, -1,
      72, 110, 249, -1,
      249, 110, 111, -1,
      249, 111, 264, -1,
      264, 111, 121, -1,
      264, 121, 262, -1,
      121, 135, 262, -1,
      262, 135, 134, -1,
      262, 134, 139, -1,
      139, 134, 133, -1,
      139, 133, 140, -1,
      140, 133, 127, -1,
      140, 127, 178, -1,
      178, 127, 126, -1,
      178, 126, 179, -1,
      179, 126, 125, -1,
      179, 125, 181, -1,
      181, 125, 122, -1,
      181, 122, 182, -1,
      182, 122, 117, -1,
      182, 117, 146, -1,
      146, 117, 120, -1,
      146, 120, 147, -1,
      147, 120, 128, -1,
      147, 128, 174, -1,
      174, 128, 130, -1,
      174, 130, 176, -1,
      176, 130, 132, -1,
      176, 132, 268, -1,
      268, 132, 131, -1,
      268, 131, 270, -1,
      106, 201, 123, -1,
      123, 201, 248, -1,
      123, 248, 124, -1,
      124, 248, 247, -1,
      124, 247, 115, -1,
      115, 247, 245, -1,
      115, 245, 116, -1,
      116, 245, 275, -1,
      116, 275, 118, -1,
      118, 275, 274, -1,
      118, 274, 119, -1,
      119, 274, 272, -1,
      119, 272, 129, -1,
      129, 272, 270, -1,
      129, 270, 131, -1,
      202, 201, 105, -1,
      105, 201, 106, -1,
      202, 105, 108, -1,
      202, 108, 204, -1,
      204, 108, 114, -1,
      204, 114, 165, -1,
      165, 114, 113, -1,
      165, 113, 166, -1,
      166, 113, 112, -1,
      166, 112, 168, -1,
      168, 112, 107, -1,
      168, 107, 170, -1,
      107, 109, 170, -1,
      170, 109, 96, -1,
      170, 96, 237, -1,
      237, 96, 95, -1,
      237, 95, 238, -1,
      238, 95, 94, -1,
      238, 94, 240, -1,
      240, 94, 93, -1,
      240, 93, 242, -1,
      242, 93, 92, -1,
      242, 92, 243, -1,
      243, 92, 104, -1,
      243, 104, 208, -1,
      208, 104, 103, -1,
      208, 103, 210, -1,
      210, 103, 102, -1,
      210, 102, 212, -1,
      212, 102, 101, -1,
      212, 101, 214, -1,
      216, 214, 100, -1,
      100, 214, 101, -1,
      216, 100, 65, -1,
      216, 65, 279, -1,
      279, 65, 64, -1,
      279, 64, 276, -1,
      276, 64, 63, -1,
      276, 63, 290, -1,
      290, 63, 52, -1,
      290, 52, 284, -1,
      284, 52, 51, -1,
      284, 51, 285, -1,
      285, 51, 60, -1,
      285, 60, 287, -1,
      287, 60, 83, -1,
      287, 83, 288, -1,
      288, 83, 82, -1,
      288, 82, 289, -1,
      289, 82, 80, -1,
      289, 80, 286, -1,
      286, 80, 79, -1,
      286, 79, 281, -1,
      281, 79, 89, -1,
      281, 89, 282, -1,
      282, 89, 88, -1,
      282, 88, 283, -1,
      283, 88, 87, -1,
      283, 87, 277, -1,
      277, 87, 86, -1,
      277, 86, 278, -1,
      278, 86, 85, -1,
      278, 85, 280, -1,
      280, 85, 84, -1,
      280, 84, 217, -1,
      217, 84, 99, -1,
      217, 99, 215, -1,
      213, 215, 98, -1,
      98, 215, 99, -1,
      213, 98, 97, -1,
      213, 97, 211, -1,
      211, 97, 55, -1,
      211, 55, 209, -1,
      209, 55, 54, -1,
      209, 54, 207, -1,
      207, 54, 61, -1,
      207, 61, 241, -1,
      241, 61, 62, -1,
      241, 62, 239, -1,
      239, 62, 50, -1,
      239, 50, 172, -1,
      229, 291, 292, -1,
      229, 292, 231, -1,
      231, 292, 293, -1,
      231, 293, 233, -1,
      233, 293, 294, -1,
      233, 294, 235, -1,
      235, 294, 295, -1,
      235, 295, 236, -1,
      236, 295, 296, -1,
      236, 296, 197, -1,
      197, 296, 297, -1,
      197, 297, 198, -1,
      198, 297, 298, -1,
      198, 298, 199, -1,
      199, 298, 299, -1,
      199, 299, 200, -1,
      200, 299, 300, -1,
      200, 300, 183, -1,
      183, 300, 301, -1,
      183, 301, 184, -1,
      184, 301, 302, -1,
      184, 302, 185, -1,
      185, 302, 303, -1,
      185, 303, 187, -1,
      187, 303, 304, -1,
      187, 304, 189, -1,
      189, 304, 305, -1,
      189, 305, 191, -1,
      191, 305, 306, -1,
      191, 306, 193, -1,
      193, 306, 307, -1,
      193, 307, 195, -1,
      195, 307, 308, -1,
      195, 308, 196, -1,
      196, 308, 309, -1,
      196, 309, 162, -1,
      162, 309, 310, -1,
      162, 310, 148, -1,
      148, 310, 311, -1,
      148, 311, 149, -1,
      149, 311, 312, -1,
      149, 312, 218, -1,
      218, 312, 313, -1,
      218, 313, 219, -1,
      219, 313, 314, -1,
      219, 314, 221, -1,
      221, 314, 315, -1,
      221, 315, 223, -1,
      223, 315, 316, -1,
      223, 316, 225, -1,
      225, 316, 317, -1,
      225, 317, 227, -1,
      227, 317, 291, -1,
      227, 291, 229, -1,
    ]
  }
}

Shape {
  appearance Appearance {
    material Material {
      diffuseColor 0.2235 0.2235 0.2235
      specularColor 0.1137 0.1137 0.1137
      ambientIntensity 0.2
      transparency 0.0000
      shininess 0.5
    }
  }
  geometry IndexedFaceSet {
    ccw TRUE
    solid FALSE
    coord DEF co Coordinate {
      point [
        3.078740 -0.263284 0.855995,
        3.078740 -0.259019 0.855532,
        3.078740 -0.254260 0.853829,
        3.078740 -0.250139 0.851046,
        3.078740 -0.246838 0.847362,
        3.078740 -0.244612 0.843156,
        3.078740 -0.243442 0.838405,
        3.078740 -0.243435 0.833717,
        3.078740 -0.244658 0.828800,
        3.078740 -0.247041 0.824399,
        3.078740 -0.249822 0.821257,
        3.078740 -0.253714 0.818466,
        3.078740 -0.258152 0.816693,
        3.078740 -0.263284 0.816031,
        3.078740 -0.264157 0.816050,
        3.078740 -0.268756 0.816800,
        3.078740 -0.273388 0.818789,
        3.078740 -0.277309 0.821795,
        3.078740 -0.280236 0.825431,
        3.078740 -0.282264 0.829738,
        3.078740 -0.283213 0.834543,
        3.078740 -0.282958 0.839536,
        3.078740 -0.281448 0.844358,
        3.078740 -0.278800 0.848596,
        3.078740 -0.276775 0.850738,
        3.078740 -0.272769 0.853587,
        3.078740 -0.268294 0.855353,
      ]
    }
    coordIndex [
      14, 24, 23, -1,
      12, 11, 1, -1,
      0, 26, 14, -1,
      14, 26, 25, -1,
      14, 25, 24, -1,
      19, 18, 23, -1,
      23, 18, 17, -1,
      0, 14, 1, -1,
      1, 14, 13, -1,
      1, 13, 12, -1,
      22, 21, 23, -1,
      23, 21, 20, -1,
      23, 20, 19, -1,
      17, 16, 23, -1,
      23, 16, 15, -1,
      23, 15, 14, -1,
      11, 10, 1, -1,
      1, 10, 9, -1,
      1, 9, 8, -1,
      8, 7, 1, -1,
      1, 7, 6, -1,
      1, 6, 5, -1,
      5, 4, 1, -1,
      1, 4, 3, -1,
      1, 3, 2, -1,
    ]
  }
}

Shape {
  appearance Appearance {
    material Material {
      diffuseColor 0.9686 0.8784 0.6000
      specularColor 0.6784 0.6157 0.4196
      ambientIntensity 0.2
      transparency 0.0000
      shininess 0.5
    }
  }
  geometry IndexedFaceSet {
    ccw TRUE
    solid FALSE
    coord DEF co Coordinate {
      point [
        -2.704724 -0.688976 0.236220,
        -2.704724 -0.787402 0.236220,
        -2.736220 -0.688976 0.236220,
        -2.736220 -0.787402 0.236220,
        -2.751505 -0.686964 0.236220,
        -2.776979 -0.782035 0.236220,
        -2.765748 -0.681065 0.236220,
        -2.814961 -0.766303 0.236220,
        -2.777979 -0.671680 0.236220,
        -2.847576 -0.741277 0.236220,
        -2.787364 -0.659449 0.236220,
        -2.872603 -0.708661 0.236220,
        -2.793263 -0.645206 0.236220,
        -2.888335 -0.670680 0.236220,
        -2.795276 -0.629921 0.236220,
        -2.893701 -0.629921 0.236220,
        -2.795276 -0.291339 0.236220,
        -2.893701 -0.291339 0.236220,
        -2.127398 -0.708661 0.826772,
        -2.116260 -0.685039 0.826772,
        -2.242578 -0.685039 0.826772,
        -2.303150 -0.688976 0.826772,
        -2.303150 -0.787402 0.826772,
        -2.263780 -0.688976 0.826772,
        -2.263780 -0.787402 0.826772,
        -2.248495 -0.686964 0.826772,
        -2.223020 -0.782035 0.826772,
        -2.185039 -0.766303 0.826772,
        -2.152424 -0.741277 0.826772,
        -2.757422 -0.685039 0.826772,
        -2.883740 -0.685039 0.826772,
        -2.872603 -0.708661 0.826772,
        -2.696850 -0.787402 0.826772,
        -2.696850 -0.688976 0.826772,
        -2.736220 -0.787402 0.826772,
        -2.736220 -0.688976 0.826772,
        -2.776979 -0.782035 0.826772,
        -2.751505 -0.686964 0.826772,
        -2.814961 -0.766303 0.826772,
        -2.847576 -0.741277 0.826772,
        -2.106299 -0.216856 0.826772,
        -2.106299 -0.629921 0.826772,
        -2.106299 -0.214314 0.817576,
        -2.106299 -0.212598 0.801230,
        -2.106299 -0.223148 0.275591,
        -2.106299 -0.270959 0.238904,
        -2.106299 -0.235661 0.259283,
        -2.106299 -0.251969 0.246770,
        -2.106299 -0.629921 0.236220,
        -2.106299 -0.291339 0.236220,
        -2.106299 -0.212598 0.314961,
        -2.106299 -0.215281 0.294581,
        -2.127398 -0.708661 0.236220,
        -2.152424 -0.741277 0.236220,
        -2.185039 -0.766303 0.236220,
        -2.223020 -0.782035 0.236220,
        -2.263780 -0.787402 0.236220,
        -2.111665 -0.670680 0.236220,
        -2.107089 -0.645669 0.837321,
        -2.106306 -0.631394 0.830659,
        -2.106429 -0.636316 0.843657,
        -2.108295 -0.654915 0.832762,
        -2.110179 -0.664660 0.829455,
        -2.111665 -0.670680 0.828092,
        -2.371341 -0.787402 0.866142,
        -2.358827 -0.787402 0.849834,
        -2.684345 -0.787402 0.233537,
        -2.676471 -0.787402 0.829455,
        -2.379207 -0.787402 0.885132,
        -2.657480 -0.787402 0.837321,
        -2.641173 -0.787402 0.849834,
        -2.618110 -0.787402 2.716535,
        -2.618110 -0.787402 0.905512,
        -2.381890 -0.787402 0.905512,
        -2.620793 -0.787402 0.885132,
        -2.628659 -0.787402 0.866142,
        -2.295276 -0.787402 0.236220,
        -2.625984 -0.787402 0.157480,
        -2.625984 -0.787402 0.000327,
        -2.374016 -0.787402 0.000327,
        -2.350954 -0.787402 0.213158,
        -2.334646 -0.787402 0.225671,
        -2.628667 -0.787402 0.177860,
        -2.315655 -0.787402 0.233537,
        -2.636533 -0.787402 0.196850,
        -2.374016 -0.787402 0.157480,
        -2.371333 -0.787402 0.177860,
        -2.363467 -0.787402 0.196850,
        -2.392439 -0.787402 2.755906,
        -2.404952 -0.787402 2.772213,
        -2.421260 -0.787402 2.784726,
        -2.381890 -0.787402 2.716535,
        -2.460630 -0.787402 2.795276,
        -2.539370 -0.787402 2.795276,
        -2.649047 -0.787402 0.213158,
        -2.665354 -0.787402 0.225671,
        -2.323529 -0.787402 0.829455,
        -2.342520 -0.787402 0.837321,
        -2.384573 -0.787402 2.736915,
        -2.440250 -0.787402 2.792593,
        -2.578740 -0.787402 2.784726,
        -2.595048 -0.787402 2.772213,
        -2.607561 -0.787402 2.755906,
        -2.559750 -0.787402 2.792593,
        -2.615428 -0.787402 2.736915,
        -2.889598 -0.664774 0.829841,
        -2.891703 -0.654925 0.832758,
        -2.893701 -0.629921 0.826772,
        -2.892911 -0.645669 0.837321,
        -2.893694 -0.631394 0.830659,
        -2.893571 -0.636316 0.843657,
        -2.888335 -0.670680 0.828092,
        -2.893701 -0.216856 0.826772,
        -2.893701 -0.214314 0.817576,
        -2.893701 -0.212598 0.801230,
        -2.893701 -0.212598 0.314961,
        -2.893701 -0.270959 0.238904,
        -2.893701 -0.215281 0.294581,
        -2.893701 -0.223148 0.275591,
        -2.893701 -0.235661 0.259283,
        -2.893701 -0.251969 0.246770,
        -2.795276 -0.212598 0.801230,
        -2.795276 -0.212598 0.314961,
        -2.795276 -0.216856 0.826772,
        -2.795276 -0.629921 0.826772,
        -2.795276 -0.214314 0.817576,
        -2.795276 -0.223148 0.275591,
        -2.795276 -0.215281 0.294581,
        -2.795276 -0.235661 0.259283,
        -2.795276 -0.251969 0.246770,
        -2.795276 -0.270959 0.238904,
        -2.795268 -0.630858 0.830626,
        -2.795105 -0.634402 0.845214,
        -2.793263 -0.645206 0.837591,
        -2.765748 -0.681065 0.826872,
        -2.772167 -0.676776 0.827206,
        -2.777979 -0.671680 0.827913,
        -2.783978 -0.664660 0.829455,
        -2.787364 -0.659449 0.831046,
        -2.790747 -0.652602 0.833763,
        -2.793102 -0.645681 0.837344,
        -2.379207 -0.688976 0.885132,
        -2.641173 -0.688976 0.849834,
        -2.628659 -0.688976 0.866142,
        -2.618110 -0.688976 0.905512,
        -2.618110 -0.688976 2.501413,
        -2.381890 -0.688976 2.501413,
        -2.620793 -0.688976 0.885132,
        -2.381890 -0.688976 0.905512,
        -2.358827 -0.688976 0.849834,
        -2.371341 -0.688976 0.866142,
        -2.676471 -0.688976 0.829455,
        -2.657480 -0.688976 0.837321,
        -2.374016 -0.688976 0.157480,
        -2.374016 -0.688976 0.000327,
        -2.625984 -0.688976 0.000327,
        -2.649047 -0.688976 0.213158,
        -2.665354 -0.688976 0.225671,
        -2.371333 -0.688976 0.177860,
        -2.684345 -0.688976 0.233537,
        -2.363467 -0.688976 0.196850,
        -2.350954 -0.688976 0.213158,
        -2.334646 -0.688976 0.225671,
        -2.625984 -0.688976 0.157480,
        -2.628667 -0.688976 0.177860,
        -2.636533 -0.688976 0.196850,
        -2.263780 -0.688976 0.236220,
        -2.342520 -0.688976 0.837321,
        -2.323529 -0.688976 0.829455,
        -2.315655 -0.688976 0.233537,
        -2.295276 -0.688976 0.236220,
        -2.206863 -0.645669 0.837321,
        -2.206781 -0.645198 0.837651,
        -2.206737 -0.645206 0.236220,
        -2.204724 -0.629921 0.236220,
        -2.204724 -0.629921 0.826772,
        -2.204732 -0.630858 0.830626,
        -2.204894 -0.634402 0.845214,
        -2.212636 -0.659449 0.236220,
        -2.212636 -0.659449 0.831046,
        -2.209258 -0.652614 0.833758,
        -2.222021 -0.671680 0.236220,
        -2.234252 -0.681065 0.236220,
        -2.234252 -0.681065 0.826872,
        -2.227823 -0.676769 0.827207,
        -2.222021 -0.671680 0.827913,
        -2.216022 -0.664660 0.829455,
        -2.248495 -0.686964 0.236220,
        -2.204724 -0.291339 0.236220,
        -2.204724 -0.216856 0.826772,
        -2.204724 -0.214314 0.817576,
        -2.204724 -0.212598 0.801230,
        -2.204724 -0.212598 0.314961,
        -2.204724 -0.270959 0.238904,
        -2.204724 -0.215281 0.294581,
        -2.204724 -0.223148 0.275591,
        -2.204724 -0.235661 0.259283,
        -2.204724 -0.251969 0.246770,
        -2.460630 -0.767717 2.795276,
        -2.539370 -0.767717 2.795276,
        -2.381890 -0.746618 2.716535,
        -2.618110 -0.746618 2.716535,
        -2.430497 -0.766111 2.789282,
        -2.421260 -0.764890 2.784726,
        -2.440250 -0.766998 2.792593,
        -2.412696 -0.763357 2.779004,
        -2.404952 -0.761537 2.772213,
        -2.384573 -0.752079 2.736915,
        -2.392439 -0.757167 2.755906,
        -2.587304 -0.763357 2.779004,
        -2.595048 -0.761537 2.772213,
        -2.615428 -0.752079 2.736915,
        -2.607561 -0.757167 2.755906,
        -2.578740 -0.764890 2.784726,
        -2.569503 -0.766111 2.789282,
        -2.559750 -0.766998 2.792593,
        -2.450352 -0.767536 2.794602,
        -2.549648 -0.767536 2.794602,
        -2.609718 -0.606299 2.482383,
        -2.609718 -0.350394 2.482383,
        -2.745516 -0.606299 2.660080,
        -2.793327 -0.429134 2.722643,
        -2.745516 -0.350394 2.660080,
        -2.757890 -0.353077 2.676273,
        -2.769421 -0.360943 2.691362,
        -2.779323 -0.373456 2.704319,
        -2.786921 -0.389764 2.714261,
        -2.791698 -0.408754 2.720511,
        -2.793327 -0.527559 2.722643,
        -2.791698 -0.547939 2.720511,
        -2.757890 -0.603616 2.676273,
        -2.786921 -0.566929 2.714261,
        -2.769421 -0.595750 2.691362,
        -2.779323 -0.583237 2.704319,
        -2.557296 -0.606299 2.267470,
        -2.557296 -0.350394 2.267470,
        -2.553282 -0.350394 2.324136,
        -2.553282 -0.606299 2.324136,
        -2.560980 -0.350394 2.380421,
        -2.560980 -0.606299 2.380421,
        -2.580063 -0.350394 2.433929,
        -2.580063 -0.606299 2.433929,
        -2.780183 -0.606299 0.999773,
        -2.780183 -0.337884 0.999773,
        -2.778318 -0.343607 1.010378,
        -2.772695 -0.350394 1.042359,
        -2.775569 -0.348678 1.026012,
        -2.794500 -0.616848 0.866142,
        -2.794801 -0.622590 0.857553,
        -2.795009 -0.629362 0.849834,
        -2.780815 -0.335400 0.996138,
        -2.791495 -0.606299 0.913601,
        -2.791495 -0.275556 0.913601,
        -2.792168 -0.606299 0.905512,
        -2.795061 -0.227592 0.847450,
        -2.792927 -0.606972 0.895239,
        -2.795255 -0.219385 0.833210,
        -2.793569 -0.608982 0.885132,
        -2.794091 -0.612285 0.875398,
        -2.893427 -0.629796 0.850263,
        -2.893268 -0.622551 0.857604,
        -2.892994 -0.616848 0.866142,
        -2.892626 -0.612307 0.875345,
        -2.892148 -0.608982 0.885132,
        -2.893682 -0.219385 0.833210,
        -2.893506 -0.227592 0.847450,
        -2.891565 -0.606976 0.895212,
        -2.889548 -0.281758 0.922155,
        -2.877121 -0.606299 1.016817,
        -2.877121 -0.346136 1.016817,
        -2.889548 -0.606299 0.922155,
        -2.878233 -0.343607 1.010378,
        -2.890872 -0.606299 0.905512,
        -2.880554 -0.335400 0.996138,
        -2.875504 -0.348678 1.026012,
        -2.654235 -0.606299 2.284513,
        -2.654235 -0.350394 2.284513,
        -2.872630 -0.350394 1.042359,
        -2.687921 -0.606299 2.422619,
        -2.687921 -0.350394 2.422619,
        -2.668865 -0.606299 2.391482,
        -2.668865 -0.350394 2.391482,
        -2.656602 -0.606299 2.357097,
        -2.656602 -0.350394 2.357097,
        -2.651655 -0.606299 2.320928,
        -2.651655 -0.350394 2.320928,
        -2.871530 -0.429134 2.662879,
        -2.871530 -0.527559 2.662879,
        -2.869901 -0.408754 2.660748,
        -2.836094 -0.353077 2.616509,
        -2.823719 -0.350394 2.600317,
        -2.865125 -0.389764 2.654498,
        -2.857527 -0.373456 2.644555,
        -2.847625 -0.360943 2.631598,
        -2.857527 -0.583237 2.644555,
        -2.865125 -0.566929 2.654498,
        -2.847625 -0.595750 2.631598,
        -2.836094 -0.603616 2.616509,
        -2.823719 -0.606299 2.600317,
        -2.869901 -0.547939 2.660748,
        -2.205016 -0.629686 0.850144,
        -2.205200 -0.622548 0.857607,
        -2.205500 -0.616848 0.866142,
        -2.205906 -0.612307 0.875345,
        -2.206430 -0.608982 0.885132,
        -2.204745 -0.219385 0.833210,
        -2.204938 -0.227592 0.847450,
        -2.207072 -0.606976 0.895213,
        -2.208505 -0.275556 0.913601,
        -2.208505 -0.606299 0.913601,
        -2.219817 -0.606299 0.999773,
        -2.219817 -0.337884 0.999773,
        -2.207832 -0.606299 0.905512,
        -2.219185 -0.335400 0.996138,
        -2.221682 -0.343607 1.010378,
        -2.224431 -0.348678 1.026012,
        -2.442704 -0.606299 2.267470,
        -2.442704 -0.350394 2.267470,
        -2.227305 -0.350394 1.042359,
        -2.390282 -0.606299 2.482383,
        -2.390282 -0.350394 2.482383,
        -2.419937 -0.350394 2.433929,
        -2.419937 -0.606299 2.433929,
        -2.439020 -0.350394 2.380421,
        -2.439020 -0.606299 2.380421,
        -2.446718 -0.350394 2.324136,
        -2.446718 -0.606299 2.324136,
        -2.208302 -0.547939 2.720511,
        -2.206673 -0.527559 2.722643,
        -2.254484 -0.606299 2.660080,
        -2.254484 -0.350394 2.660080,
        -2.242110 -0.603616 2.676273,
        -2.230579 -0.595750 2.691362,
        -2.220677 -0.583237 2.704319,
        -2.213079 -0.566929 2.714261,
        -2.230579 -0.360943 2.691362,
        -2.208302 -0.408754 2.720511,
        -2.220677 -0.373456 2.704319,
        -2.213079 -0.389764 2.714261,
        -2.206673 -0.429134 2.722643,
        -2.242110 -0.353077 2.676273,
        -2.128470 -0.429134 2.662879,
        -2.128470 -0.527559 2.662879,
        -2.312079 -0.606299 2.422619,
        -2.312079 -0.350394 2.422619,
        -2.176281 -0.606299 2.600317,
        -2.176281 -0.350394 2.600317,
        -2.163906 -0.353077 2.616509,
        -2.130099 -0.408754 2.660748,
        -2.142473 -0.583237 2.644555,
        -2.152375 -0.595750 2.631598,
        -2.134875 -0.566929 2.654498,
        -2.130099 -0.547939 2.660748,
        -2.163906 -0.603616 2.616509,
        -2.152375 -0.360943 2.631598,
        -2.142473 -0.373456 2.644555,
        -2.134875 -0.389764 2.654498,
        -2.345765 -0.606299 2.284513,
        -2.345765 -0.350394 2.284513,
        -2.348345 -0.606299 2.320928,
        -2.348345 -0.350394 2.320928,
        -2.343398 -0.606299 2.357097,
        -2.343398 -0.350394 2.357097,
        -2.331135 -0.606299 2.391482,
        -2.331135 -0.350394 2.391482,
        -2.127370 -0.350394 1.042359,
        -2.122879 -0.606299 1.016817,
        -2.124496 -0.348678 1.026012,
        -2.122879 -0.346136 1.016817,
        -2.107376 -0.612294 0.875378,
        -2.107852 -0.608982 0.885132,
        -2.106318 -0.219385 0.833210,
        -2.108437 -0.606972 0.895243,
        -2.106494 -0.227592 0.847450,
        -2.109128 -0.606299 0.905512,
        -2.110452 -0.281758 0.922155,
        -2.110452 -0.606299 0.922155,
        -2.107006 -0.616848 0.866142,
        -2.106731 -0.622596 0.857545,
        -2.106542 -0.629362 0.849834,
        -2.121767 -0.343607 1.010378,
        -2.119446 -0.335400 0.996138,
        -2.374016 -1.103776 -0.068898,
        -2.374016 -1.103776 -0.167323,
        -2.374016 -0.856626 -0.068898,
        -2.374016 -0.856626 -0.167323,
        -2.374016 -0.838709 -0.066539,
        -2.374016 -0.813235 -0.161610,
        -2.374016 -0.822014 -0.059623,
        -2.374016 -0.772801 -0.144862,
        -2.374016 -0.807677 -0.048622,
        -2.374016 -0.738080 -0.118219,
        -2.374016 -0.796676 -0.034285,
        -2.374016 -0.711437 -0.083498,
        -2.374016 -0.789760 -0.017590,
        -2.374016 -0.694689 -0.043064,
        -2.625984 -0.789760 -0.017590,
        -2.625984 -0.694689 -0.043064,
        -2.625984 -0.796676 -0.034285,
        -2.625984 -0.711437 -0.083498,
        -2.625984 -0.807677 -0.048622,
        -2.625984 -0.738080 -0.118219,
        -2.625984 -0.822014 -0.059623,
        -2.625984 -0.772801 -0.144862,
        -2.625984 -0.838709 -0.066539,
        -2.625984 -0.813235 -0.161610,
        -2.625984 -0.856626 -0.068898,
        -2.625984 -0.856626 -0.167323,
        -2.625984 -1.103776 -0.068898,
        -2.625984 -1.103776 -0.167323,
        -2.452756 -1.397638 -0.167323,
        -2.547244 -1.397638 -0.167323,
        -2.452756 -1.397638 -0.068898,
        -2.547244 -1.397638 -0.068898,
        -1.704724 -0.688976 0.236220,
        -1.704724 -0.787402 0.236220,
        -1.736220 -0.688976 0.236220,
        -1.736220 -0.787402 0.236220,
        -1.751505 -0.686964 0.236220,
        -1.776980 -0.782035 0.236220,
        -1.765748 -0.681065 0.236220,
        -1.814961 -0.766303 0.236220,
        -1.777979 -0.671680 0.236220,
        -1.847576 -0.741277 0.236220,
        -1.787364 -0.659449 0.236220,
        -1.872602 -0.708661 0.236220,
        -1.793263 -0.645206 0.236220,
        -1.888335 -0.670680 0.236220,
        -1.795276 -0.629921 0.236220,
        -1.893701 -0.629921 0.236220,
        -1.795276 -0.291339 0.236220,
        -1.893701 -0.291339 0.236220,
        -1.127398 -0.708661 0.826772,
        -1.116260 -0.685039 0.826772,
        -1.242578 -0.685039 0.826772,
        -1.303150 -0.688976 0.826772,
        -1.303150 -0.787402 0.826772,
        -1.263780 -0.688976 0.826772,
        -1.263780 -0.787402 0.826772,
        -1.248495 -0.686964 0.826772,
        -1.223020 -0.782035 0.826772,
        -1.185039 -0.766303 0.826772,
        -1.152424 -0.741277 0.826772,
        -1.757422 -0.685039 0.826772,
        -1.883740 -0.685039 0.826772,
        -1.872602 -0.708661 0.826772,
        -1.696850 -0.787402 0.826772,
        -1.696850 -0.688976 0.826772,
        -1.736220 -0.787402 0.826772,
        -1.736220 -0.688976 0.826772,
        -1.776980 -0.782035 0.826772,
        -1.751505 -0.686964 0.826772,
        -1.814961 -0.766303 0.826772,
        -1.847576 -0.741277 0.826772,
        -1.106299 -0.216856 0.826772,
        -1.106299 -0.629921 0.826772,
        -1.106299 -0.214314 0.817576,
        -1.106299 -0.212598 0.801230,
        -1.106299 -0.223148 0.275591,
        -1.106299 -0.270959 0.238904,
        -1.106299 -0.235661 0.259283,
        -1.106299 -0.251969 0.246770,
        -1.106299 -0.629921 0.236220,
        -1.106299 -0.291339 0.236220,
        -1.106299 -0.212598 0.314961,
        -1.106299 -0.215281 0.294581,
        -1.127398 -0.708661 0.236220,
        -1.152424 -0.741277 0.236220,
        -1.185039 -0.766303 0.236220,
        -1.223020 -0.782035 0.236220,
        -1.263780 -0.787402 0.236220,
        -1.111665 -0.670680 0.236220,
        -1.107089 -0.645669 0.837321,
        -1.106306 -0.631394 0.830659,
        -1.106429 -0.636316 0.843657,
        -1.108295 -0.654915 0.832762,
        -1.110178 -0.664660 0.829455,
        -1.111665 -0.670680 0.828092,
        -1.363467 -0.787402 0.196850,
        -1.350954 -0.787402 0.213158,
        -1.628667 -0.787402 0.177860,
        -1.620793 -0.787402 0.885132,
        -1.358827 -0.787402 0.849834,
        -1.371341 -0.787402 0.866142,
        -1.379207 -0.787402 0.885132,
        -1.381890 -0.787402 0.905512,
        -1.618110 -0.787402 0.905512,
        -1.684345 -0.787402 0.233537,
        -1.641173 -0.787402 0.849834,
        -1.657480 -0.787402 0.837321,
        -1.295276 -0.787402 0.236220,
        -1.628659 -0.787402 0.866142,
        -1.323529 -0.787402 0.829455,
        -1.342520 -0.787402 0.837321,
        -1.625984 -0.787402 0.000327,
        -1.374016 -0.787402 0.000327,
        -1.625984 -0.787402 0.157480,
        -1.374016 -0.787402 0.157480,
        -1.371333 -0.787402 0.177860,
        -1.618110 -0.787402 2.716535,
        -1.539370 -0.787402 2.795276,
        -1.460630 -0.787402 2.795276,
        -1.334646 -0.787402 0.225671,
        -1.315655 -0.787402 0.233537,
        -1.636533 -0.787402 0.196850,
        -1.649047 -0.787402 0.213158,
        -1.665354 -0.787402 0.225671,
        -1.381890 -0.787402 2.716535,
        -1.440250 -0.787402 2.792593,
        -1.392439 -0.787402 2.755906,
        -1.404952 -0.787402 2.772213,
        -1.421260 -0.787402 2.784726,
        -1.676471 -0.787402 0.829455,
        -1.384573 -0.787402 2.736915,
        -1.578740 -0.787402 2.784726,
        -1.595048 -0.787402 2.772213,
        -1.607561 -0.787402 2.755906,
        -1.559750 -0.787402 2.792593,
        -1.615427 -0.787402 2.736915,
        -1.889597 -0.664774 0.829841,
        -1.891703 -0.654925 0.832758,
        -1.893701 -0.629921 0.826772,
        -1.892911 -0.645669 0.837321,
        -1.893694 -0.631394 0.830659,
        -1.893571 -0.636316 0.843657,
        -1.888335 -0.670680 0.828092,
        -1.893701 -0.216856 0.826772,
        -1.893701 -0.214314 0.817576,
        -1.893701 -0.212598 0.801230,
        -1.893701 -0.212598 0.314961,
        -1.893701 -0.270959 0.238904,
        -1.893701 -0.215281 0.294581,
        -1.893701 -0.223148 0.275591,
        -1.893701 -0.235661 0.259283,
        -1.893701 -0.251969 0.246770,
        -1.795276 -0.212598 0.801230,
        -1.795276 -0.212598 0.314961,
        -1.795276 -0.216856 0.826772,
        -1.795276 -0.629921 0.826772,
        -1.795276 -0.214314 0.817576,
        -1.795276 -0.223148 0.275591,
        -1.795276 -0.215281 0.294581,
        -1.795276 -0.235661 0.259283,
        -1.795276 -0.251969 0.246770,
        -1.795276 -0.270959 0.238904,
        -1.795268 -0.630858 0.830626,
        -1.795105 -0.634402 0.845214,
        -1.793263 -0.645206 0.837591,
        -1.765748 -0.681065 0.826872,
        -1.772166 -0.676776 0.827206,
        -1.777979 -0.671680 0.827913,
        -1.783978 -0.664660 0.829455,
        -1.787364 -0.659449 0.831046,
        -1.790747 -0.652602 0.833763,
        -1.793102 -0.645681 0.837344,
        -1.315655 -0.688976 0.233537,
        -1.334646 -0.688976 0.225671,
        -1.628667 -0.688976 0.177860,
        -1.350954 -0.688976 0.213158,
        -1.374016 -0.688976 0.000327,
        -1.625984 -0.688976 0.000327,
        -1.374016 -0.688976 0.157480,
        -1.625984 -0.688976 0.157480,
        -1.371333 -0.688976 0.177860,
        -1.363467 -0.688976 0.196850,
        -1.641173 -0.688976 0.849834,
        -1.358827 -0.688976 0.849834,
        -1.657480 -0.688976 0.837321,
        -1.676471 -0.688976 0.829455,
        -1.628659 -0.688976 0.866142,
        -1.379207 -0.688976 0.885132,
        -1.371341 -0.688976 0.866142,
        -1.263780 -0.688976 0.236220,
        -1.618110 -0.688976 0.905512,
        -1.618110 -0.688976 2.501413,
        -1.381890 -0.688976 2.501413,
        -1.295276 -0.688976 0.236220,
        -1.323529 -0.688976 0.829455,
        -1.636533 -0.688976 0.196850,
        -1.620793 -0.688976 0.885132,
        -1.381890 -0.688976 0.905512,
        -1.649047 -0.688976 0.213158,
        -1.665354 -0.688976 0.225671,
        -1.342520 -0.688976 0.837321,
        -1.684345 -0.688976 0.233537,
        -1.206863 -0.645669 0.837321,
        -1.206781 -0.645198 0.837651,
        -1.206737 -0.645206 0.236220,
        -1.204724 -0.629921 0.236220,
        -1.204724 -0.629921 0.826772,
        -1.204732 -0.630858 0.830626,
        -1.204894 -0.634402 0.845214,
        -1.212636 -0.659449 0.236220,
        -1.212636 -0.659449 0.831046,
        -1.209259 -0.652614 0.833758,
        -1.222021 -0.671680 0.236220,
        -1.234252 -0.681065 0.236220,
        -1.234252 -0.681065 0.826872,
        -1.227823 -0.676769 0.827207,
        -1.222021 -0.671680 0.827913,
        -1.216022 -0.664660 0.829455,
        -1.248495 -0.686964 0.236220,
        -1.204724 -0.291339 0.236220,
        -1.204724 -0.216856 0.826772,
        -1.204724 -0.214314 0.817576,
        -1.204724 -0.212598 0.801230,
        -1.204724 -0.212598 0.314961,
        -1.204724 -0.270959 0.238904,
        -1.204724 -0.215281 0.294581,
        -1.204724 -0.223148 0.275591,
        -1.204724 -0.235661 0.259283,
        -1.204724 -0.251969 0.246770,
        -1.460630 -0.767717 2.795276,
        -1.539370 -0.767717 2.795276,
        -1.381890 -0.746618 2.716535,
        -1.618110 -0.746618 2.716535,
        -1.430497 -0.766111 2.789282,
        -1.421260 -0.764890 2.784726,
        -1.440250 -0.766998 2.792593,
        -1.412696 -0.763357 2.779004,
        -1.404952 -0.761537 2.772213,
        -1.384573 -0.752079 2.736915,
        -1.392439 -0.757167 2.755906,
        -1.587304 -0.763357 2.779004,
        -1.595048 -0.761537 2.772213,
        -1.615427 -0.752079 2.736915,
        -1.607561 -0.757167 2.755906,
        -1.578740 -0.764890 2.784726,
        -1.569503 -0.766111 2.789282,
        -1.559750 -0.766998 2.792593,
        -1.450352 -0.767536 2.794602,
        -1.549648 -0.767536 2.794602,
        -1.791698 -0.408754 2.720511,
        -1.793327 -0.429134 2.722643,
        -1.745515 -0.350394 2.660080,
        -1.757890 -0.603616 2.676273,
        -1.745515 -0.606299 2.660080,
        -1.793327 -0.527559 2.722643,
        -1.609718 -0.606299 2.482383,
        -1.609718 -0.350394 2.482383,
        -1.757890 -0.353077 2.676273,
        -1.769421 -0.360943 2.691362,
        -1.791698 -0.547939 2.720511,
        -1.786921 -0.566929 2.714261,
        -1.779323 -0.583237 2.704319,
        -1.779323 -0.373456 2.704319,
        -1.786921 -0.389764 2.714261,
        -1.769421 -0.595750 2.691362,
        -1.557296 -0.606299 2.267470,
        -1.557296 -0.350394 2.267470,
        -1.553282 -0.350394 2.324136,
        -1.553282 -0.606299 2.324136,
        -1.560980 -0.350394 2.380421,
        -1.560980 -0.606299 2.380421,
        -1.580063 -0.350394 2.433929,
        -1.580063 -0.606299 2.433929,
        -1.780183 -0.606299 0.999773,
        -1.780183 -0.337884 0.999773,
        -1.778318 -0.343607 1.010378,
        -1.772695 -0.350394 1.042359,
        -1.775569 -0.348678 1.026012,
        -1.794500 -0.616848 0.866142,
        -1.794801 -0.622590 0.857553,
        -1.795009 -0.629362 0.849834,
        -1.780815 -0.335400 0.996138,
        -1.791495 -0.606299 0.913601,
        -1.791495 -0.275556 0.913601,
        -1.792168 -0.606299 0.905512,
        -1.795061 -0.227592 0.847450,
        -1.792927 -0.606972 0.895239,
        -1.795255 -0.219385 0.833210,
        -1.793570 -0.608982 0.885132,
        -1.794092 -0.612285 0.875398,
        -1.893427 -0.629796 0.850263,
        -1.893268 -0.622551 0.857604,
        -1.892994 -0.616848 0.866142,
        -1.892625 -0.612307 0.875345,
        -1.892148 -0.608982 0.885132,
        -1.893682 -0.219385 0.833210,
        -1.893506 -0.227592 0.847450,
        -1.891565 -0.606976 0.895212,
        -1.889548 -0.281758 0.922155,
        -1.877121 -0.606299 1.016817,
        -1.877121 -0.346136 1.016817,
        -1.889548 -0.606299 0.922155,
        -1.878233 -0.343607 1.010378,
        -1.890872 -0.606299 0.905512,
        -1.880554 -0.335400 0.996138,
        -1.875504 -0.348678 1.026012,
        -1.654235 -0.606299 2.284513,
        -1.654235 -0.350394 2.284513,
        -1.872630 -0.350394 1.042359,
        -1.687921 -0.606299 2.422619,
        -1.687921 -0.350394 2.422619,
        -1.668865 -0.606299 2.391482,
        -1.668865 -0.350394 2.391482,
        -1.656602 -0.606299 2.357097,
        -1.656602 -0.350394 2.357097,
        -1.651655 -0.606299 2.320928,
        -1.651655 -0.350394 2.320928,
        -1.823719 -0.606299 2.600317,
        -1.871530 -0.527559 2.662879,
        -1.836094 -0.603616 2.616509,
        -1.847625 -0.595750 2.631598,
        -1.857527 -0.583237 2.644555,
        -1.865125 -0.566929 2.654498,
        -1.869901 -0.547939 2.660748,
        -1.871530 -0.429134 2.662879,
        -1.823719 -0.350394 2.600317,
        -1.869901 -0.408754 2.660748,
        -1.865125 -0.389764 2.654498,
        -1.857527 -0.373456 2.644555,
        -1.847625 -0.360943 2.631598,
        -1.836094 -0.353077 2.616509,
        -1.205016 -0.629686 0.850144,
        -1.205200 -0.622548 0.857607,
        -1.205500 -0.616848 0.866142,
        -1.205906 -0.612307 0.875345,
        -1.206430 -0.608982 0.885132,
        -1.204745 -0.219385 0.833210,
        -1.204939 -0.227592 0.847450,
        -1.207072 -0.606976 0.895213,
        -1.208505 -0.275556 0.913601,
        -1.208505 -0.606299 0.913601,
        -1.219817 -0.606299 0.999773,
        -1.219817 -0.337884 0.999773,
        -1.207832 -0.606299 0.905512,
        -1.219185 -0.335400 0.996138,
        -1.221682 -0.343607 1.010378,
        -1.224431 -0.348678 1.026012,
        -1.442704 -0.606299 2.267470,
        -1.442704 -0.350394 2.267470,
        -1.227305 -0.350394 1.042359,
        -1.390282 -0.606299 2.482383,
        -1.390282 -0.350394 2.482383,
        -1.419937 -0.350394 2.433929,
        -1.419937 -0.606299 2.433929,
        -1.439020 -0.350394 2.380421,
        -1.439020 -0.606299 2.380421,
        -1.446718 -0.350394 2.324136,
        -1.446718 -0.606299 2.324136,
        -1.213079 -0.566929 2.714261,
        -1.208302 -0.547939 2.720511,
        -1.220677 -0.583237 2.704319,
        -1.206673 -0.527559 2.722643,
        -1.230579 -0.595750 2.691362,
        -1.206673 -0.429134 2.722643,
        -1.254484 -0.350394 2.660080,
        -1.254484 -0.606299 2.660080,
        -1.242110 -0.603616 2.676273,
        -1.213079 -0.389764 2.714261,
        -1.220677 -0.373456 2.704319,
        -1.230579 -0.360943 2.691362,
        -1.208302 -0.408754 2.720511,
        -1.242110 -0.353077 2.676273,
        -1.128470 -0.429134 2.662879,
        -1.128470 -0.527559 2.662879,
        -1.176281 -0.606299 2.600317,
        -1.312079 -0.606299 2.422619,
        -1.163906 -0.603616 2.616509,
        -1.312079 -0.350394 2.422619,
        -1.176281 -0.350394 2.600317,
        -1.130099 -0.408754 2.660748,
        -1.130099 -0.547939 2.660748,
        -1.134875 -0.566929 2.654498,
        -1.152375 -0.360943 2.631598,
        -1.142473 -0.373456 2.644555,
        -1.134875 -0.389764 2.654498,
        -1.142473 -0.583237 2.644555,
        -1.152375 -0.595750 2.631598,
        -1.163906 -0.353077 2.616509,
        -1.345765 -0.606299 2.284513,
        -1.345765 -0.350394 2.284513,
        -1.348345 -0.606299 2.320928,
        -1.348345 -0.350394 2.320928,
        -1.343398 -0.606299 2.357097,
        -1.343398 -0.350394 2.357097,
        -1.331135 -0.606299 2.391482,
        -1.331135 -0.350394 2.391482,
        -1.127370 -0.350394 1.042359,
        -1.122879 -0.606299 1.016817,
        -1.124496 -0.348678 1.026012,
        -1.122879 -0.346136 1.016817,
        -1.107376 -0.612294 0.875378,
        -1.107852 -0.608982 0.885132,
        -1.106318 -0.219385 0.833210,
        -1.108437 -0.606972 0.895243,
        -1.106494 -0.227592 0.847450,
        -1.109128 -0.606299 0.905512,
        -1.110452 -0.281758 0.922155,
        -1.110452 -0.606299 0.922155,
        -1.107006 -0.616848 0.866142,
        -1.106731 -0.622596 0.857545,
        -1.106542 -0.629362 0.849834,
        -1.121767 -0.343607 1.010378,
        -1.119446 -0.335400 0.996138,
        -1.374016 -1.103776 -0.068898,
        -1.374016 -1.103776 -0.167323,
        -1.374016 -0.856626 -0.068898,
        -1.374016 -0.856626 -0.167323,
        -1.374016 -0.838709 -0.066539,
        -1.374016 -0.813235 -0.161610,
        -1.374016 -0.822014 -0.059623,
        -1.374016 -0.772801 -0.144862,
        -1.374016 -0.807677 -0.048622,
        -1.374016 -0.738080 -0.118219,
        -1.374016 -0.796676 -0.034285,
        -1.374016 -0.711437 -0.083498,
        -1.374016 -0.789760 -0.017590,
        -1.374016 -0.694689 -0.043064,
        -1.625984 -0.789760 -0.017590,
        -1.625984 -0.694689 -0.043064,
        -1.625984 -0.796676 -0.034285,
        -1.625984 -0.711437 -0.083498,
        -1.625984 -0.807677 -0.048622,
        -1.625984 -0.738080 -0.118219,
        -1.625984 -0.822014 -0.059623,
        -1.625984 -0.772801 -0.144862,
        -1.625984 -0.838709 -0.066539,
        -1.625984 -0.813235 -0.161610,
        -1.625984 -0.856626 -0.068898,
        -1.625984 -0.856626 -0.167323,
        -1.625984 -1.103776 -0.068898,
        -1.625984 -1.103776 -0.167323,
        -1.452756 -1.397638 -0.167323,
        -1.547244 -1.397638 -0.167323,
        -1.452756 -1.397638 -0.068898,
        -1.547244 -1.397638 -0.068898,
        -0.704724 -0.688976 0.236220,
        -0.704724 -0.787402 0.236220,
        -0.736220 -0.688976 0.236220,
        -0.736220 -0.787402 0.236220,
        -0.751505 -0.686964 0.236220,
        -0.776980 -0.782035 0.236220,
        -0.765748 -0.681065 0.236220,
        -0.814961 -0.766303 0.236220,
        -0.777979 -0.671680 0.236220,
        -0.847576 -0.741277 0.236220,
        -0.787364 -0.659449 0.236220,
        -0.872602 -0.708661 0.236220,
        -0.793263 -0.645206 0.236220,
        -0.888335 -0.670680 0.236220,
        -0.795276 -0.629921 0.236220,
        -0.893701 -0.629921 0.236220,
        -0.795276 -0.291339 0.236220,
        -0.893701 -0.291339 0.236220,
        -0.127398 -0.708661 0.826772,
        -0.116260 -0.685039 0.826772,
        -0.242578 -0.685039 0.826772,
        -0.303150 -0.688976 0.826772,
        -0.303150 -0.787402 0.826772,
        -0.263780 -0.688976 0.826772,
        -0.263780 -0.787402 0.826772,
        -0.248495 -0.686964 0.826772,
        -0.223020 -0.782035 0.826772,
        -0.185039 -0.766303 0.826772,
        -0.152424 -0.741277 0.826772,
        -0.757422 -0.685039 0.826772,
        -0.883740 -0.685039 0.826772,
        -0.872602 -0.708661 0.826772,
        -0.696850 -0.787402 0.826772,
        -0.696850 -0.688976 0.826772,
        -0.736220 -0.787402 0.826772,
        -0.736220 -0.688976 0.826772,
        -0.776980 -0.782035 0.826772,
        -0.751505 -0.686964 0.826772,
        -0.814961 -0.766303 0.826772,
        -0.847576 -0.741277 0.826772,
        -0.106299 -0.216856 0.826772,
        -0.106299 -0.629921 0.826772,
        -0.106299 -0.214314 0.817576,
        -0.106299 -0.212598 0.801230,
        -0.106299 -0.223148 0.275591,
        -0.106299 -0.270959 0.238904,
        -0.106299 -0.235661 0.259283,
        -0.106299 -0.251969 0.246770,
        -0.106299 -0.629921 0.236220,
        -0.106299 -0.291339 0.236220,
        -0.106299 -0.212598 0.314961,
        -0.106299 -0.215281 0.294581,
        -0.127398 -0.708661 0.236220,
        -0.152424 -0.741277 0.236220,
        -0.185039 -0.766303 0.236220,
        -0.223020 -0.782035 0.236220,
        -0.263780 -0.787402 0.236220,
        -0.111665 -0.670680 0.236220,
        -0.107089 -0.645669 0.837321,
        -0.106306 -0.631394 0.830659,
        -0.106429 -0.636316 0.843657,
        -0.108295 -0.654915 0.832762,
        -0.110178 -0.664660 0.829455,
        -0.111665 -0.670680 0.828092,
        -0.363467 -0.787402 0.196850,
        -0.350953 -0.787402 0.213158,
        -0.628667 -0.787402 0.177860,
        -0.371341 -0.787402 0.866142,
        -0.358827 -0.787402 0.849834,
        -0.684345 -0.787402 0.233537,
        -0.620793 -0.787402 0.885132,
        -0.628659 -0.787402 0.866142,
        -0.379207 -0.787402 0.885132,
        -0.641173 -0.787402 0.849834,
        -0.295276 -0.787402 0.236220,
        -0.676471 -0.787402 0.829455,
        -0.657480 -0.787402 0.837321,
        -0.334646 -0.787402 0.225671,
        -0.315655 -0.787402 0.233537,
        -0.636533 -0.787402 0.196850,
        -0.618110 -0.787402 2.716535,
        -0.618110 -0.787402 0.905512,
        -0.539370 -0.787402 2.795276,
        -0.460630 -0.787402 2.795276,
        -0.381890 -0.787402 0.905512,
        -0.381890 -0.787402 2.716535,
        -0.440250 -0.787402 2.792593,
        -0.649047 -0.787402 0.213158,
        -0.665354 -0.787402 0.225671,
        -0.323529 -0.787402 0.829455,
        -0.342520 -0.787402 0.837321,
        -0.625984 -0.787402 0.000327,
        -0.374016 -0.787402 0.000327,
        -0.625984 -0.787402 0.157480,
        -0.374016 -0.787402 0.157480,
        -0.371333 -0.787402 0.177860,
        -0.384573 -0.787402 2.736915,
        -0.392439 -0.787402 2.755906,
        -0.404952 -0.787402 2.772213,
        -0.421260 -0.787402 2.784726,
        -0.578740 -0.787402 2.784726,
        -0.595048 -0.787402 2.772213,
        -0.607561 -0.787402 2.755906,
        -0.559750 -0.787402 2.792593,
        -0.615427 -0.787402 2.736915,
        -0.889597 -0.664774 0.829841,
        -0.891703 -0.654925 0.832758,
        -0.893701 -0.629921 0.826772,
        -0.892911 -0.645669 0.837321,
        -0.893694 -0.631394 0.830659,
        -0.893571 -0.636316 0.843657,
        -0.888335 -0.670680 0.828092,
        -0.893701 -0.216856 0.826772,
        -0.893701 -0.214314 0.817576,
        -0.893701 -0.212598 0.801230,
        -0.893701 -0.212598 0.314961,
        -0.893701 -0.270959 0.238904,
        -0.893701 -0.215281 0.294581,
        -0.893701 -0.223148 0.275591,
        -0.893701 -0.235661 0.259283,
        -0.893701 -0.251969 0.246770,
        -0.795276 -0.212598 0.801230,
        -0.795276 -0.212598 0.314961,
        -0.795276 -0.216856 0.826772,
        -0.795276 -0.629921 0.826772,
        -0.795276 -0.214314 0.817576,
        -0.795276 -0.223148 0.275591,
        -0.795276 -0.215281 0.294581,
        -0.795276 -0.235661 0.259283,
        -0.795276 -0.251969 0.246770,
        -0.795276 -0.270959 0.238904,
        -0.795268 -0.630858 0.830626,
        -0.795106 -0.634402 0.845214,
        -0.793263 -0.645206 0.837591,
        -0.765748 -0.681065 0.826872,
        -0.772167 -0.676776 0.827206,
        -0.777979 -0.671680 0.827913,
        -0.783978 -0.664660 0.829455,
        -0.787364 -0.659449 0.831046,
        -0.790747 -0.652602 0.833763,
        -0.793102 -0.645681 0.837344,
        -0.371341 -0.688976 0.866142,
        -0.358827 -0.688976 0.849834,
        -0.620793 -0.688976 0.885132,
        -0.263780 -0.688976 0.236220,
        -0.363467 -0.688976 0.196850,
        -0.371333 -0.688976 0.177860,
        -0.684345 -0.688976 0.233537,
        -0.636533 -0.688976 0.196850,
        -0.649047 -0.688976 0.213158,
        -0.665354 -0.688976 0.225671,
        -0.342520 -0.688976 0.837321,
        -0.323529 -0.688976 0.829455,
        -0.628659 -0.688976 0.866142,
        -0.618110 -0.688976 2.501413,
        -0.381890 -0.688976 2.501413,
        -0.618110 -0.688976 0.905512,
        -0.381890 -0.688976 0.905512,
        -0.379207 -0.688976 0.885132,
        -0.374016 -0.688976 0.000327,
        -0.625984 -0.688976 0.000327,
        -0.374016 -0.688976 0.157480,
        -0.625984 -0.688976 0.157480,
        -0.628667 -0.688976 0.177860,
        -0.641173 -0.688976 0.849834,
        -0.295276 -0.688976 0.236220,
        -0.657480 -0.688976 0.837321,
        -0.315655 -0.688976 0.233537,
        -0.676471 -0.688976 0.829455,
        -0.334646 -0.688976 0.225671,
        -0.350953 -0.688976 0.213158,
        -0.206863 -0.645669 0.837321,
        -0.206780 -0.645198 0.837651,
        -0.206737 -0.645206 0.236220,
        -0.204724 -0.629921 0.236220,
        -0.204724 -0.629921 0.826772,
        -0.204732 -0.630858 0.830626,
        -0.204894 -0.634402 0.845214,
        -0.212636 -0.659449 0.236220,
        -0.212636 -0.659449 0.831046,
        -0.209259 -0.652614 0.833758,
        -0.222021 -0.671680 0.236220,
        -0.234252 -0.681065 0.236220,
        -0.234252 -0.681065 0.826872,
        -0.227823 -0.676769 0.827207,
        -0.222021 -0.671680 0.827913,
        -0.216022 -0.664660 0.829455,
        -0.248495 -0.686964 0.236220,
        -0.204724 -0.291339 0.236220,
        -0.204724 -0.216856 0.826772,
        -0.204724 -0.214314 0.817576,
        -0.204724 -0.212598 0.801230,
        -0.204724 -0.212598 0.314961,
        -0.204724 -0.270959 0.238904,
        -0.204724 -0.215281 0.294581,
        -0.204724 -0.223148 0.275591,
        -0.204724 -0.235661 0.259283,
        -0.204724 -0.251969 0.246770,
        -0.460630 -0.767717 2.795276,
        -0.539370 -0.767717 2.795276,
        -0.381890 -0.746618 2.716535,
        -0.618110 -0.746618 2.716535,
        -0.430497 -0.766111 2.789282,
        -0.421260 -0.764890 2.784726,
        -0.440250 -0.766998 2.792593,
        -0.412696 -0.763357 2.779004,
        -0.404952 -0.761537 2.772213,
        -0.384573 -0.752079 2.736915,
        -0.392439 -0.757167 2.755906,
        -0.587304 -0.763357 2.779004,
        -0.595048 -0.761537 2.772213,
        -0.615427 -0.752079 2.736915,
        -0.607561 -0.757167 2.755906,
        -0.578740 -0.764890 2.784726,
        -0.569503 -0.766111 2.789282,
        -0.559750 -0.766998 2.792593,
        -0.450352 -0.767536 2.794602,
        -0.549648 -0.767536 2.794602,
        -0.786921 -0.389764 2.714261,
        -0.791698 -0.408754 2.720511,
        -0.793327 -0.429134 2.722643,
        -0.757890 -0.603616 2.676273,
        -0.745516 -0.606299 2.660080,
        -0.793327 -0.527559 2.722643,
        -0.609718 -0.606299 2.482383,
        -0.609718 -0.350394 2.482383,
        -0.745516 -0.350394 2.660080,
        -0.757890 -0.353077 2.676273,
        -0.769421 -0.360943 2.691362,
        -0.779323 -0.373456 2.704319,
        -0.791698 -0.547939 2.720511,
        -0.786921 -0.566929 2.714261,
        -0.779323 -0.583237 2.704319,
        -0.769421 -0.595750 2.691362,
        -0.557296 -0.606299 2.267470,
        -0.557296 -0.350394 2.267470,
        -0.553282 -0.350394 2.324136,
        -0.553282 -0.606299 2.324136,
        -0.560980 -0.350394 2.380421,
        -0.560980 -0.606299 2.380421,
        -0.580063 -0.350394 2.433929,
        -0.580063 -0.606299 2.433929,
        -0.780183 -0.606299 0.999773,
        -0.780183 -0.337884 0.999773,
        -0.778318 -0.343607 1.010378,
        -0.772695 -0.350394 1.042359,
        -0.775569 -0.348678 1.026012,
        -0.794500 -0.616848 0.866142,
        -0.794801 -0.622590 0.857553,
        -0.795009 -0.629362 0.849834,
        -0.780815 -0.335400 0.996138,
        -0.791495 -0.606299 0.913601,
        -0.791495 -0.275556 0.913601,
        -0.792168 -0.606299 0.905512,
        -0.795061 -0.227592 0.847450,
        -0.792927 -0.606972 0.895239,
        -0.795255 -0.219385 0.833210,
        -0.793569 -0.608982 0.885132,
        -0.794092 -0.612285 0.875398,
        -0.893427 -0.629796 0.850263,
        -0.893268 -0.622551 0.857604,
        -0.892994 -0.616848 0.866142,
        -0.892625 -0.612307 0.875345,
        -0.892148 -0.608982 0.885132,
        -0.893682 -0.219385 0.833210,
        -0.893506 -0.227592 0.847450,
        -0.891565 -0.606976 0.895212,
        -0.889548 -0.281758 0.922155,
        -0.877121 -0.606299 1.016817,
        -0.877121 -0.346136 1.016817,
        -0.889548 -0.606299 0.922155,
        -0.878233 -0.343607 1.010378,
        -0.890872 -0.606299 0.905512,
        -0.880554 -0.335400 0.996138,
        -0.875504 -0.348678 1.026012,
        -0.654235 -0.606299 2.284513,
        -0.654235 -0.350394 2.284513,
        -0.872630 -0.350394 1.042359,
        -0.687921 -0.606299 2.422619,
        -0.687921 -0.350394 2.422619,
        -0.668865 -0.606299 2.391482,
        -0.668865 -0.350394 2.391482,
        -0.656602 -0.606299 2.357097,
        -0.656602 -0.350394 2.357097,
        -0.651655 -0.606299 2.320928,
        -0.651655 -0.350394 2.320928,
        -0.871530 -0.527559 2.662879,
        -0.823719 -0.606299 2.600317,
        -0.847625 -0.595750 2.631598,
        -0.857527 -0.583237 2.644555,
        -0.836094 -0.603616 2.616509,
        -0.865125 -0.566929 2.654498,
        -0.869901 -0.547939 2.660748,
        -0.847625 -0.360943 2.631598,
        -0.836094 -0.353077 2.616509,
        -0.857527 -0.373456 2.644555,
        -0.823719 -0.350394 2.600317,
        -0.865125 -0.389764 2.654498,
        -0.871530 -0.429134 2.662879,
        -0.869901 -0.408754 2.660748,
        -0.205016 -0.629686 0.850144,
        -0.205200 -0.622548 0.857607,
        -0.205500 -0.616848 0.866142,
        -0.205906 -0.612307 0.875345,
        -0.206430 -0.608982 0.885132,
        -0.204745 -0.219385 0.833210,
        -0.204939 -0.227592 0.847450,
        -0.207072 -0.606976 0.895213,
        -0.208505 -0.275556 0.913601,
        -0.208505 -0.606299 0.913601,
        -0.219817 -0.606299 0.999773,
        -0.219817 -0.337884 0.999773,
        -0.207832 -0.606299 0.905512,
        -0.219185 -0.335400 0.996138,
        -0.221682 -0.343607 1.010378,
        -0.224431 -0.348678 1.026012,
        -0.442704 -0.606299 2.267470,
        -0.442704 -0.350394 2.267470,
        -0.227305 -0.350394 1.042359,
        -0.390282 -0.606299 2.482383,
        -0.390282 -0.350394 2.482383,
        -0.419937 -0.350394 2.433929,
        -0.419937 -0.606299 2.433929,
        -0.439020 -0.350394 2.380421,
        -0.439020 -0.606299 2.380421,
        -0.446718 -0.350394 2.324136,
        -0.446718 -0.606299 2.324136,
        -0.254484 -0.350394 2.660080,
        -0.206673 -0.527559 2.722643,
        -0.206673 -0.429134 2.722643,
        -0.242110 -0.603616 2.676273,
        -0.230579 -0.595750 2.691362,
        -0.220677 -0.583237 2.704319,
        -0.213079 -0.566929 2.714261,
        -0.208302 -0.547939 2.720511,
        -0.254484 -0.606299 2.660080,
        -0.213079 -0.389764 2.714261,
        -0.220677 -0.373456 2.704319,
        -0.230579 -0.360943 2.691362,
        -0.208302 -0.408754 2.720511,
        -0.242110 -0.353077 2.676273,
        -0.128470 -0.429134 2.662879,
        -0.128470 -0.527559 2.662879,
        -0.176281 -0.606299 2.600317,
        -0.312079 -0.606299 2.422619,
        -0.163906 -0.603616 2.616509,
        -0.312079 -0.350394 2.422619,
        -0.176281 -0.350394 2.600317,
        -0.130099 -0.408754 2.660748,
        -0.130099 -0.547939 2.660748,
        -0.134875 -0.566929 2.654498,
        -0.142473 -0.583237 2.644555,
        -0.152375 -0.595750 2.631598,
        -0.163906 -0.353077 2.616509,
        -0.152375 -0.360943 2.631598,
        -0.134875 -0.389764 2.654498,
        -0.142473 -0.373456 2.644555,
        -0.345765 -0.606299 2.284513,
        -0.345765 -0.350394 2.284513,
        -0.348345 -0.606299 2.320928,
        -0.348345 -0.350394 2.320928,
        -0.343398 -0.606299 2.357097,
        -0.343398 -0.350394 2.357097,
        -0.331135 -0.606299 2.391482,
        -0.331135 -0.350394 2.391482,
        -0.127370 -0.350394 1.042359,
        -0.122879 -0.606299 1.016817,
        -0.124496 -0.348678 1.026012,
        -0.122879 -0.346136 1.016817,
        -0.107376 -0.612294 0.875378,
        -0.107852 -0.608982 0.885132,
        -0.106318 -0.219385 0.833210,
        -0.108437 -0.606972 0.895243,
        -0.106494 -0.227592 0.847450,
        -0.109128 -0.606299 0.905512,
        -0.110452 -0.281758 0.922155,
        -0.110452 -0.606299 0.922155,
        -0.107006 -0.616848 0.866142,
        -0.106731 -0.622596 0.857545,
        -0.106542 -0.629362 0.849834,
        -0.121767 -0.343607 1.010378,
        -0.119446 -0.335400 0.996138,
        -0.374016 -1.103776 -0.068898,
        -0.374016 -1.103776 -0.167323,
        -0.374016 -0.856626 -0.068898,
        -0.374016 -0.856626 -0.167323,
        -0.374016 -0.838709 -0.066539,
        -0.374016 -0.813235 -0.161610,
        -0.374016 -0.822014 -0.059623,
        -0.374016 -0.772801 -0.144862,
        -0.374016 -0.807677 -0.048622,
        -0.374016 -0.738080 -0.118219,
        -0.374016 -0.796676 -0.034285,
        -0.374016 -0.711437 -0.083498,
        -0.374016 -0.789760 -0.017590,
        -0.374016 -0.694689 -0.043064,
        -0.625984 -0.789760 -0.017590,
        -0.625984 -0.694689 -0.043064,
        -0.625984 -0.796676 -0.034285,
        -0.625984 -0.711437 -0.083498,
        -0.625984 -0.807677 -0.048622,
        -0.625984 -0.738080 -0.118219,
        -0.625984 -0.822014 -0.059623,
        -0.625984 -0.772801 -0.144862,
        -0.625984 -0.838709 -0.066539,
        -0.625984 -0.813235 -0.161610,
        -0.625984 -0.856626 -0.068898,
        -0.625984 -0.856626 -0.167323,
        -0.625984 -1.103776 -0.068898,
        -0.625984 -1.103776 -0.167323,
        -0.452756 -1.397638 -0.167323,
        -0.547244 -1.397638 -0.167323,
        -0.452756 -1.397638 -0.068898,
        -0.547244 -1.397638 -0.068898,
        -1.795276 0.291339 0.236220,
        -1.893701 0.291339 0.236220,
        -1.795276 0.629921 0.236220,
        -1.893701 0.629921 0.236220,
        -1.793263 0.645206 0.236220,
        -1.888335 0.670680 0.236220,
        -1.787364 0.659449 0.236220,
        -1.872602 0.708661 0.236220,
        -1.777979 0.671680 0.236220,
        -1.847576 0.741277 0.236220,
        -1.765748 0.681065 0.236220,
        -1.814961 0.766303 0.236220,
        -1.751505 0.686964 0.236220,
        -1.776980 0.782035 0.236220,
        -1.736220 0.688976 0.236220,
        -1.736220 0.787402 0.236220,
        -1.704724 0.688976 0.236220,
        -1.704724 0.787402 0.236220,
        -1.242578 0.685039 0.826772,
        -1.116260 0.685039 0.826772,
        -1.127398 0.708661 0.826772,
        -1.303150 0.787402 0.826772,
        -1.303150 0.688976 0.826772,
        -1.263780 0.787402 0.826772,
        -1.263780 0.688976 0.826772,
        -1.223020 0.782035 0.826772,
        -1.248495 0.686964 0.826772,
        -1.185039 0.766303 0.826772,
        -1.152424 0.741277 0.826772,
        -1.872602 0.708661 0.826772,
        -1.883740 0.685039 0.826772,
        -1.757422 0.685039 0.826772,
        -1.696850 0.688976 0.826772,
        -1.696850 0.787402 0.826772,
        -1.736220 0.688976 0.826772,
        -1.736220 0.787402 0.826772,
        -1.751505 0.686964 0.826772,
        -1.776980 0.782035 0.826772,
        -1.814961 0.766303 0.826772,
        -1.847576 0.741277 0.826772,
        -1.106299 0.291339 0.236220,
        -1.106299 0.629921 0.236220,
        -1.106299 0.629921 0.826772,
        -1.106299 0.251969 0.246770,
        -1.106299 0.270959 0.238904,
        -1.106299 0.216856 0.826772,
        -1.106299 0.214314 0.817576,
        -1.106299 0.212598 0.801230,
        -1.106299 0.212598 0.314961,
        -1.106299 0.215281 0.294581,
        -1.106299 0.223148 0.275591,
        -1.106299 0.235661 0.259283,
        -1.108295 0.654915 0.832762,
        -1.107089 0.645669 0.837321,
        -1.106306 0.631394 0.830659,
        -1.106429 0.636316 0.843657,
        -1.111665 0.670680 0.236220,
        -1.111665 0.670680 0.828092,
        -1.110178 0.664660 0.829455,
        -1.127398 0.708661 0.236220,
        -1.152424 0.741277 0.236220,
        -1.185039 0.766303 0.236220,
        -1.223020 0.782035 0.236220,
        -1.263780 0.787402 0.236220,
        -1.342520 0.787402 0.837321,
        -1.323529 0.787402 0.829455,
        -1.620793 0.787402 0.885132,
        -1.628659 0.787402 0.866142,
        -1.371333 0.787402 0.177860,
        -1.636533 0.787402 0.196850,
        -1.649047 0.787402 0.213158,
        -1.665354 0.787402 0.225671,
        -1.684345 0.787402 0.233537,
        -1.363467 0.787402 0.196850,
        -1.379207 0.787402 0.885132,
        -1.371341 0.787402 0.866142,
        -1.358827 0.787402 0.849834,
        -1.374016 0.787402 0.000327,
        -1.625984 0.787402 0.000327,
        -1.374016 0.787402 0.157480,
        -1.625984 0.787402 0.157480,
        -1.628667 0.787402 0.177860,
        -1.350954 0.787402 0.213158,
        -1.334646 0.787402 0.225671,
        -1.676471 0.787402 0.829455,
        -1.315655 0.787402 0.233537,
        -1.657480 0.787402 0.837321,
        -1.295276 0.787402 0.236220,
        -1.641173 0.787402 0.849834,
        -1.381890 0.787402 0.905512,
        -1.618110 0.787402 0.905512,
        -1.381890 0.787402 2.716535,
        -1.618110 0.787402 2.716535,
        -1.539370 0.787402 2.795276,
        -1.460630 0.787402 2.795276,
        -1.607561 0.787402 2.755906,
        -1.595048 0.787402 2.772213,
        -1.615427 0.787402 2.736915,
        -1.578740 0.787402 2.784726,
        -1.559750 0.787402 2.792593,
        -1.421260 0.787402 2.784726,
        -1.404952 0.787402 2.772213,
        -1.392439 0.787402 2.755906,
        -1.440250 0.787402 2.792593,
        -1.384573 0.787402 2.736915,
        -1.893701 0.629921 0.826772,
        -1.892911 0.645669 0.837321,
        -1.893694 0.631394 0.830659,
        -1.893571 0.636316 0.843657,
        -1.891703 0.654925 0.832758,
        -1.889597 0.664774 0.829841,
        -1.888335 0.670680 0.828092,
        -1.893701 0.212598 0.314961,
        -1.893701 0.212598 0.801230,
        -1.893701 0.214314 0.817576,
        -1.893701 0.216856 0.826772,
        -1.893701 0.223148 0.275591,
        -1.893701 0.235661 0.259283,
        -1.893701 0.270959 0.238904,
        -1.893701 0.251969 0.246770,
        -1.893701 0.215281 0.294581,
        -1.795276 0.212598 0.314961,
        -1.795276 0.212598 0.801230,
        -1.795276 0.216856 0.826772,
        -1.795276 0.214314 0.817576,
        -1.795276 0.629921 0.826772,
        -1.795276 0.215281 0.294581,
        -1.795276 0.223148 0.275591,
        -1.795276 0.235661 0.259283,
        -1.795276 0.251969 0.246770,
        -1.795276 0.270959 0.238904,
        -1.793263 0.645206 0.837591,
        -1.795105 0.634402 0.845214,
        -1.795268 0.630858 0.830626,
        -1.787364 0.659449 0.831046,
        -1.790747 0.652602 0.833763,
        -1.793102 0.645681 0.837344,
        -1.765748 0.681065 0.826872,
        -1.772166 0.676776 0.827206,
        -1.777979 0.671680 0.827913,
        -1.783978 0.664660 0.829455,
        -1.295276 0.688976 0.236220,
        -1.263780 0.688976 0.236220,
        -1.636533 0.688976 0.196850,
        -1.628667 0.688976 0.177860,
        -1.315655 0.688976 0.233537,
        -1.363467 0.688976 0.196850,
        -1.350954 0.688976 0.213158,
        -1.334646 0.688976 0.225671,
        -1.381890 0.688976 0.905512,
        -1.381890 0.688976 2.501413,
        -1.618110 0.688976 2.501413,
        -1.625984 0.688976 0.000327,
        -1.374016 0.688976 0.000327,
        -1.625984 0.688976 0.157480,
        -1.374016 0.688976 0.157480,
        -1.371333 0.688976 0.177860,
        -1.641173 0.688976 0.849834,
        -1.657480 0.688976 0.837321,
        -1.379207 0.688976 0.885132,
        -1.676471 0.688976 0.829455,
        -1.371341 0.688976 0.866142,
        -1.618110 0.688976 0.905512,
        -1.620793 0.688976 0.885132,
        -1.628659 0.688976 0.866142,
        -1.358827 0.688976 0.849834,
        -1.342520 0.688976 0.837321,
        -1.684345 0.688976 0.233537,
        -1.323529 0.688976 0.829455,
        -1.665354 0.688976 0.225671,
        -1.649047 0.688976 0.213158,
        -1.204732 0.630858 0.830626,
        -1.204894 0.634402 0.845214,
        -1.206781 0.645198 0.837651,
        -1.248495 0.686964 0.236220,
        -1.234252 0.681065 0.236220,
        -1.222021 0.671680 0.236220,
        -1.227823 0.676769 0.827207,
        -1.234252 0.681065 0.826872,
        -1.212636 0.659449 0.236220,
        -1.216022 0.664660 0.829455,
        -1.222021 0.671680 0.827913,
        -1.206737 0.645206 0.236220,
        -1.206863 0.645669 0.837321,
        -1.209259 0.652614 0.833758,
        -1.212636 0.659449 0.831046,
        -1.204724 0.629921 0.236220,
        -1.204724 0.629921 0.826772,
        -1.204724 0.216856 0.826772,
        -1.204724 0.214314 0.817576,
        -1.204724 0.212598 0.801230,
        -1.204724 0.291339 0.236220,
        -1.204724 0.212598 0.314961,
        -1.204724 0.215281 0.294581,
        -1.204724 0.270959 0.238904,
        -1.204724 0.251969 0.246770,
        -1.204724 0.235661 0.259283,
        -1.204724 0.223148 0.275591,
        -1.539370 0.767717 2.795276,
        -1.460630 0.767717 2.795276,
        -1.381890 0.746618 2.716535,
        -1.618110 0.746618 2.716535,
        -1.412696 0.763357 2.779004,
        -1.404952 0.761537 2.772213,
        -1.384573 0.752079 2.736915,
        -1.392439 0.757167 2.755906,
        -1.569503 0.766111 2.789282,
        -1.578740 0.764890 2.784726,
        -1.421260 0.764890 2.784726,
        -1.430497 0.766111 2.789282,
        -1.440250 0.766998 2.792593,
        -1.559750 0.766998 2.792593,
        -1.587304 0.763357 2.779004,
        -1.595048 0.761537 2.772213,
        -1.615427 0.752079 2.736915,
        -1.607561 0.757167 2.755906,
        -1.450352 0.767536 2.794602,
        -1.549648 0.767536 2.794602,
        -1.745515 0.350394 2.660080,
        -1.609718 0.350394 2.482383,
        -1.793327 0.429134 2.722643,
        -1.757890 0.353077 2.676273,
        -1.609718 0.606299 2.482383,
        -1.745515 0.606299 2.660080,
        -1.793327 0.527559 2.722643,
        -1.791698 0.408754 2.720511,
        -1.786921 0.389764 2.714261,
        -1.779323 0.373456 2.704319,
        -1.769421 0.360943 2.691362,
        -1.779323 0.583237 2.704319,
        -1.769421 0.595750 2.691362,
        -1.757890 0.603616 2.676273,
        -1.786921 0.566929 2.714261,
        -1.791698 0.547939 2.720511,
        -1.580063 0.350394 2.433929,
        -1.580063 0.606299 2.433929,
        -1.560980 0.350394 2.380421,
        -1.560980 0.606299 2.380421,
        -1.553282 0.350394 2.324136,
        -1.553282 0.606299 2.324136,
        -1.557296 0.350394 2.267470,
        -1.557296 0.606299 2.267470,
        -1.780183 0.337884 0.999773,
        -1.780183 0.606299 0.999773,
        -1.778318 0.343607 1.010378,
        -1.775569 0.348678 1.026012,
        -1.772695 0.350394 1.042359,
        -1.791495 0.606299 0.913601,
        -1.780815 0.335400 0.996138,
        -1.791495 0.275556 0.913601,
        -1.794801 0.622590 0.857553,
        -1.794500 0.616848 0.866142,
        -1.795009 0.629362 0.849834,
        -1.794092 0.612285 0.875398,
        -1.793570 0.608982 0.885132,
        -1.795255 0.219385 0.833210,
        -1.795061 0.227592 0.847450,
        -1.792927 0.606972 0.895239,
        -1.792168 0.606299 0.905512,
        -1.892625 0.612307 0.875345,
        -1.892148 0.608982 0.885132,
        -1.893682 0.219385 0.833210,
        -1.891565 0.606976 0.895212,
        -1.893506 0.227592 0.847450,
        -1.890872 0.606299 0.905512,
        -1.889548 0.281758 0.922155,
        -1.889548 0.606299 0.922155,
        -1.892994 0.616848 0.866142,
        -1.893268 0.622551 0.857604,
        -1.893427 0.629796 0.850263,
        -1.877121 0.346136 1.016817,
        -1.877121 0.606299 1.016817,
        -1.878233 0.343607 1.010378,
        -1.880554 0.335400 0.996138,
        -1.654235 0.350394 2.284513,
        -1.654235 0.606299 2.284513,
        -1.872630 0.350394 1.042359,
        -1.875504 0.348678 1.026012,
        -1.651655 0.606299 2.320928,
        -1.651655 0.350394 2.320928,
        -1.656602 0.606299 2.357097,
        -1.656602 0.350394 2.357097,
        -1.668865 0.606299 2.391482,
        -1.668865 0.350394 2.391482,
        -1.687921 0.606299 2.422619,
        -1.687921 0.350394 2.422619,
        -1.823719 0.606299 2.600317,
        -1.871530 0.429134 2.662879,
        -1.823719 0.350394 2.600317,
        -1.836094 0.353077 2.616509,
        -1.865125 0.389764 2.654498,
        -1.869901 0.408754 2.660748,
        -1.857527 0.373456 2.644555,
        -1.847625 0.360943 2.631598,
        -1.857527 0.583237 2.644555,
        -1.847625 0.595750 2.631598,
        -1.865125 0.566929 2.654498,
        -1.869901 0.547939 2.660748,
        -1.871530 0.527559 2.662879,
        -1.836094 0.603616 2.616509,
        -1.205500 0.616848 0.866142,
        -1.205200 0.622548 0.857607,
        -1.205016 0.629686 0.850144,
        -1.219817 0.337884 0.999773,
        -1.219817 0.606299 0.999773,
        -1.219185 0.335400 0.996138,
        -1.208505 0.606299 0.913601,
        -1.208505 0.275556 0.913601,
        -1.207832 0.606299 0.905512,
        -1.204939 0.227592 0.847450,
        -1.207072 0.606976 0.895213,
        -1.204745 0.219385 0.833210,
        -1.206430 0.608982 0.885132,
        -1.205906 0.612307 0.875345,
        -1.221682 0.343607 1.010378,
        -1.442704 0.350394 2.267470,
        -1.442704 0.606299 2.267470,
        -1.227305 0.350394 1.042359,
        -1.224431 0.348678 1.026012,
        -1.446718 0.350394 2.324136,
        -1.446718 0.606299 2.324136,
        -1.439020 0.350394 2.380421,
        -1.439020 0.606299 2.380421,
        -1.419937 0.350394 2.433929,
        -1.419937 0.606299 2.433929,
        -1.390282 0.350394 2.482383,
        -1.390282 0.606299 2.482383,
        -1.208302 0.408754 2.720511,
        -1.206673 0.429134 2.722643,
        -1.254484 0.350394 2.660080,
        -1.230579 0.360943 2.691362,
        -1.220677 0.373456 2.704319,
        -1.213079 0.389764 2.714261,
        -1.242110 0.603616 2.676273,
        -1.254484 0.606299 2.660080,
        -1.206673 0.527559 2.722643,
        -1.208302 0.547939 2.720511,
        -1.213079 0.566929 2.714261,
        -1.220677 0.583237 2.704319,
        -1.242110 0.353077 2.676273,
        -1.230579 0.595750 2.691362,
        -1.128470 0.527559 2.662879,
        -1.128470 0.429134 2.662879,
        -1.312079 0.350394 2.422619,
        -1.312079 0.606299 2.422619,
        -1.176281 0.350394 2.600317,
        -1.176281 0.606299 2.600317,
        -1.163906 0.603616 2.616509,
        -1.152375 0.595750 2.631598,
        -1.142473 0.373456 2.644555,
        -1.152375 0.360943 2.631598,
        -1.134875 0.389764 2.654498,
        -1.130099 0.408754 2.660748,
        -1.163906 0.353077 2.616509,
        -1.142473 0.583237 2.644555,
        -1.134875 0.566929 2.654498,
        -1.130099 0.547939 2.660748,
        -1.331135 0.606299 2.391482,
        -1.331135 0.350394 2.391482,
        -1.343398 0.606299 2.357097,
        -1.343398 0.350394 2.357097,
        -1.348345 0.606299 2.320928,
        -1.348345 0.350394 2.320928,
        -1.345765 0.606299 2.284513,
        -1.345765 0.350394 2.284513,
        -1.124496 0.348678 1.026012,
        -1.122879 0.346136 1.016817,
        -1.122879 0.606299 1.016817,
        -1.127370 0.350394 1.042359,
        -1.110452 0.606299 0.922155,
        -1.121767 0.343607 1.010378,
        -1.119446 0.335400 0.996138,
        -1.110452 0.281758 0.922155,
        -1.106731 0.622596 0.857545,
        -1.107006 0.616848 0.866142,
        -1.106542 0.629362 0.849834,
        -1.107376 0.612294 0.875378,
        -1.107852 0.608982 0.885132,
        -1.106318 0.219385 0.833210,
        -1.106494 0.227592 0.847450,
        -1.108437 0.606972 0.895243,
        -1.109128 0.606299 0.905512,
        -1.374016 0.789760 -0.017590,
        -1.374016 0.694689 -0.043064,
        -1.374016 0.796676 -0.034285,
        -1.374016 0.711437 -0.083498,
        -1.374016 0.807677 -0.048622,
        -1.374016 0.738080 -0.118219,
        -1.374016 0.822014 -0.059623,
        -1.374016 0.772801 -0.144862,
        -1.374016 0.838709 -0.066539,
        -1.374016 0.813235 -0.161610,
        -1.374016 0.856626 -0.068898,
        -1.374016 0.856626 -0.167323,
        -1.374016 1.103776 -0.068898,
        -1.374016 1.103776 -0.167323,
        -1.625984 1.103776 -0.068898,
        -1.625984 1.103776 -0.167323,
        -1.625984 0.856626 -0.068898,
        -1.625984 0.856626 -0.167323,
        -1.625984 0.838709 -0.066539,
        -1.625984 0.813235 -0.161610,
        -1.625984 0.822014 -0.059623,
        -1.625984 0.772801 -0.144862,
        -1.625984 0.807677 -0.048622,
        -1.625984 0.738080 -0.118219,
        -1.625984 0.796676 -0.034285,
        -1.625984 0.711437 -0.083498,
        -1.625984 0.789760 -0.017590,
        -1.625984 0.694689 -0.043064,
        -1.452756 1.397638 -0.167323,
        -1.547244 1.397638 -0.167323,
        -1.547244 1.397638 -0.068898,
        -1.452756 1.397638 -0.068898,
        -0.795276 0.291339 0.236220,
        -0.893701 0.291339 0.236220,
        -0.795276 0.629921 0.236220,
        -0.893701 0.629921 0.236220,
        -0.793263 0.645206 0.236220,
        -0.888335 0.670680 0.236220,
        -0.787364 0.659449 0.236220,
        -0.872602 0.708661 0.236220,
        -0.777979 0.671680 0.236220,
        -0.847576 0.741277 0.236220,
        -0.765748 0.681065 0.236220,
        -0.814961 0.766303 0.236220,
        -0.751505 0.686964 0.236220,
        -0.776980 0.782035 0.236220,
        -0.736220 0.688976 0.236220,
        -0.736220 0.787402 0.236220,
        -0.704724 0.688976 0.236220,
        -0.704724 0.787402 0.236220,
        -0.242578 0.685039 0.826772,
        -0.116260 0.685039 0.826772,
        -0.127398 0.708661 0.826772,
        -0.303150 0.787402 0.826772,
        -0.303150 0.688976 0.826772,
        -0.263780 0.787402 0.826772,
        -0.263780 0.688976 0.826772,
        -0.223020 0.782035 0.826772,
        -0.248495 0.686964 0.826772,
        -0.185039 0.766303 0.826772,
        -0.152424 0.741277 0.826772,
        -0.872602 0.708661 0.826772,
        -0.883740 0.685039 0.826772,
        -0.757422 0.685039 0.826772,
        -0.696850 0.688976 0.826772,
        -0.696850 0.787402 0.826772,
        -0.736220 0.688976 0.826772,
        -0.736220 0.787402 0.826772,
        -0.751505 0.686964 0.826772,
        -0.776980 0.782035 0.826772,
        -0.814961 0.766303 0.826772,
        -0.847576 0.741277 0.826772,
        -0.106299 0.291339 0.236220,
        -0.106299 0.629921 0.236220,
        -0.106299 0.629921 0.826772,
        -0.106299 0.251969 0.246770,
        -0.106299 0.270959 0.238904,
        -0.106299 0.216856 0.826772,
        -0.106299 0.214314 0.817576,
        -0.106299 0.212598 0.801230,
        -0.106299 0.212598 0.314961,
        -0.106299 0.215281 0.294581,
        -0.106299 0.223148 0.275591,
        -0.106299 0.235661 0.259283,
        -0.108295 0.654915 0.832762,
        -0.107089 0.645669 0.837321,
        -0.106306 0.631394 0.830659,
        -0.106429 0.636316 0.843657,
        -0.111665 0.670680 0.236220,
        -0.111665 0.670680 0.828092,
        -0.110178 0.664660 0.829455,
        -0.127398 0.708661 0.236220,
        -0.152424 0.741277 0.236220,
        -0.185039 0.766303 0.236220,
        -0.223020 0.782035 0.236220,
        -0.263780 0.787402 0.236220,
        -0.315655 0.787402 0.233537,
        -0.641173 0.787402 0.849834,
        -0.295276 0.787402 0.236220,
        -0.371333 0.787402 0.177860,
        -0.636533 0.787402 0.196850,
        -0.649047 0.787402 0.213158,
        -0.379207 0.787402 0.885132,
        -0.628659 0.787402 0.866142,
        -0.620793 0.787402 0.885132,
        -0.618110 0.787402 0.905512,
        -0.381890 0.787402 0.905512,
        -0.665354 0.787402 0.225671,
        -0.684345 0.787402 0.233537,
        -0.363467 0.787402 0.196850,
        -0.342520 0.787402 0.837321,
        -0.358827 0.787402 0.849834,
        -0.371341 0.787402 0.866142,
        -0.323529 0.787402 0.829455,
        -0.374016 0.787402 0.000327,
        -0.625984 0.787402 0.000327,
        -0.374016 0.787402 0.157480,
        -0.625984 0.787402 0.157480,
        -0.628667 0.787402 0.177860,
        -0.559750 0.787402 2.792593,
        -0.539370 0.787402 2.795276,
        -0.618110 0.787402 2.716535,
        -0.350953 0.787402 0.213158,
        -0.334646 0.787402 0.225671,
        -0.676471 0.787402 0.829455,
        -0.657480 0.787402 0.837321,
        -0.607561 0.787402 2.755906,
        -0.595048 0.787402 2.772213,
        -0.578740 0.787402 2.784726,
        -0.615427 0.787402 2.736915,
        -0.460630 0.787402 2.795276,
        -0.381890 0.787402 2.716535,
        -0.440250 0.787402 2.792593,
        -0.421260 0.787402 2.784726,
        -0.404952 0.787402 2.772213,
        -0.392439 0.787402 2.755906,
        -0.384573 0.787402 2.736915,
        -0.893701 0.629921 0.826772,
        -0.892911 0.645669 0.837321,
        -0.893694 0.631394 0.830659,
        -0.893571 0.636316 0.843657,
        -0.891703 0.654925 0.832758,
        -0.889597 0.664774 0.829841,
        -0.888335 0.670680 0.828092,
        -0.893701 0.212598 0.314961,
        -0.893701 0.212598 0.801230,
        -0.893701 0.214314 0.817576,
        -0.893701 0.216856 0.826772,
        -0.893701 0.223148 0.275591,
        -0.893701 0.235661 0.259283,
        -0.893701 0.270959 0.238904,
        -0.893701 0.251969 0.246770,
        -0.893701 0.215281 0.294581,
        -0.795276 0.212598 0.314961,
        -0.795276 0.212598 0.801230,
        -0.795276 0.216856 0.826772,
        -0.795276 0.214314 0.817576,
        -0.795276 0.629921 0.826772,
        -0.795276 0.215281 0.294581,
        -0.795276 0.223148 0.275591,
        -0.795276 0.235661 0.259283,
        -0.795276 0.251969 0.246770,
        -0.795276 0.270959 0.238904,
        -0.793263 0.645206 0.837591,
        -0.795106 0.634402 0.845214,
        -0.795268 0.630858 0.830626,
        -0.787364 0.659449 0.831046,
        -0.790747 0.652602 0.833763,
        -0.793102 0.645681 0.837344,
        -0.765748 0.681065 0.826872,
        -0.772167 0.676776 0.827206,
        -0.777979 0.671680 0.827913,
        -0.783978 0.664660 0.829455,
        -0.628659 0.688976 0.866142,
        -0.641173 0.688976 0.849834,
        -0.379207 0.688976 0.885132,
        -0.295276 0.688976 0.236220,
        -0.263780 0.688976 0.236220,
        -0.636533 0.688976 0.196850,
        -0.628667 0.688976 0.177860,
        -0.315655 0.688976 0.233537,
        -0.657480 0.688976 0.837321,
        -0.676471 0.688976 0.829455,
        -0.371341 0.688976 0.866142,
        -0.625984 0.688976 0.000327,
        -0.374016 0.688976 0.000327,
        -0.625984 0.688976 0.157480,
        -0.374016 0.688976 0.157480,
        -0.371333 0.688976 0.177860,
        -0.363467 0.688976 0.196850,
        -0.350953 0.688976 0.213158,
        -0.334646 0.688976 0.225671,
        -0.381890 0.688976 2.501413,
        -0.618110 0.688976 2.501413,
        -0.381890 0.688976 0.905512,
        -0.618110 0.688976 0.905512,
        -0.620793 0.688976 0.885132,
        -0.649047 0.688976 0.213158,
        -0.665354 0.688976 0.225671,
        -0.323529 0.688976 0.829455,
        -0.684345 0.688976 0.233537,
        -0.342520 0.688976 0.837321,
        -0.358827 0.688976 0.849834,
        -0.204732 0.630858 0.830626,
        -0.204894 0.634402 0.845214,
        -0.206780 0.645198 0.837651,
        -0.248495 0.686964 0.236220,
        -0.234252 0.681065 0.236220,
        -0.222021 0.671680 0.236220,
        -0.227823 0.676769 0.827207,
        -0.234252 0.681065 0.826872,
        -0.212636 0.659449 0.236220,
        -0.216022 0.664660 0.829455,
        -0.222021 0.671680 0.827913,
        -0.206737 0.645206 0.236220,
        -0.206863 0.645669 0.837321,
        -0.209259 0.652614 0.833758,
        -0.212636 0.659449 0.831046,
        -0.204724 0.629921 0.236220,
        -0.204724 0.629921 0.826772,
        -0.204724 0.216856 0.826772,
        -0.204724 0.214314 0.817576,
        -0.204724 0.212598 0.801230,
        -0.204724 0.291339 0.236220,
        -0.204724 0.212598 0.314961,
        -0.204724 0.215281 0.294581,
        -0.204724 0.270959 0.238904,
        -0.204724 0.251969 0.246770,
        -0.204724 0.235661 0.259283,
        -0.204724 0.223148 0.275591,
        -0.539370 0.767717 2.795276,
        -0.460630 0.767717 2.795276,
        -0.381890 0.746618 2.716535,
        -0.618110 0.746618 2.716535,
        -0.412696 0.763357 2.779004,
        -0.404952 0.761537 2.772213,
        -0.384573 0.752079 2.736915,
        -0.392439 0.757167 2.755906,
        -0.569503 0.766111 2.789282,
        -0.578740 0.764890 2.784726,
        -0.421260 0.764890 2.784726,
        -0.430497 0.766111 2.789282,
        -0.440250 0.766998 2.792593,
        -0.559750 0.766998 2.792593,
        -0.587304 0.763357 2.779004,
        -0.595048 0.761537 2.772213,
        -0.615427 0.752079 2.736915,
        -0.607561 0.757167 2.755906,
        -0.450352 0.767536 2.794602,
        -0.549648 0.767536 2.794602,
        -0.786921 0.566929 2.714261,
        -0.791698 0.547939 2.720511,
        -0.793327 0.527559 2.722643,
        -0.793327 0.429134 2.722643,
        -0.609718 0.350394 2.482383,
        -0.609718 0.606299 2.482383,
        -0.745516 0.606299 2.660080,
        -0.757890 0.603616 2.676273,
        -0.769421 0.595750 2.691362,
        -0.779323 0.583237 2.704319,
        -0.791698 0.408754 2.720511,
        -0.786921 0.389764 2.714261,
        -0.779323 0.373456 2.704319,
        -0.769421 0.360943 2.691362,
        -0.757890 0.353077 2.676273,
        -0.745516 0.350394 2.660080,
        -0.580063 0.350394 2.433929,
        -0.580063 0.606299 2.433929,
        -0.560980 0.350394 2.380421,
        -0.560980 0.606299 2.380421,
        -0.553282 0.350394 2.324136,
        -0.553282 0.606299 2.324136,
        -0.557296 0.350394 2.267470,
        -0.557296 0.606299 2.267470,
        -0.780183 0.337884 0.999773,
        -0.780183 0.606299 0.999773,
        -0.778318 0.343607 1.010378,
        -0.775569 0.348678 1.026012,
        -0.772695 0.350394 1.042359,
        -0.791495 0.606299 0.913601,
        -0.780815 0.335400 0.996138,
        -0.791495 0.275556 0.913601,
        -0.794801 0.622590 0.857553,
        -0.794500 0.616848 0.866142,
        -0.795009 0.629362 0.849834,
        -0.794092 0.612285 0.875398,
        -0.793569 0.608982 0.885132,
        -0.795255 0.219385 0.833210,
        -0.795061 0.227592 0.847450,
        -0.792927 0.606972 0.895239,
        -0.792168 0.606299 0.905512,
        -0.892625 0.612307 0.875345,
        -0.892148 0.608982 0.885132,
        -0.893682 0.219385 0.833210,
        -0.891565 0.606976 0.895212,
        -0.893506 0.227592 0.847450,
        -0.890872 0.606299 0.905512,
        -0.889548 0.281758 0.922155,
        -0.889548 0.606299 0.922155,
        -0.892994 0.616848 0.866142,
        -0.893268 0.622551 0.857604,
        -0.893427 0.629796 0.850263,
        -0.877121 0.346136 1.016817,
        -0.877121 0.606299 1.016817,
        -0.878233 0.343607 1.010378,
        -0.880554 0.335400 0.996138,
        -0.654235 0.350394 2.284513,
        -0.654235 0.606299 2.284513,
        -0.872630 0.350394 1.042359,
        -0.875504 0.348678 1.026012,
        -0.651655 0.606299 2.320928,
        -0.651655 0.350394 2.320928,
        -0.656602 0.606299 2.357097,
        -0.656602 0.350394 2.357097,
        -0.668865 0.606299 2.391482,
        -0.668865 0.350394 2.391482,
        -0.687921 0.606299 2.422619,
        -0.687921 0.350394 2.422619,
        -0.823719 0.606299 2.600317,
        -0.871530 0.527559 2.662879,
        -0.871530 0.429134 2.662879,
        -0.823719 0.350394 2.600317,
        -0.869901 0.408754 2.660748,
        -0.865125 0.389764 2.654498,
        -0.857527 0.373456 2.644555,
        -0.869901 0.547939 2.660748,
        -0.865125 0.566929 2.654498,
        -0.836094 0.603616 2.616509,
        -0.857527 0.583237 2.644555,
        -0.847625 0.595750 2.631598,
        -0.836094 0.353077 2.616509,
        -0.847625 0.360943 2.631598,
        -0.205500 0.616848 0.866142,
        -0.205200 0.622548 0.857607,
        -0.205016 0.629686 0.850144,
        -0.219817 0.337884 0.999773,
        -0.219817 0.606299 0.999773,
        -0.219185 0.335400 0.996138,
        -0.208505 0.606299 0.913601,
        -0.208505 0.275556 0.913601,
        -0.207832 0.606299 0.905512,
        -0.204939 0.227592 0.847450,
        -0.207072 0.606976 0.895213,
        -0.204745 0.219385 0.833210,
        -0.206430 0.608982 0.885132,
        -0.205906 0.612307 0.875345,
        -0.221682 0.343607 1.010378,
        -0.442704 0.350394 2.267470,
        -0.442704 0.606299 2.267470,
        -0.227305 0.350394 1.042359,
        -0.224431 0.348678 1.026012,
        -0.446718 0.350394 2.324136,
        -0.446718 0.606299 2.324136,
        -0.439020 0.350394 2.380421,
        -0.439020 0.606299 2.380421,
        -0.419937 0.350394 2.433929,
        -0.419937 0.606299 2.433929,
        -0.390282 0.350394 2.482383,
        -0.390282 0.606299 2.482383,
        -0.208302 0.408754 2.720511,
        -0.206673 0.429134 2.722643,
        -0.254484 0.350394 2.660080,
        -0.230579 0.360943 2.691362,
        -0.220677 0.373456 2.704319,
        -0.213079 0.389764 2.714261,
        -0.254484 0.606299 2.660080,
        -0.206673 0.527559 2.722643,
        -0.242110 0.353077 2.676273,
        -0.213079 0.566929 2.714261,
        -0.220677 0.583237 2.704319,
        -0.230579 0.595750 2.691362,
        -0.208302 0.547939 2.720511,
        -0.242110 0.603616 2.676273,
        -0.128470 0.527559 2.662879,
        -0.128470 0.429134 2.662879,
        -0.152375 0.595750 2.631598,
        -0.142473 0.583237 2.644555,
        -0.134875 0.566929 2.654498,
        -0.130099 0.547939 2.660748,
        -0.176281 0.606299 2.600317,
        -0.176281 0.350394 2.600317,
        -0.312079 0.606299 2.422619,
        -0.312079 0.350394 2.422619,
        -0.152375 0.360943 2.631598,
        -0.130099 0.408754 2.660748,
        -0.142473 0.373456 2.644555,
        -0.134875 0.389764 2.654498,
        -0.163906 0.353077 2.616509,
        -0.163906 0.603616 2.616509,
        -0.331135 0.606299 2.391482,
        -0.331135 0.350394 2.391482,
        -0.343398 0.606299 2.357097,
        -0.343398 0.350394 2.357097,
        -0.348345 0.606299 2.320928,
        -0.348345 0.350394 2.320928,
        -0.345765 0.606299 2.284513,
        -0.345765 0.350394 2.284513,
        -0.124496 0.348678 1.026012,
        -0.122879 0.346136 1.016817,
        -0.122879 0.606299 1.016817,
        -0.127370 0.350394 1.042359,
        -0.110452 0.606299 0.922155,
        -0.121767 0.343607 1.010378,
        -0.119446 0.335400 0.996138,
        -0.110452 0.281758 0.922155,
        -0.106731 0.622596 0.857545,
        -0.107006 0.616848 0.866142,
        -0.106542 0.629362 0.849834,
        -0.107376 0.612294 0.875378,
        -0.107852 0.608982 0.885132,
        -0.106318 0.219385 0.833210,
        -0.106494 0.227592 0.847450,
        -0.108437 0.606972 0.895243,
        -0.109128 0.606299 0.905512,
        -0.374016 0.789760 -0.017590,
        -0.374016 0.694689 -0.043064,
        -0.374016 0.796676 -0.034285,
        -0.374016 0.711437 -0.083498,
        -0.374016 0.807677 -0.048622,
        -0.374016 0.738080 -0.118219,
        -0.374016 0.822014 -0.059623,
        -0.374016 0.772801 -0.144862,
        -0.374016 0.838709 -0.066539,
        -0.374016 0.813235 -0.161610,
        -0.374016 0.856626 -0.068898,
        -0.374016 0.856626 -0.167323,
        -0.374016 1.103776 -0.068898,
        -0.374016 1.103776 -0.167323,
        -0.625984 1.103776 -0.068898,
        -0.625984 1.103776 -0.167323,
        -0.625984 0.856626 -0.068898,
        -0.625984 0.856626 -0.167323,
        -0.625984 0.838709 -0.066539,
        -0.625984 0.813235 -0.161610,
        -0.625984 0.822014 -0.059623,
        -0.625984 0.772801 -0.144862,
        -0.625984 0.807677 -0.048622,
        -0.625984 0.738080 -0.118219,
        -0.625984 0.796676 -0.034285,
        -0.625984 0.711437 -0.083498,
        -0.625984 0.789760 -0.017590,
        -0.625984 0.694689 -0.043064,
        -0.452756 1.397638 -0.167323,
        -0.547244 1.397638 -0.167323,
        -0.547244 1.397638 -0.068898,
        -0.452756 1.397638 -0.068898,
        0.295276 -0.688976 0.236220,
        0.295276 -0.787402 0.236220,
        0.263780 -0.688976 0.236220,
        0.263780 -0.787402 0.236220,
        0.248495 -0.686964 0.236220,
        0.223020 -0.782035 0.236220,
        0.234252 -0.681065 0.236220,
        0.185039 -0.766303 0.236220,
        0.222021 -0.671680 0.236220,
        0.152424 -0.741277 0.236220,
        0.212636 -0.659449 0.236220,
        0.127398 -0.708661 0.236220,
        0.206737 -0.645206 0.236220,
        0.111665 -0.670680 0.236220,
        0.204724 -0.629921 0.236220,
        0.106299 -0.629921 0.236220,
        0.204724 -0.291339 0.236220,
        0.106299 -0.291339 0.236220,
        0.872602 -0.708661 0.826772,
        0.883740 -0.685039 0.826772,
        0.757422 -0.685039 0.826772,
        0.696850 -0.688976 0.826772,
        0.696850 -0.787402 0.826772,
        0.736220 -0.688976 0.826772,
        0.736220 -0.787402 0.826772,
        0.751505 -0.686964 0.826772,
        0.776980 -0.782035 0.826772,
        0.814961 -0.766303 0.826772,
        0.847576 -0.741277 0.826772,
        0.242578 -0.685039 0.826772,
        0.116260 -0.685039 0.826772,
        0.127398 -0.708661 0.826772,
        0.303150 -0.787402 0.826772,
        0.303150 -0.688976 0.826772,
        0.263780 -0.787402 0.826772,
        0.263780 -0.688976 0.826772,
        0.223020 -0.782035 0.826772,
        0.248495 -0.686964 0.826772,
        0.185039 -0.766303 0.826772,
        0.152424 -0.741277 0.826772,
        0.893701 -0.216856 0.826772,
        0.893701 -0.629921 0.826772,
        0.893701 -0.214314 0.817576,
        0.893701 -0.212598 0.801230,
        0.893701 -0.223148 0.275591,
        0.893701 -0.270959 0.238904,
        0.893701 -0.235661 0.259283,
        0.893701 -0.251969 0.246770,
        0.893701 -0.629921 0.236220,
        0.893701 -0.291339 0.236220,
        0.893701 -0.212598 0.314961,
        0.893701 -0.215281 0.294581,
        0.872602 -0.708661 0.236220,
        0.847576 -0.741277 0.236220,
        0.814961 -0.766303 0.236220,
        0.776980 -0.782035 0.236220,
        0.736220 -0.787402 0.236220,
        0.888335 -0.670680 0.236220,
        0.892911 -0.645669 0.837321,
        0.893694 -0.631394 0.830659,
        0.893571 -0.636316 0.843657,
        0.891705 -0.654915 0.832762,
        0.889822 -0.664660 0.829455,
        0.888335 -0.670680 0.828092,
        0.371341 -0.787402 0.866142,
        0.358827 -0.787402 0.849834,
        0.620793 -0.787402 0.885132,
        0.636533 -0.787402 0.196850,
        0.649047 -0.787402 0.213158,
        0.371333 -0.787402 0.177860,
        0.379207 -0.787402 0.885132,
        0.704724 -0.787402 0.236220,
        0.342520 -0.787402 0.837321,
        0.323529 -0.787402 0.829455,
        0.628659 -0.787402 0.866142,
        0.665354 -0.787402 0.225671,
        0.684345 -0.787402 0.233537,
        0.363467 -0.787402 0.196850,
        0.374016 -0.787402 0.000327,
        0.625984 -0.787402 0.000327,
        0.374016 -0.787402 0.157480,
        0.625984 -0.787402 0.157480,
        0.628667 -0.787402 0.177860,
        0.350953 -0.787402 0.213158,
        0.334646 -0.787402 0.225671,
        0.676471 -0.787402 0.829455,
        0.315655 -0.787402 0.233537,
        0.657480 -0.787402 0.837321,
        0.641173 -0.787402 0.849834,
        0.381890 -0.787402 2.716535,
        0.381890 -0.787402 0.905512,
        0.460630 -0.787402 2.795276,
        0.539370 -0.787402 2.795276,
        0.618110 -0.787402 0.905512,
        0.618110 -0.787402 2.716535,
        0.559750 -0.787402 2.792593,
        0.615427 -0.787402 2.736915,
        0.607561 -0.787402 2.755906,
        0.595048 -0.787402 2.772213,
        0.578740 -0.787402 2.784726,
        0.421260 -0.787402 2.784726,
        0.404952 -0.787402 2.772213,
        0.392439 -0.787402 2.755906,
        0.440250 -0.787402 2.792593,
        0.384573 -0.787402 2.736915,
        0.110403 -0.664774 0.829841,
        0.108297 -0.654925 0.832758,
        0.106299 -0.629921 0.826772,
        0.107089 -0.645669 0.837321,
        0.106306 -0.631394 0.830659,
        0.106429 -0.636316 0.843657,
        0.111665 -0.670680 0.828092,
        0.106299 -0.216856 0.826772,
        0.106299 -0.214314 0.817576,
        0.106299 -0.212598 0.801230,
        0.106299 -0.212598 0.314961,
        0.106299 -0.270959 0.238904,
        0.106299 -0.215281 0.294581,
        0.106299 -0.223148 0.275591,
        0.106299 -0.235661 0.259283,
        0.106299 -0.251969 0.246770,
        0.204724 -0.212598 0.801230,
        0.204724 -0.212598 0.314961,
        0.204724 -0.216856 0.826772,
        0.204724 -0.629921 0.826772,
        0.204724 -0.214314 0.817576,
        0.204724 -0.223148 0.275591,
        0.204724 -0.215281 0.294581,
        0.204724 -0.235661 0.259283,
        0.204724 -0.251969 0.246770,
        0.204724 -0.270959 0.238904,
        0.204732 -0.630858 0.830626,
        0.204894 -0.634402 0.845214,
        0.206737 -0.645206 0.837591,
        0.234252 -0.681065 0.826872,
        0.227834 -0.676776 0.827206,
        0.222021 -0.671680 0.827913,
        0.216022 -0.664660 0.829455,
        0.212636 -0.659449 0.831046,
        0.209253 -0.652602 0.833763,
        0.206898 -0.645681 0.837344,
        0.628659 -0.688976 0.866142,
        0.641173 -0.688976 0.849834,
        0.379207 -0.688976 0.885132,
        0.665354 -0.688976 0.225671,
        0.649047 -0.688976 0.213158,
        0.323529 -0.688976 0.829455,
        0.736220 -0.688976 0.236220,
        0.363467 -0.688976 0.196850,
        0.350953 -0.688976 0.213158,
        0.628667 -0.688976 0.177860,
        0.657480 -0.688976 0.837321,
        0.676471 -0.688976 0.829455,
        0.371341 -0.688976 0.866142,
        0.636533 -0.688976 0.196850,
        0.625984 -0.688976 0.000327,
        0.374016 -0.688976 0.000327,
        0.625984 -0.688976 0.157480,
        0.374016 -0.688976 0.157480,
        0.371333 -0.688976 0.177860,
        0.315655 -0.688976 0.233537,
        0.334646 -0.688976 0.225671,
        0.381890 -0.688976 2.501413,
        0.618110 -0.688976 2.501413,
        0.381890 -0.688976 0.905512,
        0.618110 -0.688976 0.905512,
        0.620793 -0.688976 0.885132,
        0.358827 -0.688976 0.849834,
        0.704724 -0.688976 0.236220,
        0.684345 -0.688976 0.233537,
        0.342520 -0.688976 0.837321,
        0.793137 -0.645669 0.837321,
        0.793220 -0.645198 0.837651,
        0.793263 -0.645206 0.236220,
        0.795276 -0.629921 0.236220,
        0.795276 -0.629921 0.826772,
        0.795268 -0.630858 0.830626,
        0.795106 -0.634402 0.845214,
        0.787364 -0.659449 0.236220,
        0.787364 -0.659449 0.831046,
        0.790741 -0.652614 0.833758,
        0.777979 -0.671680 0.236220,
        0.765748 -0.681065 0.236220,
        0.765748 -0.681065 0.826872,
        0.772177 -0.676769 0.827207,
        0.777979 -0.671680 0.827913,
        0.783978 -0.664660 0.829455,
        0.751505 -0.686964 0.236220,
        0.795276 -0.291339 0.236220,
        0.795276 -0.216856 0.826772,
        0.795276 -0.214314 0.817576,
        0.795276 -0.212598 0.801230,
        0.795276 -0.212598 0.314961,
        0.795276 -0.270959 0.238904,
        0.795276 -0.215281 0.294581,
        0.795276 -0.223148 0.275591,
        0.795276 -0.235661 0.259283,
        0.795276 -0.251969 0.246770,
        0.539370 -0.767717 2.795276,
        0.460630 -0.767717 2.795276,
        0.618110 -0.746618 2.716535,
        0.381890 -0.746618 2.716535,
        0.569503 -0.766111 2.789282,
        0.578740 -0.764890 2.784726,
        0.559750 -0.766998 2.792593,
        0.587304 -0.763357 2.779004,
        0.595048 -0.761537 2.772213,
        0.615427 -0.752079 2.736915,
        0.607561 -0.757167 2.755906,
        0.412696 -0.763357 2.779004,
        0.404952 -0.761537 2.772213,
        0.384573 -0.752079 2.736915,
        0.392439 -0.757167 2.755906,
        0.421260 -0.764890 2.784726,
        0.430497 -0.766111 2.789282,
        0.440250 -0.766998 2.792593,
        0.549648 -0.767536 2.794602,
        0.450352 -0.767536 2.794602,
        0.213079 -0.389764 2.714261,
        0.208302 -0.408754 2.720511,
        0.206673 -0.429134 2.722643,
        0.242110 -0.603616 2.676273,
        0.254484 -0.606299 2.660080,
        0.206673 -0.527559 2.722643,
        0.390282 -0.606299 2.482383,
        0.390282 -0.350394 2.482383,
        0.254484 -0.350394 2.660080,
        0.242110 -0.353077 2.676273,
        0.230579 -0.360943 2.691362,
        0.220677 -0.373456 2.704319,
        0.208302 -0.547939 2.720511,
        0.213079 -0.566929 2.714261,
        0.230579 -0.595750 2.691362,
        0.220677 -0.583237 2.704319,
        0.442704 -0.606299 2.267470,
        0.442704 -0.350394 2.267470,
        0.446718 -0.350394 2.324136,
        0.446718 -0.606299 2.324136,
        0.439020 -0.350394 2.380421,
        0.439020 -0.606299 2.380421,
        0.419937 -0.350394 2.433929,
        0.419937 -0.606299 2.433929,
        0.219817 -0.606299 0.999773,
        0.219817 -0.337884 0.999773,
        0.221682 -0.343607 1.010378,
        0.227305 -0.350394 1.042359,
        0.224431 -0.348678 1.026012,
        0.205500 -0.616848 0.866142,
        0.205199 -0.622590 0.857553,
        0.204991 -0.629362 0.849834,
        0.219185 -0.335400 0.996138,
        0.208505 -0.606299 0.913601,
        0.208505 -0.275556 0.913601,
        0.207832 -0.606299 0.905512,
        0.204939 -0.227592 0.847450,
        0.207073 -0.606972 0.895239,
        0.204745 -0.219385 0.833210,
        0.206430 -0.608982 0.885132,
        0.205908 -0.612285 0.875398,
        0.106573 -0.629796 0.850263,
        0.106732 -0.622551 0.857604,
        0.107006 -0.616848 0.866142,
        0.107375 -0.612307 0.875345,
        0.107852 -0.608982 0.885132,
        0.106318 -0.219385 0.833210,
        0.106494 -0.227592 0.847450,
        0.108435 -0.606976 0.895212,
        0.110452 -0.281758 0.922155,
        0.122879 -0.606299 1.016817,
        0.122879 -0.346136 1.016817,
        0.110452 -0.606299 0.922155,
        0.121767 -0.343607 1.010378,
        0.109128 -0.606299 0.905512,
        0.119446 -0.335400 0.996138,
        0.124496 -0.348678 1.026012,
        0.345765 -0.606299 2.284513,
        0.345765 -0.350394 2.284513,
        0.127370 -0.350394 1.042359,
        0.312079 -0.606299 2.422619,
        0.312079 -0.350394 2.422619,
        0.331135 -0.606299 2.391482,
        0.331135 -0.350394 2.391482,
        0.343398 -0.606299 2.357097,
        0.343398 -0.350394 2.357097,
        0.348345 -0.606299 2.320928,
        0.348345 -0.350394 2.320928,
        0.128470 -0.429134 2.662879,
        0.176281 -0.606299 2.600317,
        0.128470 -0.527559 2.662879,
        0.130099 -0.547939 2.660748,
        0.152375 -0.595750 2.631598,
        0.142473 -0.583237 2.644555,
        0.134875 -0.566929 2.654498,
        0.134875 -0.389764 2.654498,
        0.142473 -0.373456 2.644555,
        0.176281 -0.350394 2.600317,
        0.152375 -0.360943 2.631598,
        0.163906 -0.353077 2.616509,
        0.130099 -0.408754 2.660748,
        0.163906 -0.603616 2.616509,
        0.794984 -0.629686 0.850144,
        0.794800 -0.622548 0.857607,
        0.794500 -0.616848 0.866142,
        0.794094 -0.612307 0.875345,
        0.793569 -0.608982 0.885132,
        0.795255 -0.219385 0.833210,
        0.795061 -0.227592 0.847450,
        0.792928 -0.606976 0.895213,
        0.791495 -0.275556 0.913601,
        0.791495 -0.606299 0.913601,
        0.780183 -0.606299 0.999773,
        0.780183 -0.337884 0.999773,
        0.792168 -0.606299 0.905512,
        0.780815 -0.335400 0.996138,
        0.778318 -0.343607 1.010378,
        0.775569 -0.348678 1.026012,
        0.557296 -0.606299 2.267470,
        0.557296 -0.350394 2.267470,
        0.772695 -0.350394 1.042359,
        0.609718 -0.606299 2.482383,
        0.609718 -0.350394 2.482383,
        0.580063 -0.350394 2.433929,
        0.580063 -0.606299 2.433929,
        0.560980 -0.350394 2.380421,
        0.560980 -0.606299 2.380421,
        0.553282 -0.350394 2.324136,
        0.553282 -0.606299 2.324136,
        0.769421 -0.595750 2.691362,
        0.793327 -0.527559 2.722643,
        0.757890 -0.603616 2.676273,
        0.745516 -0.606299 2.660080,
        0.779323 -0.583237 2.704319,
        0.786921 -0.566929 2.714261,
        0.791698 -0.547939 2.720511,
        0.779323 -0.373456 2.704319,
        0.769421 -0.360943 2.691362,
        0.786921 -0.389764 2.714261,
        0.791698 -0.408754 2.720511,
        0.757890 -0.353077 2.676273,
        0.745516 -0.350394 2.660080,
        0.793327 -0.429134 2.722643,
        0.871530 -0.429134 2.662879,
        0.871530 -0.527559 2.662879,
        0.687921 -0.606299 2.422619,
        0.687921 -0.350394 2.422619,
        0.823719 -0.350394 2.600317,
        0.869901 -0.408754 2.660748,
        0.847625 -0.595750 2.631598,
        0.836094 -0.603616 2.616509,
        0.857527 -0.583237 2.644555,
        0.823719 -0.606299 2.600317,
        0.865125 -0.566929 2.654498,
        0.847625 -0.360943 2.631598,
        0.857527 -0.373456 2.644555,
        0.865125 -0.389764 2.654498,
        0.869901 -0.547939 2.660748,
        0.836094 -0.353077 2.616509,
        0.654235 -0.606299 2.284513,
        0.654235 -0.350394 2.284513,
        0.651655 -0.606299 2.320928,
        0.651655 -0.350394 2.320928,
        0.656602 -0.606299 2.357097,
        0.656602 -0.350394 2.357097,
        0.668865 -0.606299 2.391482,
        0.668865 -0.350394 2.391482,
        0.872630 -0.350394 1.042359,
        0.877121 -0.606299 1.016817,
        0.875504 -0.348678 1.026012,
        0.877121 -0.346136 1.016817,
        0.892624 -0.612294 0.875378,
        0.892148 -0.608982 0.885132,
        0.893682 -0.219385 0.833210,
        0.891563 -0.606972 0.895243,
        0.893506 -0.227592 0.847450,
        0.890872 -0.606299 0.905512,
        0.889548 -0.281758 0.922155,
        0.889548 -0.606299 0.922155,
        0.892994 -0.616848 0.866142,
        0.893269 -0.622596 0.857545,
        0.893458 -0.629362 0.849834,
        0.878233 -0.343607 1.010378,
        0.880554 -0.335400 0.996138,
        0.625984 -1.103776 -0.068898,
        0.625984 -1.103776 -0.167323,
        0.625984 -0.856626 -0.068898,
        0.625984 -0.856626 -0.167323,
        0.625984 -0.838709 -0.066539,
        0.625984 -0.813235 -0.161610,
        0.625984 -0.822014 -0.059623,
        0.625984 -0.772801 -0.144862,
        0.625984 -0.807677 -0.048622,
        0.625984 -0.738080 -0.118219,
        0.625984 -0.796676 -0.034285,
        0.625984 -0.711437 -0.083498,
        0.625984 -0.789760 -0.017590,
        0.625984 -0.694689 -0.043064,
        0.374016 -0.789760 -0.017590,
        0.374016 -0.694689 -0.043064,
        0.374016 -0.796676 -0.034285,
        0.374016 -0.711437 -0.083498,
        0.374016 -0.807677 -0.048622,
        0.374016 -0.738080 -0.118219,
        0.374016 -0.822014 -0.059623,
        0.374016 -0.772801 -0.144862,
        0.374016 -0.838709 -0.066539,
        0.374016 -0.813235 -0.161610,
        0.374016 -0.856626 -0.068898,
        0.374016 -0.856626 -0.167323,
        0.374016 -1.103776 -0.068898,
        0.374016 -1.103776 -0.167323,
        0.547244 -1.397638 -0.167323,
        0.452756 -1.397638 -0.167323,
        0.547244 -1.397638 -0.068898,
        0.452756 -1.397638 -0.068898,
        1.295276 -0.688976 0.236220,
        1.295276 -0.787402 0.236220,
        1.263780 -0.688976 0.236220,
        1.263780 -0.787402 0.236220,
        1.248495 -0.686964 0.236220,
        1.223020 -0.782035 0.236220,
        1.234252 -0.681065 0.236220,
        1.185039 -0.766303 0.236220,
        1.222021 -0.671680 0.236220,
        1.152424 -0.741277 0.236220,
        1.212636 -0.659449 0.236220,
        1.127398 -0.708661 0.236220,
        1.206737 -0.645206 0.236220,
        1.111665 -0.670680 0.236220,
        1.204724 -0.629921 0.236220,
        1.106299 -0.629921 0.236220,
        1.204724 -0.291339 0.236220,
        1.106299 -0.291339 0.236220,
        1.872602 -0.708661 0.826772,
        1.883740 -0.685039 0.826772,
        1.757422 -0.685039 0.826772,
        1.696850 -0.688976 0.826772,
        1.696850 -0.787402 0.826772,
        1.736220 -0.688976 0.826772,
        1.736220 -0.787402 0.826772,
        1.751505 -0.686964 0.826772,
        1.776980 -0.782035 0.826772,
        1.814961 -0.766303 0.826772,
        1.847576 -0.741277 0.826772,
        1.242578 -0.685039 0.826772,
        1.116260 -0.685039 0.826772,
        1.127398 -0.708661 0.826772,
        1.303150 -0.787402 0.826772,
        1.303150 -0.688976 0.826772,
        1.263780 -0.787402 0.826772,
        1.263780 -0.688976 0.826772,
        1.223020 -0.782035 0.826772,
        1.248495 -0.686964 0.826772,
        1.185039 -0.766303 0.826772,
        1.152424 -0.741277 0.826772,
        1.893701 -0.216856 0.826772,
        1.893701 -0.629921 0.826772,
        1.893701 -0.214314 0.817576,
        1.893701 -0.212598 0.801230,
        1.893701 -0.223148 0.275591,
        1.893701 -0.270959 0.238904,
        1.893701 -0.235661 0.259283,
        1.893701 -0.251969 0.246770,
        1.893701 -0.629921 0.236220,
        1.893701 -0.291339 0.236220,
        1.893701 -0.212598 0.314961,
        1.893701 -0.215281 0.294581,
        1.872602 -0.708661 0.236220,
        1.847576 -0.741277 0.236220,
        1.814961 -0.766303 0.236220,
        1.776980 -0.782035 0.236220,
        1.736220 -0.787402 0.236220,
        1.888335 -0.670680 0.236220,
        1.892911 -0.645669 0.837321,
        1.893694 -0.631394 0.830659,
        1.893571 -0.636316 0.843657,
        1.891705 -0.654915 0.832762,
        1.889822 -0.664660 0.829455,
        1.888335 -0.670680 0.828092,
        1.371341 -0.787402 0.866142,
        1.358827 -0.787402 0.849834,
        1.620793 -0.787402 0.885132,
        1.649047 -0.787402 0.213158,
        1.665354 -0.787402 0.225671,
        1.641173 -0.787402 0.849834,
        1.628659 -0.787402 0.866142,
        1.350954 -0.787402 0.213158,
        1.363467 -0.787402 0.196850,
        1.628667 -0.787402 0.177860,
        1.323529 -0.787402 0.829455,
        1.342520 -0.787402 0.837321,
        1.374016 -0.787402 0.157480,
        1.374016 -0.787402 0.000327,
        1.625984 -0.787402 0.000327,
        1.371333 -0.787402 0.177860,
        1.625984 -0.787402 0.157480,
        1.636533 -0.787402 0.196850,
        1.315655 -0.787402 0.233537,
        1.334646 -0.787402 0.225671,
        1.618110 -0.787402 2.716535,
        1.381890 -0.787402 2.716535,
        1.618110 -0.787402 0.905512,
        1.381890 -0.787402 0.905512,
        1.379207 -0.787402 0.885132,
        1.704724 -0.787402 0.236220,
        1.607561 -0.787402 2.755906,
        1.595048 -0.787402 2.772213,
        1.578740 -0.787402 2.784726,
        1.440250 -0.787402 2.792593,
        1.421260 -0.787402 2.784726,
        1.657480 -0.787402 0.837321,
        1.684345 -0.787402 0.233537,
        1.676471 -0.787402 0.829455,
        1.615427 -0.787402 2.736915,
        1.539370 -0.787402 2.795276,
        1.559750 -0.787402 2.792593,
        1.460630 -0.787402 2.795276,
        1.404952 -0.787402 2.772213,
        1.392439 -0.787402 2.755906,
        1.384573 -0.787402 2.736915,
        1.110402 -0.664774 0.829841,
        1.108297 -0.654925 0.832758,
        1.106299 -0.629921 0.826772,
        1.107089 -0.645669 0.837321,
        1.106306 -0.631394 0.830659,
        1.106429 -0.636316 0.843657,
        1.111665 -0.670680 0.828092,
        1.106299 -0.216856 0.826772,
        1.106299 -0.214314 0.817576,
        1.106299 -0.212598 0.801230,
        1.106299 -0.212598 0.314961,
        1.106299 -0.270959 0.238904,
        1.106299 -0.215281 0.294581,
        1.106299 -0.223148 0.275591,
        1.106299 -0.235661 0.259283,
        1.106299 -0.251969 0.246770,
        1.204724 -0.212598 0.801230,
        1.204724 -0.212598 0.314961,
        1.204724 -0.216856 0.826772,
        1.204724 -0.629921 0.826772,
        1.204724 -0.214314 0.817576,
        1.204724 -0.223148 0.275591,
        1.204724 -0.215281 0.294581,
        1.204724 -0.235661 0.259283,
        1.204724 -0.251969 0.246770,
        1.204724 -0.270959 0.238904,
        1.204732 -0.630858 0.830626,
        1.204894 -0.634402 0.845214,
        1.206737 -0.645206 0.837591,
        1.234252 -0.681065 0.826872,
        1.227834 -0.676776 0.827206,
        1.222021 -0.671680 0.827913,
        1.216022 -0.664660 0.829455,
        1.212636 -0.659449 0.831046,
        1.209253 -0.652602 0.833763,
        1.206898 -0.645681 0.837344,
        1.620793 -0.688976 0.885132,
        1.358827 -0.688976 0.849834,
        1.371341 -0.688976 0.866142,
        1.381890 -0.688976 0.905512,
        1.381890 -0.688976 2.501413,
        1.618110 -0.688976 2.501413,
        1.641173 -0.688976 0.849834,
        1.628659 -0.688976 0.866142,
        1.323529 -0.688976 0.829455,
        1.342520 -0.688976 0.837321,
        1.379207 -0.688976 0.885132,
        1.618110 -0.688976 0.905512,
        1.628667 -0.688976 0.177860,
        1.363467 -0.688976 0.196850,
        1.350954 -0.688976 0.213158,
        1.334646 -0.688976 0.225671,
        1.315655 -0.688976 0.233537,
        1.636533 -0.688976 0.196850,
        1.649047 -0.688976 0.213158,
        1.665354 -0.688976 0.225671,
        1.625984 -0.688976 0.000327,
        1.374016 -0.688976 0.000327,
        1.625984 -0.688976 0.157480,
        1.374016 -0.688976 0.157480,
        1.371333 -0.688976 0.177860,
        1.736220 -0.688976 0.236220,
        1.657480 -0.688976 0.837321,
        1.676471 -0.688976 0.829455,
        1.684345 -0.688976 0.233537,
        1.704724 -0.688976 0.236220,
        1.793137 -0.645669 0.837321,
        1.793220 -0.645198 0.837651,
        1.793263 -0.645206 0.236220,
        1.795276 -0.629921 0.236220,
        1.795276 -0.629921 0.826772,
        1.795268 -0.630858 0.830626,
        1.795105 -0.634402 0.845214,
        1.787364 -0.659449 0.236220,
        1.787364 -0.659449 0.831046,
        1.790741 -0.652614 0.833758,
        1.777979 -0.671680 0.236220,
        1.765748 -0.681065 0.236220,
        1.765748 -0.681065 0.826872,
        1.772177 -0.676769 0.827207,
        1.777979 -0.671680 0.827913,
        1.783978 -0.664660 0.829455,
        1.751505 -0.686964 0.236220,
        1.795276 -0.291339 0.236220,
        1.795276 -0.216856 0.826772,
        1.795276 -0.214314 0.817576,
        1.795276 -0.212598 0.801230,
        1.795276 -0.212598 0.314961,
        1.795276 -0.270959 0.238904,
        1.795276 -0.215281 0.294581,
        1.795276 -0.223148 0.275591,
        1.795276 -0.235661 0.259283,
        1.795276 -0.251969 0.246770,
        1.539370 -0.767717 2.795276,
        1.460630 -0.767717 2.795276,
        1.618110 -0.746618 2.716535,
        1.381890 -0.746618 2.716535,
        1.569503 -0.766111 2.789282,
        1.578740 -0.764890 2.784726,
        1.559750 -0.766998 2.792593,
        1.587304 -0.763357 2.779004,
        1.595048 -0.761537 2.772213,
        1.615427 -0.752079 2.736915,
        1.607561 -0.757167 2.755906,
        1.412696 -0.763357 2.779004,
        1.404952 -0.761537 2.772213,
        1.384573 -0.752079 2.736915,
        1.392439 -0.757167 2.755906,
        1.421260 -0.764890 2.784726,
        1.430497 -0.766111 2.789282,
        1.440250 -0.766998 2.792593,
        1.549648 -0.767536 2.794602,
        1.450352 -0.767536 2.794602,
        1.213079 -0.389764 2.714261,
        1.208302 -0.408754 2.720511,
        1.206673 -0.429134 2.722643,
        1.390282 -0.350394 2.482383,
        1.254484 -0.350394 2.660080,
        1.242110 -0.353077 2.676273,
        1.230579 -0.360943 2.691362,
        1.220677 -0.373456 2.704319,
        1.230579 -0.595750 2.691362,
        1.242110 -0.603616 2.676273,
        1.220677 -0.583237 2.704319,
        1.254484 -0.606299 2.660080,
        1.213079 -0.566929 2.714261,
        1.390282 -0.606299 2.482383,
        1.206673 -0.527559 2.722643,
        1.208302 -0.547939 2.720511,
        1.442704 -0.606299 2.267470,
        1.442704 -0.350394 2.267470,
        1.446718 -0.350394 2.324136,
        1.446718 -0.606299 2.324136,
        1.439020 -0.350394 2.380421,
        1.439020 -0.606299 2.380421,
        1.419937 -0.350394 2.433929,
        1.419937 -0.606299 2.433929,
        1.219817 -0.606299 0.999773,
        1.219817 -0.337884 0.999773,
        1.221682 -0.343607 1.010378,
        1.227305 -0.350394 1.042359,
        1.224431 -0.348678 1.026012,
        1.205500 -0.616848 0.866142,
        1.205199 -0.622590 0.857553,
        1.204991 -0.629362 0.849834,
        1.219185 -0.335400 0.996138,
        1.208505 -0.606299 0.913601,
        1.208505 -0.275556 0.913601,
        1.207832 -0.606299 0.905512,
        1.204939 -0.227592 0.847450,
        1.207073 -0.606972 0.895239,
        1.204745 -0.219385 0.833210,
        1.206430 -0.608982 0.885132,
        1.205909 -0.612285 0.875398,
        1.106573 -0.629796 0.850263,
        1.106732 -0.622551 0.857604,
        1.107006 -0.616848 0.866142,
        1.107375 -0.612307 0.875345,
        1.107852 -0.608982 0.885132,
        1.106318 -0.219385 0.833210,
        1.106494 -0.227592 0.847450,
        1.108435 -0.606976 0.895212,
        1.110452 -0.281758 0.922155,
        1.122879 -0.606299 1.016817,
        1.122879 -0.346136 1.016817,
        1.110452 -0.606299 0.922155,
        1.121767 -0.343607 1.010378,
        1.109128 -0.606299 0.905512,
        1.119446 -0.335400 0.996138,
        1.124496 -0.348678 1.026012,
        1.345765 -0.606299 2.284513,
        1.345765 -0.350394 2.284513,
        1.127370 -0.350394 1.042359,
        1.312079 -0.606299 2.422619,
        1.312079 -0.350394 2.422619,
        1.331135 -0.606299 2.391482,
        1.331135 -0.350394 2.391482,
        1.343398 -0.606299 2.357097,
        1.343398 -0.350394 2.357097,
        1.348345 -0.606299 2.320928,
        1.348345 -0.350394 2.320928,
        1.128470 -0.527559 2.662879,
        1.176281 -0.606299 2.600317,
        1.152375 -0.595750 2.631598,
        1.142473 -0.583237 2.644555,
        1.163906 -0.603616 2.616509,
        1.134875 -0.566929 2.654498,
        1.130099 -0.547939 2.660748,
        1.152375 -0.360943 2.631598,
        1.163906 -0.353077 2.616509,
        1.142473 -0.373456 2.644555,
        1.176281 -0.350394 2.600317,
        1.134875 -0.389764 2.654498,
        1.128470 -0.429134 2.662879,
        1.130099 -0.408754 2.660748,
        1.794983 -0.629686 0.850144,
        1.794800 -0.622548 0.857607,
        1.794500 -0.616848 0.866142,
        1.794094 -0.612307 0.875345,
        1.793570 -0.608982 0.885132,
        1.795255 -0.219385 0.833210,
        1.795061 -0.227592 0.847450,
        1.792929 -0.606976 0.895213,
        1.791495 -0.275556 0.913601,
        1.791495 -0.606299 0.913601,
        1.780183 -0.606299 0.999773,
        1.780183 -0.337884 0.999773,
        1.792168 -0.606299 0.905512,
        1.780815 -0.335400 0.996138,
        1.778318 -0.343607 1.010378,
        1.775569 -0.348678 1.026012,
        1.557296 -0.606299 2.267470,
        1.557296 -0.350394 2.267470,
        1.772695 -0.350394 1.042359,
        1.609718 -0.606299 2.482383,
        1.609718 -0.350394 2.482383,
        1.580063 -0.350394 2.433929,
        1.580063 -0.606299 2.433929,
        1.560980 -0.350394 2.380421,
        1.560980 -0.606299 2.380421,
        1.553282 -0.350394 2.324136,
        1.553282 -0.606299 2.324136,
        1.791698 -0.547939 2.720511,
        1.793327 -0.527559 2.722643,
        1.745515 -0.606299 2.660080,
        1.745515 -0.350394 2.660080,
        1.757890 -0.603616 2.676273,
        1.769421 -0.595750 2.691362,
        1.779323 -0.583237 2.704319,
        1.786921 -0.566929 2.714261,
        1.769421 -0.360943 2.691362,
        1.791698 -0.408754 2.720511,
        1.779323 -0.373456 2.704319,
        1.786921 -0.389764 2.714261,
        1.793327 -0.429134 2.722643,
        1.757890 -0.353077 2.676273,
        1.871530 -0.429134 2.662879,
        1.871530 -0.527559 2.662879,
        1.687921 -0.606299 2.422619,
        1.687921 -0.350394 2.422619,
        1.823719 -0.606299 2.600317,
        1.823719 -0.350394 2.600317,
        1.836094 -0.353077 2.616509,
        1.869901 -0.408754 2.660748,
        1.857527 -0.583237 2.644555,
        1.847625 -0.595750 2.631598,
        1.865125 -0.566929 2.654498,
        1.869901 -0.547939 2.660748,
        1.836094 -0.603616 2.616509,
        1.847625 -0.360943 2.631598,
        1.857527 -0.373456 2.644555,
        1.865125 -0.389764 2.654498,
        1.654235 -0.606299 2.284513,
        1.654235 -0.350394 2.284513,
        1.651655 -0.606299 2.320928,
        1.651655 -0.350394 2.320928,
        1.656602 -0.606299 2.357097,
        1.656602 -0.350394 2.357097,
        1.668865 -0.606299 2.391482,
        1.668865 -0.350394 2.391482,
        1.872630 -0.350394 1.042359,
        1.877121 -0.606299 1.016817,
        1.875504 -0.348678 1.026012,
        1.877121 -0.346136 1.016817,
        1.892624 -0.612294 0.875378,
        1.892148 -0.608982 0.885132,
        1.893682 -0.219385 0.833210,
        1.891563 -0.606972 0.895243,
        1.893506 -0.227592 0.847450,
        1.890872 -0.606299 0.905512,
        1.889548 -0.281758 0.922155,
        1.889548 -0.606299 0.922155,
        1.892994 -0.616848 0.866142,
        1.893269 -0.622596 0.857545,
        1.893458 -0.629362 0.849834,
        1.878233 -0.343607 1.010378,
        1.880554 -0.335400 0.996138,
        1.625984 -1.103776 -0.068898,
        1.625984 -1.103776 -0.167323,
        1.625984 -0.856626 -0.068898,
        1.625984 -0.856626 -0.167323,
        1.625984 -0.838709 -0.066539,
        1.625984 -0.813235 -0.161610,
        1.625984 -0.822014 -0.059623,
        1.625984 -0.772801 -0.144862,
        1.625984 -0.807677 -0.048622,
        1.625984 -0.738080 -0.118219,
        1.625984 -0.796676 -0.034285,
        1.625984 -0.711437 -0.083498,
        1.625984 -0.789760 -0.017590,
        1.625984 -0.694689 -0.043064,
        1.374016 -0.789760 -0.017590,
        1.374016 -0.694689 -0.043064,
        1.374016 -0.796676 -0.034285,
        1.374016 -0.711437 -0.083498,
        1.374016 -0.807677 -0.048622,
        1.374016 -0.738080 -0.118219,
        1.374016 -0.822014 -0.059623,
        1.374016 -0.772801 -0.144862,
        1.374016 -0.838709 -0.066539,
        1.374016 -0.813235 -0.161610,
        1.374016 -0.856626 -0.068898,
        1.374016 -0.856626 -0.167323,
        1.374016 -1.103776 -0.068898,
        1.374016 -1.103776 -0.167323,
        1.547244 -1.397638 -0.167323,
        1.452756 -1.397638 -0.167323,
        1.547244 -1.397638 -0.068898,
        1.452756 -1.397638 -0.068898,
        2.295276 -0.688976 0.236220,
        2.295276 -0.787402 0.236220,
        2.263780 -0.688976 0.236220,
        2.263780 -0.787402 0.236220,
        2.248495 -0.686964 0.236220,
        2.223020 -0.782035 0.236220,
        2.234252 -0.681065 0.236220,
        2.185039 -0.766303 0.236220,
        2.222021 -0.671680 0.236220,
        2.152424 -0.741277 0.236220,
        2.212636 -0.659449 0.236220,
        2.127398 -0.708661 0.236220,
        2.206737 -0.645206 0.236220,
        2.111665 -0.670680 0.236220,
        2.204724 -0.629921 0.236220,
        2.106299 -0.629921 0.236220,
        2.204724 -0.291339 0.236220,
        2.106299 -0.291339 0.236220,
        2.872603 -0.708661 0.826772,
        2.883740 -0.685039 0.826772,
        2.757422 -0.685039 0.826772,
        2.696850 -0.688976 0.826772,
        2.696850 -0.787402 0.826772,
        2.736220 -0.688976 0.826772,
        2.736220 -0.787402 0.826772,
        2.751505 -0.686964 0.826772,
        2.776979 -0.782035 0.826772,
        2.814961 -0.766303 0.826772,
        2.847576 -0.741277 0.826772,
        2.242578 -0.685039 0.826772,
        2.116260 -0.685039 0.826772,
        2.127398 -0.708661 0.826772,
        2.303150 -0.787402 0.826772,
        2.303150 -0.688976 0.826772,
        2.263780 -0.787402 0.826772,
        2.263780 -0.688976 0.826772,
        2.223020 -0.782035 0.826772,
        2.248495 -0.686964 0.826772,
        2.185039 -0.766303 0.826772,
        2.152424 -0.741277 0.826772,
        2.893701 -0.216856 0.826772,
        2.893701 -0.629921 0.826772,
        2.893701 -0.214314 0.817576,
        2.893701 -0.212598 0.801230,
        2.893701 -0.223148 0.275591,
        2.893701 -0.270959 0.238904,
        2.893701 -0.235661 0.259283,
        2.893701 -0.251969 0.246770,
        2.893701 -0.629921 0.236220,
        2.893701 -0.291339 0.236220,
        2.893701 -0.212598 0.314961,
        2.893701 -0.215281 0.294581,
        2.872603 -0.708661 0.236220,
        2.847576 -0.741277 0.236220,
        2.814961 -0.766303 0.236220,
        2.776979 -0.782035 0.236220,
        2.736220 -0.787402 0.236220,
        2.888335 -0.670680 0.236220,
        2.892911 -0.645669 0.837321,
        2.893694 -0.631394 0.830659,
        2.893571 -0.636316 0.843657,
        2.891705 -0.654915 0.832762,
        2.889822 -0.664660 0.829455,
        2.888335 -0.670680 0.828092,
        2.628659 -0.787402 0.866142,
        2.641173 -0.787402 0.849834,
        2.315655 -0.787402 0.233537,
        2.323529 -0.787402 0.829455,
        2.620793 -0.787402 0.885132,
        2.342520 -0.787402 0.837321,
        2.358827 -0.787402 0.849834,
        2.381890 -0.787402 2.716535,
        2.381890 -0.787402 0.905512,
        2.618110 -0.787402 0.905512,
        2.379207 -0.787402 0.885132,
        2.371341 -0.787402 0.866142,
        2.704724 -0.787402 0.236220,
        2.374016 -0.787402 0.157480,
        2.374016 -0.787402 0.000327,
        2.625984 -0.787402 0.000327,
        2.649047 -0.787402 0.213158,
        2.665354 -0.787402 0.225671,
        2.371333 -0.787402 0.177860,
        2.684345 -0.787402 0.233537,
        2.363467 -0.787402 0.196850,
        2.625984 -0.787402 0.157480,
        2.628667 -0.787402 0.177860,
        2.636533 -0.787402 0.196850,
        2.607561 -0.787402 2.755906,
        2.595048 -0.787402 2.772213,
        2.578740 -0.787402 2.784726,
        2.618110 -0.787402 2.716535,
        2.539370 -0.787402 2.795276,
        2.460630 -0.787402 2.795276,
        2.350954 -0.787402 0.213158,
        2.334646 -0.787402 0.225671,
        2.676471 -0.787402 0.829455,
        2.657480 -0.787402 0.837321,
        2.615428 -0.787402 2.736915,
        2.559750 -0.787402 2.792593,
        2.421260 -0.787402 2.784726,
        2.404952 -0.787402 2.772213,
        2.392439 -0.787402 2.755906,
        2.440250 -0.787402 2.792593,
        2.384573 -0.787402 2.736915,
        2.110403 -0.664774 0.829841,
        2.108297 -0.654925 0.832758,
        2.106299 -0.629921 0.826772,
        2.107089 -0.645669 0.837321,
        2.106306 -0.631394 0.830659,
        2.106429 -0.636316 0.843657,
        2.111665 -0.670680 0.828092,
        2.106299 -0.216856 0.826772,
        2.106299 -0.214314 0.817576,
        2.106299 -0.212598 0.801230,
        2.106299 -0.212598 0.314961,
        2.106299 -0.270959 0.238904,
        2.106299 -0.215281 0.294581,
        2.106299 -0.223148 0.275591,
        2.106299 -0.235661 0.259283,
        2.106299 -0.251969 0.246770,
        2.204724 -0.212598 0.801230,
        2.204724 -0.212598 0.314961,
        2.204724 -0.216856 0.826772,
        2.204724 -0.629921 0.826772,
        2.204724 -0.214314 0.817576,
        2.204724 -0.223148 0.275591,
        2.204724 -0.215281 0.294581,
        2.204724 -0.235661 0.259283,
        2.204724 -0.251969 0.246770,
        2.204724 -0.270959 0.238904,
        2.204732 -0.630858 0.830626,
        2.204894 -0.634402 0.845214,
        2.206737 -0.645206 0.837591,
        2.234252 -0.681065 0.826872,
        2.227834 -0.676776 0.827206,
        2.222021 -0.671680 0.827913,
        2.216022 -0.664660 0.829455,
        2.212636 -0.659449 0.831046,
        2.209254 -0.652602 0.833763,
        2.206898 -0.645681 0.837344,
        2.620793 -0.688976 0.885132,
        2.358827 -0.688976 0.849834,
        2.371341 -0.688976 0.866142,
        2.381890 -0.688976 0.905512,
        2.381890 -0.688976 2.501413,
        2.618110 -0.688976 2.501413,
        2.379207 -0.688976 0.885132,
        2.618110 -0.688976 0.905512,
        2.641173 -0.688976 0.849834,
        2.628659 -0.688976 0.866142,
        2.323529 -0.688976 0.829455,
        2.342520 -0.688976 0.837321,
        2.625984 -0.688976 0.157480,
        2.625984 -0.688976 0.000327,
        2.374016 -0.688976 0.000327,
        2.350954 -0.688976 0.213158,
        2.334646 -0.688976 0.225671,
        2.628667 -0.688976 0.177860,
        2.315655 -0.688976 0.233537,
        2.636533 -0.688976 0.196850,
        2.649047 -0.688976 0.213158,
        2.665354 -0.688976 0.225671,
        2.374016 -0.688976 0.157480,
        2.371333 -0.688976 0.177860,
        2.363467 -0.688976 0.196850,
        2.736220 -0.688976 0.236220,
        2.657480 -0.688976 0.837321,
        2.676471 -0.688976 0.829455,
        2.684345 -0.688976 0.233537,
        2.704724 -0.688976 0.236220,
        2.793137 -0.645669 0.837321,
        2.793220 -0.645198 0.837651,
        2.793263 -0.645206 0.236220,
        2.795276 -0.629921 0.236220,
        2.795276 -0.629921 0.826772,
        2.795268 -0.630858 0.830626,
        2.795105 -0.634402 0.845214,
        2.787364 -0.659449 0.236220,
        2.787364 -0.659449 0.831046,
        2.790741 -0.652614 0.833758,
        2.777979 -0.671680 0.236220,
        2.765748 -0.681065 0.236220,
        2.765748 -0.681065 0.826872,
        2.772177 -0.676769 0.827207,
        2.777979 -0.671680 0.827913,
        2.783978 -0.664660 0.829455,
        2.751505 -0.686964 0.236220,
        2.795276 -0.291339 0.236220,
        2.795276 -0.216856 0.826772,
        2.795276 -0.214314 0.817576,
        2.795276 -0.212598 0.801230,
        2.795276 -0.212598 0.314961,
        2.795276 -0.270959 0.238904,
        2.795276 -0.215281 0.294581,
        2.795276 -0.223148 0.275591,
        2.795276 -0.235661 0.259283,
        2.795276 -0.251969 0.246770,
        2.539370 -0.767717 2.795276,
        2.460630 -0.767717 2.795276,
        2.618110 -0.746618 2.716535,
        2.381890 -0.746618 2.716535,
        2.569503 -0.766111 2.789282,
        2.578740 -0.764890 2.784726,
        2.559750 -0.766998 2.792593,
        2.587304 -0.763357 2.779004,
        2.595048 -0.761537 2.772213,
        2.615428 -0.752079 2.736915,
        2.607561 -0.757167 2.755906,
        2.412696 -0.763357 2.779004,
        2.404952 -0.761537 2.772213,
        2.384573 -0.752079 2.736915,
        2.392439 -0.757167 2.755906,
        2.421260 -0.764890 2.784726,
        2.430497 -0.766111 2.789282,
        2.440250 -0.766998 2.792593,
        2.549648 -0.767536 2.794602,
        2.450352 -0.767536 2.794602,
        2.390282 -0.606299 2.482383,
        2.390282 -0.350394 2.482383,
        2.254484 -0.606299 2.660080,
        2.206673 -0.429134 2.722643,
        2.254484 -0.350394 2.660080,
        2.242110 -0.353077 2.676273,
        2.230579 -0.360943 2.691362,
        2.220677 -0.373456 2.704319,
        2.213079 -0.389764 2.714261,
        2.208302 -0.408754 2.720511,
        2.206673 -0.527559 2.722643,
        2.208302 -0.547939 2.720511,
        2.242110 -0.603616 2.676273,
        2.213079 -0.566929 2.714261,
        2.230579 -0.595750 2.691362,
        2.220677 -0.583237 2.704319,
        2.442704 -0.606299 2.267470,
        2.442704 -0.350394 2.267470,
        2.446718 -0.350394 2.324136,
        2.446718 -0.606299 2.324136,
        2.439020 -0.350394 2.380421,
        2.439020 -0.606299 2.380421,
        2.419937 -0.350394 2.433929,
        2.419937 -0.606299 2.433929,
        2.219817 -0.606299 0.999773,
        2.219817 -0.337884 0.999773,
        2.221682 -0.343607 1.010378,
        2.227305 -0.350394 1.042359,
        2.224431 -0.348678 1.026012,
        2.205500 -0.616848 0.866142,
        2.205199 -0.622590 0.857553,
        2.204991 -0.629362 0.849834,
        2.219185 -0.335400 0.996138,
        2.208505 -0.606299 0.913601,
        2.208505 -0.275556 0.913601,
        2.207832 -0.606299 0.905512,
        2.204938 -0.227592 0.847450,
        2.207073 -0.606972 0.895239,
        2.204745 -0.219385 0.833210,
        2.206430 -0.608982 0.885132,
        2.205908 -0.612285 0.875398,
        2.106573 -0.629796 0.850263,
        2.106732 -0.622551 0.857604,
        2.107006 -0.616848 0.866142,
        2.107375 -0.612307 0.875345,
        2.107852 -0.608982 0.885132,
        2.106318 -0.219385 0.833210,
        2.106494 -0.227592 0.847450,
        2.108435 -0.606976 0.895212,
        2.110452 -0.281758 0.922155,
        2.122879 -0.606299 1.016817,
        2.122879 -0.346136 1.016817,
        2.110452 -0.606299 0.922155,
        2.121767 -0.343607 1.010378,
        2.109128 -0.606299 0.905512,
        2.119446 -0.335400 0.996138,
        2.124496 -0.348678 1.026012,
        2.345765 -0.606299 2.284513,
        2.345765 -0.350394 2.284513,
        2.127370 -0.350394 1.042359,
        2.312079 -0.606299 2.422619,
        2.312079 -0.350394 2.422619,
        2.331135 -0.606299 2.391482,
        2.331135 -0.350394 2.391482,
        2.343398 -0.606299 2.357097,
        2.343398 -0.350394 2.357097,
        2.348345 -0.606299 2.320928,
        2.348345 -0.350394 2.320928,
        2.128470 -0.429134 2.662879,
        2.128470 -0.527559 2.662879,
        2.130099 -0.408754 2.660748,
        2.163906 -0.353077 2.616509,
        2.176281 -0.350394 2.600317,
        2.134875 -0.389764 2.654498,
        2.142473 -0.373456 2.644555,
        2.152375 -0.360943 2.631598,
        2.142473 -0.583237 2.644555,
        2.134875 -0.566929 2.654498,
        2.152375 -0.595750 2.631598,
        2.163906 -0.603616 2.616509,
        2.176281 -0.606299 2.600317,
        2.130099 -0.547939 2.660748,
        2.794984 -0.629686 0.850144,
        2.794800 -0.622548 0.857607,
        2.794500 -0.616848 0.866142,
        2.794094 -0.612307 0.875345,
        2.793569 -0.608982 0.885132,
        2.795255 -0.219385 0.833210,
        2.795061 -0.227592 0.847450,
        2.792928 -0.606976 0.895213,
        2.791495 -0.275556 0.913601,
        2.791495 -0.606299 0.913601,
        2.780183 -0.606299 0.999773,
        2.780183 -0.337884 0.999773,
        2.792168 -0.606299 0.905512,
        2.780815 -0.335400 0.996138,
        2.778318 -0.343607 1.010378,
        2.775569 -0.348678 1.026012,
        2.557296 -0.606299 2.267470,
        2.557296 -0.350394 2.267470,
        2.772695 -0.350394 1.042359,
        2.609718 -0.606299 2.482383,
        2.609718 -0.350394 2.482383,
        2.580063 -0.350394 2.433929,
        2.580063 -0.606299 2.433929,
        2.560980 -0.350394 2.380421,
        2.560980 -0.606299 2.380421,
        2.553282 -0.350394 2.324136,
        2.553282 -0.606299 2.324136,
        2.791698 -0.547939 2.720511,
        2.793327 -0.527559 2.722643,
        2.745516 -0.606299 2.660080,
        2.745516 -0.350394 2.660080,
        2.757890 -0.603616 2.676273,
        2.769421 -0.595750 2.691362,
        2.779323 -0.583237 2.704319,
        2.786921 -0.566929 2.714261,
        2.769421 -0.360943 2.691362,
        2.791698 -0.408754 2.720511,
        2.779323 -0.373456 2.704319,
        2.786921 -0.389764 2.714261,
        2.793327 -0.429134 2.722643,
        2.757890 -0.353077 2.676273,
        2.871530 -0.429134 2.662879,
        2.871530 -0.527559 2.662879,
        2.687921 -0.606299 2.422619,
        2.687921 -0.350394 2.422619,
        2.823719 -0.606299 2.600317,
        2.823719 -0.350394 2.600317,
        2.836094 -0.353077 2.616509,
        2.869901 -0.408754 2.660748,
        2.857527 -0.583237 2.644555,
        2.847625 -0.595750 2.631598,
        2.865125 -0.566929 2.654498,
        2.869901 -0.547939 2.660748,
        2.836094 -0.603616 2.616509,
        2.847625 -0.360943 2.631598,
        2.857527 -0.373456 2.644555,
        2.865125 -0.389764 2.654498,
        2.654235 -0.606299 2.284513,
        2.654235 -0.350394 2.284513,
        2.651655 -0.606299 2.320928,
        2.651655 -0.350394 2.320928,
        2.656602 -0.606299 2.357097,
        2.656602 -0.350394 2.357097,
        2.668865 -0.606299 2.391482,
        2.668865 -0.350394 2.391482,
        2.872630 -0.350394 1.042359,
        2.877121 -0.606299 1.016817,
        2.875504 -0.348678 1.026012,
        2.877121 -0.346136 1.016817,
        2.892624 -0.612294 0.875378,
        2.892148 -0.608982 0.885132,
        2.893682 -0.219385 0.833210,
        2.891563 -0.606972 0.895243,
        2.893506 -0.227592 0.847450,
        2.890872 -0.606299 0.905512,
        2.889548 -0.281758 0.922155,
        2.889548 -0.606299 0.922155,
        2.892994 -0.616848 0.866142,
        2.893269 -0.622596 0.857545,
        2.893458 -0.629362 0.849834,
        2.878233 -0.343607 1.010378,
        2.880554 -0.335400 0.996138,
        2.625984 -1.103776 -0.068898,
        2.625984 -1.103776 -0.167323,
        2.625984 -0.856626 -0.068898,
        2.625984 -0.856626 -0.167323,
        2.625984 -0.838709 -0.066539,
        2.625984 -0.813235 -0.161610,
        2.625984 -0.822014 -0.059623,
        2.625984 -0.772801 -0.144862,
        2.625984 -0.807677 -0.048622,
        2.625984 -0.738080 -0.118219,
        2.625984 -0.796676 -0.034285,
        2.625984 -0.711437 -0.083498,
        2.625984 -0.789760 -0.017590,
        2.625984 -0.694689 -0.043064,
        2.374016 -0.789760 -0.017590,
        2.374016 -0.694689 -0.043064,
        2.374016 -0.796676 -0.034285,
        2.374016 -0.711437 -0.083498,
        2.374016 -0.807677 -0.048622,
        2.374016 -0.738080 -0.118219,
        2.374016 -0.822014 -0.059623,
        2.374016 -0.772801 -0.144862,
        2.374016 -0.838709 -0.066539,
        2.374016 -0.813235 -0.161610,
        2.374016 -0.856626 -0.068898,
        2.374016 -0.856626 -0.167323,
        2.374016 -1.103776 -0.068898,
        2.374016 -1.103776 -0.167323,
        2.547244 -1.397638 -0.167323,
        2.452756 -1.397638 -0.167323,
        2.547244 -1.397638 -0.068898,
        2.452756 -1.397638 -0.068898,
        0.204724 0.291339 0.236220,
        0.106299 0.291339 0.236220,
        0.204724 0.629921 0.236220,
        0.106299 0.629921 0.236220,
        0.206737 0.645206 0.236220,
        0.111665 0.670680 0.236220,
        0.212636 0.659449 0.236220,
        0.127398 0.708661 0.236220,
        0.222021 0.671680 0.236220,
        0.152424 0.741277 0.236220,
        0.234252 0.681065 0.236220,
        0.185039 0.766303 0.236220,
        0.248495 0.686964 0.236220,
        0.223020 0.782035 0.236220,
        0.263780 0.688976 0.236220,
        0.263780 0.787402 0.236220,
        0.295276 0.688976 0.236220,
        0.295276 0.787402 0.236220,
        0.757422 0.685039 0.826772,
        0.883740 0.685039 0.826772,
        0.872602 0.708661 0.826772,
        0.696850 0.787402 0.826772,
        0.696850 0.688976 0.826772,
        0.736220 0.787402 0.826772,
        0.736220 0.688976 0.826772,
        0.776980 0.782035 0.826772,
        0.751505 0.686964 0.826772,
        0.814961 0.766303 0.826772,
        0.847576 0.741277 0.826772,
        0.127398 0.708661 0.826772,
        0.116260 0.685039 0.826772,
        0.242578 0.685039 0.826772,
        0.152424 0.741277 0.826772,
        0.303150 0.688976 0.826772,
        0.303150 0.787402 0.826772,
        0.263780 0.688976 0.826772,
        0.263780 0.787402 0.826772,
        0.248495 0.686964 0.826772,
        0.223020 0.782035 0.826772,
        0.185039 0.766303 0.826772,
        0.893701 0.291339 0.236220,
        0.893701 0.629921 0.236220,
        0.893701 0.629921 0.826772,
        0.893701 0.251969 0.246770,
        0.893701 0.270959 0.238904,
        0.893701 0.216856 0.826772,
        0.893701 0.214314 0.817576,
        0.893701 0.212598 0.801230,
        0.893701 0.212598 0.314961,
        0.893701 0.215281 0.294581,
        0.893701 0.223148 0.275591,
        0.893701 0.235661 0.259283,
        0.891705 0.654915 0.832762,
        0.892911 0.645669 0.837321,
        0.893694 0.631394 0.830659,
        0.893571 0.636316 0.843657,
        0.888335 0.670680 0.236220,
        0.888335 0.670680 0.828092,
        0.889822 0.664660 0.829455,
        0.872602 0.708661 0.236220,
        0.847576 0.741277 0.236220,
        0.814961 0.766303 0.236220,
        0.776980 0.782035 0.236220,
        0.736220 0.787402 0.236220,
        0.657480 0.787402 0.837321,
        0.676471 0.787402 0.829455,
        0.379207 0.787402 0.885132,
        0.628667 0.787402 0.177860,
        0.363467 0.787402 0.196850,
        0.350953 0.787402 0.213158,
        0.371341 0.787402 0.866142,
        0.358827 0.787402 0.849834,
        0.704724 0.787402 0.236220,
        0.684345 0.787402 0.233537,
        0.620793 0.787402 0.885132,
        0.618110 0.787402 0.905512,
        0.381890 0.787402 0.905512,
        0.628659 0.787402 0.866142,
        0.641173 0.787402 0.849834,
        0.625984 0.787402 0.000327,
        0.374016 0.787402 0.000327,
        0.625984 0.787402 0.157480,
        0.374016 0.787402 0.157480,
        0.371333 0.787402 0.177860,
        0.334646 0.787402 0.225671,
        0.315655 0.787402 0.233537,
        0.636533 0.787402 0.196850,
        0.440250 0.787402 2.792593,
        0.460630 0.787402 2.795276,
        0.381890 0.787402 2.716535,
        0.649047 0.787402 0.213158,
        0.665354 0.787402 0.225671,
        0.323529 0.787402 0.829455,
        0.342520 0.787402 0.837321,
        0.392439 0.787402 2.755906,
        0.404952 0.787402 2.772213,
        0.421260 0.787402 2.784726,
        0.384573 0.787402 2.736915,
        0.539370 0.787402 2.795276,
        0.618110 0.787402 2.716535,
        0.559750 0.787402 2.792593,
        0.578740 0.787402 2.784726,
        0.595048 0.787402 2.772213,
        0.607561 0.787402 2.755906,
        0.615427 0.787402 2.736915,
        0.106299 0.629921 0.826772,
        0.107089 0.645669 0.837321,
        0.106306 0.631394 0.830659,
        0.106429 0.636316 0.843657,
        0.108297 0.654925 0.832758,
        0.110403 0.664774 0.829841,
        0.111665 0.670680 0.828092,
        0.106299 0.212598 0.314961,
        0.106299 0.212598 0.801230,
        0.106299 0.214314 0.817576,
        0.106299 0.216856 0.826772,
        0.106299 0.223148 0.275591,
        0.106299 0.235661 0.259283,
        0.106299 0.270959 0.238904,
        0.106299 0.251969 0.246770,
        0.106299 0.215281 0.294581,
        0.204724 0.212598 0.314961,
        0.204724 0.212598 0.801230,
        0.204724 0.216856 0.826772,
        0.204724 0.214314 0.817576,
        0.204724 0.629921 0.826772,
        0.204724 0.215281 0.294581,
        0.204724 0.223148 0.275591,
        0.204724 0.235661 0.259283,
        0.204724 0.251969 0.246770,
        0.204724 0.270959 0.238904,
        0.206737 0.645206 0.837591,
        0.204894 0.634402 0.845214,
        0.204732 0.630858 0.830626,
        0.212636 0.659449 0.831046,
        0.209253 0.652602 0.833763,
        0.206898 0.645681 0.837344,
        0.234252 0.681065 0.826872,
        0.227834 0.676776 0.827206,
        0.222021 0.671680 0.827913,
        0.216022 0.664660 0.829455,
        0.371341 0.688976 0.866142,
        0.358827 0.688976 0.849834,
        0.620793 0.688976 0.885132,
        0.704724 0.688976 0.236220,
        0.736220 0.688976 0.236220,
        0.363467 0.688976 0.196850,
        0.371333 0.688976 0.177860,
        0.684345 0.688976 0.233537,
        0.618110 0.688976 2.501413,
        0.381890 0.688976 2.501413,
        0.618110 0.688976 0.905512,
        0.381890 0.688976 0.905512,
        0.379207 0.688976 0.885132,
        0.374016 0.688976 0.000327,
        0.625984 0.688976 0.000327,
        0.374016 0.688976 0.157480,
        0.625984 0.688976 0.157480,
        0.628667 0.688976 0.177860,
        0.636533 0.688976 0.196850,
        0.649047 0.688976 0.213158,
        0.665354 0.688976 0.225671,
        0.342520 0.688976 0.837321,
        0.323529 0.688976 0.829455,
        0.628659 0.688976 0.866142,
        0.641173 0.688976 0.849834,
        0.657480 0.688976 0.837321,
        0.315655 0.688976 0.233537,
        0.676471 0.688976 0.829455,
        0.334646 0.688976 0.225671,
        0.350953 0.688976 0.213158,
        0.795268 0.630858 0.830626,
        0.795106 0.634402 0.845214,
        0.793220 0.645198 0.837651,
        0.751505 0.686964 0.236220,
        0.765748 0.681065 0.236220,
        0.777979 0.671680 0.236220,
        0.772177 0.676769 0.827207,
        0.765748 0.681065 0.826872,
        0.787364 0.659449 0.236220,
        0.783978 0.664660 0.829455,
        0.777979 0.671680 0.827913,
        0.793263 0.645206 0.236220,
        0.793137 0.645669 0.837321,
        0.790741 0.652614 0.833758,
        0.787364 0.659449 0.831046,
        0.795276 0.629921 0.236220,
        0.795276 0.629921 0.826772,
        0.795276 0.216856 0.826772,
        0.795276 0.214314 0.817576,
        0.795276 0.212598 0.801230,
        0.795276 0.291339 0.236220,
        0.795276 0.212598 0.314961,
        0.795276 0.215281 0.294581,
        0.795276 0.270959 0.238904,
        0.795276 0.251969 0.246770,
        0.795276 0.235661 0.259283,
        0.795276 0.223148 0.275591,
        0.460630 0.767717 2.795276,
        0.539370 0.767717 2.795276,
        0.618110 0.746618 2.716535,
        0.381890 0.746618 2.716535,
        0.587304 0.763357 2.779004,
        0.595048 0.761537 2.772213,
        0.615427 0.752079 2.736915,
        0.607561 0.757167 2.755906,
        0.430497 0.766111 2.789282,
        0.421260 0.764890 2.784726,
        0.578740 0.764890 2.784726,
        0.569503 0.766111 2.789282,
        0.559750 0.766998 2.792593,
        0.440250 0.766998 2.792593,
        0.412696 0.763357 2.779004,
        0.404952 0.761537 2.772213,
        0.384573 0.752079 2.736915,
        0.392439 0.757167 2.755906,
        0.549648 0.767536 2.794602,
        0.450352 0.767536 2.794602,
        0.206673 0.429134 2.722643,
        0.390282 0.350394 2.482383,
        0.206673 0.527559 2.722643,
        0.390282 0.606299 2.482383,
        0.254484 0.606299 2.660080,
        0.230579 0.595750 2.691362,
        0.220677 0.583237 2.704319,
        0.213079 0.566929 2.714261,
        0.242110 0.603616 2.676273,
        0.208302 0.547939 2.720511,
        0.208302 0.408754 2.720511,
        0.213079 0.389764 2.714261,
        0.220677 0.373456 2.704319,
        0.230579 0.360943 2.691362,
        0.242110 0.353077 2.676273,
        0.254484 0.350394 2.660080,
        0.419937 0.350394 2.433929,
        0.419937 0.606299 2.433929,
        0.439020 0.350394 2.380421,
        0.439020 0.606299 2.380421,
        0.446718 0.350394 2.324136,
        0.446718 0.606299 2.324136,
        0.442704 0.350394 2.267470,
        0.442704 0.606299 2.267470,
        0.219817 0.337884 0.999773,
        0.219817 0.606299 0.999773,
        0.221682 0.343607 1.010378,
        0.224431 0.348678 1.026012,
        0.227305 0.350394 1.042359,
        0.208505 0.606299 0.913601,
        0.219185 0.335400 0.996138,
        0.208505 0.275556 0.913601,
        0.205199 0.622590 0.857553,
        0.205500 0.616848 0.866142,
        0.204991 0.629362 0.849834,
        0.205908 0.612285 0.875398,
        0.206430 0.608982 0.885132,
        0.204745 0.219385 0.833210,
        0.204939 0.227592 0.847450,
        0.207073 0.606972 0.895239,
        0.207832 0.606299 0.905512,
        0.107375 0.612307 0.875345,
        0.107852 0.608982 0.885132,
        0.106318 0.219385 0.833210,
        0.108435 0.606976 0.895212,
        0.106494 0.227592 0.847450,
        0.109128 0.606299 0.905512,
        0.110452 0.281758 0.922155,
        0.110452 0.606299 0.922155,
        0.107006 0.616848 0.866142,
        0.106732 0.622551 0.857604,
        0.106573 0.629796 0.850263,
        0.122879 0.346136 1.016817,
        0.122879 0.606299 1.016817,
        0.121767 0.343607 1.010378,
        0.119446 0.335400 0.996138,
        0.345765 0.350394 2.284513,
        0.345765 0.606299 2.284513,
        0.127370 0.350394 1.042359,
        0.124496 0.348678 1.026012,
        0.348345 0.606299 2.320928,
        0.348345 0.350394 2.320928,
        0.343398 0.606299 2.357097,
        0.343398 0.350394 2.357097,
        0.331135 0.606299 2.391482,
        0.331135 0.350394 2.391482,
        0.312079 0.606299 2.422619,
        0.312079 0.350394 2.422619,
        0.176281 0.606299 2.600317,
        0.128470 0.429134 2.662879,
        0.128470 0.527559 2.662879,
        0.163906 0.353077 2.616509,
        0.152375 0.360943 2.631598,
        0.142473 0.373456 2.644555,
        0.134875 0.389764 2.654498,
        0.130099 0.408754 2.660748,
        0.176281 0.350394 2.600317,
        0.134875 0.566929 2.654498,
        0.142473 0.583237 2.644555,
        0.152375 0.595750 2.631598,
        0.130099 0.547939 2.660748,
        0.163906 0.603616 2.616509,
        0.794500 0.616848 0.866142,
        0.794800 0.622548 0.857607,
        0.794984 0.629686 0.850144,
        0.780183 0.337884 0.999773,
        0.780183 0.606299 0.999773,
        0.780815 0.335400 0.996138,
        0.791495 0.606299 0.913601,
        0.791495 0.275556 0.913601,
        0.792168 0.606299 0.905512,
        0.795061 0.227592 0.847450,
        0.792928 0.606976 0.895213,
        0.795255 0.219385 0.833210,
        0.793569 0.608982 0.885132,
        0.794094 0.612307 0.875345,
        0.778318 0.343607 1.010378,
        0.557296 0.350394 2.267470,
        0.557296 0.606299 2.267470,
        0.772695 0.350394 1.042359,
        0.775569 0.348678 1.026012,
        0.553282 0.350394 2.324136,
        0.553282 0.606299 2.324136,
        0.560980 0.350394 2.380421,
        0.560980 0.606299 2.380421,
        0.580063 0.350394 2.433929,
        0.580063 0.606299 2.433929,
        0.609718 0.350394 2.482383,
        0.609718 0.606299 2.482383,
        0.791698 0.408754 2.720511,
        0.793327 0.429134 2.722643,
        0.745516 0.350394 2.660080,
        0.769421 0.360943 2.691362,
        0.779323 0.373456 2.704319,
        0.786921 0.389764 2.714261,
        0.793327 0.527559 2.722643,
        0.757890 0.353077 2.676273,
        0.791698 0.547939 2.720511,
        0.786921 0.566929 2.714261,
        0.779323 0.583237 2.704319,
        0.769421 0.595750 2.691362,
        0.757890 0.603616 2.676273,
        0.745516 0.606299 2.660080,
        0.871530 0.527559 2.662879,
        0.871530 0.429134 2.662879,
        0.687921 0.350394 2.422619,
        0.687921 0.606299 2.422619,
        0.823719 0.350394 2.600317,
        0.823719 0.606299 2.600317,
        0.857527 0.373456 2.644555,
        0.847625 0.360943 2.631598,
        0.865125 0.389764 2.654498,
        0.869901 0.408754 2.660748,
        0.836094 0.353077 2.616509,
        0.836094 0.603616 2.616509,
        0.847625 0.595750 2.631598,
        0.869901 0.547939 2.660748,
        0.857527 0.583237 2.644555,
        0.865125 0.566929 2.654498,
        0.668865 0.606299 2.391482,
        0.668865 0.350394 2.391482,
        0.656602 0.606299 2.357097,
        0.656602 0.350394 2.357097,
        0.651655 0.606299 2.320928,
        0.651655 0.350394 2.320928,
        0.654235 0.606299 2.284513,
        0.654235 0.350394 2.284513,
        0.875504 0.348678 1.026012,
        0.877121 0.346136 1.016817,
        0.877121 0.606299 1.016817,
        0.872630 0.350394 1.042359,
        0.889548 0.606299 0.922155,
        0.878233 0.343607 1.010378,
        0.880554 0.335400 0.996138,
        0.889548 0.281758 0.922155,
        0.893269 0.622596 0.857545,
        0.892994 0.616848 0.866142,
        0.893458 0.629362 0.849834,
        0.892624 0.612294 0.875378,
        0.892148 0.608982 0.885132,
        0.893682 0.219385 0.833210,
        0.893506 0.227592 0.847450,
        0.891563 0.606972 0.895243,
        0.890872 0.606299 0.905512,
        0.625984 0.789760 -0.017590,
        0.625984 0.694689 -0.043064,
        0.625984 0.796676 -0.034285,
        0.625984 0.711437 -0.083498,
        0.625984 0.807677 -0.048622,
        0.625984 0.738080 -0.118219,
        0.625984 0.822014 -0.059623,
        0.625984 0.772801 -0.144862,
        0.625984 0.838709 -0.066539,
        0.625984 0.813235 -0.161610,
        0.625984 0.856626 -0.068898,
        0.625984 0.856626 -0.167323,
        0.625984 1.103776 -0.068898,
        0.625984 1.103776 -0.167323,
        0.374016 1.103776 -0.068898,
        0.374016 1.103776 -0.167323,
        0.374016 0.856626 -0.068898,
        0.374016 0.856626 -0.167323,
        0.374016 0.838709 -0.066539,
        0.374016 0.813235 -0.161610,
        0.374016 0.822014 -0.059623,
        0.374016 0.772801 -0.144862,
        0.374016 0.807677 -0.048622,
        0.374016 0.738080 -0.118219,
        0.374016 0.796676 -0.034285,
        0.374016 0.711437 -0.083498,
        0.374016 0.789760 -0.017590,
        0.374016 0.694689 -0.043064,
        0.547244 1.397638 -0.167323,
        0.452756 1.397638 -0.167323,
        0.452756 1.397638 -0.068898,
        0.547244 1.397638 -0.068898,
        1.204724 0.291339 0.236220,
        1.106299 0.291339 0.236220,
        1.204724 0.629921 0.236220,
        1.106299 0.629921 0.236220,
        1.206737 0.645206 0.236220,
        1.111665 0.670680 0.236220,
        1.212636 0.659449 0.236220,
        1.127398 0.708661 0.236220,
        1.222021 0.671680 0.236220,
        1.152424 0.741277 0.236220,
        1.234252 0.681065 0.236220,
        1.185039 0.766303 0.236220,
        1.248495 0.686964 0.236220,
        1.223020 0.782035 0.236220,
        1.263780 0.688976 0.236220,
        1.263780 0.787402 0.236220,
        1.295276 0.688976 0.236220,
        1.295276 0.787402 0.236220,
        1.757422 0.685039 0.826772,
        1.883740 0.685039 0.826772,
        1.872602 0.708661 0.826772,
        1.696850 0.787402 0.826772,
        1.696850 0.688976 0.826772,
        1.736220 0.787402 0.826772,
        1.736220 0.688976 0.826772,
        1.776980 0.782035 0.826772,
        1.751505 0.686964 0.826772,
        1.814961 0.766303 0.826772,
        1.847576 0.741277 0.826772,
        1.127398 0.708661 0.826772,
        1.116260 0.685039 0.826772,
        1.242578 0.685039 0.826772,
        1.303150 0.688976 0.826772,
        1.303150 0.787402 0.826772,
        1.263780 0.688976 0.826772,
        1.263780 0.787402 0.826772,
        1.248495 0.686964 0.826772,
        1.223020 0.782035 0.826772,
        1.185039 0.766303 0.826772,
        1.152424 0.741277 0.826772,
        1.893701 0.291339 0.236220,
        1.893701 0.629921 0.236220,
        1.893701 0.629921 0.826772,
        1.893701 0.251969 0.246770,
        1.893701 0.270959 0.238904,
        1.893701 0.216856 0.826772,
        1.893701 0.214314 0.817576,
        1.893701 0.212598 0.801230,
        1.893701 0.212598 0.314961,
        1.893701 0.215281 0.294581,
        1.893701 0.223148 0.275591,
        1.893701 0.235661 0.259283,
        1.891705 0.654915 0.832762,
        1.892911 0.645669 0.837321,
        1.893694 0.631394 0.830659,
        1.893571 0.636316 0.843657,
        1.888335 0.670680 0.236220,
        1.888335 0.670680 0.828092,
        1.889822 0.664660 0.829455,
        1.872602 0.708661 0.236220,
        1.847576 0.741277 0.236220,
        1.814961 0.766303 0.236220,
        1.776980 0.782035 0.236220,
        1.736220 0.787402 0.236220,
        1.649047 0.787402 0.213158,
        1.636533 0.787402 0.196850,
        1.620793 0.787402 0.885132,
        1.358827 0.787402 0.849834,
        1.371341 0.787402 0.866142,
        1.379207 0.787402 0.885132,
        1.381890 0.787402 0.905512,
        1.618110 0.787402 0.905512,
        1.665354 0.787402 0.225671,
        1.641173 0.787402 0.849834,
        1.628659 0.787402 0.866142,
        1.323529 0.787402 0.829455,
        1.342520 0.787402 0.837321,
        1.363467 0.787402 0.196850,
        1.350954 0.787402 0.213158,
        1.628667 0.787402 0.177860,
        1.334646 0.787402 0.225671,
        1.315655 0.787402 0.233537,
        1.618110 0.787402 2.716535,
        1.539370 0.787402 2.795276,
        1.460630 0.787402 2.795276,
        1.684345 0.787402 0.233537,
        1.657480 0.787402 0.837321,
        1.381890 0.787402 2.716535,
        1.440250 0.787402 2.792593,
        1.392439 0.787402 2.755906,
        1.404952 0.787402 2.772213,
        1.421260 0.787402 2.784726,
        1.676471 0.787402 0.829455,
        1.704724 0.787402 0.236220,
        1.625984 0.787402 0.000327,
        1.374016 0.787402 0.000327,
        1.625984 0.787402 0.157480,
        1.374016 0.787402 0.157480,
        1.371333 0.787402 0.177860,
        1.384573 0.787402 2.736915,
        1.578740 0.787402 2.784726,
        1.595048 0.787402 2.772213,
        1.607561 0.787402 2.755906,
        1.559750 0.787402 2.792593,
        1.615427 0.787402 2.736915,
        1.106299 0.629921 0.826772,
        1.107089 0.645669 0.837321,
        1.106306 0.631394 0.830659,
        1.106429 0.636316 0.843657,
        1.108297 0.654925 0.832758,
        1.110402 0.664774 0.829841,
        1.111665 0.670680 0.828092,
        1.106299 0.212598 0.314961,
        1.106299 0.212598 0.801230,
        1.106299 0.214314 0.817576,
        1.106299 0.216856 0.826772,
        1.106299 0.223148 0.275591,
        1.106299 0.235661 0.259283,
        1.106299 0.270959 0.238904,
        1.106299 0.251969 0.246770,
        1.106299 0.215281 0.294581,
        1.204724 0.212598 0.314961,
        1.204724 0.212598 0.801230,
        1.204724 0.216856 0.826772,
        1.204724 0.214314 0.817576,
        1.204724 0.629921 0.826772,
        1.204724 0.215281 0.294581,
        1.204724 0.223148 0.275591,
        1.204724 0.235661 0.259283,
        1.204724 0.251969 0.246770,
        1.204724 0.270959 0.238904,
        1.206737 0.645206 0.837591,
        1.204894 0.634402 0.845214,
        1.204732 0.630858 0.830626,
        1.212636 0.659449 0.831046,
        1.209253 0.652602 0.833763,
        1.206898 0.645681 0.837344,
        1.234252 0.681065 0.826872,
        1.227834 0.676776 0.827206,
        1.222021 0.671680 0.827913,
        1.216022 0.664660 0.829455,
        1.371341 0.688976 0.866142,
        1.358827 0.688976 0.849834,
        1.620793 0.688976 0.885132,
        1.704724 0.688976 0.236220,
        1.736220 0.688976 0.236220,
        1.342520 0.688976 0.837321,
        1.323529 0.688976 0.829455,
        1.628659 0.688976 0.866142,
        1.374016 0.688976 0.157480,
        1.374016 0.688976 0.000327,
        1.625984 0.688976 0.000327,
        1.618110 0.688976 2.501413,
        1.381890 0.688976 2.501413,
        1.618110 0.688976 0.905512,
        1.381890 0.688976 0.905512,
        1.379207 0.688976 0.885132,
        1.649047 0.688976 0.213158,
        1.665354 0.688976 0.225671,
        1.371333 0.688976 0.177860,
        1.684345 0.688976 0.233537,
        1.363467 0.688976 0.196850,
        1.625984 0.688976 0.157480,
        1.628667 0.688976 0.177860,
        1.636533 0.688976 0.196850,
        1.350954 0.688976 0.213158,
        1.334646 0.688976 0.225671,
        1.676471 0.688976 0.829455,
        1.315655 0.688976 0.233537,
        1.657480 0.688976 0.837321,
        1.641173 0.688976 0.849834,
        1.795268 0.630858 0.830626,
        1.795105 0.634402 0.845214,
        1.793220 0.645198 0.837651,
        1.751505 0.686964 0.236220,
        1.765748 0.681065 0.236220,
        1.777979 0.671680 0.236220,
        1.772177 0.676769 0.827207,
        1.765748 0.681065 0.826872,
        1.787364 0.659449 0.236220,
        1.783978 0.664660 0.829455,
        1.777979 0.671680 0.827913,
        1.793263 0.645206 0.236220,
        1.793137 0.645669 0.837321,
        1.790741 0.652614 0.833758,
        1.787364 0.659449 0.831046,
        1.795276 0.629921 0.236220,
        1.795276 0.629921 0.826772,
        1.795276 0.216856 0.826772,
        1.795276 0.214314 0.817576,
        1.795276 0.212598 0.801230,
        1.795276 0.291339 0.236220,
        1.795276 0.212598 0.314961,
        1.795276 0.215281 0.294581,
        1.795276 0.270959 0.238904,
        1.795276 0.251969 0.246770,
        1.795276 0.235661 0.259283,
        1.795276 0.223148 0.275591,
        1.460630 0.767717 2.795276,
        1.539370 0.767717 2.795276,
        1.618110 0.746618 2.716535,
        1.381890 0.746618 2.716535,
        1.587304 0.763357 2.779004,
        1.595048 0.761537 2.772213,
        1.615427 0.752079 2.736915,
        1.607561 0.757167 2.755906,
        1.430497 0.766111 2.789282,
        1.421260 0.764890 2.784726,
        1.578740 0.764890 2.784726,
        1.569503 0.766111 2.789282,
        1.559750 0.766998 2.792593,
        1.440250 0.766998 2.792593,
        1.412696 0.763357 2.779004,
        1.404952 0.761537 2.772213,
        1.384573 0.752079 2.736915,
        1.392439 0.757167 2.755906,
        1.549648 0.767536 2.794602,
        1.450352 0.767536 2.794602,
        1.213079 0.566929 2.714261,
        1.208302 0.547939 2.720511,
        1.206673 0.527559 2.722643,
        1.206673 0.429134 2.722643,
        1.390282 0.350394 2.482383,
        1.390282 0.606299 2.482383,
        1.254484 0.606299 2.660080,
        1.242110 0.603616 2.676273,
        1.230579 0.595750 2.691362,
        1.220677 0.583237 2.704319,
        1.208302 0.408754 2.720511,
        1.213079 0.389764 2.714261,
        1.220677 0.373456 2.704319,
        1.230579 0.360943 2.691362,
        1.242110 0.353077 2.676273,
        1.254484 0.350394 2.660080,
        1.419937 0.350394 2.433929,
        1.419937 0.606299 2.433929,
        1.439020 0.350394 2.380421,
        1.439020 0.606299 2.380421,
        1.446718 0.350394 2.324136,
        1.446718 0.606299 2.324136,
        1.442704 0.350394 2.267470,
        1.442704 0.606299 2.267470,
        1.219817 0.337884 0.999773,
        1.219817 0.606299 0.999773,
        1.221682 0.343607 1.010378,
        1.224431 0.348678 1.026012,
        1.227305 0.350394 1.042359,
        1.208505 0.606299 0.913601,
        1.219185 0.335400 0.996138,
        1.208505 0.275556 0.913601,
        1.205199 0.622590 0.857553,
        1.205500 0.616848 0.866142,
        1.204991 0.629362 0.849834,
        1.205909 0.612285 0.875398,
        1.206430 0.608982 0.885132,
        1.204745 0.219385 0.833210,
        1.204939 0.227592 0.847450,
        1.207073 0.606972 0.895239,
        1.207832 0.606299 0.905512,
        1.107375 0.612307 0.875345,
        1.107852 0.608982 0.885132,
        1.106318 0.219385 0.833210,
        1.108435 0.606976 0.895212,
        1.106494 0.227592 0.847450,
        1.109128 0.606299 0.905512,
        1.110452 0.281758 0.922155,
        1.110452 0.606299 0.922155,
        1.107006 0.616848 0.866142,
        1.106732 0.622551 0.857604,
        1.106573 0.629796 0.850263,
        1.122879 0.346136 1.016817,
        1.122879 0.606299 1.016817,
        1.121767 0.343607 1.010378,
        1.119446 0.335400 0.996138,
        1.345765 0.350394 2.284513,
        1.345765 0.606299 2.284513,
        1.127370 0.350394 1.042359,
        1.124496 0.348678 1.026012,
        1.348345 0.606299 2.320928,
        1.348345 0.350394 2.320928,
        1.343398 0.606299 2.357097,
        1.343398 0.350394 2.357097,
        1.331135 0.606299 2.391482,
        1.331135 0.350394 2.391482,
        1.312079 0.606299 2.422619,
        1.312079 0.350394 2.422619,
        1.176281 0.606299 2.600317,
        1.128470 0.527559 2.662879,
        1.128470 0.429134 2.662879,
        1.176281 0.350394 2.600317,
        1.130099 0.408754 2.660748,
        1.134875 0.389764 2.654498,
        1.142473 0.373456 2.644555,
        1.130099 0.547939 2.660748,
        1.134875 0.566929 2.654498,
        1.163906 0.603616 2.616509,
        1.142473 0.583237 2.644555,
        1.152375 0.595750 2.631598,
        1.163906 0.353077 2.616509,
        1.152375 0.360943 2.631598,
        1.794500 0.616848 0.866142,
        1.794800 0.622548 0.857607,
        1.794983 0.629686 0.850144,
        1.780183 0.337884 0.999773,
        1.780183 0.606299 0.999773,
        1.780815 0.335400 0.996138,
        1.791495 0.606299 0.913601,
        1.791495 0.275556 0.913601,
        1.792168 0.606299 0.905512,
        1.795061 0.227592 0.847450,
        1.792929 0.606976 0.895213,
        1.795255 0.219385 0.833210,
        1.793570 0.608982 0.885132,
        1.794094 0.612307 0.875345,
        1.778318 0.343607 1.010378,
        1.557296 0.350394 2.267470,
        1.557296 0.606299 2.267470,
        1.772695 0.350394 1.042359,
        1.775569 0.348678 1.026012,
        1.553282 0.350394 2.324136,
        1.553282 0.606299 2.324136,
        1.560980 0.350394 2.380421,
        1.560980 0.606299 2.380421,
        1.580063 0.350394 2.433929,
        1.580063 0.606299 2.433929,
        1.609718 0.350394 2.482383,
        1.609718 0.606299 2.482383,
        1.791698 0.408754 2.720511,
        1.793327 0.429134 2.722643,
        1.745515 0.350394 2.660080,
        1.769421 0.360943 2.691362,
        1.779323 0.373456 2.704319,
        1.786921 0.389764 2.714261,
        1.757890 0.603616 2.676273,
        1.745515 0.606299 2.660080,
        1.793327 0.527559 2.722643,
        1.757890 0.353077 2.676273,
        1.791698 0.547939 2.720511,
        1.786921 0.566929 2.714261,
        1.779323 0.583237 2.704319,
        1.769421 0.595750 2.691362,
        1.871530 0.527559 2.662879,
        1.871530 0.429134 2.662879,
        1.869901 0.547939 2.660748,
        1.823719 0.606299 2.600317,
        1.823719 0.350394 2.600317,
        1.687921 0.606299 2.422619,
        1.687921 0.350394 2.422619,
        1.847625 0.360943 2.631598,
        1.869901 0.408754 2.660748,
        1.857527 0.373456 2.644555,
        1.865125 0.389764 2.654498,
        1.836094 0.353077 2.616509,
        1.836094 0.603616 2.616509,
        1.847625 0.595750 2.631598,
        1.865125 0.566929 2.654498,
        1.857527 0.583237 2.644555,
        1.668865 0.606299 2.391482,
        1.668865 0.350394 2.391482,
        1.656602 0.606299 2.357097,
        1.656602 0.350394 2.357097,
        1.651655 0.606299 2.320928,
        1.651655 0.350394 2.320928,
        1.654235 0.606299 2.284513,
        1.654235 0.350394 2.284513,
        1.875504 0.348678 1.026012,
        1.877121 0.346136 1.016817,
        1.877121 0.606299 1.016817,
        1.872630 0.350394 1.042359,
        1.889548 0.606299 0.922155,
        1.878233 0.343607 1.010378,
        1.880554 0.335400 0.996138,
        1.889548 0.281758 0.922155,
        1.893269 0.622596 0.857545,
        1.892994 0.616848 0.866142,
        1.893458 0.629362 0.849834,
        1.892624 0.612294 0.875378,
        1.892148 0.608982 0.885132,
        1.893682 0.219385 0.833210,
        1.893506 0.227592 0.847450,
        1.891563 0.606972 0.895243,
        1.890872 0.606299 0.905512,
        1.625984 0.789760 -0.017590,
        1.625984 0.694689 -0.043064,
        1.625984 0.796676 -0.034285,
        1.625984 0.711437 -0.083498,
        1.625984 0.807677 -0.048622,
        1.625984 0.738080 -0.118219,
        1.625984 0.822014 -0.059623,
        1.625984 0.772801 -0.144862,
        1.625984 0.838709 -0.066539,
        1.625984 0.813235 -0.161610,
        1.625984 0.856626 -0.068898,
        1.625984 0.856626 -0.167323,
        1.625984 1.103776 -0.068898,
        1.625984 1.103776 -0.167323,
        1.374016 1.103776 -0.068898,
        1.374016 1.103776 -0.167323,
        1.374016 0.856626 -0.068898,
        1.374016 0.856626 -0.167323,
        1.374016 0.838709 -0.066539,
        1.374016 0.813235 -0.161610,
        1.374016 0.822014 -0.059623,
        1.374016 0.772801 -0.144862,
        1.374016 0.807677 -0.048622,
        1.374016 0.738080 -0.118219,
        1.374016 0.796676 -0.034285,
        1.374016 0.711437 -0.083498,
        1.374016 0.789760 -0.017590,
        1.374016 0.694689 -0.043064,
        1.452756 1.397638 -0.167323,
        1.547244 1.397638 -0.167323,
        1.452756 1.397638 -0.068898,
        1.547244 1.397638 -0.068898,
        2.204724 0.291339 0.236220,
        2.106299 0.291339 0.236220,
        2.204724 0.629921 0.236220,
        2.106299 0.629921 0.236220,
        2.206737 0.645206 0.236220,
        2.111665 0.670680 0.236220,
        2.212636 0.659449 0.236220,
        2.127398 0.708661 0.236220,
        2.222021 0.671680 0.236220,
        2.152424 0.741277 0.236220,
        2.234252 0.681065 0.236220,
        2.185039 0.766303 0.236220,
        2.248495 0.686964 0.236220,
        2.223020 0.782035 0.236220,
        2.263780 0.688976 0.236220,
        2.263780 0.787402 0.236220,
        2.295276 0.688976 0.236220,
        2.295276 0.787402 0.236220,
        2.757422 0.685039 0.826772,
        2.883740 0.685039 0.826772,
        2.872603 0.708661 0.826772,
        2.696850 0.787402 0.826772,
        2.696850 0.688976 0.826772,
        2.736220 0.787402 0.826772,
        2.736220 0.688976 0.826772,
        2.776979 0.782035 0.826772,
        2.751505 0.686964 0.826772,
        2.814961 0.766303 0.826772,
        2.847576 0.741277 0.826772,
        2.127398 0.708661 0.826772,
        2.116260 0.685039 0.826772,
        2.242578 0.685039 0.826772,
        2.303150 0.688976 0.826772,
        2.303150 0.787402 0.826772,
        2.263780 0.688976 0.826772,
        2.263780 0.787402 0.826772,
        2.248495 0.686964 0.826772,
        2.223020 0.782035 0.826772,
        2.185039 0.766303 0.826772,
        2.152424 0.741277 0.826772,
        2.893701 0.291339 0.236220,
        2.893701 0.629921 0.236220,
        2.893701 0.629921 0.826772,
        2.893701 0.251969 0.246770,
        2.893701 0.270959 0.238904,
        2.893701 0.216856 0.826772,
        2.893701 0.214314 0.817576,
        2.893701 0.212598 0.801230,
        2.893701 0.212598 0.314961,
        2.893701 0.215281 0.294581,
        2.893701 0.223148 0.275591,
        2.893701 0.235661 0.259283,
        2.891705 0.654915 0.832762,
        2.892911 0.645669 0.837321,
        2.893694 0.631394 0.830659,
        2.893571 0.636316 0.843657,
        2.888335 0.670680 0.236220,
        2.888335 0.670680 0.828092,
        2.889822 0.664660 0.829455,
        2.872603 0.708661 0.236220,
        2.847576 0.741277 0.236220,
        2.814961 0.766303 0.236220,
        2.776979 0.782035 0.236220,
        2.736220 0.787402 0.236220,
        2.620793 0.787402 0.885132,
        2.358827 0.787402 0.849834,
        2.371341 0.787402 0.866142,
        2.379207 0.787402 0.885132,
        2.381890 0.787402 0.905512,
        2.618110 0.787402 0.905512,
        2.618110 0.787402 2.716535,
        2.665354 0.787402 0.225671,
        2.649047 0.787402 0.213158,
        2.636533 0.787402 0.196850,
        2.315655 0.787402 0.233537,
        2.334646 0.787402 0.225671,
        2.641173 0.787402 0.849834,
        2.628659 0.787402 0.866142,
        2.323529 0.787402 0.829455,
        2.342520 0.787402 0.837321,
        2.684345 0.787402 0.233537,
        2.657480 0.787402 0.837321,
        2.625984 0.787402 0.157480,
        2.625984 0.787402 0.000327,
        2.374016 0.787402 0.000327,
        2.392439 0.787402 2.755906,
        2.404952 0.787402 2.772213,
        2.421260 0.787402 2.784726,
        2.381890 0.787402 2.716535,
        2.460630 0.787402 2.795276,
        2.539370 0.787402 2.795276,
        2.676471 0.787402 0.829455,
        2.704724 0.787402 0.236220,
        2.374016 0.787402 0.157480,
        2.371333 0.787402 0.177860,
        2.628667 0.787402 0.177860,
        2.363467 0.787402 0.196850,
        2.350954 0.787402 0.213158,
        2.384573 0.787402 2.736915,
        2.440250 0.787402 2.792593,
        2.578740 0.787402 2.784726,
        2.595048 0.787402 2.772213,
        2.607561 0.787402 2.755906,
        2.559750 0.787402 2.792593,
        2.615428 0.787402 2.736915,
        2.106299 0.629921 0.826772,
        2.107089 0.645669 0.837321,
        2.106306 0.631394 0.830659,
        2.106429 0.636316 0.843657,
        2.108297 0.654925 0.832758,
        2.110403 0.664774 0.829841,
        2.111665 0.670680 0.828092,
        2.106299 0.212598 0.314961,
        2.106299 0.212598 0.801230,
        2.106299 0.214314 0.817576,
        2.106299 0.216856 0.826772,
        2.106299 0.223148 0.275591,
        2.106299 0.235661 0.259283,
        2.106299 0.270959 0.238904,
        2.106299 0.251969 0.246770,
        2.106299 0.215281 0.294581,
        2.204724 0.212598 0.314961,
        2.204724 0.212598 0.801230,
        2.204724 0.216856 0.826772,
        2.204724 0.214314 0.817576,
        2.204724 0.629921 0.826772,
        2.204724 0.215281 0.294581,
        2.204724 0.223148 0.275591,
        2.204724 0.235661 0.259283,
        2.204724 0.251969 0.246770,
        2.204724 0.270959 0.238904,
        2.206737 0.645206 0.837591,
        2.204894 0.634402 0.845214,
        2.204732 0.630858 0.830626,
        2.212636 0.659449 0.831046,
        2.209254 0.652602 0.833763,
        2.206898 0.645681 0.837344,
        2.234252 0.681065 0.826872,
        2.227834 0.676776 0.827206,
        2.222021 0.671680 0.827913,
        2.216022 0.664660 0.829455,
        2.704724 0.688976 0.236220,
        2.736220 0.688976 0.236220,
        2.628667 0.688976 0.177860,
        2.636533 0.688976 0.196850,
        2.363467 0.688976 0.196850,
        2.618110 0.688976 0.905512,
        2.618110 0.688976 2.501413,
        2.381890 0.688976 2.501413,
        2.381890 0.688976 0.905512,
        2.379207 0.688976 0.885132,
        2.620793 0.688976 0.885132,
        2.371341 0.688976 0.866142,
        2.358827 0.688976 0.849834,
        2.342520 0.688976 0.837321,
        2.323529 0.688976 0.829455,
        2.628659 0.688976 0.866142,
        2.649047 0.688976 0.213158,
        2.665354 0.688976 0.225671,
        2.684345 0.688976 0.233537,
        2.641173 0.688976 0.849834,
        2.657480 0.688976 0.837321,
        2.315655 0.688976 0.233537,
        2.676471 0.688976 0.829455,
        2.334646 0.688976 0.225671,
        2.350954 0.688976 0.213158,
        2.374016 0.688976 0.157480,
        2.374016 0.688976 0.000327,
        2.625984 0.688976 0.000327,
        2.371333 0.688976 0.177860,
        2.625984 0.688976 0.157480,
        2.795268 0.630858 0.830626,
        2.795105 0.634402 0.845214,
        2.793220 0.645198 0.837651,
        2.751505 0.686964 0.236220,
        2.765748 0.681065 0.236220,
        2.777979 0.671680 0.236220,
        2.772177 0.676769 0.827207,
        2.765748 0.681065 0.826872,
        2.787364 0.659449 0.236220,
        2.783978 0.664660 0.829455,
        2.777979 0.671680 0.827913,
        2.793263 0.645206 0.236220,
        2.793137 0.645669 0.837321,
        2.790741 0.652614 0.833758,
        2.787364 0.659449 0.831046,
        2.795276 0.629921 0.236220,
        2.795276 0.629921 0.826772,
        2.795276 0.216856 0.826772,
        2.795276 0.214314 0.817576,
        2.795276 0.212598 0.801230,
        2.795276 0.291339 0.236220,
        2.795276 0.212598 0.314961,
        2.795276 0.215281 0.294581,
        2.795276 0.270959 0.238904,
        2.795276 0.251969 0.246770,
        2.795276 0.235661 0.259283,
        2.795276 0.223148 0.275591,
        2.460630 0.767717 2.795276,
        2.539370 0.767717 2.795276,
        2.618110 0.746618 2.716535,
        2.381890 0.746618 2.716535,
        2.587304 0.763357 2.779004,
        2.595048 0.761537 2.772213,
        2.615428 0.752079 2.736915,
        2.607561 0.757167 2.755906,
        2.430497 0.766111 2.789282,
        2.421260 0.764890 2.784726,
        2.578740 0.764890 2.784726,
        2.569503 0.766111 2.789282,
        2.559750 0.766998 2.792593,
        2.440250 0.766998 2.792593,
        2.412696 0.763357 2.779004,
        2.404952 0.761537 2.772213,
        2.384573 0.752079 2.736915,
        2.392439 0.757167 2.755906,
        2.549648 0.767536 2.794602,
        2.450352 0.767536 2.794602,
        2.206673 0.527559 2.722643,
        2.390282 0.606299 2.482383,
        2.254484 0.606299 2.660080,
        2.390282 0.350394 2.482383,
        2.206673 0.429134 2.722643,
        2.254484 0.350394 2.660080,
        2.220677 0.583237 2.704319,
        2.208302 0.547939 2.720511,
        2.213079 0.566929 2.714261,
        2.242110 0.603616 2.676273,
        2.230579 0.595750 2.691362,
        2.220677 0.373456 2.704319,
        2.213079 0.389764 2.714261,
        2.208302 0.408754 2.720511,
        2.230579 0.360943 2.691362,
        2.242110 0.353077 2.676273,
        2.419937 0.350394 2.433929,
        2.419937 0.606299 2.433929,
        2.439020 0.350394 2.380421,
        2.439020 0.606299 2.380421,
        2.446718 0.350394 2.324136,
        2.446718 0.606299 2.324136,
        2.442704 0.350394 2.267470,
        2.442704 0.606299 2.267470,
        2.219817 0.337884 0.999773,
        2.219817 0.606299 0.999773,
        2.221682 0.343607 1.010378,
        2.224431 0.348678 1.026012,
        2.227305 0.350394 1.042359,
        2.208505 0.606299 0.913601,
        2.219185 0.335400 0.996138,
        2.208505 0.275556 0.913601,
        2.205199 0.622590 0.857553,
        2.205500 0.616848 0.866142,
        2.204991 0.629362 0.849834,
        2.205908 0.612285 0.875398,
        2.206430 0.608982 0.885132,
        2.204745 0.219385 0.833210,
        2.204938 0.227592 0.847450,
        2.207073 0.606972 0.895239,
        2.207832 0.606299 0.905512,
        2.107375 0.612307 0.875345,
        2.107852 0.608982 0.885132,
        2.106318 0.219385 0.833210,
        2.108435 0.606976 0.895212,
        2.106494 0.227592 0.847450,
        2.109128 0.606299 0.905512,
        2.110452 0.281758 0.922155,
        2.110452 0.606299 0.922155,
        2.107006 0.616848 0.866142,
        2.106732 0.622551 0.857604,
        2.106573 0.629796 0.850263,
        2.122879 0.346136 1.016817,
        2.122879 0.606299 1.016817,
        2.121767 0.343607 1.010378,
        2.119446 0.335400 0.996138,
        2.345765 0.350394 2.284513,
        2.345765 0.606299 2.284513,
        2.127370 0.350394 1.042359,
        2.124496 0.348678 1.026012,
        2.348345 0.606299 2.320928,
        2.348345 0.350394 2.320928,
        2.343398 0.606299 2.357097,
        2.343398 0.350394 2.357097,
        2.331135 0.606299 2.391482,
        2.331135 0.350394 2.391482,
        2.312079 0.606299 2.422619,
        2.312079 0.350394 2.422619,
        2.163906 0.603616 2.616509,
        2.176281 0.606299 2.600317,
        2.128470 0.527559 2.662879,
        2.128470 0.429134 2.662879,
        2.176281 0.350394 2.600317,
        2.152375 0.360943 2.631598,
        2.142473 0.373456 2.644555,
        2.163906 0.353077 2.616509,
        2.134875 0.389764 2.654498,
        2.130099 0.408754 2.660748,
        2.130099 0.547939 2.660748,
        2.134875 0.566929 2.654498,
        2.142473 0.583237 2.644555,
        2.152375 0.595750 2.631598,
        2.794500 0.616848 0.866142,
        2.794800 0.622548 0.857607,
        2.794984 0.629686 0.850144,
        2.780183 0.337884 0.999773,
        2.780183 0.606299 0.999773,
        2.780815 0.335400 0.996138,
        2.791495 0.606299 0.913601,
        2.791495 0.275556 0.913601,
        2.792168 0.606299 0.905512,
        2.795061 0.227592 0.847450,
        2.792928 0.606976 0.895213,
        2.795255 0.219385 0.833210,
        2.793569 0.608982 0.885132,
        2.794094 0.612307 0.875345,
        2.778318 0.343607 1.010378,
        2.557296 0.350394 2.267470,
        2.557296 0.606299 2.267470,
        2.772695 0.350394 1.042359,
        2.775569 0.348678 1.026012,
        2.553282 0.350394 2.324136,
        2.553282 0.606299 2.324136,
        2.560980 0.350394 2.380421,
        2.560980 0.606299 2.380421,
        2.580063 0.350394 2.433929,
        2.580063 0.606299 2.433929,
        2.609718 0.350394 2.482383,
        2.609718 0.606299 2.482383,
        2.791698 0.408754 2.720511,
        2.793327 0.429134 2.722643,
        2.745516 0.350394 2.660080,
        2.769421 0.360943 2.691362,
        2.779323 0.373456 2.704319,
        2.786921 0.389764 2.714261,
        2.757890 0.603616 2.676273,
        2.745516 0.606299 2.660080,
        2.793327 0.527559 2.722643,
        2.757890 0.353077 2.676273,
        2.791698 0.547939 2.720511,
        2.786921 0.566929 2.714261,
        2.779323 0.583237 2.704319,
        2.769421 0.595750 2.691362,
        2.871530 0.527559 2.662879,
        2.871530 0.429134 2.662879,
        2.869901 0.547939 2.660748,
        2.823719 0.606299 2.600317,
        2.823719 0.350394 2.600317,
        2.687921 0.606299 2.422619,
        2.687921 0.350394 2.422619,
        2.847625 0.360943 2.631598,
        2.869901 0.408754 2.660748,
        2.857527 0.373456 2.644555,
        2.865125 0.389764 2.654498,
        2.836094 0.353077 2.616509,
        2.836094 0.603616 2.616509,
        2.847625 0.595750 2.631598,
        2.865125 0.566929 2.654498,
        2.857527 0.583237 2.644555,
        2.668865 0.606299 2.391482,
        2.668865 0.350394 2.391482,
        2.656602 0.606299 2.357097,
        2.656602 0.350394 2.357097,
        2.651655 0.606299 2.320928,
        2.651655 0.350394 2.320928,
        2.654235 0.606299 2.284513,
        2.654235 0.350394 2.284513,
        2.875504 0.348678 1.026012,
        2.877121 0.346136 1.016817,
        2.877121 0.606299 1.016817,
        2.872630 0.350394 1.042359,
        2.889548 0.606299 0.922155,
        2.878233 0.343607 1.010378,
        2.880554 0.335400 0.996138,
        2.889548 0.281758 0.922155,
        2.893269 0.622596 0.857545,
        2.892994 0.616848 0.866142,
        2.893458 0.629362 0.849834,
        2.892624 0.612294 0.875378,
        2.892148 0.608982 0.885132,
        2.893682 0.219385 0.833210,
        2.893506 0.227592 0.847450,
        2.891563 0.606972 0.895243,
        2.890872 0.606299 0.905512,
        2.625984 0.789760 -0.017590,
        2.625984 0.694689 -0.043064,
        2.625984 0.796676 -0.034285,
        2.625984 0.711437 -0.083498,
        2.625984 0.807677 -0.048622,
        2.625984 0.738080 -0.118219,
        2.625984 0.822014 -0.059623,
        2.625984 0.772801 -0.144862,
        2.625984 0.838709 -0.066539,
        2.625984 0.813235 -0.161610,
        2.625984 0.856626 -0.068898,
        2.625984 0.856626 -0.167323,
        2.625984 1.103776 -0.068898,
        2.625984 1.103776 -0.167323,
        2.374016 1.103776 -0.068898,
        2.374016 1.103776 -0.167323,
        2.374016 0.856626 -0.068898,
        2.374016 0.856626 -0.167323,
        2.374016 0.838709 -0.066539,
        2.374016 0.813235 -0.161610,
        2.374016 0.822014 -0.059623,
        2.374016 0.772801 -0.144862,
        2.374016 0.807677 -0.048622,
        2.374016 0.738080 -0.118219,
        2.374016 0.796676 -0.034285,
        2.374016 0.711437 -0.083498,
        2.374016 0.789760 -0.017590,
        2.374016 0.694689 -0.043064,
        2.452756 1.397638 -0.167323,
        2.547244 1.397638 -0.167323,
        2.452756 1.397638 -0.068898,
        2.547244 1.397638 -0.068898,
      ]
    }
    coordIndex [
      0, 1, 2, -1,
      2, 1, 3, -1,
      2, 3, 4, -1,
      4, 3, 5, -1,
      4, 5, 6, -1,
      6, 5, 7, -1,
      6, 7, 8, -1,
      8, 7, 9, -1,
      8, 9, 10, -1,
      10, 9, 11, -1,
      10, 11, 12, -1,
      12, 11, 13, -1,
      12, 13, 14, -1,
      14, 13, 15, -1,
      14, 15, 16, -1,
      16, 15, 17, -1,
      18, 19, 20, -1,
      21, 22, 23, -1,
      23, 22, 24, -1,
      23, 24, 25, -1,
      24, 26, 25, -1,
      25, 26, 27, -1,
      25, 27, 20, -1,
      20, 27, 28, -1,
      20, 28, 18, -1,
      29, 30, 31, -1,
      32, 33, 34, -1,
      34, 33, 35, -1,
      34, 35, 36, -1,
      36, 35, 37, -1,
      36, 37, 38, -1,
      38, 37, 29, -1,
      38, 29, 39, -1,
      39, 29, 31, -1,
      40, 41, 42, -1,
      42, 41, 43, -1,
      44, 45, 46, -1,
      46, 45, 47, -1,
      41, 48, 43, -1,
      43, 48, 49, -1,
      43, 49, 50, -1,
      50, 49, 45, -1,
      50, 45, 51, -1,
      51, 45, 44, -1,
      52, 28, 53, -1,
      53, 28, 27, -1,
      53, 27, 54, -1,
      54, 27, 26, -1,
      54, 26, 55, -1,
      55, 26, 24, -1,
      55, 24, 56, -1,
      57, 19, 52, -1,
      52, 19, 18, -1,
      52, 18, 28, -1,
      48, 41, 58, -1,
      58, 41, 59, -1,
      58, 59, 60, -1,
      58, 61, 48, -1,
      48, 61, 62, -1,
      48, 62, 57, -1,
      57, 62, 63, -1,
      57, 63, 19, -1,
      64, 3, 65, -1,
      65, 3, 1, -1,
      65, 1, 66, -1,
      34, 3, 32, -1,
      32, 3, 64, -1,
      32, 64, 67, -1,
      67, 64, 68, -1,
      67, 68, 69, -1,
      69, 68, 70, -1,
      71, 72, 73, -1,
      73, 72, 74, -1,
      73, 74, 68, -1,
      68, 74, 75, -1,
      68, 75, 70, -1,
      76, 56, 24, -1,
      77, 78, 79, -1,
      80, 81, 82, -1,
      82, 81, 83, -1,
      82, 83, 84, -1,
      79, 85, 77, -1,
      77, 85, 86, -1,
      77, 86, 82, -1,
      82, 86, 87, -1,
      82, 87, 80, -1,
      88, 89, 90, -1,
      73, 91, 71, -1,
      71, 91, 92, -1,
      71, 92, 93, -1,
      83, 76, 84, -1,
      84, 76, 24, -1,
      84, 24, 94, -1,
      94, 24, 22, -1,
      94, 22, 95, -1,
      95, 22, 96, -1,
      95, 96, 66, -1,
      66, 96, 97, -1,
      66, 97, 65, -1,
      91, 98, 92, -1,
      92, 98, 88, -1,
      92, 88, 99, -1,
      99, 88, 90, -1,
      100, 101, 102, -1,
      93, 103, 71, -1,
      71, 103, 100, -1,
      71, 100, 104, -1,
      104, 100, 102, -1,
      13, 105, 15, -1,
      15, 105, 106, -1,
      15, 106, 107, -1,
      107, 106, 108, -1,
      107, 108, 109, -1,
      109, 108, 110, -1,
      31, 30, 13, -1,
      13, 30, 111, -1,
      13, 111, 105, -1,
      13, 11, 31, -1,
      31, 11, 9, -1,
      31, 9, 39, -1,
      39, 9, 7, -1,
      39, 7, 38, -1,
      38, 7, 5, -1,
      38, 5, 36, -1,
      36, 5, 3, -1,
      36, 3, 34, -1,
      17, 15, 107, -1,
      112, 113, 107, -1,
      107, 113, 114, -1,
      107, 114, 17, -1,
      17, 114, 115, -1,
      17, 115, 116, -1,
      117, 118, 119, -1,
      117, 119, 115, -1,
      115, 119, 120, -1,
      115, 120, 116, -1,
      121, 122, 114, -1,
      114, 122, 115, -1,
      123, 124, 125, -1,
      125, 124, 121, -1,
      126, 127, 128, -1,
      128, 127, 122, -1,
      128, 122, 129, -1,
      124, 14, 121, -1,
      121, 14, 16, -1,
      121, 16, 122, -1,
      122, 16, 130, -1,
      122, 130, 129, -1,
      131, 132, 133, -1,
      35, 2, 37, -1,
      37, 2, 4, -1,
      37, 4, 29, -1,
      29, 4, 6, -1,
      29, 6, 134, -1,
      134, 6, 135, -1,
      135, 6, 8, -1,
      135, 8, 136, -1,
      136, 8, 137, -1,
      137, 8, 10, -1,
      137, 10, 138, -1,
      138, 10, 139, -1,
      139, 10, 12, -1,
      139, 12, 140, -1,
      131, 133, 124, -1,
      140, 12, 133, -1,
      133, 12, 14, -1,
      133, 14, 124, -1,
      141, 142, 143, -1,
      144, 145, 146, -1,
      2, 35, 33, -1,
      143, 147, 141, -1,
      141, 147, 144, -1,
      141, 144, 148, -1,
      148, 144, 146, -1,
      0, 2, 149, -1,
      149, 2, 33, -1,
      149, 33, 150, -1,
      150, 33, 151, -1,
      150, 151, 141, -1,
      141, 151, 152, -1,
      141, 152, 142, -1,
      153, 154, 155, -1,
      156, 157, 158, -1,
      158, 157, 159, -1,
      158, 159, 160, -1,
      160, 159, 0, -1,
      160, 0, 161, -1,
      161, 0, 149, -1,
      161, 149, 162, -1,
      155, 163, 153, -1,
      153, 163, 164, -1,
      153, 164, 158, -1,
      158, 164, 165, -1,
      158, 165, 156, -1,
      21, 23, 166, -1,
      149, 167, 162, -1,
      162, 167, 168, -1,
      162, 168, 169, -1,
      169, 168, 21, -1,
      169, 21, 170, -1,
      170, 21, 166, -1,
      171, 172, 173, -1,
      174, 173, 175, -1,
      175, 173, 172, -1,
      175, 172, 176, -1,
      176, 172, 177, -1,
      178, 179, 173, -1,
      173, 179, 180, -1,
      173, 180, 171, -1,
      181, 182, 183, -1,
      183, 184, 181, -1,
      181, 184, 185, -1,
      181, 185, 178, -1,
      178, 185, 186, -1,
      178, 186, 179, -1,
      166, 23, 187, -1,
      187, 23, 25, -1,
      187, 25, 182, -1,
      182, 25, 20, -1,
      182, 20, 183, -1,
      188, 174, 175, -1,
      189, 190, 175, -1,
      175, 190, 191, -1,
      175, 191, 188, -1,
      188, 191, 192, -1,
      188, 192, 193, -1,
      193, 192, 194, -1,
      194, 195, 193, -1,
      193, 195, 196, -1,
      193, 196, 197, -1,
      43, 50, 191, -1,
      191, 50, 192, -1,
      188, 49, 174, -1,
      174, 49, 48, -1,
      174, 48, 173, -1,
      173, 48, 57, -1,
      173, 57, 178, -1,
      178, 57, 52, -1,
      178, 52, 181, -1,
      181, 52, 53, -1,
      181, 53, 182, -1,
      182, 53, 54, -1,
      182, 54, 187, -1,
      187, 54, 55, -1,
      187, 55, 166, -1,
      166, 55, 56, -1,
      166, 56, 170, -1,
      170, 56, 76, -1,
      198, 199, 92, -1,
      92, 199, 93, -1,
      73, 148, 91, -1,
      91, 148, 146, -1,
      91, 146, 200, -1,
      144, 72, 145, -1,
      145, 72, 71, -1,
      145, 71, 201, -1,
      199, 198, 146, -1,
      202, 203, 200, -1,
      202, 200, 204, -1,
      203, 205, 200, -1,
      200, 205, 206, -1,
      200, 206, 207, -1,
      207, 206, 208, -1,
      209, 201, 210, -1,
      210, 201, 211, -1,
      210, 211, 212, -1,
      209, 213, 201, -1,
      201, 213, 214, -1,
      201, 214, 215, -1,
      146, 198, 200, -1,
      200, 198, 216, -1,
      200, 216, 204, -1,
      146, 145, 199, -1,
      199, 145, 201, -1,
      199, 201, 217, -1,
      217, 201, 215, -1,
      218, 219, 220, -1,
      220, 219, 221, -1,
      219, 222, 221, -1,
      221, 222, 223, -1,
      221, 223, 224, -1,
      224, 225, 221, -1,
      221, 225, 226, -1,
      221, 226, 227, -1,
      221, 228, 220, -1,
      220, 228, 229, -1,
      220, 229, 230, -1,
      230, 229, 231, -1,
      230, 231, 232, -1,
      232, 231, 233, -1,
      234, 235, 236, -1,
      234, 236, 237, -1,
      237, 236, 238, -1,
      237, 238, 239, -1,
      239, 238, 240, -1,
      239, 240, 241, -1,
      241, 240, 219, -1,
      241, 219, 218, -1,
      242, 243, 244, -1,
      235, 234, 245, -1,
      245, 234, 242, -1,
      245, 242, 246, -1,
      246, 242, 244, -1,
      247, 248, 123, -1,
      123, 248, 249, -1,
      249, 132, 123, -1,
      123, 132, 131, -1,
      123, 131, 124, -1,
      243, 242, 250, -1,
      250, 242, 251, -1,
      250, 251, 252, -1,
      252, 251, 253, -1,
      252, 253, 254, -1,
      254, 253, 255, -1,
      254, 255, 256, -1,
      256, 255, 257, -1,
      256, 257, 123, -1,
      123, 257, 258, -1,
      123, 258, 247, -1,
      109, 110, 259, -1,
      112, 107, 109, -1,
      109, 259, 112, -1,
      112, 259, 260, -1,
      112, 260, 261, -1,
      261, 262, 112, -1,
      112, 262, 263, -1,
      112, 263, 264, -1,
      264, 263, 265, -1,
      265, 263, 266, -1,
      265, 266, 267, -1,
      268, 269, 270, -1,
      270, 269, 271, -1,
      266, 272, 267, -1,
      267, 272, 270, -1,
      267, 270, 273, -1,
      273, 270, 271, -1,
      274, 269, 268, -1,
      275, 276, 268, -1,
      268, 276, 277, -1,
      268, 277, 274, -1,
      278, 279, 280, -1,
      280, 279, 281, -1,
      280, 281, 282, -1,
      282, 281, 283, -1,
      282, 283, 284, -1,
      284, 283, 285, -1,
      284, 285, 275, -1,
      275, 285, 276, -1,
      286, 279, 287, -1,
      287, 279, 278, -1,
      288, 289, 286, -1,
      286, 289, 290, -1,
      286, 290, 279, -1,
      288, 291, 289, -1,
      289, 291, 292, -1,
      289, 292, 293, -1,
      294, 295, 296, -1,
      296, 295, 297, -1,
      278, 298, 287, -1,
      287, 298, 297, -1,
      287, 297, 299, -1,
      299, 297, 295, -1,
      286, 287, 221, -1,
      221, 287, 228, -1,
      220, 298, 218, -1,
      218, 298, 278, -1,
      218, 278, 241, -1,
      241, 278, 280, -1,
      241, 280, 239, -1,
      239, 280, 282, -1,
      239, 282, 237, -1,
      237, 282, 284, -1,
      237, 284, 234, -1,
      234, 284, 275, -1,
      234, 275, 242, -1,
      242, 275, 268, -1,
      242, 268, 251, -1,
      251, 268, 270, -1,
      251, 270, 253, -1,
      253, 270, 272, -1,
      176, 177, 300, -1,
      189, 175, 176, -1,
      176, 300, 189, -1,
      189, 300, 301, -1,
      189, 301, 302, -1,
      302, 303, 189, -1,
      189, 303, 304, -1,
      189, 304, 305, -1,
      305, 304, 306, -1,
      306, 304, 307, -1,
      306, 307, 308, -1,
      309, 310, 311, -1,
      307, 312, 308, -1,
      308, 312, 309, -1,
      308, 309, 313, -1,
      313, 309, 311, -1,
      311, 310, 314, -1,
      314, 310, 315, -1,
      316, 317, 310, -1,
      310, 317, 318, -1,
      310, 318, 315, -1,
      319, 320, 321, -1,
      319, 321, 322, -1,
      322, 321, 323, -1,
      322, 323, 324, -1,
      324, 323, 325, -1,
      324, 325, 326, -1,
      326, 325, 317, -1,
      326, 317, 316, -1,
      327, 328, 329, -1,
      329, 328, 330, -1,
      329, 330, 319, -1,
      319, 330, 320, -1,
      329, 331, 332, -1,
      332, 333, 329, -1,
      329, 333, 334, -1,
      329, 334, 327, -1,
      335, 336, 337, -1,
      337, 336, 338, -1,
      328, 339, 330, -1,
      330, 339, 336, -1,
      330, 336, 340, -1,
      340, 336, 335, -1,
      339, 328, 341, -1,
      341, 328, 342, -1,
      343, 344, 345, -1,
      345, 344, 346, -1,
      347, 348, 346, -1,
      346, 348, 341, -1,
      346, 341, 345, -1,
      349, 350, 351, -1,
      351, 350, 352, -1,
      341, 342, 345, -1,
      345, 342, 352, -1,
      345, 352, 353, -1,
      353, 352, 350, -1,
      347, 354, 348, -1,
      348, 354, 355, -1,
      348, 355, 356, -1,
      357, 358, 359, -1,
      359, 358, 360, -1,
      359, 360, 361, -1,
      361, 360, 362, -1,
      361, 362, 363, -1,
      363, 362, 364, -1,
      363, 364, 343, -1,
      343, 364, 344, -1,
      358, 357, 365, -1,
      365, 357, 366, -1,
      365, 366, 367, -1,
      367, 366, 368, -1,
      369, 40, 370, -1,
      370, 40, 371, -1,
      370, 371, 372, -1,
      372, 371, 373, -1,
      372, 373, 374, -1,
      374, 373, 375, -1,
      374, 375, 376, -1,
      369, 377, 40, -1,
      40, 377, 378, -1,
      40, 378, 379, -1,
      379, 60, 40, -1,
      40, 60, 59, -1,
      40, 59, 41, -1,
      368, 366, 380, -1,
      380, 366, 376, -1,
      380, 376, 381, -1,
      381, 376, 375, -1,
      312, 374, 309, -1,
      309, 374, 376, -1,
      309, 376, 310, -1,
      310, 376, 366, -1,
      310, 366, 316, -1,
      316, 366, 357, -1,
      316, 357, 326, -1,
      326, 357, 359, -1,
      326, 359, 324, -1,
      324, 359, 361, -1,
      324, 361, 322, -1,
      322, 361, 363, -1,
      322, 363, 319, -1,
      319, 363, 343, -1,
      319, 343, 329, -1,
      329, 343, 345, -1,
      313, 381, 308, -1,
      308, 381, 375, -1,
      308, 375, 306, -1,
      306, 375, 373, -1,
      365, 318, 358, -1,
      358, 318, 317, -1,
      358, 317, 360, -1,
      360, 317, 325, -1,
      360, 325, 362, -1,
      362, 325, 323, -1,
      362, 323, 364, -1,
      364, 323, 321, -1,
      364, 321, 344, -1,
      344, 321, 320, -1,
      344, 320, 346, -1,
      346, 320, 330, -1,
      254, 265, 252, -1,
      252, 265, 267, -1,
      252, 267, 250, -1,
      250, 267, 273, -1,
      290, 222, 279, -1,
      279, 222, 219, -1,
      279, 219, 281, -1,
      281, 219, 240, -1,
      281, 240, 283, -1,
      283, 240, 238, -1,
      283, 238, 285, -1,
      285, 238, 236, -1,
      285, 236, 276, -1,
      276, 236, 235, -1,
      276, 235, 277, -1,
      277, 235, 245, -1,
      382, 383, 384, -1,
      384, 383, 385, -1,
      384, 385, 386, -1,
      386, 385, 387, -1,
      386, 387, 388, -1,
      388, 387, 389, -1,
      388, 389, 390, -1,
      390, 389, 391, -1,
      390, 391, 392, -1,
      392, 391, 393, -1,
      392, 393, 394, -1,
      394, 393, 395, -1,
      394, 395, 79, -1,
      79, 395, 154, -1,
      79, 154, 85, -1,
      85, 154, 153, -1,
      77, 163, 78, -1,
      78, 163, 155, -1,
      78, 155, 396, -1,
      396, 155, 397, -1,
      396, 397, 398, -1,
      398, 397, 399, -1,
      398, 399, 400, -1,
      400, 399, 401, -1,
      400, 401, 402, -1,
      402, 401, 403, -1,
      402, 403, 404, -1,
      404, 403, 405, -1,
      404, 405, 406, -1,
      406, 405, 407, -1,
      406, 407, 408, -1,
      408, 407, 409, -1,
      410, 411, 383, -1,
      383, 411, 409, -1,
      383, 409, 385, -1,
      385, 409, 407, -1,
      412, 413, 410, -1,
      410, 413, 411, -1,
      384, 406, 382, -1,
      382, 406, 408, -1,
      382, 408, 412, -1,
      412, 408, 413, -1,
      79, 78, 394, -1,
      394, 78, 396, -1,
      394, 396, 392, -1,
      392, 396, 398, -1,
      392, 398, 390, -1,
      390, 398, 400, -1,
      390, 400, 388, -1,
      388, 400, 402, -1,
      388, 402, 386, -1,
      386, 402, 404, -1,
      386, 404, 384, -1,
      384, 404, 406, -1,
      385, 407, 405, -1,
      385, 405, 387, -1,
      387, 405, 403, -1,
      387, 403, 389, -1,
      389, 403, 401, -1,
      389, 401, 391, -1,
      391, 401, 399, -1,
      391, 399, 393, -1,
      393, 399, 397, -1,
      393, 397, 395, -1,
      395, 397, 155, -1,
      395, 155, 154, -1,
      409, 411, 408, -1,
      408, 411, 413, -1,
      410, 383, 412, -1,
      412, 383, 382, -1,
      33, 32, 151, -1,
      151, 32, 67, -1,
      151, 67, 152, -1,
      152, 67, 69, -1,
      152, 69, 142, -1,
      142, 69, 70, -1,
      142, 70, 143, -1,
      143, 70, 75, -1,
      143, 75, 147, -1,
      147, 75, 74, -1,
      147, 74, 144, -1,
      144, 74, 72, -1,
      22, 21, 96, -1,
      96, 21, 168, -1,
      96, 168, 97, -1,
      97, 168, 167, -1,
      97, 167, 65, -1,
      65, 167, 149, -1,
      65, 149, 64, -1,
      64, 149, 150, -1,
      64, 150, 68, -1,
      68, 150, 141, -1,
      68, 141, 73, -1,
      73, 141, 148, -1,
      192, 50, 51, -1,
      192, 51, 194, -1,
      194, 51, 44, -1,
      194, 44, 195, -1,
      195, 44, 46, -1,
      195, 46, 196, -1,
      196, 46, 47, -1,
      196, 47, 197, -1,
      197, 47, 45, -1,
      197, 45, 193, -1,
      193, 45, 49, -1,
      193, 49, 188, -1,
      115, 122, 127, -1,
      115, 127, 117, -1,
      117, 127, 126, -1,
      117, 126, 118, -1,
      118, 126, 128, -1,
      118, 128, 119, -1,
      119, 128, 129, -1,
      119, 129, 120, -1,
      120, 129, 130, -1,
      120, 130, 116, -1,
      116, 130, 16, -1,
      116, 16, 17, -1,
      254, 256, 265, -1,
      265, 256, 264, -1,
      264, 256, 112, -1,
      112, 256, 123, -1,
      112, 123, 113, -1,
      123, 125, 113, -1,
      113, 125, 121, -1,
      113, 121, 114, -1,
      277, 245, 246, -1,
      250, 273, 243, -1,
      243, 273, 271, -1,
      243, 271, 244, -1,
      244, 271, 269, -1,
      244, 269, 246, -1,
      246, 269, 274, -1,
      246, 274, 277, -1,
      373, 371, 306, -1,
      306, 371, 305, -1,
      305, 371, 189, -1,
      189, 371, 40, -1,
      189, 40, 190, -1,
      40, 42, 190, -1,
      190, 42, 43, -1,
      190, 43, 191, -1,
      380, 381, 313, -1,
      313, 311, 380, -1,
      380, 311, 314, -1,
      380, 314, 368, -1,
      368, 314, 315, -1,
      368, 315, 367, -1,
      367, 315, 318, -1,
      367, 318, 365, -1,
      170, 76, 169, -1,
      169, 76, 83, -1,
      169, 83, 162, -1,
      162, 83, 81, -1,
      162, 81, 161, -1,
      161, 81, 80, -1,
      161, 80, 160, -1,
      160, 80, 87, -1,
      160, 87, 158, -1,
      158, 87, 86, -1,
      158, 86, 153, -1,
      153, 86, 85, -1,
      183, 20, 19, -1,
      374, 312, 307, -1,
      374, 307, 372, -1,
      372, 307, 304, -1,
      372, 304, 370, -1,
      370, 304, 369, -1,
      369, 304, 303, -1,
      369, 303, 377, -1,
      377, 303, 302, -1,
      377, 302, 378, -1,
      378, 302, 301, -1,
      378, 301, 379, -1,
      379, 301, 300, -1,
      379, 300, 60, -1,
      300, 177, 60, -1,
      60, 177, 172, -1,
      60, 172, 58, -1,
      58, 172, 171, -1,
      58, 171, 61, -1,
      61, 171, 180, -1,
      61, 180, 62, -1,
      180, 179, 62, -1,
      62, 179, 186, -1,
      62, 186, 63, -1,
      183, 19, 184, -1,
      63, 186, 19, -1,
      19, 186, 185, -1,
      19, 185, 184, -1,
      105, 139, 106, -1,
      106, 139, 140, -1,
      106, 140, 108, -1,
      108, 140, 133, -1,
      108, 133, 110, -1,
      110, 133, 132, -1,
      110, 132, 259, -1,
      259, 132, 249, -1,
      259, 249, 260, -1,
      260, 249, 248, -1,
      260, 248, 261, -1,
      261, 248, 247, -1,
      261, 247, 262, -1,
      262, 247, 258, -1,
      262, 258, 263, -1,
      263, 258, 257, -1,
      263, 257, 266, -1,
      266, 257, 255, -1,
      266, 255, 272, -1,
      272, 255, 253, -1,
      30, 29, 134, -1,
      134, 135, 30, -1,
      30, 135, 136, -1,
      30, 136, 111, -1,
      111, 136, 137, -1,
      111, 137, 105, -1,
      105, 137, 138, -1,
      105, 138, 139, -1,
      201, 71, 104, -1,
      201, 104, 211, -1,
      211, 104, 102, -1,
      211, 102, 212, -1,
      212, 102, 101, -1,
      212, 101, 210, -1,
      100, 213, 101, -1,
      101, 213, 209, -1,
      101, 209, 210, -1,
      103, 93, 199, -1,
      199, 217, 103, -1,
      103, 217, 215, -1,
      103, 215, 100, -1,
      100, 215, 214, -1,
      100, 214, 213, -1,
      198, 92, 216, -1,
      216, 92, 99, -1,
      216, 99, 204, -1,
      204, 99, 202, -1,
      202, 99, 90, -1,
      202, 90, 203, -1,
      203, 90, 205, -1,
      205, 90, 89, -1,
      205, 89, 206, -1,
      206, 89, 88, -1,
      206, 88, 208, -1,
      208, 88, 98, -1,
      208, 98, 207, -1,
      207, 98, 91, -1,
      207, 91, 200, -1,
      298, 220, 230, -1,
      298, 230, 297, -1,
      297, 230, 232, -1,
      297, 232, 296, -1,
      296, 232, 233, -1,
      296, 233, 294, -1,
      294, 233, 231, -1,
      294, 231, 295, -1,
      295, 231, 229, -1,
      295, 229, 299, -1,
      299, 229, 228, -1,
      299, 228, 287, -1,
      329, 345, 353, -1,
      329, 353, 331, -1,
      331, 353, 350, -1,
      331, 350, 332, -1,
      332, 350, 349, -1,
      332, 349, 333, -1,
      333, 349, 351, -1,
      333, 351, 334, -1,
      334, 351, 352, -1,
      334, 352, 327, -1,
      327, 352, 342, -1,
      327, 342, 328, -1,
      1, 0, 66, -1,
      66, 0, 159, -1,
      66, 159, 95, -1,
      95, 159, 157, -1,
      95, 157, 94, -1,
      94, 157, 156, -1,
      94, 156, 84, -1,
      84, 156, 165, -1,
      84, 165, 82, -1,
      82, 165, 164, -1,
      82, 164, 77, -1,
      77, 164, 163, -1,
      339, 341, 348, -1,
      339, 348, 336, -1,
      336, 348, 356, -1,
      336, 356, 338, -1,
      338, 356, 355, -1,
      338, 355, 337, -1,
      337, 355, 354, -1,
      337, 354, 335, -1,
      335, 354, 347, -1,
      335, 347, 340, -1,
      340, 347, 346, -1,
      340, 346, 330, -1,
      286, 221, 227, -1,
      286, 227, 288, -1,
      288, 227, 226, -1,
      288, 226, 291, -1,
      291, 226, 225, -1,
      291, 225, 292, -1,
      292, 225, 224, -1,
      292, 224, 293, -1,
      293, 224, 223, -1,
      293, 223, 289, -1,
      289, 223, 222, -1,
      289, 222, 290, -1,
      414, 415, 416, -1,
      416, 415, 417, -1,
      416, 417, 418, -1,
      418, 417, 419, -1,
      418, 419, 420, -1,
      420, 419, 421, -1,
      420, 421, 422, -1,
      422, 421, 423, -1,
      422, 423, 424, -1,
      424, 423, 425, -1,
      424, 425, 426, -1,
      426, 425, 427, -1,
      426, 427, 428, -1,
      428, 427, 429, -1,
      428, 429, 430, -1,
      430, 429, 431, -1,
      432, 433, 434, -1,
      435, 436, 437, -1,
      437, 436, 438, -1,
      437, 438, 439, -1,
      438, 440, 439, -1,
      439, 440, 441, -1,
      439, 441, 434, -1,
      434, 441, 442, -1,
      434, 442, 432, -1,
      443, 444, 445, -1,
      446, 447, 448, -1,
      448, 447, 449, -1,
      448, 449, 450, -1,
      450, 449, 451, -1,
      450, 451, 452, -1,
      452, 451, 443, -1,
      452, 443, 453, -1,
      453, 443, 445, -1,
      454, 455, 456, -1,
      456, 455, 457, -1,
      458, 459, 460, -1,
      460, 459, 461, -1,
      455, 462, 457, -1,
      457, 462, 463, -1,
      457, 463, 464, -1,
      464, 463, 459, -1,
      464, 459, 465, -1,
      465, 459, 458, -1,
      466, 442, 467, -1,
      467, 442, 441, -1,
      467, 441, 468, -1,
      468, 441, 440, -1,
      468, 440, 469, -1,
      469, 440, 438, -1,
      469, 438, 470, -1,
      471, 433, 466, -1,
      466, 433, 432, -1,
      466, 432, 442, -1,
      462, 455, 472, -1,
      472, 455, 473, -1,
      472, 473, 474, -1,
      472, 475, 462, -1,
      462, 475, 476, -1,
      462, 476, 471, -1,
      471, 476, 477, -1,
      471, 477, 433, -1,
      478, 479, 480, -1,
      481, 482, 483, -1,
      483, 484, 481, -1,
      481, 484, 485, -1,
      481, 485, 486, -1,
      470, 438, 436, -1,
      487, 488, 489, -1,
      490, 470, 488, -1,
      488, 470, 436, -1,
      488, 436, 491, -1,
      491, 436, 492, -1,
      491, 492, 481, -1,
      481, 492, 493, -1,
      481, 493, 482, -1,
      494, 495, 496, -1,
      496, 495, 497, -1,
      496, 497, 480, -1,
      480, 497, 498, -1,
      480, 498, 478, -1,
      499, 486, 500, -1,
      500, 486, 501, -1,
      446, 448, 417, -1,
      479, 502, 480, -1,
      480, 502, 503, -1,
      480, 503, 504, -1,
      504, 503, 490, -1,
      504, 490, 505, -1,
      505, 490, 488, -1,
      505, 488, 506, -1,
      506, 488, 487, -1,
      486, 485, 501, -1,
      501, 485, 507, -1,
      501, 507, 508, -1,
      509, 510, 511, -1,
      489, 512, 487, -1,
      487, 512, 446, -1,
      487, 446, 415, -1,
      415, 446, 417, -1,
      508, 507, 511, -1,
      511, 507, 513, -1,
      511, 513, 509, -1,
      514, 515, 516, -1,
      500, 517, 499, -1,
      499, 517, 514, -1,
      499, 514, 518, -1,
      518, 514, 516, -1,
      427, 519, 429, -1,
      429, 519, 520, -1,
      429, 520, 521, -1,
      521, 520, 522, -1,
      521, 522, 523, -1,
      523, 522, 524, -1,
      445, 444, 427, -1,
      427, 444, 525, -1,
      427, 525, 519, -1,
      427, 425, 445, -1,
      445, 425, 423, -1,
      445, 423, 453, -1,
      453, 423, 421, -1,
      453, 421, 452, -1,
      452, 421, 419, -1,
      452, 419, 450, -1,
      450, 419, 417, -1,
      450, 417, 448, -1,
      431, 429, 521, -1,
      526, 527, 521, -1,
      521, 527, 528, -1,
      521, 528, 431, -1,
      431, 528, 529, -1,
      431, 529, 530, -1,
      531, 532, 533, -1,
      531, 533, 529, -1,
      529, 533, 534, -1,
      529, 534, 530, -1,
      535, 536, 528, -1,
      528, 536, 529, -1,
      537, 538, 539, -1,
      539, 538, 535, -1,
      540, 541, 542, -1,
      542, 541, 536, -1,
      542, 536, 543, -1,
      538, 428, 535, -1,
      535, 428, 430, -1,
      535, 430, 536, -1,
      536, 430, 544, -1,
      536, 544, 543, -1,
      545, 546, 547, -1,
      449, 416, 451, -1,
      451, 416, 418, -1,
      451, 418, 443, -1,
      443, 418, 420, -1,
      443, 420, 548, -1,
      548, 420, 549, -1,
      549, 420, 422, -1,
      549, 422, 550, -1,
      550, 422, 551, -1,
      551, 422, 424, -1,
      551, 424, 552, -1,
      552, 424, 553, -1,
      553, 424, 426, -1,
      553, 426, 554, -1,
      545, 547, 538, -1,
      554, 426, 547, -1,
      547, 426, 428, -1,
      547, 428, 538, -1,
      555, 556, 557, -1,
      557, 556, 558, -1,
      559, 560, 561, -1,
      561, 560, 562, -1,
      561, 562, 563, -1,
      563, 562, 557, -1,
      563, 557, 564, -1,
      564, 557, 558, -1,
      565, 566, 567, -1,
      567, 566, 416, -1,
      449, 447, 416, -1,
      416, 447, 568, -1,
      416, 568, 567, -1,
      569, 570, 565, -1,
      565, 570, 571, -1,
      565, 571, 566, -1,
      435, 437, 572, -1,
      573, 574, 575, -1,
      572, 576, 435, -1,
      435, 576, 555, -1,
      435, 555, 577, -1,
      577, 555, 557, -1,
      577, 557, 578, -1,
      569, 579, 570, -1,
      570, 579, 573, -1,
      570, 573, 580, -1,
      580, 573, 575, -1,
      578, 581, 577, -1,
      577, 581, 582, -1,
      577, 582, 583, -1,
      583, 582, 584, -1,
      583, 584, 566, -1,
      566, 584, 414, -1,
      566, 414, 416, -1,
      585, 586, 587, -1,
      588, 587, 589, -1,
      589, 587, 586, -1,
      589, 586, 590, -1,
      590, 586, 591, -1,
      592, 593, 587, -1,
      587, 593, 594, -1,
      587, 594, 585, -1,
      595, 596, 597, -1,
      597, 598, 595, -1,
      595, 598, 599, -1,
      595, 599, 592, -1,
      592, 599, 600, -1,
      592, 600, 593, -1,
      572, 437, 601, -1,
      601, 437, 439, -1,
      601, 439, 596, -1,
      596, 439, 434, -1,
      596, 434, 597, -1,
      602, 588, 589, -1,
      603, 604, 589, -1,
      589, 604, 605, -1,
      589, 605, 602, -1,
      602, 605, 606, -1,
      602, 606, 607, -1,
      607, 606, 608, -1,
      608, 609, 607, -1,
      607, 609, 610, -1,
      607, 610, 611, -1,
      457, 464, 605, -1,
      605, 464, 606, -1,
      602, 463, 588, -1,
      588, 463, 462, -1,
      588, 462, 587, -1,
      587, 462, 471, -1,
      587, 471, 592, -1,
      592, 471, 466, -1,
      592, 466, 595, -1,
      595, 466, 467, -1,
      595, 467, 596, -1,
      596, 467, 468, -1,
      596, 468, 601, -1,
      601, 468, 469, -1,
      601, 469, 572, -1,
      572, 469, 470, -1,
      572, 470, 576, -1,
      576, 470, 490, -1,
      612, 613, 501, -1,
      501, 613, 500, -1,
      485, 580, 507, -1,
      507, 580, 575, -1,
      507, 575, 614, -1,
      573, 486, 574, -1,
      574, 486, 499, -1,
      574, 499, 615, -1,
      613, 612, 575, -1,
      616, 617, 614, -1,
      616, 614, 618, -1,
      617, 619, 614, -1,
      614, 619, 620, -1,
      614, 620, 621, -1,
      621, 620, 622, -1,
      623, 615, 624, -1,
      624, 615, 625, -1,
      624, 625, 626, -1,
      623, 627, 615, -1,
      615, 627, 628, -1,
      615, 628, 629, -1,
      575, 612, 614, -1,
      614, 612, 630, -1,
      614, 630, 618, -1,
      575, 574, 613, -1,
      613, 574, 615, -1,
      613, 615, 631, -1,
      631, 615, 629, -1,
      632, 633, 634, -1,
      635, 636, 637, -1,
      637, 636, 638, -1,
      637, 638, 633, -1,
      633, 638, 639, -1,
      633, 639, 634, -1,
      634, 640, 641, -1,
      642, 643, 644, -1,
      641, 645, 634, -1,
      634, 645, 646, -1,
      634, 646, 632, -1,
      642, 644, 637, -1,
      637, 644, 647, -1,
      637, 647, 635, -1,
      648, 649, 650, -1,
      648, 650, 651, -1,
      651, 650, 652, -1,
      651, 652, 653, -1,
      653, 652, 654, -1,
      653, 654, 655, -1,
      655, 654, 639, -1,
      655, 639, 638, -1,
      656, 657, 658, -1,
      649, 648, 659, -1,
      659, 648, 656, -1,
      659, 656, 660, -1,
      660, 656, 658, -1,
      661, 662, 537, -1,
      537, 662, 663, -1,
      663, 546, 537, -1,
      537, 546, 545, -1,
      537, 545, 538, -1,
      657, 656, 664, -1,
      664, 656, 665, -1,
      664, 665, 666, -1,
      666, 665, 667, -1,
      666, 667, 668, -1,
      668, 667, 669, -1,
      668, 669, 670, -1,
      670, 669, 671, -1,
      670, 671, 537, -1,
      537, 671, 672, -1,
      537, 672, 661, -1,
      523, 524, 673, -1,
      526, 521, 523, -1,
      523, 673, 526, -1,
      526, 673, 674, -1,
      526, 674, 675, -1,
      675, 676, 526, -1,
      526, 676, 677, -1,
      526, 677, 678, -1,
      678, 677, 679, -1,
      679, 677, 680, -1,
      679, 680, 681, -1,
      682, 683, 684, -1,
      684, 683, 685, -1,
      680, 686, 681, -1,
      681, 686, 684, -1,
      681, 684, 687, -1,
      687, 684, 685, -1,
      688, 683, 682, -1,
      689, 690, 682, -1,
      682, 690, 691, -1,
      682, 691, 688, -1,
      692, 693, 694, -1,
      694, 693, 695, -1,
      694, 695, 696, -1,
      696, 695, 697, -1,
      696, 697, 698, -1,
      698, 697, 699, -1,
      698, 699, 689, -1,
      689, 699, 690, -1,
      692, 700, 701, -1,
      701, 700, 702, -1,
      701, 702, 703, -1,
      703, 704, 701, -1,
      701, 704, 705, -1,
      701, 705, 706, -1,
      692, 701, 693, -1,
      693, 701, 707, -1,
      693, 707, 708, -1,
      708, 707, 709, -1,
      708, 709, 710, -1,
      710, 711, 708, -1,
      708, 711, 712, -1,
      708, 712, 713, -1,
      707, 701, 633, -1,
      633, 701, 637, -1,
      636, 700, 638, -1,
      638, 700, 692, -1,
      638, 692, 655, -1,
      655, 692, 694, -1,
      655, 694, 653, -1,
      653, 694, 696, -1,
      653, 696, 651, -1,
      651, 696, 698, -1,
      651, 698, 648, -1,
      648, 698, 689, -1,
      648, 689, 656, -1,
      656, 689, 682, -1,
      656, 682, 665, -1,
      665, 682, 684, -1,
      665, 684, 667, -1,
      667, 684, 686, -1,
      590, 591, 714, -1,
      603, 589, 590, -1,
      590, 714, 603, -1,
      603, 714, 715, -1,
      603, 715, 716, -1,
      716, 717, 603, -1,
      603, 717, 718, -1,
      603, 718, 719, -1,
      719, 718, 720, -1,
      720, 718, 721, -1,
      720, 721, 722, -1,
      723, 724, 725, -1,
      721, 726, 722, -1,
      722, 726, 723, -1,
      722, 723, 727, -1,
      727, 723, 725, -1,
      725, 724, 728, -1,
      728, 724, 729, -1,
      730, 731, 724, -1,
      724, 731, 732, -1,
      724, 732, 729, -1,
      733, 734, 735, -1,
      733, 735, 736, -1,
      736, 735, 737, -1,
      736, 737, 738, -1,
      738, 737, 739, -1,
      738, 739, 740, -1,
      740, 739, 731, -1,
      740, 731, 730, -1,
      741, 742, 743, -1,
      743, 742, 744, -1,
      743, 744, 745, -1,
      744, 746, 747, -1,
      734, 733, 747, -1,
      747, 733, 748, -1,
      747, 748, 744, -1,
      744, 748, 749, -1,
      744, 749, 745, -1,
      750, 751, 752, -1,
      746, 753, 747, -1,
      747, 753, 750, -1,
      747, 750, 754, -1,
      754, 750, 752, -1,
      746, 744, 755, -1,
      755, 744, 756, -1,
      757, 758, 756, -1,
      757, 756, 759, -1,
      758, 760, 756, -1,
      756, 760, 761, -1,
      756, 761, 755, -1,
      755, 761, 762, -1,
      756, 763, 764, -1,
      765, 766, 767, -1,
      764, 768, 756, -1,
      756, 768, 769, -1,
      756, 769, 759, -1,
      762, 761, 767, -1,
      767, 761, 770, -1,
      767, 770, 765, -1,
      771, 772, 773, -1,
      773, 772, 774, -1,
      773, 774, 775, -1,
      775, 774, 776, -1,
      775, 776, 777, -1,
      777, 776, 778, -1,
      777, 778, 758, -1,
      758, 778, 760, -1,
      772, 771, 779, -1,
      779, 771, 780, -1,
      779, 780, 781, -1,
      781, 780, 782, -1,
      783, 454, 784, -1,
      784, 454, 785, -1,
      784, 785, 786, -1,
      786, 785, 787, -1,
      786, 787, 788, -1,
      788, 787, 789, -1,
      788, 789, 790, -1,
      783, 791, 454, -1,
      454, 791, 792, -1,
      454, 792, 793, -1,
      793, 474, 454, -1,
      454, 474, 473, -1,
      454, 473, 455, -1,
      782, 780, 794, -1,
      794, 780, 790, -1,
      794, 790, 795, -1,
      795, 790, 789, -1,
      726, 788, 723, -1,
      723, 788, 790, -1,
      723, 790, 724, -1,
      724, 790, 780, -1,
      724, 780, 730, -1,
      730, 780, 771, -1,
      730, 771, 740, -1,
      740, 771, 773, -1,
      740, 773, 738, -1,
      738, 773, 775, -1,
      738, 775, 736, -1,
      736, 775, 777, -1,
      736, 777, 733, -1,
      733, 777, 758, -1,
      733, 758, 748, -1,
      748, 758, 757, -1,
      727, 795, 722, -1,
      722, 795, 789, -1,
      722, 789, 720, -1,
      720, 789, 787, -1,
      779, 732, 772, -1,
      772, 732, 731, -1,
      772, 731, 774, -1,
      774, 731, 739, -1,
      774, 739, 776, -1,
      776, 739, 737, -1,
      776, 737, 778, -1,
      778, 737, 735, -1,
      778, 735, 760, -1,
      760, 735, 734, -1,
      760, 734, 761, -1,
      761, 734, 747, -1,
      668, 679, 666, -1,
      666, 679, 681, -1,
      666, 681, 664, -1,
      664, 681, 687, -1,
      708, 634, 693, -1,
      693, 634, 639, -1,
      693, 639, 695, -1,
      695, 639, 654, -1,
      695, 654, 697, -1,
      697, 654, 652, -1,
      697, 652, 699, -1,
      699, 652, 650, -1,
      699, 650, 690, -1,
      690, 650, 649, -1,
      690, 649, 691, -1,
      691, 649, 659, -1,
      796, 797, 798, -1,
      798, 797, 799, -1,
      798, 799, 800, -1,
      800, 799, 801, -1,
      800, 801, 802, -1,
      802, 801, 803, -1,
      802, 803, 804, -1,
      804, 803, 805, -1,
      804, 805, 806, -1,
      806, 805, 807, -1,
      806, 807, 808, -1,
      808, 807, 809, -1,
      808, 809, 495, -1,
      495, 809, 559, -1,
      495, 559, 497, -1,
      497, 559, 561, -1,
      496, 562, 494, -1,
      494, 562, 560, -1,
      494, 560, 810, -1,
      810, 560, 811, -1,
      810, 811, 812, -1,
      812, 811, 813, -1,
      812, 813, 814, -1,
      814, 813, 815, -1,
      814, 815, 816, -1,
      816, 815, 817, -1,
      816, 817, 818, -1,
      818, 817, 819, -1,
      818, 819, 820, -1,
      820, 819, 821, -1,
      820, 821, 822, -1,
      822, 821, 823, -1,
      824, 825, 797, -1,
      797, 825, 823, -1,
      797, 823, 799, -1,
      799, 823, 821, -1,
      826, 827, 824, -1,
      824, 827, 825, -1,
      798, 820, 796, -1,
      796, 820, 822, -1,
      796, 822, 826, -1,
      826, 822, 827, -1,
      495, 494, 808, -1,
      808, 494, 810, -1,
      808, 810, 806, -1,
      806, 810, 812, -1,
      806, 812, 804, -1,
      804, 812, 814, -1,
      804, 814, 802, -1,
      802, 814, 816, -1,
      802, 816, 800, -1,
      800, 816, 818, -1,
      800, 818, 798, -1,
      798, 818, 820, -1,
      799, 821, 819, -1,
      799, 819, 801, -1,
      801, 819, 817, -1,
      801, 817, 803, -1,
      803, 817, 815, -1,
      803, 815, 805, -1,
      805, 815, 813, -1,
      805, 813, 807, -1,
      807, 813, 811, -1,
      807, 811, 809, -1,
      809, 811, 560, -1,
      809, 560, 559, -1,
      823, 825, 822, -1,
      822, 825, 827, -1,
      824, 797, 826, -1,
      826, 797, 796, -1,
      447, 446, 568, -1,
      568, 446, 512, -1,
      568, 512, 567, -1,
      567, 512, 489, -1,
      567, 489, 565, -1,
      565, 489, 488, -1,
      565, 488, 569, -1,
      569, 488, 491, -1,
      569, 491, 579, -1,
      579, 491, 481, -1,
      579, 481, 573, -1,
      573, 481, 486, -1,
      436, 435, 492, -1,
      492, 435, 577, -1,
      492, 577, 493, -1,
      493, 577, 583, -1,
      493, 583, 482, -1,
      482, 583, 566, -1,
      482, 566, 483, -1,
      483, 566, 571, -1,
      483, 571, 484, -1,
      484, 571, 570, -1,
      484, 570, 485, -1,
      485, 570, 580, -1,
      606, 464, 465, -1,
      606, 465, 608, -1,
      608, 465, 458, -1,
      608, 458, 609, -1,
      609, 458, 460, -1,
      609, 460, 610, -1,
      610, 460, 461, -1,
      610, 461, 611, -1,
      611, 461, 459, -1,
      611, 459, 607, -1,
      607, 459, 463, -1,
      607, 463, 602, -1,
      529, 536, 541, -1,
      529, 541, 531, -1,
      531, 541, 540, -1,
      531, 540, 532, -1,
      532, 540, 542, -1,
      532, 542, 533, -1,
      533, 542, 543, -1,
      533, 543, 534, -1,
      534, 543, 544, -1,
      534, 544, 530, -1,
      530, 544, 430, -1,
      530, 430, 431, -1,
      668, 670, 679, -1,
      679, 670, 678, -1,
      678, 670, 526, -1,
      526, 670, 537, -1,
      526, 537, 527, -1,
      537, 539, 527, -1,
      527, 539, 535, -1,
      527, 535, 528, -1,
      691, 659, 660, -1,
      664, 687, 657, -1,
      657, 687, 685, -1,
      657, 685, 658, -1,
      658, 685, 683, -1,
      658, 683, 660, -1,
      660, 683, 688, -1,
      660, 688, 691, -1,
      787, 785, 720, -1,
      720, 785, 719, -1,
      719, 785, 603, -1,
      603, 785, 454, -1,
      603, 454, 604, -1,
      454, 456, 604, -1,
      604, 456, 457, -1,
      604, 457, 605, -1,
      794, 795, 727, -1,
      727, 725, 794, -1,
      794, 725, 728, -1,
      794, 728, 782, -1,
      782, 728, 729, -1,
      782, 729, 781, -1,
      781, 729, 732, -1,
      781, 732, 779, -1,
      576, 490, 555, -1,
      555, 490, 503, -1,
      555, 503, 556, -1,
      556, 503, 502, -1,
      556, 502, 558, -1,
      558, 502, 479, -1,
      558, 479, 564, -1,
      564, 479, 478, -1,
      564, 478, 563, -1,
      563, 478, 498, -1,
      563, 498, 561, -1,
      561, 498, 497, -1,
      597, 434, 433, -1,
      788, 726, 721, -1,
      788, 721, 786, -1,
      786, 721, 718, -1,
      786, 718, 784, -1,
      784, 718, 783, -1,
      783, 718, 717, -1,
      783, 717, 791, -1,
      791, 717, 716, -1,
      791, 716, 792, -1,
      792, 716, 715, -1,
      792, 715, 793, -1,
      793, 715, 714, -1,
      793, 714, 474, -1,
      714, 591, 474, -1,
      474, 591, 586, -1,
      474, 586, 472, -1,
      472, 586, 585, -1,
      472, 585, 475, -1,
      475, 585, 594, -1,
      475, 594, 476, -1,
      594, 593, 476, -1,
      476, 593, 600, -1,
      476, 600, 477, -1,
      597, 433, 598, -1,
      477, 600, 433, -1,
      433, 600, 599, -1,
      433, 599, 598, -1,
      519, 553, 520, -1,
      520, 553, 554, -1,
      520, 554, 522, -1,
      522, 554, 547, -1,
      522, 547, 524, -1,
      524, 547, 546, -1,
      524, 546, 673, -1,
      673, 546, 663, -1,
      673, 663, 674, -1,
      674, 663, 662, -1,
      674, 662, 675, -1,
      675, 662, 661, -1,
      675, 661, 676, -1,
      676, 661, 672, -1,
      676, 672, 677, -1,
      677, 672, 671, -1,
      677, 671, 680, -1,
      680, 671, 669, -1,
      680, 669, 686, -1,
      686, 669, 667, -1,
      444, 443, 548, -1,
      548, 549, 444, -1,
      444, 549, 550, -1,
      444, 550, 525, -1,
      525, 550, 551, -1,
      525, 551, 519, -1,
      519, 551, 552, -1,
      519, 552, 553, -1,
      615, 499, 518, -1,
      615, 518, 625, -1,
      625, 518, 516, -1,
      625, 516, 626, -1,
      626, 516, 515, -1,
      626, 515, 624, -1,
      514, 627, 515, -1,
      515, 627, 623, -1,
      515, 623, 624, -1,
      517, 500, 613, -1,
      613, 631, 517, -1,
      517, 631, 629, -1,
      517, 629, 514, -1,
      514, 629, 628, -1,
      514, 628, 627, -1,
      612, 501, 630, -1,
      630, 501, 508, -1,
      630, 508, 618, -1,
      618, 508, 616, -1,
      616, 508, 511, -1,
      616, 511, 617, -1,
      617, 511, 619, -1,
      619, 511, 510, -1,
      619, 510, 620, -1,
      620, 510, 509, -1,
      620, 509, 622, -1,
      622, 509, 513, -1,
      622, 513, 621, -1,
      621, 513, 507, -1,
      621, 507, 614, -1,
      700, 636, 635, -1,
      700, 635, 702, -1,
      702, 635, 647, -1,
      702, 647, 703, -1,
      703, 647, 644, -1,
      703, 644, 704, -1,
      704, 644, 643, -1,
      704, 643, 705, -1,
      705, 643, 642, -1,
      705, 642, 706, -1,
      706, 642, 637, -1,
      706, 637, 701, -1,
      748, 757, 759, -1,
      748, 759, 749, -1,
      749, 759, 769, -1,
      749, 769, 745, -1,
      745, 769, 768, -1,
      745, 768, 743, -1,
      743, 768, 764, -1,
      743, 764, 741, -1,
      741, 764, 763, -1,
      741, 763, 742, -1,
      742, 763, 756, -1,
      742, 756, 744, -1,
      415, 414, 487, -1,
      487, 414, 584, -1,
      487, 584, 506, -1,
      506, 584, 582, -1,
      506, 582, 505, -1,
      505, 582, 581, -1,
      505, 581, 504, -1,
      504, 581, 578, -1,
      504, 578, 480, -1,
      480, 578, 557, -1,
      480, 557, 496, -1,
      496, 557, 562, -1,
      746, 755, 762, -1,
      746, 762, 753, -1,
      753, 762, 767, -1,
      753, 767, 750, -1,
      750, 767, 766, -1,
      750, 766, 751, -1,
      751, 766, 765, -1,
      751, 765, 752, -1,
      752, 765, 770, -1,
      752, 770, 754, -1,
      754, 770, 761, -1,
      754, 761, 747, -1,
      707, 633, 632, -1,
      707, 632, 709, -1,
      709, 632, 646, -1,
      709, 646, 710, -1,
      710, 646, 645, -1,
      710, 645, 711, -1,
      711, 645, 641, -1,
      711, 641, 712, -1,
      712, 641, 640, -1,
      712, 640, 713, -1,
      713, 640, 634, -1,
      713, 634, 708, -1,
      828, 829, 830, -1,
      830, 829, 831, -1,
      830, 831, 832, -1,
      832, 831, 833, -1,
      832, 833, 834, -1,
      834, 833, 835, -1,
      834, 835, 836, -1,
      836, 835, 837, -1,
      836, 837, 838, -1,
      838, 837, 839, -1,
      838, 839, 840, -1,
      840, 839, 841, -1,
      840, 841, 842, -1,
      842, 841, 843, -1,
      842, 843, 844, -1,
      844, 843, 845, -1,
      846, 847, 848, -1,
      849, 850, 851, -1,
      851, 850, 852, -1,
      851, 852, 853, -1,
      852, 854, 853, -1,
      853, 854, 855, -1,
      853, 855, 848, -1,
      848, 855, 856, -1,
      848, 856, 846, -1,
      857, 858, 859, -1,
      860, 861, 862, -1,
      862, 861, 863, -1,
      862, 863, 864, -1,
      864, 863, 865, -1,
      864, 865, 866, -1,
      866, 865, 857, -1,
      866, 857, 867, -1,
      867, 857, 859, -1,
      868, 869, 870, -1,
      870, 869, 871, -1,
      872, 873, 874, -1,
      874, 873, 875, -1,
      869, 876, 871, -1,
      871, 876, 877, -1,
      871, 877, 878, -1,
      878, 877, 873, -1,
      878, 873, 879, -1,
      879, 873, 872, -1,
      880, 856, 881, -1,
      881, 856, 855, -1,
      881, 855, 882, -1,
      882, 855, 854, -1,
      882, 854, 883, -1,
      883, 854, 852, -1,
      883, 852, 884, -1,
      885, 847, 880, -1,
      880, 847, 846, -1,
      880, 846, 856, -1,
      876, 869, 886, -1,
      886, 869, 887, -1,
      886, 887, 888, -1,
      886, 889, 876, -1,
      876, 889, 890, -1,
      876, 890, 885, -1,
      885, 890, 891, -1,
      885, 891, 847, -1,
      892, 893, 894, -1,
      895, 831, 896, -1,
      896, 831, 829, -1,
      896, 829, 897, -1,
      898, 899, 900, -1,
      900, 899, 901, -1,
      902, 884, 852, -1,
      862, 831, 860, -1,
      860, 831, 895, -1,
      860, 895, 903, -1,
      903, 895, 900, -1,
      903, 900, 904, -1,
      904, 900, 901, -1,
      893, 905, 894, -1,
      894, 905, 906, -1,
      894, 906, 907, -1,
      908, 909, 910, -1,
      910, 909, 911, -1,
      898, 900, 909, -1,
      909, 900, 912, -1,
      909, 912, 911, -1,
      911, 912, 913, -1,
      911, 913, 914, -1,
      906, 902, 907, -1,
      907, 902, 852, -1,
      907, 852, 915, -1,
      915, 852, 850, -1,
      915, 850, 916, -1,
      916, 850, 917, -1,
      916, 917, 897, -1,
      897, 917, 918, -1,
      897, 918, 896, -1,
      919, 920, 921, -1,
      921, 920, 922, -1,
      921, 922, 894, -1,
      894, 922, 923, -1,
      894, 923, 892, -1,
      913, 924, 925, -1,
      925, 926, 913, -1,
      913, 926, 927, -1,
      913, 927, 914, -1,
      928, 929, 930, -1,
      910, 931, 908, -1,
      908, 931, 928, -1,
      908, 928, 932, -1,
      932, 928, 930, -1,
      841, 933, 843, -1,
      843, 933, 934, -1,
      843, 934, 935, -1,
      935, 934, 936, -1,
      935, 936, 937, -1,
      937, 936, 938, -1,
      859, 858, 841, -1,
      841, 858, 939, -1,
      841, 939, 933, -1,
      841, 839, 859, -1,
      859, 839, 837, -1,
      859, 837, 867, -1,
      867, 837, 835, -1,
      867, 835, 866, -1,
      866, 835, 833, -1,
      866, 833, 864, -1,
      864, 833, 831, -1,
      864, 831, 862, -1,
      845, 843, 935, -1,
      940, 941, 935, -1,
      935, 941, 942, -1,
      935, 942, 845, -1,
      845, 942, 943, -1,
      845, 943, 944, -1,
      945, 946, 947, -1,
      945, 947, 943, -1,
      943, 947, 948, -1,
      943, 948, 944, -1,
      949, 950, 942, -1,
      942, 950, 943, -1,
      951, 952, 953, -1,
      953, 952, 949, -1,
      954, 955, 956, -1,
      956, 955, 950, -1,
      956, 950, 957, -1,
      952, 842, 949, -1,
      949, 842, 844, -1,
      949, 844, 950, -1,
      950, 844, 958, -1,
      950, 958, 957, -1,
      959, 960, 961, -1,
      863, 830, 865, -1,
      865, 830, 832, -1,
      865, 832, 857, -1,
      857, 832, 834, -1,
      857, 834, 962, -1,
      962, 834, 963, -1,
      963, 834, 836, -1,
      963, 836, 964, -1,
      964, 836, 965, -1,
      965, 836, 838, -1,
      965, 838, 966, -1,
      966, 838, 967, -1,
      967, 838, 840, -1,
      967, 840, 968, -1,
      959, 961, 952, -1,
      968, 840, 961, -1,
      961, 840, 842, -1,
      961, 842, 952, -1,
      969, 970, 971, -1,
      828, 830, 863, -1,
      849, 851, 972, -1,
      973, 974, 975, -1,
      976, 977, 974, -1,
      974, 977, 978, -1,
      974, 978, 975, -1,
      970, 979, 971, -1,
      971, 979, 980, -1,
      971, 980, 981, -1,
      982, 983, 984, -1,
      984, 983, 985, -1,
      984, 985, 971, -1,
      971, 985, 986, -1,
      971, 986, 969, -1,
      987, 988, 989, -1,
      989, 988, 990, -1,
      989, 990, 974, -1,
      974, 990, 991, -1,
      974, 991, 976, -1,
      980, 849, 981, -1,
      981, 849, 972, -1,
      981, 972, 992, -1,
      992, 972, 993, -1,
      992, 993, 994, -1,
      994, 993, 995, -1,
      994, 995, 996, -1,
      996, 995, 997, -1,
      996, 997, 861, -1,
      861, 997, 998, -1,
      861, 998, 863, -1,
      863, 998, 973, -1,
      863, 973, 828, -1,
      828, 973, 975, -1,
      999, 1000, 1001, -1,
      1002, 1001, 1003, -1,
      1003, 1001, 1000, -1,
      1003, 1000, 1004, -1,
      1004, 1000, 1005, -1,
      1006, 1007, 1001, -1,
      1001, 1007, 1008, -1,
      1001, 1008, 999, -1,
      1009, 1010, 1011, -1,
      1011, 1012, 1009, -1,
      1009, 1012, 1013, -1,
      1009, 1013, 1006, -1,
      1006, 1013, 1014, -1,
      1006, 1014, 1007, -1,
      972, 851, 1015, -1,
      1015, 851, 853, -1,
      1015, 853, 1010, -1,
      1010, 853, 848, -1,
      1010, 848, 1011, -1,
      1016, 1002, 1003, -1,
      1017, 1018, 1003, -1,
      1003, 1018, 1019, -1,
      1003, 1019, 1016, -1,
      1016, 1019, 1020, -1,
      1016, 1020, 1021, -1,
      1021, 1020, 1022, -1,
      1022, 1023, 1021, -1,
      1021, 1023, 1024, -1,
      1021, 1024, 1025, -1,
      871, 878, 1019, -1,
      1019, 878, 1020, -1,
      1016, 877, 1002, -1,
      1002, 877, 876, -1,
      1002, 876, 1001, -1,
      1001, 876, 885, -1,
      1001, 885, 1006, -1,
      1006, 885, 880, -1,
      1006, 880, 1009, -1,
      1009, 880, 881, -1,
      1009, 881, 1010, -1,
      1010, 881, 882, -1,
      1010, 882, 1015, -1,
      1015, 882, 883, -1,
      1015, 883, 972, -1,
      972, 883, 884, -1,
      972, 884, 993, -1,
      993, 884, 902, -1,
      1026, 1027, 911, -1,
      911, 1027, 910, -1,
      912, 985, 913, -1,
      913, 985, 983, -1,
      913, 983, 1028, -1,
      984, 909, 982, -1,
      982, 909, 908, -1,
      982, 908, 1029, -1,
      1027, 1026, 983, -1,
      1030, 1031, 1028, -1,
      1030, 1028, 1032, -1,
      1031, 1033, 1028, -1,
      1028, 1033, 1034, -1,
      1028, 1034, 1035, -1,
      1035, 1034, 1036, -1,
      1037, 1029, 1038, -1,
      1038, 1029, 1039, -1,
      1038, 1039, 1040, -1,
      1037, 1041, 1029, -1,
      1029, 1041, 1042, -1,
      1029, 1042, 1043, -1,
      983, 1026, 1028, -1,
      1028, 1026, 1044, -1,
      1028, 1044, 1032, -1,
      983, 982, 1027, -1,
      1027, 982, 1029, -1,
      1027, 1029, 1045, -1,
      1045, 1029, 1043, -1,
      1046, 1047, 1048, -1,
      1049, 1050, 1051, -1,
      1051, 1050, 1052, -1,
      1051, 1052, 1048, -1,
      1052, 1053, 1048, -1,
      1048, 1053, 1054, -1,
      1048, 1054, 1055, -1,
      1055, 1056, 1048, -1,
      1048, 1056, 1057, -1,
      1048, 1057, 1046, -1,
      1058, 1059, 1060, -1,
      1058, 1060, 1051, -1,
      1051, 1060, 1061, -1,
      1051, 1061, 1049, -1,
      1062, 1063, 1064, -1,
      1062, 1064, 1065, -1,
      1065, 1064, 1066, -1,
      1065, 1066, 1067, -1,
      1067, 1066, 1068, -1,
      1067, 1068, 1069, -1,
      1069, 1068, 1053, -1,
      1069, 1053, 1052, -1,
      1070, 1071, 1072, -1,
      1063, 1062, 1073, -1,
      1073, 1062, 1070, -1,
      1073, 1070, 1074, -1,
      1074, 1070, 1072, -1,
      1075, 1076, 951, -1,
      951, 1076, 1077, -1,
      1077, 960, 951, -1,
      951, 960, 959, -1,
      951, 959, 952, -1,
      1071, 1070, 1078, -1,
      1078, 1070, 1079, -1,
      1078, 1079, 1080, -1,
      1080, 1079, 1081, -1,
      1080, 1081, 1082, -1,
      1082, 1081, 1083, -1,
      1082, 1083, 1084, -1,
      1084, 1083, 1085, -1,
      1084, 1085, 951, -1,
      951, 1085, 1086, -1,
      951, 1086, 1075, -1,
      937, 938, 1087, -1,
      940, 935, 937, -1,
      937, 1087, 940, -1,
      940, 1087, 1088, -1,
      940, 1088, 1089, -1,
      1089, 1090, 940, -1,
      940, 1090, 1091, -1,
      940, 1091, 1092, -1,
      1092, 1091, 1093, -1,
      1093, 1091, 1094, -1,
      1093, 1094, 1095, -1,
      1096, 1097, 1098, -1,
      1098, 1097, 1099, -1,
      1094, 1100, 1095, -1,
      1095, 1100, 1098, -1,
      1095, 1098, 1101, -1,
      1101, 1098, 1099, -1,
      1102, 1097, 1096, -1,
      1103, 1104, 1096, -1,
      1096, 1104, 1105, -1,
      1096, 1105, 1102, -1,
      1106, 1107, 1108, -1,
      1108, 1107, 1109, -1,
      1108, 1109, 1110, -1,
      1110, 1109, 1111, -1,
      1110, 1111, 1112, -1,
      1112, 1111, 1113, -1,
      1112, 1113, 1103, -1,
      1103, 1113, 1104, -1,
      1114, 1106, 1115, -1,
      1116, 1117, 1118, -1,
      1118, 1117, 1119, -1,
      1118, 1119, 1115, -1,
      1115, 1119, 1120, -1,
      1115, 1120, 1114, -1,
      1121, 1122, 1123, -1,
      1123, 1122, 1124, -1,
      1123, 1124, 1125, -1,
      1106, 1114, 1107, -1,
      1107, 1114, 1126, -1,
      1107, 1126, 1124, -1,
      1124, 1126, 1127, -1,
      1124, 1127, 1125, -1,
      1126, 1114, 1048, -1,
      1048, 1114, 1051, -1,
      1050, 1115, 1052, -1,
      1052, 1115, 1106, -1,
      1052, 1106, 1069, -1,
      1069, 1106, 1108, -1,
      1069, 1108, 1067, -1,
      1067, 1108, 1110, -1,
      1067, 1110, 1065, -1,
      1065, 1110, 1112, -1,
      1065, 1112, 1062, -1,
      1062, 1112, 1103, -1,
      1062, 1103, 1070, -1,
      1070, 1103, 1096, -1,
      1070, 1096, 1079, -1,
      1079, 1096, 1098, -1,
      1079, 1098, 1081, -1,
      1081, 1098, 1100, -1,
      1004, 1005, 1128, -1,
      1017, 1003, 1004, -1,
      1004, 1128, 1017, -1,
      1017, 1128, 1129, -1,
      1017, 1129, 1130, -1,
      1130, 1131, 1017, -1,
      1017, 1131, 1132, -1,
      1017, 1132, 1133, -1,
      1133, 1132, 1134, -1,
      1134, 1132, 1135, -1,
      1134, 1135, 1136, -1,
      1137, 1138, 1139, -1,
      1135, 1140, 1136, -1,
      1136, 1140, 1137, -1,
      1136, 1137, 1141, -1,
      1141, 1137, 1139, -1,
      1139, 1138, 1142, -1,
      1142, 1138, 1143, -1,
      1144, 1145, 1138, -1,
      1138, 1145, 1146, -1,
      1138, 1146, 1143, -1,
      1147, 1148, 1149, -1,
      1147, 1149, 1150, -1,
      1150, 1149, 1151, -1,
      1150, 1151, 1152, -1,
      1152, 1151, 1153, -1,
      1152, 1153, 1154, -1,
      1154, 1153, 1145, -1,
      1154, 1145, 1144, -1,
      1155, 1148, 1147, -1,
      1155, 1156, 1157, -1,
      1158, 1159, 1156, -1,
      1159, 1160, 1156, -1,
      1156, 1160, 1161, -1,
      1156, 1161, 1162, -1,
      1155, 1147, 1156, -1,
      1156, 1147, 1163, -1,
      1156, 1163, 1158, -1,
      1164, 1165, 1166, -1,
      1157, 1167, 1155, -1,
      1155, 1167, 1164, -1,
      1155, 1164, 1168, -1,
      1168, 1164, 1166, -1,
      1157, 1156, 1169, -1,
      1169, 1156, 1170, -1,
      1171, 1172, 1170, -1,
      1171, 1170, 1173, -1,
      1172, 1174, 1170, -1,
      1170, 1174, 1175, -1,
      1170, 1175, 1169, -1,
      1169, 1175, 1176, -1,
      1170, 1177, 1178, -1,
      1178, 1179, 1170, -1,
      1170, 1179, 1180, -1,
      1170, 1180, 1173, -1,
      1175, 1181, 1176, -1,
      1176, 1181, 1182, -1,
      1176, 1182, 1183, -1,
      1183, 1182, 1184, -1,
      1185, 1186, 1187, -1,
      1187, 1186, 1188, -1,
      1187, 1188, 1189, -1,
      1189, 1188, 1190, -1,
      1189, 1190, 1191, -1,
      1191, 1190, 1192, -1,
      1191, 1192, 1172, -1,
      1172, 1192, 1174, -1,
      1186, 1185, 1193, -1,
      1193, 1185, 1194, -1,
      1193, 1194, 1195, -1,
      1195, 1194, 1196, -1,
      1197, 868, 1198, -1,
      1198, 868, 1199, -1,
      1198, 1199, 1200, -1,
      1200, 1199, 1201, -1,
      1200, 1201, 1202, -1,
      1202, 1201, 1203, -1,
      1202, 1203, 1204, -1,
      1197, 1205, 868, -1,
      868, 1205, 1206, -1,
      868, 1206, 1207, -1,
      1207, 888, 868, -1,
      868, 888, 887, -1,
      868, 887, 869, -1,
      1196, 1194, 1208, -1,
      1208, 1194, 1204, -1,
      1208, 1204, 1209, -1,
      1209, 1204, 1203, -1,
      1140, 1202, 1137, -1,
      1137, 1202, 1204, -1,
      1137, 1204, 1138, -1,
      1138, 1204, 1194, -1,
      1138, 1194, 1144, -1,
      1144, 1194, 1185, -1,
      1144, 1185, 1154, -1,
      1154, 1185, 1187, -1,
      1154, 1187, 1152, -1,
      1152, 1187, 1189, -1,
      1152, 1189, 1150, -1,
      1150, 1189, 1191, -1,
      1150, 1191, 1147, -1,
      1147, 1191, 1172, -1,
      1147, 1172, 1163, -1,
      1163, 1172, 1171, -1,
      1141, 1209, 1136, -1,
      1136, 1209, 1203, -1,
      1136, 1203, 1134, -1,
      1134, 1203, 1201, -1,
      1193, 1146, 1186, -1,
      1186, 1146, 1145, -1,
      1186, 1145, 1188, -1,
      1188, 1145, 1153, -1,
      1188, 1153, 1190, -1,
      1190, 1153, 1151, -1,
      1190, 1151, 1192, -1,
      1192, 1151, 1149, -1,
      1192, 1149, 1174, -1,
      1174, 1149, 1148, -1,
      1174, 1148, 1175, -1,
      1175, 1148, 1155, -1,
      1082, 1093, 1080, -1,
      1080, 1093, 1095, -1,
      1080, 1095, 1078, -1,
      1078, 1095, 1101, -1,
      1124, 1054, 1107, -1,
      1107, 1054, 1053, -1,
      1107, 1053, 1109, -1,
      1109, 1053, 1068, -1,
      1109, 1068, 1111, -1,
      1111, 1068, 1066, -1,
      1111, 1066, 1113, -1,
      1113, 1066, 1064, -1,
      1113, 1064, 1104, -1,
      1104, 1064, 1063, -1,
      1104, 1063, 1105, -1,
      1105, 1063, 1073, -1,
      1210, 1211, 1212, -1,
      1212, 1211, 1213, -1,
      1212, 1213, 1214, -1,
      1214, 1213, 1215, -1,
      1214, 1215, 1216, -1,
      1216, 1215, 1217, -1,
      1216, 1217, 1218, -1,
      1218, 1217, 1219, -1,
      1218, 1219, 1220, -1,
      1220, 1219, 1221, -1,
      1220, 1221, 1222, -1,
      1222, 1221, 1223, -1,
      1222, 1223, 920, -1,
      920, 1223, 987, -1,
      920, 987, 922, -1,
      922, 987, 989, -1,
      921, 990, 919, -1,
      919, 990, 988, -1,
      919, 988, 1224, -1,
      1224, 988, 1225, -1,
      1224, 1225, 1226, -1,
      1226, 1225, 1227, -1,
      1226, 1227, 1228, -1,
      1228, 1227, 1229, -1,
      1228, 1229, 1230, -1,
      1230, 1229, 1231, -1,
      1230, 1231, 1232, -1,
      1232, 1231, 1233, -1,
      1232, 1233, 1234, -1,
      1234, 1233, 1235, -1,
      1234, 1235, 1236, -1,
      1236, 1235, 1237, -1,
      1238, 1239, 1211, -1,
      1211, 1239, 1237, -1,
      1211, 1237, 1213, -1,
      1213, 1237, 1235, -1,
      1240, 1241, 1238, -1,
      1238, 1241, 1239, -1,
      1212, 1234, 1210, -1,
      1210, 1234, 1236, -1,
      1210, 1236, 1240, -1,
      1240, 1236, 1241, -1,
      920, 919, 1222, -1,
      1222, 919, 1224, -1,
      1222, 1224, 1220, -1,
      1220, 1224, 1226, -1,
      1220, 1226, 1218, -1,
      1218, 1226, 1228, -1,
      1218, 1228, 1216, -1,
      1216, 1228, 1230, -1,
      1216, 1230, 1214, -1,
      1214, 1230, 1232, -1,
      1214, 1232, 1212, -1,
      1212, 1232, 1234, -1,
      1213, 1235, 1233, -1,
      1213, 1233, 1215, -1,
      1215, 1233, 1231, -1,
      1215, 1231, 1217, -1,
      1217, 1231, 1229, -1,
      1217, 1229, 1219, -1,
      1219, 1229, 1227, -1,
      1219, 1227, 1221, -1,
      1221, 1227, 1225, -1,
      1221, 1225, 1223, -1,
      1223, 1225, 988, -1,
      1223, 988, 987, -1,
      1237, 1239, 1236, -1,
      1236, 1239, 1241, -1,
      1238, 1211, 1240, -1,
      1240, 1211, 1210, -1,
      861, 860, 996, -1,
      996, 860, 903, -1,
      996, 903, 994, -1,
      994, 903, 904, -1,
      994, 904, 992, -1,
      992, 904, 901, -1,
      992, 901, 981, -1,
      981, 901, 899, -1,
      981, 899, 971, -1,
      971, 899, 898, -1,
      971, 898, 984, -1,
      984, 898, 909, -1,
      850, 849, 917, -1,
      917, 849, 980, -1,
      917, 980, 918, -1,
      918, 980, 979, -1,
      918, 979, 896, -1,
      896, 979, 970, -1,
      896, 970, 895, -1,
      895, 970, 969, -1,
      895, 969, 900, -1,
      900, 969, 986, -1,
      900, 986, 912, -1,
      912, 986, 985, -1,
      1020, 878, 879, -1,
      1020, 879, 1022, -1,
      1022, 879, 872, -1,
      1022, 872, 1023, -1,
      1023, 872, 874, -1,
      1023, 874, 1024, -1,
      1024, 874, 875, -1,
      1024, 875, 1025, -1,
      1025, 875, 873, -1,
      1025, 873, 1021, -1,
      1021, 873, 877, -1,
      1021, 877, 1016, -1,
      943, 950, 955, -1,
      943, 955, 945, -1,
      945, 955, 954, -1,
      945, 954, 946, -1,
      946, 954, 956, -1,
      946, 956, 947, -1,
      947, 956, 957, -1,
      947, 957, 948, -1,
      948, 957, 958, -1,
      948, 958, 944, -1,
      944, 958, 844, -1,
      944, 844, 845, -1,
      1082, 1084, 1093, -1,
      1093, 1084, 1092, -1,
      1092, 1084, 940, -1,
      940, 1084, 951, -1,
      940, 951, 941, -1,
      951, 953, 941, -1,
      941, 953, 949, -1,
      941, 949, 942, -1,
      1105, 1073, 1074, -1,
      1078, 1101, 1071, -1,
      1071, 1101, 1099, -1,
      1071, 1099, 1072, -1,
      1072, 1099, 1097, -1,
      1072, 1097, 1074, -1,
      1074, 1097, 1102, -1,
      1074, 1102, 1105, -1,
      1201, 1199, 1134, -1,
      1134, 1199, 1133, -1,
      1133, 1199, 1017, -1,
      1017, 1199, 868, -1,
      1017, 868, 1018, -1,
      868, 870, 1018, -1,
      1018, 870, 871, -1,
      1018, 871, 1019, -1,
      1208, 1209, 1141, -1,
      1141, 1139, 1208, -1,
      1208, 1139, 1142, -1,
      1208, 1142, 1196, -1,
      1196, 1142, 1143, -1,
      1196, 1143, 1195, -1,
      1195, 1143, 1146, -1,
      1195, 1146, 1193, -1,
      993, 902, 995, -1,
      995, 902, 906, -1,
      995, 906, 997, -1,
      997, 906, 905, -1,
      997, 905, 998, -1,
      998, 905, 893, -1,
      998, 893, 973, -1,
      973, 893, 892, -1,
      973, 892, 974, -1,
      974, 892, 923, -1,
      974, 923, 989, -1,
      989, 923, 922, -1,
      1011, 848, 847, -1,
      1202, 1140, 1135, -1,
      1202, 1135, 1200, -1,
      1200, 1135, 1132, -1,
      1200, 1132, 1198, -1,
      1198, 1132, 1197, -1,
      1197, 1132, 1131, -1,
      1197, 1131, 1205, -1,
      1205, 1131, 1130, -1,
      1205, 1130, 1206, -1,
      1206, 1130, 1129, -1,
      1206, 1129, 1207, -1,
      1207, 1129, 1128, -1,
      1207, 1128, 888, -1,
      1128, 1005, 888, -1,
      888, 1005, 1000, -1,
      888, 1000, 886, -1,
      886, 1000, 999, -1,
      886, 999, 889, -1,
      889, 999, 1008, -1,
      889, 1008, 890, -1,
      1008, 1007, 890, -1,
      890, 1007, 1014, -1,
      890, 1014, 891, -1,
      1011, 847, 1012, -1,
      891, 1014, 847, -1,
      847, 1014, 1013, -1,
      847, 1013, 1012, -1,
      933, 967, 934, -1,
      934, 967, 968, -1,
      934, 968, 936, -1,
      936, 968, 961, -1,
      936, 961, 938, -1,
      938, 961, 960, -1,
      938, 960, 1087, -1,
      1087, 960, 1077, -1,
      1087, 1077, 1088, -1,
      1088, 1077, 1076, -1,
      1088, 1076, 1089, -1,
      1089, 1076, 1075, -1,
      1089, 1075, 1090, -1,
      1090, 1075, 1086, -1,
      1090, 1086, 1091, -1,
      1091, 1086, 1085, -1,
      1091, 1085, 1094, -1,
      1094, 1085, 1083, -1,
      1094, 1083, 1100, -1,
      1100, 1083, 1081, -1,
      858, 857, 962, -1,
      962, 963, 858, -1,
      858, 963, 964, -1,
      858, 964, 939, -1,
      939, 964, 965, -1,
      939, 965, 933, -1,
      933, 965, 966, -1,
      933, 966, 967, -1,
      1029, 908, 932, -1,
      1029, 932, 1039, -1,
      1039, 932, 930, -1,
      1039, 930, 1040, -1,
      1040, 930, 929, -1,
      1040, 929, 1038, -1,
      928, 1041, 929, -1,
      929, 1041, 1037, -1,
      929, 1037, 1038, -1,
      931, 910, 1027, -1,
      1027, 1045, 931, -1,
      931, 1045, 1043, -1,
      931, 1043, 928, -1,
      928, 1043, 1042, -1,
      928, 1042, 1041, -1,
      1026, 911, 1044, -1,
      1044, 911, 914, -1,
      1044, 914, 1032, -1,
      1032, 914, 1030, -1,
      1030, 914, 927, -1,
      1030, 927, 1031, -1,
      1031, 927, 1033, -1,
      1033, 927, 926, -1,
      1033, 926, 1034, -1,
      1034, 926, 925, -1,
      1034, 925, 1036, -1,
      1036, 925, 924, -1,
      1036, 924, 1035, -1,
      1035, 924, 913, -1,
      1035, 913, 1028, -1,
      1115, 1050, 1049, -1,
      1115, 1049, 1118, -1,
      1118, 1049, 1061, -1,
      1118, 1061, 1116, -1,
      1116, 1061, 1060, -1,
      1116, 1060, 1117, -1,
      1117, 1060, 1059, -1,
      1117, 1059, 1119, -1,
      1119, 1059, 1058, -1,
      1119, 1058, 1120, -1,
      1120, 1058, 1051, -1,
      1120, 1051, 1114, -1,
      1163, 1171, 1173, -1,
      1163, 1173, 1158, -1,
      1158, 1173, 1180, -1,
      1158, 1180, 1159, -1,
      1159, 1180, 1179, -1,
      1159, 1179, 1160, -1,
      1160, 1179, 1178, -1,
      1160, 1178, 1161, -1,
      1161, 1178, 1177, -1,
      1161, 1177, 1162, -1,
      1162, 1177, 1170, -1,
      1162, 1170, 1156, -1,
      829, 828, 897, -1,
      897, 828, 975, -1,
      897, 975, 916, -1,
      916, 975, 978, -1,
      916, 978, 915, -1,
      915, 978, 977, -1,
      915, 977, 907, -1,
      907, 977, 976, -1,
      907, 976, 894, -1,
      894, 976, 991, -1,
      894, 991, 921, -1,
      921, 991, 990, -1,
      1157, 1169, 1176, -1,
      1157, 1176, 1167, -1,
      1167, 1176, 1183, -1,
      1167, 1183, 1164, -1,
      1164, 1183, 1184, -1,
      1164, 1184, 1165, -1,
      1165, 1184, 1182, -1,
      1165, 1182, 1166, -1,
      1166, 1182, 1181, -1,
      1166, 1181, 1168, -1,
      1168, 1181, 1175, -1,
      1168, 1175, 1155, -1,
      1126, 1048, 1047, -1,
      1126, 1047, 1127, -1,
      1127, 1047, 1046, -1,
      1127, 1046, 1125, -1,
      1125, 1046, 1057, -1,
      1125, 1057, 1123, -1,
      1123, 1057, 1056, -1,
      1123, 1056, 1121, -1,
      1121, 1056, 1055, -1,
      1121, 1055, 1122, -1,
      1122, 1055, 1054, -1,
      1122, 1054, 1124, -1,
      1242, 1243, 1244, -1,
      1244, 1243, 1245, -1,
      1244, 1245, 1246, -1,
      1246, 1245, 1247, -1,
      1246, 1247, 1248, -1,
      1248, 1247, 1249, -1,
      1248, 1249, 1250, -1,
      1250, 1249, 1251, -1,
      1250, 1251, 1252, -1,
      1252, 1251, 1253, -1,
      1252, 1253, 1254, -1,
      1254, 1253, 1255, -1,
      1254, 1255, 1256, -1,
      1256, 1255, 1257, -1,
      1256, 1257, 1258, -1,
      1258, 1257, 1259, -1,
      1260, 1261, 1262, -1,
      1263, 1264, 1265, -1,
      1265, 1264, 1266, -1,
      1265, 1266, 1267, -1,
      1267, 1266, 1268, -1,
      1267, 1268, 1269, -1,
      1269, 1268, 1260, -1,
      1269, 1260, 1270, -1,
      1270, 1260, 1262, -1,
      1271, 1272, 1273, -1,
      1274, 1275, 1276, -1,
      1276, 1275, 1277, -1,
      1276, 1277, 1278, -1,
      1277, 1279, 1278, -1,
      1278, 1279, 1280, -1,
      1278, 1280, 1273, -1,
      1273, 1280, 1281, -1,
      1273, 1281, 1271, -1,
      1282, 1283, 1284, -1,
      1285, 1286, 1282, -1,
      1287, 1288, 1284, -1,
      1284, 1288, 1289, -1,
      1284, 1289, 1282, -1,
      1282, 1289, 1290, -1,
      1282, 1290, 1291, -1,
      1291, 1292, 1282, -1,
      1282, 1292, 1293, -1,
      1282, 1293, 1285, -1,
      1283, 1294, 1284, -1,
      1284, 1294, 1295, -1,
      1284, 1295, 1296, -1,
      1296, 1295, 1297, -1,
      1262, 1261, 1298, -1,
      1298, 1261, 1299, -1,
      1298, 1299, 1283, -1,
      1283, 1299, 1300, -1,
      1283, 1300, 1294, -1,
      1298, 1301, 1262, -1,
      1262, 1301, 1302, -1,
      1262, 1302, 1270, -1,
      1270, 1302, 1303, -1,
      1270, 1303, 1269, -1,
      1269, 1303, 1304, -1,
      1269, 1304, 1267, -1,
      1267, 1304, 1305, -1,
      1267, 1305, 1265, -1,
      1306, 1307, 1308, -1,
      1263, 1265, 1305, -1,
      1308, 1307, 1309, -1,
      1310, 1311, 1312, -1,
      1259, 1257, 1277, -1,
      1312, 1313, 1310, -1,
      1310, 1313, 1314, -1,
      1310, 1314, 1315, -1,
      1316, 1317, 1308, -1,
      1308, 1317, 1318, -1,
      1308, 1318, 1306, -1,
      1319, 1320, 1321, -1,
      1321, 1320, 1322, -1,
      1321, 1322, 1310, -1,
      1310, 1322, 1323, -1,
      1310, 1323, 1311, -1,
      1314, 1259, 1315, -1,
      1315, 1259, 1277, -1,
      1315, 1277, 1324, -1,
      1324, 1277, 1275, -1,
      1324, 1275, 1325, -1,
      1325, 1275, 1326, -1,
      1325, 1326, 1327, -1,
      1327, 1326, 1328, -1,
      1327, 1328, 1329, -1,
      1329, 1328, 1330, -1,
      1329, 1330, 1305, -1,
      1305, 1330, 1309, -1,
      1305, 1309, 1263, -1,
      1263, 1309, 1307, -1,
      1316, 1308, 1331, -1,
      1331, 1308, 1332, -1,
      1331, 1332, 1333, -1,
      1332, 1334, 1333, -1,
      1333, 1334, 1335, -1,
      1333, 1335, 1336, -1,
      1337, 1338, 1339, -1,
      1339, 1338, 1340, -1,
      1339, 1340, 1334, -1,
      1334, 1340, 1341, -1,
      1334, 1341, 1335, -1,
      1342, 1343, 1344, -1,
      1336, 1345, 1333, -1,
      1333, 1345, 1342, -1,
      1333, 1342, 1346, -1,
      1346, 1342, 1344, -1,
      1249, 1281, 1251, -1,
      1251, 1281, 1280, -1,
      1251, 1280, 1253, -1,
      1253, 1280, 1279, -1,
      1253, 1279, 1255, -1,
      1255, 1279, 1277, -1,
      1255, 1277, 1257, -1,
      1247, 1272, 1249, -1,
      1249, 1272, 1271, -1,
      1249, 1271, 1281, -1,
      1245, 1347, 1348, -1,
      1348, 1347, 1349, -1,
      1348, 1349, 1350, -1,
      1348, 1351, 1245, -1,
      1245, 1351, 1352, -1,
      1245, 1352, 1247, -1,
      1247, 1352, 1353, -1,
      1247, 1353, 1272, -1,
      1354, 1355, 1347, -1,
      1347, 1355, 1356, -1,
      1347, 1356, 1357, -1,
      1358, 1243, 1359, -1,
      1359, 1243, 1360, -1,
      1359, 1360, 1361, -1,
      1347, 1245, 1354, -1,
      1354, 1245, 1243, -1,
      1354, 1243, 1362, -1,
      1362, 1243, 1358, -1,
      1363, 1364, 1354, -1,
      1354, 1364, 1355, -1,
      1365, 1366, 1367, -1,
      1367, 1366, 1364, -1,
      1367, 1364, 1244, -1,
      1244, 1364, 1363, -1,
      1368, 1369, 1363, -1,
      1363, 1369, 1370, -1,
      1363, 1370, 1371, -1,
      1371, 1372, 1363, -1,
      1363, 1372, 1242, -1,
      1363, 1242, 1244, -1,
      1367, 1244, 1246, -1,
      1373, 1374, 1375, -1,
      1248, 1376, 1246, -1,
      1246, 1376, 1377, -1,
      1375, 1367, 1373, -1,
      1373, 1367, 1246, -1,
      1373, 1246, 1378, -1,
      1378, 1246, 1377, -1,
      1250, 1252, 1379, -1,
      1379, 1380, 1250, -1,
      1250, 1380, 1381, -1,
      1250, 1381, 1248, -1,
      1248, 1381, 1382, -1,
      1248, 1382, 1376, -1,
      1256, 1276, 1254, -1,
      1254, 1276, 1278, -1,
      1254, 1278, 1252, -1,
      1252, 1278, 1273, -1,
      1252, 1273, 1379, -1,
      1383, 1384, 1266, -1,
      1385, 1386, 1387, -1,
      1388, 1389, 1386, -1,
      1386, 1389, 1390, -1,
      1386, 1390, 1387, -1,
      1274, 1276, 1256, -1,
      1391, 1392, 1393, -1,
      1394, 1395, 1396, -1,
      1396, 1395, 1397, -1,
      1396, 1397, 1386, -1,
      1386, 1397, 1398, -1,
      1386, 1398, 1388, -1,
      1399, 1400, 1401, -1,
      1401, 1400, 1402, -1,
      1401, 1402, 1403, -1,
      1393, 1404, 1391, -1,
      1391, 1404, 1405, -1,
      1391, 1405, 1401, -1,
      1401, 1405, 1406, -1,
      1401, 1406, 1399, -1,
      1402, 1274, 1403, -1,
      1403, 1274, 1256, -1,
      1403, 1256, 1407, -1,
      1407, 1256, 1258, -1,
      1407, 1258, 1408, -1,
      1408, 1258, 1409, -1,
      1408, 1409, 1410, -1,
      1410, 1409, 1411, -1,
      1410, 1411, 1264, -1,
      1264, 1411, 1412, -1,
      1264, 1412, 1266, -1,
      1266, 1412, 1385, -1,
      1266, 1385, 1383, -1,
      1383, 1385, 1387, -1,
      1413, 1414, 1415, -1,
      1266, 1384, 1268, -1,
      1268, 1384, 1416, -1,
      1268, 1416, 1260, -1,
      1260, 1416, 1417, -1,
      1418, 1419, 1417, -1,
      1417, 1419, 1420, -1,
      1417, 1420, 1260, -1,
      1421, 1422, 1418, -1,
      1418, 1422, 1423, -1,
      1418, 1423, 1419, -1,
      1424, 1415, 1421, -1,
      1421, 1415, 1425, -1,
      1425, 1426, 1421, -1,
      1421, 1426, 1427, -1,
      1421, 1427, 1422, -1,
      1424, 1428, 1415, -1,
      1415, 1428, 1429, -1,
      1415, 1429, 1413, -1,
      1430, 1429, 1431, -1,
      1431, 1429, 1432, -1,
      1429, 1428, 1432, -1,
      1432, 1428, 1433, -1,
      1432, 1433, 1434, -1,
      1434, 1433, 1435, -1,
      1436, 1437, 1438, -1,
      1436, 1438, 1433, -1,
      1433, 1438, 1439, -1,
      1433, 1439, 1435, -1,
      1290, 1289, 1434, -1,
      1434, 1289, 1432, -1,
      1383, 1329, 1384, -1,
      1384, 1329, 1305, -1,
      1384, 1305, 1416, -1,
      1416, 1305, 1304, -1,
      1416, 1304, 1417, -1,
      1417, 1304, 1303, -1,
      1417, 1303, 1418, -1,
      1418, 1303, 1302, -1,
      1418, 1302, 1421, -1,
      1421, 1302, 1301, -1,
      1421, 1301, 1424, -1,
      1424, 1301, 1298, -1,
      1424, 1298, 1428, -1,
      1428, 1298, 1283, -1,
      1428, 1283, 1433, -1,
      1433, 1283, 1282, -1,
      1440, 1441, 1335, -1,
      1335, 1441, 1336, -1,
      1391, 1331, 1392, -1,
      1392, 1331, 1333, -1,
      1392, 1333, 1442, -1,
      1332, 1404, 1334, -1,
      1334, 1404, 1393, -1,
      1334, 1393, 1443, -1,
      1444, 1442, 1445, -1,
      1445, 1442, 1446, -1,
      1445, 1446, 1447, -1,
      1448, 1449, 1443, -1,
      1444, 1450, 1442, -1,
      1442, 1450, 1451, -1,
      1442, 1451, 1452, -1,
      1448, 1443, 1453, -1,
      1449, 1454, 1443, -1,
      1443, 1454, 1455, -1,
      1443, 1455, 1456, -1,
      1456, 1455, 1457, -1,
      1452, 1458, 1442, -1,
      1442, 1458, 1441, -1,
      1442, 1441, 1392, -1,
      1392, 1441, 1393, -1,
      1393, 1441, 1440, -1,
      1393, 1440, 1443, -1,
      1443, 1440, 1459, -1,
      1443, 1459, 1453, -1,
      1460, 1461, 1462, -1,
      1460, 1462, 1463, -1,
      1461, 1464, 1462, -1,
      1462, 1464, 1465, -1,
      1462, 1465, 1466, -1,
      1462, 1467, 1468, -1,
      1468, 1469, 1462, -1,
      1462, 1469, 1470, -1,
      1462, 1470, 1463, -1,
      1471, 1465, 1472, -1,
      1472, 1465, 1473, -1,
      1471, 1474, 1465, -1,
      1465, 1474, 1475, -1,
      1465, 1475, 1466, -1,
      1464, 1461, 1476, -1,
      1464, 1476, 1477, -1,
      1477, 1476, 1478, -1,
      1477, 1478, 1479, -1,
      1479, 1478, 1480, -1,
      1479, 1480, 1481, -1,
      1481, 1480, 1482, -1,
      1481, 1482, 1483, -1,
      1484, 1485, 1486, -1,
      1486, 1485, 1487, -1,
      1483, 1482, 1485, -1,
      1485, 1482, 1488, -1,
      1485, 1488, 1487, -1,
      1485, 1484, 1489, -1,
      1489, 1484, 1490, -1,
      1489, 1490, 1491, -1,
      1492, 1493, 1365, -1,
      1365, 1367, 1375, -1,
      1492, 1365, 1494, -1,
      1494, 1365, 1375, -1,
      1494, 1375, 1374, -1,
      1493, 1495, 1365, -1,
      1365, 1495, 1496, -1,
      1365, 1496, 1497, -1,
      1497, 1496, 1498, -1,
      1498, 1496, 1499, -1,
      1498, 1499, 1491, -1,
      1491, 1499, 1500, -1,
      1491, 1500, 1489, -1,
      1501, 1357, 1502, -1,
      1502, 1357, 1503, -1,
      1502, 1503, 1504, -1,
      1504, 1503, 1505, -1,
      1504, 1505, 1506, -1,
      1506, 1505, 1507, -1,
      1506, 1507, 1508, -1,
      1501, 1509, 1357, -1,
      1357, 1509, 1510, -1,
      1357, 1510, 1511, -1,
      1511, 1350, 1357, -1,
      1357, 1350, 1349, -1,
      1357, 1349, 1347, -1,
      1512, 1513, 1514, -1,
      1514, 1513, 1508, -1,
      1514, 1508, 1515, -1,
      1515, 1508, 1507, -1,
      1516, 1517, 1518, -1,
      1518, 1517, 1513, -1,
      1518, 1513, 1519, -1,
      1519, 1513, 1512, -1,
      1517, 1516, 1520, -1,
      1520, 1516, 1521, -1,
      1520, 1521, 1522, -1,
      1522, 1521, 1523, -1,
      1522, 1523, 1524, -1,
      1524, 1523, 1525, -1,
      1524, 1525, 1526, -1,
      1526, 1525, 1527, -1,
      1528, 1526, 1527, -1,
      1528, 1527, 1529, -1,
      1529, 1527, 1530, -1,
      1529, 1530, 1531, -1,
      1532, 1533, 1534, -1,
      1534, 1533, 1529, -1,
      1534, 1529, 1535, -1,
      1535, 1529, 1531, -1,
      1536, 1537, 1538, -1,
      1538, 1537, 1539, -1,
      1529, 1540, 1528, -1,
      1528, 1540, 1539, -1,
      1528, 1539, 1541, -1,
      1541, 1539, 1537, -1,
      1540, 1529, 1466, -1,
      1466, 1529, 1462, -1,
      1500, 1506, 1489, -1,
      1489, 1506, 1508, -1,
      1489, 1508, 1485, -1,
      1485, 1508, 1513, -1,
      1485, 1513, 1483, -1,
      1483, 1513, 1517, -1,
      1483, 1517, 1481, -1,
      1481, 1517, 1520, -1,
      1481, 1520, 1479, -1,
      1479, 1520, 1522, -1,
      1479, 1522, 1477, -1,
      1477, 1522, 1524, -1,
      1477, 1524, 1464, -1,
      1464, 1524, 1526, -1,
      1464, 1526, 1465, -1,
      1465, 1526, 1528, -1,
      1542, 1543, 1430, -1,
      1430, 1543, 1544, -1,
      1544, 1414, 1430, -1,
      1430, 1414, 1413, -1,
      1430, 1413, 1429, -1,
      1545, 1546, 1547, -1,
      1547, 1546, 1548, -1,
      1547, 1548, 1549, -1,
      1549, 1548, 1550, -1,
      1549, 1550, 1551, -1,
      1551, 1550, 1552, -1,
      1551, 1552, 1553, -1,
      1553, 1552, 1554, -1,
      1553, 1554, 1430, -1,
      1430, 1554, 1555, -1,
      1430, 1555, 1542, -1,
      1546, 1545, 1556, -1,
      1557, 1558, 1559, -1,
      1559, 1558, 1546, -1,
      1559, 1546, 1560, -1,
      1560, 1546, 1556, -1,
      1558, 1557, 1561, -1,
      1558, 1561, 1562, -1,
      1562, 1561, 1563, -1,
      1562, 1563, 1564, -1,
      1564, 1563, 1565, -1,
      1564, 1565, 1566, -1,
      1566, 1565, 1567, -1,
      1566, 1567, 1568, -1,
      1569, 1570, 1571, -1,
      1572, 1573, 1574, -1,
      1575, 1576, 1577, -1,
      1577, 1576, 1568, -1,
      1577, 1568, 1570, -1,
      1570, 1568, 1567, -1,
      1570, 1567, 1571, -1,
      1578, 1579, 1580, -1,
      1569, 1571, 1574, -1,
      1574, 1571, 1581, -1,
      1574, 1581, 1572, -1,
      1578, 1580, 1577, -1,
      1577, 1580, 1582, -1,
      1577, 1582, 1575, -1,
      1577, 1570, 1583, -1,
      1583, 1570, 1584, -1,
      1585, 1586, 1587, -1,
      1587, 1586, 1588, -1,
      1587, 1588, 1583, -1,
      1583, 1588, 1589, -1,
      1583, 1589, 1590, -1,
      1591, 1592, 1593, -1,
      1593, 1592, 1594, -1,
      1583, 1584, 1587, -1,
      1587, 1584, 1594, -1,
      1587, 1594, 1595, -1,
      1595, 1594, 1592, -1,
      1596, 1597, 1590, -1,
      1590, 1597, 1598, -1,
      1590, 1598, 1583, -1,
      1586, 1585, 1599, -1,
      1599, 1585, 1600, -1,
      1599, 1600, 1601, -1,
      1601, 1600, 1602, -1,
      1601, 1602, 1603, -1,
      1603, 1602, 1604, -1,
      1603, 1604, 1605, -1,
      1605, 1604, 1606, -1,
      1607, 1608, 1609, -1,
      1605, 1606, 1609, -1,
      1609, 1606, 1610, -1,
      1609, 1610, 1607, -1,
      1611, 1609, 1608, -1,
      1608, 1612, 1611, -1,
      1611, 1612, 1613, -1,
      1611, 1613, 1614, -1,
      1615, 1616, 1287, -1,
      1287, 1284, 1296, -1,
      1615, 1287, 1617, -1,
      1617, 1287, 1296, -1,
      1617, 1296, 1297, -1,
      1616, 1618, 1287, -1,
      1287, 1618, 1619, -1,
      1287, 1619, 1620, -1,
      1620, 1619, 1621, -1,
      1621, 1619, 1622, -1,
      1621, 1622, 1614, -1,
      1614, 1622, 1623, -1,
      1614, 1623, 1611, -1,
      1576, 1588, 1568, -1,
      1568, 1588, 1586, -1,
      1568, 1586, 1566, -1,
      1566, 1586, 1599, -1,
      1566, 1599, 1564, -1,
      1564, 1599, 1601, -1,
      1564, 1601, 1562, -1,
      1562, 1601, 1603, -1,
      1562, 1603, 1558, -1,
      1558, 1603, 1605, -1,
      1558, 1605, 1546, -1,
      1546, 1605, 1609, -1,
      1546, 1609, 1548, -1,
      1548, 1609, 1611, -1,
      1548, 1611, 1550, -1,
      1550, 1611, 1623, -1,
      1551, 1621, 1549, -1,
      1549, 1621, 1614, -1,
      1549, 1614, 1547, -1,
      1547, 1614, 1613, -1,
      1587, 1571, 1585, -1,
      1585, 1571, 1567, -1,
      1585, 1567, 1600, -1,
      1600, 1567, 1565, -1,
      1600, 1565, 1602, -1,
      1602, 1565, 1563, -1,
      1602, 1563, 1604, -1,
      1604, 1563, 1561, -1,
      1604, 1561, 1606, -1,
      1606, 1561, 1557, -1,
      1606, 1557, 1610, -1,
      1610, 1557, 1559, -1,
      1490, 1515, 1491, -1,
      1491, 1515, 1507, -1,
      1491, 1507, 1498, -1,
      1498, 1507, 1505, -1,
      1518, 1488, 1516, -1,
      1516, 1488, 1482, -1,
      1516, 1482, 1521, -1,
      1521, 1482, 1480, -1,
      1521, 1480, 1523, -1,
      1523, 1480, 1478, -1,
      1523, 1478, 1525, -1,
      1525, 1478, 1476, -1,
      1525, 1476, 1527, -1,
      1527, 1476, 1461, -1,
      1527, 1461, 1530, -1,
      1530, 1461, 1460, -1,
      1321, 1397, 1319, -1,
      1319, 1397, 1395, -1,
      1319, 1395, 1624, -1,
      1624, 1395, 1625, -1,
      1624, 1625, 1626, -1,
      1626, 1625, 1627, -1,
      1626, 1627, 1628, -1,
      1628, 1627, 1629, -1,
      1628, 1629, 1630, -1,
      1630, 1629, 1631, -1,
      1630, 1631, 1632, -1,
      1632, 1631, 1633, -1,
      1632, 1633, 1634, -1,
      1634, 1633, 1635, -1,
      1634, 1635, 1636, -1,
      1636, 1635, 1637, -1,
      1638, 1639, 1640, -1,
      1640, 1639, 1641, -1,
      1640, 1641, 1642, -1,
      1642, 1641, 1643, -1,
      1642, 1643, 1644, -1,
      1644, 1643, 1645, -1,
      1644, 1645, 1646, -1,
      1646, 1645, 1647, -1,
      1646, 1647, 1648, -1,
      1648, 1647, 1649, -1,
      1648, 1649, 1650, -1,
      1650, 1649, 1651, -1,
      1650, 1651, 1320, -1,
      1320, 1651, 1394, -1,
      1320, 1394, 1322, -1,
      1322, 1394, 1396, -1,
      1635, 1641, 1637, -1,
      1637, 1641, 1639, -1,
      1637, 1639, 1652, -1,
      1652, 1639, 1653, -1,
      1654, 1655, 1653, -1,
      1653, 1655, 1652, -1,
      1655, 1654, 1636, -1,
      1636, 1654, 1638, -1,
      1636, 1638, 1634, -1,
      1634, 1638, 1640, -1,
      1634, 1640, 1632, -1,
      1632, 1640, 1642, -1,
      1632, 1642, 1630, -1,
      1630, 1642, 1644, -1,
      1630, 1644, 1628, -1,
      1628, 1644, 1646, -1,
      1628, 1646, 1626, -1,
      1626, 1646, 1648, -1,
      1626, 1648, 1624, -1,
      1624, 1648, 1650, -1,
      1624, 1650, 1319, -1,
      1319, 1650, 1320, -1,
      1395, 1394, 1651, -1,
      1395, 1651, 1625, -1,
      1625, 1651, 1649, -1,
      1625, 1649, 1627, -1,
      1627, 1649, 1647, -1,
      1627, 1647, 1629, -1,
      1629, 1647, 1645, -1,
      1629, 1645, 1631, -1,
      1631, 1645, 1643, -1,
      1631, 1643, 1633, -1,
      1633, 1643, 1641, -1,
      1633, 1641, 1635, -1,
      1653, 1639, 1654, -1,
      1654, 1639, 1638, -1,
      1637, 1652, 1636, -1,
      1636, 1652, 1655, -1,
      1404, 1332, 1405, -1,
      1405, 1332, 1308, -1,
      1405, 1308, 1406, -1,
      1406, 1308, 1309, -1,
      1406, 1309, 1399, -1,
      1399, 1309, 1330, -1,
      1399, 1330, 1400, -1,
      1400, 1330, 1328, -1,
      1400, 1328, 1402, -1,
      1402, 1328, 1326, -1,
      1402, 1326, 1274, -1,
      1274, 1326, 1275, -1,
      1331, 1391, 1316, -1,
      1316, 1391, 1401, -1,
      1316, 1401, 1317, -1,
      1317, 1401, 1403, -1,
      1317, 1403, 1318, -1,
      1318, 1403, 1407, -1,
      1318, 1407, 1306, -1,
      1306, 1407, 1408, -1,
      1306, 1408, 1307, -1,
      1307, 1408, 1410, -1,
      1307, 1410, 1263, -1,
      1263, 1410, 1264, -1,
      1433, 1282, 1286, -1,
      1433, 1286, 1436, -1,
      1436, 1286, 1285, -1,
      1436, 1285, 1437, -1,
      1437, 1285, 1293, -1,
      1437, 1293, 1438, -1,
      1438, 1293, 1292, -1,
      1438, 1292, 1439, -1,
      1439, 1292, 1291, -1,
      1439, 1291, 1435, -1,
      1435, 1291, 1290, -1,
      1435, 1290, 1434, -1,
      1243, 1242, 1372, -1,
      1243, 1372, 1360, -1,
      1360, 1372, 1371, -1,
      1360, 1371, 1361, -1,
      1361, 1371, 1370, -1,
      1361, 1370, 1359, -1,
      1359, 1370, 1369, -1,
      1359, 1369, 1358, -1,
      1358, 1369, 1368, -1,
      1358, 1368, 1362, -1,
      1362, 1368, 1363, -1,
      1362, 1363, 1354, -1,
      1355, 1364, 1366, -1,
      1503, 1357, 1365, -1,
      1365, 1357, 1366, -1,
      1366, 1357, 1356, -1,
      1366, 1356, 1355, -1,
      1365, 1497, 1503, -1,
      1503, 1497, 1498, -1,
      1503, 1498, 1505, -1,
      1514, 1515, 1490, -1,
      1490, 1484, 1514, -1,
      1514, 1484, 1486, -1,
      1514, 1486, 1512, -1,
      1512, 1486, 1487, -1,
      1512, 1487, 1519, -1,
      1519, 1487, 1488, -1,
      1519, 1488, 1518, -1,
      1289, 1288, 1432, -1,
      1432, 1288, 1431, -1,
      1431, 1288, 1430, -1,
      1430, 1288, 1287, -1,
      1430, 1287, 1553, -1,
      1287, 1620, 1553, -1,
      1553, 1620, 1621, -1,
      1553, 1621, 1551, -1,
      1547, 1613, 1545, -1,
      1545, 1613, 1612, -1,
      1545, 1612, 1556, -1,
      1556, 1612, 1608, -1,
      1556, 1608, 1560, -1,
      1608, 1607, 1560, -1,
      1560, 1607, 1610, -1,
      1560, 1610, 1559, -1,
      1397, 1321, 1398, -1,
      1398, 1321, 1310, -1,
      1398, 1310, 1388, -1,
      1388, 1310, 1315, -1,
      1388, 1315, 1389, -1,
      1389, 1315, 1324, -1,
      1389, 1324, 1390, -1,
      1390, 1324, 1325, -1,
      1390, 1325, 1387, -1,
      1387, 1325, 1327, -1,
      1387, 1327, 1383, -1,
      1383, 1327, 1329, -1,
      1261, 1260, 1420, -1,
      1420, 1419, 1261, -1,
      1261, 1419, 1423, -1,
      1261, 1423, 1299, -1,
      1299, 1423, 1422, -1,
      1299, 1422, 1300, -1,
      1422, 1427, 1300, -1,
      1300, 1427, 1426, -1,
      1300, 1426, 1294, -1,
      1294, 1426, 1425, -1,
      1294, 1425, 1295, -1,
      1295, 1425, 1415, -1,
      1295, 1415, 1297, -1,
      1297, 1415, 1414, -1,
      1297, 1414, 1617, -1,
      1617, 1414, 1544, -1,
      1617, 1544, 1615, -1,
      1615, 1544, 1543, -1,
      1615, 1543, 1616, -1,
      1616, 1543, 1542, -1,
      1616, 1542, 1618, -1,
      1618, 1542, 1555, -1,
      1618, 1555, 1619, -1,
      1619, 1555, 1554, -1,
      1619, 1554, 1622, -1,
      1622, 1554, 1552, -1,
      1622, 1552, 1623, -1,
      1623, 1552, 1550, -1,
      1379, 1273, 1272, -1,
      1373, 1378, 1348, -1,
      1348, 1378, 1351, -1,
      1351, 1378, 1377, -1,
      1351, 1377, 1352, -1,
      1377, 1376, 1352, -1,
      1352, 1376, 1382, -1,
      1352, 1382, 1353, -1,
      1379, 1272, 1380, -1,
      1353, 1382, 1272, -1,
      1272, 1382, 1381, -1,
      1272, 1381, 1380, -1,
      1373, 1348, 1374, -1,
      1374, 1348, 1350, -1,
      1374, 1350, 1494, -1,
      1494, 1350, 1511, -1,
      1494, 1511, 1492, -1,
      1492, 1511, 1510, -1,
      1492, 1510, 1493, -1,
      1493, 1510, 1509, -1,
      1493, 1509, 1495, -1,
      1495, 1509, 1501, -1,
      1495, 1501, 1496, -1,
      1501, 1502, 1496, -1,
      1496, 1502, 1504, -1,
      1496, 1504, 1499, -1,
      1499, 1504, 1506, -1,
      1499, 1506, 1500, -1,
      1440, 1335, 1459, -1,
      1459, 1335, 1341, -1,
      1459, 1341, 1453, -1,
      1453, 1341, 1448, -1,
      1448, 1341, 1340, -1,
      1448, 1340, 1449, -1,
      1449, 1340, 1454, -1,
      1454, 1340, 1338, -1,
      1454, 1338, 1455, -1,
      1455, 1338, 1337, -1,
      1455, 1337, 1457, -1,
      1457, 1337, 1339, -1,
      1457, 1339, 1456, -1,
      1456, 1339, 1334, -1,
      1456, 1334, 1443, -1,
      1442, 1333, 1346, -1,
      1442, 1346, 1446, -1,
      1446, 1346, 1344, -1,
      1446, 1344, 1447, -1,
      1447, 1344, 1343, -1,
      1447, 1343, 1445, -1,
      1342, 1450, 1343, -1,
      1343, 1450, 1444, -1,
      1343, 1444, 1445, -1,
      1345, 1336, 1441, -1,
      1441, 1458, 1345, -1,
      1345, 1458, 1452, -1,
      1345, 1452, 1342, -1,
      1342, 1452, 1451, -1,
      1342, 1451, 1450, -1,
      1540, 1466, 1475, -1,
      1540, 1475, 1539, -1,
      1539, 1475, 1474, -1,
      1539, 1474, 1538, -1,
      1538, 1474, 1471, -1,
      1538, 1471, 1536, -1,
      1536, 1471, 1472, -1,
      1536, 1472, 1537, -1,
      1537, 1472, 1473, -1,
      1537, 1473, 1541, -1,
      1541, 1473, 1465, -1,
      1541, 1465, 1528, -1,
      1577, 1583, 1598, -1,
      1577, 1598, 1578, -1,
      1578, 1598, 1597, -1,
      1578, 1597, 1579, -1,
      1579, 1597, 1596, -1,
      1579, 1596, 1580, -1,
      1580, 1596, 1590, -1,
      1580, 1590, 1582, -1,
      1582, 1590, 1589, -1,
      1582, 1589, 1575, -1,
      1575, 1589, 1588, -1,
      1575, 1588, 1576, -1,
      1322, 1396, 1323, -1,
      1323, 1396, 1386, -1,
      1323, 1386, 1311, -1,
      1311, 1386, 1385, -1,
      1311, 1385, 1312, -1,
      1312, 1385, 1412, -1,
      1312, 1412, 1313, -1,
      1313, 1412, 1411, -1,
      1313, 1411, 1314, -1,
      1314, 1411, 1409, -1,
      1314, 1409, 1259, -1,
      1259, 1409, 1258, -1,
      1571, 1587, 1595, -1,
      1571, 1595, 1581, -1,
      1581, 1595, 1592, -1,
      1581, 1592, 1572, -1,
      1572, 1592, 1591, -1,
      1572, 1591, 1573, -1,
      1573, 1591, 1593, -1,
      1573, 1593, 1574, -1,
      1574, 1593, 1594, -1,
      1574, 1594, 1569, -1,
      1569, 1594, 1584, -1,
      1569, 1584, 1570, -1,
      1530, 1460, 1463, -1,
      1530, 1463, 1531, -1,
      1531, 1463, 1470, -1,
      1531, 1470, 1535, -1,
      1535, 1470, 1469, -1,
      1535, 1469, 1534, -1,
      1534, 1469, 1468, -1,
      1534, 1468, 1532, -1,
      1532, 1468, 1467, -1,
      1532, 1467, 1533, -1,
      1533, 1467, 1462, -1,
      1533, 1462, 1529, -1,
      1656, 1657, 1658, -1,
      1658, 1657, 1659, -1,
      1658, 1659, 1660, -1,
      1660, 1659, 1661, -1,
      1660, 1661, 1662, -1,
      1662, 1661, 1663, -1,
      1662, 1663, 1664, -1,
      1664, 1663, 1665, -1,
      1664, 1665, 1666, -1,
      1666, 1665, 1667, -1,
      1666, 1667, 1668, -1,
      1668, 1667, 1669, -1,
      1668, 1669, 1670, -1,
      1670, 1669, 1671, -1,
      1670, 1671, 1672, -1,
      1672, 1671, 1673, -1,
      1674, 1675, 1676, -1,
      1677, 1678, 1679, -1,
      1679, 1678, 1680, -1,
      1679, 1680, 1681, -1,
      1681, 1680, 1682, -1,
      1681, 1682, 1683, -1,
      1683, 1682, 1674, -1,
      1683, 1674, 1684, -1,
      1684, 1674, 1676, -1,
      1685, 1686, 1687, -1,
      1688, 1689, 1690, -1,
      1690, 1689, 1691, -1,
      1690, 1691, 1692, -1,
      1691, 1693, 1692, -1,
      1692, 1693, 1694, -1,
      1692, 1694, 1687, -1,
      1687, 1694, 1695, -1,
      1687, 1695, 1685, -1,
      1696, 1697, 1698, -1,
      1699, 1700, 1696, -1,
      1701, 1702, 1698, -1,
      1698, 1702, 1703, -1,
      1698, 1703, 1696, -1,
      1696, 1703, 1704, -1,
      1696, 1704, 1705, -1,
      1705, 1706, 1696, -1,
      1696, 1706, 1707, -1,
      1696, 1707, 1699, -1,
      1697, 1708, 1698, -1,
      1698, 1708, 1709, -1,
      1698, 1709, 1710, -1,
      1710, 1709, 1711, -1,
      1676, 1675, 1712, -1,
      1712, 1675, 1713, -1,
      1712, 1713, 1697, -1,
      1697, 1713, 1714, -1,
      1697, 1714, 1708, -1,
      1712, 1715, 1676, -1,
      1676, 1715, 1716, -1,
      1676, 1716, 1684, -1,
      1684, 1716, 1717, -1,
      1684, 1717, 1683, -1,
      1683, 1717, 1718, -1,
      1683, 1718, 1681, -1,
      1681, 1718, 1719, -1,
      1681, 1719, 1679, -1,
      1720, 1721, 1722, -1,
      1722, 1721, 1719, -1,
      1723, 1724, 1725, -1,
      1673, 1671, 1691, -1,
      1726, 1721, 1727, -1,
      1727, 1728, 1726, -1,
      1726, 1728, 1729, -1,
      1726, 1729, 1730, -1,
      1725, 1731, 1723, -1,
      1723, 1731, 1732, -1,
      1723, 1732, 1733, -1,
      1734, 1719, 1735, -1,
      1735, 1719, 1721, -1,
      1735, 1721, 1736, -1,
      1736, 1721, 1726, -1,
      1734, 1737, 1719, -1,
      1719, 1737, 1677, -1,
      1719, 1677, 1679, -1,
      1738, 1739, 1740, -1,
      1740, 1739, 1741, -1,
      1740, 1741, 1723, -1,
      1723, 1741, 1742, -1,
      1723, 1742, 1724, -1,
      1743, 1744, 1745, -1,
      1732, 1673, 1733, -1,
      1733, 1673, 1691, -1,
      1733, 1691, 1746, -1,
      1746, 1691, 1689, -1,
      1746, 1689, 1747, -1,
      1747, 1689, 1748, -1,
      1747, 1748, 1720, -1,
      1720, 1748, 1749, -1,
      1720, 1749, 1721, -1,
      1745, 1744, 1729, -1,
      1750, 1751, 1752, -1,
      1743, 1745, 1752, -1,
      1752, 1745, 1753, -1,
      1752, 1753, 1750, -1,
      1729, 1744, 1730, -1,
      1730, 1744, 1754, -1,
      1730, 1754, 1755, -1,
      1755, 1754, 1756, -1,
      1755, 1756, 1757, -1,
      1757, 1758, 1755, -1,
      1755, 1758, 1759, -1,
      1755, 1759, 1760, -1,
      1663, 1695, 1665, -1,
      1665, 1695, 1694, -1,
      1665, 1694, 1667, -1,
      1667, 1694, 1693, -1,
      1667, 1693, 1669, -1,
      1669, 1693, 1691, -1,
      1669, 1691, 1671, -1,
      1661, 1686, 1663, -1,
      1663, 1686, 1685, -1,
      1663, 1685, 1695, -1,
      1659, 1761, 1762, -1,
      1762, 1761, 1763, -1,
      1762, 1763, 1764, -1,
      1762, 1765, 1659, -1,
      1659, 1765, 1766, -1,
      1659, 1766, 1661, -1,
      1661, 1766, 1767, -1,
      1661, 1767, 1686, -1,
      1768, 1769, 1761, -1,
      1761, 1769, 1770, -1,
      1761, 1770, 1771, -1,
      1772, 1657, 1773, -1,
      1773, 1657, 1774, -1,
      1773, 1774, 1775, -1,
      1761, 1659, 1768, -1,
      1768, 1659, 1657, -1,
      1768, 1657, 1776, -1,
      1776, 1657, 1772, -1,
      1777, 1778, 1768, -1,
      1768, 1778, 1769, -1,
      1779, 1780, 1781, -1,
      1781, 1780, 1778, -1,
      1781, 1778, 1658, -1,
      1658, 1778, 1777, -1,
      1782, 1783, 1777, -1,
      1777, 1783, 1784, -1,
      1777, 1784, 1785, -1,
      1785, 1786, 1777, -1,
      1777, 1786, 1656, -1,
      1777, 1656, 1658, -1,
      1781, 1658, 1660, -1,
      1787, 1788, 1789, -1,
      1662, 1790, 1660, -1,
      1660, 1790, 1791, -1,
      1789, 1781, 1787, -1,
      1787, 1781, 1660, -1,
      1787, 1660, 1792, -1,
      1792, 1660, 1791, -1,
      1664, 1666, 1793, -1,
      1793, 1794, 1664, -1,
      1664, 1794, 1795, -1,
      1664, 1795, 1662, -1,
      1662, 1795, 1796, -1,
      1662, 1796, 1790, -1,
      1670, 1690, 1668, -1,
      1668, 1690, 1692, -1,
      1668, 1692, 1666, -1,
      1666, 1692, 1687, -1,
      1666, 1687, 1793, -1,
      1797, 1798, 1799, -1,
      1800, 1801, 1680, -1,
      1688, 1690, 1670, -1,
      1802, 1803, 1804, -1,
      1798, 1805, 1799, -1,
      1799, 1805, 1806, -1,
      1799, 1806, 1807, -1,
      1808, 1809, 1810, -1,
      1810, 1809, 1811, -1,
      1810, 1811, 1803, -1,
      1803, 1811, 1812, -1,
      1803, 1812, 1813, -1,
      1813, 1814, 1803, -1,
      1803, 1814, 1815, -1,
      1803, 1815, 1804, -1,
      1816, 1817, 1818, -1,
      1818, 1817, 1819, -1,
      1818, 1819, 1799, -1,
      1799, 1819, 1820, -1,
      1799, 1820, 1797, -1,
      1804, 1800, 1802, -1,
      1802, 1800, 1680, -1,
      1802, 1680, 1821, -1,
      1821, 1680, 1678, -1,
      1821, 1678, 1822, -1,
      1822, 1678, 1823, -1,
      1822, 1823, 1824, -1,
      1824, 1823, 1825, -1,
      1824, 1825, 1672, -1,
      1672, 1825, 1826, -1,
      1672, 1826, 1670, -1,
      1670, 1826, 1807, -1,
      1670, 1807, 1688, -1,
      1688, 1807, 1806, -1,
      1827, 1828, 1829, -1,
      1680, 1801, 1682, -1,
      1682, 1801, 1830, -1,
      1682, 1830, 1674, -1,
      1674, 1830, 1831, -1,
      1832, 1833, 1831, -1,
      1831, 1833, 1834, -1,
      1831, 1834, 1674, -1,
      1835, 1836, 1832, -1,
      1832, 1836, 1837, -1,
      1832, 1837, 1833, -1,
      1838, 1829, 1835, -1,
      1835, 1829, 1839, -1,
      1839, 1840, 1835, -1,
      1835, 1840, 1841, -1,
      1835, 1841, 1836, -1,
      1838, 1842, 1829, -1,
      1829, 1842, 1843, -1,
      1829, 1843, 1827, -1,
      1844, 1843, 1845, -1,
      1845, 1843, 1846, -1,
      1843, 1842, 1846, -1,
      1846, 1842, 1847, -1,
      1846, 1847, 1848, -1,
      1848, 1847, 1849, -1,
      1850, 1851, 1852, -1,
      1850, 1852, 1847, -1,
      1847, 1852, 1853, -1,
      1847, 1853, 1849, -1,
      1704, 1703, 1848, -1,
      1848, 1703, 1846, -1,
      1800, 1722, 1801, -1,
      1801, 1722, 1719, -1,
      1801, 1719, 1830, -1,
      1830, 1719, 1718, -1,
      1830, 1718, 1831, -1,
      1831, 1718, 1717, -1,
      1831, 1717, 1832, -1,
      1832, 1717, 1716, -1,
      1832, 1716, 1835, -1,
      1835, 1716, 1715, -1,
      1835, 1715, 1838, -1,
      1838, 1715, 1712, -1,
      1838, 1712, 1842, -1,
      1842, 1712, 1697, -1,
      1842, 1697, 1847, -1,
      1847, 1697, 1696, -1,
      1854, 1855, 1744, -1,
      1744, 1855, 1754, -1,
      1818, 1730, 1816, -1,
      1816, 1730, 1755, -1,
      1816, 1755, 1856, -1,
      1729, 1819, 1745, -1,
      1745, 1819, 1817, -1,
      1745, 1817, 1857, -1,
      1858, 1856, 1859, -1,
      1859, 1856, 1860, -1,
      1859, 1860, 1861, -1,
      1862, 1863, 1857, -1,
      1858, 1864, 1856, -1,
      1856, 1864, 1865, -1,
      1856, 1865, 1866, -1,
      1862, 1857, 1867, -1,
      1863, 1868, 1857, -1,
      1857, 1868, 1869, -1,
      1857, 1869, 1870, -1,
      1870, 1869, 1871, -1,
      1866, 1872, 1856, -1,
      1856, 1872, 1855, -1,
      1856, 1855, 1816, -1,
      1816, 1855, 1817, -1,
      1817, 1855, 1854, -1,
      1817, 1854, 1857, -1,
      1857, 1854, 1873, -1,
      1857, 1873, 1867, -1,
      1874, 1875, 1876, -1,
      1876, 1877, 1878, -1,
      1878, 1879, 1876, -1,
      1876, 1879, 1880, -1,
      1876, 1880, 1881, -1,
      1881, 1882, 1876, -1,
      1876, 1882, 1883, -1,
      1876, 1883, 1874, -1,
      1884, 1885, 1877, -1,
      1877, 1885, 1886, -1,
      1877, 1886, 1887, -1,
      1887, 1888, 1877, -1,
      1877, 1888, 1889, -1,
      1877, 1889, 1878, -1,
      1879, 1878, 1890, -1,
      1879, 1890, 1891, -1,
      1891, 1890, 1892, -1,
      1891, 1892, 1893, -1,
      1893, 1892, 1894, -1,
      1893, 1894, 1895, -1,
      1895, 1894, 1896, -1,
      1895, 1896, 1897, -1,
      1898, 1899, 1900, -1,
      1900, 1899, 1901, -1,
      1897, 1896, 1899, -1,
      1899, 1896, 1902, -1,
      1899, 1902, 1901, -1,
      1899, 1898, 1903, -1,
      1903, 1898, 1904, -1,
      1903, 1904, 1905, -1,
      1906, 1907, 1779, -1,
      1779, 1781, 1789, -1,
      1906, 1779, 1908, -1,
      1908, 1779, 1789, -1,
      1908, 1789, 1788, -1,
      1907, 1909, 1779, -1,
      1779, 1909, 1910, -1,
      1779, 1910, 1911, -1,
      1911, 1910, 1912, -1,
      1912, 1910, 1913, -1,
      1912, 1913, 1905, -1,
      1905, 1913, 1914, -1,
      1905, 1914, 1903, -1,
      1915, 1771, 1916, -1,
      1916, 1771, 1917, -1,
      1916, 1917, 1918, -1,
      1918, 1917, 1919, -1,
      1918, 1919, 1920, -1,
      1920, 1919, 1921, -1,
      1920, 1921, 1922, -1,
      1915, 1923, 1771, -1,
      1771, 1923, 1924, -1,
      1771, 1924, 1925, -1,
      1925, 1764, 1771, -1,
      1771, 1764, 1763, -1,
      1771, 1763, 1761, -1,
      1926, 1927, 1928, -1,
      1928, 1927, 1922, -1,
      1928, 1922, 1929, -1,
      1929, 1922, 1921, -1,
      1930, 1931, 1932, -1,
      1932, 1931, 1927, -1,
      1932, 1927, 1933, -1,
      1933, 1927, 1926, -1,
      1931, 1930, 1934, -1,
      1934, 1930, 1935, -1,
      1934, 1935, 1936, -1,
      1936, 1935, 1937, -1,
      1936, 1937, 1938, -1,
      1938, 1937, 1939, -1,
      1938, 1939, 1940, -1,
      1940, 1939, 1941, -1,
      1942, 1940, 1943, -1,
      1943, 1940, 1944, -1,
      1944, 1940, 1941, -1,
      1944, 1941, 1945, -1,
      1946, 1944, 1947, -1,
      1947, 1944, 1948, -1,
      1943, 1949, 1942, -1,
      1942, 1949, 1950, -1,
      1942, 1950, 1951, -1,
      1951, 1950, 1952, -1,
      1951, 1952, 1953, -1,
      1945, 1954, 1944, -1,
      1944, 1954, 1955, -1,
      1944, 1955, 1948, -1,
      1943, 1944, 1876, -1,
      1876, 1944, 1877, -1,
      1914, 1920, 1903, -1,
      1903, 1920, 1922, -1,
      1903, 1922, 1899, -1,
      1899, 1922, 1927, -1,
      1899, 1927, 1897, -1,
      1897, 1927, 1931, -1,
      1897, 1931, 1895, -1,
      1895, 1931, 1934, -1,
      1895, 1934, 1893, -1,
      1893, 1934, 1936, -1,
      1893, 1936, 1891, -1,
      1891, 1936, 1938, -1,
      1891, 1938, 1879, -1,
      1879, 1938, 1940, -1,
      1879, 1940, 1880, -1,
      1880, 1940, 1942, -1,
      1956, 1957, 1844, -1,
      1844, 1957, 1958, -1,
      1958, 1828, 1844, -1,
      1844, 1828, 1827, -1,
      1844, 1827, 1843, -1,
      1959, 1960, 1961, -1,
      1961, 1960, 1962, -1,
      1961, 1962, 1963, -1,
      1963, 1962, 1964, -1,
      1963, 1964, 1965, -1,
      1965, 1964, 1966, -1,
      1965, 1966, 1967, -1,
      1967, 1966, 1968, -1,
      1967, 1968, 1844, -1,
      1844, 1968, 1969, -1,
      1844, 1969, 1956, -1,
      1960, 1959, 1970, -1,
      1971, 1972, 1973, -1,
      1973, 1972, 1960, -1,
      1973, 1960, 1974, -1,
      1974, 1960, 1970, -1,
      1972, 1971, 1975, -1,
      1972, 1975, 1976, -1,
      1976, 1975, 1977, -1,
      1976, 1977, 1978, -1,
      1978, 1977, 1979, -1,
      1978, 1979, 1980, -1,
      1980, 1979, 1981, -1,
      1980, 1981, 1982, -1,
      1983, 1984, 1985, -1,
      1986, 1987, 1988, -1,
      1989, 1984, 1990, -1,
      1985, 1984, 1981, -1,
      1981, 1984, 1989, -1,
      1981, 1989, 1982, -1,
      1983, 1985, 1988, -1,
      1988, 1985, 1991, -1,
      1988, 1991, 1986, -1,
      1992, 1993, 1994, -1,
      1990, 1995, 1989, -1,
      1989, 1995, 1992, -1,
      1989, 1992, 1996, -1,
      1996, 1992, 1994, -1,
      1990, 1984, 1997, -1,
      1997, 1984, 1998, -1,
      1999, 2000, 2001, -1,
      2002, 1997, 2003, -1,
      2003, 1997, 2004, -1,
      2003, 2004, 2005, -1,
      2005, 2004, 2006, -1,
      2007, 2008, 2009, -1,
      2009, 2008, 2010, -1,
      1997, 1998, 2004, -1,
      2004, 1998, 2008, -1,
      2004, 2008, 2011, -1,
      2011, 2008, 2007, -1,
      2002, 2003, 2001, -1,
      2001, 2003, 2012, -1,
      2001, 2012, 1999, -1,
      2005, 2006, 2013, -1,
      2013, 2006, 2014, -1,
      2013, 2014, 2015, -1,
      2015, 2014, 2016, -1,
      2015, 2016, 2017, -1,
      2017, 2016, 2018, -1,
      2017, 2018, 2019, -1,
      2019, 2018, 2020, -1,
      2021, 2022, 2023, -1,
      2019, 2020, 2023, -1,
      2023, 2020, 2024, -1,
      2023, 2024, 2021, -1,
      2025, 2023, 2022, -1,
      2022, 2026, 2025, -1,
      2025, 2026, 2027, -1,
      2025, 2027, 2028, -1,
      2029, 2030, 1701, -1,
      1701, 1698, 1710, -1,
      2029, 1701, 2031, -1,
      2031, 1701, 1710, -1,
      2031, 1710, 1711, -1,
      2030, 2032, 1701, -1,
      1701, 2032, 2033, -1,
      1701, 2033, 2034, -1,
      2034, 2033, 2035, -1,
      2035, 2033, 2036, -1,
      2035, 2036, 2028, -1,
      2028, 2036, 2037, -1,
      2028, 2037, 2025, -1,
      1989, 2003, 1982, -1,
      1982, 2003, 2005, -1,
      1982, 2005, 1980, -1,
      1980, 2005, 2013, -1,
      1980, 2013, 1978, -1,
      1978, 2013, 2015, -1,
      1978, 2015, 1976, -1,
      1976, 2015, 2017, -1,
      1976, 2017, 1972, -1,
      1972, 2017, 2019, -1,
      1972, 2019, 1960, -1,
      1960, 2019, 2023, -1,
      1960, 2023, 1962, -1,
      1962, 2023, 2025, -1,
      1962, 2025, 1964, -1,
      1964, 2025, 2037, -1,
      1965, 2035, 1963, -1,
      1963, 2035, 2028, -1,
      1963, 2028, 1961, -1,
      1961, 2028, 2027, -1,
      2004, 1985, 2006, -1,
      2006, 1985, 1981, -1,
      2006, 1981, 2014, -1,
      2014, 1981, 1979, -1,
      2014, 1979, 2016, -1,
      2016, 1979, 1977, -1,
      2016, 1977, 2018, -1,
      2018, 1977, 1975, -1,
      2018, 1975, 2020, -1,
      2020, 1975, 1971, -1,
      2020, 1971, 2024, -1,
      2024, 1971, 1973, -1,
      1904, 1929, 1905, -1,
      1905, 1929, 1921, -1,
      1905, 1921, 1912, -1,
      1912, 1921, 1919, -1,
      1932, 1902, 1930, -1,
      1930, 1902, 1896, -1,
      1930, 1896, 1935, -1,
      1935, 1896, 1894, -1,
      1935, 1894, 1937, -1,
      1937, 1894, 1892, -1,
      1937, 1892, 1939, -1,
      1939, 1892, 1890, -1,
      1939, 1890, 1941, -1,
      1941, 1890, 1878, -1,
      1941, 1878, 1945, -1,
      1945, 1878, 1889, -1,
      1740, 1811, 1738, -1,
      1738, 1811, 1809, -1,
      1738, 1809, 2038, -1,
      2038, 1809, 2039, -1,
      2038, 2039, 2040, -1,
      2040, 2039, 2041, -1,
      2040, 2041, 2042, -1,
      2042, 2041, 2043, -1,
      2042, 2043, 2044, -1,
      2044, 2043, 2045, -1,
      2044, 2045, 2046, -1,
      2046, 2045, 2047, -1,
      2046, 2047, 2048, -1,
      2048, 2047, 2049, -1,
      2048, 2049, 2050, -1,
      2050, 2049, 2051, -1,
      2052, 2053, 2054, -1,
      2054, 2053, 2055, -1,
      2054, 2055, 2056, -1,
      2056, 2055, 2057, -1,
      2056, 2057, 2058, -1,
      2058, 2057, 2059, -1,
      2058, 2059, 2060, -1,
      2060, 2059, 2061, -1,
      2060, 2061, 2062, -1,
      2062, 2061, 2063, -1,
      2062, 2063, 2064, -1,
      2064, 2063, 2065, -1,
      2064, 2065, 1739, -1,
      1739, 2065, 1808, -1,
      1739, 1808, 1741, -1,
      1741, 1808, 1810, -1,
      2049, 2055, 2051, -1,
      2051, 2055, 2053, -1,
      2051, 2053, 2066, -1,
      2066, 2053, 2067, -1,
      2068, 2069, 2067, -1,
      2067, 2069, 2066, -1,
      2069, 2068, 2050, -1,
      2050, 2068, 2052, -1,
      2050, 2052, 2048, -1,
      2048, 2052, 2054, -1,
      2048, 2054, 2046, -1,
      2046, 2054, 2056, -1,
      2046, 2056, 2044, -1,
      2044, 2056, 2058, -1,
      2044, 2058, 2042, -1,
      2042, 2058, 2060, -1,
      2042, 2060, 2040, -1,
      2040, 2060, 2062, -1,
      2040, 2062, 2038, -1,
      2038, 2062, 2064, -1,
      2038, 2064, 1738, -1,
      1738, 2064, 1739, -1,
      1809, 1808, 2065, -1,
      1809, 2065, 2039, -1,
      2039, 2065, 2063, -1,
      2039, 2063, 2041, -1,
      2041, 2063, 2061, -1,
      2041, 2061, 2043, -1,
      2043, 2061, 2059, -1,
      2043, 2059, 2045, -1,
      2045, 2059, 2057, -1,
      2045, 2057, 2047, -1,
      2047, 2057, 2055, -1,
      2047, 2055, 2049, -1,
      2067, 2053, 2068, -1,
      2068, 2053, 2052, -1,
      2051, 2066, 2050, -1,
      2050, 2066, 2069, -1,
      1819, 1729, 1820, -1,
      1820, 1729, 1728, -1,
      1820, 1728, 1797, -1,
      1797, 1728, 1727, -1,
      1797, 1727, 1798, -1,
      1798, 1727, 1721, -1,
      1798, 1721, 1805, -1,
      1805, 1721, 1749, -1,
      1805, 1749, 1806, -1,
      1806, 1749, 1748, -1,
      1806, 1748, 1688, -1,
      1688, 1748, 1689, -1,
      1730, 1818, 1726, -1,
      1726, 1818, 1799, -1,
      1726, 1799, 1736, -1,
      1736, 1799, 1807, -1,
      1736, 1807, 1735, -1,
      1735, 1807, 1826, -1,
      1735, 1826, 1734, -1,
      1734, 1826, 1825, -1,
      1734, 1825, 1737, -1,
      1737, 1825, 1823, -1,
      1737, 1823, 1677, -1,
      1677, 1823, 1678, -1,
      1847, 1696, 1700, -1,
      1847, 1700, 1850, -1,
      1850, 1700, 1699, -1,
      1850, 1699, 1851, -1,
      1851, 1699, 1707, -1,
      1851, 1707, 1852, -1,
      1852, 1707, 1706, -1,
      1852, 1706, 1853, -1,
      1853, 1706, 1705, -1,
      1853, 1705, 1849, -1,
      1849, 1705, 1704, -1,
      1849, 1704, 1848, -1,
      1657, 1656, 1786, -1,
      1657, 1786, 1774, -1,
      1774, 1786, 1785, -1,
      1774, 1785, 1775, -1,
      1775, 1785, 1784, -1,
      1775, 1784, 1773, -1,
      1773, 1784, 1783, -1,
      1773, 1783, 1772, -1,
      1772, 1783, 1782, -1,
      1772, 1782, 1776, -1,
      1776, 1782, 1777, -1,
      1776, 1777, 1768, -1,
      1769, 1778, 1780, -1,
      1917, 1771, 1779, -1,
      1779, 1771, 1780, -1,
      1780, 1771, 1770, -1,
      1780, 1770, 1769, -1,
      1779, 1911, 1917, -1,
      1917, 1911, 1912, -1,
      1917, 1912, 1919, -1,
      1928, 1929, 1904, -1,
      1904, 1898, 1928, -1,
      1928, 1898, 1900, -1,
      1928, 1900, 1926, -1,
      1926, 1900, 1901, -1,
      1926, 1901, 1933, -1,
      1933, 1901, 1902, -1,
      1933, 1902, 1932, -1,
      1703, 1702, 1846, -1,
      1846, 1702, 1845, -1,
      1845, 1702, 1844, -1,
      1844, 1702, 1701, -1,
      1844, 1701, 1967, -1,
      1701, 2034, 1967, -1,
      1967, 2034, 2035, -1,
      1967, 2035, 1965, -1,
      1961, 2027, 1959, -1,
      1959, 2027, 2026, -1,
      1959, 2026, 1970, -1,
      1970, 2026, 2022, -1,
      1970, 2022, 1974, -1,
      2022, 2021, 1974, -1,
      1974, 2021, 2024, -1,
      1974, 2024, 1973, -1,
      1811, 1740, 1812, -1,
      1812, 1740, 1723, -1,
      1812, 1723, 1813, -1,
      1813, 1723, 1733, -1,
      1813, 1733, 1814, -1,
      1814, 1733, 1746, -1,
      1814, 1746, 1815, -1,
      1815, 1746, 1747, -1,
      1815, 1747, 1804, -1,
      1804, 1747, 1720, -1,
      1804, 1720, 1800, -1,
      1800, 1720, 1722, -1,
      1675, 1674, 1834, -1,
      1834, 1833, 1675, -1,
      1675, 1833, 1837, -1,
      1675, 1837, 1713, -1,
      1713, 1837, 1836, -1,
      1713, 1836, 1714, -1,
      1836, 1841, 1714, -1,
      1714, 1841, 1840, -1,
      1714, 1840, 1708, -1,
      1708, 1840, 1839, -1,
      1708, 1839, 1709, -1,
      1709, 1839, 1829, -1,
      1709, 1829, 1711, -1,
      1711, 1829, 1828, -1,
      1711, 1828, 2031, -1,
      2031, 1828, 1958, -1,
      2031, 1958, 2029, -1,
      2029, 1958, 1957, -1,
      2029, 1957, 2030, -1,
      2030, 1957, 1956, -1,
      2030, 1956, 2032, -1,
      2032, 1956, 1969, -1,
      2032, 1969, 2033, -1,
      2033, 1969, 1968, -1,
      2033, 1968, 2036, -1,
      2036, 1968, 1966, -1,
      2036, 1966, 2037, -1,
      2037, 1966, 1964, -1,
      1793, 1687, 1686, -1,
      1787, 1792, 1762, -1,
      1762, 1792, 1765, -1,
      1765, 1792, 1791, -1,
      1765, 1791, 1766, -1,
      1791, 1790, 1766, -1,
      1766, 1790, 1796, -1,
      1766, 1796, 1767, -1,
      1793, 1686, 1794, -1,
      1767, 1796, 1686, -1,
      1686, 1796, 1795, -1,
      1686, 1795, 1794, -1,
      1787, 1762, 1788, -1,
      1788, 1762, 1764, -1,
      1788, 1764, 1908, -1,
      1908, 1764, 1925, -1,
      1908, 1925, 1906, -1,
      1906, 1925, 1924, -1,
      1906, 1924, 1907, -1,
      1907, 1924, 1923, -1,
      1907, 1923, 1909, -1,
      1909, 1923, 1915, -1,
      1909, 1915, 1910, -1,
      1915, 1916, 1910, -1,
      1910, 1916, 1918, -1,
      1910, 1918, 1913, -1,
      1913, 1918, 1920, -1,
      1913, 1920, 1914, -1,
      1854, 1744, 1873, -1,
      1873, 1744, 1743, -1,
      1873, 1743, 1867, -1,
      1867, 1743, 1862, -1,
      1862, 1743, 1752, -1,
      1862, 1752, 1863, -1,
      1863, 1752, 1868, -1,
      1868, 1752, 1751, -1,
      1868, 1751, 1869, -1,
      1869, 1751, 1750, -1,
      1869, 1750, 1871, -1,
      1871, 1750, 1753, -1,
      1871, 1753, 1870, -1,
      1870, 1753, 1745, -1,
      1870, 1745, 1857, -1,
      1856, 1755, 1760, -1,
      1856, 1760, 1860, -1,
      1860, 1760, 1759, -1,
      1860, 1759, 1861, -1,
      1861, 1759, 1758, -1,
      1861, 1758, 1859, -1,
      1757, 1864, 1758, -1,
      1758, 1864, 1858, -1,
      1758, 1858, 1859, -1,
      1756, 1754, 1855, -1,
      1855, 1872, 1756, -1,
      1756, 1872, 1866, -1,
      1756, 1866, 1757, -1,
      1757, 1866, 1865, -1,
      1757, 1865, 1864, -1,
      1943, 1876, 1875, -1,
      1943, 1875, 1949, -1,
      1949, 1875, 1874, -1,
      1949, 1874, 1950, -1,
      1950, 1874, 1883, -1,
      1950, 1883, 1952, -1,
      1952, 1883, 1882, -1,
      1952, 1882, 1953, -1,
      1953, 1882, 1881, -1,
      1953, 1881, 1951, -1,
      1951, 1881, 1880, -1,
      1951, 1880, 1942, -1,
      1990, 1997, 2002, -1,
      1990, 2002, 1995, -1,
      1995, 2002, 2001, -1,
      1995, 2001, 1992, -1,
      1992, 2001, 2000, -1,
      1992, 2000, 1993, -1,
      1993, 2000, 1999, -1,
      1993, 1999, 1994, -1,
      1994, 1999, 2012, -1,
      1994, 2012, 1996, -1,
      1996, 2012, 2003, -1,
      1996, 2003, 1989, -1,
      1741, 1810, 1742, -1,
      1742, 1810, 1803, -1,
      1742, 1803, 1724, -1,
      1724, 1803, 1802, -1,
      1724, 1802, 1725, -1,
      1725, 1802, 1821, -1,
      1725, 1821, 1731, -1,
      1731, 1821, 1822, -1,
      1731, 1822, 1732, -1,
      1732, 1822, 1824, -1,
      1732, 1824, 1673, -1,
      1673, 1824, 1672, -1,
      1985, 2004, 2011, -1,
      1985, 2011, 1991, -1,
      1991, 2011, 2007, -1,
      1991, 2007, 1986, -1,
      1986, 2007, 2009, -1,
      1986, 2009, 1987, -1,
      1987, 2009, 2010, -1,
      1987, 2010, 1988, -1,
      1988, 2010, 2008, -1,
      1988, 2008, 1983, -1,
      1983, 2008, 1998, -1,
      1983, 1998, 1984, -1,
      1945, 1889, 1888, -1,
      1945, 1888, 1954, -1,
      1954, 1888, 1887, -1,
      1954, 1887, 1955, -1,
      1955, 1887, 1886, -1,
      1955, 1886, 1948, -1,
      1948, 1886, 1885, -1,
      1948, 1885, 1947, -1,
      1947, 1885, 1884, -1,
      1947, 1884, 1946, -1,
      1946, 1884, 1877, -1,
      1946, 1877, 1944, -1,
      2070, 2071, 2072, -1,
      2072, 2071, 2073, -1,
      2072, 2073, 2074, -1,
      2074, 2073, 2075, -1,
      2074, 2075, 2076, -1,
      2076, 2075, 2077, -1,
      2076, 2077, 2078, -1,
      2078, 2077, 2079, -1,
      2078, 2079, 2080, -1,
      2080, 2079, 2081, -1,
      2080, 2081, 2082, -1,
      2082, 2081, 2083, -1,
      2082, 2083, 2084, -1,
      2084, 2083, 2085, -1,
      2084, 2085, 2086, -1,
      2086, 2085, 2087, -1,
      2088, 2089, 2090, -1,
      2091, 2092, 2093, -1,
      2093, 2092, 2094, -1,
      2093, 2094, 2095, -1,
      2094, 2096, 2095, -1,
      2095, 2096, 2097, -1,
      2095, 2097, 2090, -1,
      2090, 2097, 2098, -1,
      2090, 2098, 2088, -1,
      2099, 2100, 2101, -1,
      2102, 2103, 2104, -1,
      2104, 2103, 2105, -1,
      2104, 2105, 2106, -1,
      2106, 2105, 2107, -1,
      2106, 2107, 2108, -1,
      2108, 2107, 2099, -1,
      2108, 2099, 2109, -1,
      2109, 2099, 2101, -1,
      2110, 2111, 2112, -1,
      2112, 2111, 2113, -1,
      2114, 2115, 2116, -1,
      2116, 2115, 2117, -1,
      2111, 2118, 2113, -1,
      2113, 2118, 2119, -1,
      2113, 2119, 2120, -1,
      2120, 2119, 2115, -1,
      2120, 2115, 2121, -1,
      2121, 2115, 2114, -1,
      2122, 2098, 2123, -1,
      2123, 2098, 2097, -1,
      2123, 2097, 2124, -1,
      2124, 2097, 2096, -1,
      2124, 2096, 2125, -1,
      2125, 2096, 2094, -1,
      2125, 2094, 2126, -1,
      2127, 2089, 2122, -1,
      2122, 2089, 2088, -1,
      2122, 2088, 2098, -1,
      2118, 2111, 2128, -1,
      2128, 2111, 2129, -1,
      2128, 2129, 2130, -1,
      2128, 2131, 2118, -1,
      2118, 2131, 2132, -1,
      2118, 2132, 2127, -1,
      2127, 2132, 2133, -1,
      2127, 2133, 2089, -1,
      2134, 2135, 2136, -1,
      2137, 2138, 2139, -1,
      2134, 2136, 2140, -1,
      2102, 2104, 2073, -1,
      2141, 2126, 2094, -1,
      2135, 2142, 2136, -1,
      2136, 2142, 2143, -1,
      2136, 2143, 2144, -1,
      2138, 2145, 2139, -1,
      2139, 2145, 2146, -1,
      2139, 2146, 2147, -1,
      2148, 2149, 2150, -1,
      2150, 2149, 2151, -1,
      2150, 2151, 2139, -1,
      2139, 2151, 2152, -1,
      2139, 2152, 2137, -1,
      2146, 2141, 2147, -1,
      2147, 2141, 2094, -1,
      2147, 2094, 2153, -1,
      2153, 2094, 2092, -1,
      2153, 2092, 2154, -1,
      2154, 2092, 2155, -1,
      2154, 2155, 2156, -1,
      2156, 2155, 2157, -1,
      2156, 2157, 2071, -1,
      2071, 2157, 2158, -1,
      2071, 2158, 2073, -1,
      2073, 2158, 2144, -1,
      2073, 2144, 2102, -1,
      2102, 2144, 2143, -1,
      2159, 2160, 2161, -1,
      2161, 2160, 2162, -1,
      2140, 2136, 2160, -1,
      2160, 2136, 2163, -1,
      2160, 2163, 2162, -1,
      2162, 2163, 2164, -1,
      2162, 2164, 2165, -1,
      2164, 2166, 2167, -1,
      2167, 2168, 2164, -1,
      2164, 2168, 2169, -1,
      2164, 2169, 2165, -1,
      2170, 2171, 2172, -1,
      2161, 2173, 2159, -1,
      2159, 2173, 2170, -1,
      2159, 2170, 2174, -1,
      2174, 2170, 2172, -1,
      2083, 2175, 2085, -1,
      2085, 2175, 2176, -1,
      2085, 2176, 2177, -1,
      2177, 2176, 2178, -1,
      2177, 2178, 2179, -1,
      2179, 2178, 2180, -1,
      2101, 2100, 2083, -1,
      2083, 2100, 2181, -1,
      2083, 2181, 2175, -1,
      2083, 2081, 2101, -1,
      2101, 2081, 2079, -1,
      2101, 2079, 2109, -1,
      2109, 2079, 2077, -1,
      2109, 2077, 2108, -1,
      2108, 2077, 2075, -1,
      2108, 2075, 2106, -1,
      2106, 2075, 2073, -1,
      2106, 2073, 2104, -1,
      2087, 2085, 2177, -1,
      2182, 2183, 2177, -1,
      2177, 2183, 2184, -1,
      2177, 2184, 2087, -1,
      2087, 2184, 2185, -1,
      2087, 2185, 2186, -1,
      2187, 2188, 2189, -1,
      2187, 2189, 2185, -1,
      2185, 2189, 2190, -1,
      2185, 2190, 2186, -1,
      2191, 2192, 2184, -1,
      2184, 2192, 2185, -1,
      2193, 2194, 2195, -1,
      2195, 2194, 2191, -1,
      2196, 2197, 2198, -1,
      2198, 2197, 2192, -1,
      2198, 2192, 2199, -1,
      2194, 2084, 2191, -1,
      2191, 2084, 2086, -1,
      2191, 2086, 2192, -1,
      2192, 2086, 2200, -1,
      2192, 2200, 2199, -1,
      2201, 2202, 2203, -1,
      2105, 2072, 2107, -1,
      2107, 2072, 2074, -1,
      2107, 2074, 2099, -1,
      2099, 2074, 2076, -1,
      2099, 2076, 2204, -1,
      2204, 2076, 2205, -1,
      2205, 2076, 2078, -1,
      2205, 2078, 2206, -1,
      2206, 2078, 2207, -1,
      2207, 2078, 2080, -1,
      2207, 2080, 2208, -1,
      2208, 2080, 2209, -1,
      2209, 2080, 2082, -1,
      2209, 2082, 2210, -1,
      2201, 2203, 2194, -1,
      2210, 2082, 2203, -1,
      2203, 2082, 2084, -1,
      2203, 2084, 2194, -1,
      2211, 2212, 2213, -1,
      2214, 2215, 2216, -1,
      2091, 2093, 2217, -1,
      2218, 2219, 2220, -1,
      2212, 2221, 2213, -1,
      2213, 2221, 2222, -1,
      2213, 2222, 2223, -1,
      2224, 2105, 2215, -1,
      2215, 2105, 2103, -1,
      2215, 2103, 2216, -1,
      2225, 2226, 2227, -1,
      2227, 2226, 2228, -1,
      2227, 2228, 2220, -1,
      2220, 2228, 2229, -1,
      2220, 2229, 2218, -1,
      2072, 2105, 2070, -1,
      2070, 2105, 2224, -1,
      2070, 2224, 2230, -1,
      2230, 2224, 2220, -1,
      2230, 2220, 2231, -1,
      2231, 2220, 2219, -1,
      2232, 2233, 2234, -1,
      2234, 2233, 2235, -1,
      2234, 2235, 2213, -1,
      2213, 2235, 2236, -1,
      2213, 2236, 2211, -1,
      2222, 2091, 2223, -1,
      2223, 2091, 2217, -1,
      2223, 2217, 2237, -1,
      2237, 2217, 2238, -1,
      2237, 2238, 2239, -1,
      2214, 2216, 2239, -1,
      2239, 2216, 2240, -1,
      2239, 2240, 2237, -1,
      2241, 2242, 2243, -1,
      2244, 2243, 2245, -1,
      2245, 2243, 2242, -1,
      2245, 2242, 2246, -1,
      2246, 2242, 2247, -1,
      2248, 2249, 2243, -1,
      2243, 2249, 2250, -1,
      2243, 2250, 2241, -1,
      2251, 2252, 2253, -1,
      2253, 2254, 2251, -1,
      2251, 2254, 2255, -1,
      2251, 2255, 2248, -1,
      2248, 2255, 2256, -1,
      2248, 2256, 2249, -1,
      2217, 2093, 2257, -1,
      2257, 2093, 2095, -1,
      2257, 2095, 2252, -1,
      2252, 2095, 2090, -1,
      2252, 2090, 2253, -1,
      2258, 2244, 2245, -1,
      2259, 2260, 2245, -1,
      2245, 2260, 2261, -1,
      2245, 2261, 2258, -1,
      2258, 2261, 2262, -1,
      2258, 2262, 2263, -1,
      2263, 2262, 2264, -1,
      2264, 2265, 2263, -1,
      2263, 2265, 2266, -1,
      2263, 2266, 2267, -1,
      2113, 2120, 2261, -1,
      2261, 2120, 2262, -1,
      2258, 2119, 2244, -1,
      2244, 2119, 2118, -1,
      2244, 2118, 2243, -1,
      2243, 2118, 2127, -1,
      2243, 2127, 2248, -1,
      2248, 2127, 2122, -1,
      2248, 2122, 2251, -1,
      2251, 2122, 2123, -1,
      2251, 2123, 2252, -1,
      2252, 2123, 2124, -1,
      2252, 2124, 2257, -1,
      2257, 2124, 2125, -1,
      2257, 2125, 2217, -1,
      2217, 2125, 2126, -1,
      2217, 2126, 2238, -1,
      2238, 2126, 2141, -1,
      2268, 2269, 2162, -1,
      2162, 2269, 2161, -1,
      2163, 2235, 2164, -1,
      2164, 2235, 2233, -1,
      2164, 2233, 2270, -1,
      2234, 2160, 2232, -1,
      2232, 2160, 2159, -1,
      2232, 2159, 2271, -1,
      2269, 2268, 2233, -1,
      2272, 2273, 2270, -1,
      2272, 2270, 2274, -1,
      2273, 2275, 2270, -1,
      2270, 2275, 2276, -1,
      2270, 2276, 2277, -1,
      2277, 2276, 2278, -1,
      2279, 2271, 2280, -1,
      2280, 2271, 2281, -1,
      2280, 2281, 2282, -1,
      2279, 2283, 2271, -1,
      2271, 2283, 2284, -1,
      2271, 2284, 2285, -1,
      2233, 2268, 2270, -1,
      2270, 2268, 2286, -1,
      2270, 2286, 2274, -1,
      2233, 2232, 2269, -1,
      2269, 2232, 2271, -1,
      2269, 2271, 2287, -1,
      2287, 2271, 2285, -1,
      2288, 2289, 2290, -1,
      2291, 2292, 2293, -1,
      2293, 2292, 2294, -1,
      2293, 2294, 2290, -1,
      2294, 2295, 2290, -1,
      2290, 2295, 2296, -1,
      2290, 2296, 2297, -1,
      2297, 2298, 2290, -1,
      2290, 2298, 2299, -1,
      2290, 2299, 2288, -1,
      2293, 2300, 2291, -1,
      2291, 2300, 2301, -1,
      2291, 2301, 2302, -1,
      2302, 2301, 2303, -1,
      2304, 2305, 2306, -1,
      2304, 2306, 2307, -1,
      2307, 2306, 2308, -1,
      2307, 2308, 2309, -1,
      2309, 2308, 2310, -1,
      2309, 2310, 2311, -1,
      2311, 2310, 2295, -1,
      2311, 2295, 2294, -1,
      2312, 2313, 2314, -1,
      2305, 2304, 2315, -1,
      2315, 2304, 2312, -1,
      2315, 2312, 2316, -1,
      2316, 2312, 2314, -1,
      2317, 2318, 2193, -1,
      2193, 2318, 2319, -1,
      2319, 2202, 2193, -1,
      2193, 2202, 2201, -1,
      2193, 2201, 2194, -1,
      2313, 2312, 2320, -1,
      2320, 2312, 2321, -1,
      2320, 2321, 2322, -1,
      2322, 2321, 2323, -1,
      2322, 2323, 2324, -1,
      2324, 2323, 2325, -1,
      2324, 2325, 2326, -1,
      2326, 2325, 2327, -1,
      2326, 2327, 2193, -1,
      2193, 2327, 2328, -1,
      2193, 2328, 2317, -1,
      2179, 2180, 2329, -1,
      2182, 2177, 2179, -1,
      2179, 2329, 2182, -1,
      2182, 2329, 2330, -1,
      2182, 2330, 2331, -1,
      2331, 2332, 2182, -1,
      2182, 2332, 2333, -1,
      2182, 2333, 2334, -1,
      2334, 2333, 2335, -1,
      2335, 2333, 2336, -1,
      2335, 2336, 2337, -1,
      2338, 2339, 2340, -1,
      2340, 2339, 2341, -1,
      2336, 2342, 2337, -1,
      2337, 2342, 2340, -1,
      2337, 2340, 2343, -1,
      2343, 2340, 2341, -1,
      2344, 2339, 2338, -1,
      2345, 2346, 2338, -1,
      2338, 2346, 2347, -1,
      2338, 2347, 2344, -1,
      2348, 2349, 2350, -1,
      2350, 2349, 2351, -1,
      2350, 2351, 2352, -1,
      2352, 2351, 2353, -1,
      2352, 2353, 2354, -1,
      2354, 2353, 2355, -1,
      2354, 2355, 2345, -1,
      2345, 2355, 2346, -1,
      2349, 2348, 2356, -1,
      2356, 2348, 2357, -1,
      2356, 2357, 2358, -1,
      2358, 2357, 2359, -1,
      2360, 2361, 2362, -1,
      2363, 2364, 2365, -1,
      2365, 2364, 2366, -1,
      2365, 2366, 2367, -1,
      2349, 2356, 2365, -1,
      2365, 2356, 2368, -1,
      2365, 2368, 2363, -1,
      2359, 2357, 2362, -1,
      2362, 2357, 2369, -1,
      2362, 2369, 2360, -1,
      2356, 2358, 2290, -1,
      2290, 2358, 2293, -1,
      2292, 2357, 2294, -1,
      2294, 2357, 2348, -1,
      2294, 2348, 2311, -1,
      2311, 2348, 2350, -1,
      2311, 2350, 2309, -1,
      2309, 2350, 2352, -1,
      2309, 2352, 2307, -1,
      2307, 2352, 2354, -1,
      2307, 2354, 2304, -1,
      2304, 2354, 2345, -1,
      2304, 2345, 2312, -1,
      2312, 2345, 2338, -1,
      2312, 2338, 2321, -1,
      2321, 2338, 2340, -1,
      2321, 2340, 2323, -1,
      2323, 2340, 2342, -1,
      2246, 2247, 2370, -1,
      2259, 2245, 2246, -1,
      2246, 2370, 2259, -1,
      2259, 2370, 2371, -1,
      2259, 2371, 2372, -1,
      2372, 2373, 2259, -1,
      2259, 2373, 2374, -1,
      2259, 2374, 2375, -1,
      2375, 2374, 2376, -1,
      2376, 2374, 2377, -1,
      2376, 2377, 2378, -1,
      2379, 2380, 2381, -1,
      2377, 2382, 2378, -1,
      2378, 2382, 2379, -1,
      2378, 2379, 2383, -1,
      2383, 2379, 2381, -1,
      2381, 2380, 2384, -1,
      2384, 2380, 2385, -1,
      2386, 2387, 2380, -1,
      2380, 2387, 2388, -1,
      2380, 2388, 2385, -1,
      2389, 2390, 2391, -1,
      2389, 2391, 2392, -1,
      2392, 2391, 2393, -1,
      2392, 2393, 2394, -1,
      2394, 2393, 2395, -1,
      2394, 2395, 2396, -1,
      2396, 2395, 2387, -1,
      2396, 2387, 2386, -1,
      2397, 2398, 2399, -1,
      2399, 2398, 2400, -1,
      2397, 2401, 2398, -1,
      2398, 2401, 2402, -1,
      2398, 2402, 2403, -1,
      2404, 2405, 2406, -1,
      2406, 2405, 2407, -1,
      2405, 2408, 2407, -1,
      2407, 2408, 2409, -1,
      2407, 2409, 2410, -1,
      2410, 2409, 2390, -1,
      2410, 2390, 2398, -1,
      2398, 2390, 2389, -1,
      2398, 2389, 2400, -1,
      2410, 2398, 2411, -1,
      2411, 2398, 2412, -1,
      2413, 2414, 2412, -1,
      2412, 2414, 2415, -1,
      2412, 2415, 2411, -1,
      2411, 2415, 2416, -1,
      2417, 2418, 2419, -1,
      2419, 2418, 2420, -1,
      2419, 2420, 2421, -1,
      2422, 2423, 2424, -1,
      2413, 2412, 2420, -1,
      2420, 2412, 2425, -1,
      2420, 2425, 2421, -1,
      2416, 2415, 2424, -1,
      2424, 2415, 2426, -1,
      2424, 2426, 2422, -1,
      2427, 2428, 2429, -1,
      2429, 2428, 2430, -1,
      2429, 2430, 2431, -1,
      2431, 2430, 2432, -1,
      2431, 2432, 2433, -1,
      2433, 2432, 2434, -1,
      2433, 2434, 2413, -1,
      2413, 2434, 2414, -1,
      2428, 2427, 2435, -1,
      2435, 2427, 2436, -1,
      2435, 2436, 2437, -1,
      2437, 2436, 2438, -1,
      2439, 2110, 2440, -1,
      2440, 2110, 2441, -1,
      2440, 2441, 2442, -1,
      2442, 2441, 2443, -1,
      2442, 2443, 2444, -1,
      2444, 2443, 2445, -1,
      2444, 2445, 2446, -1,
      2439, 2447, 2110, -1,
      2110, 2447, 2448, -1,
      2110, 2448, 2449, -1,
      2449, 2130, 2110, -1,
      2110, 2130, 2129, -1,
      2110, 2129, 2111, -1,
      2438, 2436, 2450, -1,
      2450, 2436, 2446, -1,
      2450, 2446, 2451, -1,
      2451, 2446, 2445, -1,
      2382, 2444, 2379, -1,
      2379, 2444, 2446, -1,
      2379, 2446, 2380, -1,
      2380, 2446, 2436, -1,
      2380, 2436, 2386, -1,
      2386, 2436, 2427, -1,
      2386, 2427, 2396, -1,
      2396, 2427, 2429, -1,
      2396, 2429, 2394, -1,
      2394, 2429, 2431, -1,
      2394, 2431, 2392, -1,
      2392, 2431, 2433, -1,
      2392, 2433, 2389, -1,
      2389, 2433, 2413, -1,
      2389, 2413, 2400, -1,
      2400, 2413, 2420, -1,
      2383, 2451, 2378, -1,
      2378, 2451, 2445, -1,
      2378, 2445, 2376, -1,
      2376, 2445, 2443, -1,
      2435, 2388, 2428, -1,
      2428, 2388, 2387, -1,
      2428, 2387, 2430, -1,
      2430, 2387, 2395, -1,
      2430, 2395, 2432, -1,
      2432, 2395, 2393, -1,
      2432, 2393, 2434, -1,
      2434, 2393, 2391, -1,
      2434, 2391, 2414, -1,
      2414, 2391, 2390, -1,
      2414, 2390, 2415, -1,
      2415, 2390, 2409, -1,
      2324, 2335, 2322, -1,
      2322, 2335, 2337, -1,
      2322, 2337, 2320, -1,
      2320, 2337, 2343, -1,
      2365, 2296, 2349, -1,
      2349, 2296, 2295, -1,
      2349, 2295, 2351, -1,
      2351, 2295, 2310, -1,
      2351, 2310, 2353, -1,
      2353, 2310, 2308, -1,
      2353, 2308, 2355, -1,
      2355, 2308, 2306, -1,
      2355, 2306, 2346, -1,
      2346, 2306, 2305, -1,
      2346, 2305, 2347, -1,
      2347, 2305, 2315, -1,
      2452, 2453, 2454, -1,
      2454, 2453, 2455, -1,
      2454, 2455, 2456, -1,
      2456, 2455, 2457, -1,
      2456, 2457, 2458, -1,
      2458, 2457, 2459, -1,
      2458, 2459, 2460, -1,
      2460, 2459, 2461, -1,
      2460, 2461, 2462, -1,
      2462, 2461, 2463, -1,
      2462, 2463, 2464, -1,
      2464, 2463, 2465, -1,
      2464, 2465, 2149, -1,
      2149, 2465, 2225, -1,
      2149, 2225, 2151, -1,
      2151, 2225, 2227, -1,
      2150, 2228, 2148, -1,
      2148, 2228, 2226, -1,
      2148, 2226, 2466, -1,
      2466, 2226, 2467, -1,
      2466, 2467, 2468, -1,
      2468, 2467, 2469, -1,
      2468, 2469, 2470, -1,
      2470, 2469, 2471, -1,
      2470, 2471, 2472, -1,
      2472, 2471, 2473, -1,
      2472, 2473, 2474, -1,
      2474, 2473, 2475, -1,
      2474, 2475, 2476, -1,
      2476, 2475, 2477, -1,
      2476, 2477, 2478, -1,
      2478, 2477, 2479, -1,
      2480, 2481, 2453, -1,
      2453, 2481, 2479, -1,
      2453, 2479, 2455, -1,
      2455, 2479, 2477, -1,
      2482, 2483, 2480, -1,
      2480, 2483, 2481, -1,
      2454, 2476, 2452, -1,
      2452, 2476, 2478, -1,
      2452, 2478, 2482, -1,
      2482, 2478, 2483, -1,
      2149, 2148, 2464, -1,
      2464, 2148, 2466, -1,
      2464, 2466, 2462, -1,
      2462, 2466, 2468, -1,
      2462, 2468, 2460, -1,
      2460, 2468, 2470, -1,
      2460, 2470, 2458, -1,
      2458, 2470, 2472, -1,
      2458, 2472, 2456, -1,
      2456, 2472, 2474, -1,
      2456, 2474, 2454, -1,
      2454, 2474, 2476, -1,
      2455, 2477, 2475, -1,
      2455, 2475, 2457, -1,
      2457, 2475, 2473, -1,
      2457, 2473, 2459, -1,
      2459, 2473, 2471, -1,
      2459, 2471, 2461, -1,
      2461, 2471, 2469, -1,
      2461, 2469, 2463, -1,
      2463, 2469, 2467, -1,
      2463, 2467, 2465, -1,
      2465, 2467, 2226, -1,
      2465, 2226, 2225, -1,
      2479, 2481, 2478, -1,
      2478, 2481, 2483, -1,
      2480, 2453, 2482, -1,
      2482, 2453, 2452, -1,
      2103, 2102, 2216, -1,
      2216, 2102, 2143, -1,
      2216, 2143, 2240, -1,
      2240, 2143, 2142, -1,
      2240, 2142, 2237, -1,
      2237, 2142, 2135, -1,
      2237, 2135, 2223, -1,
      2223, 2135, 2134, -1,
      2223, 2134, 2213, -1,
      2213, 2134, 2140, -1,
      2213, 2140, 2234, -1,
      2234, 2140, 2160, -1,
      2092, 2091, 2155, -1,
      2155, 2091, 2222, -1,
      2155, 2222, 2157, -1,
      2157, 2222, 2221, -1,
      2157, 2221, 2158, -1,
      2158, 2221, 2212, -1,
      2158, 2212, 2144, -1,
      2144, 2212, 2211, -1,
      2144, 2211, 2136, -1,
      2136, 2211, 2236, -1,
      2136, 2236, 2163, -1,
      2163, 2236, 2235, -1,
      2262, 2120, 2121, -1,
      2262, 2121, 2264, -1,
      2264, 2121, 2114, -1,
      2264, 2114, 2265, -1,
      2265, 2114, 2116, -1,
      2265, 2116, 2266, -1,
      2266, 2116, 2117, -1,
      2266, 2117, 2267, -1,
      2267, 2117, 2115, -1,
      2267, 2115, 2263, -1,
      2263, 2115, 2119, -1,
      2263, 2119, 2258, -1,
      2185, 2192, 2197, -1,
      2185, 2197, 2187, -1,
      2187, 2197, 2196, -1,
      2187, 2196, 2188, -1,
      2188, 2196, 2198, -1,
      2188, 2198, 2189, -1,
      2189, 2198, 2199, -1,
      2189, 2199, 2190, -1,
      2190, 2199, 2200, -1,
      2190, 2200, 2186, -1,
      2186, 2200, 2086, -1,
      2186, 2086, 2087, -1,
      2324, 2326, 2335, -1,
      2335, 2326, 2334, -1,
      2334, 2326, 2182, -1,
      2182, 2326, 2193, -1,
      2182, 2193, 2183, -1,
      2193, 2195, 2183, -1,
      2183, 2195, 2191, -1,
      2183, 2191, 2184, -1,
      2347, 2315, 2316, -1,
      2320, 2343, 2313, -1,
      2313, 2343, 2341, -1,
      2313, 2341, 2314, -1,
      2314, 2341, 2339, -1,
      2314, 2339, 2316, -1,
      2316, 2339, 2344, -1,
      2316, 2344, 2347, -1,
      2443, 2441, 2376, -1,
      2376, 2441, 2375, -1,
      2375, 2441, 2259, -1,
      2259, 2441, 2110, -1,
      2259, 2110, 2260, -1,
      2110, 2112, 2260, -1,
      2260, 2112, 2113, -1,
      2260, 2113, 2261, -1,
      2450, 2451, 2383, -1,
      2383, 2381, 2450, -1,
      2450, 2381, 2384, -1,
      2450, 2384, 2438, -1,
      2438, 2384, 2385, -1,
      2438, 2385, 2437, -1,
      2437, 2385, 2388, -1,
      2437, 2388, 2435, -1,
      2238, 2141, 2239, -1,
      2239, 2141, 2146, -1,
      2239, 2146, 2214, -1,
      2214, 2146, 2145, -1,
      2214, 2145, 2215, -1,
      2215, 2145, 2138, -1,
      2215, 2138, 2224, -1,
      2224, 2138, 2137, -1,
      2224, 2137, 2220, -1,
      2220, 2137, 2152, -1,
      2220, 2152, 2227, -1,
      2227, 2152, 2151, -1,
      2253, 2090, 2089, -1,
      2444, 2382, 2377, -1,
      2444, 2377, 2442, -1,
      2442, 2377, 2374, -1,
      2442, 2374, 2440, -1,
      2440, 2374, 2439, -1,
      2439, 2374, 2373, -1,
      2439, 2373, 2447, -1,
      2447, 2373, 2372, -1,
      2447, 2372, 2448, -1,
      2448, 2372, 2371, -1,
      2448, 2371, 2449, -1,
      2449, 2371, 2370, -1,
      2449, 2370, 2130, -1,
      2370, 2247, 2130, -1,
      2130, 2247, 2242, -1,
      2130, 2242, 2128, -1,
      2128, 2242, 2241, -1,
      2128, 2241, 2131, -1,
      2131, 2241, 2250, -1,
      2131, 2250, 2132, -1,
      2250, 2249, 2132, -1,
      2132, 2249, 2256, -1,
      2132, 2256, 2133, -1,
      2253, 2089, 2254, -1,
      2133, 2256, 2089, -1,
      2089, 2256, 2255, -1,
      2089, 2255, 2254, -1,
      2175, 2209, 2176, -1,
      2176, 2209, 2210, -1,
      2176, 2210, 2178, -1,
      2178, 2210, 2203, -1,
      2178, 2203, 2180, -1,
      2180, 2203, 2202, -1,
      2180, 2202, 2329, -1,
      2329, 2202, 2319, -1,
      2329, 2319, 2330, -1,
      2330, 2319, 2318, -1,
      2330, 2318, 2331, -1,
      2331, 2318, 2317, -1,
      2331, 2317, 2332, -1,
      2332, 2317, 2328, -1,
      2332, 2328, 2333, -1,
      2333, 2328, 2327, -1,
      2333, 2327, 2336, -1,
      2336, 2327, 2325, -1,
      2336, 2325, 2342, -1,
      2342, 2325, 2323, -1,
      2100, 2099, 2204, -1,
      2204, 2205, 2100, -1,
      2100, 2205, 2206, -1,
      2100, 2206, 2181, -1,
      2181, 2206, 2207, -1,
      2181, 2207, 2175, -1,
      2175, 2207, 2208, -1,
      2175, 2208, 2209, -1,
      2271, 2159, 2174, -1,
      2271, 2174, 2281, -1,
      2281, 2174, 2172, -1,
      2281, 2172, 2282, -1,
      2282, 2172, 2171, -1,
      2282, 2171, 2280, -1,
      2170, 2283, 2171, -1,
      2171, 2283, 2279, -1,
      2171, 2279, 2280, -1,
      2173, 2161, 2269, -1,
      2269, 2287, 2173, -1,
      2173, 2287, 2285, -1,
      2173, 2285, 2170, -1,
      2170, 2285, 2284, -1,
      2170, 2284, 2283, -1,
      2268, 2162, 2286, -1,
      2286, 2162, 2165, -1,
      2286, 2165, 2274, -1,
      2274, 2165, 2272, -1,
      2272, 2165, 2169, -1,
      2272, 2169, 2273, -1,
      2273, 2169, 2275, -1,
      2275, 2169, 2168, -1,
      2275, 2168, 2276, -1,
      2276, 2168, 2167, -1,
      2276, 2167, 2278, -1,
      2278, 2167, 2166, -1,
      2278, 2166, 2277, -1,
      2277, 2166, 2164, -1,
      2277, 2164, 2270, -1,
      2357, 2292, 2291, -1,
      2357, 2291, 2369, -1,
      2369, 2291, 2302, -1,
      2369, 2302, 2360, -1,
      2360, 2302, 2303, -1,
      2360, 2303, 2361, -1,
      2361, 2303, 2301, -1,
      2361, 2301, 2362, -1,
      2362, 2301, 2300, -1,
      2362, 2300, 2359, -1,
      2359, 2300, 2293, -1,
      2359, 2293, 2358, -1,
      2400, 2420, 2418, -1,
      2400, 2418, 2399, -1,
      2399, 2418, 2417, -1,
      2399, 2417, 2397, -1,
      2397, 2417, 2419, -1,
      2397, 2419, 2401, -1,
      2401, 2419, 2421, -1,
      2401, 2421, 2402, -1,
      2402, 2421, 2425, -1,
      2402, 2425, 2403, -1,
      2403, 2425, 2412, -1,
      2403, 2412, 2398, -1,
      2071, 2070, 2156, -1,
      2156, 2070, 2230, -1,
      2156, 2230, 2154, -1,
      2154, 2230, 2231, -1,
      2154, 2231, 2153, -1,
      2153, 2231, 2219, -1,
      2153, 2219, 2147, -1,
      2147, 2219, 2218, -1,
      2147, 2218, 2139, -1,
      2139, 2218, 2229, -1,
      2139, 2229, 2150, -1,
      2150, 2229, 2228, -1,
      2410, 2411, 2416, -1,
      2410, 2416, 2407, -1,
      2407, 2416, 2424, -1,
      2407, 2424, 2406, -1,
      2406, 2424, 2423, -1,
      2406, 2423, 2404, -1,
      2404, 2423, 2422, -1,
      2404, 2422, 2405, -1,
      2405, 2422, 2426, -1,
      2405, 2426, 2408, -1,
      2408, 2426, 2415, -1,
      2408, 2415, 2409, -1,
      2356, 2290, 2289, -1,
      2356, 2289, 2368, -1,
      2368, 2289, 2288, -1,
      2368, 2288, 2363, -1,
      2363, 2288, 2299, -1,
      2363, 2299, 2364, -1,
      2364, 2299, 2298, -1,
      2364, 2298, 2366, -1,
      2366, 2298, 2297, -1,
      2366, 2297, 2367, -1,
      2367, 2297, 2296, -1,
      2367, 2296, 2365, -1,
      2484, 2485, 2486, -1,
      2486, 2485, 2487, -1,
      2486, 2487, 2488, -1,
      2488, 2487, 2489, -1,
      2488, 2489, 2490, -1,
      2490, 2489, 2491, -1,
      2490, 2491, 2492, -1,
      2492, 2491, 2493, -1,
      2492, 2493, 2494, -1,
      2494, 2493, 2495, -1,
      2494, 2495, 2496, -1,
      2496, 2495, 2497, -1,
      2496, 2497, 2498, -1,
      2498, 2497, 2499, -1,
      2498, 2499, 2500, -1,
      2500, 2499, 2501, -1,
      2502, 2503, 2504, -1,
      2505, 2506, 2507, -1,
      2507, 2506, 2508, -1,
      2507, 2508, 2509, -1,
      2508, 2510, 2509, -1,
      2509, 2510, 2511, -1,
      2509, 2511, 2504, -1,
      2504, 2511, 2512, -1,
      2504, 2512, 2502, -1,
      2513, 2514, 2515, -1,
      2516, 2517, 2518, -1,
      2518, 2517, 2519, -1,
      2518, 2519, 2520, -1,
      2520, 2519, 2521, -1,
      2520, 2521, 2522, -1,
      2522, 2521, 2513, -1,
      2522, 2513, 2523, -1,
      2523, 2513, 2515, -1,
      2524, 2525, 2526, -1,
      2526, 2525, 2527, -1,
      2528, 2529, 2530, -1,
      2530, 2529, 2531, -1,
      2525, 2532, 2527, -1,
      2527, 2532, 2533, -1,
      2527, 2533, 2534, -1,
      2534, 2533, 2529, -1,
      2534, 2529, 2535, -1,
      2535, 2529, 2528, -1,
      2536, 2512, 2537, -1,
      2537, 2512, 2511, -1,
      2537, 2511, 2538, -1,
      2538, 2511, 2510, -1,
      2538, 2510, 2539, -1,
      2539, 2510, 2508, -1,
      2539, 2508, 2540, -1,
      2541, 2503, 2536, -1,
      2536, 2503, 2502, -1,
      2536, 2502, 2512, -1,
      2532, 2525, 2542, -1,
      2542, 2525, 2543, -1,
      2542, 2543, 2544, -1,
      2542, 2545, 2532, -1,
      2532, 2545, 2546, -1,
      2532, 2546, 2541, -1,
      2541, 2546, 2547, -1,
      2541, 2547, 2503, -1,
      2548, 2549, 2550, -1,
      2485, 2551, 2552, -1,
      2487, 2553, 2554, -1,
      2555, 2556, 2557, -1,
      2518, 2487, 2516, -1,
      2516, 2487, 2554, -1,
      2516, 2554, 2558, -1,
      2558, 2554, 2550, -1,
      2558, 2550, 2559, -1,
      2559, 2550, 2549, -1,
      2560, 2561, 2562, -1,
      2556, 2563, 2557, -1,
      2557, 2563, 2560, -1,
      2557, 2560, 2564, -1,
      2564, 2560, 2562, -1,
      2551, 2485, 2565, -1,
      2565, 2485, 2566, -1,
      2565, 2566, 2557, -1,
      2557, 2566, 2567, -1,
      2557, 2567, 2555, -1,
      2568, 2569, 2570, -1,
      2570, 2569, 2571, -1,
      2570, 2571, 2550, -1,
      2550, 2571, 2572, -1,
      2550, 2572, 2548, -1,
      2573, 2540, 2508, -1,
      2574, 2575, 2576, -1,
      2577, 2578, 2569, -1,
      2487, 2485, 2553, -1,
      2553, 2485, 2552, -1,
      2553, 2552, 2579, -1,
      2579, 2552, 2580, -1,
      2579, 2580, 2581, -1,
      2581, 2580, 2573, -1,
      2581, 2573, 2506, -1,
      2506, 2573, 2508, -1,
      2568, 2582, 2583, -1,
      2583, 2582, 2574, -1,
      2583, 2574, 2584, -1,
      2584, 2574, 2576, -1,
      2568, 2583, 2569, -1,
      2569, 2583, 2585, -1,
      2569, 2585, 2577, -1,
      2586, 2587, 2578, -1,
      2578, 2587, 2588, -1,
      2578, 2588, 2569, -1,
      2497, 2589, 2499, -1,
      2499, 2589, 2590, -1,
      2499, 2590, 2591, -1,
      2591, 2590, 2592, -1,
      2591, 2592, 2593, -1,
      2593, 2592, 2594, -1,
      2515, 2514, 2497, -1,
      2497, 2514, 2595, -1,
      2497, 2595, 2589, -1,
      2497, 2495, 2515, -1,
      2515, 2495, 2493, -1,
      2515, 2493, 2523, -1,
      2523, 2493, 2491, -1,
      2523, 2491, 2522, -1,
      2522, 2491, 2489, -1,
      2522, 2489, 2520, -1,
      2520, 2489, 2487, -1,
      2520, 2487, 2518, -1,
      2501, 2499, 2591, -1,
      2596, 2597, 2591, -1,
      2591, 2597, 2598, -1,
      2591, 2598, 2501, -1,
      2501, 2598, 2599, -1,
      2501, 2599, 2600, -1,
      2601, 2602, 2603, -1,
      2601, 2603, 2599, -1,
      2599, 2603, 2604, -1,
      2599, 2604, 2600, -1,
      2605, 2606, 2598, -1,
      2598, 2606, 2599, -1,
      2607, 2608, 2609, -1,
      2609, 2608, 2605, -1,
      2610, 2611, 2612, -1,
      2612, 2611, 2606, -1,
      2612, 2606, 2613, -1,
      2608, 2498, 2605, -1,
      2605, 2498, 2500, -1,
      2605, 2500, 2606, -1,
      2606, 2500, 2614, -1,
      2606, 2614, 2613, -1,
      2615, 2616, 2617, -1,
      2519, 2486, 2521, -1,
      2521, 2486, 2488, -1,
      2521, 2488, 2513, -1,
      2513, 2488, 2490, -1,
      2513, 2490, 2618, -1,
      2618, 2490, 2619, -1,
      2619, 2490, 2492, -1,
      2619, 2492, 2620, -1,
      2620, 2492, 2621, -1,
      2621, 2492, 2494, -1,
      2621, 2494, 2622, -1,
      2622, 2494, 2623, -1,
      2623, 2494, 2496, -1,
      2623, 2496, 2624, -1,
      2615, 2617, 2608, -1,
      2624, 2496, 2617, -1,
      2617, 2496, 2498, -1,
      2617, 2498, 2608, -1,
      2625, 2626, 2627, -1,
      2486, 2519, 2517, -1,
      2628, 2629, 2630, -1,
      2484, 2486, 2631, -1,
      2631, 2486, 2517, -1,
      2631, 2517, 2632, -1,
      2632, 2517, 2633, -1,
      2632, 2633, 2625, -1,
      2625, 2633, 2634, -1,
      2625, 2634, 2626, -1,
      2627, 2635, 2625, -1,
      2625, 2635, 2628, -1,
      2625, 2628, 2636, -1,
      2636, 2628, 2630, -1,
      2637, 2638, 2639, -1,
      2639, 2640, 2637, -1,
      2637, 2640, 2641, -1,
      2637, 2641, 2642, -1,
      2642, 2641, 2484, -1,
      2642, 2484, 2643, -1,
      2643, 2484, 2631, -1,
      2643, 2631, 2644, -1,
      2645, 2646, 2647, -1,
      2647, 2646, 2648, -1,
      2647, 2648, 2637, -1,
      2637, 2648, 2649, -1,
      2637, 2649, 2638, -1,
      2505, 2507, 2650, -1,
      2631, 2651, 2644, -1,
      2644, 2651, 2652, -1,
      2644, 2652, 2653, -1,
      2653, 2652, 2505, -1,
      2653, 2505, 2654, -1,
      2654, 2505, 2650, -1,
      2655, 2656, 2657, -1,
      2658, 2657, 2659, -1,
      2659, 2657, 2656, -1,
      2659, 2656, 2660, -1,
      2660, 2656, 2661, -1,
      2662, 2663, 2657, -1,
      2657, 2663, 2664, -1,
      2657, 2664, 2655, -1,
      2665, 2666, 2667, -1,
      2667, 2668, 2665, -1,
      2665, 2668, 2669, -1,
      2665, 2669, 2662, -1,
      2662, 2669, 2670, -1,
      2662, 2670, 2663, -1,
      2650, 2507, 2671, -1,
      2671, 2507, 2509, -1,
      2671, 2509, 2666, -1,
      2666, 2509, 2504, -1,
      2666, 2504, 2667, -1,
      2672, 2658, 2659, -1,
      2673, 2674, 2659, -1,
      2659, 2674, 2675, -1,
      2659, 2675, 2672, -1,
      2672, 2675, 2676, -1,
      2672, 2676, 2677, -1,
      2677, 2676, 2678, -1,
      2678, 2679, 2677, -1,
      2677, 2679, 2680, -1,
      2677, 2680, 2681, -1,
      2527, 2534, 2675, -1,
      2675, 2534, 2676, -1,
      2672, 2533, 2658, -1,
      2658, 2533, 2532, -1,
      2658, 2532, 2657, -1,
      2657, 2532, 2541, -1,
      2657, 2541, 2662, -1,
      2662, 2541, 2536, -1,
      2662, 2536, 2665, -1,
      2665, 2536, 2537, -1,
      2665, 2537, 2666, -1,
      2666, 2537, 2538, -1,
      2666, 2538, 2671, -1,
      2671, 2538, 2539, -1,
      2671, 2539, 2650, -1,
      2650, 2539, 2540, -1,
      2650, 2540, 2654, -1,
      2654, 2540, 2573, -1,
      2682, 2683, 2583, -1,
      2583, 2683, 2585, -1,
      2570, 2636, 2568, -1,
      2568, 2636, 2630, -1,
      2568, 2630, 2684, -1,
      2628, 2571, 2629, -1,
      2629, 2571, 2569, -1,
      2629, 2569, 2685, -1,
      2683, 2682, 2630, -1,
      2686, 2687, 2684, -1,
      2686, 2684, 2688, -1,
      2687, 2689, 2684, -1,
      2684, 2689, 2690, -1,
      2684, 2690, 2691, -1,
      2691, 2690, 2692, -1,
      2693, 2685, 2694, -1,
      2694, 2685, 2695, -1,
      2694, 2695, 2696, -1,
      2693, 2697, 2685, -1,
      2685, 2697, 2698, -1,
      2685, 2698, 2699, -1,
      2630, 2682, 2684, -1,
      2684, 2682, 2700, -1,
      2684, 2700, 2688, -1,
      2630, 2629, 2683, -1,
      2683, 2629, 2685, -1,
      2683, 2685, 2701, -1,
      2701, 2685, 2699, -1,
      2702, 2703, 2704, -1,
      2705, 2706, 2704, -1,
      2704, 2706, 2707, -1,
      2707, 2708, 2704, -1,
      2704, 2708, 2709, -1,
      2704, 2709, 2702, -1,
      2710, 2711, 2712, -1,
      2712, 2711, 2713, -1,
      2712, 2713, 2714, -1,
      2705, 2704, 2715, -1,
      2715, 2704, 2716, -1,
      2715, 2716, 2713, -1,
      2713, 2716, 2717, -1,
      2713, 2717, 2714, -1,
      2718, 2719, 2720, -1,
      2718, 2720, 2721, -1,
      2721, 2720, 2722, -1,
      2721, 2722, 2723, -1,
      2723, 2722, 2724, -1,
      2723, 2724, 2725, -1,
      2725, 2724, 2705, -1,
      2725, 2705, 2715, -1,
      2726, 2727, 2728, -1,
      2719, 2718, 2729, -1,
      2729, 2718, 2726, -1,
      2729, 2726, 2730, -1,
      2730, 2726, 2728, -1,
      2731, 2732, 2607, -1,
      2607, 2732, 2733, -1,
      2733, 2616, 2607, -1,
      2607, 2616, 2615, -1,
      2607, 2615, 2608, -1,
      2727, 2726, 2734, -1,
      2734, 2726, 2735, -1,
      2734, 2735, 2736, -1,
      2736, 2735, 2737, -1,
      2736, 2737, 2738, -1,
      2738, 2737, 2739, -1,
      2738, 2739, 2740, -1,
      2740, 2739, 2741, -1,
      2740, 2741, 2607, -1,
      2607, 2741, 2742, -1,
      2607, 2742, 2731, -1,
      2593, 2594, 2743, -1,
      2596, 2591, 2593, -1,
      2593, 2743, 2596, -1,
      2596, 2743, 2744, -1,
      2596, 2744, 2745, -1,
      2745, 2746, 2596, -1,
      2596, 2746, 2747, -1,
      2596, 2747, 2748, -1,
      2748, 2747, 2749, -1,
      2749, 2747, 2750, -1,
      2749, 2750, 2751, -1,
      2752, 2753, 2754, -1,
      2754, 2753, 2755, -1,
      2750, 2756, 2751, -1,
      2751, 2756, 2754, -1,
      2751, 2754, 2757, -1,
      2757, 2754, 2755, -1,
      2758, 2753, 2752, -1,
      2759, 2760, 2752, -1,
      2752, 2760, 2761, -1,
      2752, 2761, 2758, -1,
      2762, 2763, 2764, -1,
      2764, 2763, 2765, -1,
      2764, 2765, 2766, -1,
      2766, 2765, 2767, -1,
      2766, 2767, 2768, -1,
      2768, 2767, 2769, -1,
      2768, 2769, 2759, -1,
      2759, 2769, 2760, -1,
      2770, 2762, 2771, -1,
      2772, 2773, 2774, -1,
      2774, 2773, 2775, -1,
      2774, 2775, 2771, -1,
      2771, 2775, 2776, -1,
      2771, 2776, 2770, -1,
      2777, 2778, 2779, -1,
      2779, 2778, 2780, -1,
      2779, 2780, 2781, -1,
      2762, 2770, 2763, -1,
      2763, 2770, 2782, -1,
      2763, 2782, 2780, -1,
      2780, 2782, 2783, -1,
      2780, 2783, 2781, -1,
      2782, 2770, 2704, -1,
      2704, 2770, 2716, -1,
      2713, 2771, 2715, -1,
      2715, 2771, 2762, -1,
      2715, 2762, 2725, -1,
      2725, 2762, 2764, -1,
      2725, 2764, 2723, -1,
      2723, 2764, 2766, -1,
      2723, 2766, 2721, -1,
      2721, 2766, 2768, -1,
      2721, 2768, 2718, -1,
      2718, 2768, 2759, -1,
      2718, 2759, 2726, -1,
      2726, 2759, 2752, -1,
      2726, 2752, 2735, -1,
      2735, 2752, 2754, -1,
      2735, 2754, 2737, -1,
      2737, 2754, 2756, -1,
      2660, 2661, 2784, -1,
      2673, 2659, 2660, -1,
      2660, 2784, 2673, -1,
      2673, 2784, 2785, -1,
      2673, 2785, 2786, -1,
      2786, 2787, 2673, -1,
      2673, 2787, 2788, -1,
      2673, 2788, 2789, -1,
      2789, 2788, 2790, -1,
      2790, 2788, 2791, -1,
      2790, 2791, 2792, -1,
      2793, 2794, 2795, -1,
      2791, 2796, 2792, -1,
      2792, 2796, 2793, -1,
      2792, 2793, 2797, -1,
      2797, 2793, 2795, -1,
      2795, 2794, 2798, -1,
      2798, 2794, 2799, -1,
      2800, 2801, 2794, -1,
      2794, 2801, 2802, -1,
      2794, 2802, 2799, -1,
      2803, 2804, 2805, -1,
      2803, 2805, 2806, -1,
      2806, 2805, 2807, -1,
      2806, 2807, 2808, -1,
      2808, 2807, 2809, -1,
      2808, 2809, 2810, -1,
      2810, 2809, 2801, -1,
      2810, 2801, 2800, -1,
      2811, 2812, 2813, -1,
      2813, 2812, 2814, -1,
      2813, 2814, 2803, -1,
      2803, 2814, 2804, -1,
      2813, 2815, 2816, -1,
      2816, 2817, 2813, -1,
      2813, 2817, 2818, -1,
      2813, 2818, 2811, -1,
      2819, 2820, 2821, -1,
      2821, 2820, 2822, -1,
      2812, 2823, 2814, -1,
      2814, 2823, 2820, -1,
      2814, 2820, 2824, -1,
      2824, 2820, 2819, -1,
      2823, 2812, 2825, -1,
      2825, 2812, 2826, -1,
      2827, 2828, 2829, -1,
      2829, 2828, 2830, -1,
      2831, 2832, 2830, -1,
      2830, 2832, 2825, -1,
      2830, 2825, 2829, -1,
      2833, 2834, 2835, -1,
      2835, 2834, 2836, -1,
      2825, 2826, 2829, -1,
      2829, 2826, 2836, -1,
      2829, 2836, 2837, -1,
      2837, 2836, 2834, -1,
      2831, 2838, 2832, -1,
      2832, 2838, 2839, -1,
      2832, 2839, 2840, -1,
      2841, 2842, 2843, -1,
      2843, 2842, 2844, -1,
      2843, 2844, 2845, -1,
      2845, 2844, 2846, -1,
      2845, 2846, 2847, -1,
      2847, 2846, 2848, -1,
      2847, 2848, 2827, -1,
      2827, 2848, 2828, -1,
      2842, 2841, 2849, -1,
      2849, 2841, 2850, -1,
      2849, 2850, 2851, -1,
      2851, 2850, 2852, -1,
      2853, 2524, 2854, -1,
      2854, 2524, 2855, -1,
      2854, 2855, 2856, -1,
      2856, 2855, 2857, -1,
      2856, 2857, 2858, -1,
      2858, 2857, 2859, -1,
      2858, 2859, 2860, -1,
      2853, 2861, 2524, -1,
      2524, 2861, 2862, -1,
      2524, 2862, 2863, -1,
      2863, 2544, 2524, -1,
      2524, 2544, 2543, -1,
      2524, 2543, 2525, -1,
      2852, 2850, 2864, -1,
      2864, 2850, 2860, -1,
      2864, 2860, 2865, -1,
      2865, 2860, 2859, -1,
      2796, 2858, 2793, -1,
      2793, 2858, 2860, -1,
      2793, 2860, 2794, -1,
      2794, 2860, 2850, -1,
      2794, 2850, 2800, -1,
      2800, 2850, 2841, -1,
      2800, 2841, 2810, -1,
      2810, 2841, 2843, -1,
      2810, 2843, 2808, -1,
      2808, 2843, 2845, -1,
      2808, 2845, 2806, -1,
      2806, 2845, 2847, -1,
      2806, 2847, 2803, -1,
      2803, 2847, 2827, -1,
      2803, 2827, 2813, -1,
      2813, 2827, 2829, -1,
      2797, 2865, 2792, -1,
      2792, 2865, 2859, -1,
      2792, 2859, 2790, -1,
      2790, 2859, 2857, -1,
      2849, 2802, 2842, -1,
      2842, 2802, 2801, -1,
      2842, 2801, 2844, -1,
      2844, 2801, 2809, -1,
      2844, 2809, 2846, -1,
      2846, 2809, 2807, -1,
      2846, 2807, 2848, -1,
      2848, 2807, 2805, -1,
      2848, 2805, 2828, -1,
      2828, 2805, 2804, -1,
      2828, 2804, 2830, -1,
      2830, 2804, 2814, -1,
      2738, 2749, 2736, -1,
      2736, 2749, 2751, -1,
      2736, 2751, 2734, -1,
      2734, 2751, 2757, -1,
      2780, 2706, 2763, -1,
      2763, 2706, 2705, -1,
      2763, 2705, 2765, -1,
      2765, 2705, 2724, -1,
      2765, 2724, 2767, -1,
      2767, 2724, 2722, -1,
      2767, 2722, 2769, -1,
      2769, 2722, 2720, -1,
      2769, 2720, 2760, -1,
      2760, 2720, 2719, -1,
      2760, 2719, 2761, -1,
      2761, 2719, 2729, -1,
      2866, 2867, 2868, -1,
      2868, 2867, 2869, -1,
      2868, 2869, 2870, -1,
      2870, 2869, 2871, -1,
      2870, 2871, 2872, -1,
      2872, 2871, 2873, -1,
      2872, 2873, 2874, -1,
      2874, 2873, 2875, -1,
      2874, 2875, 2876, -1,
      2876, 2875, 2877, -1,
      2876, 2877, 2878, -1,
      2878, 2877, 2879, -1,
      2878, 2879, 2562, -1,
      2562, 2879, 2645, -1,
      2562, 2645, 2564, -1,
      2564, 2645, 2647, -1,
      2560, 2648, 2561, -1,
      2561, 2648, 2646, -1,
      2561, 2646, 2880, -1,
      2880, 2646, 2881, -1,
      2880, 2881, 2882, -1,
      2882, 2881, 2883, -1,
      2882, 2883, 2884, -1,
      2884, 2883, 2885, -1,
      2884, 2885, 2886, -1,
      2886, 2885, 2887, -1,
      2886, 2887, 2888, -1,
      2888, 2887, 2889, -1,
      2888, 2889, 2890, -1,
      2890, 2889, 2891, -1,
      2890, 2891, 2892, -1,
      2892, 2891, 2893, -1,
      2894, 2895, 2867, -1,
      2867, 2895, 2893, -1,
      2867, 2893, 2869, -1,
      2869, 2893, 2891, -1,
      2896, 2897, 2894, -1,
      2894, 2897, 2895, -1,
      2868, 2890, 2866, -1,
      2866, 2890, 2892, -1,
      2866, 2892, 2896, -1,
      2896, 2892, 2897, -1,
      2562, 2561, 2878, -1,
      2878, 2561, 2880, -1,
      2878, 2880, 2876, -1,
      2876, 2880, 2882, -1,
      2876, 2882, 2874, -1,
      2874, 2882, 2884, -1,
      2874, 2884, 2872, -1,
      2872, 2884, 2886, -1,
      2872, 2886, 2870, -1,
      2870, 2886, 2888, -1,
      2870, 2888, 2868, -1,
      2868, 2888, 2890, -1,
      2869, 2891, 2889, -1,
      2869, 2889, 2871, -1,
      2871, 2889, 2887, -1,
      2871, 2887, 2873, -1,
      2873, 2887, 2885, -1,
      2873, 2885, 2875, -1,
      2875, 2885, 2883, -1,
      2875, 2883, 2877, -1,
      2877, 2883, 2881, -1,
      2877, 2881, 2879, -1,
      2879, 2881, 2646, -1,
      2879, 2646, 2645, -1,
      2893, 2895, 2892, -1,
      2892, 2895, 2897, -1,
      2894, 2867, 2896, -1,
      2896, 2867, 2866, -1,
      2517, 2516, 2633, -1,
      2633, 2516, 2558, -1,
      2633, 2558, 2634, -1,
      2634, 2558, 2559, -1,
      2634, 2559, 2626, -1,
      2626, 2559, 2549, -1,
      2626, 2549, 2627, -1,
      2627, 2549, 2548, -1,
      2627, 2548, 2635, -1,
      2635, 2548, 2572, -1,
      2635, 2572, 2628, -1,
      2628, 2572, 2571, -1,
      2506, 2505, 2581, -1,
      2581, 2505, 2652, -1,
      2581, 2652, 2579, -1,
      2579, 2652, 2651, -1,
      2579, 2651, 2553, -1,
      2553, 2651, 2631, -1,
      2553, 2631, 2554, -1,
      2554, 2631, 2632, -1,
      2554, 2632, 2550, -1,
      2550, 2632, 2625, -1,
      2550, 2625, 2570, -1,
      2570, 2625, 2636, -1,
      2676, 2534, 2535, -1,
      2676, 2535, 2678, -1,
      2678, 2535, 2528, -1,
      2678, 2528, 2679, -1,
      2679, 2528, 2530, -1,
      2679, 2530, 2680, -1,
      2680, 2530, 2531, -1,
      2680, 2531, 2681, -1,
      2681, 2531, 2529, -1,
      2681, 2529, 2677, -1,
      2677, 2529, 2533, -1,
      2677, 2533, 2672, -1,
      2599, 2606, 2611, -1,
      2599, 2611, 2601, -1,
      2601, 2611, 2610, -1,
      2601, 2610, 2602, -1,
      2602, 2610, 2612, -1,
      2602, 2612, 2603, -1,
      2603, 2612, 2613, -1,
      2603, 2613, 2604, -1,
      2604, 2613, 2614, -1,
      2604, 2614, 2600, -1,
      2600, 2614, 2500, -1,
      2600, 2500, 2501, -1,
      2738, 2740, 2749, -1,
      2749, 2740, 2748, -1,
      2748, 2740, 2596, -1,
      2596, 2740, 2607, -1,
      2596, 2607, 2597, -1,
      2607, 2609, 2597, -1,
      2597, 2609, 2605, -1,
      2597, 2605, 2598, -1,
      2761, 2729, 2730, -1,
      2734, 2757, 2727, -1,
      2727, 2757, 2755, -1,
      2727, 2755, 2728, -1,
      2728, 2755, 2753, -1,
      2728, 2753, 2730, -1,
      2730, 2753, 2758, -1,
      2730, 2758, 2761, -1,
      2857, 2855, 2790, -1,
      2790, 2855, 2789, -1,
      2789, 2855, 2673, -1,
      2673, 2855, 2524, -1,
      2673, 2524, 2674, -1,
      2524, 2526, 2674, -1,
      2674, 2526, 2527, -1,
      2674, 2527, 2675, -1,
      2864, 2865, 2797, -1,
      2797, 2795, 2864, -1,
      2864, 2795, 2798, -1,
      2864, 2798, 2852, -1,
      2852, 2798, 2799, -1,
      2852, 2799, 2851, -1,
      2851, 2799, 2802, -1,
      2851, 2802, 2849, -1,
      2654, 2573, 2653, -1,
      2653, 2573, 2580, -1,
      2653, 2580, 2644, -1,
      2644, 2580, 2552, -1,
      2644, 2552, 2643, -1,
      2643, 2552, 2551, -1,
      2643, 2551, 2642, -1,
      2642, 2551, 2565, -1,
      2642, 2565, 2637, -1,
      2637, 2565, 2557, -1,
      2637, 2557, 2647, -1,
      2647, 2557, 2564, -1,
      2667, 2504, 2503, -1,
      2858, 2796, 2791, -1,
      2858, 2791, 2856, -1,
      2856, 2791, 2788, -1,
      2856, 2788, 2854, -1,
      2854, 2788, 2853, -1,
      2853, 2788, 2787, -1,
      2853, 2787, 2861, -1,
      2861, 2787, 2786, -1,
      2861, 2786, 2862, -1,
      2862, 2786, 2785, -1,
      2862, 2785, 2863, -1,
      2863, 2785, 2784, -1,
      2863, 2784, 2544, -1,
      2784, 2661, 2544, -1,
      2544, 2661, 2656, -1,
      2544, 2656, 2542, -1,
      2542, 2656, 2655, -1,
      2542, 2655, 2545, -1,
      2545, 2655, 2664, -1,
      2545, 2664, 2546, -1,
      2664, 2663, 2546, -1,
      2546, 2663, 2670, -1,
      2546, 2670, 2547, -1,
      2667, 2503, 2668, -1,
      2547, 2670, 2503, -1,
      2503, 2670, 2669, -1,
      2503, 2669, 2668, -1,
      2589, 2623, 2590, -1,
      2590, 2623, 2624, -1,
      2590, 2624, 2592, -1,
      2592, 2624, 2617, -1,
      2592, 2617, 2594, -1,
      2594, 2617, 2616, -1,
      2594, 2616, 2743, -1,
      2743, 2616, 2733, -1,
      2743, 2733, 2744, -1,
      2744, 2733, 2732, -1,
      2744, 2732, 2745, -1,
      2745, 2732, 2731, -1,
      2745, 2731, 2746, -1,
      2746, 2731, 2742, -1,
      2746, 2742, 2747, -1,
      2747, 2742, 2741, -1,
      2747, 2741, 2750, -1,
      2750, 2741, 2739, -1,
      2750, 2739, 2756, -1,
      2756, 2739, 2737, -1,
      2514, 2513, 2618, -1,
      2618, 2619, 2514, -1,
      2514, 2619, 2620, -1,
      2514, 2620, 2595, -1,
      2595, 2620, 2621, -1,
      2595, 2621, 2589, -1,
      2589, 2621, 2622, -1,
      2589, 2622, 2623, -1,
      2685, 2569, 2588, -1,
      2685, 2588, 2695, -1,
      2695, 2588, 2587, -1,
      2695, 2587, 2696, -1,
      2696, 2587, 2586, -1,
      2696, 2586, 2694, -1,
      2578, 2697, 2586, -1,
      2586, 2697, 2693, -1,
      2586, 2693, 2694, -1,
      2577, 2585, 2683, -1,
      2683, 2701, 2577, -1,
      2577, 2701, 2699, -1,
      2577, 2699, 2578, -1,
      2578, 2699, 2698, -1,
      2578, 2698, 2697, -1,
      2682, 2583, 2700, -1,
      2700, 2583, 2584, -1,
      2700, 2584, 2688, -1,
      2688, 2584, 2686, -1,
      2686, 2584, 2576, -1,
      2686, 2576, 2687, -1,
      2687, 2576, 2689, -1,
      2689, 2576, 2575, -1,
      2689, 2575, 2690, -1,
      2690, 2575, 2574, -1,
      2690, 2574, 2692, -1,
      2692, 2574, 2582, -1,
      2692, 2582, 2691, -1,
      2691, 2582, 2568, -1,
      2691, 2568, 2684, -1,
      2771, 2713, 2711, -1,
      2771, 2711, 2774, -1,
      2774, 2711, 2710, -1,
      2774, 2710, 2772, -1,
      2772, 2710, 2712, -1,
      2772, 2712, 2773, -1,
      2773, 2712, 2714, -1,
      2773, 2714, 2775, -1,
      2775, 2714, 2717, -1,
      2775, 2717, 2776, -1,
      2776, 2717, 2716, -1,
      2776, 2716, 2770, -1,
      2813, 2829, 2837, -1,
      2813, 2837, 2815, -1,
      2815, 2837, 2834, -1,
      2815, 2834, 2816, -1,
      2816, 2834, 2833, -1,
      2816, 2833, 2817, -1,
      2817, 2833, 2835, -1,
      2817, 2835, 2818, -1,
      2818, 2835, 2836, -1,
      2818, 2836, 2811, -1,
      2811, 2836, 2826, -1,
      2811, 2826, 2812, -1,
      2485, 2484, 2566, -1,
      2566, 2484, 2641, -1,
      2566, 2641, 2567, -1,
      2567, 2641, 2640, -1,
      2567, 2640, 2555, -1,
      2555, 2640, 2639, -1,
      2555, 2639, 2556, -1,
      2556, 2639, 2638, -1,
      2556, 2638, 2563, -1,
      2563, 2638, 2649, -1,
      2563, 2649, 2560, -1,
      2560, 2649, 2648, -1,
      2823, 2825, 2832, -1,
      2823, 2832, 2820, -1,
      2820, 2832, 2840, -1,
      2820, 2840, 2822, -1,
      2822, 2840, 2839, -1,
      2822, 2839, 2821, -1,
      2821, 2839, 2838, -1,
      2821, 2838, 2819, -1,
      2819, 2838, 2831, -1,
      2819, 2831, 2824, -1,
      2824, 2831, 2830, -1,
      2824, 2830, 2814, -1,
      2782, 2704, 2703, -1,
      2782, 2703, 2783, -1,
      2783, 2703, 2702, -1,
      2783, 2702, 2781, -1,
      2781, 2702, 2709, -1,
      2781, 2709, 2779, -1,
      2779, 2709, 2708, -1,
      2779, 2708, 2777, -1,
      2777, 2708, 2707, -1,
      2777, 2707, 2778, -1,
      2778, 2707, 2706, -1,
      2778, 2706, 2780, -1,
      2898, 2899, 2900, -1,
      2900, 2899, 2901, -1,
      2900, 2901, 2902, -1,
      2902, 2901, 2903, -1,
      2902, 2903, 2904, -1,
      2904, 2903, 2905, -1,
      2904, 2905, 2906, -1,
      2906, 2905, 2907, -1,
      2906, 2907, 2908, -1,
      2908, 2907, 2909, -1,
      2908, 2909, 2910, -1,
      2910, 2909, 2911, -1,
      2910, 2911, 2912, -1,
      2912, 2911, 2913, -1,
      2912, 2913, 2914, -1,
      2914, 2913, 2915, -1,
      2916, 2917, 2918, -1,
      2919, 2920, 2921, -1,
      2921, 2920, 2922, -1,
      2921, 2922, 2923, -1,
      2922, 2924, 2923, -1,
      2923, 2924, 2925, -1,
      2923, 2925, 2918, -1,
      2918, 2925, 2926, -1,
      2918, 2926, 2916, -1,
      2927, 2928, 2929, -1,
      2930, 2931, 2932, -1,
      2932, 2931, 2933, -1,
      2932, 2933, 2934, -1,
      2934, 2933, 2935, -1,
      2934, 2935, 2936, -1,
      2936, 2935, 2927, -1,
      2936, 2927, 2937, -1,
      2937, 2927, 2929, -1,
      2938, 2939, 2940, -1,
      2940, 2939, 2941, -1,
      2942, 2943, 2944, -1,
      2944, 2943, 2945, -1,
      2939, 2946, 2941, -1,
      2941, 2946, 2947, -1,
      2941, 2947, 2948, -1,
      2948, 2947, 2943, -1,
      2948, 2943, 2949, -1,
      2949, 2943, 2942, -1,
      2950, 2926, 2951, -1,
      2951, 2926, 2925, -1,
      2951, 2925, 2952, -1,
      2952, 2925, 2924, -1,
      2952, 2924, 2953, -1,
      2953, 2924, 2922, -1,
      2953, 2922, 2954, -1,
      2955, 2917, 2950, -1,
      2950, 2917, 2916, -1,
      2950, 2916, 2926, -1,
      2946, 2939, 2956, -1,
      2956, 2939, 2957, -1,
      2956, 2957, 2958, -1,
      2956, 2959, 2946, -1,
      2946, 2959, 2960, -1,
      2946, 2960, 2955, -1,
      2955, 2960, 2961, -1,
      2955, 2961, 2917, -1,
      2962, 2901, 2963, -1,
      2963, 2901, 2899, -1,
      2963, 2899, 2964, -1,
      2932, 2901, 2930, -1,
      2930, 2901, 2962, -1,
      2930, 2962, 2965, -1,
      2965, 2962, 2966, -1,
      2965, 2966, 2967, -1,
      2967, 2966, 2968, -1,
      2969, 2970, 2971, -1,
      2971, 2970, 2972, -1,
      2971, 2972, 2966, -1,
      2966, 2972, 2973, -1,
      2966, 2973, 2968, -1,
      2974, 2954, 2922, -1,
      2975, 2976, 2977, -1,
      2978, 2979, 2980, -1,
      2980, 2979, 2981, -1,
      2980, 2981, 2982, -1,
      2977, 2983, 2975, -1,
      2975, 2983, 2984, -1,
      2975, 2984, 2980, -1,
      2980, 2984, 2985, -1,
      2980, 2985, 2978, -1,
      2986, 2987, 2988, -1,
      2971, 2989, 2969, -1,
      2969, 2989, 2990, -1,
      2969, 2990, 2991, -1,
      2981, 2974, 2982, -1,
      2982, 2974, 2922, -1,
      2982, 2922, 2992, -1,
      2992, 2922, 2920, -1,
      2992, 2920, 2993, -1,
      2993, 2920, 2994, -1,
      2993, 2994, 2964, -1,
      2964, 2994, 2995, -1,
      2964, 2995, 2963, -1,
      2989, 2996, 2990, -1,
      2990, 2996, 2986, -1,
      2990, 2986, 2997, -1,
      2997, 2986, 2988, -1,
      2998, 2999, 3000, -1,
      2991, 3001, 2969, -1,
      2969, 3001, 2998, -1,
      2969, 2998, 3002, -1,
      3002, 2998, 3000, -1,
      2911, 3003, 2913, -1,
      2913, 3003, 3004, -1,
      2913, 3004, 3005, -1,
      3005, 3004, 3006, -1,
      3005, 3006, 3007, -1,
      3007, 3006, 3008, -1,
      2929, 2928, 2911, -1,
      2911, 2928, 3009, -1,
      2911, 3009, 3003, -1,
      2911, 2909, 2929, -1,
      2929, 2909, 2907, -1,
      2929, 2907, 2937, -1,
      2937, 2907, 2905, -1,
      2937, 2905, 2936, -1,
      2936, 2905, 2903, -1,
      2936, 2903, 2934, -1,
      2934, 2903, 2901, -1,
      2934, 2901, 2932, -1,
      2915, 2913, 3005, -1,
      3010, 3011, 3005, -1,
      3005, 3011, 3012, -1,
      3005, 3012, 2915, -1,
      2915, 3012, 3013, -1,
      2915, 3013, 3014, -1,
      3015, 3016, 3017, -1,
      3015, 3017, 3013, -1,
      3013, 3017, 3018, -1,
      3013, 3018, 3014, -1,
      3019, 3020, 3012, -1,
      3012, 3020, 3013, -1,
      3021, 3022, 3023, -1,
      3023, 3022, 3019, -1,
      3024, 3025, 3026, -1,
      3026, 3025, 3020, -1,
      3026, 3020, 3027, -1,
      3022, 2912, 3019, -1,
      3019, 2912, 2914, -1,
      3019, 2914, 3020, -1,
      3020, 2914, 3028, -1,
      3020, 3028, 3027, -1,
      3029, 3030, 3031, -1,
      2933, 2900, 2935, -1,
      2935, 2900, 2902, -1,
      2935, 2902, 2927, -1,
      2927, 2902, 2904, -1,
      2927, 2904, 3032, -1,
      3032, 2904, 3033, -1,
      3033, 2904, 2906, -1,
      3033, 2906, 3034, -1,
      3034, 2906, 3035, -1,
      3035, 2906, 2908, -1,
      3035, 2908, 3036, -1,
      3036, 2908, 3037, -1,
      3037, 2908, 2910, -1,
      3037, 2910, 3038, -1,
      3029, 3031, 3022, -1,
      3038, 2910, 3031, -1,
      3031, 2910, 2912, -1,
      3031, 2912, 3022, -1,
      3039, 3040, 3041, -1,
      3042, 3043, 3044, -1,
      2900, 2933, 2931, -1,
      3041, 3045, 3039, -1,
      3039, 3045, 3042, -1,
      3039, 3042, 3046, -1,
      3046, 3042, 3044, -1,
      2898, 2900, 3047, -1,
      3047, 2900, 2931, -1,
      3047, 2931, 3048, -1,
      3048, 2931, 3049, -1,
      3048, 3049, 3039, -1,
      3039, 3049, 3050, -1,
      3039, 3050, 3040, -1,
      3051, 3052, 3053, -1,
      3054, 3055, 3056, -1,
      3056, 3055, 3057, -1,
      3056, 3057, 3058, -1,
      3058, 3057, 2898, -1,
      3058, 2898, 3059, -1,
      3059, 2898, 3047, -1,
      3059, 3047, 3060, -1,
      3053, 3061, 3051, -1,
      3051, 3061, 3062, -1,
      3051, 3062, 3056, -1,
      3056, 3062, 3063, -1,
      3056, 3063, 3054, -1,
      2919, 2921, 3064, -1,
      3047, 3065, 3060, -1,
      3060, 3065, 3066, -1,
      3060, 3066, 3067, -1,
      3067, 3066, 2919, -1,
      3067, 2919, 3068, -1,
      3068, 2919, 3064, -1,
      3069, 3070, 3071, -1,
      3072, 3071, 3073, -1,
      3073, 3071, 3070, -1,
      3073, 3070, 3074, -1,
      3074, 3070, 3075, -1,
      3076, 3077, 3071, -1,
      3071, 3077, 3078, -1,
      3071, 3078, 3069, -1,
      3079, 3080, 3081, -1,
      3081, 3082, 3079, -1,
      3079, 3082, 3083, -1,
      3079, 3083, 3076, -1,
      3076, 3083, 3084, -1,
      3076, 3084, 3077, -1,
      3064, 2921, 3085, -1,
      3085, 2921, 2923, -1,
      3085, 2923, 3080, -1,
      3080, 2923, 2918, -1,
      3080, 2918, 3081, -1,
      3086, 3072, 3073, -1,
      3087, 3088, 3073, -1,
      3073, 3088, 3089, -1,
      3073, 3089, 3086, -1,
      3086, 3089, 3090, -1,
      3086, 3090, 3091, -1,
      3091, 3090, 3092, -1,
      3092, 3093, 3091, -1,
      3091, 3093, 3094, -1,
      3091, 3094, 3095, -1,
      2941, 2948, 3089, -1,
      3089, 2948, 3090, -1,
      3086, 2947, 3072, -1,
      3072, 2947, 2946, -1,
      3072, 2946, 3071, -1,
      3071, 2946, 2955, -1,
      3071, 2955, 3076, -1,
      3076, 2955, 2950, -1,
      3076, 2950, 3079, -1,
      3079, 2950, 2951, -1,
      3079, 2951, 3080, -1,
      3080, 2951, 2952, -1,
      3080, 2952, 3085, -1,
      3085, 2952, 2953, -1,
      3085, 2953, 3064, -1,
      3064, 2953, 2954, -1,
      3064, 2954, 3068, -1,
      3068, 2954, 2974, -1,
      3096, 3097, 2990, -1,
      2990, 3097, 2991, -1,
      2971, 3046, 2989, -1,
      2989, 3046, 3044, -1,
      2989, 3044, 3098, -1,
      3042, 2970, 3043, -1,
      3043, 2970, 2969, -1,
      3043, 2969, 3099, -1,
      3097, 3096, 3044, -1,
      3100, 3101, 3098, -1,
      3100, 3098, 3102, -1,
      3101, 3103, 3098, -1,
      3098, 3103, 3104, -1,
      3098, 3104, 3105, -1,
      3105, 3104, 3106, -1,
      3107, 3099, 3108, -1,
      3108, 3099, 3109, -1,
      3108, 3109, 3110, -1,
      3107, 3111, 3099, -1,
      3099, 3111, 3112, -1,
      3099, 3112, 3113, -1,
      3044, 3096, 3098, -1,
      3098, 3096, 3114, -1,
      3098, 3114, 3102, -1,
      3044, 3043, 3097, -1,
      3097, 3043, 3099, -1,
      3097, 3099, 3115, -1,
      3115, 3099, 3113, -1,
      3116, 3117, 3118, -1,
      3118, 3117, 3119, -1,
      3117, 3120, 3119, -1,
      3119, 3120, 3121, -1,
      3119, 3121, 3122, -1,
      3122, 3123, 3119, -1,
      3119, 3123, 3124, -1,
      3119, 3124, 3125, -1,
      3119, 3126, 3118, -1,
      3118, 3126, 3127, -1,
      3118, 3127, 3128, -1,
      3128, 3127, 3129, -1,
      3128, 3129, 3130, -1,
      3130, 3129, 3131, -1,
      3132, 3133, 3134, -1,
      3132, 3134, 3135, -1,
      3135, 3134, 3136, -1,
      3135, 3136, 3137, -1,
      3137, 3136, 3138, -1,
      3137, 3138, 3139, -1,
      3139, 3138, 3117, -1,
      3139, 3117, 3116, -1,
      3140, 3141, 3142, -1,
      3133, 3132, 3143, -1,
      3143, 3132, 3140, -1,
      3143, 3140, 3144, -1,
      3144, 3140, 3142, -1,
      3145, 3146, 3021, -1,
      3021, 3146, 3147, -1,
      3147, 3030, 3021, -1,
      3021, 3030, 3029, -1,
      3021, 3029, 3022, -1,
      3141, 3140, 3148, -1,
      3148, 3140, 3149, -1,
      3148, 3149, 3150, -1,
      3150, 3149, 3151, -1,
      3150, 3151, 3152, -1,
      3152, 3151, 3153, -1,
      3152, 3153, 3154, -1,
      3154, 3153, 3155, -1,
      3154, 3155, 3021, -1,
      3021, 3155, 3156, -1,
      3021, 3156, 3145, -1,
      3007, 3008, 3157, -1,
      3010, 3005, 3007, -1,
      3007, 3157, 3010, -1,
      3010, 3157, 3158, -1,
      3010, 3158, 3159, -1,
      3159, 3160, 3010, -1,
      3010, 3160, 3161, -1,
      3010, 3161, 3162, -1,
      3162, 3161, 3163, -1,
      3163, 3161, 3164, -1,
      3163, 3164, 3165, -1,
      3166, 3167, 3168, -1,
      3168, 3167, 3169, -1,
      3164, 3170, 3165, -1,
      3165, 3170, 3168, -1,
      3165, 3168, 3171, -1,
      3171, 3168, 3169, -1,
      3172, 3167, 3166, -1,
      3173, 3174, 3166, -1,
      3166, 3174, 3175, -1,
      3166, 3175, 3172, -1,
      3176, 3177, 3178, -1,
      3178, 3177, 3179, -1,
      3178, 3179, 3180, -1,
      3180, 3179, 3181, -1,
      3180, 3181, 3182, -1,
      3182, 3181, 3183, -1,
      3182, 3183, 3173, -1,
      3173, 3183, 3174, -1,
      3184, 3177, 3185, -1,
      3185, 3177, 3176, -1,
      3186, 3187, 3184, -1,
      3184, 3187, 3188, -1,
      3184, 3188, 3177, -1,
      3186, 3189, 3187, -1,
      3187, 3189, 3190, -1,
      3187, 3190, 3191, -1,
      3192, 3193, 3194, -1,
      3194, 3193, 3195, -1,
      3176, 3196, 3185, -1,
      3185, 3196, 3195, -1,
      3185, 3195, 3197, -1,
      3197, 3195, 3193, -1,
      3184, 3185, 3119, -1,
      3119, 3185, 3126, -1,
      3118, 3196, 3116, -1,
      3116, 3196, 3176, -1,
      3116, 3176, 3139, -1,
      3139, 3176, 3178, -1,
      3139, 3178, 3137, -1,
      3137, 3178, 3180, -1,
      3137, 3180, 3135, -1,
      3135, 3180, 3182, -1,
      3135, 3182, 3132, -1,
      3132, 3182, 3173, -1,
      3132, 3173, 3140, -1,
      3140, 3173, 3166, -1,
      3140, 3166, 3149, -1,
      3149, 3166, 3168, -1,
      3149, 3168, 3151, -1,
      3151, 3168, 3170, -1,
      3074, 3075, 3198, -1,
      3087, 3073, 3074, -1,
      3074, 3198, 3087, -1,
      3087, 3198, 3199, -1,
      3087, 3199, 3200, -1,
      3200, 3201, 3087, -1,
      3087, 3201, 3202, -1,
      3087, 3202, 3203, -1,
      3203, 3202, 3204, -1,
      3204, 3202, 3205, -1,
      3204, 3205, 3206, -1,
      3207, 3208, 3209, -1,
      3205, 3210, 3206, -1,
      3206, 3210, 3207, -1,
      3206, 3207, 3211, -1,
      3211, 3207, 3209, -1,
      3209, 3208, 3212, -1,
      3212, 3208, 3213, -1,
      3214, 3215, 3208, -1,
      3208, 3215, 3216, -1,
      3208, 3216, 3213, -1,
      3217, 3218, 3219, -1,
      3217, 3219, 3220, -1,
      3220, 3219, 3221, -1,
      3220, 3221, 3222, -1,
      3222, 3221, 3223, -1,
      3222, 3223, 3224, -1,
      3224, 3223, 3215, -1,
      3224, 3215, 3214, -1,
      3225, 3226, 3227, -1,
      3227, 3226, 3228, -1,
      3227, 3228, 3217, -1,
      3217, 3228, 3218, -1,
      3227, 3229, 3230, -1,
      3230, 3231, 3227, -1,
      3227, 3231, 3232, -1,
      3227, 3232, 3225, -1,
      3233, 3234, 3235, -1,
      3235, 3234, 3236, -1,
      3226, 3237, 3228, -1,
      3228, 3237, 3234, -1,
      3228, 3234, 3238, -1,
      3238, 3234, 3233, -1,
      3237, 3226, 3239, -1,
      3239, 3226, 3240, -1,
      3241, 3242, 3243, -1,
      3243, 3242, 3244, -1,
      3245, 3246, 3244, -1,
      3244, 3246, 3239, -1,
      3244, 3239, 3243, -1,
      3247, 3248, 3249, -1,
      3249, 3248, 3250, -1,
      3239, 3240, 3243, -1,
      3243, 3240, 3250, -1,
      3243, 3250, 3251, -1,
      3251, 3250, 3248, -1,
      3245, 3252, 3246, -1,
      3246, 3252, 3253, -1,
      3246, 3253, 3254, -1,
      3255, 3256, 3257, -1,
      3257, 3256, 3258, -1,
      3257, 3258, 3259, -1,
      3259, 3258, 3260, -1,
      3259, 3260, 3261, -1,
      3261, 3260, 3262, -1,
      3261, 3262, 3241, -1,
      3241, 3262, 3242, -1,
      3256, 3255, 3263, -1,
      3263, 3255, 3264, -1,
      3263, 3264, 3265, -1,
      3265, 3264, 3266, -1,
      3267, 2938, 3268, -1,
      3268, 2938, 3269, -1,
      3268, 3269, 3270, -1,
      3270, 3269, 3271, -1,
      3270, 3271, 3272, -1,
      3272, 3271, 3273, -1,
      3272, 3273, 3274, -1,
      3267, 3275, 2938, -1,
      2938, 3275, 3276, -1,
      2938, 3276, 3277, -1,
      3277, 2958, 2938, -1,
      2938, 2958, 2957, -1,
      2938, 2957, 2939, -1,
      3266, 3264, 3278, -1,
      3278, 3264, 3274, -1,
      3278, 3274, 3279, -1,
      3279, 3274, 3273, -1,
      3210, 3272, 3207, -1,
      3207, 3272, 3274, -1,
      3207, 3274, 3208, -1,
      3208, 3274, 3264, -1,
      3208, 3264, 3214, -1,
      3214, 3264, 3255, -1,
      3214, 3255, 3224, -1,
      3224, 3255, 3257, -1,
      3224, 3257, 3222, -1,
      3222, 3257, 3259, -1,
      3222, 3259, 3220, -1,
      3220, 3259, 3261, -1,
      3220, 3261, 3217, -1,
      3217, 3261, 3241, -1,
      3217, 3241, 3227, -1,
      3227, 3241, 3243, -1,
      3211, 3279, 3206, -1,
      3206, 3279, 3273, -1,
      3206, 3273, 3204, -1,
      3204, 3273, 3271, -1,
      3263, 3216, 3256, -1,
      3256, 3216, 3215, -1,
      3256, 3215, 3258, -1,
      3258, 3215, 3223, -1,
      3258, 3223, 3260, -1,
      3260, 3223, 3221, -1,
      3260, 3221, 3262, -1,
      3262, 3221, 3219, -1,
      3262, 3219, 3242, -1,
      3242, 3219, 3218, -1,
      3242, 3218, 3244, -1,
      3244, 3218, 3228, -1,
      3152, 3163, 3150, -1,
      3150, 3163, 3165, -1,
      3150, 3165, 3148, -1,
      3148, 3165, 3171, -1,
      3188, 3120, 3177, -1,
      3177, 3120, 3117, -1,
      3177, 3117, 3179, -1,
      3179, 3117, 3138, -1,
      3179, 3138, 3181, -1,
      3181, 3138, 3136, -1,
      3181, 3136, 3183, -1,
      3183, 3136, 3134, -1,
      3183, 3134, 3174, -1,
      3174, 3134, 3133, -1,
      3174, 3133, 3175, -1,
      3175, 3133, 3143, -1,
      3280, 3281, 3282, -1,
      3282, 3281, 3283, -1,
      3282, 3283, 3284, -1,
      3284, 3283, 3285, -1,
      3284, 3285, 3286, -1,
      3286, 3285, 3287, -1,
      3286, 3287, 3288, -1,
      3288, 3287, 3289, -1,
      3288, 3289, 3290, -1,
      3290, 3289, 3291, -1,
      3290, 3291, 3292, -1,
      3292, 3291, 3293, -1,
      3292, 3293, 2977, -1,
      2977, 3293, 3052, -1,
      2977, 3052, 2983, -1,
      2983, 3052, 3051, -1,
      2975, 3061, 2976, -1,
      2976, 3061, 3053, -1,
      2976, 3053, 3294, -1,
      3294, 3053, 3295, -1,
      3294, 3295, 3296, -1,
      3296, 3295, 3297, -1,
      3296, 3297, 3298, -1,
      3298, 3297, 3299, -1,
      3298, 3299, 3300, -1,
      3300, 3299, 3301, -1,
      3300, 3301, 3302, -1,
      3302, 3301, 3303, -1,
      3302, 3303, 3304, -1,
      3304, 3303, 3305, -1,
      3304, 3305, 3306, -1,
      3306, 3305, 3307, -1,
      3308, 3309, 3281, -1,
      3281, 3309, 3307, -1,
      3281, 3307, 3283, -1,
      3283, 3307, 3305, -1,
      3310, 3311, 3308, -1,
      3308, 3311, 3309, -1,
      3282, 3304, 3280, -1,
      3280, 3304, 3306, -1,
      3280, 3306, 3310, -1,
      3310, 3306, 3311, -1,
      2977, 2976, 3292, -1,
      3292, 2976, 3294, -1,
      3292, 3294, 3290, -1,
      3290, 3294, 3296, -1,
      3290, 3296, 3288, -1,
      3288, 3296, 3298, -1,
      3288, 3298, 3286, -1,
      3286, 3298, 3300, -1,
      3286, 3300, 3284, -1,
      3284, 3300, 3302, -1,
      3284, 3302, 3282, -1,
      3282, 3302, 3304, -1,
      3283, 3305, 3303, -1,
      3283, 3303, 3285, -1,
      3285, 3303, 3301, -1,
      3285, 3301, 3287, -1,
      3287, 3301, 3299, -1,
      3287, 3299, 3289, -1,
      3289, 3299, 3297, -1,
      3289, 3297, 3291, -1,
      3291, 3297, 3295, -1,
      3291, 3295, 3293, -1,
      3293, 3295, 3053, -1,
      3293, 3053, 3052, -1,
      3307, 3309, 3306, -1,
      3306, 3309, 3311, -1,
      3308, 3281, 3310, -1,
      3310, 3281, 3280, -1,
      2931, 2930, 3049, -1,
      3049, 2930, 2965, -1,
      3049, 2965, 3050, -1,
      3050, 2965, 2967, -1,
      3050, 2967, 3040, -1,
      3040, 2967, 2968, -1,
      3040, 2968, 3041, -1,
      3041, 2968, 2973, -1,
      3041, 2973, 3045, -1,
      3045, 2973, 2972, -1,
      3045, 2972, 3042, -1,
      3042, 2972, 2970, -1,
      2920, 2919, 2994, -1,
      2994, 2919, 3066, -1,
      2994, 3066, 2995, -1,
      2995, 3066, 3065, -1,
      2995, 3065, 2963, -1,
      2963, 3065, 3047, -1,
      2963, 3047, 2962, -1,
      2962, 3047, 3048, -1,
      2962, 3048, 2966, -1,
      2966, 3048, 3039, -1,
      2966, 3039, 2971, -1,
      2971, 3039, 3046, -1,
      3090, 2948, 2949, -1,
      3090, 2949, 3092, -1,
      3092, 2949, 2942, -1,
      3092, 2942, 3093, -1,
      3093, 2942, 2944, -1,
      3093, 2944, 3094, -1,
      3094, 2944, 2945, -1,
      3094, 2945, 3095, -1,
      3095, 2945, 2943, -1,
      3095, 2943, 3091, -1,
      3091, 2943, 2947, -1,
      3091, 2947, 3086, -1,
      3013, 3020, 3025, -1,
      3013, 3025, 3015, -1,
      3015, 3025, 3024, -1,
      3015, 3024, 3016, -1,
      3016, 3024, 3026, -1,
      3016, 3026, 3017, -1,
      3017, 3026, 3027, -1,
      3017, 3027, 3018, -1,
      3018, 3027, 3028, -1,
      3018, 3028, 3014, -1,
      3014, 3028, 2914, -1,
      3014, 2914, 2915, -1,
      3152, 3154, 3163, -1,
      3163, 3154, 3162, -1,
      3162, 3154, 3010, -1,
      3010, 3154, 3021, -1,
      3010, 3021, 3011, -1,
      3021, 3023, 3011, -1,
      3011, 3023, 3019, -1,
      3011, 3019, 3012, -1,
      3175, 3143, 3144, -1,
      3148, 3171, 3141, -1,
      3141, 3171, 3169, -1,
      3141, 3169, 3142, -1,
      3142, 3169, 3167, -1,
      3142, 3167, 3144, -1,
      3144, 3167, 3172, -1,
      3144, 3172, 3175, -1,
      3271, 3269, 3204, -1,
      3204, 3269, 3203, -1,
      3203, 3269, 3087, -1,
      3087, 3269, 2938, -1,
      3087, 2938, 3088, -1,
      2938, 2940, 3088, -1,
      3088, 2940, 2941, -1,
      3088, 2941, 3089, -1,
      3278, 3279, 3211, -1,
      3211, 3209, 3278, -1,
      3278, 3209, 3212, -1,
      3278, 3212, 3266, -1,
      3266, 3212, 3213, -1,
      3266, 3213, 3265, -1,
      3265, 3213, 3216, -1,
      3265, 3216, 3263, -1,
      3068, 2974, 3067, -1,
      3067, 2974, 2981, -1,
      3067, 2981, 3060, -1,
      3060, 2981, 2979, -1,
      3060, 2979, 3059, -1,
      3059, 2979, 2978, -1,
      3059, 2978, 3058, -1,
      3058, 2978, 2985, -1,
      3058, 2985, 3056, -1,
      3056, 2985, 2984, -1,
      3056, 2984, 3051, -1,
      3051, 2984, 2983, -1,
      3081, 2918, 2917, -1,
      3272, 3210, 3205, -1,
      3272, 3205, 3270, -1,
      3270, 3205, 3202, -1,
      3270, 3202, 3268, -1,
      3268, 3202, 3267, -1,
      3267, 3202, 3201, -1,
      3267, 3201, 3275, -1,
      3275, 3201, 3200, -1,
      3275, 3200, 3276, -1,
      3276, 3200, 3199, -1,
      3276, 3199, 3277, -1,
      3277, 3199, 3198, -1,
      3277, 3198, 2958, -1,
      3198, 3075, 2958, -1,
      2958, 3075, 3070, -1,
      2958, 3070, 2956, -1,
      2956, 3070, 3069, -1,
      2956, 3069, 2959, -1,
      2959, 3069, 3078, -1,
      2959, 3078, 2960, -1,
      3078, 3077, 2960, -1,
      2960, 3077, 3084, -1,
      2960, 3084, 2961, -1,
      3081, 2917, 3082, -1,
      2961, 3084, 2917, -1,
      2917, 3084, 3083, -1,
      2917, 3083, 3082, -1,
      3003, 3037, 3004, -1,
      3004, 3037, 3038, -1,
      3004, 3038, 3006, -1,
      3006, 3038, 3031, -1,
      3006, 3031, 3008, -1,
      3008, 3031, 3030, -1,
      3008, 3030, 3157, -1,
      3157, 3030, 3147, -1,
      3157, 3147, 3158, -1,
      3158, 3147, 3146, -1,
      3158, 3146, 3159, -1,
      3159, 3146, 3145, -1,
      3159, 3145, 3160, -1,
      3160, 3145, 3156, -1,
      3160, 3156, 3161, -1,
      3161, 3156, 3155, -1,
      3161, 3155, 3164, -1,
      3164, 3155, 3153, -1,
      3164, 3153, 3170, -1,
      3170, 3153, 3151, -1,
      2928, 2927, 3032, -1,
      3032, 3033, 2928, -1,
      2928, 3033, 3034, -1,
      2928, 3034, 3009, -1,
      3009, 3034, 3035, -1,
      3009, 3035, 3003, -1,
      3003, 3035, 3036, -1,
      3003, 3036, 3037, -1,
      3099, 2969, 3002, -1,
      3099, 3002, 3109, -1,
      3109, 3002, 3000, -1,
      3109, 3000, 3110, -1,
      3110, 3000, 2999, -1,
      3110, 2999, 3108, -1,
      2998, 3111, 2999, -1,
      2999, 3111, 3107, -1,
      2999, 3107, 3108, -1,
      3001, 2991, 3097, -1,
      3097, 3115, 3001, -1,
      3001, 3115, 3113, -1,
      3001, 3113, 2998, -1,
      2998, 3113, 3112, -1,
      2998, 3112, 3111, -1,
      3096, 2990, 3114, -1,
      3114, 2990, 2997, -1,
      3114, 2997, 3102, -1,
      3102, 2997, 3100, -1,
      3100, 2997, 2988, -1,
      3100, 2988, 3101, -1,
      3101, 2988, 3103, -1,
      3103, 2988, 2987, -1,
      3103, 2987, 3104, -1,
      3104, 2987, 2986, -1,
      3104, 2986, 3106, -1,
      3106, 2986, 2996, -1,
      3106, 2996, 3105, -1,
      3105, 2996, 2989, -1,
      3105, 2989, 3098, -1,
      3196, 3118, 3128, -1,
      3196, 3128, 3195, -1,
      3195, 3128, 3130, -1,
      3195, 3130, 3194, -1,
      3194, 3130, 3131, -1,
      3194, 3131, 3192, -1,
      3192, 3131, 3129, -1,
      3192, 3129, 3193, -1,
      3193, 3129, 3127, -1,
      3193, 3127, 3197, -1,
      3197, 3127, 3126, -1,
      3197, 3126, 3185, -1,
      3227, 3243, 3251, -1,
      3227, 3251, 3229, -1,
      3229, 3251, 3248, -1,
      3229, 3248, 3230, -1,
      3230, 3248, 3247, -1,
      3230, 3247, 3231, -1,
      3231, 3247, 3249, -1,
      3231, 3249, 3232, -1,
      3232, 3249, 3250, -1,
      3232, 3250, 3225, -1,
      3225, 3250, 3240, -1,
      3225, 3240, 3226, -1,
      2899, 2898, 2964, -1,
      2964, 2898, 3057, -1,
      2964, 3057, 2993, -1,
      2993, 3057, 3055, -1,
      2993, 3055, 2992, -1,
      2992, 3055, 3054, -1,
      2992, 3054, 2982, -1,
      2982, 3054, 3063, -1,
      2982, 3063, 2980, -1,
      2980, 3063, 3062, -1,
      2980, 3062, 2975, -1,
      2975, 3062, 3061, -1,
      3237, 3239, 3246, -1,
      3237, 3246, 3234, -1,
      3234, 3246, 3254, -1,
      3234, 3254, 3236, -1,
      3236, 3254, 3253, -1,
      3236, 3253, 3235, -1,
      3235, 3253, 3252, -1,
      3235, 3252, 3233, -1,
      3233, 3252, 3245, -1,
      3233, 3245, 3238, -1,
      3238, 3245, 3244, -1,
      3238, 3244, 3228, -1,
      3184, 3119, 3125, -1,
      3184, 3125, 3186, -1,
      3186, 3125, 3124, -1,
      3186, 3124, 3189, -1,
      3189, 3124, 3123, -1,
      3189, 3123, 3190, -1,
      3190, 3123, 3122, -1,
      3190, 3122, 3191, -1,
      3191, 3122, 3121, -1,
      3191, 3121, 3187, -1,
      3187, 3121, 3120, -1,
      3187, 3120, 3188, -1,
      3312, 3313, 3314, -1,
      3314, 3313, 3315, -1,
      3314, 3315, 3316, -1,
      3316, 3315, 3317, -1,
      3316, 3317, 3318, -1,
      3318, 3317, 3319, -1,
      3318, 3319, 3320, -1,
      3320, 3319, 3321, -1,
      3320, 3321, 3322, -1,
      3322, 3321, 3323, -1,
      3322, 3323, 3324, -1,
      3324, 3323, 3325, -1,
      3324, 3325, 3326, -1,
      3326, 3325, 3327, -1,
      3326, 3327, 3328, -1,
      3328, 3327, 3329, -1,
      3330, 3331, 3332, -1,
      3333, 3334, 3335, -1,
      3335, 3334, 3336, -1,
      3335, 3336, 3337, -1,
      3337, 3336, 3338, -1,
      3337, 3338, 3339, -1,
      3339, 3338, 3330, -1,
      3339, 3330, 3340, -1,
      3340, 3330, 3332, -1,
      3341, 3342, 3343, -1,
      3341, 3343, 3344, -1,
      3345, 3346, 3347, -1,
      3347, 3346, 3348, -1,
      3347, 3348, 3349, -1,
      3349, 3348, 3350, -1,
      3349, 3350, 3343, -1,
      3343, 3350, 3351, -1,
      3343, 3351, 3344, -1,
      3352, 3353, 3354, -1,
      3355, 3356, 3352, -1,
      3357, 3358, 3354, -1,
      3354, 3358, 3359, -1,
      3354, 3359, 3352, -1,
      3352, 3359, 3360, -1,
      3352, 3360, 3361, -1,
      3361, 3362, 3352, -1,
      3352, 3362, 3363, -1,
      3352, 3363, 3355, -1,
      3353, 3364, 3354, -1,
      3354, 3364, 3365, -1,
      3354, 3365, 3366, -1,
      3366, 3365, 3367, -1,
      3332, 3331, 3368, -1,
      3368, 3331, 3369, -1,
      3368, 3369, 3353, -1,
      3353, 3369, 3370, -1,
      3353, 3370, 3364, -1,
      3368, 3371, 3332, -1,
      3332, 3371, 3372, -1,
      3332, 3372, 3340, -1,
      3340, 3372, 3373, -1,
      3340, 3373, 3339, -1,
      3339, 3373, 3374, -1,
      3339, 3374, 3337, -1,
      3337, 3374, 3375, -1,
      3337, 3375, 3335, -1,
      3376, 3377, 3378, -1,
      3333, 3335, 3375, -1,
      3379, 3380, 3381, -1,
      3378, 3377, 3382, -1,
      3329, 3327, 3348, -1,
      3377, 3333, 3382, -1,
      3382, 3333, 3375, -1,
      3382, 3375, 3383, -1,
      3383, 3375, 3384, -1,
      3383, 3384, 3385, -1,
      3386, 3378, 3387, -1,
      3387, 3378, 3388, -1,
      3386, 3389, 3378, -1,
      3378, 3389, 3390, -1,
      3378, 3390, 3376, -1,
      3391, 3392, 3393, -1,
      3393, 3392, 3394, -1,
      3393, 3394, 3379, -1,
      3379, 3394, 3395, -1,
      3379, 3395, 3380, -1,
      3381, 3396, 3379, -1,
      3379, 3396, 3397, -1,
      3379, 3397, 3398, -1,
      3399, 3400, 3401, -1,
      3397, 3329, 3398, -1,
      3398, 3329, 3348, -1,
      3398, 3348, 3402, -1,
      3402, 3348, 3346, -1,
      3402, 3346, 3403, -1,
      3403, 3346, 3404, -1,
      3403, 3404, 3385, -1,
      3385, 3404, 3405, -1,
      3385, 3405, 3383, -1,
      3401, 3400, 3388, -1,
      3406, 3407, 3408, -1,
      3399, 3401, 3408, -1,
      3408, 3401, 3409, -1,
      3408, 3409, 3406, -1,
      3388, 3400, 3387, -1,
      3387, 3400, 3410, -1,
      3387, 3410, 3411, -1,
      3411, 3410, 3412, -1,
      3411, 3412, 3413, -1,
      3413, 3414, 3411, -1,
      3411, 3414, 3415, -1,
      3411, 3415, 3416, -1,
      3319, 3344, 3321, -1,
      3321, 3344, 3351, -1,
      3321, 3351, 3323, -1,
      3323, 3351, 3350, -1,
      3323, 3350, 3325, -1,
      3325, 3350, 3348, -1,
      3325, 3348, 3327, -1,
      3317, 3342, 3319, -1,
      3319, 3342, 3341, -1,
      3319, 3341, 3344, -1,
      3315, 3417, 3418, -1,
      3418, 3417, 3419, -1,
      3418, 3419, 3420, -1,
      3418, 3421, 3315, -1,
      3315, 3421, 3422, -1,
      3315, 3422, 3317, -1,
      3317, 3422, 3423, -1,
      3317, 3423, 3342, -1,
      3424, 3425, 3417, -1,
      3417, 3425, 3426, -1,
      3417, 3426, 3427, -1,
      3428, 3313, 3429, -1,
      3429, 3313, 3430, -1,
      3429, 3430, 3431, -1,
      3417, 3315, 3424, -1,
      3424, 3315, 3313, -1,
      3424, 3313, 3432, -1,
      3432, 3313, 3428, -1,
      3433, 3434, 3424, -1,
      3424, 3434, 3425, -1,
      3435, 3436, 3437, -1,
      3437, 3436, 3434, -1,
      3437, 3434, 3314, -1,
      3314, 3434, 3433, -1,
      3438, 3439, 3433, -1,
      3433, 3439, 3440, -1,
      3433, 3440, 3441, -1,
      3441, 3442, 3433, -1,
      3433, 3442, 3312, -1,
      3433, 3312, 3314, -1,
      3437, 3314, 3316, -1,
      3443, 3444, 3445, -1,
      3318, 3446, 3316, -1,
      3316, 3446, 3447, -1,
      3445, 3437, 3443, -1,
      3443, 3437, 3316, -1,
      3443, 3316, 3448, -1,
      3448, 3316, 3447, -1,
      3320, 3322, 3449, -1,
      3449, 3450, 3320, -1,
      3320, 3450, 3451, -1,
      3320, 3451, 3318, -1,
      3318, 3451, 3452, -1,
      3318, 3452, 3446, -1,
      3326, 3347, 3324, -1,
      3324, 3347, 3349, -1,
      3324, 3349, 3322, -1,
      3322, 3349, 3343, -1,
      3322, 3343, 3449, -1,
      3453, 3454, 3455, -1,
      3456, 3457, 3336, -1,
      3458, 3459, 3460, -1,
      3461, 3462, 3463, -1,
      3463, 3462, 3464, -1,
      3463, 3464, 3455, -1,
      3455, 3464, 3465, -1,
      3455, 3465, 3453, -1,
      3345, 3347, 3326, -1,
      3466, 3467, 3468, -1,
      3468, 3467, 3469, -1,
      3468, 3469, 3459, -1,
      3459, 3469, 3470, -1,
      3459, 3470, 3471, -1,
      3471, 3472, 3459, -1,
      3459, 3472, 3473, -1,
      3459, 3473, 3460, -1,
      3454, 3474, 3455, -1,
      3455, 3474, 3475, -1,
      3455, 3475, 3476, -1,
      3475, 3345, 3476, -1,
      3476, 3345, 3326, -1,
      3476, 3326, 3477, -1,
      3477, 3326, 3328, -1,
      3477, 3328, 3478, -1,
      3478, 3328, 3479, -1,
      3478, 3479, 3480, -1,
      3480, 3479, 3481, -1,
      3480, 3481, 3334, -1,
      3334, 3481, 3482, -1,
      3334, 3482, 3336, -1,
      3336, 3482, 3458, -1,
      3336, 3458, 3456, -1,
      3456, 3458, 3460, -1,
      3483, 3484, 3485, -1,
      3336, 3457, 3338, -1,
      3338, 3457, 3486, -1,
      3338, 3486, 3330, -1,
      3330, 3486, 3487, -1,
      3488, 3489, 3487, -1,
      3487, 3489, 3490, -1,
      3487, 3490, 3330, -1,
      3491, 3492, 3488, -1,
      3488, 3492, 3493, -1,
      3488, 3493, 3489, -1,
      3494, 3485, 3491, -1,
      3491, 3485, 3495, -1,
      3495, 3496, 3491, -1,
      3491, 3496, 3497, -1,
      3491, 3497, 3492, -1,
      3494, 3498, 3485, -1,
      3485, 3498, 3499, -1,
      3485, 3499, 3483, -1,
      3500, 3499, 3501, -1,
      3501, 3499, 3502, -1,
      3499, 3498, 3502, -1,
      3502, 3498, 3503, -1,
      3502, 3503, 3504, -1,
      3504, 3503, 3505, -1,
      3506, 3507, 3508, -1,
      3506, 3508, 3503, -1,
      3503, 3508, 3509, -1,
      3503, 3509, 3505, -1,
      3360, 3359, 3504, -1,
      3504, 3359, 3502, -1,
      3456, 3384, 3457, -1,
      3457, 3384, 3375, -1,
      3457, 3375, 3486, -1,
      3486, 3375, 3374, -1,
      3486, 3374, 3487, -1,
      3487, 3374, 3373, -1,
      3487, 3373, 3488, -1,
      3488, 3373, 3372, -1,
      3488, 3372, 3491, -1,
      3491, 3372, 3371, -1,
      3491, 3371, 3494, -1,
      3494, 3371, 3368, -1,
      3494, 3368, 3498, -1,
      3498, 3368, 3353, -1,
      3498, 3353, 3503, -1,
      3503, 3353, 3352, -1,
      3510, 3511, 3400, -1,
      3400, 3511, 3410, -1,
      3463, 3387, 3461, -1,
      3461, 3387, 3411, -1,
      3461, 3411, 3512, -1,
      3388, 3464, 3401, -1,
      3401, 3464, 3462, -1,
      3401, 3462, 3513, -1,
      3514, 3512, 3515, -1,
      3515, 3512, 3516, -1,
      3515, 3516, 3517, -1,
      3518, 3519, 3513, -1,
      3514, 3520, 3512, -1,
      3512, 3520, 3521, -1,
      3512, 3521, 3522, -1,
      3518, 3513, 3523, -1,
      3519, 3524, 3513, -1,
      3513, 3524, 3525, -1,
      3513, 3525, 3526, -1,
      3526, 3525, 3527, -1,
      3522, 3528, 3512, -1,
      3512, 3528, 3511, -1,
      3512, 3511, 3461, -1,
      3461, 3511, 3462, -1,
      3462, 3511, 3510, -1,
      3462, 3510, 3513, -1,
      3513, 3510, 3529, -1,
      3513, 3529, 3523, -1,
      3530, 3531, 3532, -1,
      3532, 3531, 3533, -1,
      3532, 3533, 3534, -1,
      3535, 3536, 3537, -1,
      3534, 3538, 3532, -1,
      3532, 3538, 3535, -1,
      3532, 3535, 3539, -1,
      3539, 3535, 3537, -1,
      3540, 3541, 3530, -1,
      3530, 3541, 3542, -1,
      3530, 3542, 3543, -1,
      3543, 3544, 3530, -1,
      3530, 3544, 3545, -1,
      3530, 3545, 3531, -1,
      3533, 3531, 3546, -1,
      3533, 3546, 3547, -1,
      3547, 3546, 3548, -1,
      3547, 3548, 3549, -1,
      3549, 3548, 3550, -1,
      3549, 3550, 3551, -1,
      3551, 3550, 3552, -1,
      3551, 3552, 3553, -1,
      3554, 3555, 3556, -1,
      3556, 3555, 3557, -1,
      3553, 3552, 3555, -1,
      3555, 3552, 3558, -1,
      3555, 3558, 3557, -1,
      3555, 3554, 3559, -1,
      3559, 3554, 3560, -1,
      3559, 3560, 3561, -1,
      3562, 3563, 3435, -1,
      3435, 3437, 3445, -1,
      3562, 3435, 3564, -1,
      3564, 3435, 3445, -1,
      3564, 3445, 3444, -1,
      3563, 3565, 3435, -1,
      3435, 3565, 3566, -1,
      3435, 3566, 3567, -1,
      3567, 3566, 3568, -1,
      3568, 3566, 3569, -1,
      3568, 3569, 3561, -1,
      3561, 3569, 3570, -1,
      3561, 3570, 3559, -1,
      3571, 3427, 3572, -1,
      3572, 3427, 3573, -1,
      3572, 3573, 3574, -1,
      3574, 3573, 3575, -1,
      3574, 3575, 3576, -1,
      3576, 3575, 3577, -1,
      3576, 3577, 3578, -1,
      3571, 3579, 3427, -1,
      3427, 3579, 3580, -1,
      3427, 3580, 3581, -1,
      3581, 3420, 3427, -1,
      3427, 3420, 3419, -1,
      3427, 3419, 3417, -1,
      3582, 3583, 3584, -1,
      3584, 3583, 3578, -1,
      3584, 3578, 3585, -1,
      3585, 3578, 3577, -1,
      3586, 3587, 3588, -1,
      3588, 3587, 3583, -1,
      3588, 3583, 3589, -1,
      3589, 3583, 3582, -1,
      3587, 3586, 3590, -1,
      3590, 3586, 3591, -1,
      3590, 3591, 3592, -1,
      3592, 3591, 3593, -1,
      3592, 3593, 3594, -1,
      3594, 3593, 3595, -1,
      3594, 3595, 3596, -1,
      3596, 3595, 3597, -1,
      3598, 3596, 3597, -1,
      3598, 3599, 3600, -1,
      3601, 3602, 3599, -1,
      3602, 3603, 3599, -1,
      3599, 3603, 3604, -1,
      3599, 3604, 3605, -1,
      3598, 3597, 3599, -1,
      3599, 3597, 3606, -1,
      3599, 3606, 3601, -1,
      3607, 3608, 3609, -1,
      3600, 3610, 3598, -1,
      3598, 3610, 3607, -1,
      3598, 3607, 3611, -1,
      3611, 3607, 3609, -1,
      3600, 3599, 3532, -1,
      3532, 3599, 3530, -1,
      3570, 3576, 3559, -1,
      3559, 3576, 3578, -1,
      3559, 3578, 3555, -1,
      3555, 3578, 3583, -1,
      3555, 3583, 3553, -1,
      3553, 3583, 3587, -1,
      3553, 3587, 3551, -1,
      3551, 3587, 3590, -1,
      3551, 3590, 3549, -1,
      3549, 3590, 3592, -1,
      3549, 3592, 3547, -1,
      3547, 3592, 3594, -1,
      3547, 3594, 3533, -1,
      3533, 3594, 3596, -1,
      3533, 3596, 3534, -1,
      3534, 3596, 3598, -1,
      3612, 3613, 3500, -1,
      3500, 3613, 3614, -1,
      3614, 3484, 3500, -1,
      3500, 3484, 3483, -1,
      3500, 3483, 3499, -1,
      3615, 3616, 3617, -1,
      3617, 3616, 3618, -1,
      3617, 3618, 3619, -1,
      3619, 3618, 3620, -1,
      3619, 3620, 3621, -1,
      3621, 3620, 3622, -1,
      3621, 3622, 3623, -1,
      3623, 3622, 3624, -1,
      3623, 3624, 3500, -1,
      3500, 3624, 3625, -1,
      3500, 3625, 3612, -1,
      3616, 3615, 3626, -1,
      3627, 3628, 3629, -1,
      3629, 3628, 3616, -1,
      3629, 3616, 3630, -1,
      3630, 3616, 3626, -1,
      3628, 3627, 3631, -1,
      3628, 3631, 3632, -1,
      3632, 3631, 3633, -1,
      3632, 3633, 3634, -1,
      3634, 3633, 3635, -1,
      3634, 3635, 3636, -1,
      3636, 3635, 3637, -1,
      3636, 3637, 3638, -1,
      3639, 3640, 3641, -1,
      3642, 3643, 3644, -1,
      3645, 3638, 3640, -1,
      3640, 3638, 3637, -1,
      3640, 3637, 3641, -1,
      3639, 3641, 3644, -1,
      3644, 3641, 3646, -1,
      3644, 3646, 3642, -1,
      3647, 3648, 3645, -1,
      3645, 3648, 3649, -1,
      3645, 3649, 3650, -1,
      3650, 3651, 3645, -1,
      3645, 3651, 3652, -1,
      3645, 3652, 3638, -1,
      3645, 3640, 3653, -1,
      3653, 3640, 3654, -1,
      3655, 3656, 3657, -1,
      3657, 3656, 3658, -1,
      3657, 3658, 3653, -1,
      3659, 3660, 3661, -1,
      3661, 3660, 3662, -1,
      3653, 3654, 3657, -1,
      3657, 3654, 3662, -1,
      3657, 3662, 3663, -1,
      3663, 3662, 3660, -1,
      3658, 3664, 3653, -1,
      3653, 3664, 3665, -1,
      3653, 3665, 3666, -1,
      3666, 3665, 3667, -1,
      3666, 3667, 3668, -1,
      3656, 3655, 3669, -1,
      3669, 3655, 3670, -1,
      3669, 3670, 3671, -1,
      3671, 3670, 3672, -1,
      3671, 3672, 3673, -1,
      3673, 3672, 3674, -1,
      3673, 3674, 3675, -1,
      3675, 3674, 3676, -1,
      3677, 3678, 3679, -1,
      3675, 3676, 3679, -1,
      3679, 3676, 3680, -1,
      3679, 3680, 3677, -1,
      3681, 3679, 3678, -1,
      3678, 3682, 3681, -1,
      3681, 3682, 3683, -1,
      3681, 3683, 3684, -1,
      3685, 3686, 3357, -1,
      3357, 3354, 3366, -1,
      3685, 3357, 3687, -1,
      3687, 3357, 3366, -1,
      3687, 3366, 3367, -1,
      3686, 3688, 3357, -1,
      3357, 3688, 3689, -1,
      3357, 3689, 3690, -1,
      3690, 3689, 3691, -1,
      3691, 3689, 3692, -1,
      3691, 3692, 3684, -1,
      3684, 3692, 3693, -1,
      3684, 3693, 3681, -1,
      3652, 3658, 3638, -1,
      3638, 3658, 3656, -1,
      3638, 3656, 3636, -1,
      3636, 3656, 3669, -1,
      3636, 3669, 3634, -1,
      3634, 3669, 3671, -1,
      3634, 3671, 3632, -1,
      3632, 3671, 3673, -1,
      3632, 3673, 3628, -1,
      3628, 3673, 3675, -1,
      3628, 3675, 3616, -1,
      3616, 3675, 3679, -1,
      3616, 3679, 3618, -1,
      3618, 3679, 3681, -1,
      3618, 3681, 3620, -1,
      3620, 3681, 3693, -1,
      3621, 3691, 3619, -1,
      3619, 3691, 3684, -1,
      3619, 3684, 3617, -1,
      3617, 3684, 3683, -1,
      3657, 3641, 3655, -1,
      3655, 3641, 3637, -1,
      3655, 3637, 3670, -1,
      3670, 3637, 3635, -1,
      3670, 3635, 3672, -1,
      3672, 3635, 3633, -1,
      3672, 3633, 3674, -1,
      3674, 3633, 3631, -1,
      3674, 3631, 3676, -1,
      3676, 3631, 3627, -1,
      3676, 3627, 3680, -1,
      3680, 3627, 3629, -1,
      3560, 3585, 3561, -1,
      3561, 3585, 3577, -1,
      3561, 3577, 3568, -1,
      3568, 3577, 3575, -1,
      3588, 3558, 3586, -1,
      3586, 3558, 3552, -1,
      3586, 3552, 3591, -1,
      3591, 3552, 3550, -1,
      3591, 3550, 3593, -1,
      3593, 3550, 3548, -1,
      3593, 3548, 3595, -1,
      3595, 3548, 3546, -1,
      3595, 3546, 3597, -1,
      3597, 3546, 3531, -1,
      3597, 3531, 3606, -1,
      3606, 3531, 3545, -1,
      3393, 3469, 3391, -1,
      3391, 3469, 3467, -1,
      3391, 3467, 3694, -1,
      3694, 3467, 3695, -1,
      3694, 3695, 3696, -1,
      3696, 3695, 3697, -1,
      3696, 3697, 3698, -1,
      3698, 3697, 3699, -1,
      3698, 3699, 3700, -1,
      3700, 3699, 3701, -1,
      3700, 3701, 3702, -1,
      3702, 3701, 3703, -1,
      3702, 3703, 3704, -1,
      3704, 3703, 3705, -1,
      3704, 3705, 3706, -1,
      3706, 3705, 3707, -1,
      3708, 3709, 3710, -1,
      3710, 3709, 3711, -1,
      3710, 3711, 3712, -1,
      3712, 3711, 3713, -1,
      3712, 3713, 3714, -1,
      3714, 3713, 3715, -1,
      3714, 3715, 3716, -1,
      3716, 3715, 3717, -1,
      3716, 3717, 3718, -1,
      3718, 3717, 3719, -1,
      3718, 3719, 3720, -1,
      3720, 3719, 3721, -1,
      3720, 3721, 3392, -1,
      3392, 3721, 3466, -1,
      3392, 3466, 3394, -1,
      3394, 3466, 3468, -1,
      3705, 3711, 3707, -1,
      3707, 3711, 3709, -1,
      3707, 3709, 3722, -1,
      3722, 3709, 3723, -1,
      3724, 3725, 3723, -1,
      3723, 3725, 3722, -1,
      3725, 3724, 3706, -1,
      3706, 3724, 3708, -1,
      3706, 3708, 3704, -1,
      3704, 3708, 3710, -1,
      3704, 3710, 3702, -1,
      3702, 3710, 3712, -1,
      3702, 3712, 3700, -1,
      3700, 3712, 3714, -1,
      3700, 3714, 3698, -1,
      3698, 3714, 3716, -1,
      3698, 3716, 3696, -1,
      3696, 3716, 3718, -1,
      3696, 3718, 3694, -1,
      3694, 3718, 3720, -1,
      3694, 3720, 3391, -1,
      3391, 3720, 3392, -1,
      3467, 3466, 3721, -1,
      3467, 3721, 3695, -1,
      3695, 3721, 3719, -1,
      3695, 3719, 3697, -1,
      3697, 3719, 3717, -1,
      3697, 3717, 3699, -1,
      3699, 3717, 3715, -1,
      3699, 3715, 3701, -1,
      3701, 3715, 3713, -1,
      3701, 3713, 3703, -1,
      3703, 3713, 3711, -1,
      3703, 3711, 3705, -1,
      3723, 3709, 3724, -1,
      3724, 3709, 3708, -1,
      3707, 3722, 3706, -1,
      3706, 3722, 3725, -1,
      3464, 3388, 3465, -1,
      3465, 3388, 3378, -1,
      3465, 3378, 3453, -1,
      3453, 3378, 3382, -1,
      3453, 3382, 3454, -1,
      3454, 3382, 3383, -1,
      3454, 3383, 3474, -1,
      3474, 3383, 3405, -1,
      3474, 3405, 3475, -1,
      3475, 3405, 3404, -1,
      3475, 3404, 3345, -1,
      3345, 3404, 3346, -1,
      3387, 3463, 3386, -1,
      3386, 3463, 3455, -1,
      3386, 3455, 3389, -1,
      3389, 3455, 3476, -1,
      3389, 3476, 3390, -1,
      3390, 3476, 3477, -1,
      3390, 3477, 3376, -1,
      3376, 3477, 3478, -1,
      3376, 3478, 3377, -1,
      3377, 3478, 3480, -1,
      3377, 3480, 3333, -1,
      3333, 3480, 3334, -1,
      3503, 3352, 3356, -1,
      3503, 3356, 3506, -1,
      3506, 3356, 3355, -1,
      3506, 3355, 3507, -1,
      3507, 3355, 3363, -1,
      3507, 3363, 3508, -1,
      3508, 3363, 3362, -1,
      3508, 3362, 3509, -1,
      3509, 3362, 3361, -1,
      3509, 3361, 3505, -1,
      3505, 3361, 3360, -1,
      3505, 3360, 3504, -1,
      3313, 3312, 3442, -1,
      3313, 3442, 3430, -1,
      3430, 3442, 3441, -1,
      3430, 3441, 3431, -1,
      3431, 3441, 3440, -1,
      3431, 3440, 3429, -1,
      3429, 3440, 3439, -1,
      3429, 3439, 3428, -1,
      3428, 3439, 3438, -1,
      3428, 3438, 3432, -1,
      3432, 3438, 3433, -1,
      3432, 3433, 3424, -1,
      3425, 3434, 3436, -1,
      3573, 3427, 3435, -1,
      3435, 3427, 3436, -1,
      3436, 3427, 3426, -1,
      3436, 3426, 3425, -1,
      3435, 3567, 3573, -1,
      3573, 3567, 3568, -1,
      3573, 3568, 3575, -1,
      3584, 3585, 3560, -1,
      3560, 3554, 3584, -1,
      3584, 3554, 3556, -1,
      3584, 3556, 3582, -1,
      3582, 3556, 3557, -1,
      3582, 3557, 3589, -1,
      3589, 3557, 3558, -1,
      3589, 3558, 3588, -1,
      3359, 3358, 3502, -1,
      3502, 3358, 3501, -1,
      3501, 3358, 3500, -1,
      3500, 3358, 3357, -1,
      3500, 3357, 3623, -1,
      3357, 3690, 3623, -1,
      3623, 3690, 3691, -1,
      3623, 3691, 3621, -1,
      3617, 3683, 3615, -1,
      3615, 3683, 3682, -1,
      3615, 3682, 3626, -1,
      3626, 3682, 3678, -1,
      3626, 3678, 3630, -1,
      3678, 3677, 3630, -1,
      3630, 3677, 3680, -1,
      3630, 3680, 3629, -1,
      3469, 3393, 3470, -1,
      3470, 3393, 3379, -1,
      3470, 3379, 3471, -1,
      3471, 3379, 3398, -1,
      3471, 3398, 3472, -1,
      3472, 3398, 3402, -1,
      3472, 3402, 3473, -1,
      3473, 3402, 3403, -1,
      3473, 3403, 3460, -1,
      3460, 3403, 3385, -1,
      3460, 3385, 3456, -1,
      3456, 3385, 3384, -1,
      3331, 3330, 3490, -1,
      3490, 3489, 3331, -1,
      3331, 3489, 3493, -1,
      3331, 3493, 3369, -1,
      3369, 3493, 3492, -1,
      3369, 3492, 3370, -1,
      3492, 3497, 3370, -1,
      3370, 3497, 3496, -1,
      3370, 3496, 3364, -1,
      3364, 3496, 3495, -1,
      3364, 3495, 3365, -1,
      3365, 3495, 3485, -1,
      3365, 3485, 3367, -1,
      3367, 3485, 3484, -1,
      3367, 3484, 3687, -1,
      3687, 3484, 3614, -1,
      3687, 3614, 3685, -1,
      3685, 3614, 3613, -1,
      3685, 3613, 3686, -1,
      3686, 3613, 3612, -1,
      3686, 3612, 3688, -1,
      3688, 3612, 3625, -1,
      3688, 3625, 3689, -1,
      3689, 3625, 3624, -1,
      3689, 3624, 3692, -1,
      3692, 3624, 3622, -1,
      3692, 3622, 3693, -1,
      3693, 3622, 3620, -1,
      3449, 3343, 3342, -1,
      3443, 3448, 3418, -1,
      3418, 3448, 3421, -1,
      3421, 3448, 3447, -1,
      3421, 3447, 3422, -1,
      3447, 3446, 3422, -1,
      3422, 3446, 3452, -1,
      3422, 3452, 3423, -1,
      3449, 3342, 3450, -1,
      3423, 3452, 3342, -1,
      3342, 3452, 3451, -1,
      3342, 3451, 3450, -1,
      3443, 3418, 3444, -1,
      3444, 3418, 3420, -1,
      3444, 3420, 3564, -1,
      3564, 3420, 3581, -1,
      3564, 3581, 3562, -1,
      3562, 3581, 3580, -1,
      3562, 3580, 3563, -1,
      3563, 3580, 3579, -1,
      3563, 3579, 3565, -1,
      3565, 3579, 3571, -1,
      3565, 3571, 3566, -1,
      3571, 3572, 3566, -1,
      3566, 3572, 3574, -1,
      3566, 3574, 3569, -1,
      3569, 3574, 3576, -1,
      3569, 3576, 3570, -1,
      3510, 3400, 3529, -1,
      3529, 3400, 3399, -1,
      3529, 3399, 3523, -1,
      3523, 3399, 3518, -1,
      3518, 3399, 3408, -1,
      3518, 3408, 3519, -1,
      3519, 3408, 3524, -1,
      3524, 3408, 3407, -1,
      3524, 3407, 3525, -1,
      3525, 3407, 3406, -1,
      3525, 3406, 3527, -1,
      3527, 3406, 3409, -1,
      3527, 3409, 3526, -1,
      3526, 3409, 3401, -1,
      3526, 3401, 3513, -1,
      3512, 3411, 3416, -1,
      3512, 3416, 3516, -1,
      3516, 3416, 3415, -1,
      3516, 3415, 3517, -1,
      3517, 3415, 3414, -1,
      3517, 3414, 3515, -1,
      3413, 3520, 3414, -1,
      3414, 3520, 3514, -1,
      3414, 3514, 3515, -1,
      3412, 3410, 3511, -1,
      3511, 3528, 3412, -1,
      3412, 3528, 3522, -1,
      3412, 3522, 3413, -1,
      3413, 3522, 3521, -1,
      3413, 3521, 3520, -1,
      3600, 3532, 3539, -1,
      3600, 3539, 3610, -1,
      3610, 3539, 3537, -1,
      3610, 3537, 3607, -1,
      3607, 3537, 3536, -1,
      3607, 3536, 3608, -1,
      3608, 3536, 3535, -1,
      3608, 3535, 3609, -1,
      3609, 3535, 3538, -1,
      3609, 3538, 3611, -1,
      3611, 3538, 3534, -1,
      3611, 3534, 3598, -1,
      3645, 3653, 3666, -1,
      3645, 3666, 3647, -1,
      3647, 3666, 3668, -1,
      3647, 3668, 3648, -1,
      3648, 3668, 3667, -1,
      3648, 3667, 3649, -1,
      3649, 3667, 3665, -1,
      3649, 3665, 3650, -1,
      3650, 3665, 3664, -1,
      3650, 3664, 3651, -1,
      3651, 3664, 3658, -1,
      3651, 3658, 3652, -1,
      3394, 3468, 3395, -1,
      3395, 3468, 3459, -1,
      3395, 3459, 3380, -1,
      3380, 3459, 3458, -1,
      3380, 3458, 3381, -1,
      3381, 3458, 3482, -1,
      3381, 3482, 3396, -1,
      3396, 3482, 3481, -1,
      3396, 3481, 3397, -1,
      3397, 3481, 3479, -1,
      3397, 3479, 3329, -1,
      3329, 3479, 3328, -1,
      3641, 3657, 3663, -1,
      3641, 3663, 3646, -1,
      3646, 3663, 3660, -1,
      3646, 3660, 3642, -1,
      3642, 3660, 3659, -1,
      3642, 3659, 3643, -1,
      3643, 3659, 3661, -1,
      3643, 3661, 3644, -1,
      3644, 3661, 3662, -1,
      3644, 3662, 3639, -1,
      3639, 3662, 3654, -1,
      3639, 3654, 3640, -1,
      3606, 3545, 3544, -1,
      3606, 3544, 3601, -1,
      3601, 3544, 3543, -1,
      3601, 3543, 3602, -1,
      3602, 3543, 3542, -1,
      3602, 3542, 3603, -1,
      3603, 3542, 3541, -1,
      3603, 3541, 3604, -1,
      3604, 3541, 3540, -1,
      3604, 3540, 3605, -1,
      3605, 3540, 3530, -1,
      3605, 3530, 3599, -1,
      3726, 3727, 3728, -1,
      3728, 3727, 3729, -1,
      3728, 3729, 3730, -1,
      3730, 3729, 3731, -1,
      3730, 3731, 3732, -1,
      3732, 3731, 3733, -1,
      3732, 3733, 3734, -1,
      3734, 3733, 3735, -1,
      3734, 3735, 3736, -1,
      3736, 3735, 3737, -1,
      3736, 3737, 3738, -1,
      3738, 3737, 3739, -1,
      3738, 3739, 3740, -1,
      3740, 3739, 3741, -1,
      3740, 3741, 3742, -1,
      3742, 3741, 3743, -1,
      3744, 3745, 3746, -1,
      3747, 3748, 3749, -1,
      3749, 3748, 3750, -1,
      3749, 3750, 3751, -1,
      3751, 3750, 3752, -1,
      3751, 3752, 3753, -1,
      3753, 3752, 3744, -1,
      3753, 3744, 3754, -1,
      3754, 3744, 3746, -1,
      3755, 3756, 3757, -1,
      3758, 3759, 3760, -1,
      3760, 3759, 3761, -1,
      3760, 3761, 3762, -1,
      3761, 3763, 3762, -1,
      3762, 3763, 3764, -1,
      3762, 3764, 3757, -1,
      3757, 3764, 3765, -1,
      3757, 3765, 3755, -1,
      3766, 3767, 3768, -1,
      3769, 3770, 3766, -1,
      3771, 3772, 3768, -1,
      3768, 3772, 3773, -1,
      3768, 3773, 3766, -1,
      3766, 3773, 3774, -1,
      3766, 3774, 3775, -1,
      3775, 3776, 3766, -1,
      3766, 3776, 3777, -1,
      3766, 3777, 3769, -1,
      3767, 3778, 3768, -1,
      3768, 3778, 3779, -1,
      3768, 3779, 3780, -1,
      3780, 3779, 3781, -1,
      3746, 3745, 3782, -1,
      3782, 3745, 3783, -1,
      3782, 3783, 3767, -1,
      3767, 3783, 3784, -1,
      3767, 3784, 3778, -1,
      3782, 3785, 3746, -1,
      3746, 3785, 3786, -1,
      3746, 3786, 3754, -1,
      3754, 3786, 3787, -1,
      3754, 3787, 3753, -1,
      3753, 3787, 3788, -1,
      3753, 3788, 3751, -1,
      3751, 3788, 3789, -1,
      3751, 3789, 3749, -1,
      3790, 3791, 3743, -1,
      3792, 3793, 3794, -1,
      3794, 3795, 3792, -1,
      3792, 3795, 3796, -1,
      3792, 3796, 3797, -1,
      3790, 3743, 3798, -1,
      3799, 3759, 3800, -1,
      3800, 3759, 3801, -1,
      3800, 3801, 3792, -1,
      3792, 3801, 3802, -1,
      3792, 3802, 3793, -1,
      3803, 3804, 3805, -1,
      3805, 3804, 3806, -1,
      3805, 3806, 3791, -1,
      3791, 3806, 3807, -1,
      3791, 3807, 3743, -1,
      3808, 3797, 3809, -1,
      3809, 3797, 3810, -1,
      3747, 3749, 3789, -1,
      3811, 3798, 3812, -1,
      3812, 3798, 3743, -1,
      3812, 3743, 3799, -1,
      3799, 3743, 3741, -1,
      3799, 3741, 3759, -1,
      3759, 3741, 3761, -1,
      3797, 3796, 3810, -1,
      3810, 3796, 3813, -1,
      3810, 3813, 3814, -1,
      3815, 3816, 3817, -1,
      3812, 3818, 3811, -1,
      3811, 3818, 3747, -1,
      3811, 3747, 3819, -1,
      3819, 3747, 3789, -1,
      3820, 3821, 3822, -1,
      3822, 3821, 3823, -1,
      3822, 3823, 3805, -1,
      3805, 3823, 3824, -1,
      3805, 3824, 3803, -1,
      3814, 3813, 3817, -1,
      3817, 3813, 3825, -1,
      3817, 3825, 3815, -1,
      3826, 3827, 3828, -1,
      3809, 3829, 3808, -1,
      3808, 3829, 3826, -1,
      3808, 3826, 3830, -1,
      3830, 3826, 3828, -1,
      3733, 3765, 3735, -1,
      3735, 3765, 3764, -1,
      3735, 3764, 3737, -1,
      3737, 3764, 3763, -1,
      3737, 3763, 3739, -1,
      3739, 3763, 3761, -1,
      3739, 3761, 3741, -1,
      3731, 3756, 3733, -1,
      3733, 3756, 3755, -1,
      3733, 3755, 3765, -1,
      3729, 3831, 3832, -1,
      3832, 3831, 3833, -1,
      3832, 3833, 3834, -1,
      3832, 3835, 3729, -1,
      3729, 3835, 3836, -1,
      3729, 3836, 3731, -1,
      3731, 3836, 3837, -1,
      3731, 3837, 3756, -1,
      3838, 3839, 3831, -1,
      3831, 3839, 3840, -1,
      3831, 3840, 3841, -1,
      3842, 3727, 3843, -1,
      3843, 3727, 3844, -1,
      3843, 3844, 3845, -1,
      3831, 3729, 3838, -1,
      3838, 3729, 3727, -1,
      3838, 3727, 3846, -1,
      3846, 3727, 3842, -1,
      3847, 3848, 3838, -1,
      3838, 3848, 3839, -1,
      3849, 3850, 3851, -1,
      3851, 3850, 3848, -1,
      3851, 3848, 3728, -1,
      3728, 3848, 3847, -1,
      3852, 3853, 3847, -1,
      3847, 3853, 3854, -1,
      3847, 3854, 3855, -1,
      3855, 3856, 3847, -1,
      3847, 3856, 3726, -1,
      3847, 3726, 3728, -1,
      3851, 3728, 3730, -1,
      3857, 3858, 3859, -1,
      3732, 3860, 3730, -1,
      3730, 3860, 3861, -1,
      3859, 3851, 3857, -1,
      3857, 3851, 3730, -1,
      3857, 3730, 3862, -1,
      3862, 3730, 3861, -1,
      3734, 3736, 3863, -1,
      3863, 3864, 3734, -1,
      3734, 3864, 3865, -1,
      3734, 3865, 3732, -1,
      3732, 3865, 3866, -1,
      3732, 3866, 3860, -1,
      3740, 3760, 3738, -1,
      3738, 3760, 3762, -1,
      3738, 3762, 3736, -1,
      3736, 3762, 3757, -1,
      3736, 3757, 3863, -1,
      3867, 3868, 3869, -1,
      3758, 3760, 3740, -1,
      3870, 3871, 3750, -1,
      3868, 3872, 3869, -1,
      3869, 3872, 3873, -1,
      3869, 3873, 3874, -1,
      3875, 3876, 3877, -1,
      3878, 3879, 3880, -1,
      3880, 3879, 3881, -1,
      3880, 3881, 3869, -1,
      3869, 3881, 3882, -1,
      3869, 3882, 3867, -1,
      3883, 3884, 3885, -1,
      3885, 3884, 3886, -1,
      3885, 3886, 3887, -1,
      3877, 3888, 3875, -1,
      3875, 3888, 3889, -1,
      3875, 3889, 3885, -1,
      3885, 3889, 3890, -1,
      3885, 3890, 3883, -1,
      3886, 3870, 3887, -1,
      3887, 3870, 3750, -1,
      3887, 3750, 3891, -1,
      3891, 3750, 3748, -1,
      3891, 3748, 3892, -1,
      3892, 3748, 3893, -1,
      3892, 3893, 3894, -1,
      3894, 3893, 3895, -1,
      3894, 3895, 3742, -1,
      3742, 3895, 3896, -1,
      3742, 3896, 3740, -1,
      3740, 3896, 3874, -1,
      3740, 3874, 3758, -1,
      3758, 3874, 3873, -1,
      3897, 3898, 3899, -1,
      3750, 3871, 3752, -1,
      3752, 3871, 3900, -1,
      3752, 3900, 3744, -1,
      3744, 3900, 3901, -1,
      3902, 3903, 3901, -1,
      3901, 3903, 3904, -1,
      3901, 3904, 3744, -1,
      3905, 3906, 3902, -1,
      3902, 3906, 3907, -1,
      3902, 3907, 3903, -1,
      3908, 3899, 3905, -1,
      3905, 3899, 3909, -1,
      3909, 3910, 3905, -1,
      3905, 3910, 3911, -1,
      3905, 3911, 3906, -1,
      3908, 3912, 3899, -1,
      3899, 3912, 3913, -1,
      3899, 3913, 3897, -1,
      3914, 3913, 3915, -1,
      3915, 3913, 3916, -1,
      3913, 3912, 3916, -1,
      3916, 3912, 3917, -1,
      3916, 3917, 3918, -1,
      3918, 3917, 3919, -1,
      3920, 3921, 3922, -1,
      3920, 3922, 3917, -1,
      3917, 3922, 3923, -1,
      3917, 3923, 3919, -1,
      3774, 3773, 3918, -1,
      3918, 3773, 3916, -1,
      3870, 3819, 3871, -1,
      3871, 3819, 3789, -1,
      3871, 3789, 3900, -1,
      3900, 3789, 3788, -1,
      3900, 3788, 3901, -1,
      3901, 3788, 3787, -1,
      3901, 3787, 3902, -1,
      3902, 3787, 3786, -1,
      3902, 3786, 3905, -1,
      3905, 3786, 3785, -1,
      3905, 3785, 3908, -1,
      3908, 3785, 3782, -1,
      3908, 3782, 3912, -1,
      3912, 3782, 3767, -1,
      3912, 3767, 3917, -1,
      3917, 3767, 3766, -1,
      3924, 3925, 3810, -1,
      3810, 3925, 3809, -1,
      3880, 3797, 3878, -1,
      3878, 3797, 3808, -1,
      3878, 3808, 3926, -1,
      3796, 3881, 3813, -1,
      3813, 3881, 3879, -1,
      3813, 3879, 3927, -1,
      3928, 3926, 3929, -1,
      3929, 3926, 3930, -1,
      3929, 3930, 3931, -1,
      3932, 3933, 3927, -1,
      3928, 3934, 3926, -1,
      3926, 3934, 3935, -1,
      3926, 3935, 3936, -1,
      3932, 3927, 3937, -1,
      3933, 3938, 3927, -1,
      3927, 3938, 3939, -1,
      3927, 3939, 3940, -1,
      3940, 3939, 3941, -1,
      3936, 3942, 3926, -1,
      3926, 3942, 3925, -1,
      3926, 3925, 3878, -1,
      3878, 3925, 3879, -1,
      3879, 3925, 3924, -1,
      3879, 3924, 3927, -1,
      3927, 3924, 3943, -1,
      3927, 3943, 3937, -1,
      3944, 3945, 3946, -1,
      3946, 3947, 3948, -1,
      3948, 3949, 3946, -1,
      3946, 3949, 3950, -1,
      3946, 3950, 3951, -1,
      3951, 3952, 3946, -1,
      3946, 3952, 3953, -1,
      3946, 3953, 3944, -1,
      3954, 3955, 3947, -1,
      3947, 3955, 3956, -1,
      3947, 3956, 3957, -1,
      3957, 3958, 3947, -1,
      3947, 3958, 3959, -1,
      3947, 3959, 3948, -1,
      3949, 3948, 3960, -1,
      3949, 3960, 3961, -1,
      3961, 3960, 3962, -1,
      3961, 3962, 3963, -1,
      3963, 3962, 3964, -1,
      3963, 3964, 3965, -1,
      3965, 3964, 3966, -1,
      3965, 3966, 3967, -1,
      3968, 3969, 3970, -1,
      3970, 3969, 3971, -1,
      3967, 3966, 3969, -1,
      3969, 3966, 3972, -1,
      3969, 3972, 3971, -1,
      3969, 3968, 3973, -1,
      3973, 3968, 3974, -1,
      3973, 3974, 3975, -1,
      3976, 3977, 3849, -1,
      3849, 3851, 3859, -1,
      3976, 3849, 3978, -1,
      3978, 3849, 3859, -1,
      3978, 3859, 3858, -1,
      3977, 3979, 3849, -1,
      3849, 3979, 3980, -1,
      3849, 3980, 3981, -1,
      3981, 3980, 3982, -1,
      3982, 3980, 3983, -1,
      3982, 3983, 3975, -1,
      3975, 3983, 3984, -1,
      3975, 3984, 3973, -1,
      3985, 3841, 3986, -1,
      3986, 3841, 3987, -1,
      3986, 3987, 3988, -1,
      3988, 3987, 3989, -1,
      3988, 3989, 3990, -1,
      3990, 3989, 3991, -1,
      3990, 3991, 3992, -1,
      3985, 3993, 3841, -1,
      3841, 3993, 3994, -1,
      3841, 3994, 3995, -1,
      3995, 3834, 3841, -1,
      3841, 3834, 3833, -1,
      3841, 3833, 3831, -1,
      3996, 3997, 3998, -1,
      3998, 3997, 3992, -1,
      3998, 3992, 3999, -1,
      3999, 3992, 3991, -1,
      4000, 4001, 4002, -1,
      4002, 4001, 3997, -1,
      4002, 3997, 4003, -1,
      4003, 3997, 3996, -1,
      4001, 4000, 4004, -1,
      4004, 4000, 4005, -1,
      4004, 4005, 4006, -1,
      4006, 4005, 4007, -1,
      4006, 4007, 4008, -1,
      4008, 4007, 4009, -1,
      4008, 4009, 4010, -1,
      4010, 4009, 4011, -1,
      4012, 4010, 4013, -1,
      4013, 4010, 4014, -1,
      4014, 4010, 4011, -1,
      4014, 4011, 4015, -1,
      4016, 4014, 4017, -1,
      4017, 4014, 4018, -1,
      4013, 4019, 4012, -1,
      4012, 4019, 4020, -1,
      4012, 4020, 4021, -1,
      4021, 4020, 4022, -1,
      4021, 4022, 4023, -1,
      4015, 4024, 4014, -1,
      4014, 4024, 4025, -1,
      4014, 4025, 4018, -1,
      4013, 4014, 3946, -1,
      3946, 4014, 3947, -1,
      3984, 3990, 3973, -1,
      3973, 3990, 3992, -1,
      3973, 3992, 3969, -1,
      3969, 3992, 3997, -1,
      3969, 3997, 3967, -1,
      3967, 3997, 4001, -1,
      3967, 4001, 3965, -1,
      3965, 4001, 4004, -1,
      3965, 4004, 3963, -1,
      3963, 4004, 4006, -1,
      3963, 4006, 3961, -1,
      3961, 4006, 4008, -1,
      3961, 4008, 3949, -1,
      3949, 4008, 4010, -1,
      3949, 4010, 3950, -1,
      3950, 4010, 4012, -1,
      4026, 4027, 3914, -1,
      3914, 4027, 4028, -1,
      4028, 3898, 3914, -1,
      3914, 3898, 3897, -1,
      3914, 3897, 3913, -1,
      4029, 4030, 4031, -1,
      4031, 4030, 4032, -1,
      4031, 4032, 4033, -1,
      4033, 4032, 4034, -1,
      4033, 4034, 4035, -1,
      4035, 4034, 4036, -1,
      4035, 4036, 4037, -1,
      4037, 4036, 4038, -1,
      4037, 4038, 3914, -1,
      3914, 4038, 4039, -1,
      3914, 4039, 4026, -1,
      4030, 4029, 4040, -1,
      4041, 4042, 4043, -1,
      4043, 4042, 4030, -1,
      4043, 4030, 4044, -1,
      4044, 4030, 4040, -1,
      4042, 4041, 4045, -1,
      4042, 4045, 4046, -1,
      4046, 4045, 4047, -1,
      4046, 4047, 4048, -1,
      4048, 4047, 4049, -1,
      4048, 4049, 4050, -1,
      4050, 4049, 4051, -1,
      4050, 4051, 4052, -1,
      4053, 4054, 4055, -1,
      4056, 4057, 4058, -1,
      4059, 4060, 4061, -1,
      4061, 4060, 4052, -1,
      4061, 4052, 4054, -1,
      4054, 4052, 4051, -1,
      4054, 4051, 4055, -1,
      4053, 4055, 4058, -1,
      4058, 4055, 4062, -1,
      4058, 4062, 4056, -1,
      4061, 4063, 4064, -1,
      4064, 4065, 4061, -1,
      4061, 4065, 4066, -1,
      4061, 4066, 4059, -1,
      4061, 4054, 4067, -1,
      4067, 4054, 4068, -1,
      4069, 4067, 4070, -1,
      4070, 4067, 4071, -1,
      4070, 4071, 4072, -1,
      4072, 4071, 4073, -1,
      4074, 4075, 4076, -1,
      4076, 4075, 4077, -1,
      4067, 4068, 4071, -1,
      4071, 4068, 4075, -1,
      4071, 4075, 4078, -1,
      4078, 4075, 4074, -1,
      4070, 4079, 4069, -1,
      4069, 4079, 4080, -1,
      4069, 4080, 4081, -1,
      4081, 4080, 4082, -1,
      4072, 4073, 4083, -1,
      4083, 4073, 4084, -1,
      4083, 4084, 4085, -1,
      4085, 4084, 4086, -1,
      4085, 4086, 4087, -1,
      4087, 4086, 4088, -1,
      4087, 4088, 4089, -1,
      4089, 4088, 4090, -1,
      4091, 4092, 4093, -1,
      4089, 4090, 4093, -1,
      4093, 4090, 4094, -1,
      4093, 4094, 4091, -1,
      4095, 4093, 4092, -1,
      4092, 4096, 4095, -1,
      4095, 4096, 4097, -1,
      4095, 4097, 4098, -1,
      4099, 4100, 3771, -1,
      3771, 3768, 3780, -1,
      4099, 3771, 4101, -1,
      4101, 3771, 3780, -1,
      4101, 3780, 3781, -1,
      4100, 4102, 3771, -1,
      3771, 4102, 4103, -1,
      3771, 4103, 4104, -1,
      4104, 4103, 4105, -1,
      4105, 4103, 4106, -1,
      4105, 4106, 4098, -1,
      4098, 4106, 4107, -1,
      4098, 4107, 4095, -1,
      4060, 4070, 4052, -1,
      4052, 4070, 4072, -1,
      4052, 4072, 4050, -1,
      4050, 4072, 4083, -1,
      4050, 4083, 4048, -1,
      4048, 4083, 4085, -1,
      4048, 4085, 4046, -1,
      4046, 4085, 4087, -1,
      4046, 4087, 4042, -1,
      4042, 4087, 4089, -1,
      4042, 4089, 4030, -1,
      4030, 4089, 4093, -1,
      4030, 4093, 4032, -1,
      4032, 4093, 4095, -1,
      4032, 4095, 4034, -1,
      4034, 4095, 4107, -1,
      4035, 4105, 4033, -1,
      4033, 4105, 4098, -1,
      4033, 4098, 4031, -1,
      4031, 4098, 4097, -1,
      4071, 4055, 4073, -1,
      4073, 4055, 4051, -1,
      4073, 4051, 4084, -1,
      4084, 4051, 4049, -1,
      4084, 4049, 4086, -1,
      4086, 4049, 4047, -1,
      4086, 4047, 4088, -1,
      4088, 4047, 4045, -1,
      4088, 4045, 4090, -1,
      4090, 4045, 4041, -1,
      4090, 4041, 4094, -1,
      4094, 4041, 4043, -1,
      3974, 3999, 3975, -1,
      3975, 3999, 3991, -1,
      3975, 3991, 3982, -1,
      3982, 3991, 3989, -1,
      4002, 3972, 4000, -1,
      4000, 3972, 3966, -1,
      4000, 3966, 4005, -1,
      4005, 3966, 3964, -1,
      4005, 3964, 4007, -1,
      4007, 3964, 3962, -1,
      4007, 3962, 4009, -1,
      4009, 3962, 3960, -1,
      4009, 3960, 4011, -1,
      4011, 3960, 3948, -1,
      4011, 3948, 4015, -1,
      4015, 3948, 3959, -1,
      3822, 3888, 3820, -1,
      3820, 3888, 3877, -1,
      3820, 3877, 4108, -1,
      4108, 3877, 4109, -1,
      4108, 4109, 4110, -1,
      4110, 4109, 4111, -1,
      4110, 4111, 4112, -1,
      4112, 4111, 4113, -1,
      4112, 4113, 4114, -1,
      4114, 4113, 4115, -1,
      4114, 4115, 4116, -1,
      4116, 4115, 4117, -1,
      4116, 4117, 4118, -1,
      4118, 4117, 4119, -1,
      4118, 4119, 4120, -1,
      4120, 4119, 4121, -1,
      4122, 4123, 4124, -1,
      4124, 4123, 4125, -1,
      4124, 4125, 4126, -1,
      4126, 4125, 4127, -1,
      4126, 4127, 4128, -1,
      4128, 4127, 4129, -1,
      4128, 4129, 4130, -1,
      4130, 4129, 4131, -1,
      4130, 4131, 4132, -1,
      4132, 4131, 4133, -1,
      4132, 4133, 4134, -1,
      4134, 4133, 4135, -1,
      4134, 4135, 3821, -1,
      3821, 4135, 3876, -1,
      3821, 3876, 3823, -1,
      3823, 3876, 3875, -1,
      4136, 4137, 4123, -1,
      4123, 4137, 4121, -1,
      4123, 4121, 4125, -1,
      4125, 4121, 4119, -1,
      4138, 4139, 4136, -1,
      4136, 4139, 4137, -1,
      4124, 4118, 4122, -1,
      4122, 4118, 4120, -1,
      4122, 4120, 4138, -1,
      4138, 4120, 4139, -1,
      4118, 4124, 4116, -1,
      4116, 4124, 4126, -1,
      4116, 4126, 4114, -1,
      4114, 4126, 4128, -1,
      4114, 4128, 4112, -1,
      4112, 4128, 4130, -1,
      4112, 4130, 4110, -1,
      4110, 4130, 4132, -1,
      4110, 4132, 4108, -1,
      4108, 4132, 4134, -1,
      4108, 4134, 3820, -1,
      3820, 4134, 3821, -1,
      3877, 3876, 4135, -1,
      3877, 4135, 4109, -1,
      4109, 4135, 4133, -1,
      4109, 4133, 4111, -1,
      4111, 4133, 4131, -1,
      4111, 4131, 4113, -1,
      4113, 4131, 4129, -1,
      4113, 4129, 4115, -1,
      4115, 4129, 4127, -1,
      4115, 4127, 4117, -1,
      4117, 4127, 4125, -1,
      4117, 4125, 4119, -1,
      4136, 4123, 4138, -1,
      4138, 4123, 4122, -1,
      4121, 4137, 4120, -1,
      4120, 4137, 4139, -1,
      3881, 3796, 3882, -1,
      3882, 3796, 3795, -1,
      3882, 3795, 3867, -1,
      3867, 3795, 3794, -1,
      3867, 3794, 3868, -1,
      3868, 3794, 3793, -1,
      3868, 3793, 3872, -1,
      3872, 3793, 3802, -1,
      3872, 3802, 3873, -1,
      3873, 3802, 3801, -1,
      3873, 3801, 3758, -1,
      3758, 3801, 3759, -1,
      3797, 3880, 3792, -1,
      3792, 3880, 3869, -1,
      3792, 3869, 3800, -1,
      3800, 3869, 3874, -1,
      3800, 3874, 3799, -1,
      3799, 3874, 3896, -1,
      3799, 3896, 3812, -1,
      3812, 3896, 3895, -1,
      3812, 3895, 3818, -1,
      3818, 3895, 3893, -1,
      3818, 3893, 3747, -1,
      3747, 3893, 3748, -1,
      3917, 3766, 3770, -1,
      3917, 3770, 3920, -1,
      3920, 3770, 3769, -1,
      3920, 3769, 3921, -1,
      3921, 3769, 3777, -1,
      3921, 3777, 3922, -1,
      3922, 3777, 3776, -1,
      3922, 3776, 3923, -1,
      3923, 3776, 3775, -1,
      3923, 3775, 3919, -1,
      3919, 3775, 3774, -1,
      3919, 3774, 3918, -1,
      3727, 3726, 3856, -1,
      3727, 3856, 3844, -1,
      3844, 3856, 3855, -1,
      3844, 3855, 3845, -1,
      3845, 3855, 3854, -1,
      3845, 3854, 3843, -1,
      3843, 3854, 3853, -1,
      3843, 3853, 3842, -1,
      3842, 3853, 3852, -1,
      3842, 3852, 3846, -1,
      3846, 3852, 3847, -1,
      3846, 3847, 3838, -1,
      3839, 3848, 3850, -1,
      3987, 3841, 3849, -1,
      3849, 3841, 3850, -1,
      3850, 3841, 3840, -1,
      3850, 3840, 3839, -1,
      3849, 3981, 3987, -1,
      3987, 3981, 3982, -1,
      3987, 3982, 3989, -1,
      3998, 3999, 3974, -1,
      3974, 3968, 3998, -1,
      3998, 3968, 3970, -1,
      3998, 3970, 3996, -1,
      3996, 3970, 3971, -1,
      3996, 3971, 4003, -1,
      4003, 3971, 3972, -1,
      4003, 3972, 4002, -1,
      3773, 3772, 3916, -1,
      3916, 3772, 3915, -1,
      3915, 3772, 3914, -1,
      3914, 3772, 3771, -1,
      3914, 3771, 4037, -1,
      3771, 4104, 4037, -1,
      4037, 4104, 4105, -1,
      4037, 4105, 4035, -1,
      4031, 4097, 4029, -1,
      4029, 4097, 4096, -1,
      4029, 4096, 4040, -1,
      4040, 4096, 4092, -1,
      4040, 4092, 4044, -1,
      4092, 4091, 4044, -1,
      4044, 4091, 4094, -1,
      4044, 4094, 4043, -1,
      3888, 3822, 3889, -1,
      3889, 3822, 3805, -1,
      3889, 3805, 3890, -1,
      3890, 3805, 3791, -1,
      3890, 3791, 3883, -1,
      3883, 3791, 3790, -1,
      3883, 3790, 3884, -1,
      3884, 3790, 3798, -1,
      3884, 3798, 3886, -1,
      3886, 3798, 3811, -1,
      3886, 3811, 3870, -1,
      3870, 3811, 3819, -1,
      3745, 3744, 3904, -1,
      3904, 3903, 3745, -1,
      3745, 3903, 3907, -1,
      3745, 3907, 3783, -1,
      3783, 3907, 3906, -1,
      3783, 3906, 3784, -1,
      3906, 3911, 3784, -1,
      3784, 3911, 3910, -1,
      3784, 3910, 3778, -1,
      3778, 3910, 3909, -1,
      3778, 3909, 3779, -1,
      3779, 3909, 3899, -1,
      3779, 3899, 3781, -1,
      3781, 3899, 3898, -1,
      3781, 3898, 4101, -1,
      4101, 3898, 4028, -1,
      4101, 4028, 4099, -1,
      4099, 4028, 4027, -1,
      4099, 4027, 4100, -1,
      4100, 4027, 4026, -1,
      4100, 4026, 4102, -1,
      4102, 4026, 4039, -1,
      4102, 4039, 4103, -1,
      4103, 4039, 4038, -1,
      4103, 4038, 4106, -1,
      4106, 4038, 4036, -1,
      4106, 4036, 4107, -1,
      4107, 4036, 4034, -1,
      3863, 3757, 3756, -1,
      3857, 3862, 3832, -1,
      3832, 3862, 3835, -1,
      3835, 3862, 3861, -1,
      3835, 3861, 3836, -1,
      3861, 3860, 3836, -1,
      3836, 3860, 3866, -1,
      3836, 3866, 3837, -1,
      3863, 3756, 3864, -1,
      3837, 3866, 3756, -1,
      3756, 3866, 3865, -1,
      3756, 3865, 3864, -1,
      3857, 3832, 3858, -1,
      3858, 3832, 3834, -1,
      3858, 3834, 3978, -1,
      3978, 3834, 3995, -1,
      3978, 3995, 3976, -1,
      3976, 3995, 3994, -1,
      3976, 3994, 3977, -1,
      3977, 3994, 3993, -1,
      3977, 3993, 3979, -1,
      3979, 3993, 3985, -1,
      3979, 3985, 3980, -1,
      3985, 3986, 3980, -1,
      3980, 3986, 3988, -1,
      3980, 3988, 3983, -1,
      3983, 3988, 3990, -1,
      3983, 3990, 3984, -1,
      3924, 3810, 3943, -1,
      3943, 3810, 3814, -1,
      3943, 3814, 3937, -1,
      3937, 3814, 3932, -1,
      3932, 3814, 3817, -1,
      3932, 3817, 3933, -1,
      3933, 3817, 3938, -1,
      3938, 3817, 3816, -1,
      3938, 3816, 3939, -1,
      3939, 3816, 3815, -1,
      3939, 3815, 3941, -1,
      3941, 3815, 3825, -1,
      3941, 3825, 3940, -1,
      3940, 3825, 3813, -1,
      3940, 3813, 3927, -1,
      3926, 3808, 3830, -1,
      3926, 3830, 3930, -1,
      3930, 3830, 3828, -1,
      3930, 3828, 3931, -1,
      3931, 3828, 3827, -1,
      3931, 3827, 3929, -1,
      3826, 3934, 3827, -1,
      3827, 3934, 3928, -1,
      3827, 3928, 3929, -1,
      3829, 3809, 3925, -1,
      3925, 3942, 3829, -1,
      3829, 3942, 3936, -1,
      3829, 3936, 3826, -1,
      3826, 3936, 3935, -1,
      3826, 3935, 3934, -1,
      4013, 3946, 3945, -1,
      4013, 3945, 4019, -1,
      4019, 3945, 3944, -1,
      4019, 3944, 4020, -1,
      4020, 3944, 3953, -1,
      4020, 3953, 4022, -1,
      4022, 3953, 3952, -1,
      4022, 3952, 4023, -1,
      4023, 3952, 3951, -1,
      4023, 3951, 4021, -1,
      4021, 3951, 3950, -1,
      4021, 3950, 4012, -1,
      4061, 4067, 4069, -1,
      4061, 4069, 4063, -1,
      4063, 4069, 4081, -1,
      4063, 4081, 4064, -1,
      4064, 4081, 4082, -1,
      4064, 4082, 4065, -1,
      4065, 4082, 4080, -1,
      4065, 4080, 4066, -1,
      4066, 4080, 4079, -1,
      4066, 4079, 4059, -1,
      4059, 4079, 4070, -1,
      4059, 4070, 4060, -1,
      3823, 3875, 3824, -1,
      3824, 3875, 3885, -1,
      3824, 3885, 3803, -1,
      3803, 3885, 3887, -1,
      3803, 3887, 3804, -1,
      3804, 3887, 3891, -1,
      3804, 3891, 3806, -1,
      3806, 3891, 3892, -1,
      3806, 3892, 3807, -1,
      3807, 3892, 3894, -1,
      3807, 3894, 3743, -1,
      3743, 3894, 3742, -1,
      4055, 4071, 4078, -1,
      4055, 4078, 4062, -1,
      4062, 4078, 4074, -1,
      4062, 4074, 4056, -1,
      4056, 4074, 4076, -1,
      4056, 4076, 4057, -1,
      4057, 4076, 4077, -1,
      4057, 4077, 4058, -1,
      4058, 4077, 4075, -1,
      4058, 4075, 4053, -1,
      4053, 4075, 4068, -1,
      4053, 4068, 4054, -1,
      4015, 3959, 3958, -1,
      4015, 3958, 4024, -1,
      4024, 3958, 3957, -1,
      4024, 3957, 4025, -1,
      4025, 3957, 3956, -1,
      4025, 3956, 4018, -1,
      4018, 3956, 3955, -1,
      4018, 3955, 4017, -1,
      4017, 3955, 3954, -1,
      4017, 3954, 4016, -1,
      4016, 3954, 3947, -1,
      4016, 3947, 4014, -1,
      4140, 4141, 4142, -1,
      4142, 4141, 4143, -1,
      4142, 4143, 4144, -1,
      4144, 4143, 4145, -1,
      4144, 4145, 4146, -1,
      4146, 4145, 4147, -1,
      4146, 4147, 4148, -1,
      4148, 4147, 4149, -1,
      4148, 4149, 4150, -1,
      4150, 4149, 4151, -1,
      4150, 4151, 4152, -1,
      4152, 4151, 4153, -1,
      4152, 4153, 4154, -1,
      4154, 4153, 4155, -1,
      4154, 4155, 4156, -1,
      4156, 4155, 4157, -1,
      4158, 4159, 4160, -1,
      4161, 4162, 4163, -1,
      4163, 4162, 4164, -1,
      4163, 4164, 4165, -1,
      4165, 4164, 4166, -1,
      4165, 4166, 4167, -1,
      4167, 4166, 4158, -1,
      4167, 4158, 4168, -1,
      4168, 4158, 4160, -1,
      4169, 4170, 4171, -1,
      4172, 4173, 4174, -1,
      4174, 4173, 4175, -1,
      4174, 4175, 4176, -1,
      4175, 4177, 4176, -1,
      4176, 4177, 4178, -1,
      4176, 4178, 4171, -1,
      4171, 4178, 4179, -1,
      4171, 4179, 4169, -1,
      4180, 4181, 4182, -1,
      4183, 4184, 4180, -1,
      4185, 4186, 4182, -1,
      4182, 4186, 4187, -1,
      4182, 4187, 4180, -1,
      4180, 4187, 4188, -1,
      4180, 4188, 4189, -1,
      4189, 4190, 4180, -1,
      4180, 4190, 4191, -1,
      4180, 4191, 4183, -1,
      4181, 4192, 4182, -1,
      4182, 4192, 4193, -1,
      4182, 4193, 4194, -1,
      4194, 4193, 4195, -1,
      4160, 4159, 4196, -1,
      4196, 4159, 4197, -1,
      4196, 4197, 4181, -1,
      4181, 4197, 4198, -1,
      4181, 4198, 4192, -1,
      4196, 4199, 4160, -1,
      4160, 4199, 4200, -1,
      4160, 4200, 4168, -1,
      4168, 4200, 4201, -1,
      4168, 4201, 4167, -1,
      4167, 4201, 4202, -1,
      4167, 4202, 4165, -1,
      4165, 4202, 4203, -1,
      4165, 4203, 4163, -1,
      4204, 4205, 4206, -1,
      4206, 4207, 4204, -1,
      4204, 4207, 4208, -1,
      4204, 4208, 4209, -1,
      4209, 4208, 4210, -1,
      4211, 4212, 4157, -1,
      4157, 4212, 4213, -1,
      4157, 4213, 4214, -1,
      4214, 4213, 4215, -1,
      4216, 4173, 4217, -1,
      4217, 4173, 4218, -1,
      4217, 4218, 4204, -1,
      4204, 4218, 4219, -1,
      4204, 4219, 4205, -1,
      4161, 4163, 4203, -1,
      4220, 4211, 4221, -1,
      4221, 4211, 4157, -1,
      4221, 4157, 4216, -1,
      4216, 4157, 4155, -1,
      4216, 4155, 4173, -1,
      4173, 4155, 4175, -1,
      4222, 4223, 4224, -1,
      4225, 4226, 4227, -1,
      4208, 4228, 4210, -1,
      4210, 4228, 4229, -1,
      4210, 4229, 4230, -1,
      4221, 4231, 4220, -1,
      4220, 4231, 4161, -1,
      4220, 4161, 4232, -1,
      4232, 4161, 4203, -1,
      4224, 4233, 4222, -1,
      4222, 4233, 4234, -1,
      4222, 4234, 4235, -1,
      4235, 4234, 4236, -1,
      4235, 4236, 4213, -1,
      4213, 4236, 4237, -1,
      4213, 4237, 4215, -1,
      4228, 4238, 4229, -1,
      4229, 4238, 4225, -1,
      4229, 4225, 4239, -1,
      4239, 4225, 4227, -1,
      4240, 4241, 4242, -1,
      4230, 4243, 4210, -1,
      4210, 4243, 4240, -1,
      4210, 4240, 4244, -1,
      4244, 4240, 4242, -1,
      4147, 4179, 4149, -1,
      4149, 4179, 4178, -1,
      4149, 4178, 4151, -1,
      4151, 4178, 4177, -1,
      4151, 4177, 4153, -1,
      4153, 4177, 4175, -1,
      4153, 4175, 4155, -1,
      4145, 4170, 4147, -1,
      4147, 4170, 4169, -1,
      4147, 4169, 4179, -1,
      4143, 4245, 4246, -1,
      4246, 4245, 4247, -1,
      4246, 4247, 4248, -1,
      4246, 4249, 4143, -1,
      4143, 4249, 4250, -1,
      4143, 4250, 4145, -1,
      4145, 4250, 4251, -1,
      4145, 4251, 4170, -1,
      4252, 4253, 4245, -1,
      4245, 4253, 4254, -1,
      4245, 4254, 4255, -1,
      4256, 4141, 4257, -1,
      4257, 4141, 4258, -1,
      4257, 4258, 4259, -1,
      4245, 4143, 4252, -1,
      4252, 4143, 4141, -1,
      4252, 4141, 4260, -1,
      4260, 4141, 4256, -1,
      4261, 4262, 4252, -1,
      4252, 4262, 4253, -1,
      4263, 4264, 4265, -1,
      4265, 4264, 4262, -1,
      4265, 4262, 4142, -1,
      4142, 4262, 4261, -1,
      4266, 4267, 4261, -1,
      4261, 4267, 4268, -1,
      4261, 4268, 4269, -1,
      4269, 4270, 4261, -1,
      4261, 4270, 4140, -1,
      4261, 4140, 4142, -1,
      4265, 4142, 4144, -1,
      4271, 4272, 4273, -1,
      4146, 4274, 4144, -1,
      4144, 4274, 4275, -1,
      4273, 4265, 4271, -1,
      4271, 4265, 4144, -1,
      4271, 4144, 4276, -1,
      4276, 4144, 4275, -1,
      4148, 4150, 4277, -1,
      4277, 4278, 4148, -1,
      4148, 4278, 4279, -1,
      4148, 4279, 4146, -1,
      4146, 4279, 4280, -1,
      4146, 4280, 4274, -1,
      4154, 4174, 4152, -1,
      4152, 4174, 4176, -1,
      4152, 4176, 4150, -1,
      4150, 4176, 4171, -1,
      4150, 4171, 4277, -1,
      4281, 4282, 4164, -1,
      4283, 4284, 4285, -1,
      4286, 4287, 4288, -1,
      4172, 4174, 4154, -1,
      4288, 4289, 4286, -1,
      4286, 4289, 4290, -1,
      4286, 4290, 4291, -1,
      4291, 4290, 4292, -1,
      4291, 4292, 4293, -1,
      4293, 4294, 4291, -1,
      4291, 4294, 4295, -1,
      4291, 4295, 4296, -1,
      4284, 4297, 4285, -1,
      4285, 4297, 4298, -1,
      4285, 4298, 4299, -1,
      4295, 4172, 4296, -1,
      4296, 4172, 4154, -1,
      4296, 4154, 4300, -1,
      4300, 4154, 4156, -1,
      4300, 4156, 4301, -1,
      4301, 4156, 4302, -1,
      4301, 4302, 4303, -1,
      4303, 4302, 4304, -1,
      4303, 4304, 4162, -1,
      4162, 4304, 4305, -1,
      4162, 4305, 4164, -1,
      4164, 4305, 4285, -1,
      4164, 4285, 4281, -1,
      4281, 4285, 4299, -1,
      4306, 4307, 4308, -1,
      4285, 4309, 4283, -1,
      4283, 4309, 4306, -1,
      4283, 4306, 4310, -1,
      4310, 4306, 4308, -1,
      4311, 4312, 4313, -1,
      4164, 4282, 4166, -1,
      4166, 4282, 4314, -1,
      4166, 4314, 4158, -1,
      4158, 4314, 4315, -1,
      4316, 4317, 4315, -1,
      4315, 4317, 4318, -1,
      4315, 4318, 4158, -1,
      4319, 4320, 4316, -1,
      4316, 4320, 4321, -1,
      4316, 4321, 4317, -1,
      4322, 4313, 4319, -1,
      4319, 4313, 4323, -1,
      4323, 4324, 4319, -1,
      4319, 4324, 4325, -1,
      4319, 4325, 4320, -1,
      4322, 4326, 4313, -1,
      4313, 4326, 4327, -1,
      4313, 4327, 4311, -1,
      4328, 4327, 4329, -1,
      4329, 4327, 4330, -1,
      4327, 4326, 4330, -1,
      4330, 4326, 4331, -1,
      4330, 4331, 4332, -1,
      4332, 4331, 4333, -1,
      4334, 4335, 4336, -1,
      4334, 4336, 4331, -1,
      4331, 4336, 4337, -1,
      4331, 4337, 4333, -1,
      4188, 4187, 4332, -1,
      4332, 4187, 4330, -1,
      4281, 4232, 4282, -1,
      4282, 4232, 4203, -1,
      4282, 4203, 4314, -1,
      4314, 4203, 4202, -1,
      4314, 4202, 4315, -1,
      4315, 4202, 4201, -1,
      4315, 4201, 4316, -1,
      4316, 4201, 4200, -1,
      4316, 4200, 4319, -1,
      4319, 4200, 4199, -1,
      4319, 4199, 4322, -1,
      4322, 4199, 4196, -1,
      4322, 4196, 4326, -1,
      4326, 4196, 4181, -1,
      4326, 4181, 4331, -1,
      4331, 4181, 4180, -1,
      4338, 4339, 4229, -1,
      4229, 4339, 4230, -1,
      4286, 4209, 4287, -1,
      4287, 4209, 4210, -1,
      4287, 4210, 4340, -1,
      4208, 4289, 4228, -1,
      4228, 4289, 4288, -1,
      4228, 4288, 4341, -1,
      4342, 4340, 4343, -1,
      4343, 4340, 4344, -1,
      4343, 4344, 4345, -1,
      4346, 4347, 4341, -1,
      4342, 4348, 4340, -1,
      4340, 4348, 4349, -1,
      4340, 4349, 4350, -1,
      4346, 4341, 4351, -1,
      4347, 4352, 4341, -1,
      4341, 4352, 4353, -1,
      4341, 4353, 4354, -1,
      4354, 4353, 4355, -1,
      4350, 4356, 4340, -1,
      4340, 4356, 4339, -1,
      4340, 4339, 4287, -1,
      4287, 4339, 4288, -1,
      4288, 4339, 4338, -1,
      4288, 4338, 4341, -1,
      4341, 4338, 4357, -1,
      4341, 4357, 4351, -1,
      4358, 4359, 4360, -1,
      4359, 4358, 4361, -1,
      4361, 4358, 4362, -1,
      4361, 4362, 4363, -1,
      4358, 4364, 4365, -1,
      4365, 4364, 4366, -1,
      4360, 4367, 4358, -1,
      4358, 4367, 4368, -1,
      4358, 4368, 4364, -1,
      4369, 4362, 4370, -1,
      4370, 4362, 4371, -1,
      4369, 4372, 4362, -1,
      4362, 4372, 4373, -1,
      4362, 4373, 4363, -1,
      4359, 4361, 4374, -1,
      4359, 4374, 4375, -1,
      4375, 4374, 4376, -1,
      4375, 4376, 4377, -1,
      4377, 4376, 4378, -1,
      4377, 4378, 4379, -1,
      4379, 4378, 4380, -1,
      4379, 4380, 4381, -1,
      4382, 4383, 4384, -1,
      4384, 4383, 4385, -1,
      4381, 4380, 4383, -1,
      4383, 4380, 4386, -1,
      4383, 4386, 4385, -1,
      4383, 4382, 4387, -1,
      4387, 4382, 4388, -1,
      4387, 4388, 4389, -1,
      4390, 4391, 4263, -1,
      4263, 4265, 4273, -1,
      4390, 4263, 4392, -1,
      4392, 4263, 4273, -1,
      4392, 4273, 4272, -1,
      4391, 4393, 4263, -1,
      4263, 4393, 4394, -1,
      4263, 4394, 4395, -1,
      4395, 4394, 4396, -1,
      4396, 4394, 4397, -1,
      4396, 4397, 4389, -1,
      4389, 4397, 4398, -1,
      4389, 4398, 4387, -1,
      4399, 4255, 4400, -1,
      4400, 4255, 4401, -1,
      4400, 4401, 4402, -1,
      4402, 4401, 4403, -1,
      4402, 4403, 4404, -1,
      4404, 4403, 4405, -1,
      4404, 4405, 4406, -1,
      4399, 4407, 4255, -1,
      4255, 4407, 4408, -1,
      4255, 4408, 4409, -1,
      4409, 4248, 4255, -1,
      4255, 4248, 4247, -1,
      4255, 4247, 4245, -1,
      4410, 4411, 4412, -1,
      4412, 4411, 4406, -1,
      4412, 4406, 4413, -1,
      4413, 4406, 4405, -1,
      4414, 4415, 4416, -1,
      4416, 4415, 4411, -1,
      4416, 4411, 4417, -1,
      4417, 4411, 4410, -1,
      4415, 4414, 4418, -1,
      4418, 4414, 4419, -1,
      4418, 4419, 4420, -1,
      4420, 4419, 4421, -1,
      4420, 4421, 4422, -1,
      4422, 4421, 4423, -1,
      4422, 4423, 4424, -1,
      4424, 4423, 4425, -1,
      4426, 4427, 4428, -1,
      4428, 4427, 4424, -1,
      4428, 4424, 4429, -1,
      4429, 4424, 4425, -1,
      4429, 4425, 4430, -1,
      4431, 4432, 4433, -1,
      4433, 4432, 4434, -1,
      4433, 4434, 4430, -1,
      4430, 4434, 4435, -1,
      4430, 4435, 4429, -1,
      4428, 4436, 4437, -1,
      4437, 4438, 4428, -1,
      4428, 4438, 4439, -1,
      4428, 4439, 4426, -1,
      4428, 4429, 4358, -1,
      4358, 4429, 4362, -1,
      4398, 4404, 4387, -1,
      4387, 4404, 4406, -1,
      4387, 4406, 4383, -1,
      4383, 4406, 4411, -1,
      4383, 4411, 4381, -1,
      4381, 4411, 4415, -1,
      4381, 4415, 4379, -1,
      4379, 4415, 4418, -1,
      4379, 4418, 4377, -1,
      4377, 4418, 4420, -1,
      4377, 4420, 4375, -1,
      4375, 4420, 4422, -1,
      4375, 4422, 4359, -1,
      4359, 4422, 4424, -1,
      4359, 4424, 4360, -1,
      4360, 4424, 4427, -1,
      4440, 4441, 4328, -1,
      4328, 4441, 4442, -1,
      4442, 4312, 4328, -1,
      4328, 4312, 4311, -1,
      4328, 4311, 4327, -1,
      4443, 4444, 4445, -1,
      4445, 4444, 4446, -1,
      4445, 4446, 4447, -1,
      4447, 4446, 4448, -1,
      4447, 4448, 4449, -1,
      4449, 4448, 4450, -1,
      4449, 4450, 4451, -1,
      4451, 4450, 4452, -1,
      4451, 4452, 4328, -1,
      4328, 4452, 4453, -1,
      4328, 4453, 4440, -1,
      4444, 4443, 4454, -1,
      4455, 4456, 4457, -1,
      4457, 4456, 4444, -1,
      4457, 4444, 4458, -1,
      4458, 4444, 4454, -1,
      4456, 4455, 4459, -1,
      4456, 4459, 4460, -1,
      4460, 4459, 4461, -1,
      4460, 4461, 4462, -1,
      4462, 4461, 4463, -1,
      4462, 4463, 4464, -1,
      4464, 4463, 4465, -1,
      4464, 4465, 4466, -1,
      4467, 4468, 4469, -1,
      4470, 4471, 4472, -1,
      4473, 4474, 4475, -1,
      4475, 4474, 4466, -1,
      4475, 4466, 4468, -1,
      4468, 4466, 4465, -1,
      4468, 4465, 4469, -1,
      4467, 4469, 4472, -1,
      4472, 4469, 4476, -1,
      4472, 4476, 4470, -1,
      4475, 4477, 4478, -1,
      4478, 4479, 4475, -1,
      4475, 4479, 4480, -1,
      4475, 4480, 4473, -1,
      4475, 4468, 4481, -1,
      4481, 4468, 4482, -1,
      4483, 4481, 4484, -1,
      4484, 4481, 4485, -1,
      4484, 4485, 4486, -1,
      4486, 4485, 4487, -1,
      4488, 4489, 4490, -1,
      4490, 4489, 4491, -1,
      4481, 4482, 4485, -1,
      4485, 4482, 4489, -1,
      4485, 4489, 4492, -1,
      4492, 4489, 4488, -1,
      4484, 4493, 4483, -1,
      4483, 4493, 4494, -1,
      4483, 4494, 4495, -1,
      4495, 4494, 4496, -1,
      4486, 4487, 4497, -1,
      4497, 4487, 4498, -1,
      4497, 4498, 4499, -1,
      4499, 4498, 4500, -1,
      4499, 4500, 4501, -1,
      4501, 4500, 4502, -1,
      4501, 4502, 4503, -1,
      4503, 4502, 4504, -1,
      4505, 4506, 4507, -1,
      4503, 4504, 4507, -1,
      4507, 4504, 4508, -1,
      4507, 4508, 4505, -1,
      4509, 4507, 4506, -1,
      4506, 4510, 4509, -1,
      4509, 4510, 4511, -1,
      4509, 4511, 4512, -1,
      4513, 4514, 4185, -1,
      4185, 4182, 4194, -1,
      4513, 4185, 4515, -1,
      4515, 4185, 4194, -1,
      4515, 4194, 4195, -1,
      4514, 4516, 4185, -1,
      4185, 4516, 4517, -1,
      4185, 4517, 4518, -1,
      4518, 4517, 4519, -1,
      4519, 4517, 4520, -1,
      4519, 4520, 4512, -1,
      4512, 4520, 4521, -1,
      4512, 4521, 4509, -1,
      4474, 4484, 4466, -1,
      4466, 4484, 4486, -1,
      4466, 4486, 4464, -1,
      4464, 4486, 4497, -1,
      4464, 4497, 4462, -1,
      4462, 4497, 4499, -1,
      4462, 4499, 4460, -1,
      4460, 4499, 4501, -1,
      4460, 4501, 4456, -1,
      4456, 4501, 4503, -1,
      4456, 4503, 4444, -1,
      4444, 4503, 4507, -1,
      4444, 4507, 4446, -1,
      4446, 4507, 4509, -1,
      4446, 4509, 4448, -1,
      4448, 4509, 4521, -1,
      4449, 4519, 4447, -1,
      4447, 4519, 4512, -1,
      4447, 4512, 4445, -1,
      4445, 4512, 4511, -1,
      4485, 4469, 4487, -1,
      4487, 4469, 4465, -1,
      4487, 4465, 4498, -1,
      4498, 4465, 4463, -1,
      4498, 4463, 4500, -1,
      4500, 4463, 4461, -1,
      4500, 4461, 4502, -1,
      4502, 4461, 4459, -1,
      4502, 4459, 4504, -1,
      4504, 4459, 4455, -1,
      4504, 4455, 4508, -1,
      4508, 4455, 4457, -1,
      4388, 4413, 4389, -1,
      4389, 4413, 4405, -1,
      4389, 4405, 4396, -1,
      4396, 4405, 4403, -1,
      4416, 4386, 4414, -1,
      4414, 4386, 4380, -1,
      4414, 4380, 4419, -1,
      4419, 4380, 4378, -1,
      4419, 4378, 4421, -1,
      4421, 4378, 4376, -1,
      4421, 4376, 4423, -1,
      4423, 4376, 4374, -1,
      4423, 4374, 4425, -1,
      4425, 4374, 4361, -1,
      4425, 4361, 4430, -1,
      4430, 4361, 4363, -1,
      4222, 4310, 4223, -1,
      4223, 4310, 4308, -1,
      4223, 4308, 4522, -1,
      4522, 4308, 4523, -1,
      4522, 4523, 4524, -1,
      4524, 4523, 4525, -1,
      4524, 4525, 4526, -1,
      4526, 4525, 4527, -1,
      4526, 4527, 4528, -1,
      4528, 4527, 4529, -1,
      4528, 4529, 4530, -1,
      4530, 4529, 4531, -1,
      4530, 4531, 4532, -1,
      4532, 4531, 4533, -1,
      4532, 4533, 4534, -1,
      4534, 4533, 4535, -1,
      4536, 4537, 4538, -1,
      4538, 4537, 4539, -1,
      4538, 4539, 4540, -1,
      4540, 4539, 4541, -1,
      4540, 4541, 4542, -1,
      4542, 4541, 4543, -1,
      4542, 4543, 4544, -1,
      4544, 4543, 4545, -1,
      4544, 4545, 4546, -1,
      4546, 4545, 4547, -1,
      4546, 4547, 4548, -1,
      4548, 4547, 4549, -1,
      4548, 4549, 4224, -1,
      4224, 4549, 4307, -1,
      4224, 4307, 4233, -1,
      4233, 4307, 4306, -1,
      4550, 4551, 4537, -1,
      4537, 4551, 4535, -1,
      4537, 4535, 4539, -1,
      4539, 4535, 4533, -1,
      4552, 4553, 4550, -1,
      4550, 4553, 4551, -1,
      4538, 4532, 4536, -1,
      4536, 4532, 4534, -1,
      4536, 4534, 4552, -1,
      4552, 4534, 4553, -1,
      4532, 4538, 4530, -1,
      4530, 4538, 4540, -1,
      4530, 4540, 4528, -1,
      4528, 4540, 4542, -1,
      4528, 4542, 4526, -1,
      4526, 4542, 4544, -1,
      4526, 4544, 4524, -1,
      4524, 4544, 4546, -1,
      4524, 4546, 4522, -1,
      4522, 4546, 4548, -1,
      4522, 4548, 4223, -1,
      4223, 4548, 4224, -1,
      4308, 4307, 4549, -1,
      4308, 4549, 4523, -1,
      4523, 4549, 4547, -1,
      4523, 4547, 4525, -1,
      4525, 4547, 4545, -1,
      4525, 4545, 4527, -1,
      4527, 4545, 4543, -1,
      4527, 4543, 4529, -1,
      4529, 4543, 4541, -1,
      4529, 4541, 4531, -1,
      4531, 4541, 4539, -1,
      4531, 4539, 4533, -1,
      4550, 4537, 4552, -1,
      4552, 4537, 4536, -1,
      4535, 4551, 4534, -1,
      4534, 4551, 4553, -1,
      4289, 4208, 4290, -1,
      4290, 4208, 4207, -1,
      4290, 4207, 4292, -1,
      4292, 4207, 4206, -1,
      4292, 4206, 4293, -1,
      4293, 4206, 4205, -1,
      4293, 4205, 4294, -1,
      4294, 4205, 4219, -1,
      4294, 4219, 4295, -1,
      4295, 4219, 4218, -1,
      4295, 4218, 4172, -1,
      4172, 4218, 4173, -1,
      4209, 4286, 4204, -1,
      4204, 4286, 4291, -1,
      4204, 4291, 4217, -1,
      4217, 4291, 4296, -1,
      4217, 4296, 4216, -1,
      4216, 4296, 4300, -1,
      4216, 4300, 4221, -1,
      4221, 4300, 4301, -1,
      4221, 4301, 4231, -1,
      4231, 4301, 4303, -1,
      4231, 4303, 4161, -1,
      4161, 4303, 4162, -1,
      4331, 4180, 4184, -1,
      4331, 4184, 4334, -1,
      4334, 4184, 4183, -1,
      4334, 4183, 4335, -1,
      4335, 4183, 4191, -1,
      4335, 4191, 4336, -1,
      4336, 4191, 4190, -1,
      4336, 4190, 4337, -1,
      4337, 4190, 4189, -1,
      4337, 4189, 4333, -1,
      4333, 4189, 4188, -1,
      4333, 4188, 4332, -1,
      4141, 4140, 4270, -1,
      4141, 4270, 4258, -1,
      4258, 4270, 4269, -1,
      4258, 4269, 4259, -1,
      4259, 4269, 4268, -1,
      4259, 4268, 4257, -1,
      4257, 4268, 4267, -1,
      4257, 4267, 4256, -1,
      4256, 4267, 4266, -1,
      4256, 4266, 4260, -1,
      4260, 4266, 4261, -1,
      4260, 4261, 4252, -1,
      4253, 4262, 4264, -1,
      4401, 4255, 4263, -1,
      4263, 4255, 4264, -1,
      4264, 4255, 4254, -1,
      4264, 4254, 4253, -1,
      4263, 4395, 4401, -1,
      4401, 4395, 4396, -1,
      4401, 4396, 4403, -1,
      4412, 4413, 4388, -1,
      4388, 4382, 4412, -1,
      4412, 4382, 4384, -1,
      4412, 4384, 4410, -1,
      4410, 4384, 4385, -1,
      4410, 4385, 4417, -1,
      4417, 4385, 4386, -1,
      4417, 4386, 4416, -1,
      4187, 4186, 4330, -1,
      4330, 4186, 4329, -1,
      4329, 4186, 4328, -1,
      4328, 4186, 4185, -1,
      4328, 4185, 4451, -1,
      4185, 4518, 4451, -1,
      4451, 4518, 4519, -1,
      4451, 4519, 4449, -1,
      4445, 4511, 4443, -1,
      4443, 4511, 4510, -1,
      4443, 4510, 4454, -1,
      4454, 4510, 4506, -1,
      4454, 4506, 4458, -1,
      4506, 4505, 4458, -1,
      4458, 4505, 4508, -1,
      4458, 4508, 4457, -1,
      4310, 4222, 4283, -1,
      4283, 4222, 4235, -1,
      4283, 4235, 4284, -1,
      4284, 4235, 4213, -1,
      4284, 4213, 4297, -1,
      4297, 4213, 4212, -1,
      4297, 4212, 4298, -1,
      4298, 4212, 4211, -1,
      4298, 4211, 4299, -1,
      4299, 4211, 4220, -1,
      4299, 4220, 4281, -1,
      4281, 4220, 4232, -1,
      4159, 4158, 4318, -1,
      4318, 4317, 4159, -1,
      4159, 4317, 4321, -1,
      4159, 4321, 4197, -1,
      4197, 4321, 4320, -1,
      4197, 4320, 4198, -1,
      4320, 4325, 4198, -1,
      4198, 4325, 4324, -1,
      4198, 4324, 4192, -1,
      4192, 4324, 4323, -1,
      4192, 4323, 4193, -1,
      4193, 4323, 4313, -1,
      4193, 4313, 4195, -1,
      4195, 4313, 4312, -1,
      4195, 4312, 4515, -1,
      4515, 4312, 4442, -1,
      4515, 4442, 4513, -1,
      4513, 4442, 4441, -1,
      4513, 4441, 4514, -1,
      4514, 4441, 4440, -1,
      4514, 4440, 4516, -1,
      4516, 4440, 4453, -1,
      4516, 4453, 4517, -1,
      4517, 4453, 4452, -1,
      4517, 4452, 4520, -1,
      4520, 4452, 4450, -1,
      4520, 4450, 4521, -1,
      4521, 4450, 4448, -1,
      4277, 4171, 4170, -1,
      4271, 4276, 4246, -1,
      4246, 4276, 4249, -1,
      4249, 4276, 4275, -1,
      4249, 4275, 4250, -1,
      4275, 4274, 4250, -1,
      4250, 4274, 4280, -1,
      4250, 4280, 4251, -1,
      4277, 4170, 4278, -1,
      4251, 4280, 4170, -1,
      4170, 4280, 4279, -1,
      4170, 4279, 4278, -1,
      4271, 4246, 4272, -1,
      4272, 4246, 4248, -1,
      4272, 4248, 4392, -1,
      4392, 4248, 4409, -1,
      4392, 4409, 4390, -1,
      4390, 4409, 4408, -1,
      4390, 4408, 4391, -1,
      4391, 4408, 4407, -1,
      4391, 4407, 4393, -1,
      4393, 4407, 4399, -1,
      4393, 4399, 4394, -1,
      4399, 4400, 4394, -1,
      4394, 4400, 4402, -1,
      4394, 4402, 4397, -1,
      4397, 4402, 4404, -1,
      4397, 4404, 4398, -1,
      4338, 4229, 4357, -1,
      4357, 4229, 4239, -1,
      4357, 4239, 4351, -1,
      4351, 4239, 4346, -1,
      4346, 4239, 4227, -1,
      4346, 4227, 4347, -1,
      4347, 4227, 4352, -1,
      4352, 4227, 4226, -1,
      4352, 4226, 4353, -1,
      4353, 4226, 4225, -1,
      4353, 4225, 4355, -1,
      4355, 4225, 4238, -1,
      4355, 4238, 4354, -1,
      4354, 4238, 4228, -1,
      4354, 4228, 4341, -1,
      4340, 4210, 4244, -1,
      4340, 4244, 4344, -1,
      4344, 4244, 4242, -1,
      4344, 4242, 4345, -1,
      4345, 4242, 4241, -1,
      4345, 4241, 4343, -1,
      4240, 4348, 4241, -1,
      4241, 4348, 4342, -1,
      4241, 4342, 4343, -1,
      4243, 4230, 4339, -1,
      4339, 4356, 4243, -1,
      4243, 4356, 4350, -1,
      4243, 4350, 4240, -1,
      4240, 4350, 4349, -1,
      4240, 4349, 4348, -1,
      4428, 4358, 4365, -1,
      4428, 4365, 4436, -1,
      4436, 4365, 4366, -1,
      4436, 4366, 4437, -1,
      4437, 4366, 4364, -1,
      4437, 4364, 4438, -1,
      4438, 4364, 4368, -1,
      4438, 4368, 4439, -1,
      4439, 4368, 4367, -1,
      4439, 4367, 4426, -1,
      4426, 4367, 4360, -1,
      4426, 4360, 4427, -1,
      4475, 4481, 4483, -1,
      4475, 4483, 4477, -1,
      4477, 4483, 4495, -1,
      4477, 4495, 4478, -1,
      4478, 4495, 4496, -1,
      4478, 4496, 4479, -1,
      4479, 4496, 4494, -1,
      4479, 4494, 4480, -1,
      4480, 4494, 4493, -1,
      4480, 4493, 4473, -1,
      4473, 4493, 4484, -1,
      4473, 4484, 4474, -1,
      4233, 4306, 4234, -1,
      4234, 4306, 4309, -1,
      4234, 4309, 4236, -1,
      4236, 4309, 4285, -1,
      4236, 4285, 4237, -1,
      4237, 4285, 4305, -1,
      4237, 4305, 4215, -1,
      4215, 4305, 4304, -1,
      4215, 4304, 4214, -1,
      4214, 4304, 4302, -1,
      4214, 4302, 4157, -1,
      4157, 4302, 4156, -1,
      4469, 4485, 4492, -1,
      4469, 4492, 4476, -1,
      4476, 4492, 4488, -1,
      4476, 4488, 4470, -1,
      4470, 4488, 4490, -1,
      4470, 4490, 4471, -1,
      4471, 4490, 4491, -1,
      4471, 4491, 4472, -1,
      4472, 4491, 4489, -1,
      4472, 4489, 4467, -1,
      4467, 4489, 4482, -1,
      4467, 4482, 4468, -1,
      4430, 4363, 4373, -1,
      4430, 4373, 4433, -1,
      4433, 4373, 4372, -1,
      4433, 4372, 4431, -1,
      4431, 4372, 4369, -1,
      4431, 4369, 4432, -1,
      4432, 4369, 4370, -1,
      4432, 4370, 4434, -1,
      4434, 4370, 4371, -1,
      4434, 4371, 4435, -1,
      4435, 4371, 4362, -1,
      4435, 4362, 4429, -1,
    ]
  }
}
