#VRML V2.0 utf8

Shape {
  appearance Appearance {
    material Material {
      diffuseColor 0.2510 0.2510 0.2510
      specularColor 0.1255 0.1255 0.1255
      ambientIntensity 0.2
      transparency 0.0000
      shininess 0.5
    }
  }
  geometry IndexedFaceSet {
    ccw TRUE
    solid FALSE
    coord DEF co Coordinate {
      point [
        -0.640580 0.416395 0.787402,
        -0.770726 0.416395 0.787402,
        -0.640580 -0.416395 0.787402,
        -0.770726 -0.416395 0.787402,
        -0.613010 -0.416395 0.787402,
        -0.589399 -0.416395 0.787402,
        -0.613010 0.416395 0.787402,
        -0.589399 0.416395 0.787402,
        -0.561829 -0.416395 0.787402,
        -0.538218 -0.416395 0.787402,
        -0.561829 0.416395 0.787402,
        -0.538218 0.416395 0.787402,
        0.098134 0.055854 0.000000,
        0.109764 0.054548 0.000000,
        0.072591 -0.032821 0.000000,
        0.228915 -0.050733 0.000000,
        0.109919 -0.051454 0.000000,
        0.168420 -0.050733 0.000000,
        0.117528 -0.050665 0.000000,
        0.128976 -0.046724 0.000000,
        0.152104 0.036268 0.000000,
        0.145181 0.047311 0.000000,
        0.213071 0.067377 0.000000,
        0.083778 0.053989 0.000000,
        0.070474 -0.031649 0.000000,
        0.070474 0.048292 0.000000,
        0.058952 0.416395 0.000000,
        0.070474 0.064136 0.000000,
        0.118605 0.051357 0.000000,
        0.126780 0.045888 0.000000,
        0.133912 0.038014 0.000000,
        0.142493 0.007061 0.000000,
        0.141297 -0.005725 0.000000,
        0.138088 -0.015884 0.000000,
        0.111806 -0.037975 0.000000,
        0.100790 -0.039211 0.000000,
        0.120412 -0.034807 0.000000,
        0.127661 -0.029921 0.000000,
        0.133203 -0.024074 0.000000,
        0.085112 -0.037470 0.000000,
        0.138781 0.028895 0.000000,
        0.141930 0.016251 0.000000,
        0.138476 -0.040657 0.000000,
        0.147348 -0.031318 0.000000,
        0.168420 -0.037770 0.000000,
        0.153640 -0.020087 0.000000,
        0.213071 -0.037770 0.000000,
        0.134518 0.057566 0.000000,
        0.123299 0.064023 0.000000,
        0.110132 0.067848 0.000000,
        0.157195 -0.007585 0.000000,
        0.158337 0.006093 0.000000,
        0.156638 0.022885 0.000000,
        0.098269 0.068817 0.000000,
        0.084130 0.067841 0.000000,
        0.070474 -0.044612 0.000000,
        0.083065 -0.049781 0.000000,
        0.058952 -0.051454 0.000000,
        0.094999 -0.051454 0.000000,
        0.058952 -0.416395 0.000000,
        0.099743 -0.052119 0.000000,
        0.102973 -0.052174 0.000000,
        0.228915 0.067377 0.000000,
        0.492126 0.416395 0.000000,
        0.492126 -0.051454 0.000000,
        0.492126 -0.416395 0.000000,
        -0.142700 -0.050733 0.000000,
        -0.128160 -0.018362 0.000000,
        -0.121387 -0.028926 0.000000,
        -0.015948 -0.050733 0.000000,
        0.047429 -0.050733 0.000000,
        0.047429 0.067377 0.000000,
        -0.013067 0.067377 0.000000,
        -0.492126 0.416395 0.000000,
        -0.013067 0.054413 0.000000,
        0.031585 0.054413 0.000000,
        0.031585 0.015523 0.000000,
        -0.111665 -0.038235 0.000000,
        -0.099333 -0.045402 0.000000,
        -0.085723 -0.049458 0.000000,
        -0.038994 0.067377 0.000000,
        -0.010186 0.015523 0.000000,
        -0.010186 0.002560 0.000000,
        0.031585 0.002560 0.000000,
        0.031585 -0.037770 0.000000,
        -0.015948 -0.037770 0.000000,
        -0.038994 -0.050733 0.000000,
        -0.071109 -0.050733 0.000000,
        -0.089388 0.065553 0.000000,
        -0.103207 0.060700 0.000000,
        -0.072324 0.067377 0.000000,
        -0.220052 -0.017605 0.000000,
        -0.171260 -0.017605 0.000000,
        -0.232003 -0.050733 0.000000,
        -0.159985 -0.050733 0.000000,
        -0.116063 0.052085 0.000000,
        -0.116186 0.051976 0.000000,
        -0.124538 0.042715 0.000000,
        -0.249287 -0.050733 0.000000,
        -0.492126 -0.051454 0.000000,
        -0.203196 0.067377 0.000000,
        -0.187352 0.067377 0.000000,
        -0.130027 0.032557 0.000000,
        -0.133200 0.020920 0.000000,
        -0.134058 0.009807 0.000000,
        -0.132400 -0.006000 0.000000,
        -0.492126 -0.416395 0.000000,
        0.063789 -0.050733 0.787402,
        0.046985 -0.050733 0.787402,
        -0.510648 -0.416395 0.787402,
        0.174198 -0.012084 0.787402,
        0.117274 -0.012084 0.787402,
        0.188141 -0.050733 0.787402,
        0.104119 -0.050733 0.787402,
        0.208306 -0.050733 0.787402,
        0.770726 -0.416395 0.787402,
        0.154532 0.087062 0.787402,
        0.770726 0.416395 0.787402,
        0.136047 0.087062 0.787402,
        -0.188276 0.051772 0.787402,
        -0.187041 0.061295 0.787402,
        -0.510648 0.416395 0.787402,
        -0.077367 0.087062 0.787402,
        -0.053841 0.087062 0.787402,
        -0.120240 0.013778 0.787402,
        -0.112291 0.006373 0.787402,
        -0.109295 0.064796 0.787402,
        -0.107711 -0.000517 0.787402,
        -0.105155 -0.007424 0.787402,
        -0.060661 0.054507 0.787402,
        -0.060563 0.040430 0.787402,
        -0.011830 -0.050733 0.787402,
        -0.060563 0.068577 0.787402,
        -0.061088 0.068577 0.787402,
        -0.058820 0.061106 0.787402,
        -0.056519 0.053794 0.787402,
        0.047386 0.054923 0.787402,
        0.048324 0.068577 0.787402,
        0.047878 0.068577 0.787402,
        -0.060563 -0.050733 0.787402,
        -0.077367 -0.050733 0.787402,
        -0.188276 -0.025107 0.787402,
        -0.188276 -0.045272 0.787402,
        0.083954 -0.050733 0.787402,
        0.063789 0.087062 0.787402,
        0.041943 0.087062 0.787402,
        0.000248 -0.006648 0.787402,
        -0.013065 -0.007016 0.787402,
        -0.003089 -0.015222 0.787402,
        -0.009691 -0.015323 0.787402,
        -0.006290 -0.023847 0.787402,
        -0.006920 -0.023847 0.787402,
        -0.140515 0.025621 0.787402,
        -0.119713 0.070205 0.787402,
        -0.153322 0.032408 0.787402,
        -0.131493 0.073021 0.787402,
        -0.141013 0.073618 0.787402,
        0.046103 0.061497 0.787402,
        0.043781 0.054582 0.787402,
        0.046985 0.041244 0.787402,
        -0.001748 -0.050733 0.787402,
        -0.104254 -0.015208 0.787402,
        -0.105339 -0.024890 0.787402,
        -0.107894 -0.031871 0.787402,
        -0.112346 -0.038333 0.787402,
        -0.174938 0.024995 0.787402,
        -0.181065 0.030837 0.787402,
        -0.185017 0.037059 0.787402,
        -0.187485 0.044239 0.787402,
        -0.184348 0.067889 0.787402,
        -0.180017 0.073872 0.787402,
        -0.174100 0.079006 0.787402,
        -0.166351 0.083458 0.787402,
        -0.154776 0.087257 0.787402,
        -0.139543 0.088742 0.787402,
        -0.124245 0.088088 0.787402,
        -0.109295 0.084961 0.787402,
        -0.154588 0.012676 0.787402,
        -0.178202 -0.031297 0.787402,
        -0.135861 0.002737 0.787402,
        -0.161891 -0.036311 0.787402,
        -0.133941 0.001513 0.787402,
        -0.151543 -0.037290 0.787402,
        -0.141537 -0.036519 0.787402,
        -0.167735 0.044527 0.787402,
        -0.169186 0.048326 0.787402,
        -0.169791 0.053584 0.787402,
        -0.165406 0.041109 0.787402,
        -0.161180 0.037403 0.787402,
        -0.166131 0.064431 0.787402,
        -0.168140 0.061304 0.787402,
        -0.169359 0.057760 0.787402,
        -0.118109 -0.043364 0.787402,
        -0.125896 -0.047625 0.787402,
        -0.139345 -0.051375 0.787402,
        -0.153591 -0.052414 0.787402,
        -0.171325 -0.050587 0.787402,
        -0.183859 -0.047383 0.787402,
        -0.134544 -0.034628 0.787402,
        -0.129602 -0.031900 0.787402,
        -0.126732 -0.029196 0.787402,
        -0.150660 0.072744 0.787402,
        -0.157976 0.070404 0.787402,
        -0.162992 0.067448 0.787402,
        -0.124908 -0.026464 0.787402,
        -0.123322 -0.022167 0.787402,
        -0.122739 -0.016731 0.787402,
        -0.123338 -0.011841 0.787402,
        -0.124899 -0.007921 0.787402,
        -0.128270 -0.003299 0.787402,
        -0.846457 0.472441 0.433071,
        -0.846457 0.472441 0.354331,
        -0.846457 0.295276 0.433071,
        -0.846457 0.295276 0.354331,
        0.846457 0.472441 0.354331,
        0.846457 0.472441 0.433071,
        0.846457 0.295276 0.354331,
        0.846457 0.295276 0.433071,
        -0.521429 -0.442156 0.054510,
        -0.516593 -0.441886 0.052889,
        -0.826772 -0.492126 0.354331,
        -0.526424 -0.442319 0.055491,
        0.777287 -0.442374 0.055819,
        0.827038 -0.492124 0.354320,
        0.531496 -0.442374 0.055819,
        0.826772 -0.492126 0.354331,
        0.526413 -0.442319 0.055489,
        0.521425 -0.442156 0.054509,
        0.503848 -0.440484 0.044478,
        0.512013 -0.441514 0.050660,
        0.516599 -0.441886 0.052892,
        -0.492126 -0.435812 0.016449,
        0.492126 -0.435812 0.016449,
        -0.493497 -0.437529 0.026749,
        0.493503 -0.437532 0.026770,
        -0.497507 -0.439124 0.036318,
        0.497519 -0.439127 0.036337,
        -0.503833 -0.440481 0.044463,
        -0.511994 -0.441513 0.050650,
        -0.827038 -0.492124 0.354320,
        -0.777287 -0.442374 0.055819,
        -0.531496 -0.442374 0.055819,
        0.521429 0.442156 0.054510,
        0.516593 0.441886 0.052889,
        0.826772 0.492126 0.354331,
        0.526424 0.442319 0.055491,
        -0.777287 0.442374 0.055819,
        -0.827038 0.492124 0.354320,
        -0.531496 0.442374 0.055819,
        -0.826772 0.492126 0.354331,
        -0.526413 0.442319 0.055489,
        -0.521425 0.442156 0.054509,
        -0.503848 0.440484 0.044478,
        -0.512013 0.441514 0.050660,
        -0.516599 0.441886 0.052892,
        0.492126 0.435812 0.016449,
        -0.492126 0.435812 0.016449,
        0.493497 0.437529 0.026749,
        -0.493503 0.437532 0.026770,
        0.497507 0.439124 0.036318,
        -0.497519 0.439127 0.036337,
        0.503833 0.440481 0.044463,
        0.511994 0.441513 0.050650,
        0.827038 0.492124 0.354320,
        0.777287 0.442374 0.055819,
        0.531496 0.442374 0.055819,
        0.846457 -0.472441 0.433071,
        0.846457 -0.472441 0.354331,
        0.846457 -0.295276 0.433071,
        0.846457 -0.295276 0.354331,
        0.826772 -0.492126 0.433071,
        -0.826772 -0.492126 0.433071,
        -0.846457 -0.472441 0.354331,
        -0.846457 -0.472441 0.433071,
        -0.846457 -0.295276 0.354331,
        -0.846457 -0.295276 0.433071,
        0.826772 0.492126 0.433071,
        -0.826772 0.492126 0.433071,
        -0.827038 0.492124 0.433081,
        -0.770726 0.435812 0.770953,
        0.770726 0.435812 0.770953,
        0.827038 0.492124 0.433081,
        -0.846455 -0.472707 0.433081,
        -0.790143 -0.416395 0.770953,
        -0.846455 0.472707 0.433081,
        -0.790143 0.416395 0.770953,
        0.846455 0.472707 0.433081,
        0.790143 0.416395 0.770953,
        0.846455 -0.472707 0.433081,
        0.790143 -0.416395 0.770953,
        0.827038 -0.492124 0.433081,
        0.770726 -0.435812 0.770953,
        -0.770726 -0.435812 0.770953,
        -0.827038 -0.492124 0.433081,
        0.846455 -0.472707 0.354320,
        0.796705 -0.422957 0.055819,
        0.846455 0.472707 0.354320,
        0.796705 0.422957 0.055819,
        -0.846455 0.472707 0.354320,
        -0.796705 0.422957 0.055819,
        -0.846455 -0.472707 0.354320,
        -0.796705 -0.422957 0.055819,
        0.567335 -0.295276 0.039370,
        0.777287 -0.295276 0.039370,
        0.777287 -0.422957 0.039370,
        0.531496 0.422957 0.039370,
        0.777287 0.422957 0.039370,
        0.777287 0.295276 0.039370,
        0.567335 0.295276 0.039370,
        0.531496 -0.422957 0.039370,
        -0.777287 0.295276 0.039370,
        -0.777287 0.422957 0.039370,
        -0.567335 0.295276 0.039370,
        -0.531496 0.422957 0.039370,
        -0.567335 -0.295276 0.039370,
        -0.531496 -0.422957 0.039370,
        -0.777287 -0.295276 0.039370,
        -0.777287 -0.422957 0.039370,
        -0.770726 0.420965 0.786864,
        -0.640580 0.420313 0.787008,
        -0.613010 0.420313 0.787008,
        -0.589399 0.420313 0.787008,
        -0.561829 0.420313 0.787008,
        -0.538218 0.420313 0.787008,
        -0.510648 0.420313 0.787008,
        0.770726 0.420965 0.786864,
        0.770726 0.425285 0.785280,
        -0.770726 0.425285 0.785280,
        0.770726 0.429119 0.782737,
        -0.770726 0.429119 0.782737,
        0.770726 0.432258 0.779373,
        -0.770726 0.432258 0.779373,
        0.770726 0.434531 0.775372,
        -0.770726 0.434531 0.775372,
        0.775295 -0.416395 0.786861,
        0.788915 -0.416395 0.775244,
        0.788915 0.416395 0.775244,
        0.788848 -0.416395 0.775364,
        0.788848 0.416395 0.775364,
        0.786654 -0.416395 0.779283,
        0.786654 0.416395 0.779283,
        0.786580 -0.416395 0.779364,
        0.786580 0.416395 0.779364,
        0.783513 -0.416395 0.782683,
        0.783513 0.416395 0.782683,
        0.783444 -0.416395 0.782729,
        0.783444 0.416395 0.782729,
        0.779665 -0.416395 0.785255,
        0.779665 0.416395 0.785255,
        0.779613 -0.416395 0.785274,
        0.779613 0.416395 0.785274,
        0.775322 -0.416395 0.786857,
        0.775322 0.416395 0.786857,
        0.775295 0.416395 0.786861,
        0.770726 0.434517 0.775364,
        0.770726 0.432324 0.779283,
        0.774270 0.431924 0.779283,
        0.770726 0.432249 0.779364,
        0.770726 0.429182 0.782683,
        0.773571 0.428862 0.782683,
        0.772715 0.425110 0.785255,
        0.771749 0.420876 0.786857,
        0.772720 0.420537 0.786857,
        0.774867 0.418389 0.786857,
        0.774320 0.419261 0.786857,
        0.775207 0.417418 0.786857,
        0.770726 0.420965 0.786861,
        0.775010 0.435143 0.771555,
        0.774773 0.434128 0.775244,
        0.775669 0.435039 0.771648,
        0.778618 0.432783 0.775244,
        0.779013 0.433591 0.771964,
        0.780286 0.433039 0.772084,
        0.782067 0.430616 0.775244,
        0.782581 0.431257 0.772169,
        0.784274 0.429943 0.772233,
        0.784946 0.427736 0.775244,
        0.785588 0.428250 0.772169,
        0.787370 0.425955 0.772084,
        0.787113 0.424287 0.775244,
        0.787922 0.424682 0.771964,
        0.789370 0.421338 0.771648,
        0.788459 0.420443 0.775244,
        0.789473 0.420680 0.771555,
        0.770726 0.429114 0.782729,
        0.770726 0.425334 0.785255,
        0.770726 0.425283 0.785274,
        0.770726 0.420992 0.786857,
        0.776299 0.423384 0.785255,
        0.777715 0.421969 0.785255,
        0.778780 0.420274 0.785255,
        0.779441 0.418384 0.785255,
        0.774604 0.424449 0.785255,
        0.773592 0.419989 0.786857,
        0.776274 0.427916 0.782683,
        0.778698 0.426393 0.782683,
        0.780723 0.424368 0.782683,
        0.782247 0.421943 0.782683,
        0.783193 0.419241 0.782683,
        0.777637 0.430746 0.779283,
        0.780657 0.428848 0.779283,
        0.783179 0.426326 0.779283,
        0.785077 0.423306 0.779283,
        0.786255 0.419939 0.779283,
        0.770726 0.434584 0.775244,
        -0.788848 0.416395 0.775364,
        -0.786654 0.416395 0.779283,
        -0.786255 0.419939 0.779283,
        -0.786580 0.416395 0.779364,
        -0.783513 0.416395 0.782683,
        -0.783193 0.419241 0.782683,
        -0.779441 0.418384 0.785255,
        -0.775207 0.417418 0.786857,
        -0.774867 0.418389 0.786857,
        -0.772720 0.420537 0.786857,
        -0.773592 0.419989 0.786857,
        -0.771749 0.420876 0.786857,
        -0.775295 0.416395 0.786861,
        -0.789473 0.420680 0.771555,
        -0.788459 0.420443 0.775244,
        -0.789370 0.421338 0.771648,
        -0.787113 0.424287 0.775244,
        -0.787922 0.424682 0.771964,
        -0.787370 0.425955 0.772084,
        -0.784946 0.427736 0.775244,
        -0.785588 0.428250 0.772169,
        -0.784274 0.429943 0.772233,
        -0.782067 0.430616 0.775244,
        -0.782581 0.431257 0.772169,
        -0.780286 0.433039 0.772084,
        -0.778618 0.432783 0.775244,
        -0.779013 0.433591 0.771964,
        -0.775669 0.435039 0.771648,
        -0.774773 0.434128 0.775244,
        -0.775010 0.435143 0.771555,
        -0.770726 0.434584 0.775244,
        -0.770726 0.420965 0.786861,
        -0.783444 0.416395 0.782729,
        -0.779665 0.416395 0.785255,
        -0.779613 0.416395 0.785274,
        -0.775322 0.416395 0.786857,
        -0.777715 0.421969 0.785255,
        -0.776299 0.423384 0.785255,
        -0.774604 0.424449 0.785255,
        -0.772715 0.425110 0.785255,
        -0.778780 0.420274 0.785255,
        -0.774320 0.419261 0.786857,
        -0.770726 0.420992 0.786857,
        -0.770726 0.425283 0.785274,
        -0.770726 0.425334 0.785255,
        -0.770726 0.429114 0.782729,
        -0.782247 0.421943 0.782683,
        -0.780723 0.424368 0.782683,
        -0.778698 0.426393 0.782683,
        -0.776274 0.427916 0.782683,
        -0.773571 0.428862 0.782683,
        -0.785077 0.423306 0.779283,
        -0.783179 0.426326 0.779283,
        -0.780657 0.428848 0.779283,
        -0.777637 0.430746 0.779283,
        -0.774270 0.431924 0.779283,
        -0.788915 0.416395 0.775244,
        -0.770726 0.429182 0.782683,
        -0.770726 0.432249 0.779364,
        -0.770726 0.432324 0.779283,
        -0.770726 0.434517 0.775364,
        -0.788915 -0.416395 0.775244,
        -0.788848 -0.416395 0.775364,
        -0.786654 -0.416395 0.779283,
        -0.786580 -0.416395 0.779364,
        -0.783513 -0.416395 0.782683,
        -0.783444 -0.416395 0.782729,
        -0.779665 -0.416395 0.785255,
        -0.779613 -0.416395 0.785274,
        -0.775322 -0.416395 0.786857,
        -0.775295 -0.416395 0.786861,
        0.770726 -0.420965 0.786864,
        -0.510648 -0.420313 0.787008,
        -0.538218 -0.420313 0.787008,
        -0.770726 -0.420965 0.786864,
        -0.561829 -0.420313 0.787008,
        -0.589399 -0.420313 0.787008,
        -0.640580 -0.420313 0.787008,
        -0.613010 -0.420313 0.787008,
        -0.770726 -0.425285 0.785280,
        0.770726 -0.425285 0.785280,
        -0.770726 -0.429119 0.782737,
        0.770726 -0.429119 0.782737,
        -0.770726 -0.432258 0.779373,
        0.770726 -0.432258 0.779373,
        -0.770726 -0.434531 0.775372,
        0.770726 -0.434531 0.775372,
        0.786255 -0.419939 0.779283,
        0.783193 -0.419241 0.782683,
        0.779441 -0.418384 0.785255,
        0.775207 -0.417418 0.786857,
        0.774867 -0.418389 0.786857,
        0.772720 -0.420537 0.786857,
        0.773592 -0.419989 0.786857,
        0.771749 -0.420876 0.786857,
        0.789473 -0.420680 0.771555,
        0.788459 -0.420443 0.775244,
        0.789370 -0.421338 0.771648,
        0.787113 -0.424287 0.775244,
        0.787922 -0.424682 0.771964,
        0.787370 -0.425955 0.772084,
        0.784946 -0.427736 0.775244,
        0.785588 -0.428250 0.772169,
        0.784274 -0.429943 0.772233,
        0.782067 -0.430616 0.775244,
        0.782581 -0.431257 0.772169,
        0.780286 -0.433039 0.772084,
        0.778618 -0.432783 0.775244,
        0.779013 -0.433591 0.771964,
        0.775669 -0.435039 0.771648,
        0.774773 -0.434128 0.775244,
        0.775010 -0.435143 0.771555,
        0.770726 -0.434584 0.775244,
        0.770726 -0.420965 0.786861,
        0.777715 -0.421969 0.785255,
        0.776299 -0.423384 0.785255,
        0.774604 -0.424449 0.785255,
        0.772715 -0.425110 0.785255,
        0.778780 -0.420274 0.785255,
        0.774320 -0.419261 0.786857,
        0.770726 -0.420992 0.786857,
        0.770726 -0.425283 0.785274,
        0.770726 -0.425334 0.785255,
        0.770726 -0.429114 0.782729,
        0.782247 -0.421943 0.782683,
        0.780723 -0.424368 0.782683,
        0.778698 -0.426393 0.782683,
        0.776274 -0.427916 0.782683,
        0.773571 -0.428862 0.782683,
        0.785077 -0.423306 0.779283,
        0.783179 -0.426326 0.779283,
        0.780657 -0.428848 0.779283,
        0.777637 -0.430746 0.779283,
        0.774270 -0.431924 0.779283,
        0.770726 -0.429182 0.782683,
        0.770726 -0.432249 0.779364,
        0.770726 -0.432324 0.779283,
        0.770726 -0.434517 0.775364,
        0.845764 0.477533 0.433422,
        0.845739 0.477707 0.433434,
        0.831863 0.491433 0.433422,
        0.832038 0.491409 0.433434,
        0.836610 0.489478 0.433651,
        0.836691 0.489444 0.433655,
        0.840691 0.486360 0.433730,
        0.843775 0.482360 0.433655,
        0.843809 0.482279 0.433651,
        -0.831139 0.491537 0.433370,
        -0.832038 0.491409 0.433434,
        -0.835259 0.490049 0.433587,
        -0.836691 0.489444 0.433655,
        -0.838947 0.487705 0.433697,
        -0.840691 0.486360 0.433730,
        -0.842035 0.484617 0.433697,
        -0.843775 0.482360 0.433655,
        -0.844380 0.480928 0.433587,
        -0.845739 0.477707 0.433434,
        -0.845868 0.476807 0.433370,
        -0.770726 -0.434517 0.775364,
        -0.770726 -0.432324 0.779283,
        -0.774270 -0.431924 0.779283,
        -0.770726 -0.432249 0.779364,
        -0.770726 -0.429182 0.782683,
        -0.773571 -0.428862 0.782683,
        -0.772715 -0.425110 0.785255,
        -0.771749 -0.420876 0.786857,
        -0.772720 -0.420537 0.786857,
        -0.774867 -0.418389 0.786857,
        -0.774320 -0.419261 0.786857,
        -0.775207 -0.417418 0.786857,
        -0.770726 -0.420965 0.786861,
        -0.775010 -0.435143 0.771555,
        -0.774773 -0.434128 0.775244,
        -0.775669 -0.435039 0.771648,
        -0.778618 -0.432783 0.775244,
        -0.779013 -0.433591 0.771964,
        -0.780286 -0.433039 0.772084,
        -0.782067 -0.430616 0.775244,
        -0.782581 -0.431257 0.772169,
        -0.784274 -0.429943 0.772233,
        -0.784946 -0.427736 0.775244,
        -0.785588 -0.428250 0.772169,
        -0.787370 -0.425955 0.772084,
        -0.787113 -0.424287 0.775244,
        -0.787922 -0.424682 0.771964,
        -0.789370 -0.421338 0.771648,
        -0.788459 -0.420443 0.775244,
        -0.789473 -0.420680 0.771555,
        -0.770726 -0.429114 0.782729,
        -0.770726 -0.425334 0.785255,
        -0.770726 -0.425283 0.785274,
        -0.770726 -0.420992 0.786857,
        -0.776299 -0.423384 0.785255,
        -0.777715 -0.421969 0.785255,
        -0.778780 -0.420274 0.785255,
        -0.779441 -0.418384 0.785255,
        -0.774604 -0.424449 0.785255,
        -0.773592 -0.419989 0.786857,
        -0.776274 -0.427916 0.782683,
        -0.778698 -0.426393 0.782683,
        -0.780723 -0.424368 0.782683,
        -0.782247 -0.421943 0.782683,
        -0.783193 -0.419241 0.782683,
        -0.777637 -0.430746 0.779283,
        -0.780657 -0.428848 0.779283,
        -0.783179 -0.426326 0.779283,
        -0.785077 -0.423306 0.779283,
        -0.786255 -0.419939 0.779283,
        -0.770726 -0.434584 0.775244,
        0.831863 -0.491433 0.433422,
        0.832038 -0.491409 0.433434,
        0.845764 -0.477533 0.433422,
        0.845739 -0.477707 0.433434,
        0.843809 -0.482279 0.433651,
        0.843775 -0.482360 0.433655,
        0.840691 -0.486360 0.433730,
        0.836691 -0.489444 0.433655,
        0.836610 -0.489478 0.433651,
        0.843809 0.482279 0.353750,
        0.845739 0.477707 0.353968,
        0.845764 0.477533 0.353980,
        0.831863 0.491433 0.353980,
        0.832038 0.491409 0.353968,
        0.836610 0.489478 0.353750,
        0.836691 0.489444 0.353747,
        0.840691 0.486360 0.353671,
        0.843775 0.482360 0.353747,
        -0.831139 0.491537 0.354031,
        -0.832038 0.491409 0.353968,
        -0.835259 0.490049 0.353815,
        -0.836691 0.489444 0.353747,
        -0.838947 0.487705 0.353704,
        -0.840691 0.486360 0.353671,
        -0.842035 0.484617 0.353704,
        -0.843775 0.482360 0.353747,
        -0.844380 0.480928 0.353815,
        -0.845868 0.476807 0.354031,
        -0.845739 0.477707 0.353968,
        -0.845868 -0.476807 0.433370,
        -0.845739 -0.477707 0.433434,
        -0.844380 -0.480928 0.433587,
        -0.843775 -0.482360 0.433655,
        -0.831139 -0.491537 0.433370,
        -0.832038 -0.491409 0.433434,
        -0.835259 -0.490049 0.433587,
        -0.836691 -0.489444 0.433655,
        -0.838947 -0.487705 0.433697,
        -0.842035 -0.484617 0.433697,
        -0.840691 -0.486360 0.433730,
        0.831863 -0.491433 0.353980,
        0.832038 -0.491409 0.353968,
        0.836610 -0.489478 0.353750,
        0.836691 -0.489444 0.353747,
        0.840691 -0.486360 0.353671,
        0.843775 -0.482360 0.353747,
        0.843809 -0.482279 0.353750,
        0.845739 -0.477707 0.353968,
        0.845764 -0.477533 0.353980,
        0.782230 0.441601 0.055124,
        0.796035 0.427241 0.055217,
        0.795932 0.427900 0.055124,
        0.794483 0.431244 0.054808,
        0.793932 0.432517 0.054688,
        0.792150 0.434812 0.054602,
        0.790836 0.436505 0.054539,
        0.789143 0.437819 0.054602,
        0.786848 0.439601 0.054688,
        0.785574 0.440153 0.054808,
        0.781572 0.441704 0.055217,
        -0.786848 0.439601 0.054688,
        -0.782230 0.441601 0.055124,
        -0.782277 0.441581 0.055120,
        -0.786881 0.439575 0.054687,
        -0.790836 0.436505 0.054539,
        -0.793906 0.432550 0.054687,
        -0.793932 0.432517 0.054688,
        -0.795912 0.427946 0.055120,
        -0.795932 0.427900 0.055124,
        -0.845868 -0.476807 0.354031,
        -0.845739 -0.477707 0.353968,
        -0.844380 -0.480928 0.353815,
        -0.843775 -0.482360 0.353747,
        -0.842035 -0.484617 0.353704,
        -0.840691 -0.486360 0.353671,
        -0.838947 -0.487705 0.353704,
        -0.836691 -0.489444 0.353747,
        -0.835259 -0.490049 0.353815,
        -0.831139 -0.491537 0.354031,
        -0.832038 -0.491409 0.353968,
        0.782230 -0.441601 0.055124,
        0.782277 -0.441581 0.055120,
        0.786848 -0.439601 0.054688,
        0.786881 -0.439575 0.054687,
        0.790836 -0.436505 0.054539,
        0.793906 -0.432550 0.054687,
        0.793932 -0.432517 0.054688,
        0.795912 -0.427946 0.055120,
        0.795932 -0.427900 0.055124,
        0.781857 0.422957 0.039911,
        0.781857 -0.422957 0.039911,
        0.781884 -0.422957 0.039914,
        0.781884 0.422957 0.039914,
        0.786175 -0.422957 0.041498,
        0.786175 0.422957 0.041498,
        0.786226 -0.422957 0.041517,
        0.786226 0.422957 0.041517,
        0.790006 -0.422957 0.044043,
        0.790006 0.422957 0.044043,
        0.790075 -0.422957 0.044089,
        0.790075 0.422957 0.044089,
        0.793141 -0.422957 0.047407,
        0.793141 0.422957 0.047407,
        0.793216 -0.422957 0.047489,
        0.793216 0.422957 0.047489,
        0.795409 -0.422957 0.051407,
        0.795409 0.422957 0.051407,
        0.795476 -0.422957 0.051528,
        0.795476 0.422957 0.051528,
        0.781769 0.423980 0.039914,
        0.780154 0.426550 0.039914,
        0.780881 0.425823 0.039914,
        0.777287 0.431844 0.041498,
        0.777287 0.431896 0.041517,
        0.779277 0.431672 0.041517,
        0.777287 0.435676 0.044043,
        0.777287 0.435744 0.044089,
        0.780133 0.435423 0.044089,
        0.780832 0.438486 0.047489,
        0.781335 0.440690 0.051528,
        0.785180 0.439344 0.051528,
        0.791508 0.434297 0.051528,
        0.793675 0.430849 0.051528,
        0.795020 0.427004 0.051528,
        0.777287 0.441146 0.051528,
        0.777287 0.441079 0.051407,
        0.777287 0.438885 0.047489,
        0.777287 0.438811 0.047407,
        0.792817 0.426501 0.047489,
        0.784198 0.437308 0.047489,
        0.788628 0.437178 0.051528,
        0.789754 0.425802 0.044089,
        0.782836 0.434478 0.044089,
        0.787219 0.435410 0.047489,
        0.786002 0.424946 0.041517,
        0.789741 0.432888 0.047489,
        0.785260 0.432954 0.044089,
        0.781166 0.431011 0.041517,
        0.778310 0.427438 0.039914,
        0.784276 0.428530 0.041517,
        0.791639 0.429868 0.047489,
        0.788808 0.428505 0.044089,
        0.785341 0.426835 0.041517,
        0.781429 0.424951 0.039914,
        0.777287 0.427526 0.039911,
        0.777287 0.427554 0.039914,
        0.787285 0.430930 0.044089,
        0.782861 0.429946 0.041517,
        0.779282 0.427098 0.039914,
        -0.777287 0.427526 0.039911,
        -0.778477 0.427397 0.039914,
        -0.786175 0.422957 0.041498,
        -0.786226 0.422957 0.041517,
        -0.785922 0.425270 0.041517,
        -0.790006 0.422957 0.044043,
        -0.790075 0.422957 0.044089,
        -0.789639 0.426267 0.044089,
        -0.792673 0.427080 0.047489,
        -0.794857 0.427665 0.051528,
        -0.793040 0.432051 0.051528,
        -0.777287 0.441146 0.051528,
        -0.781995 0.440526 0.051528,
        -0.795476 0.422957 0.051528,
        -0.795409 0.422957 0.051407,
        -0.793216 0.422957 0.047489,
        -0.793141 0.422957 0.047407,
        -0.777287 0.441079 0.051407,
        -0.781410 0.438343 0.047489,
        -0.791082 0.430921 0.047489,
        -0.790149 0.435819 0.051528,
        -0.777287 0.438885 0.047489,
        -0.777287 0.438811 0.047407,
        -0.780597 0.435308 0.044089,
        -0.788361 0.429350 0.044089,
        -0.788550 0.434220 0.047489,
        -0.777287 0.435744 0.044089,
        -0.777287 0.435676 0.044043,
        -0.779601 0.431591 0.041517,
        -0.786330 0.431999 0.044089,
        -0.785029 0.427426 0.041517,
        -0.781728 0.424146 0.039914,
        -0.786382 0.438709 0.051528,
        -0.785252 0.436751 0.047489,
        -0.783681 0.434031 0.044089,
        -0.781757 0.430698 0.041517,
        -0.779586 0.426937 0.039914,
        -0.781857 0.422957 0.039911,
        -0.781884 0.422957 0.039914,
        -0.783608 0.429278 0.041517,
        -0.781268 0.425255 0.039914,
        -0.780538 0.426207 0.039914,
        -0.777287 0.431896 0.041517,
        -0.777287 0.431844 0.041498,
        -0.777287 0.427554 0.039914,
        -0.781857 -0.422957 0.039911,
        -0.781884 -0.422957 0.039914,
        -0.786175 -0.422957 0.041498,
        -0.786226 -0.422957 0.041517,
        -0.790006 -0.422957 0.044043,
        -0.790075 -0.422957 0.044089,
        -0.793141 -0.422957 0.047407,
        -0.793216 -0.422957 0.047489,
        -0.795409 -0.422957 0.051407,
        -0.795476 -0.422957 0.051528,
        -0.795932 -0.427900 0.055124,
        -0.795912 -0.427946 0.055120,
        -0.793932 -0.432517 0.054688,
        -0.793906 -0.432550 0.054687,
        -0.790836 -0.436505 0.054539,
        -0.786881 -0.439575 0.054687,
        -0.786848 -0.439601 0.054688,
        -0.782277 -0.441581 0.055120,
        -0.782230 -0.441601 0.055124,
        0.777287 -0.427526 0.039911,
        0.778477 -0.427397 0.039914,
        0.785922 -0.425270 0.041517,
        0.789639 -0.426267 0.044089,
        0.792673 -0.427080 0.047489,
        0.794857 -0.427665 0.051528,
        0.793040 -0.432051 0.051528,
        0.777287 -0.441146 0.051528,
        0.781995 -0.440526 0.051528,
        0.777287 -0.441079 0.051407,
        0.781410 -0.438343 0.047489,
        0.791082 -0.430921 0.047489,
        0.790149 -0.435819 0.051528,
        0.777287 -0.438885 0.047489,
        0.777287 -0.438811 0.047407,
        0.780597 -0.435308 0.044089,
        0.788361 -0.429350 0.044089,
        0.788550 -0.434220 0.047489,
        0.777287 -0.435744 0.044089,
        0.777287 -0.435676 0.044043,
        0.779601 -0.431591 0.041517,
        0.786330 -0.431999 0.044089,
        0.785029 -0.427426 0.041517,
        0.781728 -0.424146 0.039914,
        0.786382 -0.438709 0.051528,
        0.785252 -0.436751 0.047489,
        0.783681 -0.434031 0.044089,
        0.781757 -0.430698 0.041517,
        0.779586 -0.426937 0.039914,
        0.783608 -0.429278 0.041517,
        0.781268 -0.425255 0.039914,
        0.780538 -0.426207 0.039914,
        0.777287 -0.431896 0.041517,
        0.777287 -0.431844 0.041498,
        0.777287 -0.427554 0.039914,
        0.531496 0.441093 0.051400,
        0.531496 0.438820 0.047399,
        0.531496 0.435681 0.044035,
        0.531496 0.431846 0.041492,
        0.531496 0.427526 0.039908,
        -0.531496 0.441093 0.051400,
        -0.531496 0.438820 0.047399,
        -0.531496 0.435681 0.044035,
        -0.531496 0.431846 0.041492,
        -0.531496 0.427526 0.039908,
        -0.781728 -0.424146 0.039914,
        -0.777287 -0.431844 0.041498,
        -0.777287 -0.431896 0.041517,
        -0.779601 -0.431591 0.041517,
        -0.777287 -0.435676 0.044043,
        -0.777287 -0.435744 0.044089,
        -0.780597 -0.435308 0.044089,
        -0.781410 -0.438343 0.047489,
        -0.781995 -0.440526 0.051528,
        -0.786382 -0.438709 0.051528,
        -0.794857 -0.427665 0.051528,
        -0.777287 -0.441146 0.051528,
        -0.777287 -0.441079 0.051407,
        -0.777287 -0.438885 0.047489,
        -0.777287 -0.438811 0.047407,
        -0.792673 -0.427080 0.047489,
        -0.785252 -0.436751 0.047489,
        -0.790149 -0.435819 0.051528,
        -0.789639 -0.426267 0.044089,
        -0.783681 -0.434031 0.044089,
        -0.788550 -0.434220 0.047489,
        -0.785922 -0.425270 0.041517,
        -0.786330 -0.431999 0.044089,
        -0.781757 -0.430698 0.041517,
        -0.778477 -0.427397 0.039914,
        -0.793040 -0.432051 0.051528,
        -0.791082 -0.430921 0.047489,
        -0.788361 -0.429350 0.044089,
        -0.785029 -0.427426 0.041517,
        -0.781268 -0.425255 0.039914,
        -0.777287 -0.427526 0.039911,
        -0.777287 -0.427554 0.039914,
        -0.783608 -0.429278 0.041517,
        -0.779586 -0.426937 0.039914,
        -0.780538 -0.426207 0.039914,
        0.531496 -0.441093 0.051400,
        0.531496 -0.438820 0.047399,
        0.531496 -0.435681 0.044035,
        0.531496 -0.431846 0.041492,
        0.531496 -0.427526 0.039908,
        0.526402 0.422732 0.038696,
        0.524044 0.422469 0.037905,
        0.523569 0.427069 0.038302,
        0.521662 0.422074 0.036722,
        0.517665 0.421064 0.033692,
        0.516870 0.425754 0.033715,
        0.517589 0.421031 0.033595,
        0.514502 0.419707 0.029620,
        0.513635 0.424489 0.029330,
        0.497155 0.435159 0.016558,
        0.498287 0.436693 0.025590,
        0.497221 0.435151 0.016559,
        0.501969 0.433211 0.016882,
        0.502769 0.434657 0.024714,
        0.505939 0.430205 0.017383,
        0.506652 0.431556 0.024179,
        0.506045 0.430125 0.017397,
        0.514461 0.419674 0.029522,
        0.512496 0.418112 0.024835,
        0.511678 0.423007 0.024241,
        0.512489 0.418093 0.024779,
        0.509174 0.426104 0.018067,
        0.509687 0.427587 0.024017,
        0.511115 0.421482 0.018837,
        0.511140 0.421420 0.018848,
        0.511811 0.416395 0.019685,
        0.511781 0.428978 0.029665,
        0.509055 0.432900 0.030605,
        0.505622 0.436016 0.032093,
        0.501693 0.438133 0.034037,
        0.515314 0.430171 0.034555,
        0.513087 0.434055 0.036162,
        0.510320 0.437181 0.038444,
        0.507174 0.439366 0.041265,
        0.521745 0.422095 0.036785,
        0.521139 0.426719 0.037078,
        0.520018 0.431082 0.038318,
        0.518444 0.434939 0.040434,
        0.516507 0.438072 0.043309,
        0.514317 0.440305 0.046779,
        0.522705 0.431413 0.039689,
        0.521502 0.435260 0.041991,
        0.520026 0.438396 0.045078,
        0.518358 0.440646 0.048780,
        0.526463 0.422739 0.038716,
        0.526135 0.427322 0.039190,
        0.525549 0.431653 0.040685,
        0.524735 0.435493 0.043121,
        0.523740 0.438630 0.046361,
        0.522617 0.440893 0.050229,
        0.528960 0.422902 0.039206,
        0.528793 0.427475 0.039728,
        0.528496 0.431798 0.041289,
        0.528087 0.435633 0.043806,
        0.527586 0.438772 0.047139,
        0.527021 0.441042 0.051106,
        -0.492126 0.420801 0.000500,
        -0.492126 0.435621 0.015460,
        0.492126 0.435621 0.015460,
        -0.492126 0.434458 0.012055,
        0.492126 0.434458 0.012055,
        -0.492126 0.434188 0.011264,
        0.492126 0.434188 0.011264,
        -0.492126 0.432204 0.008063,
        0.492126 0.432204 0.008063,
        -0.492126 0.431851 0.007494,
        0.492126 0.431851 0.007494,
        -0.492126 0.429083 0.004700,
        0.492126 0.429083 0.004700,
        -0.492126 0.428731 0.004344,
        0.492126 0.428731 0.004344,
        -0.492126 0.425266 0.002151,
        0.492126 0.425266 0.002151,
        -0.492126 0.424984 0.001972,
        0.492126 0.424984 0.001972,
        -0.492126 0.420959 0.000555,
        0.492126 0.420959 0.000555,
        0.492126 0.420801 0.000500,
        -0.527011 0.441042 0.051105,
        -0.527577 0.438772 0.047138,
        -0.528490 0.431798 0.041289,
        -0.528787 0.427475 0.039727,
        -0.523572 0.427069 0.038303,
        -0.526461 0.422739 0.038715,
        -0.526133 0.427322 0.039189,
        -0.527122 0.422782 0.038845,
        -0.528954 0.422902 0.039206,
        -0.521149 0.426720 0.037084,
        -0.522973 0.422294 0.037383,
        -0.524048 0.422469 0.037907,
        -0.516878 0.425757 0.033723,
        -0.519320 0.421483 0.034947,
        -0.521754 0.422097 0.036791,
        -0.513640 0.424491 0.029339,
        -0.516238 0.420452 0.031855,
        -0.517672 0.421067 0.033700,
        -0.522614 0.440893 0.050228,
        -0.518364 0.440646 0.048782,
        -0.514333 0.440307 0.046788,
        -0.507188 0.439368 0.041279,
        -0.501702 0.438136 0.034053,
        -0.498292 0.436696 0.025608,
        -0.523737 0.438630 0.046361,
        -0.520030 0.438396 0.045080,
        -0.516522 0.438074 0.043317,
        -0.510331 0.437183 0.038455,
        -0.505630 0.436018 0.032107,
        -0.502772 0.434661 0.024730,
        -0.525546 0.431652 0.040685,
        -0.522709 0.431413 0.039691,
        -0.520028 0.431083 0.038324,
        -0.515322 0.430173 0.034564,
        -0.511787 0.428981 0.029676,
        -0.509690 0.427590 0.024030,
        -0.511681 0.423011 0.024252,
        -0.512394 0.417851 0.024053,
        -0.512500 0.418115 0.024845,
        -0.513894 0.419223 0.028170,
        -0.514507 0.419710 0.029629,
        -0.497155 0.435159 0.016558,
        -0.497221 0.435151 0.016559,
        -0.501969 0.433211 0.016882,
        -0.505939 0.430205 0.017383,
        -0.528080 0.435633 0.043805,
        -0.524733 0.435493 0.043120,
        -0.521506 0.435260 0.041993,
        -0.518456 0.434940 0.040441,
        -0.513097 0.434057 0.036172,
        -0.509061 0.432903 0.030617,
        -0.506655 0.431559 0.024193,
        -0.506045 0.430125 0.017397,
        -0.511811 0.416395 0.019685,
        -0.511140 0.421420 0.018848,
        -0.511115 0.421482 0.018837,
        -0.509174 0.426104 0.018067,
        -0.531496 -0.441093 0.051400,
        -0.531496 -0.438820 0.047399,
        -0.531496 -0.435681 0.044035,
        -0.531496 -0.431846 0.041492,
        -0.531496 -0.427526 0.039908,
        0.527011 -0.441042 0.051105,
        0.527577 -0.438772 0.047138,
        0.528490 -0.431798 0.041289,
        0.526133 -0.427322 0.039189,
        0.528954 -0.422902 0.039206,
        0.528787 -0.427475 0.039727,
        0.521149 -0.426720 0.037084,
        0.524048 -0.422469 0.037907,
        0.523572 -0.427069 0.038303,
        0.526402 -0.422732 0.038696,
        0.526461 -0.422739 0.038715,
        0.516878 -0.425757 0.033723,
        0.521663 -0.422074 0.036721,
        0.521754 -0.422097 0.036791,
        0.513640 -0.424491 0.029339,
        0.517590 -0.421031 0.033594,
        0.517672 -0.421067 0.033700,
        0.522614 -0.440893 0.050228,
        0.518364 -0.440646 0.048782,
        0.514333 -0.440307 0.046788,
        0.507188 -0.439368 0.041279,
        0.501702 -0.438136 0.034053,
        0.498292 -0.436696 0.025608,
        0.523737 -0.438630 0.046361,
        0.520030 -0.438396 0.045080,
        0.516522 -0.438074 0.043317,
        0.510331 -0.437183 0.038455,
        0.505630 -0.436018 0.032107,
        0.502772 -0.434661 0.024730,
        0.525546 -0.431652 0.040685,
        0.522709 -0.431413 0.039691,
        0.520028 -0.431083 0.038324,
        0.515322 -0.430173 0.034564,
        0.511787 -0.428981 0.029676,
        0.509690 -0.427590 0.024030,
        0.511681 -0.423011 0.024252,
        0.512491 -0.418093 0.024779,
        0.512500 -0.418115 0.024845,
        0.514462 -0.419674 0.029522,
        0.514507 -0.419710 0.029629,
        0.497155 -0.435159 0.016558,
        0.497221 -0.435151 0.016559,
        0.501969 -0.433211 0.016882,
        0.505939 -0.430205 0.017383,
        0.528080 -0.435633 0.043805,
        0.524733 -0.435493 0.043120,
        0.521506 -0.435260 0.041993,
        0.518456 -0.434940 0.040441,
        0.513097 -0.434057 0.036172,
        0.509061 -0.432903 0.030617,
        0.506655 -0.431559 0.024193,
        0.506045 -0.430125 0.017397,
        0.511811 -0.416395 0.019685,
        0.511140 -0.421420 0.018848,
        0.511115 -0.421482 0.018837,
        0.509174 -0.426104 0.018067,
        0.495942 0.418598 0.000500,
        0.496382 0.417535 0.000500,
        0.494329 0.420211 0.000500,
        0.495242 0.419511 0.000500,
        0.497198 0.416395 0.000734,
        0.496532 0.416395 0.000500,
        0.501910 0.416395 0.002729,
        0.500715 0.416395 0.001972,
        0.500422 0.418618 0.001972,
        0.510697 0.421371 0.015460,
        0.508776 0.426008 0.015460,
        0.505721 0.429990 0.015460,
        0.501739 0.433046 0.015460,
        0.497102 0.434966 0.015460,
        0.496731 0.433581 0.011264,
        0.511064 0.416395 0.014616,
        0.511352 0.416395 0.015460,
        0.509312 0.421000 0.011264,
        0.507535 0.425291 0.011264,
        0.504707 0.428976 0.011264,
        0.501022 0.431804 0.011264,
        0.496126 0.431325 0.007494,
        0.499854 0.429781 0.007494,
        0.503055 0.427324 0.007494,
        0.505511 0.424123 0.007494,
        0.507056 0.420396 0.007494,
        0.495319 0.428310 0.004344,
        0.509919 0.416395 0.011264,
        0.509076 0.416395 0.009904,
        0.507582 0.416395 0.007494,
        0.505957 0.416395 0.005854,
        0.498294 0.427078 0.004344,
        0.500848 0.425118 0.004344,
        0.502809 0.422563 0.004344,
        0.504041 0.419588 0.004344,
        0.504461 0.416395 0.004344,
        0.494349 0.424691 0.001972,
        0.496420 0.423833 0.001972,
        0.498199 0.422469 0.001972,
        0.499564 0.420689 0.001972,
        0.493267 0.420651 0.000500,
        -0.493267 0.420651 0.000500,
        -0.494349 0.424691 0.001972,
        -0.495319 0.428310 0.004344,
        -0.496126 0.431325 0.007494,
        -0.496731 0.433581 0.011264,
        -0.501022 0.431804 0.011264,
        -0.501739 0.433046 0.015460,
        -0.497102 0.434966 0.015460,
        -0.510697 0.421371 0.015460,
        -0.505721 0.429990 0.015460,
        -0.511352 0.416395 0.015460,
        -0.511064 0.416395 0.014616,
        -0.509312 0.421000 0.011264,
        -0.499854 0.429781 0.007494,
        -0.507056 0.420396 0.007494,
        -0.509076 0.416395 0.009904,
        -0.509919 0.416395 0.011264,
        -0.498294 0.427078 0.004344,
        -0.504041 0.419588 0.004344,
        -0.505957 0.416395 0.005854,
        -0.507582 0.416395 0.007494,
        -0.496420 0.423833 0.001972,
        -0.500422 0.418618 0.001972,
        -0.501910 0.416395 0.002729,
        -0.504461 0.416395 0.004344,
        -0.494329 0.420211 0.000500,
        -0.496532 0.416395 0.000500,
        -0.496382 0.417535 0.000500,
        -0.497198 0.416395 0.000734,
        -0.500715 0.416395 0.001972,
        -0.508776 0.426008 0.015460,
        -0.507535 0.425291 0.011264,
        -0.504707 0.428976 0.011264,
        -0.505511 0.424123 0.007494,
        -0.503055 0.427324 0.007494,
        -0.502809 0.422563 0.004344,
        -0.500848 0.425118 0.004344,
        -0.499564 0.420689 0.001972,
        -0.498199 0.422469 0.001972,
        -0.495942 0.418598 0.000500,
        -0.495242 0.419511 0.000500,
        -0.526463 -0.422739 0.038716,
        -0.527122 -0.422782 0.038845,
        -0.511811 -0.416395 0.019685,
        -0.512393 -0.417851 0.024054,
        -0.512496 -0.418112 0.024835,
        -0.513894 -0.419223 0.028170,
        -0.514502 -0.419707 0.029620,
        -0.516238 -0.420452 0.031856,
        -0.517665 -0.421064 0.033692,
        -0.519320 -0.421482 0.034947,
        -0.521745 -0.422095 0.036785,
        -0.522973 -0.422294 0.037383,
        -0.524044 -0.422469 0.037905,
        -0.528960 -0.422902 0.039206,
        -0.526135 -0.427322 0.039190,
        -0.521139 -0.426719 0.037078,
        -0.516870 -0.425754 0.033715,
        -0.513635 -0.424489 0.029330,
        -0.496439 -0.435252 0.016542,
        -0.498287 -0.436693 0.025590,
        -0.502769 -0.434657 0.024714,
        -0.500519 -0.433803 0.016784,
        -0.497221 -0.435151 0.016559,
        -0.506652 -0.431556 0.024179,
        -0.504197 -0.431524 0.017163,
        -0.501969 -0.433211 0.016882,
        -0.509687 -0.427587 0.024017,
        -0.507307 -0.428504 0.017667,
        -0.506045 -0.430125 0.017397,
        -0.511228 -0.420762 0.018957,
        -0.511140 -0.421420 0.018848,
        -0.511678 -0.423007 0.024241,
        -0.509694 -0.424863 0.018274,
        -0.509174 -0.426104 0.018067,
        -0.511781 -0.428978 0.029665,
        -0.509055 -0.432900 0.030605,
        -0.505622 -0.436016 0.032093,
        -0.501693 -0.438133 0.034037,
        -0.515314 -0.430171 0.034555,
        -0.513087 -0.434055 0.036162,
        -0.510320 -0.437181 0.038444,
        -0.507174 -0.439366 0.041265,
        -0.520018 -0.431082 0.038318,
        -0.518444 -0.434939 0.040434,
        -0.516507 -0.438072 0.043309,
        -0.514317 -0.440305 0.046779,
        -0.523569 -0.427069 0.038302,
        -0.522705 -0.431413 0.039689,
        -0.521502 -0.435260 0.041991,
        -0.520026 -0.438396 0.045078,
        -0.518358 -0.440646 0.048780,
        -0.525549 -0.431653 0.040685,
        -0.524735 -0.435493 0.043121,
        -0.523740 -0.438630 0.046361,
        -0.522617 -0.440893 0.050229,
        -0.528793 -0.427475 0.039728,
        -0.528496 -0.431798 0.041289,
        -0.528087 -0.435633 0.043806,
        -0.527586 -0.438772 0.047139,
        -0.527021 -0.441042 0.051106,
        0.496532 -0.416395 0.000500,
        0.497198 -0.416395 0.000734,
        0.511352 -0.416395 0.015460,
        0.511064 -0.416395 0.014616,
        0.509919 -0.416395 0.011264,
        0.509076 -0.416395 0.009904,
        0.507582 -0.416395 0.007494,
        0.505957 -0.416395 0.005854,
        0.504461 -0.416395 0.004344,
        0.501910 -0.416395 0.002729,
        0.500715 -0.416395 0.001972,
        -0.511352 -0.416395 0.015460,
        -0.511064 -0.416395 0.014616,
        -0.509919 -0.416395 0.011264,
        -0.509076 -0.416395 0.009904,
        -0.507582 -0.416395 0.007494,
        -0.505957 -0.416395 0.005854,
        -0.504461 -0.416395 0.004344,
        -0.501910 -0.416395 0.002729,
        -0.500715 -0.416395 0.001972,
        -0.497198 -0.416395 0.000734,
        -0.496532 -0.416395 0.000500,
        0.493267 -0.420651 0.000500,
        0.492126 -0.420801 0.000500,
        0.492126 -0.420959 0.000555,
        0.492126 -0.425266 0.002151,
        0.492126 -0.424984 0.001972,
        0.494349 -0.424691 0.001972,
        0.492126 -0.429083 0.004700,
        0.492126 -0.428731 0.004344,
        0.495319 -0.428310 0.004344,
        0.492126 -0.432204 0.008063,
        0.492126 -0.431851 0.007494,
        0.496126 -0.431325 0.007494,
        0.492126 -0.434458 0.012055,
        0.492126 -0.434188 0.011264,
        0.496731 -0.433581 0.011264,
        0.501022 -0.431804 0.011264,
        0.501739 -0.433046 0.015460,
        0.497102 -0.434966 0.015460,
        0.510697 -0.421371 0.015460,
        0.505721 -0.429990 0.015460,
        0.492126 -0.435621 0.015460,
        0.509312 -0.421000 0.011264,
        0.499854 -0.429781 0.007494,
        0.507056 -0.420396 0.007494,
        0.498294 -0.427078 0.004344,
        0.504041 -0.419588 0.004344,
        0.496420 -0.423833 0.001972,
        0.500422 -0.418618 0.001972,
        0.494329 -0.420211 0.000500,
        0.496382 -0.417535 0.000500,
        0.508776 -0.426008 0.015460,
        0.507535 -0.425291 0.011264,
        0.504707 -0.428976 0.011264,
        0.505511 -0.424123 0.007494,
        0.503055 -0.427324 0.007494,
        0.502809 -0.422563 0.004344,
        0.500848 -0.425118 0.004344,
        0.499564 -0.420689 0.001972,
        0.498199 -0.422469 0.001972,
        0.495942 -0.418598 0.000500,
        0.495242 -0.419511 0.000500,
        -0.496096 -0.418307 0.000500,
        -0.496422 -0.417376 0.000500,
        -0.494873 -0.419840 0.000500,
        -0.495571 -0.419142 0.000500,
        -0.494038 -0.420365 0.000500,
        -0.500499 -0.418306 0.001972,
        -0.510870 -0.420673 0.015460,
        -0.509448 -0.424737 0.015460,
        -0.507157 -0.428382 0.015460,
        -0.504113 -0.431427 0.015460,
        -0.500468 -0.433717 0.015460,
        -0.496404 -0.435139 0.015460,
        -0.492126 -0.435621 0.015460,
        -0.492126 -0.432204 0.008063,
        -0.492126 -0.434188 0.011264,
        -0.496085 -0.433742 0.011264,
        -0.492126 -0.434458 0.012055,
        -0.509472 -0.420354 0.011264,
        -0.508157 -0.424115 0.011264,
        -0.506037 -0.427489 0.011264,
        -0.503220 -0.430306 0.011264,
        -0.499846 -0.432426 0.011264,
        -0.492126 -0.429083 0.004700,
        -0.492126 -0.431851 0.007494,
        -0.495565 -0.431464 0.007494,
        -0.498832 -0.430321 0.007494,
        -0.501763 -0.428480 0.007494,
        -0.504210 -0.426032 0.007494,
        -0.506052 -0.423101 0.007494,
        -0.507195 -0.419835 0.007494,
        -0.492126 -0.425266 0.002151,
        -0.492126 -0.428731 0.004344,
        -0.494871 -0.428421 0.004344,
        -0.497478 -0.427509 0.004344,
        -0.499817 -0.426039 0.004344,
        -0.501770 -0.424086 0.004344,
        -0.503240 -0.421747 0.004344,
        -0.504152 -0.419140 0.004344,
        -0.492126 -0.420959 0.000555,
        -0.492126 -0.424984 0.001972,
        -0.494037 -0.424769 0.001972,
        -0.495852 -0.424133 0.001972,
        -0.497481 -0.423110 0.001972,
        -0.498841 -0.421750 0.001972,
        -0.499864 -0.420122 0.001972,
        -0.492126 -0.420801 0.000500,
        -0.493106 -0.420691 0.000500,
      ]
    }
    coordIndex [
      0, 1, 2, -1,
      2, 1, 3, -1,
      4, 5, 6, -1,
      6, 5, 7, -1,
      8, 9, 10, -1,
      10, 9, 11, -1,
      12, 13, 14, -1,
      15, 16, 17, -1,
      17, 16, 18, -1,
      17, 18, 19, -1,
      20, 21, 22, -1,
      12, 14, 23, -1,
      23, 14, 24, -1,
      23, 24, 25, -1,
      25, 24, 26, -1,
      25, 26, 27, -1,
      13, 28, 14, -1,
      14, 28, 29, -1,
      14, 29, 30, -1,
      31, 32, 14, -1,
      14, 32, 33, -1,
      34, 35, 36, -1,
      36, 35, 37, -1,
      33, 38, 14, -1,
      14, 38, 37, -1,
      14, 37, 39, -1,
      39, 37, 35, -1,
      30, 40, 14, -1,
      14, 40, 41, -1,
      14, 41, 31, -1,
      19, 42, 17, -1,
      17, 42, 43, -1,
      17, 43, 44, -1,
      44, 43, 45, -1,
      44, 45, 46, -1,
      47, 48, 26, -1,
      26, 48, 49, -1,
      45, 50, 46, -1,
      46, 50, 51, -1,
      46, 51, 22, -1,
      22, 51, 52, -1,
      22, 52, 20, -1,
      49, 53, 26, -1,
      26, 53, 54, -1,
      26, 54, 27, -1,
      55, 56, 57, -1,
      57, 56, 58, -1,
      57, 58, 59, -1,
      58, 60, 59, -1,
      59, 60, 61, -1,
      59, 61, 16, -1,
      21, 47, 22, -1,
      22, 47, 26, -1,
      22, 26, 62, -1,
      62, 26, 63, -1,
      62, 63, 15, -1,
      15, 63, 64, -1,
      15, 64, 16, -1,
      16, 64, 65, -1,
      16, 65, 59, -1,
      66, 67, 68, -1,
      69, 70, 57, -1,
      57, 70, 71, -1,
      72, 73, 71, -1,
      71, 73, 26, -1,
      71, 26, 57, -1,
      57, 26, 24, -1,
      57, 24, 55, -1,
      74, 75, 76, -1,
      68, 77, 66, -1,
      66, 77, 78, -1,
      66, 78, 79, -1,
      80, 81, 82, -1,
      83, 84, 82, -1,
      82, 84, 85, -1,
      82, 85, 80, -1,
      80, 85, 69, -1,
      80, 69, 86, -1,
      86, 69, 57, -1,
      86, 57, 87, -1,
      76, 81, 74, -1,
      74, 81, 80, -1,
      74, 80, 72, -1,
      88, 89, 73, -1,
      72, 80, 73, -1,
      73, 80, 90, -1,
      73, 90, 88, -1,
      91, 92, 93, -1,
      93, 92, 94, -1,
      93, 94, 57, -1,
      57, 94, 66, -1,
      57, 66, 87, -1,
      87, 66, 79, -1,
      89, 95, 73, -1,
      73, 95, 96, -1,
      73, 96, 97, -1,
      98, 99, 100, -1,
      100, 99, 73, -1,
      100, 73, 101, -1,
      101, 73, 97, -1,
      101, 97, 102, -1,
      102, 103, 101, -1,
      101, 103, 104, -1,
      101, 104, 66, -1,
      66, 104, 105, -1,
      66, 105, 67, -1,
      98, 93, 99, -1,
      99, 93, 57, -1,
      99, 57, 106, -1,
      106, 57, 59, -1,
      107, 108, 109, -1,
      110, 111, 112, -1,
      112, 111, 113, -1,
      114, 115, 116, -1,
      116, 115, 117, -1,
      116, 117, 118, -1,
      119, 120, 121, -1,
      121, 122, 117, -1,
      117, 122, 123, -1,
      124, 125, 126, -1,
      126, 125, 127, -1,
      126, 127, 128, -1,
      129, 130, 131, -1,
      132, 133, 134, -1,
      134, 133, 129, -1,
      134, 129, 135, -1,
      135, 129, 131, -1,
      136, 137, 138, -1,
      139, 140, 109, -1,
      141, 121, 142, -1,
      142, 121, 109, -1,
      114, 112, 115, -1,
      115, 112, 113, -1,
      115, 113, 109, -1,
      109, 113, 143, -1,
      109, 143, 107, -1,
      107, 143, 118, -1,
      107, 118, 144, -1,
      144, 118, 117, -1,
      144, 117, 145, -1,
      145, 117, 123, -1,
      145, 123, 146, -1,
      146, 123, 147, -1,
      146, 147, 148, -1,
      148, 147, 149, -1,
      148, 149, 150, -1,
      150, 149, 151, -1,
      124, 126, 152, -1,
      152, 126, 153, -1,
      152, 153, 154, -1,
      154, 153, 155, -1,
      154, 155, 156, -1,
      138, 157, 136, -1,
      136, 157, 158, -1,
      136, 158, 159, -1,
      159, 158, 160, -1,
      161, 162, 140, -1,
      140, 162, 163, -1,
      140, 163, 164, -1,
      165, 166, 141, -1,
      141, 166, 167, -1,
      141, 167, 121, -1,
      121, 167, 168, -1,
      121, 168, 119, -1,
      120, 169, 121, -1,
      121, 169, 170, -1,
      121, 170, 171, -1,
      171, 172, 121, -1,
      121, 172, 173, -1,
      121, 173, 174, -1,
      174, 175, 121, -1,
      121, 175, 176, -1,
      121, 176, 122, -1,
      122, 176, 126, -1,
      122, 126, 140, -1,
      140, 126, 128, -1,
      140, 128, 161, -1,
      130, 139, 131, -1,
      131, 139, 109, -1,
      131, 109, 160, -1,
      160, 109, 108, -1,
      160, 108, 159, -1,
      165, 141, 177, -1,
      177, 141, 178, -1,
      177, 178, 179, -1,
      179, 178, 180, -1,
      179, 180, 181, -1,
      181, 180, 182, -1,
      181, 182, 183, -1,
      184, 156, 185, -1,
      185, 156, 186, -1,
      184, 187, 156, -1,
      156, 187, 188, -1,
      156, 188, 154, -1,
      189, 190, 191, -1,
      164, 192, 140, -1,
      140, 192, 193, -1,
      140, 193, 109, -1,
      109, 193, 194, -1,
      109, 194, 195, -1,
      195, 196, 109, -1,
      109, 196, 197, -1,
      109, 197, 142, -1,
      183, 198, 181, -1,
      181, 198, 199, -1,
      181, 199, 200, -1,
      156, 201, 186, -1,
      186, 201, 202, -1,
      186, 202, 191, -1,
      191, 202, 203, -1,
      191, 203, 189, -1,
      200, 204, 181, -1,
      181, 204, 205, -1,
      181, 205, 206, -1,
      207, 208, 206, -1,
      206, 208, 209, -1,
      206, 209, 181, -1,
      210, 211, 212, -1,
      212, 211, 213, -1,
      214, 215, 216, -1,
      216, 215, 217, -1,
      218, 219, 220, -1,
      218, 220, 221, -1,
      222, 223, 224, -1,
      224, 223, 225, -1,
      224, 225, 226, -1,
      226, 225, 227, -1,
      219, 228, 220, -1,
      220, 228, 229, -1,
      220, 229, 225, -1,
      225, 229, 230, -1,
      225, 230, 227, -1,
      231, 232, 233, -1,
      233, 232, 234, -1,
      233, 234, 235, -1,
      235, 234, 236, -1,
      235, 236, 237, -1,
      237, 236, 228, -1,
      237, 228, 238, -1,
      238, 228, 219, -1,
      239, 240, 220, -1,
      220, 240, 241, -1,
      220, 241, 221, -1,
      242, 243, 244, -1,
      242, 244, 245, -1,
      246, 247, 248, -1,
      248, 247, 249, -1,
      248, 249, 250, -1,
      250, 249, 251, -1,
      243, 252, 244, -1,
      244, 252, 253, -1,
      244, 253, 249, -1,
      249, 253, 254, -1,
      249, 254, 251, -1,
      255, 256, 257, -1,
      257, 256, 258, -1,
      257, 258, 259, -1,
      259, 258, 260, -1,
      259, 260, 261, -1,
      261, 260, 252, -1,
      261, 252, 262, -1,
      262, 252, 243, -1,
      263, 264, 244, -1,
      244, 264, 265, -1,
      244, 265, 245, -1,
      266, 267, 268, -1,
      268, 267, 269, -1,
      270, 271, 225, -1,
      225, 271, 220, -1,
      272, 273, 274, -1,
      274, 273, 275, -1,
      244, 249, 276, -1,
      276, 249, 277, -1,
      277, 278, 279, -1,
      277, 279, 276, -1,
      276, 279, 280, -1,
      276, 280, 281, -1,
      273, 282, 283, -1,
      284, 210, 285, -1,
      285, 210, 212, -1,
      285, 212, 283, -1,
      283, 212, 275, -1,
      283, 275, 273, -1,
      215, 286, 287, -1,
      288, 266, 289, -1,
      289, 266, 268, -1,
      289, 268, 287, -1,
      287, 268, 217, -1,
      287, 217, 215, -1,
      290, 291, 270, -1,
      270, 291, 292, -1,
      270, 292, 271, -1,
      271, 292, 293, -1,
      267, 294, 295, -1,
      296, 214, 297, -1,
      297, 214, 216, -1,
      297, 216, 295, -1,
      295, 216, 269, -1,
      295, 269, 267, -1,
      211, 298, 299, -1,
      300, 272, 301, -1,
      301, 272, 274, -1,
      301, 274, 299, -1,
      299, 274, 213, -1,
      299, 213, 211, -1,
      302, 303, 304, -1,
      305, 306, 307, -1,
      307, 308, 305, -1,
      305, 308, 302, -1,
      305, 302, 309, -1,
      309, 302, 304, -1,
      310, 311, 312, -1,
      312, 311, 313, -1,
      312, 313, 314, -1,
      314, 313, 315, -1,
      314, 315, 316, -1,
      316, 315, 317, -1,
      1, 0, 318, -1,
      318, 0, 319, -1,
      318, 319, 320, -1,
      6, 7, 320, -1,
      320, 7, 321, -1,
      320, 321, 318, -1,
      318, 321, 322, -1,
      10, 11, 322, -1,
      322, 11, 323, -1,
      322, 323, 318, -1,
      318, 323, 324, -1,
      121, 117, 324, -1,
      324, 117, 325, -1,
      324, 325, 318, -1,
      318, 325, 326, -1,
      318, 326, 327, -1,
      327, 326, 328, -1,
      327, 328, 329, -1,
      329, 328, 330, -1,
      329, 330, 331, -1,
      331, 330, 332, -1,
      331, 332, 333, -1,
      333, 332, 280, -1,
      333, 280, 279, -1,
      117, 115, 334, -1,
      289, 287, 335, -1,
      335, 287, 336, -1,
      335, 336, 337, -1,
      337, 336, 338, -1,
      337, 338, 339, -1,
      339, 338, 340, -1,
      339, 340, 341, -1,
      341, 340, 342, -1,
      341, 342, 343, -1,
      343, 342, 344, -1,
      343, 344, 345, -1,
      345, 344, 346, -1,
      345, 346, 347, -1,
      347, 346, 348, -1,
      347, 348, 349, -1,
      349, 348, 350, -1,
      349, 350, 351, -1,
      351, 350, 352, -1,
      351, 352, 334, -1,
      334, 352, 353, -1,
      334, 353, 117, -1,
      354, 355, 356, -1,
      357, 358, 359, -1,
      360, 361, 362, -1,
      117, 363, 364, -1,
      365, 363, 117, -1,
      362, 361, 117, -1,
      366, 117, 361, -1,
      367, 368, 369, -1,
      369, 368, 370, -1,
      369, 370, 371, -1,
      371, 370, 372, -1,
      372, 370, 373, -1,
      372, 373, 374, -1,
      374, 373, 375, -1,
      375, 373, 376, -1,
      375, 376, 377, -1,
      377, 376, 378, -1,
      378, 376, 379, -1,
      378, 379, 380, -1,
      380, 379, 381, -1,
      381, 379, 382, -1,
      381, 382, 383, -1,
      383, 382, 336, -1,
      383, 336, 287, -1,
      353, 365, 117, -1,
      384, 385, 360, -1,
      360, 385, 386, -1,
      360, 386, 361, -1,
      361, 386, 387, -1,
      361, 387, 366, -1,
      388, 364, 389, -1,
      389, 364, 363, -1,
      389, 363, 390, -1,
      390, 363, 365, -1,
      390, 365, 391, -1,
      358, 384, 359, -1,
      359, 384, 360, -1,
      359, 360, 392, -1,
      392, 360, 362, -1,
      392, 362, 393, -1,
      393, 362, 117, -1,
      353, 352, 365, -1,
      365, 352, 350, -1,
      365, 350, 391, -1,
      391, 350, 348, -1,
      391, 348, 346, -1,
      394, 388, 395, -1,
      395, 388, 389, -1,
      395, 389, 396, -1,
      396, 389, 390, -1,
      396, 390, 397, -1,
      397, 390, 391, -1,
      397, 391, 398, -1,
      398, 391, 346, -1,
      356, 394, 399, -1,
      399, 394, 395, -1,
      399, 395, 400, -1,
      400, 395, 396, -1,
      400, 396, 401, -1,
      401, 396, 397, -1,
      401, 397, 402, -1,
      402, 397, 398, -1,
      402, 398, 403, -1,
      355, 357, 356, -1,
      356, 357, 359, -1,
      356, 359, 394, -1,
      394, 359, 392, -1,
      394, 392, 388, -1,
      388, 392, 393, -1,
      388, 393, 364, -1,
      364, 393, 117, -1,
      367, 280, 368, -1,
      368, 280, 404, -1,
      368, 404, 354, -1,
      346, 344, 398, -1,
      398, 344, 342, -1,
      398, 342, 403, -1,
      403, 342, 340, -1,
      403, 340, 338, -1,
      354, 356, 368, -1,
      368, 356, 399, -1,
      368, 399, 370, -1,
      370, 399, 400, -1,
      370, 400, 373, -1,
      373, 400, 401, -1,
      373, 401, 376, -1,
      376, 401, 402, -1,
      376, 402, 379, -1,
      379, 402, 403, -1,
      379, 403, 382, -1,
      382, 403, 338, -1,
      382, 338, 336, -1,
      405, 406, 407, -1,
      408, 409, 410, -1,
      411, 412, 413, -1,
      1, 414, 415, -1,
      416, 414, 1, -1,
      413, 412, 1, -1,
      417, 1, 412, -1,
      418, 419, 420, -1,
      420, 419, 421, -1,
      420, 421, 422, -1,
      422, 421, 423, -1,
      423, 421, 424, -1,
      423, 424, 425, -1,
      425, 424, 426, -1,
      426, 424, 427, -1,
      426, 427, 428, -1,
      428, 427, 429, -1,
      429, 427, 430, -1,
      429, 430, 431, -1,
      431, 430, 432, -1,
      432, 430, 433, -1,
      432, 433, 434, -1,
      434, 433, 435, -1,
      434, 435, 279, -1,
      436, 416, 1, -1,
      437, 438, 411, -1,
      411, 438, 439, -1,
      411, 439, 412, -1,
      412, 439, 440, -1,
      412, 440, 417, -1,
      441, 415, 442, -1,
      442, 415, 414, -1,
      442, 414, 443, -1,
      443, 414, 416, -1,
      443, 416, 444, -1,
      409, 437, 410, -1,
      410, 437, 411, -1,
      410, 411, 445, -1,
      445, 411, 413, -1,
      445, 413, 446, -1,
      446, 413, 1, -1,
      436, 447, 416, -1,
      416, 447, 448, -1,
      416, 448, 444, -1,
      444, 448, 449, -1,
      444, 449, 450, -1,
      451, 441, 452, -1,
      452, 441, 442, -1,
      452, 442, 453, -1,
      453, 442, 443, -1,
      453, 443, 454, -1,
      454, 443, 444, -1,
      454, 444, 455, -1,
      455, 444, 450, -1,
      407, 451, 456, -1,
      456, 451, 452, -1,
      456, 452, 457, -1,
      457, 452, 453, -1,
      457, 453, 458, -1,
      458, 453, 454, -1,
      458, 454, 459, -1,
      459, 454, 455, -1,
      459, 455, 460, -1,
      406, 408, 407, -1,
      407, 408, 410, -1,
      407, 410, 451, -1,
      451, 410, 445, -1,
      451, 445, 441, -1,
      441, 445, 446, -1,
      441, 446, 415, -1,
      415, 446, 1, -1,
      418, 285, 419, -1,
      419, 285, 461, -1,
      419, 461, 405, -1,
      450, 462, 455, -1,
      455, 462, 463, -1,
      455, 463, 460, -1,
      460, 463, 464, -1,
      460, 464, 465, -1,
      405, 407, 419, -1,
      419, 407, 456, -1,
      419, 456, 421, -1,
      421, 456, 457, -1,
      421, 457, 424, -1,
      424, 457, 458, -1,
      424, 458, 427, -1,
      427, 458, 459, -1,
      427, 459, 430, -1,
      430, 459, 460, -1,
      430, 460, 433, -1,
      433, 460, 465, -1,
      433, 465, 435, -1,
      3, 1, 417, -1,
      285, 283, 461, -1,
      461, 283, 466, -1,
      461, 466, 405, -1,
      405, 466, 467, -1,
      405, 467, 406, -1,
      406, 467, 468, -1,
      406, 468, 408, -1,
      408, 468, 469, -1,
      408, 469, 409, -1,
      409, 469, 470, -1,
      409, 470, 437, -1,
      437, 470, 471, -1,
      437, 471, 438, -1,
      438, 471, 472, -1,
      438, 472, 439, -1,
      439, 472, 473, -1,
      439, 473, 440, -1,
      440, 473, 474, -1,
      440, 474, 417, -1,
      417, 474, 475, -1,
      417, 475, 3, -1,
      115, 109, 476, -1,
      476, 109, 477, -1,
      477, 478, 479, -1,
      9, 8, 478, -1,
      478, 8, 480, -1,
      478, 480, 479, -1,
      479, 480, 481, -1,
      2, 3, 482, -1,
      482, 3, 479, -1,
      482, 479, 483, -1,
      483, 479, 481, -1,
      483, 481, 4, -1,
      4, 481, 5, -1,
      477, 479, 476, -1,
      476, 479, 484, -1,
      476, 484, 485, -1,
      485, 484, 486, -1,
      485, 486, 487, -1,
      487, 486, 488, -1,
      487, 488, 489, -1,
      489, 488, 490, -1,
      489, 490, 491, -1,
      491, 490, 292, -1,
      491, 292, 291, -1,
      337, 339, 492, -1,
      341, 343, 493, -1,
      494, 495, 496, -1,
      115, 497, 498, -1,
      499, 497, 115, -1,
      496, 495, 115, -1,
      334, 115, 495, -1,
      500, 501, 502, -1,
      502, 501, 503, -1,
      502, 503, 504, -1,
      504, 503, 505, -1,
      505, 503, 506, -1,
      505, 506, 507, -1,
      507, 506, 508, -1,
      508, 506, 509, -1,
      508, 509, 510, -1,
      510, 509, 511, -1,
      511, 509, 512, -1,
      511, 512, 513, -1,
      513, 512, 514, -1,
      514, 512, 515, -1,
      514, 515, 516, -1,
      516, 515, 517, -1,
      516, 517, 291, -1,
      518, 499, 115, -1,
      345, 347, 494, -1,
      494, 347, 349, -1,
      494, 349, 495, -1,
      495, 349, 351, -1,
      495, 351, 334, -1,
      519, 498, 520, -1,
      520, 498, 497, -1,
      520, 497, 521, -1,
      521, 497, 499, -1,
      521, 499, 522, -1,
      343, 345, 493, -1,
      493, 345, 494, -1,
      493, 494, 523, -1,
      523, 494, 496, -1,
      523, 496, 524, -1,
      524, 496, 115, -1,
      518, 525, 499, -1,
      499, 525, 526, -1,
      499, 526, 522, -1,
      522, 526, 527, -1,
      522, 527, 528, -1,
      529, 519, 530, -1,
      530, 519, 520, -1,
      530, 520, 531, -1,
      531, 520, 521, -1,
      531, 521, 532, -1,
      532, 521, 522, -1,
      532, 522, 533, -1,
      533, 522, 528, -1,
      492, 529, 534, -1,
      534, 529, 530, -1,
      534, 530, 535, -1,
      535, 530, 531, -1,
      535, 531, 536, -1,
      536, 531, 532, -1,
      536, 532, 537, -1,
      537, 532, 533, -1,
      537, 533, 538, -1,
      339, 341, 492, -1,
      492, 341, 493, -1,
      492, 493, 529, -1,
      529, 493, 523, -1,
      529, 523, 519, -1,
      519, 523, 524, -1,
      519, 524, 498, -1,
      498, 524, 115, -1,
      500, 289, 501, -1,
      501, 289, 335, -1,
      501, 335, 337, -1,
      528, 539, 533, -1,
      533, 539, 540, -1,
      533, 540, 538, -1,
      538, 540, 541, -1,
      538, 541, 542, -1,
      337, 492, 501, -1,
      501, 492, 534, -1,
      501, 534, 503, -1,
      503, 534, 535, -1,
      503, 535, 506, -1,
      506, 535, 536, -1,
      506, 536, 509, -1,
      509, 536, 537, -1,
      509, 537, 512, -1,
      512, 537, 538, -1,
      512, 538, 515, -1,
      515, 538, 542, -1,
      515, 542, 517, -1,
      543, 544, 381, -1,
      281, 280, 545, -1,
      545, 280, 367, -1,
      545, 367, 546, -1,
      546, 367, 369, -1,
      546, 369, 547, -1,
      547, 369, 371, -1,
      547, 371, 548, -1,
      371, 372, 548, -1,
      548, 372, 374, -1,
      548, 374, 549, -1,
      374, 375, 549, -1,
      549, 375, 377, -1,
      549, 377, 550, -1,
      550, 377, 378, -1,
      550, 378, 551, -1,
      551, 378, 544, -1,
      544, 378, 380, -1,
      544, 380, 381, -1,
      543, 381, 286, -1,
      286, 381, 383, -1,
      286, 383, 287, -1,
      279, 278, 434, -1,
      434, 278, 552, -1,
      434, 552, 432, -1,
      432, 552, 553, -1,
      432, 553, 431, -1,
      431, 553, 554, -1,
      431, 554, 429, -1,
      429, 554, 555, -1,
      429, 555, 428, -1,
      428, 555, 556, -1,
      428, 556, 426, -1,
      426, 556, 557, -1,
      426, 557, 425, -1,
      425, 557, 558, -1,
      425, 558, 423, -1,
      423, 558, 559, -1,
      423, 559, 422, -1,
      422, 559, 560, -1,
      422, 560, 420, -1,
      420, 560, 561, -1,
      420, 561, 418, -1,
      418, 561, 562, -1,
      418, 562, 285, -1,
      285, 562, 284, -1,
      563, 564, 565, -1,
      566, 567, 568, -1,
      569, 570, 571, -1,
      3, 572, 573, -1,
      574, 572, 3, -1,
      571, 570, 3, -1,
      575, 3, 570, -1,
      576, 577, 578, -1,
      578, 577, 579, -1,
      578, 579, 580, -1,
      580, 579, 581, -1,
      581, 579, 582, -1,
      581, 582, 583, -1,
      583, 582, 584, -1,
      584, 582, 585, -1,
      584, 585, 586, -1,
      586, 585, 587, -1,
      587, 585, 588, -1,
      587, 588, 589, -1,
      589, 588, 590, -1,
      590, 588, 591, -1,
      590, 591, 592, -1,
      592, 591, 466, -1,
      592, 466, 283, -1,
      475, 574, 3, -1,
      593, 594, 569, -1,
      569, 594, 595, -1,
      569, 595, 570, -1,
      570, 595, 596, -1,
      570, 596, 575, -1,
      597, 573, 598, -1,
      598, 573, 572, -1,
      598, 572, 599, -1,
      599, 572, 574, -1,
      599, 574, 600, -1,
      567, 593, 568, -1,
      568, 593, 569, -1,
      568, 569, 601, -1,
      601, 569, 571, -1,
      601, 571, 602, -1,
      602, 571, 3, -1,
      475, 474, 574, -1,
      574, 474, 473, -1,
      574, 473, 600, -1,
      600, 473, 472, -1,
      600, 472, 471, -1,
      603, 597, 604, -1,
      604, 597, 598, -1,
      604, 598, 605, -1,
      605, 598, 599, -1,
      605, 599, 606, -1,
      606, 599, 600, -1,
      606, 600, 607, -1,
      607, 600, 471, -1,
      565, 603, 608, -1,
      608, 603, 604, -1,
      608, 604, 609, -1,
      609, 604, 605, -1,
      609, 605, 610, -1,
      610, 605, 606, -1,
      610, 606, 611, -1,
      611, 606, 607, -1,
      611, 607, 612, -1,
      564, 566, 565, -1,
      565, 566, 568, -1,
      565, 568, 603, -1,
      603, 568, 601, -1,
      603, 601, 597, -1,
      597, 601, 602, -1,
      597, 602, 573, -1,
      573, 602, 3, -1,
      576, 292, 577, -1,
      577, 292, 613, -1,
      577, 613, 563, -1,
      471, 470, 607, -1,
      607, 470, 469, -1,
      607, 469, 612, -1,
      612, 469, 468, -1,
      612, 468, 467, -1,
      563, 565, 577, -1,
      577, 565, 608, -1,
      577, 608, 579, -1,
      579, 608, 609, -1,
      579, 609, 582, -1,
      582, 609, 610, -1,
      582, 610, 585, -1,
      585, 610, 611, -1,
      585, 611, 588, -1,
      588, 611, 612, -1,
      588, 612, 591, -1,
      591, 612, 467, -1,
      591, 467, 466, -1,
      614, 615, 514, -1,
      288, 289, 616, -1,
      616, 289, 500, -1,
      616, 500, 617, -1,
      617, 500, 502, -1,
      617, 502, 618, -1,
      618, 502, 504, -1,
      618, 504, 619, -1,
      504, 505, 619, -1,
      619, 505, 507, -1,
      619, 507, 620, -1,
      507, 508, 620, -1,
      620, 508, 510, -1,
      620, 510, 621, -1,
      621, 510, 511, -1,
      621, 511, 622, -1,
      622, 511, 615, -1,
      615, 511, 513, -1,
      615, 513, 514, -1,
      614, 514, 290, -1,
      290, 514, 516, -1,
      290, 516, 291, -1,
      286, 215, 214, -1,
      623, 544, 624, -1,
      624, 544, 543, -1,
      624, 543, 625, -1,
      625, 543, 286, -1,
      625, 286, 296, -1,
      296, 286, 214, -1,
      244, 276, 263, -1,
      263, 276, 281, -1,
      263, 281, 626, -1,
      626, 281, 545, -1,
      626, 545, 627, -1,
      627, 545, 546, -1,
      627, 546, 628, -1,
      628, 546, 547, -1,
      628, 547, 629, -1,
      629, 547, 548, -1,
      629, 548, 630, -1,
      630, 548, 549, -1,
      630, 549, 631, -1,
      631, 549, 550, -1,
      631, 550, 623, -1,
      623, 550, 551, -1,
      623, 551, 544, -1,
      277, 249, 278, -1,
      278, 249, 247, -1,
      278, 247, 552, -1,
      247, 632, 552, -1,
      552, 632, 633, -1,
      552, 633, 553, -1,
      553, 633, 634, -1,
      553, 634, 554, -1,
      554, 634, 635, -1,
      554, 635, 555, -1,
      555, 635, 636, -1,
      555, 636, 556, -1,
      556, 636, 557, -1,
      557, 636, 637, -1,
      557, 637, 558, -1,
      637, 638, 558, -1,
      558, 638, 639, -1,
      558, 639, 559, -1,
      559, 639, 640, -1,
      211, 210, 298, -1,
      298, 210, 284, -1,
      298, 284, 641, -1,
      641, 284, 562, -1,
      641, 562, 642, -1,
      642, 562, 561, -1,
      642, 561, 640, -1,
      640, 561, 560, -1,
      640, 560, 559, -1,
      643, 644, 590, -1,
      645, 646, 587, -1,
      293, 292, 647, -1,
      647, 292, 576, -1,
      647, 576, 648, -1,
      648, 576, 578, -1,
      648, 578, 649, -1,
      649, 578, 580, -1,
      649, 580, 650, -1,
      584, 651, 583, -1,
      583, 651, 650, -1,
      583, 650, 581, -1,
      581, 650, 580, -1,
      587, 646, 586, -1,
      586, 646, 652, -1,
      586, 652, 584, -1,
      584, 652, 653, -1,
      584, 653, 651, -1,
      645, 587, 644, -1,
      644, 587, 589, -1,
      644, 589, 590, -1,
      643, 590, 282, -1,
      282, 590, 592, -1,
      282, 592, 283, -1,
      270, 225, 290, -1,
      290, 225, 223, -1,
      290, 223, 614, -1,
      223, 654, 614, -1,
      614, 654, 655, -1,
      614, 655, 615, -1,
      615, 655, 656, -1,
      615, 656, 622, -1,
      622, 656, 621, -1,
      621, 656, 657, -1,
      621, 657, 620, -1,
      620, 657, 658, -1,
      620, 658, 619, -1,
      619, 658, 659, -1,
      619, 659, 618, -1,
      659, 660, 618, -1,
      618, 660, 661, -1,
      618, 661, 617, -1,
      617, 661, 662, -1,
      267, 266, 294, -1,
      294, 266, 288, -1,
      294, 288, 662, -1,
      662, 288, 616, -1,
      662, 616, 617, -1,
      626, 627, 663, -1,
      296, 297, 625, -1,
      625, 297, 664, -1,
      625, 664, 624, -1,
      624, 664, 665, -1,
      624, 665, 623, -1,
      623, 665, 666, -1,
      623, 666, 631, -1,
      666, 667, 631, -1,
      631, 667, 668, -1,
      631, 668, 630, -1,
      668, 669, 630, -1,
      630, 669, 670, -1,
      630, 670, 629, -1,
      629, 670, 671, -1,
      629, 671, 628, -1,
      628, 671, 627, -1,
      627, 671, 672, -1,
      627, 672, 663, -1,
      626, 663, 263, -1,
      263, 663, 673, -1,
      263, 673, 264, -1,
      632, 247, 246, -1,
      674, 635, 634, -1,
      632, 246, 633, -1,
      633, 246, 675, -1,
      633, 675, 634, -1,
      634, 675, 676, -1,
      634, 676, 674, -1,
      635, 674, 636, -1,
      636, 674, 677, -1,
      636, 677, 637, -1,
      637, 677, 678, -1,
      637, 678, 638, -1,
      638, 678, 679, -1,
      638, 679, 639, -1,
      639, 679, 680, -1,
      639, 680, 640, -1,
      640, 680, 681, -1,
      640, 681, 642, -1,
      642, 681, 682, -1,
      642, 682, 641, -1,
      641, 682, 299, -1,
      641, 299, 298, -1,
      282, 273, 272, -1,
      272, 300, 282, -1,
      282, 300, 683, -1,
      282, 683, 643, -1,
      643, 683, 684, -1,
      643, 684, 644, -1,
      644, 684, 685, -1,
      644, 685, 645, -1,
      645, 685, 646, -1,
      646, 685, 686, -1,
      646, 686, 652, -1,
      652, 686, 687, -1,
      652, 687, 653, -1,
      653, 687, 688, -1,
      653, 688, 651, -1,
      688, 689, 651, -1,
      651, 689, 690, -1,
      651, 690, 650, -1,
      650, 690, 691, -1,
      220, 271, 239, -1,
      239, 271, 293, -1,
      239, 293, 692, -1,
      692, 293, 647, -1,
      692, 647, 693, -1,
      693, 647, 648, -1,
      693, 648, 691, -1,
      691, 648, 649, -1,
      691, 649, 650, -1,
      657, 656, 694, -1,
      694, 656, 655, -1,
      694, 655, 222, -1,
      222, 655, 654, -1,
      222, 654, 223, -1,
      694, 695, 657, -1,
      657, 695, 696, -1,
      657, 696, 658, -1,
      658, 696, 697, -1,
      697, 698, 658, -1,
      658, 698, 699, -1,
      658, 699, 659, -1,
      659, 699, 700, -1,
      659, 700, 660, -1,
      660, 700, 701, -1,
      660, 701, 661, -1,
      661, 701, 702, -1,
      661, 702, 662, -1,
      662, 702, 295, -1,
      662, 295, 294, -1,
      307, 306, 703, -1,
      307, 703, 303, -1,
      304, 303, 704, -1,
      704, 303, 703, -1,
      704, 703, 705, -1,
      705, 703, 706, -1,
      705, 706, 707, -1,
      707, 706, 708, -1,
      707, 708, 709, -1,
      709, 708, 710, -1,
      709, 710, 711, -1,
      711, 710, 712, -1,
      711, 712, 713, -1,
      713, 712, 714, -1,
      713, 714, 715, -1,
      715, 714, 716, -1,
      715, 716, 717, -1,
      717, 716, 718, -1,
      717, 718, 719, -1,
      719, 718, 720, -1,
      719, 720, 721, -1,
      721, 720, 722, -1,
      721, 722, 295, -1,
      295, 722, 297, -1,
      703, 306, 723, -1,
      724, 725, 306, -1,
      726, 727, 728, -1,
      729, 730, 731, -1,
      732, 733, 734, -1,
      669, 668, 735, -1,
      667, 666, 736, -1,
      665, 664, 737, -1,
      737, 664, 297, -1,
      734, 672, 671, -1,
      672, 734, 663, -1,
      663, 734, 733, -1,
      663, 733, 673, -1,
      264, 673, 738, -1,
      738, 673, 733, -1,
      738, 733, 739, -1,
      739, 733, 732, -1,
      739, 732, 740, -1,
      740, 732, 741, -1,
      297, 722, 737, -1,
      737, 722, 720, -1,
      737, 720, 742, -1,
      730, 741, 731, -1,
      731, 741, 732, -1,
      731, 732, 743, -1,
      743, 732, 734, -1,
      743, 734, 744, -1,
      744, 734, 671, -1,
      744, 671, 670, -1,
      720, 718, 742, -1,
      742, 718, 716, -1,
      742, 716, 745, -1,
      727, 729, 728, -1,
      728, 729, 731, -1,
      728, 731, 746, -1,
      746, 731, 743, -1,
      746, 743, 747, -1,
      747, 743, 744, -1,
      747, 744, 735, -1,
      735, 744, 670, -1,
      735, 670, 669, -1,
      716, 714, 745, -1,
      745, 714, 712, -1,
      745, 712, 748, -1,
      735, 749, 747, -1,
      747, 749, 750, -1,
      747, 750, 746, -1,
      746, 750, 751, -1,
      746, 751, 728, -1,
      728, 751, 752, -1,
      728, 752, 726, -1,
      725, 724, 753, -1,
      666, 665, 736, -1,
      736, 665, 737, -1,
      736, 737, 754, -1,
      754, 737, 742, -1,
      754, 742, 755, -1,
      755, 742, 745, -1,
      755, 745, 756, -1,
      756, 745, 748, -1,
      756, 748, 757, -1,
      757, 748, 723, -1,
      757, 723, 306, -1,
      306, 758, 752, -1,
      752, 758, 759, -1,
      752, 759, 726, -1,
      749, 760, 750, -1,
      750, 760, 761, -1,
      750, 761, 751, -1,
      751, 761, 762, -1,
      751, 762, 752, -1,
      752, 762, 306, -1,
      760, 753, 761, -1,
      761, 753, 724, -1,
      761, 724, 762, -1,
      762, 724, 306, -1,
      712, 710, 748, -1,
      748, 710, 708, -1,
      748, 708, 723, -1,
      723, 708, 706, -1,
      723, 706, 703, -1,
      668, 667, 735, -1,
      735, 667, 736, -1,
      735, 736, 749, -1,
      749, 736, 754, -1,
      749, 754, 760, -1,
      760, 754, 755, -1,
      760, 755, 753, -1,
      753, 755, 756, -1,
      753, 756, 725, -1,
      725, 756, 757, -1,
      725, 757, 306, -1,
      763, 311, 764, -1,
      765, 766, 767, -1,
      768, 769, 770, -1,
      771, 772, 773, -1,
      675, 246, 774, -1,
      674, 676, 775, -1,
      775, 676, 675, -1,
      682, 681, 772, -1,
      772, 681, 680, -1,
      772, 680, 773, -1,
      773, 680, 679, -1,
      773, 679, 678, -1,
      299, 682, 776, -1,
      776, 682, 772, -1,
      776, 772, 777, -1,
      777, 772, 771, -1,
      777, 771, 778, -1,
      778, 771, 779, -1,
      675, 774, 775, -1,
      775, 774, 780, -1,
      775, 780, 781, -1,
      769, 779, 770, -1,
      770, 779, 771, -1,
      770, 771, 782, -1,
      782, 771, 773, -1,
      782, 773, 783, -1,
      783, 773, 678, -1,
      780, 784, 781, -1,
      781, 784, 785, -1,
      781, 785, 786, -1,
      766, 768, 767, -1,
      767, 768, 770, -1,
      767, 770, 787, -1,
      787, 770, 782, -1,
      787, 782, 788, -1,
      788, 782, 783, -1,
      785, 789, 786, -1,
      786, 789, 790, -1,
      786, 790, 791, -1,
      788, 792, 787, -1,
      787, 792, 793, -1,
      787, 793, 767, -1,
      767, 793, 794, -1,
      767, 794, 765, -1,
      677, 674, 795, -1,
      795, 674, 775, -1,
      795, 775, 796, -1,
      796, 775, 781, -1,
      796, 781, 797, -1,
      797, 781, 786, -1,
      797, 786, 798, -1,
      798, 786, 791, -1,
      798, 791, 799, -1,
      799, 791, 764, -1,
      799, 764, 311, -1,
      311, 800, 794, -1,
      794, 800, 801, -1,
      794, 801, 765, -1,
      792, 802, 793, -1,
      793, 802, 803, -1,
      793, 803, 794, -1,
      794, 803, 311, -1,
      802, 804, 803, -1,
      803, 804, 311, -1,
      790, 805, 791, -1,
      791, 805, 806, -1,
      791, 806, 764, -1,
      764, 806, 807, -1,
      764, 807, 763, -1,
      678, 677, 783, -1,
      783, 677, 795, -1,
      783, 795, 788, -1,
      788, 795, 796, -1,
      788, 796, 792, -1,
      792, 796, 797, -1,
      792, 797, 802, -1,
      802, 797, 798, -1,
      802, 798, 804, -1,
      804, 798, 799, -1,
      804, 799, 311, -1,
      316, 317, 808, -1,
      316, 808, 310, -1,
      311, 310, 800, -1,
      800, 310, 808, -1,
      800, 808, 801, -1,
      801, 808, 809, -1,
      801, 809, 765, -1,
      765, 809, 810, -1,
      765, 810, 766, -1,
      766, 810, 811, -1,
      766, 811, 768, -1,
      768, 811, 812, -1,
      768, 812, 769, -1,
      769, 812, 813, -1,
      769, 813, 779, -1,
      779, 813, 814, -1,
      779, 814, 778, -1,
      778, 814, 815, -1,
      778, 815, 777, -1,
      777, 815, 816, -1,
      777, 816, 776, -1,
      776, 816, 817, -1,
      776, 817, 299, -1,
      299, 817, 301, -1,
      683, 300, 301, -1,
      683, 301, 684, -1,
      684, 301, 818, -1,
      684, 818, 685, -1,
      685, 818, 819, -1,
      685, 819, 686, -1,
      686, 819, 820, -1,
      686, 820, 687, -1,
      687, 820, 821, -1,
      687, 821, 688, -1,
      688, 821, 822, -1,
      688, 822, 689, -1,
      689, 822, 823, -1,
      689, 823, 690, -1,
      690, 823, 824, -1,
      690, 824, 691, -1,
      691, 824, 825, -1,
      691, 825, 693, -1,
      693, 825, 826, -1,
      693, 826, 692, -1,
      692, 826, 240, -1,
      692, 240, 239, -1,
      827, 304, 828, -1,
      707, 709, 829, -1,
      711, 713, 830, -1,
      831, 832, 833, -1,
      694, 222, 834, -1,
      696, 695, 835, -1,
      835, 695, 694, -1,
      702, 701, 832, -1,
      832, 701, 700, -1,
      832, 700, 833, -1,
      833, 700, 699, -1,
      833, 699, 698, -1,
      295, 702, 721, -1,
      721, 702, 832, -1,
      721, 832, 719, -1,
      719, 832, 831, -1,
      719, 831, 717, -1,
      717, 831, 715, -1,
      694, 834, 835, -1,
      835, 834, 836, -1,
      835, 836, 837, -1,
      713, 715, 830, -1,
      830, 715, 831, -1,
      830, 831, 838, -1,
      838, 831, 833, -1,
      838, 833, 839, -1,
      839, 833, 698, -1,
      836, 840, 837, -1,
      837, 840, 841, -1,
      837, 841, 842, -1,
      709, 711, 829, -1,
      829, 711, 830, -1,
      829, 830, 843, -1,
      843, 830, 838, -1,
      843, 838, 844, -1,
      844, 838, 839, -1,
      841, 845, 842, -1,
      842, 845, 846, -1,
      842, 846, 847, -1,
      844, 848, 843, -1,
      843, 848, 849, -1,
      843, 849, 829, -1,
      829, 849, 850, -1,
      829, 850, 707, -1,
      697, 696, 851, -1,
      851, 696, 835, -1,
      851, 835, 852, -1,
      852, 835, 837, -1,
      852, 837, 853, -1,
      853, 837, 842, -1,
      853, 842, 854, -1,
      854, 842, 847, -1,
      854, 847, 855, -1,
      855, 847, 828, -1,
      855, 828, 304, -1,
      304, 704, 850, -1,
      850, 704, 705, -1,
      850, 705, 707, -1,
      848, 856, 849, -1,
      849, 856, 857, -1,
      849, 857, 850, -1,
      850, 857, 304, -1,
      856, 858, 857, -1,
      857, 858, 304, -1,
      846, 859, 847, -1,
      847, 859, 860, -1,
      847, 860, 828, -1,
      828, 860, 861, -1,
      828, 861, 827, -1,
      698, 697, 839, -1,
      839, 697, 851, -1,
      839, 851, 844, -1,
      844, 851, 852, -1,
      844, 852, 848, -1,
      848, 852, 853, -1,
      848, 853, 856, -1,
      856, 853, 854, -1,
      856, 854, 858, -1,
      858, 854, 855, -1,
      858, 855, 304, -1,
      264, 738, 265, -1,
      265, 738, 862, -1,
      738, 739, 862, -1,
      862, 739, 740, -1,
      862, 740, 863, -1,
      740, 741, 863, -1,
      863, 741, 730, -1,
      863, 730, 864, -1,
      730, 729, 864, -1,
      864, 729, 727, -1,
      864, 727, 865, -1,
      727, 726, 865, -1,
      865, 726, 759, -1,
      865, 759, 866, -1,
      759, 758, 866, -1,
      866, 758, 306, -1,
      866, 306, 305, -1,
      867, 780, 248, -1,
      248, 780, 774, -1,
      248, 774, 246, -1,
      868, 869, 790, -1,
      790, 789, 868, -1,
      868, 789, 785, -1,
      868, 785, 867, -1,
      867, 785, 784, -1,
      867, 784, 780, -1,
      763, 807, 870, -1,
      870, 807, 806, -1,
      870, 806, 869, -1,
      869, 806, 805, -1,
      869, 805, 790, -1,
      870, 871, 763, -1,
      763, 871, 313, -1,
      763, 313, 311, -1,
      808, 317, 872, -1,
      873, 874, 875, -1,
      876, 877, 878, -1,
      879, 880, 881, -1,
      818, 301, 817, -1,
      820, 819, 882, -1,
      882, 819, 818, -1,
      826, 825, 880, -1,
      880, 825, 824, -1,
      880, 824, 881, -1,
      881, 824, 823, -1,
      881, 823, 822, -1,
      240, 826, 883, -1,
      883, 826, 880, -1,
      883, 880, 884, -1,
      884, 880, 879, -1,
      884, 879, 885, -1,
      885, 879, 886, -1,
      818, 817, 882, -1,
      882, 817, 816, -1,
      882, 816, 887, -1,
      877, 886, 878, -1,
      878, 886, 879, -1,
      878, 879, 888, -1,
      888, 879, 881, -1,
      888, 881, 889, -1,
      889, 881, 822, -1,
      816, 815, 887, -1,
      887, 815, 814, -1,
      887, 814, 890, -1,
      874, 876, 875, -1,
      875, 876, 878, -1,
      875, 878, 891, -1,
      891, 878, 888, -1,
      891, 888, 892, -1,
      892, 888, 889, -1,
      814, 813, 890, -1,
      890, 813, 812, -1,
      890, 812, 893, -1,
      892, 894, 891, -1,
      891, 894, 895, -1,
      891, 895, 875, -1,
      875, 895, 896, -1,
      875, 896, 873, -1,
      821, 820, 897, -1,
      897, 820, 882, -1,
      897, 882, 898, -1,
      898, 882, 887, -1,
      898, 887, 899, -1,
      899, 887, 890, -1,
      899, 890, 900, -1,
      900, 890, 893, -1,
      900, 893, 901, -1,
      901, 893, 872, -1,
      901, 872, 317, -1,
      317, 902, 896, -1,
      896, 902, 903, -1,
      896, 903, 873, -1,
      894, 904, 895, -1,
      895, 904, 905, -1,
      895, 905, 896, -1,
      896, 905, 317, -1,
      904, 906, 905, -1,
      905, 906, 317, -1,
      812, 811, 893, -1,
      893, 811, 810, -1,
      893, 810, 872, -1,
      872, 810, 809, -1,
      872, 809, 808, -1,
      822, 821, 889, -1,
      889, 821, 897, -1,
      889, 897, 892, -1,
      892, 897, 898, -1,
      892, 898, 894, -1,
      894, 898, 899, -1,
      894, 899, 904, -1,
      904, 899, 900, -1,
      904, 900, 906, -1,
      906, 900, 901, -1,
      906, 901, 317, -1,
      907, 836, 224, -1,
      224, 836, 834, -1,
      224, 834, 222, -1,
      908, 909, 846, -1,
      846, 845, 908, -1,
      908, 845, 841, -1,
      908, 841, 907, -1,
      907, 841, 840, -1,
      907, 840, 836, -1,
      827, 861, 910, -1,
      910, 861, 860, -1,
      910, 860, 909, -1,
      909, 860, 859, -1,
      909, 859, 846, -1,
      910, 911, 827, -1,
      827, 911, 309, -1,
      827, 309, 304, -1,
      912, 913, 914, -1,
      915, 916, 917, -1,
      918, 919, 920, -1,
      255, 257, 921, -1,
      921, 257, 922, -1,
      921, 922, 923, -1,
      923, 922, 924, -1,
      924, 922, 925, -1,
      924, 925, 926, -1,
      926, 925, 927, -1,
      926, 927, 928, -1,
      929, 930, 931, -1,
      931, 930, 932, -1,
      928, 927, 933, -1,
      933, 927, 934, -1,
      933, 934, 935, -1,
      935, 934, 931, -1,
      935, 931, 936, -1,
      936, 931, 932, -1,
      936, 932, 937, -1,
      919, 929, 920, -1,
      920, 929, 931, -1,
      920, 931, 938, -1,
      938, 931, 934, -1,
      938, 934, 939, -1,
      939, 934, 927, -1,
      939, 927, 940, -1,
      940, 927, 925, -1,
      940, 925, 941, -1,
      941, 925, 922, -1,
      941, 922, 259, -1,
      259, 922, 257, -1,
      916, 918, 917, -1,
      917, 918, 920, -1,
      917, 920, 942, -1,
      942, 920, 938, -1,
      942, 938, 943, -1,
      943, 938, 939, -1,
      943, 939, 944, -1,
      944, 939, 940, -1,
      944, 940, 945, -1,
      945, 940, 941, -1,
      945, 941, 261, -1,
      261, 941, 259, -1,
      946, 915, 947, -1,
      947, 915, 917, -1,
      947, 917, 948, -1,
      948, 917, 942, -1,
      948, 942, 949, -1,
      949, 942, 943, -1,
      949, 943, 950, -1,
      950, 943, 944, -1,
      950, 944, 951, -1,
      951, 944, 945, -1,
      951, 945, 262, -1,
      262, 945, 261, -1,
      913, 946, 914, -1,
      914, 946, 947, -1,
      914, 947, 952, -1,
      952, 947, 948, -1,
      952, 948, 953, -1,
      953, 948, 949, -1,
      953, 949, 954, -1,
      954, 949, 950, -1,
      954, 950, 955, -1,
      955, 950, 951, -1,
      955, 951, 243, -1,
      243, 951, 262, -1,
      956, 912, 957, -1,
      957, 912, 914, -1,
      957, 914, 958, -1,
      958, 914, 952, -1,
      958, 952, 959, -1,
      959, 952, 953, -1,
      959, 953, 960, -1,
      960, 953, 954, -1,
      960, 954, 961, -1,
      961, 954, 955, -1,
      961, 955, 242, -1,
      242, 955, 243, -1,
      962, 956, 963, -1,
      963, 956, 957, -1,
      963, 957, 964, -1,
      964, 957, 958, -1,
      964, 958, 965, -1,
      965, 958, 959, -1,
      965, 959, 966, -1,
      966, 959, 960, -1,
      966, 960, 967, -1,
      967, 960, 961, -1,
      967, 961, 245, -1,
      245, 961, 242, -1,
      305, 962, 866, -1,
      866, 962, 963, -1,
      866, 963, 865, -1,
      865, 963, 964, -1,
      865, 964, 864, -1,
      864, 964, 965, -1,
      864, 965, 863, -1,
      863, 965, 966, -1,
      863, 966, 862, -1,
      862, 966, 967, -1,
      862, 967, 265, -1,
      265, 967, 245, -1,
      26, 73, 968, -1,
      256, 255, 969, -1,
      969, 255, 970, -1,
      969, 970, 971, -1,
      971, 970, 972, -1,
      971, 972, 973, -1,
      973, 972, 974, -1,
      973, 974, 975, -1,
      975, 974, 976, -1,
      975, 976, 977, -1,
      977, 976, 978, -1,
      977, 978, 979, -1,
      979, 978, 980, -1,
      979, 980, 981, -1,
      981, 980, 982, -1,
      981, 982, 983, -1,
      983, 982, 984, -1,
      983, 984, 985, -1,
      985, 984, 986, -1,
      985, 986, 987, -1,
      987, 986, 988, -1,
      987, 988, 968, -1,
      968, 988, 989, -1,
      968, 989, 26, -1,
      26, 989, 63, -1,
      867, 248, 250, -1,
      868, 867, 990, -1,
      869, 868, 991, -1,
      871, 870, 992, -1,
      313, 871, 993, -1,
      994, 995, 996, -1,
      996, 995, 997, -1,
      996, 997, 993, -1,
      993, 997, 998, -1,
      993, 998, 313, -1,
      999, 1000, 994, -1,
      994, 1000, 1001, -1,
      994, 1001, 995, -1,
      1002, 1003, 999, -1,
      999, 1003, 1004, -1,
      999, 1004, 1000, -1,
      1005, 1006, 1002, -1,
      1002, 1006, 1007, -1,
      1002, 1007, 1003, -1,
      867, 250, 990, -1,
      990, 250, 251, -1,
      990, 251, 1008, -1,
      1008, 251, 254, -1,
      1008, 254, 1009, -1,
      1009, 254, 253, -1,
      1009, 253, 1010, -1,
      1010, 253, 252, -1,
      1010, 252, 1011, -1,
      1011, 252, 260, -1,
      1011, 260, 1012, -1,
      1012, 260, 258, -1,
      1012, 258, 1013, -1,
      868, 990, 991, -1,
      991, 990, 1008, -1,
      991, 1008, 1014, -1,
      1014, 1008, 1009, -1,
      1014, 1009, 1015, -1,
      1015, 1009, 1010, -1,
      1015, 1010, 1016, -1,
      1016, 1010, 1011, -1,
      1016, 1011, 1017, -1,
      1017, 1011, 1012, -1,
      1017, 1012, 1018, -1,
      1018, 1012, 1013, -1,
      1018, 1013, 1019, -1,
      871, 992, 993, -1,
      993, 992, 1020, -1,
      993, 1020, 996, -1,
      996, 1020, 1021, -1,
      996, 1021, 994, -1,
      994, 1021, 1022, -1,
      994, 1022, 999, -1,
      999, 1022, 1023, -1,
      999, 1023, 1002, -1,
      1002, 1023, 1024, -1,
      1002, 1024, 1005, -1,
      1005, 1024, 1025, -1,
      1005, 1025, 1026, -1,
      1027, 1028, 1026, -1,
      1026, 1028, 1029, -1,
      1026, 1029, 1005, -1,
      1005, 1029, 1030, -1,
      1005, 1030, 1006, -1,
      258, 256, 1031, -1,
      258, 1031, 1013, -1,
      1013, 1031, 1032, -1,
      1013, 1032, 1019, -1,
      1019, 1032, 1033, -1,
      1019, 1033, 1034, -1,
      869, 991, 1035, -1,
      1035, 991, 1014, -1,
      1035, 1014, 1036, -1,
      1036, 1014, 1015, -1,
      1036, 1015, 1037, -1,
      1037, 1015, 1016, -1,
      1037, 1016, 1038, -1,
      1038, 1016, 1017, -1,
      1038, 1017, 1039, -1,
      1039, 1017, 1018, -1,
      1039, 1018, 1040, -1,
      1040, 1018, 1019, -1,
      1040, 1019, 1041, -1,
      1041, 1019, 1034, -1,
      1041, 1034, 1042, -1,
      1042, 1025, 1041, -1,
      1041, 1025, 1024, -1,
      1041, 1024, 1040, -1,
      1040, 1024, 1023, -1,
      1040, 1023, 1039, -1,
      1039, 1023, 1022, -1,
      1039, 1022, 1038, -1,
      1038, 1022, 1021, -1,
      1038, 1021, 1037, -1,
      1037, 1021, 1020, -1,
      1037, 1020, 1036, -1,
      1036, 1020, 992, -1,
      1036, 992, 1035, -1,
      1035, 992, 870, -1,
      1035, 870, 869, -1,
      1043, 1027, 1044, -1,
      1044, 1027, 1026, -1,
      1044, 1026, 1045, -1,
      1045, 1026, 1025, -1,
      1045, 1025, 1046, -1,
      1046, 1025, 1042, -1,
      240, 883, 241, -1,
      241, 883, 1047, -1,
      883, 884, 1047, -1,
      1047, 884, 885, -1,
      1047, 885, 1048, -1,
      885, 886, 1048, -1,
      1048, 886, 877, -1,
      1048, 877, 1049, -1,
      877, 876, 1049, -1,
      1049, 876, 874, -1,
      1049, 874, 1050, -1,
      874, 873, 1050, -1,
      1050, 873, 903, -1,
      1050, 903, 1051, -1,
      903, 902, 1051, -1,
      1051, 902, 317, -1,
      1051, 317, 315, -1,
      907, 224, 226, -1,
      908, 907, 1052, -1,
      909, 908, 1053, -1,
      911, 910, 1054, -1,
      1055, 1056, 1057, -1,
      1057, 1056, 309, -1,
      1057, 309, 911, -1,
      1058, 1059, 1060, -1,
      1060, 1059, 1061, -1,
      1060, 1061, 1055, -1,
      1055, 1061, 1062, -1,
      1055, 1062, 1056, -1,
      1063, 1064, 1058, -1,
      1058, 1064, 1065, -1,
      1058, 1065, 1059, -1,
      1066, 1067, 1063, -1,
      1063, 1067, 1068, -1,
      1063, 1068, 1064, -1,
      907, 226, 1052, -1,
      1052, 226, 227, -1,
      1052, 227, 1069, -1,
      1069, 227, 230, -1,
      1069, 230, 1070, -1,
      1070, 230, 229, -1,
      1070, 229, 1071, -1,
      1071, 229, 228, -1,
      1071, 228, 1072, -1,
      1072, 228, 236, -1,
      1072, 236, 1073, -1,
      1073, 236, 234, -1,
      1073, 234, 1074, -1,
      908, 1052, 1053, -1,
      1053, 1052, 1069, -1,
      1053, 1069, 1075, -1,
      1075, 1069, 1070, -1,
      1075, 1070, 1076, -1,
      1076, 1070, 1071, -1,
      1076, 1071, 1077, -1,
      1077, 1071, 1072, -1,
      1077, 1072, 1078, -1,
      1078, 1072, 1073, -1,
      1078, 1073, 1079, -1,
      1079, 1073, 1074, -1,
      1079, 1074, 1080, -1,
      911, 1054, 1057, -1,
      1057, 1054, 1081, -1,
      1057, 1081, 1055, -1,
      1055, 1081, 1082, -1,
      1055, 1082, 1060, -1,
      1060, 1082, 1083, -1,
      1060, 1083, 1058, -1,
      1058, 1083, 1084, -1,
      1058, 1084, 1063, -1,
      1063, 1084, 1085, -1,
      1063, 1085, 1066, -1,
      1066, 1085, 1086, -1,
      1066, 1086, 1087, -1,
      1088, 1089, 1087, -1,
      1087, 1089, 1090, -1,
      1087, 1090, 1066, -1,
      1066, 1090, 1091, -1,
      1066, 1091, 1067, -1,
      234, 232, 1092, -1,
      234, 1092, 1074, -1,
      1074, 1092, 1093, -1,
      1074, 1093, 1080, -1,
      1080, 1093, 1094, -1,
      1080, 1094, 1095, -1,
      909, 1053, 1096, -1,
      1096, 1053, 1075, -1,
      1096, 1075, 1097, -1,
      1097, 1075, 1076, -1,
      1097, 1076, 1098, -1,
      1098, 1076, 1077, -1,
      1098, 1077, 1099, -1,
      1099, 1077, 1078, -1,
      1099, 1078, 1100, -1,
      1100, 1078, 1079, -1,
      1100, 1079, 1101, -1,
      1101, 1079, 1080, -1,
      1101, 1080, 1102, -1,
      1102, 1080, 1095, -1,
      1102, 1095, 1103, -1,
      1103, 1086, 1102, -1,
      1102, 1086, 1085, -1,
      1102, 1085, 1101, -1,
      1101, 1085, 1084, -1,
      1101, 1084, 1100, -1,
      1100, 1084, 1083, -1,
      1100, 1083, 1099, -1,
      1099, 1083, 1082, -1,
      1099, 1082, 1098, -1,
      1098, 1082, 1081, -1,
      1098, 1081, 1097, -1,
      1097, 1081, 1054, -1,
      1097, 1054, 1096, -1,
      1096, 1054, 910, -1,
      1096, 910, 909, -1,
      1104, 1088, 1105, -1,
      1105, 1088, 1087, -1,
      1105, 1087, 1106, -1,
      1106, 1087, 1086, -1,
      1106, 1086, 1107, -1,
      1107, 1086, 1103, -1,
      962, 305, 309, -1,
      309, 1056, 962, -1,
      962, 1056, 1062, -1,
      962, 1062, 956, -1,
      956, 1062, 1061, -1,
      956, 1061, 912, -1,
      912, 1061, 1059, -1,
      912, 1059, 913, -1,
      913, 1059, 1065, -1,
      913, 1065, 946, -1,
      946, 1065, 1064, -1,
      946, 1064, 915, -1,
      915, 1064, 1068, -1,
      915, 1068, 916, -1,
      916, 1068, 1067, -1,
      916, 1067, 918, -1,
      918, 1067, 1091, -1,
      918, 1091, 919, -1,
      919, 1091, 1090, -1,
      919, 1090, 929, -1,
      929, 1090, 930, -1,
      930, 1090, 1089, -1,
      930, 1089, 932, -1,
      1089, 1088, 932, -1,
      932, 1088, 1104, -1,
      932, 1104, 937, -1,
      1108, 1109, 63, -1,
      1110, 1111, 63, -1,
      1112, 1113, 1109, -1,
      1109, 1113, 63, -1,
      1111, 1108, 63, -1,
      1114, 1115, 1116, -1,
      936, 1117, 935, -1,
      935, 1117, 1118, -1,
      935, 1118, 933, -1,
      933, 1118, 928, -1,
      928, 1118, 1119, -1,
      928, 1119, 926, -1,
      926, 1119, 1120, -1,
      926, 1120, 924, -1,
      924, 1120, 923, -1,
      923, 1120, 1121, -1,
      923, 1121, 921, -1,
      921, 1121, 970, -1,
      921, 970, 255, -1,
      976, 974, 1122, -1,
      1122, 974, 972, -1,
      1123, 1117, 1124, -1,
      1124, 1117, 936, -1,
      1124, 936, 937, -1,
      1123, 1125, 1117, -1,
      1117, 1125, 1126, -1,
      1117, 1126, 1118, -1,
      1118, 1126, 1127, -1,
      1118, 1127, 1119, -1,
      1119, 1127, 1128, -1,
      1119, 1128, 1120, -1,
      1120, 1128, 1122, -1,
      1120, 1122, 1121, -1,
      1121, 1122, 972, -1,
      1121, 972, 970, -1,
      980, 978, 1129, -1,
      1129, 978, 976, -1,
      976, 1122, 1129, -1,
      1129, 1122, 1128, -1,
      1129, 1128, 1130, -1,
      1130, 1128, 1127, -1,
      1130, 1127, 1131, -1,
      1131, 1127, 1126, -1,
      1131, 1126, 1132, -1,
      1132, 1126, 1125, -1,
      1132, 1125, 1133, -1,
      984, 982, 1134, -1,
      1134, 982, 980, -1,
      1123, 1135, 1125, -1,
      1125, 1135, 1136, -1,
      1125, 1136, 1133, -1,
      1133, 1136, 1137, -1,
      1133, 1137, 1138, -1,
      980, 1129, 1134, -1,
      1134, 1129, 1130, -1,
      1134, 1130, 1139, -1,
      1139, 1130, 1131, -1,
      1139, 1131, 1140, -1,
      1140, 1131, 1132, -1,
      1140, 1132, 1141, -1,
      1141, 1132, 1133, -1,
      1141, 1133, 1142, -1,
      1142, 1133, 1138, -1,
      1142, 1138, 1143, -1,
      988, 986, 1144, -1,
      1144, 986, 984, -1,
      984, 1134, 1144, -1,
      1144, 1134, 1139, -1,
      1144, 1139, 1145, -1,
      1145, 1139, 1140, -1,
      1145, 1140, 1146, -1,
      1146, 1140, 1141, -1,
      1146, 1141, 1147, -1,
      1147, 1141, 1142, -1,
      1147, 1142, 1116, -1,
      1116, 1142, 1143, -1,
      1116, 1143, 1114, -1,
      63, 989, 1148, -1,
      1148, 989, 988, -1,
      1110, 63, 1148, -1,
      988, 1144, 1148, -1,
      1148, 1144, 1145, -1,
      1148, 1145, 1110, -1,
      1110, 1145, 1146, -1,
      1110, 1146, 1111, -1,
      1111, 1146, 1147, -1,
      1111, 1147, 1108, -1,
      1108, 1147, 1116, -1,
      1108, 1116, 1109, -1,
      1109, 1116, 1115, -1,
      1109, 1115, 1112, -1,
      1149, 968, 73, -1,
      968, 1149, 987, -1,
      983, 985, 1150, -1,
      979, 981, 1151, -1,
      975, 977, 1152, -1,
      971, 973, 1153, -1,
      1154, 1155, 1156, -1,
      1044, 1045, 1157, -1,
      1042, 1034, 1158, -1,
      969, 1156, 256, -1,
      256, 1156, 1031, -1,
      1031, 1156, 1032, -1,
      1032, 1156, 1155, -1,
      1032, 1155, 1033, -1,
      1043, 1044, 1159, -1,
      1159, 1044, 1157, -1,
      1159, 1157, 1160, -1,
      1160, 1157, 1161, -1,
      969, 971, 1156, -1,
      1156, 971, 1153, -1,
      1156, 1153, 1154, -1,
      1154, 1153, 1162, -1,
      1163, 1164, 1161, -1,
      1161, 1164, 1165, -1,
      1161, 1165, 1160, -1,
      973, 975, 1153, -1,
      1153, 975, 1152, -1,
      1153, 1152, 1162, -1,
      1162, 1152, 1166, -1,
      1167, 1168, 1163, -1,
      1163, 1168, 1169, -1,
      1163, 1169, 1164, -1,
      977, 979, 1152, -1,
      1152, 979, 1151, -1,
      1152, 1151, 1166, -1,
      1166, 1151, 1170, -1,
      1171, 1172, 1167, -1,
      1167, 1172, 1173, -1,
      1167, 1173, 1168, -1,
      981, 983, 1151, -1,
      1151, 983, 1150, -1,
      1151, 1150, 1170, -1,
      1170, 1150, 1174, -1,
      73, 1175, 1176, -1,
      1176, 1175, 1177, -1,
      1176, 1177, 1171, -1,
      1171, 1177, 1178, -1,
      1171, 1178, 1172, -1,
      1046, 1042, 1179, -1,
      1179, 1042, 1158, -1,
      1179, 1158, 1180, -1,
      1180, 1158, 1181, -1,
      1180, 1181, 1182, -1,
      1182, 1181, 1183, -1,
      1182, 1183, 1184, -1,
      1184, 1183, 1185, -1,
      1184, 1185, 1186, -1,
      1186, 1185, 1187, -1,
      1186, 1187, 1188, -1,
      1188, 1187, 1189, -1,
      1188, 1189, 73, -1,
      1034, 1033, 1158, -1,
      1158, 1033, 1155, -1,
      1158, 1155, 1181, -1,
      1181, 1155, 1154, -1,
      1181, 1154, 1183, -1,
      1183, 1154, 1162, -1,
      1183, 1162, 1185, -1,
      1185, 1162, 1166, -1,
      1185, 1166, 1187, -1,
      1187, 1166, 1170, -1,
      1187, 1170, 1189, -1,
      1189, 1170, 1174, -1,
      1189, 1174, 73, -1,
      1045, 1046, 1157, -1,
      1157, 1046, 1179, -1,
      1157, 1179, 1161, -1,
      1161, 1179, 1180, -1,
      1161, 1180, 1163, -1,
      1163, 1180, 1182, -1,
      1163, 1182, 1167, -1,
      1167, 1182, 1184, -1,
      1167, 1184, 1171, -1,
      1171, 1184, 1186, -1,
      1171, 1186, 1176, -1,
      1176, 1186, 1188, -1,
      1176, 1188, 73, -1,
      985, 987, 1150, -1,
      1150, 987, 1149, -1,
      1150, 1149, 1174, -1,
      1174, 1149, 73, -1,
      1190, 1191, 1001, -1,
      1192, 1193, 1043, -1,
      1043, 1193, 1027, -1,
      1027, 1193, 1028, -1,
      1028, 1193, 1194, -1,
      1028, 1194, 1029, -1,
      1029, 1194, 1195, -1,
      1029, 1195, 1030, -1,
      1030, 1195, 1196, -1,
      1030, 1196, 1006, -1,
      1006, 1196, 1197, -1,
      1006, 1197, 1007, -1,
      1007, 1197, 1198, -1,
      1007, 1198, 1003, -1,
      1198, 1199, 1003, -1,
      1003, 1199, 1200, -1,
      1003, 1200, 1004, -1,
      1004, 1200, 1201, -1,
      1004, 1201, 1000, -1,
      1001, 1191, 995, -1,
      1000, 1201, 1001, -1,
      1001, 1201, 1202, -1,
      1001, 1202, 1190, -1,
      315, 313, 1203, -1,
      1203, 313, 998, -1,
      1203, 998, 1191, -1,
      1191, 998, 997, -1,
      1191, 997, 995, -1,
      1191, 1190, 1204, -1,
      1201, 1200, 1205, -1,
      1199, 1198, 1206, -1,
      1197, 1196, 1207, -1,
      231, 233, 1208, -1,
      1208, 233, 1209, -1,
      1210, 1211, 1209, -1,
      1209, 1211, 1212, -1,
      1209, 1212, 1208, -1,
      1213, 1214, 1210, -1,
      1210, 1214, 1215, -1,
      1210, 1215, 1211, -1,
      1216, 1217, 1213, -1,
      1213, 1217, 1218, -1,
      1213, 1218, 1214, -1,
      1219, 1220, 1221, -1,
      1221, 1220, 1222, -1,
      1221, 1222, 1216, -1,
      1216, 1222, 1223, -1,
      1216, 1223, 1217, -1,
      1192, 1219, 1193, -1,
      1193, 1219, 1221, -1,
      1193, 1221, 1194, -1,
      1194, 1221, 1195, -1,
      1196, 1195, 1207, -1,
      1207, 1195, 1221, -1,
      1207, 1221, 1224, -1,
      1224, 1221, 1216, -1,
      1224, 1216, 1225, -1,
      1225, 1216, 1213, -1,
      1225, 1213, 1226, -1,
      1226, 1213, 1210, -1,
      1226, 1210, 1227, -1,
      1227, 1210, 1209, -1,
      1227, 1209, 235, -1,
      235, 1209, 233, -1,
      1198, 1197, 1206, -1,
      1206, 1197, 1207, -1,
      1206, 1207, 1228, -1,
      1228, 1207, 1224, -1,
      1228, 1224, 1229, -1,
      1229, 1224, 1225, -1,
      1229, 1225, 1230, -1,
      1230, 1225, 1226, -1,
      1230, 1226, 1231, -1,
      1231, 1226, 1227, -1,
      1231, 1227, 237, -1,
      237, 1227, 235, -1,
      1200, 1199, 1205, -1,
      1205, 1199, 1206, -1,
      1205, 1206, 1232, -1,
      1232, 1206, 1228, -1,
      1232, 1228, 1233, -1,
      1233, 1228, 1229, -1,
      1233, 1229, 1234, -1,
      1234, 1229, 1230, -1,
      1234, 1230, 1235, -1,
      1235, 1230, 1231, -1,
      1235, 1231, 238, -1,
      238, 1231, 237, -1,
      1202, 1201, 1236, -1,
      1236, 1201, 1205, -1,
      1236, 1205, 1237, -1,
      1237, 1205, 1232, -1,
      1237, 1232, 1238, -1,
      1238, 1232, 1233, -1,
      1238, 1233, 1239, -1,
      1239, 1233, 1234, -1,
      1239, 1234, 1240, -1,
      1240, 1234, 1235, -1,
      1240, 1235, 219, -1,
      219, 1235, 238, -1,
      1190, 1202, 1204, -1,
      1204, 1202, 1236, -1,
      1204, 1236, 1241, -1,
      1241, 1236, 1237, -1,
      1241, 1237, 1242, -1,
      1242, 1237, 1238, -1,
      1242, 1238, 1243, -1,
      1243, 1238, 1239, -1,
      1243, 1239, 1244, -1,
      1244, 1239, 1240, -1,
      1244, 1240, 218, -1,
      218, 1240, 219, -1,
      1203, 1191, 1245, -1,
      1245, 1191, 1204, -1,
      1245, 1204, 1246, -1,
      1246, 1204, 1241, -1,
      1246, 1241, 1247, -1,
      1247, 1241, 1242, -1,
      1247, 1242, 1248, -1,
      1248, 1242, 1243, -1,
      1248, 1243, 1249, -1,
      1249, 1243, 1244, -1,
      1249, 1244, 221, -1,
      221, 1244, 218, -1,
      315, 1203, 1051, -1,
      1051, 1203, 1245, -1,
      1051, 1245, 1050, -1,
      1050, 1245, 1246, -1,
      1050, 1246, 1049, -1,
      1049, 1246, 1247, -1,
      1049, 1247, 1048, -1,
      1048, 1247, 1248, -1,
      1048, 1248, 1047, -1,
      1047, 1248, 1249, -1,
      1047, 1249, 241, -1,
      241, 1249, 221, -1,
      65, 64, 1250, -1,
      1250, 64, 1251, -1,
      937, 1104, 1124, -1,
      1124, 1104, 1252, -1,
      1124, 1252, 1123, -1,
      1123, 1252, 1253, -1,
      1123, 1253, 1135, -1,
      1135, 1253, 1254, -1,
      1135, 1254, 1136, -1,
      1136, 1254, 1255, -1,
      1136, 1255, 1137, -1,
      1137, 1255, 1256, -1,
      1137, 1256, 1138, -1,
      1138, 1256, 1257, -1,
      1138, 1257, 1143, -1,
      1143, 1257, 1258, -1,
      1143, 1258, 1114, -1,
      1114, 1258, 1259, -1,
      1114, 1259, 1115, -1,
      1115, 1259, 1260, -1,
      1115, 1260, 1112, -1,
      1112, 1260, 1251, -1,
      1112, 1251, 1113, -1,
      1113, 1251, 64, -1,
      1113, 64, 63, -1,
      1192, 1043, 1261, -1,
      1261, 1043, 1159, -1,
      1261, 1159, 1262, -1,
      1262, 1159, 1160, -1,
      1262, 1160, 1263, -1,
      1263, 1160, 1165, -1,
      1263, 1165, 1264, -1,
      1264, 1165, 1164, -1,
      1264, 1164, 1265, -1,
      1265, 1164, 1169, -1,
      1265, 1169, 1266, -1,
      1266, 1169, 1168, -1,
      1266, 1168, 1267, -1,
      1267, 1168, 1173, -1,
      1267, 1173, 1268, -1,
      1268, 1173, 1172, -1,
      1268, 1172, 1269, -1,
      1269, 1172, 1178, -1,
      1269, 1178, 1270, -1,
      1175, 73, 99, -1,
      1175, 99, 1177, -1,
      1178, 1177, 1270, -1,
      1270, 1177, 99, -1,
      1270, 99, 1271, -1,
      1271, 99, 106, -1,
      1272, 1273, 65, -1,
      1273, 1272, 1274, -1,
      1275, 1276, 1277, -1,
      1278, 1279, 1280, -1,
      1281, 1282, 1283, -1,
      1284, 1285, 1286, -1,
      1287, 1288, 1289, -1,
      1105, 1106, 1290, -1,
      1103, 1095, 1291, -1,
      1292, 1289, 232, -1,
      232, 1289, 1092, -1,
      1092, 1289, 1093, -1,
      1093, 1289, 1288, -1,
      1093, 1288, 1094, -1,
      1104, 1105, 1252, -1,
      1252, 1105, 1290, -1,
      1252, 1290, 1253, -1,
      1253, 1290, 1293, -1,
      1292, 1284, 1289, -1,
      1289, 1284, 1286, -1,
      1289, 1286, 1287, -1,
      1287, 1286, 1294, -1,
      1295, 1255, 1293, -1,
      1293, 1255, 1254, -1,
      1293, 1254, 1253, -1,
      1285, 1281, 1286, -1,
      1286, 1281, 1283, -1,
      1286, 1283, 1294, -1,
      1294, 1283, 1296, -1,
      1297, 1257, 1295, -1,
      1295, 1257, 1256, -1,
      1295, 1256, 1255, -1,
      1282, 1278, 1283, -1,
      1283, 1278, 1280, -1,
      1283, 1280, 1296, -1,
      1296, 1280, 1298, -1,
      1299, 1259, 1297, -1,
      1297, 1259, 1258, -1,
      1297, 1258, 1257, -1,
      1279, 1275, 1280, -1,
      1280, 1275, 1277, -1,
      1280, 1277, 1298, -1,
      1298, 1277, 1300, -1,
      65, 1250, 1301, -1,
      1301, 1250, 1251, -1,
      1301, 1251, 1299, -1,
      1299, 1251, 1260, -1,
      1299, 1260, 1259, -1,
      1107, 1103, 1302, -1,
      1302, 1103, 1291, -1,
      1302, 1291, 1303, -1,
      1303, 1291, 1304, -1,
      1303, 1304, 1305, -1,
      1305, 1304, 1306, -1,
      1305, 1306, 1307, -1,
      1307, 1306, 1308, -1,
      1307, 1308, 1309, -1,
      1309, 1308, 1310, -1,
      1309, 1310, 1311, -1,
      1311, 1310, 1312, -1,
      1311, 1312, 65, -1,
      1095, 1094, 1291, -1,
      1291, 1094, 1288, -1,
      1291, 1288, 1304, -1,
      1304, 1288, 1287, -1,
      1304, 1287, 1306, -1,
      1306, 1287, 1294, -1,
      1306, 1294, 1308, -1,
      1308, 1294, 1296, -1,
      1308, 1296, 1310, -1,
      1310, 1296, 1298, -1,
      1310, 1298, 1312, -1,
      1312, 1298, 1300, -1,
      1312, 1300, 65, -1,
      1106, 1107, 1290, -1,
      1290, 1107, 1302, -1,
      1290, 1302, 1293, -1,
      1293, 1302, 1303, -1,
      1293, 1303, 1295, -1,
      1295, 1303, 1305, -1,
      1295, 1305, 1297, -1,
      1297, 1305, 1307, -1,
      1297, 1307, 1299, -1,
      1299, 1307, 1309, -1,
      1299, 1309, 1301, -1,
      1301, 1309, 1311, -1,
      1301, 1311, 65, -1,
      1276, 1274, 1277, -1,
      1277, 1274, 1272, -1,
      1277, 1272, 1300, -1,
      1300, 1272, 65, -1,
      1313, 1314, 106, -1,
      1315, 1316, 106, -1,
      1315, 106, 1317, -1,
      1270, 1271, 1314, -1,
      1314, 1271, 106, -1,
      1316, 1313, 106, -1,
      1268, 1269, 1318, -1,
      1219, 1319, 1220, -1,
      1220, 1319, 1320, -1,
      1218, 1217, 1321, -1,
      1321, 1217, 1223, -1,
      1321, 1223, 1320, -1,
      1320, 1223, 1222, -1,
      1320, 1222, 1220, -1,
      1218, 1321, 1214, -1,
      1214, 1321, 1322, -1,
      1214, 1322, 1215, -1,
      1215, 1322, 1323, -1,
      1215, 1323, 1211, -1,
      1211, 1323, 1212, -1,
      1212, 1323, 1324, -1,
      1212, 1324, 1208, -1,
      1208, 1324, 1325, -1,
      1208, 1325, 231, -1,
      1326, 1327, 1328, -1,
      1328, 1327, 1329, -1,
      1219, 1192, 1319, -1,
      1319, 1192, 1261, -1,
      1319, 1261, 1262, -1,
      1262, 1330, 1319, -1,
      1319, 1330, 1331, -1,
      1319, 1331, 1320, -1,
      1320, 1331, 1332, -1,
      1320, 1332, 1321, -1,
      1321, 1332, 1333, -1,
      1321, 1333, 1322, -1,
      1322, 1333, 1334, -1,
      1322, 1334, 1323, -1,
      1323, 1334, 1328, -1,
      1323, 1328, 1324, -1,
      1324, 1328, 1329, -1,
      1324, 1329, 1325, -1,
      1335, 1336, 1337, -1,
      1337, 1336, 1326, -1,
      1326, 1328, 1337, -1,
      1337, 1328, 1334, -1,
      1337, 1334, 1338, -1,
      1338, 1334, 1333, -1,
      1338, 1333, 1339, -1,
      1339, 1333, 1332, -1,
      1339, 1332, 1340, -1,
      1340, 1332, 1331, -1,
      1340, 1331, 1341, -1,
      1341, 1331, 1330, -1,
      1341, 1330, 1342, -1,
      1343, 1344, 1345, -1,
      1345, 1344, 1335, -1,
      1262, 1263, 1330, -1,
      1330, 1263, 1264, -1,
      1330, 1264, 1342, -1,
      1342, 1264, 1265, -1,
      1342, 1265, 1266, -1,
      1335, 1337, 1345, -1,
      1345, 1337, 1338, -1,
      1345, 1338, 1346, -1,
      1346, 1338, 1339, -1,
      1346, 1339, 1347, -1,
      1347, 1339, 1340, -1,
      1347, 1340, 1348, -1,
      1348, 1340, 1341, -1,
      1348, 1341, 1349, -1,
      1349, 1341, 1342, -1,
      1349, 1342, 1350, -1,
      1350, 1342, 1266, -1,
      1350, 1266, 1267, -1,
      1351, 1352, 1353, -1,
      1353, 1352, 1343, -1,
      1343, 1345, 1353, -1,
      1353, 1345, 1346, -1,
      1353, 1346, 1354, -1,
      1354, 1346, 1347, -1,
      1354, 1347, 1355, -1,
      1355, 1347, 1348, -1,
      1355, 1348, 1356, -1,
      1356, 1348, 1349, -1,
      1356, 1349, 1357, -1,
      1357, 1349, 1350, -1,
      1357, 1350, 1318, -1,
      1318, 1350, 1267, -1,
      1318, 1267, 1268, -1,
      106, 1358, 1359, -1,
      1359, 1358, 1351, -1,
      1317, 106, 1359, -1,
      1351, 1353, 1359, -1,
      1359, 1353, 1354, -1,
      1359, 1354, 1317, -1,
      1317, 1354, 1355, -1,
      1317, 1355, 1315, -1,
      1315, 1355, 1356, -1,
      1315, 1356, 1316, -1,
      1316, 1356, 1357, -1,
      1316, 1357, 1313, -1,
      1313, 1357, 1318, -1,
      1313, 1318, 1314, -1,
      1314, 1318, 1269, -1,
      1314, 1269, 1270, -1,
      59, 65, 1273, -1,
      106, 59, 1358, -1,
      1358, 59, 1273, -1,
      1358, 1273, 1351, -1,
      1351, 1273, 1274, -1,
      1351, 1274, 1352, -1,
      1352, 1274, 1276, -1,
      1352, 1276, 1343, -1,
      1343, 1276, 1275, -1,
      1343, 1275, 1344, -1,
      1344, 1275, 1279, -1,
      1344, 1279, 1335, -1,
      1335, 1279, 1278, -1,
      1335, 1278, 1336, -1,
      1336, 1278, 1282, -1,
      1336, 1282, 1326, -1,
      1326, 1282, 1281, -1,
      1326, 1281, 1327, -1,
      1327, 1281, 1285, -1,
      1327, 1285, 1329, -1,
      1329, 1285, 1284, -1,
      1329, 1284, 1325, -1,
      1325, 1284, 1292, -1,
      1325, 1292, 231, -1,
      231, 1292, 232, -1,
    ]
  }
}

Shape {
  appearance Appearance {
    material Material {
      diffuseColor 0.7804 0.7804 0.7804
      specularColor 0.3882 0.3882 0.3882
      ambientIntensity 0.2
      transparency 0.0000
      shininess 0.5
    }
  }
  geometry IndexedFaceSet {
    ccw TRUE
    solid FALSE
    coord DEF co Coordinate {
      point [
        -0.846457 0.295276 0.433071,
        -0.846457 0.295276 0.354331,
        0.846457 0.295276 0.354331,
        0.846457 0.295276 0.433071,
        0.846457 -0.295276 0.433071,
        0.846457 -0.295276 0.354331,
        -0.846457 -0.295276 0.354331,
        -0.846457 -0.295276 0.433071,
        0.567335 -0.295276 0.039370,
        0.777287 -0.295276 0.039370,
        0.777287 0.295276 0.039370,
        0.567335 0.295276 0.039370,
        -0.777287 0.295276 0.039370,
        -0.567335 0.295276 0.039370,
        -0.567335 -0.295276 0.039370,
        -0.777287 -0.295276 0.039370,
        0.944882 -0.295276 0.039370,
        0.944882 0.295276 0.039370,
        0.567335 -0.295276 -0.039370,
        0.567335 0.295276 -0.039370,
        0.944882 0.295276 0.354331,
        0.944882 -0.295276 0.354331,
        0.944882 0.295276 0.433071,
        0.944882 -0.295276 0.433071,
        1.020939 0.295276 0.374710,
        1.023622 0.295276 0.354331,
        0.984252 0.295276 0.422522,
        0.965261 0.295276 0.430388,
        1.000559 0.295276 0.410008,
        1.013073 0.295276 0.393701,
        1.023622 -0.295276 0.354331,
        1.020939 -0.295276 0.374710,
        1.013073 -0.295276 0.393701,
        1.000559 -0.295276 0.410008,
        0.984252 -0.295276 0.422522,
        0.965261 -0.295276 0.430388,
        1.023622 0.295276 0.039370,
        1.023622 -0.295276 0.039370,
        0.965261 0.295276 -0.036687,
        0.944882 0.295276 -0.039370,
        1.013073 0.295276 0.000000,
        1.020939 0.295276 0.018991,
        1.000559 0.295276 -0.016307,
        0.984252 0.295276 -0.028821,
        0.944882 -0.295276 -0.039370,
        0.965261 -0.295276 -0.036687,
        0.984252 -0.295276 -0.028821,
        1.000559 -0.295276 -0.016307,
        1.013073 -0.295276 0.000000,
        1.020939 -0.295276 0.018991,
        -0.944882 0.295276 0.039370,
        -0.944882 -0.295276 0.039370,
        -0.567335 0.295276 -0.039370,
        -0.567335 -0.295276 -0.039370,
        -0.944882 0.295276 0.433071,
        -0.944882 -0.295276 0.433071,
        -0.944882 0.295276 0.354331,
        -0.944882 -0.295276 0.354331,
        -1.023622 0.295276 0.354331,
        -1.023622 -0.295276 0.354331,
        -1.020939 -0.295276 0.374710,
        -1.020939 0.295276 0.374710,
        -1.013073 -0.295276 0.393701,
        -1.013073 0.295276 0.393701,
        -1.000559 -0.295276 0.410008,
        -1.000559 0.295276 0.410008,
        -0.984252 -0.295276 0.422522,
        -0.984252 0.295276 0.422522,
        -0.965261 -0.295276 0.430388,
        -0.965261 0.295276 0.430388,
        -1.023622 -0.295276 0.039370,
        -1.023622 0.295276 0.039370,
        -0.944882 0.295276 -0.039370,
        -0.944882 -0.295276 -0.039370,
        -0.965261 -0.295276 -0.036687,
        -0.965261 0.295276 -0.036687,
        -0.984252 -0.295276 -0.028821,
        -0.984252 0.295276 -0.028821,
        -1.000559 -0.295276 -0.016307,
        -1.000559 0.295276 -0.016307,
        -1.013073 -0.295276 0.000000,
        -1.013073 0.295276 0.000000,
        -1.020939 -0.295276 0.018991,
        -1.020939 0.295276 0.018991,
      ]
    }
    coordIndex [
      16, 17, 9, -1,
      9, 17, 10, -1,
      8, 11, 18, -1,
      18, 11, 19, -1,
      2, 20, 5, -1,
      5, 20, 21, -1,
      3, 22, 2, -1,
      2, 22, 20, -1,
      4, 23, 3, -1,
      3, 23, 22, -1,
      5, 21, 4, -1,
      4, 21, 23, -1,
      24, 25, 20, -1,
      26, 20, 27, -1,
      27, 20, 22, -1,
      26, 28, 20, -1,
      20, 28, 29, -1,
      20, 29, 24, -1,
      30, 25, 24, -1,
      30, 24, 31, -1,
      31, 24, 29, -1,
      31, 29, 32, -1,
      32, 29, 28, -1,
      32, 28, 33, -1,
      33, 28, 26, -1,
      33, 26, 34, -1,
      34, 26, 27, -1,
      34, 27, 35, -1,
      35, 27, 22, -1,
      35, 22, 23, -1,
      35, 23, 21, -1,
      30, 31, 21, -1,
      21, 31, 32, -1,
      32, 33, 21, -1,
      21, 33, 34, -1,
      21, 34, 35, -1,
      16, 21, 17, -1,
      17, 21, 20, -1,
      17, 20, 36, -1,
      36, 20, 25, -1,
      36, 25, 37, -1,
      37, 25, 30, -1,
      30, 21, 37, -1,
      37, 21, 16, -1,
      38, 39, 17, -1,
      40, 17, 41, -1,
      41, 17, 36, -1,
      40, 42, 17, -1,
      17, 42, 43, -1,
      17, 43, 38, -1,
      44, 39, 38, -1,
      44, 38, 45, -1,
      45, 38, 43, -1,
      45, 43, 46, -1,
      46, 43, 42, -1,
      46, 42, 47, -1,
      47, 42, 40, -1,
      47, 40, 48, -1,
      48, 40, 41, -1,
      48, 41, 49, -1,
      49, 41, 36, -1,
      49, 36, 37, -1,
      49, 37, 16, -1,
      44, 45, 16, -1,
      16, 45, 46, -1,
      46, 47, 16, -1,
      16, 47, 48, -1,
      16, 48, 49, -1,
      19, 11, 39, -1,
      39, 11, 10, -1,
      39, 10, 17, -1,
      19, 39, 18, -1,
      18, 39, 44, -1,
      8, 18, 9, -1,
      9, 18, 44, -1,
      9, 44, 16, -1,
      50, 51, 12, -1,
      12, 51, 15, -1,
      13, 14, 52, -1,
      52, 14, 53, -1,
      0, 54, 7, -1,
      7, 54, 55, -1,
      1, 56, 0, -1,
      0, 56, 54, -1,
      6, 57, 1, -1,
      1, 57, 56, -1,
      7, 55, 6, -1,
      6, 55, 57, -1,
      58, 59, 60, -1,
      58, 60, 61, -1,
      61, 60, 62, -1,
      61, 62, 63, -1,
      63, 62, 64, -1,
      63, 64, 65, -1,
      65, 64, 66, -1,
      65, 66, 67, -1,
      67, 66, 68, -1,
      67, 68, 69, -1,
      69, 68, 55, -1,
      69, 55, 54, -1,
      58, 61, 56, -1,
      56, 61, 63, -1,
      56, 63, 65, -1,
      65, 67, 56, -1,
      56, 67, 69, -1,
      56, 69, 54, -1,
      55, 68, 57, -1,
      57, 68, 66, -1,
      57, 66, 64, -1,
      64, 62, 57, -1,
      57, 62, 60, -1,
      57, 60, 59, -1,
      70, 59, 71, -1,
      71, 59, 58, -1,
      71, 58, 50, -1,
      50, 58, 56, -1,
      50, 56, 51, -1,
      51, 56, 57, -1,
      57, 59, 51, -1,
      51, 59, 70, -1,
      72, 73, 74, -1,
      72, 74, 75, -1,
      75, 74, 76, -1,
      75, 76, 77, -1,
      77, 76, 78, -1,
      77, 78, 79, -1,
      79, 78, 80, -1,
      79, 80, 81, -1,
      81, 80, 82, -1,
      81, 82, 83, -1,
      83, 82, 70, -1,
      83, 70, 71, -1,
      72, 75, 50, -1,
      50, 75, 77, -1,
      50, 77, 79, -1,
      79, 81, 50, -1,
      50, 81, 83, -1,
      50, 83, 71, -1,
      70, 82, 51, -1,
      51, 82, 80, -1,
      51, 80, 78, -1,
      78, 76, 51, -1,
      51, 76, 74, -1,
      51, 74, 73, -1,
      53, 73, 52, -1,
      52, 73, 72, -1,
      13, 52, 12, -1,
      12, 52, 72, -1,
      12, 72, 50, -1,
      53, 14, 73, -1,
      73, 14, 15, -1,
      73, 15, 51, -1,
    ]
  }
}

Shape {
  appearance Appearance {
    material Material {
      diffuseColor 0.6667 0.6667 0.6667
      specularColor 0.3333 0.3333 0.3333
      ambientIntensity 0.2
      transparency 0.0000
      shininess 0.5
    }
  }
  geometry IndexedFaceSet {
    ccw TRUE
    solid FALSE
    coord DEF co Coordinate {
      point [
        0.063789 -0.050733 0.787402,
        0.046985 -0.050733 0.787402,
        0.174198 -0.012084 0.787402,
        0.117274 -0.012084 0.787402,
        0.188141 -0.050733 0.787402,
        0.104119 -0.050733 0.787402,
        0.208306 -0.050733 0.787402,
        0.154532 0.087062 0.787402,
        0.136047 0.087062 0.787402,
        -0.188276 0.051772 0.787402,
        -0.187041 0.061295 0.787402,
        -0.077367 0.087062 0.787402,
        -0.053841 0.087062 0.787402,
        -0.120240 0.013778 0.787402,
        -0.112291 0.006373 0.787402,
        -0.109295 0.064796 0.787402,
        -0.107711 -0.000517 0.787402,
        -0.105155 -0.007424 0.787402,
        -0.060661 0.054507 0.787402,
        -0.060563 0.040430 0.787402,
        -0.011830 -0.050733 0.787402,
        -0.060563 0.068577 0.787402,
        -0.061088 0.068577 0.787402,
        -0.058820 0.061106 0.787402,
        -0.056519 0.053794 0.787402,
        0.047386 0.054923 0.787402,
        0.048324 0.068577 0.787402,
        0.047878 0.068577 0.787402,
        -0.060563 -0.050733 0.787402,
        -0.077367 -0.050733 0.787402,
        -0.188276 -0.025107 0.787402,
        -0.188276 -0.045272 0.787402,
        0.083954 -0.050733 0.787402,
        0.063789 0.087062 0.787402,
        0.041943 0.087062 0.787402,
        0.000248 -0.006648 0.787402,
        -0.013065 -0.007016 0.787402,
        -0.003089 -0.015222 0.787402,
        -0.009691 -0.015323 0.787402,
        -0.006290 -0.023847 0.787402,
        -0.006920 -0.023847 0.787402,
        -0.140515 0.025621 0.787402,
        -0.119713 0.070205 0.787402,
        -0.153322 0.032408 0.787402,
        -0.131493 0.073021 0.787402,
        -0.141013 0.073618 0.787402,
        0.046103 0.061497 0.787402,
        0.043781 0.054582 0.787402,
        0.046985 0.041244 0.787402,
        -0.001748 -0.050733 0.787402,
        -0.104254 -0.015208 0.787402,
        -0.105339 -0.024890 0.787402,
        -0.107894 -0.031871 0.787402,
        -0.112346 -0.038333 0.787402,
        -0.174938 0.024995 0.787402,
        -0.181065 0.030837 0.787402,
        -0.185017 0.037059 0.787402,
        -0.187485 0.044239 0.787402,
        -0.184348 0.067889 0.787402,
        -0.180017 0.073872 0.787402,
        -0.174100 0.079006 0.787402,
        -0.166351 0.083458 0.787402,
        -0.154776 0.087257 0.787402,
        -0.139543 0.088742 0.787402,
        -0.124245 0.088088 0.787402,
        -0.109295 0.084961 0.787402,
        -0.154588 0.012676 0.787402,
        -0.178202 -0.031297 0.787402,
        -0.135861 0.002737 0.787402,
        -0.161891 -0.036311 0.787402,
        -0.133941 0.001513 0.787402,
        -0.151543 -0.037290 0.787402,
        -0.141537 -0.036519 0.787402,
        -0.167735 0.044527 0.787402,
        -0.169186 0.048326 0.787402,
        -0.169791 0.053584 0.787402,
        -0.165406 0.041109 0.787402,
        -0.161180 0.037403 0.787402,
        -0.166131 0.064431 0.787402,
        -0.168140 0.061304 0.787402,
        -0.169359 0.057760 0.787402,
        -0.118109 -0.043364 0.787402,
        -0.125896 -0.047625 0.787402,
        -0.139345 -0.051375 0.787402,
        -0.153591 -0.052414 0.787402,
        -0.171325 -0.050587 0.787402,
        -0.183859 -0.047383 0.787402,
        -0.134544 -0.034628 0.787402,
        -0.129602 -0.031900 0.787402,
        -0.126732 -0.029196 0.787402,
        -0.150660 0.072744 0.787402,
        -0.157976 0.070404 0.787402,
        -0.162992 0.067448 0.787402,
        -0.124908 -0.026464 0.787402,
        -0.123322 -0.022167 0.787402,
        -0.122739 -0.016731 0.787402,
        -0.123338 -0.011841 0.787402,
        -0.124899 -0.007921 0.787402,
        -0.128270 -0.003299 0.787402,
        0.154532 0.087062 0.783465,
        0.208306 -0.050733 0.783465,
        0.188141 -0.050733 0.783465,
        0.174198 -0.012084 0.783465,
        0.117274 -0.012084 0.783465,
        0.104119 -0.050733 0.783465,
        0.083954 -0.050733 0.783465,
        0.136047 0.087062 0.783465,
        0.121921 0.003040 0.783465,
        0.168002 0.003040 0.783465,
        0.142480 0.060595 0.783465,
        0.143806 0.065374 0.783465,
        0.144686 0.070257 0.783465,
        0.145132 0.070257 0.783465,
        0.146031 0.065389 0.783465,
        0.147259 0.060595 0.783465,
        0.121921 0.003040 0.787402,
        0.168002 0.003040 0.787402,
        0.142480 0.060595 0.787402,
        0.143806 0.065374 0.787402,
        0.144686 0.070257 0.787402,
        0.145132 0.070257 0.787402,
        0.146031 0.065389 0.787402,
        0.147259 0.060595 0.787402,
        0.063789 -0.050733 0.783465,
        0.046985 -0.050733 0.783465,
        0.046985 0.041244 0.783465,
        0.048324 0.068577 0.783465,
        0.047386 0.054923 0.783465,
        0.047878 0.068577 0.783465,
        0.043781 0.054582 0.783465,
        0.046103 0.061497 0.783465,
        -0.001748 -0.050733 0.783465,
        -0.011830 -0.050733 0.783465,
        -0.056519 0.053794 0.783465,
        -0.060563 0.068577 0.783465,
        -0.058820 0.061106 0.783465,
        -0.061088 0.068577 0.783465,
        -0.060563 0.040430 0.783465,
        -0.060661 0.054507 0.783465,
        -0.060563 -0.050733 0.783465,
        -0.077367 -0.050733 0.783465,
        -0.077367 0.087062 0.783465,
        -0.053841 0.087062 0.783465,
        -0.013065 -0.007016 0.783465,
        -0.006920 -0.023847 0.783465,
        -0.009691 -0.015323 0.783465,
        -0.006290 -0.023847 0.783465,
        0.000248 -0.006648 0.783465,
        -0.003089 -0.015222 0.783465,
        0.041943 0.087062 0.783465,
        0.063789 0.087062 0.783465,
        -0.188276 -0.045272 0.783465,
        -0.188276 -0.025107 0.783465,
        -0.151543 -0.037290 0.783465,
        -0.161891 -0.036311 0.783465,
        -0.178202 -0.031297 0.783465,
        -0.122739 -0.016731 0.783465,
        -0.123322 -0.022167 0.783465,
        -0.124908 -0.026464 0.783465,
        -0.126732 -0.029196 0.783465,
        -0.129602 -0.031900 0.783465,
        -0.134544 -0.034628 0.783465,
        -0.141537 -0.036519 0.783465,
        -0.154588 0.012676 0.783465,
        -0.135861 0.002737 0.783465,
        -0.133941 0.001513 0.783465,
        -0.128270 -0.003299 0.783465,
        -0.124899 -0.007921 0.783465,
        -0.123338 -0.011841 0.783465,
        -0.188276 0.051772 0.783465,
        -0.187485 0.044239 0.783465,
        -0.185017 0.037059 0.783465,
        -0.181065 0.030837 0.783465,
        -0.174938 0.024995 0.783465,
        -0.139543 0.088742 0.783465,
        -0.154776 0.087257 0.783465,
        -0.166351 0.083458 0.783465,
        -0.174100 0.079006 0.783465,
        -0.180017 0.073872 0.783465,
        -0.184348 0.067889 0.783465,
        -0.187041 0.061295 0.783465,
        -0.109295 0.084961 0.783465,
        -0.124245 0.088088 0.783465,
        -0.109295 0.064796 0.783465,
        -0.141013 0.073618 0.783465,
        -0.131493 0.073021 0.783465,
        -0.119713 0.070205 0.783465,
        -0.169791 0.053584 0.783465,
        -0.169359 0.057760 0.783465,
        -0.168140 0.061304 0.783465,
        -0.166131 0.064431 0.783465,
        -0.162992 0.067448 0.783465,
        -0.157976 0.070404 0.783465,
        -0.150660 0.072744 0.783465,
        -0.140515 0.025621 0.783465,
        -0.153322 0.032408 0.783465,
        -0.161180 0.037403 0.783465,
        -0.165406 0.041109 0.783465,
        -0.167735 0.044527 0.783465,
        -0.169186 0.048326 0.783465,
        -0.104254 -0.015208 0.783465,
        -0.105155 -0.007424 0.783465,
        -0.107711 -0.000517 0.783465,
        -0.112291 0.006373 0.783465,
        -0.120240 0.013778 0.783465,
        -0.153591 -0.052414 0.783465,
        -0.139345 -0.051375 0.783465,
        -0.125896 -0.047625 0.783465,
        -0.118109 -0.043364 0.783465,
        -0.112346 -0.038333 0.783465,
        -0.107894 -0.031871 0.783465,
        -0.105339 -0.024890 0.783465,
        -0.183859 -0.047383 0.783465,
        -0.171325 -0.050587 0.783465,
      ]
    }
    coordIndex [
      99, 100, 7, -1,
      7, 100, 6, -1,
      100, 101, 6, -1,
      6, 101, 4, -1,
      101, 102, 4, -1,
      4, 102, 2, -1,
      102, 103, 2, -1,
      2, 103, 3, -1,
      103, 104, 3, -1,
      3, 104, 5, -1,
      104, 105, 5, -1,
      5, 105, 32, -1,
      105, 106, 32, -1,
      32, 106, 8, -1,
      106, 99, 8, -1,
      8, 99, 7, -1,
      107, 103, 108, -1,
      108, 103, 102, -1,
      109, 106, 107, -1,
      107, 106, 105, -1,
      107, 105, 103, -1,
      103, 105, 104, -1,
      109, 110, 106, -1,
      106, 110, 111, -1,
      106, 111, 99, -1,
      99, 111, 112, -1,
      99, 112, 113, -1,
      113, 114, 99, -1,
      99, 114, 108, -1,
      99, 108, 100, -1,
      100, 108, 102, -1,
      100, 102, 101, -1,
      107, 108, 115, -1,
      115, 108, 116, -1,
      109, 107, 117, -1,
      117, 107, 115, -1,
      109, 117, 118, -1,
      109, 118, 110, -1,
      110, 118, 119, -1,
      110, 119, 111, -1,
      112, 111, 120, -1,
      120, 111, 119, -1,
      112, 120, 121, -1,
      112, 121, 113, -1,
      113, 121, 122, -1,
      113, 122, 114, -1,
      108, 114, 116, -1,
      116, 114, 122, -1,
      123, 124, 0, -1,
      0, 124, 1, -1,
      124, 125, 1, -1,
      1, 125, 48, -1,
      126, 26, 25, -1,
      126, 25, 127, -1,
      127, 25, 48, -1,
      127, 48, 125, -1,
      126, 128, 26, -1,
      26, 128, 27, -1,
      129, 47, 46, -1,
      129, 46, 130, -1,
      130, 46, 27, -1,
      130, 27, 128, -1,
      129, 131, 47, -1,
      47, 131, 49, -1,
      131, 132, 49, -1,
      49, 132, 20, -1,
      132, 133, 20, -1,
      20, 133, 24, -1,
      134, 21, 23, -1,
      134, 23, 135, -1,
      135, 23, 24, -1,
      135, 24, 133, -1,
      134, 136, 21, -1,
      21, 136, 22, -1,
      137, 19, 18, -1,
      137, 18, 138, -1,
      138, 18, 22, -1,
      138, 22, 136, -1,
      137, 139, 19, -1,
      19, 139, 28, -1,
      139, 140, 28, -1,
      28, 140, 29, -1,
      140, 141, 29, -1,
      29, 141, 11, -1,
      141, 142, 11, -1,
      11, 142, 12, -1,
      142, 143, 12, -1,
      12, 143, 36, -1,
      144, 40, 38, -1,
      144, 38, 145, -1,
      145, 38, 36, -1,
      145, 36, 143, -1,
      144, 146, 40, -1,
      40, 146, 39, -1,
      147, 35, 37, -1,
      147, 37, 148, -1,
      148, 37, 39, -1,
      148, 39, 146, -1,
      147, 149, 35, -1,
      35, 149, 34, -1,
      149, 150, 34, -1,
      34, 150, 33, -1,
      150, 123, 33, -1,
      33, 123, 0, -1,
      124, 123, 125, -1,
      125, 123, 150, -1,
      125, 150, 127, -1,
      127, 150, 126, -1,
      140, 139, 141, -1,
      141, 139, 137, -1,
      137, 138, 141, -1,
      141, 138, 136, -1,
      141, 136, 142, -1,
      142, 136, 134, -1,
      144, 132, 146, -1,
      146, 132, 131, -1,
      146, 131, 148, -1,
      148, 131, 147, -1,
      126, 150, 128, -1,
      128, 150, 149, -1,
      128, 149, 130, -1,
      144, 145, 132, -1,
      132, 145, 143, -1,
      132, 143, 133, -1,
      133, 143, 142, -1,
      133, 142, 135, -1,
      135, 142, 134, -1,
      147, 131, 149, -1,
      149, 131, 129, -1,
      149, 129, 130, -1,
      151, 152, 31, -1,
      31, 152, 30, -1,
      153, 71, 69, -1,
      153, 69, 154, -1,
      154, 69, 67, -1,
      154, 67, 155, -1,
      155, 67, 30, -1,
      155, 30, 152, -1,
      156, 95, 94, -1,
      156, 94, 157, -1,
      157, 94, 93, -1,
      157, 93, 158, -1,
      158, 93, 89, -1,
      158, 89, 159, -1,
      159, 89, 88, -1,
      159, 88, 160, -1,
      160, 88, 87, -1,
      160, 87, 161, -1,
      161, 87, 72, -1,
      161, 72, 162, -1,
      162, 72, 71, -1,
      162, 71, 153, -1,
      163, 66, 68, -1,
      163, 68, 164, -1,
      164, 68, 70, -1,
      164, 70, 165, -1,
      165, 70, 98, -1,
      165, 98, 166, -1,
      166, 98, 97, -1,
      166, 97, 167, -1,
      167, 97, 96, -1,
      167, 96, 168, -1,
      168, 96, 95, -1,
      168, 95, 156, -1,
      169, 9, 57, -1,
      169, 57, 170, -1,
      170, 57, 56, -1,
      170, 56, 171, -1,
      171, 56, 55, -1,
      171, 55, 172, -1,
      172, 55, 54, -1,
      172, 54, 173, -1,
      173, 54, 66, -1,
      173, 66, 163, -1,
      174, 63, 62, -1,
      174, 62, 175, -1,
      175, 62, 61, -1,
      175, 61, 176, -1,
      176, 61, 60, -1,
      176, 60, 177, -1,
      177, 60, 59, -1,
      177, 59, 178, -1,
      178, 59, 58, -1,
      178, 58, 179, -1,
      179, 58, 10, -1,
      179, 10, 180, -1,
      180, 10, 9, -1,
      180, 9, 169, -1,
      181, 65, 64, -1,
      181, 64, 182, -1,
      182, 64, 63, -1,
      182, 63, 174, -1,
      181, 183, 65, -1,
      65, 183, 15, -1,
      184, 45, 44, -1,
      184, 44, 185, -1,
      185, 44, 42, -1,
      185, 42, 186, -1,
      186, 42, 15, -1,
      186, 15, 183, -1,
      187, 75, 80, -1,
      187, 80, 188, -1,
      188, 80, 79, -1,
      188, 79, 189, -1,
      189, 79, 78, -1,
      189, 78, 190, -1,
      190, 78, 92, -1,
      190, 92, 191, -1,
      191, 92, 91, -1,
      191, 91, 192, -1,
      192, 91, 90, -1,
      192, 90, 193, -1,
      193, 90, 45, -1,
      193, 45, 184, -1,
      194, 41, 43, -1,
      194, 43, 195, -1,
      195, 43, 77, -1,
      195, 77, 196, -1,
      196, 77, 76, -1,
      196, 76, 197, -1,
      197, 76, 73, -1,
      197, 73, 198, -1,
      198, 73, 74, -1,
      198, 74, 199, -1,
      199, 74, 75, -1,
      199, 75, 187, -1,
      200, 50, 17, -1,
      200, 17, 201, -1,
      201, 17, 16, -1,
      201, 16, 202, -1,
      202, 16, 14, -1,
      202, 14, 203, -1,
      203, 14, 13, -1,
      203, 13, 204, -1,
      204, 13, 41, -1,
      204, 41, 194, -1,
      205, 84, 83, -1,
      205, 83, 206, -1,
      206, 83, 82, -1,
      206, 82, 207, -1,
      207, 82, 81, -1,
      207, 81, 208, -1,
      208, 81, 53, -1,
      208, 53, 209, -1,
      209, 53, 52, -1,
      209, 52, 210, -1,
      210, 52, 51, -1,
      210, 51, 211, -1,
      211, 51, 50, -1,
      211, 50, 200, -1,
      151, 31, 86, -1,
      151, 86, 212, -1,
      212, 86, 85, -1,
      212, 85, 213, -1,
      213, 85, 84, -1,
      213, 84, 205, -1,
      152, 151, 155, -1,
      155, 151, 212, -1,
      155, 212, 154, -1,
      154, 212, 213, -1,
      154, 213, 153, -1,
      153, 213, 205, -1,
      153, 205, 162, -1,
      162, 205, 206, -1,
      162, 206, 161, -1,
      161, 206, 207, -1,
      161, 207, 160, -1,
      160, 207, 208, -1,
      160, 208, 159, -1,
      159, 208, 209, -1,
      159, 209, 158, -1,
      158, 209, 210, -1,
      158, 210, 157, -1,
      157, 210, 211, -1,
      157, 211, 156, -1,
      156, 211, 200, -1,
      156, 200, 168, -1,
      168, 200, 201, -1,
      168, 201, 167, -1,
      167, 201, 202, -1,
      167, 202, 166, -1,
      166, 202, 203, -1,
      166, 203, 165, -1,
      165, 203, 204, -1,
      165, 204, 164, -1,
      164, 204, 194, -1,
      164, 194, 163, -1,
      163, 194, 195, -1,
      163, 195, 173, -1,
      173, 195, 196, -1,
      173, 196, 172, -1,
      172, 196, 197, -1,
      172, 197, 171, -1,
      171, 197, 198, -1,
      171, 198, 170, -1,
      170, 198, 199, -1,
      170, 199, 169, -1,
      169, 199, 187, -1,
      169, 187, 180, -1,
      180, 187, 188, -1,
      180, 188, 179, -1,
      179, 188, 189, -1,
      179, 189, 178, -1,
      178, 189, 190, -1,
      178, 190, 177, -1,
      177, 190, 191, -1,
      177, 191, 176, -1,
      176, 191, 192, -1,
      176, 192, 175, -1,
      175, 192, 193, -1,
      175, 193, 174, -1,
      174, 193, 184, -1,
      174, 184, 182, -1,
      182, 184, 185, -1,
      182, 185, 181, -1,
      181, 185, 186, -1,
      181, 186, 183, -1,
    ]
  }
}

Shape {
  appearance Appearance {
    material Material {
      diffuseColor 0.2510 0.2510 0.2510
      specularColor 0.1255 0.1255 0.1255
      ambientIntensity 0.2
      transparency 0.0000
      shininess 0.5
    }
  }
  geometry IndexedFaceSet {
    ccw TRUE
    solid FALSE
    coord DEF co Coordinate {
      point [
        0.121921 0.003040 0.787402,
        0.168002 0.003040 0.787402,
        0.142480 0.060595 0.787402,
        0.143806 0.065374 0.787402,
        0.144686 0.070257 0.787402,
        0.145132 0.070257 0.787402,
        0.146031 0.065389 0.787402,
        0.147259 0.060595 0.787402,
      ]
    }
    coordIndex [
      0, 1, 2, -1,
      2, 1, 7, -1,
      2, 7, 3, -1,
      3, 7, 6, -1,
      3, 6, 4, -1,
      4, 6, 5, -1,
    ]
  }
}

Shape {
  appearance Appearance {
    material Material {
      diffuseColor 1.0000 1.0000 1.0000
      specularColor 0.8784 0.8784 0.8784
      ambientIntensity 0.2
      transparency 0.0000
      shininess 0.5
    }
  }
  geometry IndexedFaceSet {
    ccw TRUE
    solid FALSE
    coord DEF co Coordinate {
      point [
        0.098134 0.055854 0.000000,
        0.109764 0.054548 0.000000,
        0.072591 -0.032821 0.000000,
        0.228915 -0.050733 0.000000,
        0.109919 -0.051454 0.000000,
        0.168420 -0.050733 0.000000,
        0.117528 -0.050665 0.000000,
        0.128976 -0.046724 0.000000,
        0.152104 0.036268 0.000000,
        0.145181 0.047311 0.000000,
        0.213071 0.067377 0.000000,
        0.083778 0.053989 0.000000,
        0.070474 -0.031649 0.000000,
        0.070474 0.048292 0.000000,
        0.070474 0.064136 0.000000,
        0.118605 0.051357 0.000000,
        0.126780 0.045888 0.000000,
        0.133912 0.038014 0.000000,
        0.142493 0.007061 0.000000,
        0.141297 -0.005725 0.000000,
        0.138088 -0.015884 0.000000,
        0.111806 -0.037975 0.000000,
        0.100790 -0.039211 0.000000,
        0.120412 -0.034807 0.000000,
        0.127661 -0.029921 0.000000,
        0.133203 -0.024074 0.000000,
        0.085112 -0.037470 0.000000,
        0.138781 0.028895 0.000000,
        0.141930 0.016251 0.000000,
        0.138476 -0.040657 0.000000,
        0.147348 -0.031318 0.000000,
        0.168420 -0.037770 0.000000,
        0.153640 -0.020087 0.000000,
        0.213071 -0.037770 0.000000,
        0.134518 0.057566 0.000000,
        0.123299 0.064023 0.000000,
        0.110132 0.067848 0.000000,
        0.157195 -0.007585 0.000000,
        0.158337 0.006093 0.000000,
        0.156638 0.022885 0.000000,
        0.098269 0.068817 0.000000,
        0.084130 0.067841 0.000000,
        0.070474 -0.044612 0.000000,
        0.083065 -0.049781 0.000000,
        0.094999 -0.051454 0.000000,
        0.099743 -0.052119 0.000000,
        0.102973 -0.052174 0.000000,
        0.228915 0.067377 0.000000,
        -0.142700 -0.050733 0.000000,
        -0.128160 -0.018362 0.000000,
        -0.121387 -0.028926 0.000000,
        -0.015948 -0.050733 0.000000,
        0.047429 -0.050733 0.000000,
        0.047429 0.067377 0.000000,
        -0.013067 0.067377 0.000000,
        -0.013067 0.054413 0.000000,
        0.031585 0.054413 0.000000,
        0.031585 0.015523 0.000000,
        -0.111665 -0.038235 0.000000,
        -0.099333 -0.045402 0.000000,
        -0.085723 -0.049458 0.000000,
        -0.038994 0.067377 0.000000,
        -0.010186 0.015523 0.000000,
        -0.010186 0.002560 0.000000,
        0.031585 0.002560 0.000000,
        0.031585 -0.037770 0.000000,
        -0.015948 -0.037770 0.000000,
        -0.038994 -0.050733 0.000000,
        -0.071109 -0.050733 0.000000,
        -0.089388 0.065553 0.000000,
        -0.103207 0.060700 0.000000,
        -0.072324 0.067377 0.000000,
        -0.220052 -0.017605 0.000000,
        -0.171260 -0.017605 0.000000,
        -0.232003 -0.050733 0.000000,
        -0.159985 -0.050733 0.000000,
        -0.116063 0.052085 0.000000,
        -0.116186 0.051976 0.000000,
        -0.124538 0.042715 0.000000,
        -0.249287 -0.050733 0.000000,
        -0.203196 0.067377 0.000000,
        -0.187352 0.067377 0.000000,
        -0.130027 0.032557 0.000000,
        -0.133200 0.020920 0.000000,
        -0.134058 0.009807 0.000000,
        -0.132400 -0.006000 0.000000,
        -0.203196 0.067377 0.003937,
        -0.249287 -0.050733 0.003937,
        -0.232003 -0.050733 0.003937,
        -0.220052 -0.017605 0.003937,
        -0.171260 -0.017605 0.003937,
        -0.159985 -0.050733 0.003937,
        -0.142700 -0.050733 0.003937,
        -0.187352 0.067377 0.003937,
        -0.175243 -0.004642 0.003937,
        -0.214741 -0.004642 0.003937,
        -0.192865 0.044691 0.003937,
        -0.194002 0.048787 0.003937,
        -0.194756 0.052973 0.003937,
        -0.195139 0.052973 0.003937,
        -0.195909 0.048800 0.003937,
        -0.196961 0.044691 0.003937,
        -0.175243 -0.004642 0.000000,
        -0.214741 -0.004642 0.000000,
        -0.192865 0.044691 0.000000,
        -0.194002 0.048787 0.000000,
        -0.194756 0.052973 0.000000,
        -0.195139 0.052973 0.000000,
        -0.195909 0.048800 0.000000,
        -0.196961 0.044691 0.000000,
        -0.071109 -0.050733 0.003937,
        -0.038994 -0.050733 0.003937,
        -0.038994 0.067377 0.003937,
        -0.072324 0.067377 0.003937,
        -0.134058 0.009807 0.003937,
        -0.133200 0.020920 0.003937,
        -0.130027 0.032557 0.003937,
        -0.124538 0.042715 0.003937,
        -0.116186 0.051976 0.003937,
        -0.116063 0.052085 0.003937,
        -0.103207 0.060700 0.003937,
        -0.089388 0.065553 0.003937,
        -0.085723 -0.049458 0.003937,
        -0.099333 -0.045402 0.003937,
        -0.111665 -0.038235 0.003937,
        -0.121387 -0.028926 0.003937,
        -0.128160 -0.018362 0.003937,
        -0.132400 -0.006000 0.003937,
        -0.110350 0.037851 0.003937,
        -0.104613 0.043942 0.003937,
        -0.095986 0.049515 0.003937,
        -0.086237 0.052927 0.003937,
        -0.072257 0.054413 0.003937,
        -0.054838 0.054413 0.003937,
        -0.054838 -0.037770 0.003937,
        -0.071604 -0.037770 0.003937,
        -0.084065 -0.036611 0.003937,
        -0.094004 -0.033508 0.003937,
        -0.102059 -0.028725 0.003937,
        -0.108683 -0.022182 0.003937,
        -0.113665 -0.014039 0.003937,
        -0.117130 -0.002936 0.003937,
        -0.118214 0.009469 0.003937,
        -0.117210 0.021224 0.003937,
        -0.114453 0.030566 0.003937,
        -0.072257 0.054413 0.000000,
        -0.054838 0.054413 0.000000,
        -0.086237 0.052927 0.000000,
        -0.095986 0.049515 0.000000,
        -0.104613 0.043942 0.000000,
        -0.110350 0.037851 0.000000,
        -0.114453 0.030566 0.000000,
        -0.117210 0.021224 0.000000,
        -0.118214 0.009469 0.000000,
        -0.117130 -0.002936 0.000000,
        -0.113665 -0.014039 0.000000,
        -0.108683 -0.022182 0.000000,
        -0.102059 -0.028725 0.000000,
        -0.094004 -0.033508 0.000000,
        -0.084065 -0.036611 0.000000,
        -0.071604 -0.037770 0.000000,
        -0.054838 -0.037770 0.000000,
        -0.015948 -0.037770 0.003937,
        -0.015948 -0.050733 0.003937,
        0.047429 -0.050733 0.003937,
        0.047429 0.067377 0.003937,
        -0.013067 0.067377 0.003937,
        -0.013067 0.054413 0.003937,
        0.031585 0.054413 0.003937,
        0.031585 0.015523 0.003937,
        -0.010186 0.015523 0.003937,
        -0.010186 0.002560 0.003937,
        0.031585 0.002560 0.003937,
        0.031585 -0.037770 0.003937,
        0.070474 -0.031649 0.003937,
        0.070474 -0.044612 0.003937,
        0.083065 -0.049781 0.003937,
        0.102973 -0.052174 0.003937,
        0.099743 -0.052119 0.003937,
        0.158337 0.006093 0.003937,
        0.157195 -0.007585 0.003937,
        0.153640 -0.020087 0.003937,
        0.147348 -0.031318 0.003937,
        0.138476 -0.040657 0.003937,
        0.128976 -0.046724 0.003937,
        0.117528 -0.050665 0.003937,
        0.098269 0.068817 0.003937,
        0.110132 0.067848 0.003937,
        0.123299 0.064023 0.003937,
        0.134518 0.057566 0.003937,
        0.145181 0.047311 0.003937,
        0.152104 0.036268 0.003937,
        0.156638 0.022885 0.003937,
        0.070474 0.064136 0.003937,
        0.084130 0.067841 0.003937,
        0.070474 0.048292 0.003937,
        0.098134 0.055854 0.003937,
        0.083778 0.053989 0.003937,
        0.142493 0.007061 0.003937,
        0.141930 0.016251 0.003937,
        0.138781 0.028895 0.003937,
        0.133912 0.038014 0.003937,
        0.126780 0.045888 0.003937,
        0.118605 0.051357 0.003937,
        0.109764 0.054548 0.003937,
        0.100790 -0.039211 0.003937,
        0.111806 -0.037975 0.003937,
        0.120412 -0.034807 0.003937,
        0.127661 -0.029921 0.003937,
        0.133203 -0.024074 0.003937,
        0.138088 -0.015884 0.003937,
        0.141297 -0.005725 0.003937,
        0.072591 -0.032821 0.003937,
        0.085112 -0.037470 0.003937,
        0.168420 -0.037770 0.003937,
        0.168420 -0.050733 0.003937,
        0.228915 -0.050733 0.003937,
        0.228915 0.067377 0.003937,
        0.213071 0.067377 0.003937,
        0.213071 -0.037770 0.003937,
      ]
    }
    coordIndex [
      86, 87, 80, -1,
      80, 87, 79, -1,
      87, 88, 79, -1,
      79, 88, 74, -1,
      88, 89, 74, -1,
      74, 89, 72, -1,
      89, 90, 72, -1,
      72, 90, 73, -1,
      90, 91, 73, -1,
      73, 91, 75, -1,
      91, 92, 75, -1,
      75, 92, 48, -1,
      92, 93, 48, -1,
      48, 93, 81, -1,
      93, 86, 81, -1,
      81, 86, 80, -1,
      94, 90, 95, -1,
      95, 90, 89, -1,
      96, 93, 94, -1,
      94, 93, 92, -1,
      94, 92, 90, -1,
      90, 92, 91, -1,
      96, 97, 93, -1,
      93, 97, 98, -1,
      93, 98, 86, -1,
      86, 98, 99, -1,
      86, 99, 100, -1,
      100, 101, 86, -1,
      86, 101, 95, -1,
      86, 95, 87, -1,
      87, 95, 89, -1,
      87, 89, 88, -1,
      94, 95, 102, -1,
      102, 95, 103, -1,
      96, 94, 104, -1,
      104, 94, 102, -1,
      96, 104, 105, -1,
      96, 105, 97, -1,
      97, 105, 106, -1,
      97, 106, 98, -1,
      99, 98, 107, -1,
      107, 98, 106, -1,
      99, 107, 108, -1,
      99, 108, 100, -1,
      100, 108, 109, -1,
      100, 109, 101, -1,
      95, 101, 103, -1,
      103, 101, 109, -1,
      110, 111, 68, -1,
      68, 111, 67, -1,
      111, 112, 67, -1,
      67, 112, 61, -1,
      112, 113, 61, -1,
      61, 113, 71, -1,
      114, 84, 83, -1,
      114, 83, 115, -1,
      115, 83, 82, -1,
      115, 82, 116, -1,
      116, 82, 78, -1,
      116, 78, 117, -1,
      117, 78, 77, -1,
      117, 77, 118, -1,
      118, 77, 76, -1,
      118, 76, 119, -1,
      119, 76, 70, -1,
      119, 70, 120, -1,
      120, 70, 69, -1,
      120, 69, 121, -1,
      121, 69, 71, -1,
      121, 71, 113, -1,
      110, 68, 60, -1,
      110, 60, 122, -1,
      122, 60, 59, -1,
      122, 59, 123, -1,
      123, 59, 58, -1,
      123, 58, 124, -1,
      124, 58, 50, -1,
      124, 50, 125, -1,
      125, 50, 49, -1,
      125, 49, 126, -1,
      126, 49, 85, -1,
      126, 85, 127, -1,
      127, 85, 84, -1,
      127, 84, 114, -1,
      116, 117, 128, -1,
      128, 117, 118, -1,
      128, 118, 129, -1,
      129, 118, 119, -1,
      129, 119, 130, -1,
      130, 119, 120, -1,
      130, 120, 131, -1,
      131, 120, 121, -1,
      131, 121, 132, -1,
      132, 121, 113, -1,
      132, 113, 133, -1,
      133, 113, 112, -1,
      133, 112, 134, -1,
      134, 112, 111, -1,
      134, 111, 135, -1,
      135, 111, 110, -1,
      135, 110, 136, -1,
      136, 110, 122, -1,
      136, 122, 137, -1,
      137, 122, 123, -1,
      137, 123, 138, -1,
      138, 123, 124, -1,
      138, 124, 139, -1,
      139, 124, 125, -1,
      139, 125, 140, -1,
      140, 125, 126, -1,
      140, 126, 141, -1,
      141, 126, 127, -1,
      141, 127, 142, -1,
      142, 127, 114, -1,
      142, 114, 143, -1,
      143, 114, 115, -1,
      143, 115, 144, -1,
      144, 115, 116, -1,
      144, 116, 128, -1,
      132, 133, 145, -1,
      145, 133, 146, -1,
      132, 145, 147, -1,
      132, 147, 131, -1,
      131, 147, 148, -1,
      131, 148, 130, -1,
      130, 148, 149, -1,
      130, 149, 129, -1,
      129, 149, 150, -1,
      129, 150, 128, -1,
      128, 150, 151, -1,
      128, 151, 144, -1,
      144, 151, 152, -1,
      144, 152, 143, -1,
      143, 152, 153, -1,
      143, 153, 142, -1,
      142, 153, 154, -1,
      142, 154, 141, -1,
      141, 154, 155, -1,
      141, 155, 140, -1,
      140, 155, 156, -1,
      140, 156, 139, -1,
      139, 156, 157, -1,
      139, 157, 138, -1,
      138, 157, 158, -1,
      138, 158, 137, -1,
      137, 158, 159, -1,
      137, 159, 136, -1,
      136, 159, 160, -1,
      136, 160, 135, -1,
      134, 135, 161, -1,
      161, 135, 160, -1,
      133, 134, 146, -1,
      146, 134, 161, -1,
      162, 163, 66, -1,
      66, 163, 51, -1,
      163, 164, 51, -1,
      51, 164, 52, -1,
      164, 165, 52, -1,
      52, 165, 53, -1,
      165, 166, 53, -1,
      53, 166, 54, -1,
      166, 167, 54, -1,
      54, 167, 55, -1,
      167, 168, 55, -1,
      55, 168, 56, -1,
      168, 169, 56, -1,
      56, 169, 57, -1,
      169, 170, 57, -1,
      57, 170, 62, -1,
      170, 171, 62, -1,
      62, 171, 63, -1,
      171, 172, 63, -1,
      63, 172, 64, -1,
      172, 173, 64, -1,
      64, 173, 65, -1,
      173, 162, 65, -1,
      65, 162, 66, -1,
      164, 163, 162, -1,
      162, 173, 164, -1,
      164, 173, 172, -1,
      164, 172, 165, -1,
      167, 166, 168, -1,
      168, 166, 165, -1,
      168, 165, 169, -1,
      169, 165, 172, -1,
      169, 172, 170, -1,
      170, 172, 171, -1,
      174, 175, 12, -1,
      12, 175, 42, -1,
      42, 175, 176, -1,
      177, 46, 45, -1,
      177, 45, 178, -1,
      178, 45, 44, -1,
      178, 44, 176, -1,
      176, 44, 43, -1,
      176, 43, 42, -1,
      179, 38, 37, -1,
      179, 37, 180, -1,
      180, 37, 32, -1,
      180, 32, 181, -1,
      181, 32, 30, -1,
      181, 30, 182, -1,
      182, 30, 29, -1,
      182, 29, 183, -1,
      183, 29, 7, -1,
      183, 7, 184, -1,
      184, 7, 6, -1,
      184, 6, 185, -1,
      185, 6, 177, -1,
      177, 6, 4, -1,
      177, 4, 46, -1,
      186, 40, 36, -1,
      186, 36, 187, -1,
      187, 36, 35, -1,
      187, 35, 188, -1,
      188, 35, 34, -1,
      188, 34, 189, -1,
      189, 34, 9, -1,
      189, 9, 190, -1,
      190, 9, 8, -1,
      190, 8, 191, -1,
      191, 8, 39, -1,
      191, 39, 192, -1,
      192, 39, 38, -1,
      192, 38, 179, -1,
      193, 14, 41, -1,
      193, 41, 194, -1,
      194, 41, 40, -1,
      194, 40, 186, -1,
      193, 195, 14, -1,
      14, 195, 13, -1,
      196, 0, 11, -1,
      196, 11, 197, -1,
      197, 11, 13, -1,
      197, 13, 195, -1,
      198, 18, 28, -1,
      198, 28, 199, -1,
      199, 28, 27, -1,
      199, 27, 200, -1,
      200, 27, 17, -1,
      200, 17, 201, -1,
      201, 17, 16, -1,
      201, 16, 202, -1,
      202, 16, 15, -1,
      202, 15, 203, -1,
      203, 15, 1, -1,
      203, 1, 204, -1,
      204, 1, 0, -1,
      204, 0, 196, -1,
      205, 22, 21, -1,
      205, 21, 206, -1,
      206, 21, 23, -1,
      206, 23, 207, -1,
      207, 23, 24, -1,
      207, 24, 208, -1,
      208, 24, 25, -1,
      208, 25, 209, -1,
      209, 25, 20, -1,
      209, 20, 210, -1,
      210, 20, 19, -1,
      210, 19, 211, -1,
      211, 19, 18, -1,
      211, 18, 198, -1,
      174, 12, 2, -1,
      174, 2, 212, -1,
      212, 2, 26, -1,
      212, 26, 213, -1,
      213, 26, 22, -1,
      213, 22, 205, -1,
      206, 177, 205, -1,
      205, 177, 178, -1,
      205, 178, 213, -1,
      213, 178, 176, -1,
      213, 176, 212, -1,
      212, 176, 175, -1,
      212, 175, 174, -1,
      195, 193, 197, -1,
      197, 193, 194, -1,
      197, 194, 196, -1,
      196, 194, 186, -1,
      196, 186, 204, -1,
      204, 186, 187, -1,
      204, 187, 203, -1,
      203, 187, 188, -1,
      203, 188, 202, -1,
      202, 188, 189, -1,
      202, 189, 201, -1,
      201, 189, 190, -1,
      201, 190, 200, -1,
      200, 190, 191, -1,
      200, 191, 199, -1,
      199, 191, 192, -1,
      199, 192, 198, -1,
      198, 192, 179, -1,
      198, 179, 211, -1,
      211, 179, 180, -1,
      211, 180, 210, -1,
      210, 180, 181, -1,
      210, 181, 209, -1,
      209, 181, 182, -1,
      209, 182, 208, -1,
      208, 182, 183, -1,
      208, 183, 207, -1,
      207, 183, 184, -1,
      207, 184, 206, -1,
      206, 184, 185, -1,
      206, 185, 177, -1,
      214, 215, 31, -1,
      31, 215, 5, -1,
      215, 216, 5, -1,
      5, 216, 3, -1,
      216, 217, 3, -1,
      3, 217, 47, -1,
      217, 218, 47, -1,
      47, 218, 10, -1,
      218, 219, 10, -1,
      10, 219, 33, -1,
      219, 214, 33, -1,
      33, 214, 31, -1,
      218, 217, 219, -1,
      219, 217, 216, -1,
      219, 216, 214, -1,
      214, 216, 215, -1,
    ]
  }
}

Shape {
  appearance Appearance {
    material Material {
      diffuseColor 0.2510 0.2510 0.2510
      specularColor 0.1255 0.1255 0.1255
      ambientIntensity 0.2
      transparency 0.0000
      shininess 0.5
    }
  }
  geometry IndexedFaceSet {
    ccw TRUE
    solid FALSE
    coord DEF co Coordinate {
      point [
        -0.175243 -0.004642 0.000000,
        -0.214741 -0.004642 0.000000,
        -0.192865 0.044691 0.000000,
        -0.194002 0.048787 0.000000,
        -0.194756 0.052973 0.000000,
        -0.195139 0.052973 0.000000,
        -0.195909 0.048800 0.000000,
        -0.196961 0.044691 0.000000,
        -0.072257 0.054413 0.000000,
        -0.054838 0.054413 0.000000,
        -0.086237 0.052927 0.000000,
        -0.095986 0.049515 0.000000,
        -0.104613 0.043942 0.000000,
        -0.110350 0.037851 0.000000,
        -0.114453 0.030566 0.000000,
        -0.117210 0.021224 0.000000,
        -0.118214 0.009469 0.000000,
        -0.117130 -0.002936 0.000000,
        -0.113665 -0.014039 0.000000,
        -0.108683 -0.022182 0.000000,
        -0.102059 -0.028725 0.000000,
        -0.094004 -0.033508 0.000000,
        -0.084065 -0.036611 0.000000,
        -0.071604 -0.037770 0.000000,
        -0.054838 -0.037770 0.000000,
      ]
    }
    coordIndex [
      0, 1, 2, -1,
      2, 1, 7, -1,
      2, 7, 3, -1,
      3, 7, 6, -1,
      3, 6, 4, -1,
      4, 6, 5, -1,
      9, 24, 8, -1,
      8, 24, 23, -1,
      8, 23, 22, -1,
      16, 15, 8, -1,
      8, 15, 14, -1,
      8, 14, 10, -1,
      22, 21, 8, -1,
      8, 21, 20, -1,
      8, 20, 19, -1,
      19, 18, 8, -1,
      8, 18, 17, -1,
      8, 17, 16, -1,
      13, 12, 14, -1,
      14, 12, 11, -1,
      14, 11, 10, -1,
    ]
  }
}

Shape {
  appearance Appearance {
    material Material {
      diffuseColor 0.8510 0.8510 0.8510
      specularColor 0.4235 0.4235 0.4235
      ambientIntensity 0.2
      transparency 0.0000
      shininess 0.5
    }
  }
  geometry IndexedFaceSet {
    ccw TRUE
    solid FALSE
    coord DEF co Coordinate {
      point [
        -0.640580 0.416395 0.787402,
        -0.640580 -0.416395 0.787402,
        -0.613010 -0.416395 0.787402,
        -0.589399 -0.416395 0.787402,
        -0.613010 0.416395 0.787402,
        -0.589399 0.416395 0.787402,
        -0.561829 -0.416395 0.787402,
        -0.538218 -0.416395 0.787402,
        -0.561829 0.416395 0.787402,
        -0.538218 0.416395 0.787402,
        -0.510648 -0.416395 0.787402,
        -0.510648 0.416395 0.787402,
        -0.640580 0.420313 0.787008,
        -0.613010 0.420313 0.787008,
        -0.589399 0.420313 0.787008,
        -0.561829 0.420313 0.787008,
        -0.538218 0.420313 0.787008,
        -0.510648 0.420313 0.787008,
        -0.510648 -0.420313 0.787008,
        -0.538218 -0.420313 0.787008,
        -0.561829 -0.420313 0.787008,
        -0.589399 -0.420313 0.787008,
        -0.640580 -0.420313 0.787008,
        -0.613010 -0.420313 0.787008,
      ]
    }
    coordIndex [
      7, 19, 9, -1,
      9, 19, 16, -1,
      11, 17, 10, -1,
      10, 17, 18, -1,
      18, 17, 19, -1,
      19, 17, 16, -1,
      3, 21, 5, -1,
      5, 21, 14, -1,
      8, 15, 6, -1,
      6, 15, 20, -1,
      20, 15, 21, -1,
      21, 15, 14, -1,
      1, 22, 0, -1,
      0, 22, 12, -1,
      4, 13, 2, -1,
      2, 13, 23, -1,
      23, 13, 22, -1,
      22, 13, 12, -1,
    ]
  }
}
