#VRML V2.0 utf8

Shape {
  appearance Appearance {
    material Material {
      diffuseColor 0.6667 0.6667 0.6667
      specularColor 0.4667 0.4667 0.4667
      ambientIntensity 0.2
      transparency 0.0000
      shininess 0.5
    }
  }
  geometry IndexedFaceSet {
    ccw TRUE
    solid FALSE
    coord DEF co Coordinate {
      point [
        -1.181102 -1.062992 0.118110,
        -1.181102 -1.062992 0.000000,
        -1.177078 -1.093561 0.000000,
        -1.177078 -1.093561 0.118110,
        -1.165279 -1.122047 0.000000,
        -1.165279 -1.122047 0.118110,
        -1.146509 -1.146509 0.000000,
        -1.146509 -1.146509 0.118110,
        -1.122047 -1.165279 0.000000,
        -1.122047 -1.165279 0.118110,
        -1.093561 -1.177078 0.000000,
        -1.093561 -1.177078 0.118110,
        -1.062992 -1.181102 0.000000,
        -1.062992 -1.181102 0.118110,
        0.000000 -1.181102 0.118110,
        1.062992 -1.181102 0.000000,
        1.062992 -1.181102 0.118110,
        1.093561 -1.177078 0.000000,
        1.093561 -1.177078 0.118110,
        1.122047 -1.165279 0.000000,
        1.122047 -1.165279 0.118110,
        1.146509 -1.146509 0.000000,
        1.146509 -1.146509 0.118110,
        1.165279 -1.122047 0.000000,
        1.165279 -1.122047 0.118110,
        1.177078 -1.093561 0.000000,
        1.177078 -1.093561 0.118110,
        1.181102 -1.062992 0.000000,
        1.181102 -1.062992 0.118110,
        1.181102 0.000000 0.118110,
        1.181102 1.062992 0.000000,
        1.181102 1.062992 0.118110,
        1.177078 1.093561 0.000000,
        1.177078 1.093561 0.118110,
        1.165279 1.122047 0.000000,
        1.165279 1.122047 0.118110,
        1.146509 1.146509 0.000000,
        1.146509 1.146509 0.118110,
        1.122047 1.165279 0.000000,
        1.122047 1.165279 0.118110,
        1.093561 1.177078 0.000000,
        1.093561 1.177078 0.118110,
        1.062992 1.181102 0.000000,
        1.062992 1.181102 0.118110,
        0.000000 1.181102 0.118110,
        -1.062992 1.181102 0.000000,
        -1.062992 1.181102 0.118110,
        -1.093561 1.177078 0.000000,
        -1.093561 1.177078 0.118110,
        -1.122047 1.165279 0.000000,
        -1.122047 1.165279 0.118110,
        -1.146509 1.146509 0.000000,
        -1.146509 1.146509 0.118110,
        -1.165279 1.122047 0.000000,
        -1.165279 1.122047 0.118110,
        -1.177078 1.093561 0.000000,
        -1.177078 1.093561 0.118110,
        -1.181102 1.062992 0.000000,
        -1.181102 1.062992 0.118110,
        -1.181102 0.000000 0.118110,
        -0.656985 0.922185 0.118110,
        -0.649606 0.866142 0.118110,
        0.000000 0.706680 0.118110,
        -1.019256 1.019256 0.118110,
        -0.678617 0.974409 0.118110,
        -0.713028 1.019256 0.118110,
        -0.757874 1.053667 0.118110,
        -0.810098 1.075299 0.118110,
        -0.866142 1.082677 0.118110,
        -0.656985 0.810098 0.118110,
        -0.678617 0.757874 0.118110,
        -0.354331 0.613719 0.118110,
        -0.258903 0.659674 0.118110,
        -0.157692 0.690894 0.118110,
        -0.052958 0.706680 0.118110,
        -0.866142 0.649606 0.118110,
        -0.922185 0.656985 0.118110,
        -0.974409 0.678617 0.118110,
        -1.019256 0.713028 0.118110,
        -0.810098 0.656985 0.118110,
        -0.638482 0.307477 0.118110,
        -0.757874 0.678617 0.118110,
        -0.585524 0.399203 0.118110,
        -0.713028 0.713028 0.118110,
        -0.519485 0.482012 0.118110,
        -0.441843 0.554054 0.118110,
        -1.082677 0.866142 0.118110,
        -1.075299 0.810098 0.118110,
        -1.053667 0.757874 0.118110,
        -0.974409 1.053667 0.118110,
        -0.922185 1.075299 0.118110,
        -1.075299 0.922185 0.118110,
        -1.053667 0.974409 0.118110,
        1.082677 0.866142 0.118110,
        1.075299 0.810098 0.118110,
        1.019256 1.019256 0.118110,
        1.053667 0.757874 0.118110,
        1.019256 0.713028 0.118110,
        0.866142 0.649606 0.118110,
        0.810098 0.656985 0.118110,
        0.677178 0.208881 0.118110,
        0.649606 0.866142 0.118110,
        0.656985 0.922185 0.118110,
        0.678617 0.974409 0.118110,
        0.713028 1.019256 0.118110,
        0.866142 1.082677 0.118110,
        0.810098 1.075299 0.118110,
        0.757874 1.053667 0.118110,
        0.678617 0.757874 0.118110,
        0.441843 0.554054 0.118110,
        0.713028 0.713028 0.118110,
        0.519485 0.482012 0.118110,
        0.757874 0.678617 0.118110,
        0.585524 0.399203 0.118110,
        0.638482 0.307477 0.118110,
        1.053667 0.974409 0.118110,
        1.075299 0.922185 0.118110,
        0.700746 0.105620 0.118110,
        0.708661 0.000000 0.118110,
        0.922185 0.656985 0.118110,
        0.974409 0.678617 0.118110,
        0.656985 0.810098 0.118110,
        0.258903 0.659674 0.118110,
        0.354331 0.613719 0.118110,
        0.052958 0.706680 0.118110,
        0.157692 0.690894 0.118110,
        0.922185 1.075299 0.118110,
        0.974409 1.053667 0.118110,
        0.656985 -0.922185 0.118110,
        0.649606 -0.866142 0.118110,
        0.000000 -0.706680 0.118110,
        0.258903 -0.659674 0.118110,
        0.157692 -0.690894 0.118110,
        0.656985 -0.810098 0.118110,
        0.922185 -1.075299 0.118110,
        0.974409 -1.053667 0.118110,
        1.019256 -1.019256 0.118110,
        0.713028 -1.019256 0.118110,
        0.678617 -0.974409 0.118110,
        0.052958 -0.706680 0.118110,
        0.354331 -0.613719 0.118110,
        0.678617 -0.757874 0.118110,
        0.441843 -0.554054 0.118110,
        1.082677 -0.866142 0.118110,
        1.075299 -0.810098 0.118110,
        1.075299 -0.922185 0.118110,
        1.053667 -0.974409 0.118110,
        0.866142 -1.082677 0.118110,
        0.810098 -1.075299 0.118110,
        0.757874 -1.053667 0.118110,
        0.974409 -0.678617 0.118110,
        1.019256 -0.713028 0.118110,
        1.053667 -0.757874 0.118110,
        0.519485 -0.482012 0.118110,
        0.713028 -0.713028 0.118110,
        0.585524 -0.399203 0.118110,
        0.757874 -0.678617 0.118110,
        0.638482 -0.307477 0.118110,
        0.810098 -0.656985 0.118110,
        0.677178 -0.208881 0.118110,
        0.700746 -0.105620 0.118110,
        0.866142 -0.649606 0.118110,
        0.922185 -0.656985 0.118110,
        -0.922185 -0.656985 0.118110,
        -0.866142 -0.649606 0.118110,
        -0.708661 0.000000 0.118110,
        -0.649606 -0.866142 0.118110,
        -0.656985 -0.922185 0.118110,
        -0.678617 -0.974409 0.118110,
        -0.713028 -1.019256 0.118110,
        -0.866142 -1.082677 0.118110,
        -0.810098 -1.075299 0.118110,
        -0.757874 -1.053667 0.118110,
        -1.019256 -0.713028 0.118110,
        -0.974409 -0.678617 0.118110,
        -0.052958 -0.706680 0.118110,
        -0.656985 -0.810098 0.118110,
        -0.922185 -1.075299 0.118110,
        -0.974409 -1.053667 0.118110,
        -1.019256 -1.019256 0.118110,
        -1.075299 -0.922185 0.118110,
        -1.053667 -0.974409 0.118110,
        -0.810098 -0.656985 0.118110,
        -0.677178 -0.208881 0.118110,
        -0.700746 -0.105620 0.118110,
        -0.678617 -0.757874 0.118110,
        -0.441843 -0.554054 0.118110,
        -0.713028 -0.713028 0.118110,
        -0.519485 -0.482012 0.118110,
        -0.757874 -0.678617 0.118110,
        -0.585524 -0.399203 0.118110,
        -0.638482 -0.307477 0.118110,
        -0.157692 -0.690894 0.118110,
        -0.258903 -0.659674 0.118110,
        -0.354331 -0.613719 0.118110,
        -1.082677 -0.866142 0.118110,
        -1.075299 -0.810098 0.118110,
        -1.053667 -0.757874 0.118110,
        -0.700746 0.105620 0.118110,
        -0.677178 0.208881 0.118110,
        -0.700746 0.105620 0.000000,
        -0.708661 0.000000 0.000000,
        0.258903 0.659674 0.000000,
        0.354331 0.613719 0.000000,
        0.441843 0.554054 0.000000,
        0.677178 -0.208881 0.000000,
        0.638482 -0.307477 0.000000,
        0.585524 -0.399203 0.000000,
        0.677178 0.208881 0.000000,
        0.638482 0.307477 0.000000,
        0.585524 0.399203 0.000000,
        0.519485 0.482012 0.000000,
        -0.258903 -0.659674 0.000000,
        -0.354331 -0.613719 0.000000,
        -0.441843 -0.554054 0.000000,
        0.700746 -0.105620 0.000000,
        0.708661 0.000000 0.000000,
        0.700746 0.105620 0.000000,
        -0.157692 0.690894 0.000000,
        -0.258903 0.659674 0.000000,
        -0.519485 0.482012 0.000000,
        -0.585524 0.399203 0.000000,
        -0.700746 -0.105620 0.000000,
        -0.677178 -0.208881 0.000000,
        0.157692 -0.690894 0.000000,
        0.258903 -0.659674 0.000000,
        0.157692 0.690894 0.000000,
        0.052958 0.706680 0.000000,
        -0.052958 0.706680 0.000000,
        -0.638482 0.307477 0.000000,
        -0.677178 0.208881 0.000000,
        -0.519485 -0.482012 0.000000,
        -0.638482 -0.307477 0.000000,
        -0.585524 -0.399203 0.000000,
        -0.157692 -0.690894 0.000000,
        -0.052958 -0.706680 0.000000,
        0.052958 -0.706680 0.000000,
        0.441843 -0.554054 0.000000,
        -0.354331 0.613719 0.000000,
        -0.441843 0.554054 0.000000,
        0.519485 -0.482012 0.000000,
        0.354331 -0.613719 0.000000,
      ]
    }
    coordIndex [
      0, 1, 2, -1,
      0, 2, 3, -1,
      3, 2, 4, -1,
      3, 4, 5, -1,
      5, 4, 6, -1,
      5, 6, 7, -1,
      7, 6, 8, -1,
      7, 8, 9, -1,
      9, 8, 10, -1,
      9, 10, 11, -1,
      11, 10, 12, -1,
      11, 12, 13, -1,
      13, 12, 14, -1,
      14, 12, 15, -1,
      14, 15, 16, -1,
      16, 15, 17, -1,
      16, 17, 18, -1,
      18, 17, 19, -1,
      18, 19, 20, -1,
      20, 19, 21, -1,
      20, 21, 22, -1,
      22, 21, 23, -1,
      22, 23, 24, -1,
      24, 23, 25, -1,
      24, 25, 26, -1,
      26, 25, 27, -1,
      26, 27, 28, -1,
      28, 27, 29, -1,
      29, 27, 30, -1,
      29, 30, 31, -1,
      31, 30, 32, -1,
      31, 32, 33, -1,
      33, 32, 34, -1,
      33, 34, 35, -1,
      35, 34, 36, -1,
      35, 36, 37, -1,
      37, 36, 38, -1,
      37, 38, 39, -1,
      39, 38, 40, -1,
      39, 40, 41, -1,
      41, 40, 42, -1,
      41, 42, 43, -1,
      43, 42, 44, -1,
      44, 42, 45, -1,
      44, 45, 46, -1,
      46, 45, 47, -1,
      46, 47, 48, -1,
      48, 47, 49, -1,
      48, 49, 50, -1,
      50, 49, 51, -1,
      50, 51, 52, -1,
      52, 51, 53, -1,
      52, 53, 54, -1,
      54, 53, 55, -1,
      54, 55, 56, -1,
      56, 55, 57, -1,
      56, 57, 58, -1,
      58, 57, 59, -1,
      59, 57, 1, -1,
      59, 1, 0, -1,
      60, 61, 62, -1,
      50, 52, 63, -1,
      64, 44, 65, -1,
      65, 44, 66, -1,
      66, 44, 67, -1,
      67, 44, 46, -1,
      67, 46, 68, -1,
      69, 70, 71, -1,
      71, 72, 69, -1,
      69, 72, 73, -1,
      69, 73, 61, -1,
      61, 73, 74, -1,
      61, 74, 62, -1,
      75, 76, 59, -1,
      59, 76, 77, -1,
      59, 77, 78, -1,
      79, 80, 81, -1,
      81, 80, 82, -1,
      81, 82, 83, -1,
      83, 82, 84, -1,
      83, 84, 70, -1,
      70, 84, 85, -1,
      70, 85, 71, -1,
      86, 58, 87, -1,
      87, 58, 59, -1,
      87, 59, 88, -1,
      88, 59, 78, -1,
      50, 63, 48, -1,
      48, 63, 89, -1,
      48, 89, 46, -1,
      46, 89, 90, -1,
      46, 90, 68, -1,
      86, 91, 58, -1,
      58, 91, 92, -1,
      58, 92, 56, -1,
      56, 92, 63, -1,
      56, 63, 54, -1,
      54, 63, 52, -1,
      31, 93, 94, -1,
      35, 37, 95, -1,
      31, 94, 29, -1,
      29, 94, 96, -1,
      29, 96, 97, -1,
      98, 99, 100, -1,
      101, 102, 44, -1,
      44, 102, 103, -1,
      44, 103, 104, -1,
      105, 43, 106, -1,
      106, 43, 44, -1,
      106, 44, 107, -1,
      107, 44, 104, -1,
      108, 109, 110, -1,
      110, 109, 111, -1,
      110, 111, 112, -1,
      112, 111, 113, -1,
      112, 113, 99, -1,
      99, 113, 114, -1,
      99, 114, 100, -1,
      35, 95, 33, -1,
      33, 95, 115, -1,
      33, 115, 31, -1,
      31, 115, 116, -1,
      31, 116, 93, -1,
      100, 117, 98, -1,
      98, 117, 118, -1,
      98, 118, 119, -1,
      119, 118, 29, -1,
      119, 29, 120, -1,
      120, 29, 97, -1,
      121, 122, 108, -1,
      108, 122, 123, -1,
      108, 123, 109, -1,
      64, 60, 44, -1,
      44, 60, 62, -1,
      44, 62, 101, -1,
      101, 62, 124, -1,
      101, 124, 121, -1,
      121, 124, 125, -1,
      121, 125, 122, -1,
      105, 126, 43, -1,
      43, 126, 127, -1,
      43, 127, 41, -1,
      41, 127, 95, -1,
      41, 95, 39, -1,
      39, 95, 37, -1,
      128, 129, 130, -1,
      131, 132, 133, -1,
      134, 16, 135, -1,
      135, 16, 18, -1,
      135, 18, 136, -1,
      136, 18, 20, -1,
      136, 20, 22, -1,
      14, 137, 138, -1,
      133, 132, 129, -1,
      129, 132, 139, -1,
      129, 139, 130, -1,
      131, 133, 140, -1,
      140, 133, 141, -1,
      140, 141, 142, -1,
      143, 28, 144, -1,
      144, 28, 29, -1,
      143, 145, 28, -1,
      28, 145, 146, -1,
      28, 146, 26, -1,
      26, 146, 136, -1,
      26, 136, 24, -1,
      24, 136, 22, -1,
      134, 147, 16, -1,
      16, 147, 148, -1,
      16, 148, 14, -1,
      14, 148, 149, -1,
      14, 149, 137, -1,
      150, 151, 29, -1,
      29, 151, 152, -1,
      29, 152, 144, -1,
      142, 141, 153, -1,
      153, 141, 154, -1,
      153, 154, 155, -1,
      155, 154, 156, -1,
      155, 156, 157, -1,
      157, 156, 158, -1,
      157, 158, 159, -1,
      159, 158, 160, -1,
      160, 158, 161, -1,
      160, 161, 118, -1,
      118, 161, 29, -1,
      29, 161, 162, -1,
      29, 162, 150, -1,
      163, 164, 165, -1,
      166, 167, 14, -1,
      14, 167, 168, -1,
      14, 168, 169, -1,
      170, 13, 171, -1,
      171, 13, 14, -1,
      171, 14, 172, -1,
      172, 14, 169, -1,
      59, 173, 174, -1,
      138, 128, 14, -1,
      14, 128, 130, -1,
      14, 130, 166, -1,
      166, 130, 175, -1,
      166, 175, 176, -1,
      170, 177, 13, -1,
      13, 177, 178, -1,
      13, 178, 11, -1,
      11, 178, 179, -1,
      11, 179, 9, -1,
      9, 179, 7, -1,
      180, 0, 181, -1,
      181, 0, 3, -1,
      181, 3, 179, -1,
      179, 3, 5, -1,
      179, 5, 7, -1,
      182, 183, 164, -1,
      164, 183, 184, -1,
      164, 184, 165, -1,
      185, 186, 187, -1,
      187, 186, 188, -1,
      187, 188, 189, -1,
      189, 188, 190, -1,
      189, 190, 182, -1,
      182, 190, 191, -1,
      182, 191, 183, -1,
      175, 192, 176, -1,
      176, 192, 193, -1,
      176, 193, 185, -1,
      185, 193, 194, -1,
      185, 194, 186, -1,
      180, 195, 0, -1,
      0, 195, 196, -1,
      0, 196, 59, -1,
      59, 196, 197, -1,
      59, 197, 173, -1,
      174, 163, 59, -1,
      59, 163, 165, -1,
      59, 165, 75, -1,
      75, 165, 198, -1,
      75, 198, 79, -1,
      79, 198, 199, -1,
      79, 199, 80, -1,
      200, 201, 57, -1,
      202, 42, 203, -1,
      203, 42, 204, -1,
      205, 27, 206, -1,
      206, 27, 207, -1,
      208, 209, 30, -1,
      30, 209, 210, -1,
      30, 210, 32, -1,
      32, 210, 211, -1,
      212, 12, 213, -1,
      213, 12, 214, -1,
      205, 215, 27, -1,
      27, 215, 216, -1,
      27, 216, 30, -1,
      30, 216, 217, -1,
      30, 217, 208, -1,
      218, 219, 45, -1,
      220, 221, 57, -1,
      57, 201, 1, -1,
      1, 201, 222, -1,
      1, 222, 223, -1,
      224, 225, 15, -1,
      204, 42, 211, -1,
      211, 42, 40, -1,
      211, 40, 38, -1,
      38, 36, 211, -1,
      211, 36, 34, -1,
      211, 34, 32, -1,
      202, 226, 42, -1,
      42, 226, 227, -1,
      42, 227, 45, -1,
      45, 227, 228, -1,
      45, 228, 218, -1,
      221, 229, 57, -1,
      57, 229, 230, -1,
      57, 230, 200, -1,
      8, 6, 231, -1,
      223, 232, 1, -1,
      1, 232, 233, -1,
      1, 233, 2, -1,
      2, 233, 231, -1,
      2, 231, 4, -1,
      4, 231, 6, -1,
      212, 234, 12, -1,
      12, 234, 235, -1,
      12, 235, 15, -1,
      15, 235, 236, -1,
      15, 236, 224, -1,
      21, 19, 237, -1,
      57, 55, 220, -1,
      220, 55, 53, -1,
      220, 53, 51, -1,
      219, 238, 45, -1,
      45, 238, 239, -1,
      45, 239, 47, -1,
      47, 239, 220, -1,
      47, 220, 49, -1,
      49, 220, 51, -1,
      214, 12, 231, -1,
      231, 12, 10, -1,
      231, 10, 8, -1,
      207, 27, 240, -1,
      240, 27, 25, -1,
      240, 25, 237, -1,
      237, 25, 23, -1,
      237, 23, 21, -1,
      225, 241, 15, -1,
      15, 241, 237, -1,
      15, 237, 17, -1,
      17, 237, 19, -1,
    ]
  }
}

Shape {
  appearance Appearance {
    material Material {
      diffuseColor 0.2078 0.2078 0.2078
      specularColor 0.0157 0.0157 0.0157
      ambientIntensity 0.2
      transparency 0.0000
      shininess 0.5
    }
  }
  geometry IndexedFaceSet {
    ccw TRUE
    solid FALSE
    coord DEF co Coordinate {
      point [
        -0.656985 0.922185 0.118110,
        -0.649606 0.866142 0.118110,
        -1.019256 1.019256 0.118110,
        -0.678617 0.974409 0.118110,
        -0.713028 1.019256 0.118110,
        -0.757874 1.053667 0.118110,
        -0.810098 1.075299 0.118110,
        -0.866142 1.082677 0.118110,
        -0.656985 0.810098 0.118110,
        -0.678617 0.757874 0.118110,
        -0.866142 0.649606 0.118110,
        -0.922185 0.656985 0.118110,
        -0.974409 0.678617 0.118110,
        -1.019256 0.713028 0.118110,
        -0.810098 0.656985 0.118110,
        -0.757874 0.678617 0.118110,
        -0.713028 0.713028 0.118110,
        -1.082677 0.866142 0.118110,
        -1.075299 0.810098 0.118110,
        -1.053667 0.757874 0.118110,
        -0.974409 1.053667 0.118110,
        -0.922185 1.075299 0.118110,
        -1.075299 0.922185 0.118110,
        -1.053667 0.974409 0.118110,
        1.082677 0.866142 0.118110,
        1.075299 0.810098 0.118110,
        1.019256 1.019256 0.118110,
        1.053667 0.757874 0.118110,
        1.019256 0.713028 0.118110,
        0.866142 0.649606 0.118110,
        0.810098 0.656985 0.118110,
        0.649606 0.866142 0.118110,
        0.656985 0.922185 0.118110,
        0.678617 0.974409 0.118110,
        0.713028 1.019256 0.118110,
        0.866142 1.082677 0.118110,
        0.810098 1.075299 0.118110,
        0.757874 1.053667 0.118110,
        0.678617 0.757874 0.118110,
        0.713028 0.713028 0.118110,
        0.757874 0.678617 0.118110,
        1.053667 0.974409 0.118110,
        1.075299 0.922185 0.118110,
        0.922185 0.656985 0.118110,
        0.974409 0.678617 0.118110,
        0.656985 0.810098 0.118110,
        0.922185 1.075299 0.118110,
        0.974409 1.053667 0.118110,
        0.656985 -0.922185 0.118110,
        0.649606 -0.866142 0.118110,
        0.656985 -0.810098 0.118110,
        0.922185 -1.075299 0.118110,
        0.974409 -1.053667 0.118110,
        1.019256 -1.019256 0.118110,
        0.713028 -1.019256 0.118110,
        0.678617 -0.974409 0.118110,
        0.678617 -0.757874 0.118110,
        1.082677 -0.866142 0.118110,
        1.075299 -0.810098 0.118110,
        1.075299 -0.922185 0.118110,
        1.053667 -0.974409 0.118110,
        0.866142 -1.082677 0.118110,
        0.810098 -1.075299 0.118110,
        0.757874 -1.053667 0.118110,
        0.974409 -0.678617 0.118110,
        1.019256 -0.713028 0.118110,
        1.053667 -0.757874 0.118110,
        0.713028 -0.713028 0.118110,
        0.757874 -0.678617 0.118110,
        0.810098 -0.656985 0.118110,
        0.866142 -0.649606 0.118110,
        0.922185 -0.656985 0.118110,
        -0.922185 -0.656985 0.118110,
        -0.866142 -0.649606 0.118110,
        -0.649606 -0.866142 0.118110,
        -0.656985 -0.922185 0.118110,
        -0.678617 -0.974409 0.118110,
        -0.713028 -1.019256 0.118110,
        -0.866142 -1.082677 0.118110,
        -0.810098 -1.075299 0.118110,
        -0.757874 -1.053667 0.118110,
        -1.019256 -0.713028 0.118110,
        -0.974409 -0.678617 0.118110,
        -0.656985 -0.810098 0.118110,
        -0.922185 -1.075299 0.118110,
        -0.974409 -1.053667 0.118110,
        -1.019256 -1.019256 0.118110,
        -1.075299 -0.922185 0.118110,
        -1.053667 -0.974409 0.118110,
        -0.810098 -0.656985 0.118110,
        -0.678617 -0.757874 0.118110,
        -0.713028 -0.713028 0.118110,
        -0.757874 -0.678617 0.118110,
        -1.082677 -0.866142 0.118110,
        -1.075299 -0.810098 0.118110,
        -1.053667 -0.757874 0.118110,
        -1.081697 0.845559 0.196850,
        -1.053048 0.758272 0.196850,
        -1.058606 0.766919 0.196850,
        -1.073906 0.805137 0.196850,
        -1.074878 0.810180 0.196850,
        -1.036350 0.732289 0.196850,
        -1.018590 0.713662 0.196850,
        -1.007943 0.702495 0.196850,
        -0.974409 0.678617 0.196850,
        -0.936963 0.661516 0.196850,
        -0.921969 0.657878 0.196850,
        -0.896958 0.651810 0.196850,
        -0.866107 0.650341 0.196850,
        -0.855839 0.649852 0.196850,
        -0.815092 0.655710 0.196850,
        -0.776190 0.669174 0.196850,
        -0.810239 0.657390 0.196850,
        -0.740539 0.689757 0.196850,
        -0.758364 0.679466 0.196850,
        -0.679270 0.758211 0.196850,
        -0.683981 0.749074 0.196850,
        -0.709428 0.716715 0.196850,
        -0.713309 0.713352 0.196850,
        -0.665117 0.785664 0.196850,
        -0.657867 0.810357 0.196850,
        -0.653519 0.825162 0.196850,
        -0.649606 0.866142 0.196850,
        -0.653519 0.907121 0.196850,
        -0.657867 0.921926 0.196850,
        -0.665117 0.946620 0.196850,
        -0.679270 0.974072 0.196850,
        -0.683981 0.983209 0.196850,
        -0.709428 1.015569 0.196850,
        -0.740539 1.042526 0.196850,
        -0.713309 1.018931 0.196850,
        -0.776190 1.063109 0.196850,
        -0.758364 1.052818 0.196850,
        -0.866107 1.081943 0.196850,
        -0.855839 1.082432 0.196850,
        -0.815092 1.076573 0.196850,
        -0.810239 1.074894 0.196850,
        -0.896958 1.080473 0.196850,
        -0.921969 1.074406 0.196850,
        -0.936963 1.070768 0.196850,
        -0.974409 1.053667 0.196850,
        -1.007943 1.029788 0.196850,
        -1.018590 1.018621 0.196850,
        -1.036350 0.999995 0.196850,
        -1.053048 0.974012 0.196850,
        -1.058606 0.965364 0.196850,
        -1.073906 0.927147 0.196850,
        -1.081697 0.866142 0.196850,
        -1.081697 0.886725 0.196850,
        -1.074878 0.922104 0.196850,
        -0.774767 0.829561 0.314961,
        -0.769495 0.847515 0.314961,
        -0.866142 0.866142 0.314961,
        -0.767717 0.866142 0.314961,
        -0.769495 0.884769 0.314961,
        -0.809050 0.785967 0.314961,
        -0.794908 0.798220 0.314961,
        -0.783341 0.812929 0.314961,
        -0.861458 0.767828 0.314961,
        -0.842937 0.770491 0.314961,
        -0.825254 0.776611 0.314961,
        -0.915354 0.780903 0.314961,
        -0.898333 0.773130 0.314961,
        -0.880149 0.768719 0.314961,
        -0.953626 0.821041 0.314961,
        -0.943509 0.805299 0.314961,
        -0.930596 0.791757 0.314961,
        -0.964121 0.875498 0.314961,
        -0.964121 0.856786 0.314961,
        -0.960580 0.838412 0.314961,
        -0.943509 0.926984 0.314961,
        -0.953626 0.911243 0.314961,
        -0.960580 0.893871 0.314961,
        -0.898333 0.959154 0.314961,
        -0.915354 0.951380 0.314961,
        -0.930596 0.940526 0.314961,
        -0.842937 0.961793 0.314961,
        -0.861458 0.964456 0.314961,
        -0.880149 0.963565 0.314961,
        -0.794908 0.934063 0.314961,
        -0.809050 0.946317 0.314961,
        -0.825254 0.955672 0.314961,
        -0.774767 0.902723 0.314961,
        -0.783341 0.919354 0.314961,
        -0.668854 0.945124 0.227420,
        -0.687366 0.981034 0.227420,
        -0.742873 1.039248 0.227420,
        -0.816041 1.072662 0.227420,
        -0.896385 1.076490 0.227420,
        -0.935647 1.066965 0.227420,
        -1.033187 0.997507 0.227420,
        -1.055029 0.963520 0.227420,
        -1.077691 0.886342 0.227420,
        -1.070044 0.806270 0.227420,
        -1.033187 0.734776 0.227420,
        -1.005307 0.705537 0.227420,
        -0.896385 0.655794 0.227420,
        -0.856030 0.653872 0.227420,
        -0.777861 0.672835 0.227420,
        -0.712341 0.719493 0.227420,
        -0.668854 0.787159 0.227420,
        -0.657471 0.825924 0.227420,
        -0.791318 0.761066 0.310936,
        -0.812556 0.748804 0.310936,
        -0.774794 0.737862 0.299137,
        -0.800722 0.722893 0.299137,
        -0.760605 0.717936 0.280367,
        -0.790561 0.700642 0.280367,
        -0.749718 0.702647 0.255906,
        -0.782763 0.683568 0.255906,
        -0.742873 0.693035 0.227420,
        -0.994552 0.853880 0.310936,
        -0.994552 0.878404 0.310936,
        -1.022909 0.851172 0.299137,
        -1.022909 0.881111 0.299137,
        -1.047260 0.848847 0.280367,
        -1.047260 0.883436 0.280367,
        -1.065944 0.847063 0.255906,
        -1.065944 0.885220 0.255906,
        -1.077691 0.845941 0.227420,
        -0.812556 0.983479 0.310936,
        -0.791318 0.971217 0.310936,
        -0.800722 1.009391 0.299137,
        -0.774794 0.994422 0.299137,
        -0.790561 1.031642 0.280367,
        -0.760605 1.014347 0.280367,
        -0.782763 1.048715 0.255906,
        -0.749718 1.029637 0.255906,
        -0.777861 1.059448 0.227420,
        -0.737147 0.866142 0.310936,
        -0.739478 0.841730 0.310936,
        -0.708661 0.866142 0.299137,
        -0.711507 0.836339 0.299137,
        -0.684200 0.866142 0.280367,
        -0.687488 0.831709 0.280367,
        -0.665430 0.866142 0.255906,
        -0.669057 0.828157 0.255906,
        -0.653631 0.866142 0.227420,
        -0.679807 0.791545 0.255906,
        -0.697233 0.798521 0.280367,
        -0.719942 0.807612 0.299137,
        -0.746387 0.818199 0.310936,
        -0.687366 0.751250 0.227420,
        -0.697293 0.757629 0.255906,
        -0.713083 0.767777 0.280367,
        -0.733661 0.781002 0.299137,
        -0.757625 0.796402 0.310936,
        -0.772784 0.777126 0.310936,
        -0.752168 0.757468 0.299137,
        -0.734464 0.740587 0.280367,
        -0.720880 0.727635 0.255906,
        -0.816041 0.659621 0.227420,
        -0.818822 0.671088 0.255906,
        -0.823247 0.689329 0.280367,
        -0.829014 0.713100 0.299137,
        -0.835730 0.740783 0.310936,
        -0.860004 0.737293 0.310936,
        -0.858648 0.708840 0.299137,
        -0.857485 0.684406 0.280367,
        -0.856591 0.665657 0.255906,
        -0.894706 0.667473 0.255906,
        -0.892035 0.686052 0.280367,
        -0.888554 0.710264 0.299137,
        -0.884500 0.738460 0.310936,
        -0.935647 0.665319 0.227420,
        -0.931788 0.676469 0.255906,
        -0.925649 0.694207 0.280367,
        -0.917648 0.717323 0.299137,
        -0.908331 0.744242 0.310936,
        -0.930639 0.754429 0.310936,
        -0.944882 0.729760 0.299137,
        -0.957113 0.708576 0.280367,
        -0.966498 0.692320 0.255906,
        -0.972397 0.682102 0.227420,
        -0.950615 0.768654 0.310936,
        -0.969269 0.747126 0.299137,
        -0.985288 0.728639 0.280367,
        -0.997580 0.714454 0.255906,
        -1.023912 0.742070 0.255906,
        -1.009157 0.753673 0.280367,
        -0.989930 0.768794 0.299137,
        -0.967538 0.786403 0.310936,
        -1.055029 0.768764 0.227420,
        -1.044541 0.774170 0.255906,
        -1.027858 0.782771 0.280367,
        -1.006116 0.793980 0.299137,
        -0.980796 0.807033 0.310936,
        -0.989911 0.829800 0.310936,
        -1.017243 0.821774 0.299137,
        -1.040713 0.814883 0.280367,
        -1.058723 0.809594 0.255906,
        -1.070044 0.926013 0.227420,
        -1.058723 0.922689 0.255906,
        -1.040713 0.917401 0.280367,
        -1.017243 0.910509 0.299137,
        -0.989911 0.902484 0.310936,
        -0.980796 0.925250 0.310936,
        -1.006116 0.938304 0.299137,
        -1.027858 0.949512 0.280367,
        -1.044541 0.958113 0.255906,
        -1.023912 0.990213 0.255906,
        -1.009157 0.978611 0.280367,
        -0.989930 0.963489 0.299137,
        -0.967538 0.945881 0.310936,
        -1.005307 1.026747 0.227420,
        -0.997580 1.017830 0.255906,
        -0.985288 1.003644 0.280367,
        -0.969269 0.985157 0.299137,
        -0.950615 0.963629 0.310936,
        -0.930639 0.977854 0.310936,
        -0.944882 1.002524 0.299137,
        -0.957113 1.023708 0.280367,
        -0.966498 1.039963 0.255906,
        -0.972397 1.050181 0.227420,
        -0.908331 0.988041 0.310936,
        -0.917648 1.014961 0.299137,
        -0.925649 1.038077 0.280367,
        -0.931788 1.055815 0.255906,
        -0.894706 1.064810 0.255906,
        -0.892035 1.046231 0.280367,
        -0.888554 1.022019 0.299137,
        -0.884500 0.993823 0.310936,
        -0.856030 1.078412 0.227420,
        -0.856591 1.066626 0.255906,
        -0.857485 1.047878 0.280367,
        -0.858648 1.023444 0.299137,
        -0.860004 0.994990 0.310936,
        -0.835730 0.991500 0.310936,
        -0.829014 1.019183 0.299137,
        -0.823247 1.042955 0.280367,
        -0.818822 1.061196 0.255906,
        -0.712341 1.012791 0.227420,
        -0.720880 1.004649 0.255906,
        -0.734464 0.991696 0.280367,
        -0.752168 0.974816 0.299137,
        -0.772784 0.955158 0.310936,
        -0.757625 0.935881 0.310936,
        -0.733661 0.951282 0.299137,
        -0.713083 0.964507 0.280367,
        -0.697293 0.974655 0.255906,
        -0.679807 0.940739 0.255906,
        -0.697233 0.933763 0.280367,
        -0.719942 0.924671 0.299137,
        -0.746387 0.914084 0.310936,
        -0.657471 0.906360 0.227420,
        -0.669057 0.904127 0.255906,
        -0.687488 0.900574 0.280367,
        -0.711507 0.895945 0.299137,
        -0.739478 0.890554 0.310936,
        0.650587 0.845559 0.196850,
        0.679235 0.758272 0.196850,
        0.673678 0.766919 0.196850,
        0.658378 0.805137 0.196850,
        0.657406 0.810180 0.196850,
        0.695933 0.732289 0.196850,
        0.713693 0.713662 0.196850,
        0.724341 0.702495 0.196850,
        0.757874 0.678617 0.196850,
        0.795320 0.661516 0.196850,
        0.810315 0.657878 0.196850,
        0.835326 0.651810 0.196850,
        0.866177 0.650341 0.196850,
        0.876445 0.649852 0.196850,
        0.917192 0.655710 0.196850,
        0.956094 0.669174 0.196850,
        0.922045 0.657390 0.196850,
        0.991744 0.689757 0.196850,
        0.973919 0.679466 0.196850,
        1.053013 0.758211 0.196850,
        1.048303 0.749074 0.196850,
        1.022856 0.716715 0.196850,
        1.018975 0.713352 0.196850,
        1.067167 0.785664 0.196850,
        1.074417 0.810357 0.196850,
        1.078764 0.825162 0.196850,
        1.082677 0.866142 0.196850,
        1.078764 0.907121 0.196850,
        1.074417 0.921926 0.196850,
        1.067167 0.946620 0.196850,
        1.053013 0.974072 0.196850,
        1.048303 0.983209 0.196850,
        1.022856 1.015569 0.196850,
        0.991744 1.042526 0.196850,
        1.018975 1.018931 0.196850,
        0.956094 1.063109 0.196850,
        0.973919 1.052818 0.196850,
        0.866177 1.081943 0.196850,
        0.876445 1.082432 0.196850,
        0.917192 1.076573 0.196850,
        0.922045 1.074894 0.196850,
        0.835326 1.080473 0.196850,
        0.810315 1.074406 0.196850,
        0.795320 1.070768 0.196850,
        0.757874 1.053667 0.196850,
        0.724341 1.029788 0.196850,
        0.713693 1.018621 0.196850,
        0.695933 0.999995 0.196850,
        0.679235 0.974012 0.196850,
        0.673678 0.965364 0.196850,
        0.658378 0.927147 0.196850,
        0.650587 0.866142 0.196850,
        0.650587 0.886725 0.196850,
        0.657406 0.922104 0.196850,
        0.957517 0.829561 0.314961,
        0.962788 0.847515 0.314961,
        0.866142 0.866142 0.314961,
        0.964567 0.866142 0.314961,
        0.962788 0.884769 0.314961,
        0.923234 0.785967 0.314961,
        0.937376 0.798220 0.314961,
        0.948942 0.812929 0.314961,
        0.870825 0.767828 0.314961,
        0.889346 0.770491 0.314961,
        0.907029 0.776611 0.314961,
        0.816929 0.780903 0.314961,
        0.833950 0.773130 0.314961,
        0.852134 0.768719 0.314961,
        0.778658 0.821041 0.314961,
        0.788774 0.805299 0.314961,
        0.801687 0.791757 0.314961,
        0.768162 0.875498 0.314961,
        0.768162 0.856786 0.314961,
        0.771704 0.838412 0.314961,
        0.788774 0.926984 0.314961,
        0.778658 0.911243 0.314961,
        0.771704 0.893871 0.314961,
        0.833950 0.959154 0.314961,
        0.816929 0.951380 0.314961,
        0.801687 0.940526 0.314961,
        0.889346 0.961793 0.314961,
        0.870825 0.964456 0.314961,
        0.852134 0.963565 0.314961,
        0.937376 0.934063 0.314961,
        0.923234 0.946317 0.314961,
        0.907029 0.955672 0.314961,
        0.957517 0.902723 0.314961,
        0.948942 0.919354 0.314961,
        1.063430 0.945124 0.227420,
        1.044917 0.981034 0.227420,
        0.989410 1.039248 0.227420,
        0.954422 1.059448 0.227420,
        0.916243 1.072662 0.227420,
        0.835898 1.076490 0.227420,
        0.796636 1.066965 0.227420,
        0.699097 0.997507 0.227420,
        0.677254 0.963520 0.227420,
        0.654593 0.886342 0.227420,
        0.662239 0.806270 0.227420,
        0.699097 0.734776 0.227420,
        0.726977 0.705537 0.227420,
        0.835898 0.655794 0.227420,
        0.876254 0.653872 0.227420,
        0.954422 0.672835 0.227420,
        1.019943 0.719493 0.227420,
        1.063430 0.787159 0.227420,
        1.074812 0.825924 0.227420,
        0.940966 0.761066 0.310936,
        0.919728 0.748804 0.310936,
        0.957489 0.737862 0.299137,
        0.931561 0.722893 0.299137,
        0.971678 0.717936 0.280367,
        0.941723 0.700642 0.280367,
        0.982566 0.702647 0.255906,
        0.949520 0.683568 0.255906,
        0.989410 0.693035 0.227420,
        0.737731 0.853880 0.310936,
        0.737731 0.878404 0.310936,
        0.709374 0.851172 0.299137,
        0.709374 0.881111 0.299137,
        0.685024 0.848847 0.280367,
        0.685024 0.883436 0.280367,
        0.666339 0.847063 0.255906,
        0.666339 0.885220 0.255906,
        0.654593 0.845941 0.227420,
        0.995136 0.866142 0.310936,
        0.992805 0.841730 0.310936,
        1.023622 0.866142 0.299137,
        1.020776 0.836339 0.299137,
        1.048083 0.866142 0.280367,
        1.044796 0.831709 0.280367,
        1.066854 0.866142 0.255906,
        1.063226 0.828157 0.255906,
        1.078653 0.866142 0.227420,
        1.052476 0.791545 0.255906,
        1.035051 0.798521 0.280367,
        1.012341 0.807612 0.299137,
        0.985896 0.818199 0.310936,
        1.044917 0.751250 0.227420,
        1.034991 0.757629 0.255906,
        1.019201 0.767777 0.280367,
        0.998622 0.781002 0.299137,
        0.974659 0.796402 0.310936,
        0.959500 0.777126 0.310936,
        0.980116 0.757468 0.299137,
        0.997819 0.740587 0.280367,
        1.011404 0.727635 0.255906,
        0.916243 0.659621 0.227420,
        0.913461 0.671088 0.255906,
        0.909036 0.689329 0.280367,
        0.903269 0.713100 0.299137,
        0.896554 0.740783 0.310936,
        0.872280 0.737293 0.310936,
        0.873635 0.708840 0.299137,
        0.874799 0.684406 0.280367,
        0.875692 0.665657 0.255906,
        0.837578 0.667473 0.255906,
        0.840249 0.686052 0.280367,
        0.843730 0.710264 0.299137,
        0.847784 0.738460 0.310936,
        0.796636 0.665319 0.227420,
        0.800495 0.676469 0.255906,
        0.806634 0.694207 0.280367,
        0.814635 0.717323 0.299137,
        0.823952 0.744242 0.310936,
        0.801644 0.754429 0.310936,
        0.787402 0.729760 0.299137,
        0.775171 0.708576 0.280367,
        0.765786 0.692320 0.255906,
        0.759886 0.682102 0.227420,
        0.781669 0.768654 0.310936,
        0.763014 0.747126 0.299137,
        0.746995 0.728639 0.280367,
        0.734704 0.714454 0.255906,
        0.708372 0.742070 0.255906,
        0.723126 0.753673 0.280367,
        0.742354 0.768794 0.299137,
        0.764745 0.786403 0.310936,
        0.677254 0.768764 0.227420,
        0.687742 0.774170 0.255906,
        0.704426 0.782771 0.280367,
        0.726168 0.793980 0.299137,
        0.751487 0.807033 0.310936,
        0.742372 0.829800 0.310936,
        0.715041 0.821774 0.299137,
        0.691570 0.814883 0.280367,
        0.673560 0.809594 0.255906,
        0.662239 0.926013 0.227420,
        0.673560 0.922689 0.255906,
        0.691570 0.917401 0.280367,
        0.715041 0.910509 0.299137,
        0.742372 0.902484 0.310936,
        0.751487 0.925250 0.310936,
        0.726168 0.938304 0.299137,
        0.704426 0.949512 0.280367,
        0.687742 0.958113 0.255906,
        0.708372 0.990213 0.255906,
        0.723126 0.978611 0.280367,
        0.742354 0.963489 0.299137,
        0.764745 0.945881 0.310936,
        0.726977 1.026747 0.227420,
        0.734704 1.017830 0.255906,
        0.746995 1.003644 0.280367,
        0.763014 0.985157 0.299137,
        0.781669 0.963629 0.310936,
        0.801644 0.977854 0.310936,
        0.787402 1.002524 0.299137,
        0.775171 1.023708 0.280367,
        0.765786 1.039963 0.255906,
        0.759886 1.050181 0.227420,
        0.823952 0.988041 0.310936,
        0.814635 1.014961 0.299137,
        0.806634 1.038077 0.280367,
        0.800495 1.055815 0.255906,
        0.837578 1.064810 0.255906,
        0.840249 1.046231 0.280367,
        0.843730 1.022019 0.299137,
        0.847784 0.993823 0.310936,
        0.876254 1.078412 0.227420,
        0.875692 1.066626 0.255906,
        0.874799 1.047878 0.280367,
        0.873635 1.023444 0.299137,
        0.872280 0.994990 0.310936,
        0.896554 0.991500 0.310936,
        0.903269 1.019183 0.299137,
        0.909036 1.042955 0.280367,
        0.913461 1.061196 0.255906,
        0.949520 1.048715 0.255906,
        0.941723 1.031642 0.280367,
        0.931561 1.009391 0.299137,
        0.919728 0.983479 0.310936,
        0.982566 1.029637 0.255906,
        0.971678 1.014347 0.280367,
        0.957489 0.994422 0.299137,
        0.940966 0.971217 0.310936,
        1.019943 1.012791 0.227420,
        1.011404 1.004649 0.255906,
        0.997819 0.991696 0.280367,
        0.980116 0.974816 0.299137,
        0.959500 0.955158 0.310936,
        0.974659 0.935881 0.310936,
        0.998622 0.951282 0.299137,
        1.019201 0.964507 0.280367,
        1.034991 0.974655 0.255906,
        1.052476 0.940739 0.255906,
        1.035051 0.933763 0.280367,
        1.012341 0.924671 0.299137,
        0.985896 0.914084 0.310936,
        1.074812 0.906360 0.227420,
        1.063226 0.904127 0.255906,
        1.044796 0.900574 0.280367,
        1.020776 0.895945 0.299137,
        0.992805 0.890554 0.310936,
        0.650587 -0.886725 0.196850,
        0.679235 -0.974012 0.196850,
        0.673678 -0.965364 0.196850,
        0.658378 -0.927147 0.196850,
        0.657406 -0.922104 0.196850,
        0.695933 -0.999995 0.196850,
        0.713693 -1.018621 0.196850,
        0.724341 -1.029788 0.196850,
        0.757874 -1.053667 0.196850,
        0.795320 -1.070768 0.196850,
        0.810315 -1.074406 0.196850,
        0.835326 -1.080473 0.196850,
        0.866177 -1.081943 0.196850,
        0.876445 -1.082432 0.196850,
        0.917192 -1.076573 0.196850,
        0.956094 -1.063109 0.196850,
        0.922045 -1.074894 0.196850,
        0.991744 -1.042526 0.196850,
        0.973919 -1.052818 0.196850,
        1.053013 -0.974072 0.196850,
        1.048303 -0.983209 0.196850,
        1.022856 -1.015569 0.196850,
        1.018975 -1.018931 0.196850,
        1.067167 -0.946620 0.196850,
        1.074417 -0.921926 0.196850,
        1.078764 -0.907121 0.196850,
        1.082677 -0.866142 0.196850,
        1.078764 -0.825162 0.196850,
        1.074417 -0.810357 0.196850,
        1.067167 -0.785664 0.196850,
        1.053013 -0.758211 0.196850,
        1.048303 -0.749074 0.196850,
        1.022856 -0.716715 0.196850,
        0.991744 -0.689757 0.196850,
        1.018975 -0.713352 0.196850,
        0.956094 -0.669174 0.196850,
        0.973919 -0.679466 0.196850,
        0.866177 -0.650341 0.196850,
        0.876445 -0.649852 0.196850,
        0.917192 -0.655710 0.196850,
        0.922045 -0.657390 0.196850,
        0.835326 -0.651810 0.196850,
        0.810315 -0.657878 0.196850,
        0.795320 -0.661516 0.196850,
        0.757874 -0.678617 0.196850,
        0.724341 -0.702495 0.196850,
        0.713693 -0.713662 0.196850,
        0.695933 -0.732289 0.196850,
        0.679235 -0.758272 0.196850,
        0.673678 -0.766919 0.196850,
        0.658378 -0.805137 0.196850,
        0.650587 -0.866142 0.196850,
        0.650587 -0.845559 0.196850,
        0.657406 -0.810180 0.196850,
        0.957517 -0.902723 0.314961,
        0.962788 -0.884769 0.314961,
        0.866142 -0.866142 0.314961,
        0.964567 -0.866142 0.314961,
        0.962788 -0.847515 0.314961,
        0.923234 -0.946317 0.314961,
        0.937376 -0.934063 0.314961,
        0.948942 -0.919354 0.314961,
        0.870825 -0.964456 0.314961,
        0.889346 -0.961793 0.314961,
        0.907029 -0.955672 0.314961,
        0.816929 -0.951380 0.314961,
        0.833950 -0.959154 0.314961,
        0.852134 -0.963565 0.314961,
        0.778658 -0.911243 0.314961,
        0.788774 -0.926984 0.314961,
        0.801687 -0.940526 0.314961,
        0.768162 -0.856786 0.314961,
        0.768162 -0.875498 0.314961,
        0.771704 -0.893871 0.314961,
        0.788774 -0.805299 0.314961,
        0.778658 -0.821041 0.314961,
        0.771704 -0.838412 0.314961,
        0.833950 -0.773130 0.314961,
        0.816929 -0.780903 0.314961,
        0.801687 -0.791757 0.314961,
        0.889346 -0.770491 0.314961,
        0.870825 -0.767828 0.314961,
        0.852134 -0.768719 0.314961,
        0.937376 -0.798220 0.314961,
        0.923234 -0.785967 0.314961,
        0.907029 -0.776611 0.314961,
        0.957517 -0.829561 0.314961,
        0.948942 -0.812929 0.314961,
        1.063430 -0.787159 0.227420,
        1.044917 -0.751250 0.227420,
        0.989410 -0.693035 0.227420,
        0.916243 -0.659621 0.227420,
        0.835898 -0.655794 0.227420,
        0.796636 -0.665319 0.227420,
        0.699097 -0.734776 0.227420,
        0.677254 -0.768764 0.227420,
        0.654593 -0.845941 0.227420,
        0.662239 -0.926013 0.227420,
        0.699097 -0.997507 0.227420,
        0.726977 -1.026747 0.227420,
        0.835898 -1.076490 0.227420,
        0.876254 -1.078412 0.227420,
        0.954422 -1.059448 0.227420,
        1.019943 -1.012791 0.227420,
        1.063430 -0.945124 0.227420,
        1.074812 -0.906360 0.227420,
        0.940966 -0.971217 0.310936,
        0.919728 -0.983479 0.310936,
        0.957489 -0.994422 0.299137,
        0.931561 -1.009391 0.299137,
        0.971678 -1.014347 0.280367,
        0.941723 -1.031642 0.280367,
        0.982566 -1.029637 0.255906,
        0.949520 -1.048715 0.255906,
        0.989410 -1.039248 0.227420,
        0.737731 -0.878404 0.310936,
        0.737731 -0.853880 0.310936,
        0.709374 -0.881111 0.299137,
        0.709374 -0.851172 0.299137,
        0.685024 -0.883436 0.280367,
        0.685024 -0.848847 0.280367,
        0.666339 -0.885220 0.255906,
        0.666339 -0.847063 0.255906,
        0.654593 -0.886342 0.227420,
        0.919728 -0.748804 0.310936,
        0.940966 -0.761066 0.310936,
        0.931561 -0.722893 0.299137,
        0.957489 -0.737862 0.299137,
        0.941723 -0.700642 0.280367,
        0.971678 -0.717936 0.280367,
        0.949520 -0.683568 0.255906,
        0.982566 -0.702647 0.255906,
        0.954422 -0.672835 0.227420,
        0.995136 -0.866142 0.310936,
        0.992805 -0.890554 0.310936,
        1.023622 -0.866142 0.299137,
        1.020776 -0.895945 0.299137,
        1.048083 -0.866142 0.280367,
        1.044796 -0.900574 0.280367,
        1.066854 -0.866142 0.255906,
        1.063226 -0.904127 0.255906,
        1.078653 -0.866142 0.227420,
        1.052476 -0.940739 0.255906,
        1.035051 -0.933763 0.280367,
        1.012341 -0.924671 0.299137,
        0.985896 -0.914084 0.310936,
        1.044917 -0.981034 0.227420,
        1.034991 -0.974655 0.255906,
        1.019201 -0.964507 0.280367,
        0.998622 -0.951282 0.299137,
        0.974659 -0.935881 0.310936,
        0.959500 -0.955158 0.310936,
        0.980116 -0.974816 0.299137,
        0.997819 -0.991696 0.280367,
        1.011404 -1.004649 0.255906,
        0.916243 -1.072662 0.227420,
        0.913461 -1.061196 0.255906,
        0.909036 -1.042955 0.280367,
        0.903269 -1.019183 0.299137,
        0.896554 -0.991500 0.310936,
        0.872280 -0.994990 0.310936,
        0.873635 -1.023444 0.299137,
        0.874799 -1.047878 0.280367,
        0.875692 -1.066626 0.255906,
        0.837578 -1.064810 0.255906,
        0.840249 -1.046231 0.280367,
        0.843730 -1.022019 0.299137,
        0.847784 -0.993823 0.310936,
        0.796636 -1.066965 0.227420,
        0.800495 -1.055815 0.255906,
        0.806634 -1.038077 0.280367,
        0.814635 -1.014961 0.299137,
        0.823952 -0.988041 0.310936,
        0.801644 -0.977854 0.310936,
        0.787402 -1.002524 0.299137,
        0.775171 -1.023708 0.280367,
        0.765786 -1.039963 0.255906,
        0.759886 -1.050181 0.227420,
        0.781669 -0.963629 0.310936,
        0.763014 -0.985157 0.299137,
        0.746995 -1.003644 0.280367,
        0.734704 -1.017830 0.255906,
        0.708372 -0.990213 0.255906,
        0.723126 -0.978611 0.280367,
        0.742354 -0.963489 0.299137,
        0.764745 -0.945881 0.310936,
        0.677254 -0.963520 0.227420,
        0.687742 -0.958113 0.255906,
        0.704426 -0.949512 0.280367,
        0.726168 -0.938304 0.299137,
        0.751487 -0.925250 0.310936,
        0.742372 -0.902484 0.310936,
        0.715041 -0.910509 0.299137,
        0.691570 -0.917401 0.280367,
        0.673560 -0.922689 0.255906,
        0.662239 -0.806270 0.227420,
        0.673560 -0.809594 0.255906,
        0.691570 -0.814883 0.280367,
        0.715041 -0.821774 0.299137,
        0.742372 -0.829800 0.310936,
        0.751487 -0.807033 0.310936,
        0.726168 -0.793980 0.299137,
        0.704426 -0.782771 0.280367,
        0.687742 -0.774170 0.255906,
        0.708372 -0.742070 0.255906,
        0.723126 -0.753673 0.280367,
        0.742354 -0.768794 0.299137,
        0.764745 -0.786403 0.310936,
        0.726977 -0.705537 0.227420,
        0.734704 -0.714454 0.255906,
        0.746995 -0.728639 0.280367,
        0.763014 -0.747126 0.299137,
        0.781669 -0.768654 0.310936,
        0.801644 -0.754429 0.310936,
        0.787402 -0.729760 0.299137,
        0.775171 -0.708576 0.280367,
        0.765786 -0.692320 0.255906,
        0.759886 -0.682102 0.227420,
        0.823952 -0.744242 0.310936,
        0.814635 -0.717323 0.299137,
        0.806634 -0.694207 0.280367,
        0.800495 -0.676469 0.255906,
        0.837578 -0.667473 0.255906,
        0.840249 -0.686052 0.280367,
        0.843730 -0.710264 0.299137,
        0.847784 -0.738460 0.310936,
        0.876254 -0.653872 0.227420,
        0.875692 -0.665657 0.255906,
        0.874799 -0.684406 0.280367,
        0.873635 -0.708840 0.299137,
        0.872280 -0.737293 0.310936,
        0.896554 -0.740783 0.310936,
        0.903269 -0.713100 0.299137,
        0.909036 -0.689329 0.280367,
        0.913461 -0.671088 0.255906,
        1.019943 -0.719493 0.227420,
        1.011404 -0.727635 0.255906,
        0.997819 -0.740587 0.280367,
        0.980116 -0.757468 0.299137,
        0.959500 -0.777126 0.310936,
        0.974659 -0.796402 0.310936,
        0.998622 -0.781002 0.299137,
        1.019201 -0.767777 0.280367,
        1.034991 -0.757629 0.255906,
        1.052476 -0.791545 0.255906,
        1.035051 -0.798521 0.280367,
        1.012341 -0.807612 0.299137,
        0.985896 -0.818199 0.310936,
        1.074812 -0.825924 0.227420,
        1.063226 -0.828157 0.255906,
        1.044796 -0.831709 0.280367,
        1.020776 -0.836339 0.299137,
        0.992805 -0.841730 0.310936,
        -1.081697 -0.886725 0.196850,
        -1.053048 -0.974012 0.196850,
        -1.058606 -0.965364 0.196850,
        -1.073906 -0.927147 0.196850,
        -1.074878 -0.922104 0.196850,
        -1.036350 -0.999995 0.196850,
        -1.018590 -1.018621 0.196850,
        -1.007943 -1.029788 0.196850,
        -0.974409 -1.053667 0.196850,
        -0.936963 -1.070768 0.196850,
        -0.921969 -1.074406 0.196850,
        -0.896958 -1.080473 0.196850,
        -0.866107 -1.081943 0.196850,
        -0.855839 -1.082432 0.196850,
        -0.815092 -1.076573 0.196850,
        -0.776190 -1.063109 0.196850,
        -0.810239 -1.074894 0.196850,
        -0.740539 -1.042526 0.196850,
        -0.758364 -1.052818 0.196850,
        -0.679270 -0.974072 0.196850,
        -0.683981 -0.983209 0.196850,
        -0.709428 -1.015569 0.196850,
        -0.713309 -1.018931 0.196850,
        -0.665117 -0.946620 0.196850,
        -0.657867 -0.921926 0.196850,
        -0.653519 -0.907121 0.196850,
        -0.649606 -0.866142 0.196850,
        -0.653519 -0.825162 0.196850,
        -0.657867 -0.810357 0.196850,
        -0.665117 -0.785664 0.196850,
        -0.679270 -0.758211 0.196850,
        -0.683981 -0.749074 0.196850,
        -0.709428 -0.716715 0.196850,
        -0.740539 -0.689757 0.196850,
        -0.713309 -0.713352 0.196850,
        -0.776190 -0.669174 0.196850,
        -0.758364 -0.679466 0.196850,
        -0.866107 -0.650341 0.196850,
        -0.855839 -0.649852 0.196850,
        -0.815092 -0.655710 0.196850,
        -0.810239 -0.657390 0.196850,
        -0.896958 -0.651810 0.196850,
        -0.921969 -0.657878 0.196850,
        -0.936963 -0.661516 0.196850,
        -0.974409 -0.678617 0.196850,
        -1.007943 -0.702495 0.196850,
        -1.018590 -0.713662 0.196850,
        -1.036350 -0.732289 0.196850,
        -1.053048 -0.758272 0.196850,
        -1.058606 -0.766919 0.196850,
        -1.073906 -0.805137 0.196850,
        -1.081697 -0.866142 0.196850,
        -1.081697 -0.845559 0.196850,
        -1.074878 -0.810180 0.196850,
        -0.774767 -0.902723 0.314961,
        -0.769495 -0.884769 0.314961,
        -0.866142 -0.866142 0.314961,
        -0.767717 -0.866142 0.314961,
        -0.769495 -0.847515 0.314961,
        -0.809050 -0.946317 0.314961,
        -0.794908 -0.934063 0.314961,
        -0.783341 -0.919354 0.314961,
        -0.861458 -0.964456 0.314961,
        -0.842937 -0.961793 0.314961,
        -0.825254 -0.955672 0.314961,
        -0.915354 -0.951380 0.314961,
        -0.898333 -0.959154 0.314961,
        -0.880149 -0.963565 0.314961,
        -0.953626 -0.911243 0.314961,
        -0.943509 -0.926984 0.314961,
        -0.930596 -0.940526 0.314961,
        -0.964121 -0.856786 0.314961,
        -0.964121 -0.875498 0.314961,
        -0.960580 -0.893871 0.314961,
        -0.943509 -0.805299 0.314961,
        -0.953626 -0.821041 0.314961,
        -0.960580 -0.838412 0.314961,
        -0.898333 -0.773130 0.314961,
        -0.915354 -0.780903 0.314961,
        -0.930596 -0.791757 0.314961,
        -0.842937 -0.770491 0.314961,
        -0.861458 -0.767828 0.314961,
        -0.880149 -0.768719 0.314961,
        -0.794908 -0.798220 0.314961,
        -0.809050 -0.785967 0.314961,
        -0.825254 -0.776611 0.314961,
        -0.774767 -0.829561 0.314961,
        -0.783341 -0.812929 0.314961,
        -0.668854 -0.787159 0.227420,
        -0.687366 -0.751250 0.227420,
        -0.742873 -0.693035 0.227420,
        -0.816041 -0.659621 0.227420,
        -0.896385 -0.655794 0.227420,
        -0.935647 -0.665319 0.227420,
        -1.033187 -0.734776 0.227420,
        -1.055029 -0.768764 0.227420,
        -1.077691 -0.845941 0.227420,
        -1.070044 -0.926013 0.227420,
        -1.033187 -0.997507 0.227420,
        -1.005307 -1.026747 0.227420,
        -0.896385 -1.076490 0.227420,
        -0.856030 -1.078412 0.227420,
        -0.777861 -1.059448 0.227420,
        -0.712341 -1.012791 0.227420,
        -0.668854 -0.945124 0.227420,
        -0.657471 -0.906360 0.227420,
        -0.791318 -0.971217 0.310936,
        -0.812556 -0.983479 0.310936,
        -0.774794 -0.994422 0.299137,
        -0.800722 -1.009391 0.299137,
        -0.760605 -1.014347 0.280367,
        -0.790561 -1.031642 0.280367,
        -0.749718 -1.029637 0.255906,
        -0.782763 -1.048715 0.255906,
        -0.742873 -1.039248 0.227420,
        -0.994552 -0.878404 0.310936,
        -0.994552 -0.853880 0.310936,
        -1.022909 -0.881111 0.299137,
        -1.022909 -0.851172 0.299137,
        -1.047260 -0.883436 0.280367,
        -1.047260 -0.848847 0.280367,
        -1.065944 -0.885220 0.255906,
        -1.065944 -0.847063 0.255906,
        -1.077691 -0.886342 0.227420,
        -0.812556 -0.748804 0.310936,
        -0.791318 -0.761066 0.310936,
        -0.800722 -0.722893 0.299137,
        -0.774794 -0.737862 0.299137,
        -0.790561 -0.700642 0.280367,
        -0.760605 -0.717936 0.280367,
        -0.782763 -0.683568 0.255906,
        -0.749718 -0.702647 0.255906,
        -0.777861 -0.672835 0.227420,
        -0.737147 -0.866142 0.310936,
        -0.739478 -0.890554 0.310936,
        -0.708661 -0.866142 0.299137,
        -0.711507 -0.895945 0.299137,
        -0.684200 -0.866142 0.280367,
        -0.687488 -0.900574 0.280367,
        -0.665430 -0.866142 0.255906,
        -0.669057 -0.904127 0.255906,
        -0.653631 -0.866142 0.227420,
        -0.679807 -0.940739 0.255906,
        -0.697233 -0.933763 0.280367,
        -0.719942 -0.924671 0.299137,
        -0.746387 -0.914084 0.310936,
        -0.687366 -0.981034 0.227420,
        -0.697293 -0.974655 0.255906,
        -0.713083 -0.964507 0.280367,
        -0.733661 -0.951282 0.299137,
        -0.757625 -0.935881 0.310936,
        -0.772784 -0.955158 0.310936,
        -0.752168 -0.974816 0.299137,
        -0.734464 -0.991696 0.280367,
        -0.720880 -1.004649 0.255906,
        -0.816041 -1.072662 0.227420,
        -0.818822 -1.061196 0.255906,
        -0.823247 -1.042955 0.280367,
        -0.829014 -1.019183 0.299137,
        -0.835730 -0.991500 0.310936,
        -0.860004 -0.994990 0.310936,
        -0.858648 -1.023444 0.299137,
        -0.857485 -1.047878 0.280367,
        -0.856591 -1.066626 0.255906,
        -0.894706 -1.064810 0.255906,
        -0.892035 -1.046231 0.280367,
        -0.888554 -1.022019 0.299137,
        -0.884500 -0.993823 0.310936,
        -0.935647 -1.066965 0.227420,
        -0.931788 -1.055815 0.255906,
        -0.925649 -1.038077 0.280367,
        -0.917648 -1.014961 0.299137,
        -0.908331 -0.988041 0.310936,
        -0.930639 -0.977854 0.310936,
        -0.944882 -1.002524 0.299137,
        -0.957113 -1.023708 0.280367,
        -0.966498 -1.039963 0.255906,
        -0.972397 -1.050181 0.227420,
        -0.950615 -0.963629 0.310936,
        -0.969269 -0.985157 0.299137,
        -0.985288 -1.003644 0.280367,
        -0.997580 -1.017830 0.255906,
        -1.023912 -0.990213 0.255906,
        -1.009157 -0.978611 0.280367,
        -0.989930 -0.963489 0.299137,
        -0.967538 -0.945881 0.310936,
        -1.055029 -0.963520 0.227420,
        -1.044541 -0.958113 0.255906,
        -1.027858 -0.949512 0.280367,
        -1.006116 -0.938304 0.299137,
        -0.980796 -0.925250 0.310936,
        -0.989911 -0.902484 0.310936,
        -1.017243 -0.910509 0.299137,
        -1.040713 -0.917401 0.280367,
        -1.058723 -0.922689 0.255906,
        -1.070044 -0.806270 0.227420,
        -1.058723 -0.809594 0.255906,
        -1.040713 -0.814883 0.280367,
        -1.017243 -0.821774 0.299137,
        -0.989911 -0.829800 0.310936,
        -0.980796 -0.807033 0.310936,
        -1.006116 -0.793980 0.299137,
        -1.027858 -0.782771 0.280367,
        -1.044541 -0.774170 0.255906,
        -1.023912 -0.742070 0.255906,
        -1.009157 -0.753673 0.280367,
        -0.989930 -0.768794 0.299137,
        -0.967538 -0.786403 0.310936,
        -1.005307 -0.705537 0.227420,
        -0.997580 -0.714454 0.255906,
        -0.985288 -0.728639 0.280367,
        -0.969269 -0.747126 0.299137,
        -0.950615 -0.768654 0.310936,
        -0.930639 -0.754429 0.310936,
        -0.944882 -0.729760 0.299137,
        -0.957113 -0.708576 0.280367,
        -0.966498 -0.692320 0.255906,
        -0.972397 -0.682102 0.227420,
        -0.908331 -0.744242 0.310936,
        -0.917648 -0.717323 0.299137,
        -0.925649 -0.694207 0.280367,
        -0.931788 -0.676469 0.255906,
        -0.894706 -0.667473 0.255906,
        -0.892035 -0.686052 0.280367,
        -0.888554 -0.710264 0.299137,
        -0.884500 -0.738460 0.310936,
        -0.856030 -0.653872 0.227420,
        -0.856591 -0.665657 0.255906,
        -0.857485 -0.684406 0.280367,
        -0.858648 -0.708840 0.299137,
        -0.860004 -0.737293 0.310936,
        -0.835730 -0.740783 0.310936,
        -0.829014 -0.713100 0.299137,
        -0.823247 -0.689329 0.280367,
        -0.818822 -0.671088 0.255906,
        -0.712341 -0.719493 0.227420,
        -0.720880 -0.727635 0.255906,
        -0.734464 -0.740587 0.280367,
        -0.752168 -0.757468 0.299137,
        -0.772784 -0.777126 0.310936,
        -0.757625 -0.796402 0.310936,
        -0.733661 -0.781002 0.299137,
        -0.713083 -0.767777 0.280367,
        -0.697293 -0.757629 0.255906,
        -0.679807 -0.791545 0.255906,
        -0.697233 -0.798521 0.280367,
        -0.719942 -0.807612 0.299137,
        -0.746387 -0.818199 0.310936,
        -0.657471 -0.825924 0.227420,
        -0.669057 -0.828157 0.255906,
        -0.687488 -0.831709 0.280367,
        -0.711507 -0.836339 0.299137,
        -0.739478 -0.841730 0.310936,
      ]
    }
    coordIndex [
      96, 17, 18, -1,
      97, 98, 19, -1,
      19, 98, 99, -1,
      19, 99, 18, -1,
      18, 99, 100, -1,
      18, 100, 96, -1,
      97, 19, 101, -1,
      101, 19, 13, -1,
      101, 13, 102, -1,
      102, 13, 103, -1,
      103, 13, 12, -1,
      103, 12, 104, -1,
      104, 12, 105, -1,
      105, 12, 11, -1,
      105, 11, 106, -1,
      106, 11, 107, -1,
      107, 11, 10, -1,
      107, 10, 108, -1,
      108, 10, 109, -1,
      109, 10, 14, -1,
      109, 14, 110, -1,
      15, 111, 14, -1,
      14, 111, 112, -1,
      14, 112, 110, -1,
      16, 113, 15, -1,
      15, 113, 114, -1,
      15, 114, 111, -1,
      115, 116, 9, -1,
      9, 116, 117, -1,
      9, 117, 16, -1,
      16, 117, 118, -1,
      16, 118, 113, -1,
      115, 9, 119, -1,
      119, 9, 8, -1,
      119, 8, 120, -1,
      120, 8, 121, -1,
      121, 8, 1, -1,
      121, 1, 122, -1,
      122, 1, 123, -1,
      123, 1, 0, -1,
      123, 0, 124, -1,
      124, 0, 125, -1,
      125, 0, 3, -1,
      125, 3, 126, -1,
      126, 3, 127, -1,
      127, 3, 4, -1,
      127, 4, 128, -1,
      5, 129, 4, -1,
      4, 129, 130, -1,
      4, 130, 128, -1,
      6, 131, 5, -1,
      5, 131, 132, -1,
      5, 132, 129, -1,
      133, 134, 7, -1,
      7, 134, 135, -1,
      7, 135, 6, -1,
      6, 135, 136, -1,
      6, 136, 131, -1,
      133, 7, 137, -1,
      137, 7, 21, -1,
      137, 21, 138, -1,
      138, 21, 139, -1,
      139, 21, 20, -1,
      139, 20, 140, -1,
      140, 20, 141, -1,
      141, 20, 2, -1,
      141, 2, 142, -1,
      142, 2, 143, -1,
      143, 2, 23, -1,
      143, 23, 144, -1,
      144, 23, 145, -1,
      145, 23, 22, -1,
      145, 22, 146, -1,
      96, 147, 17, -1,
      17, 147, 148, -1,
      17, 148, 22, -1,
      22, 148, 149, -1,
      22, 149, 146, -1,
      150, 151, 152, -1,
      152, 151, 153, -1,
      152, 153, 154, -1,
      155, 156, 152, -1,
      152, 156, 157, -1,
      152, 157, 150, -1,
      158, 159, 152, -1,
      152, 159, 160, -1,
      152, 160, 155, -1,
      161, 162, 152, -1,
      152, 162, 163, -1,
      152, 163, 158, -1,
      164, 165, 152, -1,
      152, 165, 166, -1,
      152, 166, 161, -1,
      167, 168, 152, -1,
      152, 168, 169, -1,
      152, 169, 164, -1,
      170, 171, 152, -1,
      152, 171, 172, -1,
      152, 172, 167, -1,
      173, 174, 152, -1,
      152, 174, 175, -1,
      152, 175, 170, -1,
      176, 177, 152, -1,
      152, 177, 178, -1,
      152, 178, 173, -1,
      179, 180, 152, -1,
      152, 180, 181, -1,
      152, 181, 176, -1,
      154, 182, 152, -1,
      152, 182, 183, -1,
      152, 183, 179, -1,
      124, 125, 184, -1,
      126, 127, 185, -1,
      130, 129, 186, -1,
      136, 135, 187, -1,
      133, 137, 188, -1,
      138, 139, 189, -1,
      142, 143, 190, -1,
      144, 145, 191, -1,
      149, 148, 192, -1,
      100, 99, 193, -1,
      97, 101, 194, -1,
      102, 103, 195, -1,
      106, 107, 196, -1,
      108, 109, 197, -1,
      112, 111, 198, -1,
      118, 117, 199, -1,
      115, 119, 200, -1,
      120, 121, 201, -1,
      155, 160, 202, -1,
      202, 160, 203, -1,
      202, 203, 204, -1,
      204, 203, 205, -1,
      204, 205, 206, -1,
      206, 205, 207, -1,
      206, 207, 208, -1,
      208, 207, 209, -1,
      208, 209, 210, -1,
      210, 209, 198, -1,
      168, 167, 211, -1,
      211, 167, 212, -1,
      211, 212, 213, -1,
      213, 212, 214, -1,
      213, 214, 215, -1,
      215, 214, 216, -1,
      215, 216, 217, -1,
      217, 216, 218, -1,
      217, 218, 219, -1,
      219, 218, 192, -1,
      181, 180, 220, -1,
      220, 180, 221, -1,
      220, 221, 222, -1,
      222, 221, 223, -1,
      222, 223, 224, -1,
      224, 223, 225, -1,
      224, 225, 226, -1,
      226, 225, 227, -1,
      226, 227, 228, -1,
      228, 227, 186, -1,
      153, 151, 229, -1,
      229, 151, 230, -1,
      229, 230, 231, -1,
      231, 230, 232, -1,
      231, 232, 233, -1,
      233, 232, 234, -1,
      233, 234, 235, -1,
      235, 234, 236, -1,
      235, 236, 237, -1,
      237, 236, 201, -1,
      237, 201, 122, -1,
      122, 201, 121, -1,
      119, 120, 200, -1,
      200, 120, 201, -1,
      200, 201, 238, -1,
      238, 201, 236, -1,
      238, 236, 239, -1,
      239, 236, 234, -1,
      239, 234, 240, -1,
      240, 234, 232, -1,
      240, 232, 241, -1,
      241, 232, 230, -1,
      241, 230, 150, -1,
      150, 230, 151, -1,
      116, 115, 242, -1,
      242, 115, 200, -1,
      242, 200, 243, -1,
      243, 200, 238, -1,
      243, 238, 244, -1,
      244, 238, 239, -1,
      244, 239, 245, -1,
      245, 239, 240, -1,
      245, 240, 246, -1,
      246, 240, 241, -1,
      246, 241, 157, -1,
      157, 241, 150, -1,
      157, 156, 246, -1,
      246, 156, 247, -1,
      246, 247, 245, -1,
      245, 247, 248, -1,
      245, 248, 244, -1,
      244, 248, 249, -1,
      244, 249, 243, -1,
      243, 249, 250, -1,
      243, 250, 242, -1,
      242, 250, 199, -1,
      242, 199, 116, -1,
      116, 199, 117, -1,
      113, 118, 210, -1,
      210, 118, 199, -1,
      210, 199, 208, -1,
      208, 199, 250, -1,
      208, 250, 206, -1,
      206, 250, 249, -1,
      206, 249, 204, -1,
      204, 249, 248, -1,
      204, 248, 202, -1,
      202, 248, 247, -1,
      202, 247, 155, -1,
      155, 247, 156, -1,
      198, 111, 210, -1,
      210, 111, 114, -1,
      210, 114, 113, -1,
      110, 112, 251, -1,
      251, 112, 198, -1,
      251, 198, 252, -1,
      252, 198, 209, -1,
      252, 209, 253, -1,
      253, 209, 207, -1,
      253, 207, 254, -1,
      254, 207, 205, -1,
      254, 205, 255, -1,
      255, 205, 203, -1,
      255, 203, 159, -1,
      159, 203, 160, -1,
      159, 158, 255, -1,
      255, 158, 256, -1,
      255, 256, 254, -1,
      254, 256, 257, -1,
      254, 257, 253, -1,
      253, 257, 258, -1,
      253, 258, 252, -1,
      252, 258, 259, -1,
      252, 259, 251, -1,
      251, 259, 197, -1,
      251, 197, 110, -1,
      110, 197, 109, -1,
      107, 108, 196, -1,
      196, 108, 197, -1,
      196, 197, 260, -1,
      260, 197, 259, -1,
      260, 259, 261, -1,
      261, 259, 258, -1,
      261, 258, 262, -1,
      262, 258, 257, -1,
      262, 257, 263, -1,
      263, 257, 256, -1,
      263, 256, 163, -1,
      163, 256, 158, -1,
      105, 106, 264, -1,
      264, 106, 196, -1,
      264, 196, 265, -1,
      265, 196, 260, -1,
      265, 260, 266, -1,
      266, 260, 261, -1,
      266, 261, 267, -1,
      267, 261, 262, -1,
      267, 262, 268, -1,
      268, 262, 263, -1,
      268, 263, 162, -1,
      162, 263, 163, -1,
      162, 161, 268, -1,
      268, 161, 269, -1,
      268, 269, 267, -1,
      267, 269, 270, -1,
      267, 270, 266, -1,
      266, 270, 271, -1,
      266, 271, 265, -1,
      265, 271, 272, -1,
      265, 272, 264, -1,
      264, 272, 273, -1,
      264, 273, 105, -1,
      105, 273, 104, -1,
      161, 166, 269, -1,
      269, 166, 274, -1,
      269, 274, 270, -1,
      270, 274, 275, -1,
      270, 275, 271, -1,
      271, 275, 276, -1,
      271, 276, 272, -1,
      272, 276, 277, -1,
      272, 277, 273, -1,
      273, 277, 195, -1,
      273, 195, 104, -1,
      104, 195, 103, -1,
      101, 102, 194, -1,
      194, 102, 195, -1,
      194, 195, 278, -1,
      278, 195, 277, -1,
      278, 277, 279, -1,
      279, 277, 276, -1,
      279, 276, 280, -1,
      280, 276, 275, -1,
      280, 275, 281, -1,
      281, 275, 274, -1,
      281, 274, 165, -1,
      165, 274, 166, -1,
      98, 97, 282, -1,
      282, 97, 194, -1,
      282, 194, 283, -1,
      283, 194, 278, -1,
      283, 278, 284, -1,
      284, 278, 279, -1,
      284, 279, 285, -1,
      285, 279, 280, -1,
      285, 280, 286, -1,
      286, 280, 281, -1,
      286, 281, 164, -1,
      164, 281, 165, -1,
      164, 169, 286, -1,
      286, 169, 287, -1,
      286, 287, 285, -1,
      285, 287, 288, -1,
      285, 288, 284, -1,
      284, 288, 289, -1,
      284, 289, 283, -1,
      283, 289, 290, -1,
      283, 290, 282, -1,
      282, 290, 193, -1,
      282, 193, 98, -1,
      98, 193, 99, -1,
      96, 100, 219, -1,
      219, 100, 193, -1,
      219, 193, 217, -1,
      217, 193, 290, -1,
      217, 290, 215, -1,
      215, 290, 289, -1,
      215, 289, 213, -1,
      213, 289, 288, -1,
      213, 288, 211, -1,
      211, 288, 287, -1,
      211, 287, 168, -1,
      168, 287, 169, -1,
      192, 148, 219, -1,
      219, 148, 147, -1,
      219, 147, 96, -1,
      146, 149, 291, -1,
      291, 149, 192, -1,
      291, 192, 292, -1,
      292, 192, 218, -1,
      292, 218, 293, -1,
      293, 218, 216, -1,
      293, 216, 294, -1,
      294, 216, 214, -1,
      294, 214, 295, -1,
      295, 214, 212, -1,
      295, 212, 172, -1,
      172, 212, 167, -1,
      172, 171, 295, -1,
      295, 171, 296, -1,
      295, 296, 294, -1,
      294, 296, 297, -1,
      294, 297, 293, -1,
      293, 297, 298, -1,
      293, 298, 292, -1,
      292, 298, 299, -1,
      292, 299, 291, -1,
      291, 299, 191, -1,
      291, 191, 146, -1,
      146, 191, 145, -1,
      143, 144, 190, -1,
      190, 144, 191, -1,
      190, 191, 300, -1,
      300, 191, 299, -1,
      300, 299, 301, -1,
      301, 299, 298, -1,
      301, 298, 302, -1,
      302, 298, 297, -1,
      302, 297, 303, -1,
      303, 297, 296, -1,
      303, 296, 170, -1,
      170, 296, 171, -1,
      141, 142, 304, -1,
      304, 142, 190, -1,
      304, 190, 305, -1,
      305, 190, 300, -1,
      305, 300, 306, -1,
      306, 300, 301, -1,
      306, 301, 307, -1,
      307, 301, 302, -1,
      307, 302, 308, -1,
      308, 302, 303, -1,
      308, 303, 175, -1,
      175, 303, 170, -1,
      175, 174, 308, -1,
      308, 174, 309, -1,
      308, 309, 307, -1,
      307, 309, 310, -1,
      307, 310, 306, -1,
      306, 310, 311, -1,
      306, 311, 305, -1,
      305, 311, 312, -1,
      305, 312, 304, -1,
      304, 312, 313, -1,
      304, 313, 141, -1,
      141, 313, 140, -1,
      174, 173, 309, -1,
      309, 173, 314, -1,
      309, 314, 310, -1,
      310, 314, 315, -1,
      310, 315, 311, -1,
      311, 315, 316, -1,
      311, 316, 312, -1,
      312, 316, 317, -1,
      312, 317, 313, -1,
      313, 317, 189, -1,
      313, 189, 140, -1,
      140, 189, 139, -1,
      137, 138, 188, -1,
      188, 138, 189, -1,
      188, 189, 318, -1,
      318, 189, 317, -1,
      318, 317, 319, -1,
      319, 317, 316, -1,
      319, 316, 320, -1,
      320, 316, 315, -1,
      320, 315, 321, -1,
      321, 315, 314, -1,
      321, 314, 178, -1,
      178, 314, 173, -1,
      134, 133, 322, -1,
      322, 133, 188, -1,
      322, 188, 323, -1,
      323, 188, 318, -1,
      323, 318, 324, -1,
      324, 318, 319, -1,
      324, 319, 325, -1,
      325, 319, 320, -1,
      325, 320, 326, -1,
      326, 320, 321, -1,
      326, 321, 177, -1,
      177, 321, 178, -1,
      177, 176, 326, -1,
      326, 176, 327, -1,
      326, 327, 325, -1,
      325, 327, 328, -1,
      325, 328, 324, -1,
      324, 328, 329, -1,
      324, 329, 323, -1,
      323, 329, 330, -1,
      323, 330, 322, -1,
      322, 330, 187, -1,
      322, 187, 134, -1,
      134, 187, 135, -1,
      131, 136, 228, -1,
      228, 136, 187, -1,
      228, 187, 226, -1,
      226, 187, 330, -1,
      226, 330, 224, -1,
      224, 330, 329, -1,
      224, 329, 222, -1,
      222, 329, 328, -1,
      222, 328, 220, -1,
      220, 328, 327, -1,
      220, 327, 181, -1,
      181, 327, 176, -1,
      186, 129, 228, -1,
      228, 129, 132, -1,
      228, 132, 131, -1,
      128, 130, 331, -1,
      331, 130, 186, -1,
      331, 186, 332, -1,
      332, 186, 227, -1,
      332, 227, 333, -1,
      333, 227, 225, -1,
      333, 225, 334, -1,
      334, 225, 223, -1,
      334, 223, 335, -1,
      335, 223, 221, -1,
      335, 221, 179, -1,
      179, 221, 180, -1,
      179, 183, 335, -1,
      335, 183, 336, -1,
      335, 336, 334, -1,
      334, 336, 337, -1,
      334, 337, 333, -1,
      333, 337, 338, -1,
      333, 338, 332, -1,
      332, 338, 339, -1,
      332, 339, 331, -1,
      331, 339, 185, -1,
      331, 185, 128, -1,
      128, 185, 127, -1,
      125, 126, 184, -1,
      184, 126, 185, -1,
      184, 185, 340, -1,
      340, 185, 339, -1,
      340, 339, 341, -1,
      341, 339, 338, -1,
      341, 338, 342, -1,
      342, 338, 337, -1,
      342, 337, 343, -1,
      343, 337, 336, -1,
      343, 336, 182, -1,
      182, 336, 183, -1,
      123, 124, 344, -1,
      344, 124, 184, -1,
      344, 184, 345, -1,
      345, 184, 340, -1,
      345, 340, 346, -1,
      346, 340, 341, -1,
      346, 341, 347, -1,
      347, 341, 342, -1,
      347, 342, 348, -1,
      348, 342, 343, -1,
      348, 343, 154, -1,
      154, 343, 182, -1,
      154, 153, 348, -1,
      348, 153, 229, -1,
      348, 229, 347, -1,
      347, 229, 231, -1,
      347, 231, 346, -1,
      346, 231, 233, -1,
      346, 233, 345, -1,
      345, 233, 235, -1,
      345, 235, 344, -1,
      344, 235, 237, -1,
      344, 237, 123, -1,
      123, 237, 122, -1,
      349, 31, 45, -1,
      350, 351, 38, -1,
      38, 351, 352, -1,
      38, 352, 45, -1,
      45, 352, 353, -1,
      45, 353, 349, -1,
      350, 38, 354, -1,
      354, 38, 39, -1,
      354, 39, 355, -1,
      355, 39, 356, -1,
      356, 39, 40, -1,
      356, 40, 357, -1,
      357, 40, 358, -1,
      358, 40, 30, -1,
      358, 30, 359, -1,
      359, 30, 360, -1,
      360, 30, 29, -1,
      360, 29, 361, -1,
      361, 29, 362, -1,
      362, 29, 43, -1,
      362, 43, 363, -1,
      44, 364, 43, -1,
      43, 364, 365, -1,
      43, 365, 363, -1,
      28, 366, 44, -1,
      44, 366, 367, -1,
      44, 367, 364, -1,
      368, 369, 27, -1,
      27, 369, 370, -1,
      27, 370, 28, -1,
      28, 370, 371, -1,
      28, 371, 366, -1,
      368, 27, 372, -1,
      372, 27, 25, -1,
      372, 25, 373, -1,
      373, 25, 374, -1,
      374, 25, 24, -1,
      374, 24, 375, -1,
      375, 24, 376, -1,
      376, 24, 42, -1,
      376, 42, 377, -1,
      377, 42, 378, -1,
      378, 42, 41, -1,
      378, 41, 379, -1,
      379, 41, 380, -1,
      380, 41, 26, -1,
      380, 26, 381, -1,
      47, 382, 26, -1,
      26, 382, 383, -1,
      26, 383, 381, -1,
      46, 384, 47, -1,
      47, 384, 385, -1,
      47, 385, 382, -1,
      386, 387, 35, -1,
      35, 387, 388, -1,
      35, 388, 46, -1,
      46, 388, 389, -1,
      46, 389, 384, -1,
      386, 35, 390, -1,
      390, 35, 36, -1,
      390, 36, 391, -1,
      391, 36, 392, -1,
      392, 36, 37, -1,
      392, 37, 393, -1,
      393, 37, 394, -1,
      394, 37, 34, -1,
      394, 34, 395, -1,
      395, 34, 396, -1,
      396, 34, 33, -1,
      396, 33, 397, -1,
      397, 33, 398, -1,
      398, 33, 32, -1,
      398, 32, 399, -1,
      349, 400, 31, -1,
      31, 400, 401, -1,
      31, 401, 32, -1,
      32, 401, 402, -1,
      32, 402, 399, -1,
      403, 404, 405, -1,
      405, 404, 406, -1,
      405, 406, 407, -1,
      408, 409, 405, -1,
      405, 409, 410, -1,
      405, 410, 403, -1,
      411, 412, 405, -1,
      405, 412, 413, -1,
      405, 413, 408, -1,
      414, 415, 405, -1,
      405, 415, 416, -1,
      405, 416, 411, -1,
      417, 418, 405, -1,
      405, 418, 419, -1,
      405, 419, 414, -1,
      420, 421, 405, -1,
      405, 421, 422, -1,
      405, 422, 417, -1,
      423, 424, 405, -1,
      405, 424, 425, -1,
      405, 425, 420, -1,
      426, 427, 405, -1,
      405, 427, 428, -1,
      405, 428, 423, -1,
      429, 430, 405, -1,
      405, 430, 431, -1,
      405, 431, 426, -1,
      432, 433, 405, -1,
      405, 433, 434, -1,
      405, 434, 429, -1,
      407, 435, 405, -1,
      405, 435, 436, -1,
      405, 436, 432, -1,
      377, 378, 437, -1,
      379, 380, 438, -1,
      383, 382, 439, -1,
      385, 384, 440, -1,
      389, 388, 441, -1,
      386, 390, 442, -1,
      391, 392, 443, -1,
      395, 396, 444, -1,
      397, 398, 445, -1,
      402, 401, 446, -1,
      353, 352, 447, -1,
      350, 354, 448, -1,
      355, 356, 449, -1,
      359, 360, 450, -1,
      361, 362, 451, -1,
      365, 364, 452, -1,
      371, 370, 453, -1,
      368, 372, 454, -1,
      373, 374, 455, -1,
      408, 413, 456, -1,
      456, 413, 457, -1,
      456, 457, 458, -1,
      458, 457, 459, -1,
      458, 459, 460, -1,
      460, 459, 461, -1,
      460, 461, 462, -1,
      462, 461, 463, -1,
      462, 463, 464, -1,
      464, 463, 452, -1,
      421, 420, 465, -1,
      465, 420, 466, -1,
      465, 466, 467, -1,
      467, 466, 468, -1,
      467, 468, 469, -1,
      469, 468, 470, -1,
      469, 470, 471, -1,
      471, 470, 472, -1,
      471, 472, 473, -1,
      473, 472, 446, -1,
      406, 404, 474, -1,
      474, 404, 475, -1,
      474, 475, 476, -1,
      476, 475, 477, -1,
      476, 477, 478, -1,
      478, 477, 479, -1,
      478, 479, 480, -1,
      480, 479, 481, -1,
      480, 481, 482, -1,
      482, 481, 455, -1,
      482, 455, 375, -1,
      375, 455, 374, -1,
      372, 373, 454, -1,
      454, 373, 455, -1,
      454, 455, 483, -1,
      483, 455, 481, -1,
      483, 481, 484, -1,
      484, 481, 479, -1,
      484, 479, 485, -1,
      485, 479, 477, -1,
      485, 477, 486, -1,
      486, 477, 475, -1,
      486, 475, 403, -1,
      403, 475, 404, -1,
      369, 368, 487, -1,
      487, 368, 454, -1,
      487, 454, 488, -1,
      488, 454, 483, -1,
      488, 483, 489, -1,
      489, 483, 484, -1,
      489, 484, 490, -1,
      490, 484, 485, -1,
      490, 485, 491, -1,
      491, 485, 486, -1,
      491, 486, 410, -1,
      410, 486, 403, -1,
      410, 409, 491, -1,
      491, 409, 492, -1,
      491, 492, 490, -1,
      490, 492, 493, -1,
      490, 493, 489, -1,
      489, 493, 494, -1,
      489, 494, 488, -1,
      488, 494, 495, -1,
      488, 495, 487, -1,
      487, 495, 453, -1,
      487, 453, 369, -1,
      369, 453, 370, -1,
      366, 371, 464, -1,
      464, 371, 453, -1,
      464, 453, 462, -1,
      462, 453, 495, -1,
      462, 495, 460, -1,
      460, 495, 494, -1,
      460, 494, 458, -1,
      458, 494, 493, -1,
      458, 493, 456, -1,
      456, 493, 492, -1,
      456, 492, 408, -1,
      408, 492, 409, -1,
      452, 364, 464, -1,
      464, 364, 367, -1,
      464, 367, 366, -1,
      363, 365, 496, -1,
      496, 365, 452, -1,
      496, 452, 497, -1,
      497, 452, 463, -1,
      497, 463, 498, -1,
      498, 463, 461, -1,
      498, 461, 499, -1,
      499, 461, 459, -1,
      499, 459, 500, -1,
      500, 459, 457, -1,
      500, 457, 412, -1,
      412, 457, 413, -1,
      412, 411, 500, -1,
      500, 411, 501, -1,
      500, 501, 499, -1,
      499, 501, 502, -1,
      499, 502, 498, -1,
      498, 502, 503, -1,
      498, 503, 497, -1,
      497, 503, 504, -1,
      497, 504, 496, -1,
      496, 504, 451, -1,
      496, 451, 363, -1,
      363, 451, 362, -1,
      360, 361, 450, -1,
      450, 361, 451, -1,
      450, 451, 505, -1,
      505, 451, 504, -1,
      505, 504, 506, -1,
      506, 504, 503, -1,
      506, 503, 507, -1,
      507, 503, 502, -1,
      507, 502, 508, -1,
      508, 502, 501, -1,
      508, 501, 416, -1,
      416, 501, 411, -1,
      358, 359, 509, -1,
      509, 359, 450, -1,
      509, 450, 510, -1,
      510, 450, 505, -1,
      510, 505, 511, -1,
      511, 505, 506, -1,
      511, 506, 512, -1,
      512, 506, 507, -1,
      512, 507, 513, -1,
      513, 507, 508, -1,
      513, 508, 415, -1,
      415, 508, 416, -1,
      415, 414, 513, -1,
      513, 414, 514, -1,
      513, 514, 512, -1,
      512, 514, 515, -1,
      512, 515, 511, -1,
      511, 515, 516, -1,
      511, 516, 510, -1,
      510, 516, 517, -1,
      510, 517, 509, -1,
      509, 517, 518, -1,
      509, 518, 358, -1,
      358, 518, 357, -1,
      414, 419, 514, -1,
      514, 419, 519, -1,
      514, 519, 515, -1,
      515, 519, 520, -1,
      515, 520, 516, -1,
      516, 520, 521, -1,
      516, 521, 517, -1,
      517, 521, 522, -1,
      517, 522, 518, -1,
      518, 522, 449, -1,
      518, 449, 357, -1,
      357, 449, 356, -1,
      354, 355, 448, -1,
      448, 355, 449, -1,
      448, 449, 523, -1,
      523, 449, 522, -1,
      523, 522, 524, -1,
      524, 522, 521, -1,
      524, 521, 525, -1,
      525, 521, 520, -1,
      525, 520, 526, -1,
      526, 520, 519, -1,
      526, 519, 418, -1,
      418, 519, 419, -1,
      351, 350, 527, -1,
      527, 350, 448, -1,
      527, 448, 528, -1,
      528, 448, 523, -1,
      528, 523, 529, -1,
      529, 523, 524, -1,
      529, 524, 530, -1,
      530, 524, 525, -1,
      530, 525, 531, -1,
      531, 525, 526, -1,
      531, 526, 417, -1,
      417, 526, 418, -1,
      417, 422, 531, -1,
      531, 422, 532, -1,
      531, 532, 530, -1,
      530, 532, 533, -1,
      530, 533, 529, -1,
      529, 533, 534, -1,
      529, 534, 528, -1,
      528, 534, 535, -1,
      528, 535, 527, -1,
      527, 535, 447, -1,
      527, 447, 351, -1,
      351, 447, 352, -1,
      349, 353, 473, -1,
      473, 353, 447, -1,
      473, 447, 471, -1,
      471, 447, 535, -1,
      471, 535, 469, -1,
      469, 535, 534, -1,
      469, 534, 467, -1,
      467, 534, 533, -1,
      467, 533, 465, -1,
      465, 533, 532, -1,
      465, 532, 421, -1,
      421, 532, 422, -1,
      446, 401, 473, -1,
      473, 401, 400, -1,
      473, 400, 349, -1,
      399, 402, 536, -1,
      536, 402, 446, -1,
      536, 446, 537, -1,
      537, 446, 472, -1,
      537, 472, 538, -1,
      538, 472, 470, -1,
      538, 470, 539, -1,
      539, 470, 468, -1,
      539, 468, 540, -1,
      540, 468, 466, -1,
      540, 466, 425, -1,
      425, 466, 420, -1,
      425, 424, 540, -1,
      540, 424, 541, -1,
      540, 541, 539, -1,
      539, 541, 542, -1,
      539, 542, 538, -1,
      538, 542, 543, -1,
      538, 543, 537, -1,
      537, 543, 544, -1,
      537, 544, 536, -1,
      536, 544, 445, -1,
      536, 445, 399, -1,
      399, 445, 398, -1,
      396, 397, 444, -1,
      444, 397, 445, -1,
      444, 445, 545, -1,
      545, 445, 544, -1,
      545, 544, 546, -1,
      546, 544, 543, -1,
      546, 543, 547, -1,
      547, 543, 542, -1,
      547, 542, 548, -1,
      548, 542, 541, -1,
      548, 541, 423, -1,
      423, 541, 424, -1,
      394, 395, 549, -1,
      549, 395, 444, -1,
      549, 444, 550, -1,
      550, 444, 545, -1,
      550, 545, 551, -1,
      551, 545, 546, -1,
      551, 546, 552, -1,
      552, 546, 547, -1,
      552, 547, 553, -1,
      553, 547, 548, -1,
      553, 548, 428, -1,
      428, 548, 423, -1,
      428, 427, 553, -1,
      553, 427, 554, -1,
      553, 554, 552, -1,
      552, 554, 555, -1,
      552, 555, 551, -1,
      551, 555, 556, -1,
      551, 556, 550, -1,
      550, 556, 557, -1,
      550, 557, 549, -1,
      549, 557, 558, -1,
      549, 558, 394, -1,
      394, 558, 393, -1,
      427, 426, 554, -1,
      554, 426, 559, -1,
      554, 559, 555, -1,
      555, 559, 560, -1,
      555, 560, 556, -1,
      556, 560, 561, -1,
      556, 561, 557, -1,
      557, 561, 562, -1,
      557, 562, 558, -1,
      558, 562, 443, -1,
      558, 443, 393, -1,
      393, 443, 392, -1,
      390, 391, 442, -1,
      442, 391, 443, -1,
      442, 443, 563, -1,
      563, 443, 562, -1,
      563, 562, 564, -1,
      564, 562, 561, -1,
      564, 561, 565, -1,
      565, 561, 560, -1,
      565, 560, 566, -1,
      566, 560, 559, -1,
      566, 559, 431, -1,
      431, 559, 426, -1,
      387, 386, 567, -1,
      567, 386, 442, -1,
      567, 442, 568, -1,
      568, 442, 563, -1,
      568, 563, 569, -1,
      569, 563, 564, -1,
      569, 564, 570, -1,
      570, 564, 565, -1,
      570, 565, 571, -1,
      571, 565, 566, -1,
      571, 566, 430, -1,
      430, 566, 431, -1,
      430, 429, 571, -1,
      571, 429, 572, -1,
      571, 572, 570, -1,
      570, 572, 573, -1,
      570, 573, 569, -1,
      569, 573, 574, -1,
      569, 574, 568, -1,
      568, 574, 575, -1,
      568, 575, 567, -1,
      567, 575, 441, -1,
      567, 441, 387, -1,
      387, 441, 388, -1,
      384, 389, 440, -1,
      440, 389, 441, -1,
      440, 441, 576, -1,
      576, 441, 575, -1,
      576, 575, 577, -1,
      577, 575, 574, -1,
      577, 574, 578, -1,
      578, 574, 573, -1,
      578, 573, 579, -1,
      579, 573, 572, -1,
      579, 572, 434, -1,
      434, 572, 429, -1,
      382, 385, 439, -1,
      439, 385, 440, -1,
      439, 440, 580, -1,
      580, 440, 576, -1,
      580, 576, 581, -1,
      581, 576, 577, -1,
      581, 577, 582, -1,
      582, 577, 578, -1,
      582, 578, 583, -1,
      583, 578, 579, -1,
      583, 579, 433, -1,
      433, 579, 434, -1,
      381, 383, 584, -1,
      584, 383, 439, -1,
      584, 439, 585, -1,
      585, 439, 580, -1,
      585, 580, 586, -1,
      586, 580, 581, -1,
      586, 581, 587, -1,
      587, 581, 582, -1,
      587, 582, 588, -1,
      588, 582, 583, -1,
      588, 583, 432, -1,
      432, 583, 433, -1,
      432, 436, 588, -1,
      588, 436, 589, -1,
      588, 589, 587, -1,
      587, 589, 590, -1,
      587, 590, 586, -1,
      586, 590, 591, -1,
      586, 591, 585, -1,
      585, 591, 592, -1,
      585, 592, 584, -1,
      584, 592, 438, -1,
      584, 438, 381, -1,
      381, 438, 380, -1,
      378, 379, 437, -1,
      437, 379, 438, -1,
      437, 438, 593, -1,
      593, 438, 592, -1,
      593, 592, 594, -1,
      594, 592, 591, -1,
      594, 591, 595, -1,
      595, 591, 590, -1,
      595, 590, 596, -1,
      596, 590, 589, -1,
      596, 589, 435, -1,
      435, 589, 436, -1,
      376, 377, 597, -1,
      597, 377, 437, -1,
      597, 437, 598, -1,
      598, 437, 593, -1,
      598, 593, 599, -1,
      599, 593, 594, -1,
      599, 594, 600, -1,
      600, 594, 595, -1,
      600, 595, 601, -1,
      601, 595, 596, -1,
      601, 596, 407, -1,
      407, 596, 435, -1,
      407, 406, 601, -1,
      601, 406, 474, -1,
      601, 474, 600, -1,
      600, 474, 476, -1,
      600, 476, 599, -1,
      599, 476, 478, -1,
      599, 478, 598, -1,
      598, 478, 480, -1,
      598, 480, 597, -1,
      597, 480, 482, -1,
      597, 482, 376, -1,
      376, 482, 375, -1,
      602, 49, 48, -1,
      603, 604, 55, -1,
      55, 604, 605, -1,
      55, 605, 48, -1,
      48, 605, 606, -1,
      48, 606, 602, -1,
      603, 55, 607, -1,
      607, 55, 54, -1,
      607, 54, 608, -1,
      608, 54, 609, -1,
      609, 54, 63, -1,
      609, 63, 610, -1,
      610, 63, 611, -1,
      611, 63, 62, -1,
      611, 62, 612, -1,
      612, 62, 613, -1,
      613, 62, 61, -1,
      613, 61, 614, -1,
      614, 61, 615, -1,
      615, 61, 51, -1,
      615, 51, 616, -1,
      52, 617, 51, -1,
      51, 617, 618, -1,
      51, 618, 616, -1,
      53, 619, 52, -1,
      52, 619, 620, -1,
      52, 620, 617, -1,
      621, 622, 60, -1,
      60, 622, 623, -1,
      60, 623, 53, -1,
      53, 623, 624, -1,
      53, 624, 619, -1,
      621, 60, 625, -1,
      625, 60, 59, -1,
      625, 59, 626, -1,
      626, 59, 627, -1,
      627, 59, 57, -1,
      627, 57, 628, -1,
      628, 57, 629, -1,
      629, 57, 58, -1,
      629, 58, 630, -1,
      630, 58, 631, -1,
      631, 58, 66, -1,
      631, 66, 632, -1,
      632, 66, 633, -1,
      633, 66, 65, -1,
      633, 65, 634, -1,
      64, 635, 65, -1,
      65, 635, 636, -1,
      65, 636, 634, -1,
      71, 637, 64, -1,
      64, 637, 638, -1,
      64, 638, 635, -1,
      639, 640, 70, -1,
      70, 640, 641, -1,
      70, 641, 71, -1,
      71, 641, 642, -1,
      71, 642, 637, -1,
      639, 70, 643, -1,
      643, 70, 69, -1,
      643, 69, 644, -1,
      644, 69, 645, -1,
      645, 69, 68, -1,
      645, 68, 646, -1,
      646, 68, 647, -1,
      647, 68, 67, -1,
      647, 67, 648, -1,
      648, 67, 649, -1,
      649, 67, 56, -1,
      649, 56, 650, -1,
      650, 56, 651, -1,
      651, 56, 50, -1,
      651, 50, 652, -1,
      602, 653, 49, -1,
      49, 653, 654, -1,
      49, 654, 50, -1,
      50, 654, 655, -1,
      50, 655, 652, -1,
      656, 657, 658, -1,
      658, 657, 659, -1,
      658, 659, 660, -1,
      661, 662, 658, -1,
      658, 662, 663, -1,
      658, 663, 656, -1,
      664, 665, 658, -1,
      658, 665, 666, -1,
      658, 666, 661, -1,
      667, 668, 658, -1,
      658, 668, 669, -1,
      658, 669, 664, -1,
      670, 671, 658, -1,
      658, 671, 672, -1,
      658, 672, 667, -1,
      673, 674, 658, -1,
      658, 674, 675, -1,
      658, 675, 670, -1,
      676, 677, 658, -1,
      658, 677, 678, -1,
      658, 678, 673, -1,
      679, 680, 658, -1,
      658, 680, 681, -1,
      658, 681, 676, -1,
      682, 683, 658, -1,
      658, 683, 684, -1,
      658, 684, 679, -1,
      685, 686, 658, -1,
      658, 686, 687, -1,
      658, 687, 682, -1,
      660, 688, 658, -1,
      658, 688, 689, -1,
      658, 689, 685, -1,
      630, 631, 690, -1,
      632, 633, 691, -1,
      636, 635, 692, -1,
      642, 641, 693, -1,
      639, 643, 694, -1,
      644, 645, 695, -1,
      648, 649, 696, -1,
      650, 651, 697, -1,
      655, 654, 698, -1,
      606, 605, 699, -1,
      603, 607, 700, -1,
      608, 609, 701, -1,
      612, 613, 702, -1,
      614, 615, 703, -1,
      618, 617, 704, -1,
      624, 623, 705, -1,
      621, 625, 706, -1,
      626, 627, 707, -1,
      661, 666, 708, -1,
      708, 666, 709, -1,
      708, 709, 710, -1,
      710, 709, 711, -1,
      710, 711, 712, -1,
      712, 711, 713, -1,
      712, 713, 714, -1,
      714, 713, 715, -1,
      714, 715, 716, -1,
      716, 715, 704, -1,
      674, 673, 717, -1,
      717, 673, 718, -1,
      717, 718, 719, -1,
      719, 718, 720, -1,
      719, 720, 721, -1,
      721, 720, 722, -1,
      721, 722, 723, -1,
      723, 722, 724, -1,
      723, 724, 725, -1,
      725, 724, 698, -1,
      687, 686, 726, -1,
      726, 686, 727, -1,
      726, 727, 728, -1,
      728, 727, 729, -1,
      728, 729, 730, -1,
      730, 729, 731, -1,
      730, 731, 732, -1,
      732, 731, 733, -1,
      732, 733, 734, -1,
      734, 733, 692, -1,
      659, 657, 735, -1,
      735, 657, 736, -1,
      735, 736, 737, -1,
      737, 736, 738, -1,
      737, 738, 739, -1,
      739, 738, 740, -1,
      739, 740, 741, -1,
      741, 740, 742, -1,
      741, 742, 743, -1,
      743, 742, 707, -1,
      743, 707, 628, -1,
      628, 707, 627, -1,
      625, 626, 706, -1,
      706, 626, 707, -1,
      706, 707, 744, -1,
      744, 707, 742, -1,
      744, 742, 745, -1,
      745, 742, 740, -1,
      745, 740, 746, -1,
      746, 740, 738, -1,
      746, 738, 747, -1,
      747, 738, 736, -1,
      747, 736, 656, -1,
      656, 736, 657, -1,
      622, 621, 748, -1,
      748, 621, 706, -1,
      748, 706, 749, -1,
      749, 706, 744, -1,
      749, 744, 750, -1,
      750, 744, 745, -1,
      750, 745, 751, -1,
      751, 745, 746, -1,
      751, 746, 752, -1,
      752, 746, 747, -1,
      752, 747, 663, -1,
      663, 747, 656, -1,
      663, 662, 752, -1,
      752, 662, 753, -1,
      752, 753, 751, -1,
      751, 753, 754, -1,
      751, 754, 750, -1,
      750, 754, 755, -1,
      750, 755, 749, -1,
      749, 755, 756, -1,
      749, 756, 748, -1,
      748, 756, 705, -1,
      748, 705, 622, -1,
      622, 705, 623, -1,
      619, 624, 716, -1,
      716, 624, 705, -1,
      716, 705, 714, -1,
      714, 705, 756, -1,
      714, 756, 712, -1,
      712, 756, 755, -1,
      712, 755, 710, -1,
      710, 755, 754, -1,
      710, 754, 708, -1,
      708, 754, 753, -1,
      708, 753, 661, -1,
      661, 753, 662, -1,
      704, 617, 716, -1,
      716, 617, 620, -1,
      716, 620, 619, -1,
      616, 618, 757, -1,
      757, 618, 704, -1,
      757, 704, 758, -1,
      758, 704, 715, -1,
      758, 715, 759, -1,
      759, 715, 713, -1,
      759, 713, 760, -1,
      760, 713, 711, -1,
      760, 711, 761, -1,
      761, 711, 709, -1,
      761, 709, 665, -1,
      665, 709, 666, -1,
      665, 664, 761, -1,
      761, 664, 762, -1,
      761, 762, 760, -1,
      760, 762, 763, -1,
      760, 763, 759, -1,
      759, 763, 764, -1,
      759, 764, 758, -1,
      758, 764, 765, -1,
      758, 765, 757, -1,
      757, 765, 703, -1,
      757, 703, 616, -1,
      616, 703, 615, -1,
      613, 614, 702, -1,
      702, 614, 703, -1,
      702, 703, 766, -1,
      766, 703, 765, -1,
      766, 765, 767, -1,
      767, 765, 764, -1,
      767, 764, 768, -1,
      768, 764, 763, -1,
      768, 763, 769, -1,
      769, 763, 762, -1,
      769, 762, 669, -1,
      669, 762, 664, -1,
      611, 612, 770, -1,
      770, 612, 702, -1,
      770, 702, 771, -1,
      771, 702, 766, -1,
      771, 766, 772, -1,
      772, 766, 767, -1,
      772, 767, 773, -1,
      773, 767, 768, -1,
      773, 768, 774, -1,
      774, 768, 769, -1,
      774, 769, 668, -1,
      668, 769, 669, -1,
      668, 667, 774, -1,
      774, 667, 775, -1,
      774, 775, 773, -1,
      773, 775, 776, -1,
      773, 776, 772, -1,
      772, 776, 777, -1,
      772, 777, 771, -1,
      771, 777, 778, -1,
      771, 778, 770, -1,
      770, 778, 779, -1,
      770, 779, 611, -1,
      611, 779, 610, -1,
      667, 672, 775, -1,
      775, 672, 780, -1,
      775, 780, 776, -1,
      776, 780, 781, -1,
      776, 781, 777, -1,
      777, 781, 782, -1,
      777, 782, 778, -1,
      778, 782, 783, -1,
      778, 783, 779, -1,
      779, 783, 701, -1,
      779, 701, 610, -1,
      610, 701, 609, -1,
      607, 608, 700, -1,
      700, 608, 701, -1,
      700, 701, 784, -1,
      784, 701, 783, -1,
      784, 783, 785, -1,
      785, 783, 782, -1,
      785, 782, 786, -1,
      786, 782, 781, -1,
      786, 781, 787, -1,
      787, 781, 780, -1,
      787, 780, 671, -1,
      671, 780, 672, -1,
      604, 603, 788, -1,
      788, 603, 700, -1,
      788, 700, 789, -1,
      789, 700, 784, -1,
      789, 784, 790, -1,
      790, 784, 785, -1,
      790, 785, 791, -1,
      791, 785, 786, -1,
      791, 786, 792, -1,
      792, 786, 787, -1,
      792, 787, 670, -1,
      670, 787, 671, -1,
      670, 675, 792, -1,
      792, 675, 793, -1,
      792, 793, 791, -1,
      791, 793, 794, -1,
      791, 794, 790, -1,
      790, 794, 795, -1,
      790, 795, 789, -1,
      789, 795, 796, -1,
      789, 796, 788, -1,
      788, 796, 699, -1,
      788, 699, 604, -1,
      604, 699, 605, -1,
      602, 606, 725, -1,
      725, 606, 699, -1,
      725, 699, 723, -1,
      723, 699, 796, -1,
      723, 796, 721, -1,
      721, 796, 795, -1,
      721, 795, 719, -1,
      719, 795, 794, -1,
      719, 794, 717, -1,
      717, 794, 793, -1,
      717, 793, 674, -1,
      674, 793, 675, -1,
      698, 654, 725, -1,
      725, 654, 653, -1,
      725, 653, 602, -1,
      652, 655, 797, -1,
      797, 655, 698, -1,
      797, 698, 798, -1,
      798, 698, 724, -1,
      798, 724, 799, -1,
      799, 724, 722, -1,
      799, 722, 800, -1,
      800, 722, 720, -1,
      800, 720, 801, -1,
      801, 720, 718, -1,
      801, 718, 678, -1,
      678, 718, 673, -1,
      678, 677, 801, -1,
      801, 677, 802, -1,
      801, 802, 800, -1,
      800, 802, 803, -1,
      800, 803, 799, -1,
      799, 803, 804, -1,
      799, 804, 798, -1,
      798, 804, 805, -1,
      798, 805, 797, -1,
      797, 805, 697, -1,
      797, 697, 652, -1,
      652, 697, 651, -1,
      649, 650, 696, -1,
      696, 650, 697, -1,
      696, 697, 806, -1,
      806, 697, 805, -1,
      806, 805, 807, -1,
      807, 805, 804, -1,
      807, 804, 808, -1,
      808, 804, 803, -1,
      808, 803, 809, -1,
      809, 803, 802, -1,
      809, 802, 676, -1,
      676, 802, 677, -1,
      647, 648, 810, -1,
      810, 648, 696, -1,
      810, 696, 811, -1,
      811, 696, 806, -1,
      811, 806, 812, -1,
      812, 806, 807, -1,
      812, 807, 813, -1,
      813, 807, 808, -1,
      813, 808, 814, -1,
      814, 808, 809, -1,
      814, 809, 681, -1,
      681, 809, 676, -1,
      681, 680, 814, -1,
      814, 680, 815, -1,
      814, 815, 813, -1,
      813, 815, 816, -1,
      813, 816, 812, -1,
      812, 816, 817, -1,
      812, 817, 811, -1,
      811, 817, 818, -1,
      811, 818, 810, -1,
      810, 818, 819, -1,
      810, 819, 647, -1,
      647, 819, 646, -1,
      680, 679, 815, -1,
      815, 679, 820, -1,
      815, 820, 816, -1,
      816, 820, 821, -1,
      816, 821, 817, -1,
      817, 821, 822, -1,
      817, 822, 818, -1,
      818, 822, 823, -1,
      818, 823, 819, -1,
      819, 823, 695, -1,
      819, 695, 646, -1,
      646, 695, 645, -1,
      643, 644, 694, -1,
      694, 644, 695, -1,
      694, 695, 824, -1,
      824, 695, 823, -1,
      824, 823, 825, -1,
      825, 823, 822, -1,
      825, 822, 826, -1,
      826, 822, 821, -1,
      826, 821, 827, -1,
      827, 821, 820, -1,
      827, 820, 684, -1,
      684, 820, 679, -1,
      640, 639, 828, -1,
      828, 639, 694, -1,
      828, 694, 829, -1,
      829, 694, 824, -1,
      829, 824, 830, -1,
      830, 824, 825, -1,
      830, 825, 831, -1,
      831, 825, 826, -1,
      831, 826, 832, -1,
      832, 826, 827, -1,
      832, 827, 683, -1,
      683, 827, 684, -1,
      683, 682, 832, -1,
      832, 682, 833, -1,
      832, 833, 831, -1,
      831, 833, 834, -1,
      831, 834, 830, -1,
      830, 834, 835, -1,
      830, 835, 829, -1,
      829, 835, 836, -1,
      829, 836, 828, -1,
      828, 836, 693, -1,
      828, 693, 640, -1,
      640, 693, 641, -1,
      637, 642, 734, -1,
      734, 642, 693, -1,
      734, 693, 732, -1,
      732, 693, 836, -1,
      732, 836, 730, -1,
      730, 836, 835, -1,
      730, 835, 728, -1,
      728, 835, 834, -1,
      728, 834, 726, -1,
      726, 834, 833, -1,
      726, 833, 687, -1,
      687, 833, 682, -1,
      692, 635, 734, -1,
      734, 635, 638, -1,
      734, 638, 637, -1,
      634, 636, 837, -1,
      837, 636, 692, -1,
      837, 692, 838, -1,
      838, 692, 733, -1,
      838, 733, 839, -1,
      839, 733, 731, -1,
      839, 731, 840, -1,
      840, 731, 729, -1,
      840, 729, 841, -1,
      841, 729, 727, -1,
      841, 727, 685, -1,
      685, 727, 686, -1,
      685, 689, 841, -1,
      841, 689, 842, -1,
      841, 842, 840, -1,
      840, 842, 843, -1,
      840, 843, 839, -1,
      839, 843, 844, -1,
      839, 844, 838, -1,
      838, 844, 845, -1,
      838, 845, 837, -1,
      837, 845, 691, -1,
      837, 691, 634, -1,
      634, 691, 633, -1,
      631, 632, 690, -1,
      690, 632, 691, -1,
      690, 691, 846, -1,
      846, 691, 845, -1,
      846, 845, 847, -1,
      847, 845, 844, -1,
      847, 844, 848, -1,
      848, 844, 843, -1,
      848, 843, 849, -1,
      849, 843, 842, -1,
      849, 842, 688, -1,
      688, 842, 689, -1,
      629, 630, 850, -1,
      850, 630, 690, -1,
      850, 690, 851, -1,
      851, 690, 846, -1,
      851, 846, 852, -1,
      852, 846, 847, -1,
      852, 847, 853, -1,
      853, 847, 848, -1,
      853, 848, 854, -1,
      854, 848, 849, -1,
      854, 849, 660, -1,
      660, 849, 688, -1,
      660, 659, 854, -1,
      854, 659, 735, -1,
      854, 735, 853, -1,
      853, 735, 737, -1,
      853, 737, 852, -1,
      852, 737, 739, -1,
      852, 739, 851, -1,
      851, 739, 741, -1,
      851, 741, 850, -1,
      850, 741, 743, -1,
      850, 743, 629, -1,
      629, 743, 628, -1,
      855, 93, 87, -1,
      856, 857, 88, -1,
      88, 857, 858, -1,
      88, 858, 87, -1,
      87, 858, 859, -1,
      87, 859, 855, -1,
      856, 88, 860, -1,
      860, 88, 86, -1,
      860, 86, 861, -1,
      861, 86, 862, -1,
      862, 86, 85, -1,
      862, 85, 863, -1,
      863, 85, 864, -1,
      864, 85, 84, -1,
      864, 84, 865, -1,
      865, 84, 866, -1,
      866, 84, 78, -1,
      866, 78, 867, -1,
      867, 78, 868, -1,
      868, 78, 79, -1,
      868, 79, 869, -1,
      80, 870, 79, -1,
      79, 870, 871, -1,
      79, 871, 869, -1,
      77, 872, 80, -1,
      80, 872, 873, -1,
      80, 873, 870, -1,
      874, 875, 76, -1,
      76, 875, 876, -1,
      76, 876, 77, -1,
      77, 876, 877, -1,
      77, 877, 872, -1,
      874, 76, 878, -1,
      878, 76, 75, -1,
      878, 75, 879, -1,
      879, 75, 880, -1,
      880, 75, 74, -1,
      880, 74, 881, -1,
      881, 74, 882, -1,
      882, 74, 83, -1,
      882, 83, 883, -1,
      883, 83, 884, -1,
      884, 83, 90, -1,
      884, 90, 885, -1,
      885, 90, 886, -1,
      886, 90, 91, -1,
      886, 91, 887, -1,
      92, 888, 91, -1,
      91, 888, 889, -1,
      91, 889, 887, -1,
      89, 890, 92, -1,
      92, 890, 891, -1,
      92, 891, 888, -1,
      892, 893, 73, -1,
      73, 893, 894, -1,
      73, 894, 89, -1,
      89, 894, 895, -1,
      89, 895, 890, -1,
      892, 73, 896, -1,
      896, 73, 72, -1,
      896, 72, 897, -1,
      897, 72, 898, -1,
      898, 72, 82, -1,
      898, 82, 899, -1,
      899, 82, 900, -1,
      900, 82, 81, -1,
      900, 81, 901, -1,
      901, 81, 902, -1,
      902, 81, 95, -1,
      902, 95, 903, -1,
      903, 95, 904, -1,
      904, 95, 94, -1,
      904, 94, 905, -1,
      855, 906, 93, -1,
      93, 906, 907, -1,
      93, 907, 94, -1,
      94, 907, 908, -1,
      94, 908, 905, -1,
      909, 910, 911, -1,
      911, 910, 912, -1,
      911, 912, 913, -1,
      914, 915, 911, -1,
      911, 915, 916, -1,
      911, 916, 909, -1,
      917, 918, 911, -1,
      911, 918, 919, -1,
      911, 919, 914, -1,
      920, 921, 911, -1,
      911, 921, 922, -1,
      911, 922, 917, -1,
      923, 924, 911, -1,
      911, 924, 925, -1,
      911, 925, 920, -1,
      926, 927, 911, -1,
      911, 927, 928, -1,
      911, 928, 923, -1,
      929, 930, 911, -1,
      911, 930, 931, -1,
      911, 931, 926, -1,
      932, 933, 911, -1,
      911, 933, 934, -1,
      911, 934, 929, -1,
      935, 936, 911, -1,
      911, 936, 937, -1,
      911, 937, 932, -1,
      938, 939, 911, -1,
      911, 939, 940, -1,
      911, 940, 935, -1,
      913, 941, 911, -1,
      911, 941, 942, -1,
      911, 942, 938, -1,
      883, 884, 943, -1,
      885, 886, 944, -1,
      889, 888, 945, -1,
      895, 894, 946, -1,
      892, 896, 947, -1,
      897, 898, 948, -1,
      901, 902, 949, -1,
      903, 904, 950, -1,
      908, 907, 951, -1,
      859, 858, 952, -1,
      856, 860, 953, -1,
      861, 862, 954, -1,
      865, 866, 955, -1,
      867, 868, 956, -1,
      871, 870, 957, -1,
      877, 876, 958, -1,
      874, 878, 959, -1,
      879, 880, 960, -1,
      914, 919, 961, -1,
      961, 919, 962, -1,
      961, 962, 963, -1,
      963, 962, 964, -1,
      963, 964, 965, -1,
      965, 964, 966, -1,
      965, 966, 967, -1,
      967, 966, 968, -1,
      967, 968, 969, -1,
      969, 968, 957, -1,
      927, 926, 970, -1,
      970, 926, 971, -1,
      970, 971, 972, -1,
      972, 971, 973, -1,
      972, 973, 974, -1,
      974, 973, 975, -1,
      974, 975, 976, -1,
      976, 975, 977, -1,
      976, 977, 978, -1,
      978, 977, 951, -1,
      940, 939, 979, -1,
      979, 939, 980, -1,
      979, 980, 981, -1,
      981, 980, 982, -1,
      981, 982, 983, -1,
      983, 982, 984, -1,
      983, 984, 985, -1,
      985, 984, 986, -1,
      985, 986, 987, -1,
      987, 986, 945, -1,
      912, 910, 988, -1,
      988, 910, 989, -1,
      988, 989, 990, -1,
      990, 989, 991, -1,
      990, 991, 992, -1,
      992, 991, 993, -1,
      992, 993, 994, -1,
      994, 993, 995, -1,
      994, 995, 996, -1,
      996, 995, 960, -1,
      996, 960, 881, -1,
      881, 960, 880, -1,
      878, 879, 959, -1,
      959, 879, 960, -1,
      959, 960, 997, -1,
      997, 960, 995, -1,
      997, 995, 998, -1,
      998, 995, 993, -1,
      998, 993, 999, -1,
      999, 993, 991, -1,
      999, 991, 1000, -1,
      1000, 991, 989, -1,
      1000, 989, 909, -1,
      909, 989, 910, -1,
      875, 874, 1001, -1,
      1001, 874, 959, -1,
      1001, 959, 1002, -1,
      1002, 959, 997, -1,
      1002, 997, 1003, -1,
      1003, 997, 998, -1,
      1003, 998, 1004, -1,
      1004, 998, 999, -1,
      1004, 999, 1005, -1,
      1005, 999, 1000, -1,
      1005, 1000, 916, -1,
      916, 1000, 909, -1,
      916, 915, 1005, -1,
      1005, 915, 1006, -1,
      1005, 1006, 1004, -1,
      1004, 1006, 1007, -1,
      1004, 1007, 1003, -1,
      1003, 1007, 1008, -1,
      1003, 1008, 1002, -1,
      1002, 1008, 1009, -1,
      1002, 1009, 1001, -1,
      1001, 1009, 958, -1,
      1001, 958, 875, -1,
      875, 958, 876, -1,
      872, 877, 969, -1,
      969, 877, 958, -1,
      969, 958, 967, -1,
      967, 958, 1009, -1,
      967, 1009, 965, -1,
      965, 1009, 1008, -1,
      965, 1008, 963, -1,
      963, 1008, 1007, -1,
      963, 1007, 961, -1,
      961, 1007, 1006, -1,
      961, 1006, 914, -1,
      914, 1006, 915, -1,
      957, 870, 969, -1,
      969, 870, 873, -1,
      969, 873, 872, -1,
      869, 871, 1010, -1,
      1010, 871, 957, -1,
      1010, 957, 1011, -1,
      1011, 957, 968, -1,
      1011, 968, 1012, -1,
      1012, 968, 966, -1,
      1012, 966, 1013, -1,
      1013, 966, 964, -1,
      1013, 964, 1014, -1,
      1014, 964, 962, -1,
      1014, 962, 918, -1,
      918, 962, 919, -1,
      918, 917, 1014, -1,
      1014, 917, 1015, -1,
      1014, 1015, 1013, -1,
      1013, 1015, 1016, -1,
      1013, 1016, 1012, -1,
      1012, 1016, 1017, -1,
      1012, 1017, 1011, -1,
      1011, 1017, 1018, -1,
      1011, 1018, 1010, -1,
      1010, 1018, 956, -1,
      1010, 956, 869, -1,
      869, 956, 868, -1,
      866, 867, 955, -1,
      955, 867, 956, -1,
      955, 956, 1019, -1,
      1019, 956, 1018, -1,
      1019, 1018, 1020, -1,
      1020, 1018, 1017, -1,
      1020, 1017, 1021, -1,
      1021, 1017, 1016, -1,
      1021, 1016, 1022, -1,
      1022, 1016, 1015, -1,
      1022, 1015, 922, -1,
      922, 1015, 917, -1,
      864, 865, 1023, -1,
      1023, 865, 955, -1,
      1023, 955, 1024, -1,
      1024, 955, 1019, -1,
      1024, 1019, 1025, -1,
      1025, 1019, 1020, -1,
      1025, 1020, 1026, -1,
      1026, 1020, 1021, -1,
      1026, 1021, 1027, -1,
      1027, 1021, 1022, -1,
      1027, 1022, 921, -1,
      921, 1022, 922, -1,
      921, 920, 1027, -1,
      1027, 920, 1028, -1,
      1027, 1028, 1026, -1,
      1026, 1028, 1029, -1,
      1026, 1029, 1025, -1,
      1025, 1029, 1030, -1,
      1025, 1030, 1024, -1,
      1024, 1030, 1031, -1,
      1024, 1031, 1023, -1,
      1023, 1031, 1032, -1,
      1023, 1032, 864, -1,
      864, 1032, 863, -1,
      920, 925, 1028, -1,
      1028, 925, 1033, -1,
      1028, 1033, 1029, -1,
      1029, 1033, 1034, -1,
      1029, 1034, 1030, -1,
      1030, 1034, 1035, -1,
      1030, 1035, 1031, -1,
      1031, 1035, 1036, -1,
      1031, 1036, 1032, -1,
      1032, 1036, 954, -1,
      1032, 954, 863, -1,
      863, 954, 862, -1,
      860, 861, 953, -1,
      953, 861, 954, -1,
      953, 954, 1037, -1,
      1037, 954, 1036, -1,
      1037, 1036, 1038, -1,
      1038, 1036, 1035, -1,
      1038, 1035, 1039, -1,
      1039, 1035, 1034, -1,
      1039, 1034, 1040, -1,
      1040, 1034, 1033, -1,
      1040, 1033, 924, -1,
      924, 1033, 925, -1,
      857, 856, 1041, -1,
      1041, 856, 953, -1,
      1041, 953, 1042, -1,
      1042, 953, 1037, -1,
      1042, 1037, 1043, -1,
      1043, 1037, 1038, -1,
      1043, 1038, 1044, -1,
      1044, 1038, 1039, -1,
      1044, 1039, 1045, -1,
      1045, 1039, 1040, -1,
      1045, 1040, 923, -1,
      923, 1040, 924, -1,
      923, 928, 1045, -1,
      1045, 928, 1046, -1,
      1045, 1046, 1044, -1,
      1044, 1046, 1047, -1,
      1044, 1047, 1043, -1,
      1043, 1047, 1048, -1,
      1043, 1048, 1042, -1,
      1042, 1048, 1049, -1,
      1042, 1049, 1041, -1,
      1041, 1049, 952, -1,
      1041, 952, 857, -1,
      857, 952, 858, -1,
      855, 859, 978, -1,
      978, 859, 952, -1,
      978, 952, 976, -1,
      976, 952, 1049, -1,
      976, 1049, 974, -1,
      974, 1049, 1048, -1,
      974, 1048, 972, -1,
      972, 1048, 1047, -1,
      972, 1047, 970, -1,
      970, 1047, 1046, -1,
      970, 1046, 927, -1,
      927, 1046, 928, -1,
      951, 907, 978, -1,
      978, 907, 906, -1,
      978, 906, 855, -1,
      905, 908, 1050, -1,
      1050, 908, 951, -1,
      1050, 951, 1051, -1,
      1051, 951, 977, -1,
      1051, 977, 1052, -1,
      1052, 977, 975, -1,
      1052, 975, 1053, -1,
      1053, 975, 973, -1,
      1053, 973, 1054, -1,
      1054, 973, 971, -1,
      1054, 971, 931, -1,
      931, 971, 926, -1,
      931, 930, 1054, -1,
      1054, 930, 1055, -1,
      1054, 1055, 1053, -1,
      1053, 1055, 1056, -1,
      1053, 1056, 1052, -1,
      1052, 1056, 1057, -1,
      1052, 1057, 1051, -1,
      1051, 1057, 1058, -1,
      1051, 1058, 1050, -1,
      1050, 1058, 950, -1,
      1050, 950, 905, -1,
      905, 950, 904, -1,
      902, 903, 949, -1,
      949, 903, 950, -1,
      949, 950, 1059, -1,
      1059, 950, 1058, -1,
      1059, 1058, 1060, -1,
      1060, 1058, 1057, -1,
      1060, 1057, 1061, -1,
      1061, 1057, 1056, -1,
      1061, 1056, 1062, -1,
      1062, 1056, 1055, -1,
      1062, 1055, 929, -1,
      929, 1055, 930, -1,
      900, 901, 1063, -1,
      1063, 901, 949, -1,
      1063, 949, 1064, -1,
      1064, 949, 1059, -1,
      1064, 1059, 1065, -1,
      1065, 1059, 1060, -1,
      1065, 1060, 1066, -1,
      1066, 1060, 1061, -1,
      1066, 1061, 1067, -1,
      1067, 1061, 1062, -1,
      1067, 1062, 934, -1,
      934, 1062, 929, -1,
      934, 933, 1067, -1,
      1067, 933, 1068, -1,
      1067, 1068, 1066, -1,
      1066, 1068, 1069, -1,
      1066, 1069, 1065, -1,
      1065, 1069, 1070, -1,
      1065, 1070, 1064, -1,
      1064, 1070, 1071, -1,
      1064, 1071, 1063, -1,
      1063, 1071, 1072, -1,
      1063, 1072, 900, -1,
      900, 1072, 899, -1,
      933, 932, 1068, -1,
      1068, 932, 1073, -1,
      1068, 1073, 1069, -1,
      1069, 1073, 1074, -1,
      1069, 1074, 1070, -1,
      1070, 1074, 1075, -1,
      1070, 1075, 1071, -1,
      1071, 1075, 1076, -1,
      1071, 1076, 1072, -1,
      1072, 1076, 948, -1,
      1072, 948, 899, -1,
      899, 948, 898, -1,
      896, 897, 947, -1,
      947, 897, 948, -1,
      947, 948, 1077, -1,
      1077, 948, 1076, -1,
      1077, 1076, 1078, -1,
      1078, 1076, 1075, -1,
      1078, 1075, 1079, -1,
      1079, 1075, 1074, -1,
      1079, 1074, 1080, -1,
      1080, 1074, 1073, -1,
      1080, 1073, 937, -1,
      937, 1073, 932, -1,
      893, 892, 1081, -1,
      1081, 892, 947, -1,
      1081, 947, 1082, -1,
      1082, 947, 1077, -1,
      1082, 1077, 1083, -1,
      1083, 1077, 1078, -1,
      1083, 1078, 1084, -1,
      1084, 1078, 1079, -1,
      1084, 1079, 1085, -1,
      1085, 1079, 1080, -1,
      1085, 1080, 936, -1,
      936, 1080, 937, -1,
      936, 935, 1085, -1,
      1085, 935, 1086, -1,
      1085, 1086, 1084, -1,
      1084, 1086, 1087, -1,
      1084, 1087, 1083, -1,
      1083, 1087, 1088, -1,
      1083, 1088, 1082, -1,
      1082, 1088, 1089, -1,
      1082, 1089, 1081, -1,
      1081, 1089, 946, -1,
      1081, 946, 893, -1,
      893, 946, 894, -1,
      890, 895, 987, -1,
      987, 895, 946, -1,
      987, 946, 985, -1,
      985, 946, 1089, -1,
      985, 1089, 983, -1,
      983, 1089, 1088, -1,
      983, 1088, 981, -1,
      981, 1088, 1087, -1,
      981, 1087, 979, -1,
      979, 1087, 1086, -1,
      979, 1086, 940, -1,
      940, 1086, 935, -1,
      945, 888, 987, -1,
      987, 888, 891, -1,
      987, 891, 890, -1,
      887, 889, 1090, -1,
      1090, 889, 945, -1,
      1090, 945, 1091, -1,
      1091, 945, 986, -1,
      1091, 986, 1092, -1,
      1092, 986, 984, -1,
      1092, 984, 1093, -1,
      1093, 984, 982, -1,
      1093, 982, 1094, -1,
      1094, 982, 980, -1,
      1094, 980, 938, -1,
      938, 980, 939, -1,
      938, 942, 1094, -1,
      1094, 942, 1095, -1,
      1094, 1095, 1093, -1,
      1093, 1095, 1096, -1,
      1093, 1096, 1092, -1,
      1092, 1096, 1097, -1,
      1092, 1097, 1091, -1,
      1091, 1097, 1098, -1,
      1091, 1098, 1090, -1,
      1090, 1098, 944, -1,
      1090, 944, 887, -1,
      887, 944, 886, -1,
      884, 885, 943, -1,
      943, 885, 944, -1,
      943, 944, 1099, -1,
      1099, 944, 1098, -1,
      1099, 1098, 1100, -1,
      1100, 1098, 1097, -1,
      1100, 1097, 1101, -1,
      1101, 1097, 1096, -1,
      1101, 1096, 1102, -1,
      1102, 1096, 1095, -1,
      1102, 1095, 941, -1,
      941, 1095, 942, -1,
      882, 883, 1103, -1,
      1103, 883, 943, -1,
      1103, 943, 1104, -1,
      1104, 943, 1099, -1,
      1104, 1099, 1105, -1,
      1105, 1099, 1100, -1,
      1105, 1100, 1106, -1,
      1106, 1100, 1101, -1,
      1106, 1101, 1107, -1,
      1107, 1101, 1102, -1,
      1107, 1102, 913, -1,
      913, 1102, 941, -1,
      913, 912, 1107, -1,
      1107, 912, 988, -1,
      1107, 988, 1106, -1,
      1106, 988, 990, -1,
      1106, 990, 1105, -1,
      1105, 990, 992, -1,
      1105, 992, 1104, -1,
      1104, 992, 994, -1,
      1104, 994, 1103, -1,
      1103, 994, 996, -1,
      1103, 996, 882, -1,
      882, 996, 881, -1,
    ]
  }
}

Shape {
  appearance Appearance {
    material Material {
      diffuseColor 0.6667 0.6667 0.6667
      specularColor 0.4667 0.4667 0.4667
      ambientIntensity 0.2
      transparency 0.0000
      shininess 0.5
    }
  }
  geometry IndexedFaceSet {
    ccw TRUE
    solid FALSE
    coord DEF co Coordinate {
      point [
        0.000000 0.706680 0.118110,
        -0.354331 0.613719 0.118110,
        -0.258903 0.659674 0.118110,
        -0.157692 0.690894 0.118110,
        -0.052958 0.706680 0.118110,
        -0.638482 0.307477 0.118110,
        -0.585524 0.399203 0.118110,
        -0.519485 0.482012 0.118110,
        -0.441843 0.554054 0.118110,
        0.677178 0.208881 0.118110,
        0.441843 0.554054 0.118110,
        0.519485 0.482012 0.118110,
        0.585524 0.399203 0.118110,
        0.638482 0.307477 0.118110,
        0.700746 0.105620 0.118110,
        0.708661 0.000000 0.118110,
        0.258903 0.659674 0.118110,
        0.354331 0.613719 0.118110,
        0.052958 0.706680 0.118110,
        0.157692 0.690894 0.118110,
        0.000000 -0.706680 0.118110,
        0.258903 -0.659674 0.118110,
        0.157692 -0.690894 0.118110,
        0.052958 -0.706680 0.118110,
        0.354331 -0.613719 0.118110,
        0.441843 -0.554054 0.118110,
        0.519485 -0.482012 0.118110,
        0.585524 -0.399203 0.118110,
        0.638482 -0.307477 0.118110,
        0.677178 -0.208881 0.118110,
        0.700746 -0.105620 0.118110,
        -0.708661 0.000000 0.118110,
        -0.052958 -0.706680 0.118110,
        -0.677178 -0.208881 0.118110,
        -0.700746 -0.105620 0.118110,
        -0.441843 -0.554054 0.118110,
        -0.519485 -0.482012 0.118110,
        -0.585524 -0.399203 0.118110,
        -0.638482 -0.307477 0.118110,
        -0.157692 -0.690894 0.118110,
        -0.258903 -0.659674 0.118110,
        -0.354331 -0.613719 0.118110,
        -0.700746 0.105620 0.118110,
        -0.677178 0.208881 0.118110,
        -0.700746 0.105620 0.000000,
        -0.708661 0.000000 0.000000,
        0.258903 0.659674 0.000000,
        0.354331 0.613719 0.000000,
        0.441843 0.554054 0.000000,
        0.677178 -0.208881 0.000000,
        0.638482 -0.307477 0.000000,
        0.585524 -0.399203 0.000000,
        0.677178 0.208881 0.000000,
        0.638482 0.307477 0.000000,
        0.585524 0.399203 0.000000,
        0.519485 0.482012 0.000000,
        -0.258903 -0.659674 0.000000,
        -0.354331 -0.613719 0.000000,
        -0.441843 -0.554054 0.000000,
        0.700746 -0.105620 0.000000,
        0.708661 0.000000 0.000000,
        0.700746 0.105620 0.000000,
        -0.157692 0.690894 0.000000,
        -0.258903 0.659674 0.000000,
        -0.519485 0.482012 0.000000,
        -0.585524 0.399203 0.000000,
        -0.700746 -0.105620 0.000000,
        -0.677178 -0.208881 0.000000,
        0.157692 -0.690894 0.000000,
        0.258903 -0.659674 0.000000,
        0.157692 0.690894 0.000000,
        0.052958 0.706680 0.000000,
        -0.052958 0.706680 0.000000,
        -0.638482 0.307477 0.000000,
        -0.677178 0.208881 0.000000,
        -0.519485 -0.482012 0.000000,
        -0.638482 -0.307477 0.000000,
        -0.585524 -0.399203 0.000000,
        -0.157692 -0.690894 0.000000,
        -0.052958 -0.706680 0.000000,
        0.052958 -0.706680 0.000000,
        0.441843 -0.554054 0.000000,
        -0.354331 0.613719 0.000000,
        -0.441843 0.554054 0.000000,
        0.519485 -0.482012 0.000000,
        0.354331 -0.613719 0.000000,
      ]
    }
    coordIndex [
      71, 0, 72, -1,
      72, 0, 4, -1,
      72, 4, 62, -1,
      62, 4, 3, -1,
      62, 3, 63, -1,
      63, 3, 2, -1,
      63, 2, 82, -1,
      82, 2, 1, -1,
      82, 1, 83, -1,
      83, 1, 8, -1,
      83, 8, 64, -1,
      64, 8, 7, -1,
      64, 7, 65, -1,
      65, 7, 6, -1,
      65, 6, 73, -1,
      73, 6, 5, -1,
      73, 5, 74, -1,
      74, 5, 43, -1,
      74, 43, 44, -1,
      44, 43, 42, -1,
      44, 42, 45, -1,
      45, 42, 31, -1,
      45, 31, 66, -1,
      66, 31, 34, -1,
      66, 34, 67, -1,
      67, 34, 33, -1,
      67, 33, 76, -1,
      76, 33, 38, -1,
      76, 38, 77, -1,
      77, 38, 37, -1,
      77, 37, 75, -1,
      75, 37, 36, -1,
      75, 36, 58, -1,
      58, 36, 35, -1,
      58, 35, 57, -1,
      57, 35, 41, -1,
      57, 41, 56, -1,
      56, 41, 40, -1,
      56, 40, 78, -1,
      78, 40, 39, -1,
      78, 39, 79, -1,
      39, 32, 79, -1,
      79, 32, 20, -1,
      79, 20, 80, -1,
      80, 20, 23, -1,
      80, 23, 68, -1,
      68, 23, 22, -1,
      68, 22, 69, -1,
      69, 22, 21, -1,
      69, 21, 85, -1,
      85, 21, 24, -1,
      85, 24, 81, -1,
      81, 24, 25, -1,
      81, 25, 84, -1,
      84, 25, 26, -1,
      84, 26, 51, -1,
      51, 26, 27, -1,
      51, 27, 50, -1,
      50, 27, 28, -1,
      50, 28, 49, -1,
      49, 28, 29, -1,
      49, 29, 59, -1,
      59, 29, 30, -1,
      59, 30, 60, -1,
      60, 30, 15, -1,
      60, 15, 61, -1,
      61, 15, 14, -1,
      61, 14, 52, -1,
      52, 14, 9, -1,
      52, 9, 53, -1,
      53, 9, 13, -1,
      53, 13, 54, -1,
      54, 13, 12, -1,
      54, 12, 55, -1,
      55, 12, 11, -1,
      55, 11, 48, -1,
      48, 11, 10, -1,
      48, 10, 47, -1,
      47, 10, 17, -1,
      47, 17, 46, -1,
      46, 17, 16, -1,
      46, 16, 70, -1,
      70, 16, 19, -1,
      70, 19, 71, -1,
      71, 19, 18, -1,
      71, 18, 0, -1,
    ]
  }
}

Shape {
  appearance Appearance {
    material Material {
      diffuseColor 0.2078 0.2078 0.2078
      specularColor 0.0157 0.0157 0.0157
      ambientIntensity 0.2
      transparency 0.0000
      shininess 0.5
    }
  }
  geometry IndexedFaceSet {
    ccw TRUE
    solid FALSE
    coord DEF co Coordinate {
      point [
        -1.181102 -1.062992 0.000000,
        -1.177078 -1.093561 0.000000,
        -1.165279 -1.122047 0.000000,
        -1.146509 -1.146509 0.000000,
        -1.122047 -1.165279 0.000000,
        -1.093561 -1.177078 0.000000,
        -1.062992 -1.181102 0.000000,
        1.062992 -1.181102 0.000000,
        1.093561 -1.177078 0.000000,
        1.122047 -1.165279 0.000000,
        1.146509 -1.146509 0.000000,
        1.165279 -1.122047 0.000000,
        1.177078 -1.093561 0.000000,
        1.181102 -1.062992 0.000000,
        1.181102 1.062992 0.000000,
        1.177078 1.093561 0.000000,
        1.165279 1.122047 0.000000,
        1.146509 1.146509 0.000000,
        1.122047 1.165279 0.000000,
        1.093561 1.177078 0.000000,
        1.062992 1.181102 0.000000,
        -1.062992 1.181102 0.000000,
        -1.093561 1.177078 0.000000,
        -1.122047 1.165279 0.000000,
        -1.146509 1.146509 0.000000,
        -1.165279 1.122047 0.000000,
        -1.177078 1.093561 0.000000,
        -1.181102 1.062992 0.000000,
        -1.181102 -1.062992 -1.259843,
        -1.181102 -0.106263 -1.259843,
        0.103226 -0.106263 -1.259843,
        0.168531 0.072583 -1.259843,
        0.187914 0.070406 -1.259843,
        0.125959 -0.075209 -1.259843,
        0.122431 -0.094860 -1.259843,
        0.143415 -0.103476 -1.259843,
        0.219934 -0.098381 -1.259843,
        0.285673 -0.105063 -1.259843,
        0.200854 -0.104948 -1.259843,
        0.188172 -0.106263 -1.259843,
        0.144604 0.069474 -1.259843,
        0.122431 -0.073254 -1.259843,
        0.122431 0.059980 -1.259843,
        0.103226 1.181102 -1.259843,
        0.122431 0.086386 -1.259843,
        0.202648 0.065089 -1.259843,
        0.216273 0.055974 -1.259843,
        0.228160 0.042850 -1.259843,
        0.242462 -0.008738 -1.259843,
        0.240469 -0.030048 -1.259843,
        0.235121 -0.046980 -1.259843,
        0.191317 -0.083798 -1.259843,
        0.172957 -0.085858 -1.259843,
        0.205661 -0.078518 -1.259843,
        0.217742 -0.070375 -1.259843,
        0.226980 -0.060630 -1.259843,
        0.146827 -0.082957 -1.259843,
        0.258480 0.039940 -1.259843,
        0.246942 0.058344 -1.259843,
        0.360092 0.091788 -1.259843,
        0.386499 0.091788 -1.259843,
        1.062992 1.181102 -1.259843,
        1.093561 1.177078 -1.259843,
        0.236276 0.027652 -1.259843,
        0.241523 0.006578 -1.259843,
        1.122047 1.165279 -1.259843,
        1.146509 1.146509 -1.259843,
        1.165279 1.122047 -1.259843,
        1.181102 -0.106263 -1.259843,
        0.386499 -0.105063 -1.259843,
        1.181102 1.062992 -1.259843,
        1.177078 1.093561 -1.259843,
        0.235768 -0.088269 -1.259843,
        0.250554 -0.072703 -1.259843,
        0.285673 -0.083457 -1.259843,
        0.261041 -0.053985 -1.259843,
        0.360092 -0.083457 -1.259843,
        0.229170 0.075436 -1.259843,
        0.210472 0.086199 -1.259843,
        0.188527 0.092574 -1.259843,
        0.266965 -0.033149 -1.259843,
        0.268869 -0.010351 -1.259843,
        0.266037 0.017635 -1.259843,
        0.168756 0.094188 -1.259843,
        0.145191 0.092562 -1.259843,
        0.176595 -0.107463 -1.259843,
        1.181102 -1.062992 -1.259843,
        1.177078 -1.093561 -1.259843,
        1.165279 -1.122047 -1.259843,
        1.146509 -1.146509 -1.259843,
        1.122047 -1.165279 -1.259843,
        1.093561 -1.177078 -1.259843,
        1.062992 -1.181102 -1.259843,
        0.171213 -0.107371 -1.259843,
        0.103226 -1.181102 -1.259843,
        0.163306 -0.106263 -1.259843,
        -0.232859 -0.105063 -1.259843,
        -0.208626 -0.051110 -1.259843,
        -0.197337 -0.068717 -1.259843,
        -0.021606 -0.105063 -1.259843,
        0.084022 -0.105063 -1.259843,
        0.084022 0.091788 -1.259843,
        -0.016804 0.070182 -1.259843,
        0.057615 0.070182 -1.259843,
        0.057615 0.005366 -1.259843,
        -0.181135 -0.084231 -1.259843,
        -0.160581 -0.096176 -1.259843,
        -0.137898 -0.102937 -1.259843,
        -0.307279 0.091788 -1.259843,
        -0.333685 0.091788 -1.259843,
        -1.093561 1.177078 -1.259843,
        -0.016804 0.091788 -1.259843,
        -1.062992 1.181102 -1.259843,
        -0.060015 0.091788 -1.259843,
        -0.012003 0.005366 -1.259843,
        -0.012003 -0.016240 -1.259843,
        0.057615 -0.016240 -1.259843,
        0.057615 -0.083457 -1.259843,
        -0.021606 -0.083457 -1.259843,
        -0.060015 -0.105063 -1.259843,
        -0.113542 -0.105063 -1.259843,
        -0.167038 0.080660 -1.259843,
        -0.188464 0.066302 -1.259843,
        -0.188670 0.066121 -1.259843,
        -0.202590 0.050685 -1.259843,
        -0.211738 0.033756 -1.259843,
        -0.115567 0.091788 -1.259843,
        -0.144007 0.088748 -1.259843,
        -1.177078 1.093561 -1.259843,
        -1.165279 1.122047 -1.259843,
        -0.217025 0.014361 -1.259843,
        -0.218456 -0.004162 -1.259843,
        -0.215694 -0.030506 -1.259843,
        -0.381698 -0.105063 -1.259843,
        -0.410505 -0.105063 -1.259843,
        -1.181102 1.062992 -1.259843,
        -1.146509 1.146509 -1.259843,
        -1.122047 1.165279 -1.259843,
        -0.361780 -0.049848 -1.259843,
        -0.280459 -0.049848 -1.259843,
        -0.261667 -0.105063 -1.259843,
        -1.093561 -1.177078 -1.259843,
        -1.122047 -1.165279 -1.259843,
        -1.146509 -1.146509 -1.259843,
        -1.165279 -1.122047 -1.259843,
        -1.177078 -1.093561 -1.259843,
        -1.062992 -1.181102 -1.259843,
        -1.181102 -0.748031 -0.748031,
        -1.181102 -1.023622 -0.748031,
        -1.181102 1.023622 -0.748031,
        -1.181102 0.748031 -0.748031,
        -1.181102 -1.023622 -0.866142,
        -1.181102 -0.748031 -0.866142,
        -1.181102 0.748031 -0.866142,
        -1.181102 1.023622 -0.866142,
        1.181102 -0.748031 -0.748031,
        1.181102 -1.023622 -0.748031,
        1.181102 0.748031 -0.866142,
        1.181102 0.748031 -0.748031,
        1.181102 1.023622 -0.866142,
        1.181102 1.023622 -0.748031,
        1.181102 -0.748031 -0.866142,
        1.181102 -1.023622 -0.866142,
        0.092483 0.682741 0.000000,
        0.212906 0.655256 0.000000,
        0.688976 0.000000 0.000000,
        0.677904 -0.123022 0.000000,
        0.645044 -0.242089 0.000000,
        -0.030911 0.688283 0.000000,
        -0.153312 0.671702 0.000000,
        -0.476126 0.497989 0.000000,
        -0.379555 0.575001 0.000000,
        -0.270785 0.633533 0.000000,
        -0.557394 -0.404970 0.000000,
        -0.620746 -0.298936 0.000000,
        0.591451 0.353376 0.000000,
        0.645044 0.242089 0.000000,
        0.677904 0.123022 0.000000,
        0.429570 -0.538663 0.000000,
        0.326484 -0.606709 0.000000,
        0.212906 -0.655256 0.000000,
        0.092483 -0.682741 0.000000,
        -0.030911 -0.688283 0.000000,
        -0.153312 -0.671702 0.000000,
        0.429570 0.538663 0.000000,
        0.518848 0.453304 0.000000,
        0.326484 0.606709 0.000000,
        -0.664148 0.183293 0.000000,
        -0.620746 0.298936 0.000000,
        -0.557394 0.404970 0.000000,
        0.591451 -0.353376 0.000000,
        0.518848 -0.453304 0.000000,
        -0.476126 -0.497989 0.000000,
        -0.664148 -0.183293 0.000000,
        -0.686203 -0.061759 0.000000,
        -0.686203 0.061759 0.000000,
        -0.270785 -0.633533 0.000000,
        -0.379555 -0.575001 0.000000,
        -0.680354 0.043680 0.827459,
        -0.678122 0.060998 0.827459,
        0.594026 0.334549 0.827459,
        0.659458 0.172930 0.827459,
        0.637432 0.239269 0.827459,
        0.631930 0.255840 0.827459,
        0.489739 0.474285 0.827459,
        0.512387 0.447681 0.827459,
        0.546368 0.407765 0.827459,
        0.584501 0.349183 0.827459,
        0.425067 0.533018 0.827459,
        0.353417 0.582998 0.827459,
        0.322441 0.599159 0.827459,
        0.108808 0.673017 0.827459,
        0.193978 0.653577 0.827459,
        0.210365 0.647546 0.827459,
        0.275963 0.623406 0.827459,
        -0.065464 0.678605 0.827459,
        -0.030544 0.679725 0.827459,
        0.021851 0.681405 0.827459,
        0.091428 0.674693 0.827459,
        -0.151705 0.664662 0.827459,
        -0.235454 0.639806 0.827459,
        -0.267403 0.625663 0.827459,
        -0.458344 0.504689 0.827459,
        -0.390044 0.559157 0.827459,
        -0.375112 0.568208 0.827459,
        -0.315338 0.604444 0.827459,
        -0.571371 0.371921 0.827459,
        -0.550474 0.399921 0.827459,
        -0.519120 0.441933 0.827459,
        -0.470492 0.492146 0.827459,
        -0.614240 0.295802 0.827459,
        -0.647024 0.214827 0.827459,
        -0.655886 0.181031 0.827459,
        -0.669183 0.130323 0.827459,
        -0.681755 -0.000000 0.827459,
        -0.680354 -0.043680 0.827459,
        -0.647024 -0.214827 0.827459,
        -0.655886 -0.181031 0.827459,
        -0.669183 -0.130323 0.827459,
        -0.678122 -0.060998 0.827459,
        -0.614240 -0.295802 0.827459,
        -0.571371 -0.371921 0.827459,
        -0.550474 -0.399921 0.827459,
        -0.390044 -0.559157 0.827459,
        -0.458344 -0.504689 0.827459,
        -0.470492 -0.492146 0.827459,
        -0.519120 -0.441933 0.827459,
        -0.235454 -0.639806 0.827459,
        -0.267403 -0.625663 0.827459,
        -0.315338 -0.604444 0.827459,
        -0.375112 -0.568208 0.827459,
        -0.151705 -0.664662 0.827459,
        -0.065464 -0.678605 0.827459,
        -0.030544 -0.679725 0.827459,
        0.193978 -0.653577 0.827459,
        0.108808 -0.673017 0.827459,
        0.091428 -0.674693 0.827459,
        0.021851 -0.681405 0.827459,
        0.353417 -0.582998 0.827459,
        0.322441 -0.599159 0.827459,
        0.275963 -0.623406 0.827459,
        0.210365 -0.647546 0.827459,
        0.425067 -0.533018 0.827459,
        0.489739 -0.474285 0.827459,
        0.512387 -0.447681 0.827459,
        0.637432 -0.239269 0.827459,
        0.631930 -0.255840 0.827459,
        0.594026 -0.334549 0.827459,
        0.584501 -0.349183 0.827459,
        0.546368 -0.407765 0.827459,
        0.659458 -0.172930 0.827459,
        0.669479 -0.121475 0.827459,
        0.669479 0.121475 0.827459,
        0.676158 0.087181 0.827459,
        0.681755 0.000000 0.827459,
        0.676158 -0.087181 0.827459,
        0.603018 -0.000000 0.905512,
        0.598067 0.077112 0.905512,
        0.000000 0.000000 0.905512,
        0.558948 -0.226293 0.905512,
        0.583296 -0.152958 0.905512,
        0.598067 -0.077112 0.905512,
        0.433178 -0.419509 0.905512,
        0.483267 -0.360672 0.905512,
        0.525421 -0.295911 0.905512,
        0.244092 -0.551407 0.905512,
        0.312600 -0.515667 0.905512,
        0.375976 -0.471459 0.905512,
        0.019328 -0.602708 0.905512,
        0.096242 -0.595289 0.905512,
        0.171575 -0.578094 0.905512,
        -0.208261 -0.565913 0.905512,
        -0.134184 -0.587899 0.905512,
        -0.057904 -0.600231 0.905512,
        -0.405409 -0.446401 0.905512,
        -0.344997 -0.494579 0.905512,
        -0.278919 -0.534635 0.905512,
        -0.543300 -0.261640 0.905512,
        -0.505382 -0.328967 0.905512,
        -0.459166 -0.390893 0.905512,
        -0.601779 -0.038635 0.905512,
        -0.591898 -0.115272 0.905512,
        -0.572298 -0.190016 0.905512,
        -0.572298 0.190016 0.905512,
        -0.591898 0.115272 0.905512,
        -0.601779 0.038635 0.905512,
        -0.459166 0.390893 0.905512,
        -0.505382 0.328967 0.905512,
        -0.543300 0.261640 0.905512,
        -0.278919 0.534635 0.905512,
        -0.344997 0.494579 0.905512,
        -0.405409 0.446401 0.905512,
        -0.057904 0.600231 0.905512,
        -0.134184 0.587899 0.905512,
        -0.208261 0.565913 0.905512,
        0.171575 0.578094 0.905512,
        0.096242 0.595289 0.905512,
        0.019328 0.602708 0.905512,
        0.375976 0.471459 0.905512,
        0.312600 0.515667 0.905512,
        0.244092 0.551407 0.905512,
        0.525421 0.295911 0.905512,
        0.483267 0.360672 0.905512,
        0.433178 0.419509 0.905512,
        0.583296 0.152958 0.905512,
        0.558948 0.226293 0.905512,
        0.656721 0.172213 0.847704,
        0.544100 0.406072 0.847704,
        0.274818 0.620818 0.847704,
        0.021761 0.678576 0.847704,
        -0.314029 0.601934 0.847704,
        -0.516965 0.440098 0.847704,
        -0.666405 -0.129782 0.847704,
        -0.516965 -0.440098 0.847704,
        -0.314029 -0.601934 0.847704,
        0.021761 -0.678576 0.847704,
        0.274818 -0.620818 0.847704,
        0.544100 -0.406072 0.847704,
        0.656721 -0.172213 0.847704,
        0.618170 -0.079704 0.902858,
        0.602902 -0.158100 0.902858,
        0.636917 -0.082121 0.895077,
        0.621187 -0.162894 0.895077,
        0.653046 -0.084201 0.882692,
        0.636918 -0.167019 0.882692,
        0.665470 -0.085803 0.866538,
        0.649035 -0.170197 0.866538,
        0.673351 -0.086819 0.847704,
        0.543081 -0.305858 0.902858,
        0.499511 -0.372794 0.902858,
        0.559552 -0.315134 0.895077,
        0.514659 -0.384100 0.895077,
        0.573722 -0.323114 0.882692,
        0.527693 -0.393827 0.882692,
        0.584637 -0.329261 0.866538,
        0.537731 -0.401320 0.866538,
        0.591560 -0.333161 0.847704,
        0.323107 -0.532999 0.902858,
        0.252296 -0.569941 0.902858,
        0.332906 -0.549164 0.895077,
        0.259948 -0.587226 0.895077,
        0.341337 -0.563071 0.882692,
        0.266531 -0.602097 0.882692,
        0.347830 -0.573783 0.866538,
        0.271601 -0.613552 0.866538,
        0.351950 -0.580578 0.847704,
        0.099476 -0.615298 0.902858,
        0.019977 -0.622967 0.902858,
        0.102493 -0.633958 0.895077,
        0.020583 -0.641860 0.895077,
        0.105089 -0.650012 0.882692,
        0.021104 -0.658114 0.882692,
        0.107088 -0.662378 0.866538,
        0.021506 -0.670634 0.866538,
        0.108356 -0.670222 0.847704,
        -0.215261 -0.584935 0.902858,
        -0.288294 -0.552606 0.902858,
        -0.221790 -0.602675 0.895077,
        -0.297037 -0.569365 0.895077,
        -0.227406 -0.617937 0.882692,
        -0.304559 -0.583783 0.882692,
        -0.231733 -0.629693 0.866538,
        -0.310354 -0.594889 0.866538,
        -0.234477 -0.637150 0.847704,
        -0.419036 -0.461406 0.902858,
        -0.474599 -0.404032 0.902858,
        -0.431745 -0.475399 0.895077,
        -0.488993 -0.416285 0.895077,
        -0.442678 -0.487438 0.882692,
        -0.501376 -0.426828 0.882692,
        -0.451100 -0.496711 0.866538,
        -0.510914 -0.434948 0.866538,
        -0.456442 -0.502593 0.847704,
        -0.591534 -0.196403 0.902858,
        -0.611793 -0.119147 0.902858,
        -0.609474 -0.202359 0.895077,
        -0.630347 -0.122760 0.895077,
        -0.624908 -0.207484 0.882692,
        -0.646310 -0.125869 0.882692,
        -0.636796 -0.211431 0.866538,
        -0.658606 -0.128263 0.866538,
        -0.644338 -0.213935 0.847704,
        -0.622006 -0.039934 0.902858,
        -0.622006 0.039934 0.902858,
        -0.640870 -0.041145 0.895077,
        -0.640870 0.041145 0.895077,
        -0.657100 -0.042187 0.882692,
        -0.657100 0.042187 0.882692,
        -0.669600 -0.042990 0.866538,
        -0.669600 0.042990 0.866538,
        -0.677530 -0.043499 0.847704,
        -0.677530 0.043499 0.847704,
        -0.522369 0.340025 0.902858,
        -0.474599 0.404032 0.902858,
        -0.538211 0.350337 0.895077,
        -0.488993 0.416285 0.895077,
        -0.551841 0.359209 0.882692,
        -0.501376 0.426828 0.882692,
        -0.562339 0.366043 0.866538,
        -0.510914 0.434948 0.866538,
        -0.568999 0.370377 0.847704,
        -0.356593 0.511203 0.902858,
        -0.288294 0.552606 0.902858,
        -0.367407 0.526706 0.895077,
        -0.297037 0.569365 0.895077,
        -0.376711 0.540044 0.882692,
        -0.304559 0.583783 0.882692,
        -0.383878 0.550318 0.866538,
        -0.310354 0.594889 0.866538,
        -0.388424 0.556835 0.847704,
        -0.059850 0.620407 0.902858,
        0.019977 0.622967 0.902858,
        -0.061665 0.639222 0.895077,
        0.020583 0.641860 0.895077,
        -0.063227 0.655410 0.882692,
        0.021104 0.658114 0.882692,
        -0.064430 0.667878 0.866538,
        0.021506 0.670634 0.866538,
        -0.065193 0.675788 0.847704,
        0.177342 0.597525 0.902858,
        0.252296 0.569941 0.902858,
        0.182720 0.615646 0.895077,
        0.259948 0.587226 0.895077,
        0.187348 0.631237 0.882692,
        0.266531 0.602097 0.882692,
        0.190912 0.643246 0.866538,
        0.271601 0.613552 0.866538,
        0.193173 0.650864 0.847704,
        0.447738 0.433610 0.902858,
        0.499511 0.372794 0.902858,
        0.461317 0.446760 0.895077,
        0.514659 0.384100 0.895077,
        0.472999 0.458074 0.882692,
        0.527693 0.393827 0.882692,
        0.481997 0.466788 0.866538,
        0.537731 0.401320 0.866538,
        0.487706 0.472316 0.847704,
        0.577735 0.233899 0.902858,
        0.602902 0.158100 0.902858,
        0.595256 0.240993 0.895077,
        0.621187 0.162894 0.895077,
        0.610331 0.247095 0.882692,
        0.636918 0.167019 0.882692,
        0.621942 0.251796 0.866538,
        0.649035 0.170197 0.866538,
        0.629307 0.254778 0.847704,
        0.623287 0.000000 0.902858,
        0.642190 0.000000 0.895077,
        0.658452 0.000000 0.882692,
        0.670979 0.000000 0.866538,
        0.678925 0.000000 0.847704,
        0.629307 -0.254778 0.847704,
        0.621942 -0.251796 0.866538,
        0.610331 -0.247095 0.882692,
        0.595256 -0.240993 0.895077,
        0.577735 -0.233899 0.902858,
        0.487706 -0.472316 0.847704,
        0.481997 -0.466788 0.866538,
        0.472999 -0.458074 0.882692,
        0.461317 -0.446760 0.895077,
        0.447738 -0.433610 0.902858,
        0.388613 -0.487306 0.902858,
        0.400399 -0.502084 0.895077,
        0.410538 -0.514799 0.882692,
        0.418348 -0.524593 0.866538,
        0.423303 -0.530805 0.847704,
        0.193173 -0.650864 0.847704,
        0.190912 -0.643246 0.866538,
        0.187348 -0.631237 0.882692,
        0.182720 -0.615646 0.895077,
        0.177342 -0.597525 0.902858,
        -0.065193 -0.675788 0.847704,
        -0.064430 -0.667878 0.866538,
        -0.063227 -0.655410 0.882692,
        -0.061665 -0.639222 0.895077,
        -0.059850 -0.620407 0.902858,
        -0.138694 -0.607660 0.902858,
        -0.142901 -0.626089 0.895077,
        -0.146519 -0.641944 0.882692,
        -0.149307 -0.654156 0.866538,
        -0.151075 -0.661903 0.847704,
        -0.388424 -0.556835 0.847704,
        -0.383878 -0.550318 0.866538,
        -0.376711 -0.540044 0.882692,
        -0.367407 -0.526706 0.895077,
        -0.356593 -0.511203 0.902858,
        -0.568999 -0.370377 0.847704,
        -0.562339 -0.366043 0.866538,
        -0.551841 -0.359209 0.882692,
        -0.538211 -0.350337 0.895077,
        -0.522369 -0.340025 0.902858,
        -0.561562 -0.270434 0.902858,
        -0.578593 -0.278636 0.895077,
        -0.593245 -0.285692 0.882692,
        -0.604531 -0.291127 0.866538,
        -0.611690 -0.294574 0.847704,
        -0.666405 0.129782 0.847704,
        -0.658606 0.128263 0.866538,
        -0.646310 0.125869 0.882692,
        -0.630347 0.122760 0.895077,
        -0.611793 0.119147 0.902858,
        -0.644338 0.213935 0.847704,
        -0.636796 0.211431 0.866538,
        -0.624908 0.207484 0.882692,
        -0.609474 0.202359 0.895077,
        -0.591534 0.196403 0.902858,
        -0.561562 0.270434 0.902858,
        -0.578593 0.278636 0.895077,
        -0.593245 0.285692 0.882692,
        -0.604531 0.291127 0.866538,
        -0.611690 0.294574 0.847704,
        -0.456442 0.502593 0.847704,
        -0.451100 0.496711 0.866538,
        -0.442678 0.487438 0.882692,
        -0.431745 0.475399 0.895077,
        -0.419036 0.461406 0.902858,
        -0.234477 0.637150 0.847704,
        -0.231733 0.629693 0.866538,
        -0.227406 0.617937 0.882692,
        -0.221790 0.602675 0.895077,
        -0.215261 0.584935 0.902858,
        -0.138694 0.607660 0.902858,
        -0.142901 0.626089 0.895077,
        -0.146519 0.641944 0.882692,
        -0.149307 0.654156 0.866538,
        -0.151075 0.661903 0.847704,
        0.108356 0.670222 0.847704,
        0.107088 0.662378 0.866538,
        0.105089 0.650012 0.882692,
        0.102493 0.633958 0.895077,
        0.099476 0.615298 0.902858,
        0.351950 0.580578 0.847704,
        0.347830 0.573783 0.866538,
        0.341337 0.563071 0.882692,
        0.332906 0.549164 0.895077,
        0.323107 0.532999 0.902858,
        0.388613 0.487306 0.902858,
        0.400399 0.502084 0.895077,
        0.410538 0.514799 0.882692,
        0.418348 0.524593 0.866538,
        0.423303 0.530805 0.847704,
        0.591560 0.333161 0.847704,
        0.584637 0.329261 0.866538,
        0.573722 0.323114 0.882692,
        0.559552 0.315134 0.895077,
        0.543081 0.305858 0.902858,
        0.673351 0.086819 0.847704,
        0.665470 0.085803 0.866538,
        0.653046 0.084201 0.882692,
        0.636917 0.082121 0.895077,
        0.618170 0.079704 0.902858,
      ]
    }
    coordIndex [
      28, 29, 30, -1,
      31, 32, 33, -1,
      30, 34, 35, -1,
      36, 37, 38, -1,
      38, 37, 39, -1,
      31, 33, 40, -1,
      40, 33, 41, -1,
      40, 41, 42, -1,
      42, 41, 43, -1,
      42, 43, 44, -1,
      32, 45, 33, -1,
      33, 45, 46, -1,
      33, 46, 47, -1,
      48, 49, 33, -1,
      33, 49, 50, -1,
      51, 52, 53, -1,
      53, 52, 54, -1,
      50, 55, 33, -1,
      33, 55, 54, -1,
      33, 54, 56, -1,
      56, 54, 52, -1,
      57, 58, 59, -1,
      59, 58, 43, -1,
      59, 43, 60, -1,
      60, 43, 61, -1,
      60, 61, 62, -1,
      47, 63, 33, -1,
      33, 63, 64, -1,
      33, 64, 48, -1,
      62, 65, 60, -1,
      60, 65, 66, -1,
      60, 66, 67, -1,
      68, 69, 70, -1,
      70, 69, 60, -1,
      70, 60, 71, -1,
      71, 60, 67, -1,
      36, 72, 37, -1,
      37, 72, 73, -1,
      37, 73, 74, -1,
      74, 73, 75, -1,
      74, 75, 76, -1,
      58, 77, 43, -1,
      43, 77, 78, -1,
      43, 78, 79, -1,
      75, 80, 76, -1,
      76, 80, 81, -1,
      76, 81, 59, -1,
      59, 81, 82, -1,
      59, 82, 57, -1,
      79, 83, 43, -1,
      43, 83, 84, -1,
      43, 84, 44, -1,
      37, 69, 39, -1,
      39, 69, 68, -1,
      39, 68, 85, -1,
      85, 68, 86, -1,
      85, 86, 87, -1,
      87, 88, 85, -1,
      85, 88, 89, -1,
      85, 89, 90, -1,
      90, 91, 85, -1,
      85, 91, 92, -1,
      85, 92, 93, -1,
      93, 92, 94, -1,
      93, 94, 95, -1,
      96, 97, 98, -1,
      99, 100, 30, -1,
      30, 100, 101, -1,
      102, 103, 104, -1,
      98, 105, 96, -1,
      96, 105, 106, -1,
      96, 106, 107, -1,
      108, 109, 110, -1,
      102, 110, 111, -1,
      111, 110, 112, -1,
      111, 112, 101, -1,
      101, 112, 43, -1,
      101, 43, 30, -1,
      30, 43, 41, -1,
      30, 41, 34, -1,
      113, 114, 115, -1,
      116, 117, 115, -1,
      115, 117, 118, -1,
      115, 118, 113, -1,
      113, 118, 99, -1,
      113, 99, 119, -1,
      119, 99, 30, -1,
      119, 30, 120, -1,
      108, 121, 122, -1,
      122, 123, 108, -1,
      108, 123, 124, -1,
      108, 124, 125, -1,
      104, 114, 102, -1,
      102, 114, 113, -1,
      102, 113, 110, -1,
      110, 113, 126, -1,
      110, 126, 108, -1,
      108, 126, 127, -1,
      108, 127, 121, -1,
      128, 129, 109, -1,
      125, 130, 108, -1,
      108, 130, 131, -1,
      108, 131, 96, -1,
      96, 131, 132, -1,
      96, 132, 97, -1,
      133, 30, 134, -1,
      134, 30, 29, -1,
      134, 29, 109, -1,
      109, 29, 135, -1,
      109, 135, 128, -1,
      129, 136, 109, -1,
      109, 136, 137, -1,
      109, 137, 110, -1,
      138, 139, 133, -1,
      133, 139, 140, -1,
      133, 140, 30, -1,
      30, 140, 96, -1,
      30, 96, 120, -1,
      120, 96, 107, -1,
      141, 142, 28, -1,
      142, 143, 28, -1,
      28, 143, 144, -1,
      28, 144, 145, -1,
      35, 95, 30, -1,
      30, 95, 94, -1,
      30, 94, 28, -1,
      28, 94, 146, -1,
      28, 146, 141, -1,
      146, 6, 5, -1,
      146, 5, 141, -1,
      141, 5, 4, -1,
      141, 4, 142, -1,
      142, 4, 3, -1,
      142, 3, 143, -1,
      143, 3, 2, -1,
      143, 2, 144, -1,
      144, 2, 1, -1,
      144, 1, 145, -1,
      145, 1, 0, -1,
      145, 0, 28, -1,
      147, 148, 0, -1,
      135, 149, 27, -1,
      27, 149, 150, -1,
      0, 148, 28, -1,
      28, 148, 151, -1,
      28, 151, 29, -1,
      29, 151, 152, -1,
      29, 152, 147, -1,
      0, 27, 147, -1,
      147, 27, 150, -1,
      147, 150, 29, -1,
      29, 150, 153, -1,
      29, 153, 135, -1,
      135, 153, 154, -1,
      135, 154, 149, -1,
      135, 27, 26, -1,
      135, 26, 128, -1,
      128, 26, 25, -1,
      128, 25, 129, -1,
      129, 25, 24, -1,
      129, 24, 136, -1,
      136, 24, 23, -1,
      136, 23, 137, -1,
      137, 23, 22, -1,
      137, 22, 110, -1,
      110, 22, 21, -1,
      110, 21, 112, -1,
      112, 21, 43, -1,
      43, 21, 20, -1,
      43, 20, 61, -1,
      61, 20, 19, -1,
      61, 19, 62, -1,
      62, 19, 18, -1,
      62, 18, 65, -1,
      65, 18, 17, -1,
      65, 17, 66, -1,
      66, 17, 16, -1,
      66, 16, 67, -1,
      67, 16, 15, -1,
      67, 15, 71, -1,
      71, 15, 14, -1,
      71, 14, 70, -1,
      155, 14, 156, -1,
      156, 14, 13, -1,
      156, 13, 86, -1,
      68, 157, 158, -1,
      157, 68, 159, -1,
      159, 68, 70, -1,
      159, 70, 160, -1,
      160, 70, 14, -1,
      160, 14, 158, -1,
      158, 14, 155, -1,
      158, 155, 68, -1,
      68, 155, 161, -1,
      68, 161, 86, -1,
      86, 161, 162, -1,
      86, 162, 156, -1,
      86, 13, 12, -1,
      86, 12, 87, -1,
      87, 12, 11, -1,
      87, 11, 88, -1,
      88, 11, 10, -1,
      88, 10, 89, -1,
      89, 10, 9, -1,
      89, 9, 90, -1,
      90, 9, 8, -1,
      90, 8, 91, -1,
      91, 8, 7, -1,
      91, 7, 92, -1,
      6, 146, 7, -1,
      7, 146, 94, -1,
      7, 94, 92, -1,
      20, 163, 164, -1,
      14, 165, 13, -1,
      13, 165, 166, -1,
      13, 166, 167, -1,
      163, 20, 168, -1,
      168, 20, 21, -1,
      168, 21, 169, -1,
      170, 171, 21, -1,
      21, 171, 172, -1,
      21, 172, 169, -1,
      0, 173, 174, -1,
      175, 176, 14, -1,
      14, 176, 177, -1,
      14, 177, 165, -1,
      7, 178, 179, -1,
      179, 180, 7, -1,
      7, 180, 181, -1,
      7, 181, 6, -1,
      6, 181, 182, -1,
      6, 182, 183, -1,
      21, 22, 170, -1,
      170, 22, 23, -1,
      170, 23, 24, -1,
      15, 184, 14, -1,
      14, 184, 185, -1,
      14, 185, 175, -1,
      15, 16, 184, -1,
      184, 16, 17, -1,
      184, 17, 18, -1,
      164, 186, 20, -1,
      20, 186, 184, -1,
      20, 184, 19, -1,
      19, 184, 18, -1,
      187, 188, 27, -1,
      27, 188, 189, -1,
      27, 189, 26, -1,
      26, 189, 170, -1,
      26, 170, 25, -1,
      25, 170, 24, -1,
      7, 8, 178, -1,
      178, 8, 9, -1,
      178, 9, 10, -1,
      167, 190, 13, -1,
      13, 190, 191, -1,
      13, 191, 12, -1,
      12, 191, 178, -1,
      12, 178, 11, -1,
      11, 178, 10, -1,
      2, 3, 192, -1,
      174, 193, 0, -1,
      0, 193, 194, -1,
      0, 194, 27, -1,
      27, 194, 195, -1,
      27, 195, 187, -1,
      183, 196, 6, -1,
      6, 196, 197, -1,
      6, 197, 5, -1,
      5, 197, 192, -1,
      5, 192, 4, -1,
      4, 192, 3, -1,
      173, 0, 192, -1,
      192, 0, 1, -1,
      192, 1, 2, -1,
      198, 199, 195, -1,
      176, 175, 200, -1,
      201, 177, 202, -1,
      202, 177, 176, -1,
      202, 176, 203, -1,
      203, 176, 200, -1,
      204, 205, 185, -1,
      185, 205, 206, -1,
      185, 206, 175, -1,
      175, 206, 207, -1,
      175, 207, 200, -1,
      204, 185, 208, -1,
      208, 185, 184, -1,
      208, 184, 209, -1,
      209, 184, 186, -1,
      209, 186, 210, -1,
      164, 163, 211, -1,
      211, 212, 164, -1,
      164, 212, 213, -1,
      164, 213, 186, -1,
      186, 213, 214, -1,
      186, 214, 210, -1,
      215, 216, 168, -1,
      168, 216, 217, -1,
      168, 217, 163, -1,
      163, 217, 218, -1,
      163, 218, 211, -1,
      215, 168, 219, -1,
      219, 168, 169, -1,
      219, 169, 220, -1,
      220, 169, 172, -1,
      220, 172, 221, -1,
      171, 170, 222, -1,
      222, 223, 171, -1,
      171, 223, 224, -1,
      171, 224, 172, -1,
      172, 224, 225, -1,
      172, 225, 221, -1,
      226, 227, 189, -1,
      189, 227, 228, -1,
      189, 228, 170, -1,
      170, 228, 229, -1,
      170, 229, 222, -1,
      226, 189, 230, -1,
      230, 189, 188, -1,
      230, 188, 231, -1,
      231, 188, 187, -1,
      231, 187, 232, -1,
      195, 199, 187, -1,
      187, 199, 233, -1,
      187, 233, 232, -1,
      198, 195, 234, -1,
      234, 195, 194, -1,
      234, 194, 235, -1,
      236, 237, 193, -1,
      193, 237, 238, -1,
      193, 238, 194, -1,
      194, 238, 239, -1,
      194, 239, 235, -1,
      236, 193, 240, -1,
      240, 193, 174, -1,
      240, 174, 241, -1,
      241, 174, 173, -1,
      241, 173, 242, -1,
      192, 197, 243, -1,
      243, 244, 192, -1,
      192, 244, 245, -1,
      192, 245, 173, -1,
      173, 245, 246, -1,
      173, 246, 242, -1,
      247, 248, 196, -1,
      196, 248, 249, -1,
      196, 249, 197, -1,
      197, 249, 250, -1,
      197, 250, 243, -1,
      247, 196, 251, -1,
      251, 196, 183, -1,
      251, 183, 252, -1,
      252, 183, 182, -1,
      252, 182, 253, -1,
      181, 180, 254, -1,
      254, 255, 181, -1,
      181, 255, 256, -1,
      181, 256, 182, -1,
      182, 256, 257, -1,
      182, 257, 253, -1,
      258, 259, 179, -1,
      179, 259, 260, -1,
      179, 260, 180, -1,
      180, 260, 261, -1,
      180, 261, 254, -1,
      258, 179, 262, -1,
      262, 179, 178, -1,
      262, 178, 263, -1,
      263, 178, 191, -1,
      263, 191, 264, -1,
      167, 265, 266, -1,
      167, 266, 190, -1,
      266, 267, 190, -1,
      190, 267, 268, -1,
      190, 268, 191, -1,
      191, 268, 269, -1,
      191, 269, 264, -1,
      265, 167, 270, -1,
      270, 167, 166, -1,
      270, 166, 271, -1,
      201, 272, 177, -1,
      177, 272, 273, -1,
      177, 273, 165, -1,
      165, 273, 274, -1,
      165, 274, 166, -1,
      166, 274, 275, -1,
      166, 275, 271, -1,
      276, 277, 278, -1,
      279, 280, 278, -1,
      278, 280, 281, -1,
      278, 281, 276, -1,
      282, 283, 278, -1,
      278, 283, 284, -1,
      278, 284, 279, -1,
      285, 286, 278, -1,
      278, 286, 287, -1,
      278, 287, 282, -1,
      288, 289, 278, -1,
      278, 289, 290, -1,
      278, 290, 285, -1,
      291, 292, 278, -1,
      278, 292, 293, -1,
      278, 293, 288, -1,
      294, 295, 278, -1,
      278, 295, 296, -1,
      278, 296, 291, -1,
      297, 298, 278, -1,
      278, 298, 299, -1,
      278, 299, 294, -1,
      300, 301, 278, -1,
      278, 301, 302, -1,
      278, 302, 297, -1,
      303, 304, 278, -1,
      278, 304, 305, -1,
      278, 305, 300, -1,
      306, 307, 278, -1,
      278, 307, 308, -1,
      278, 308, 303, -1,
      309, 310, 278, -1,
      278, 310, 311, -1,
      278, 311, 306, -1,
      312, 313, 278, -1,
      278, 313, 314, -1,
      278, 314, 309, -1,
      315, 316, 278, -1,
      278, 316, 317, -1,
      278, 317, 312, -1,
      318, 319, 278, -1,
      278, 319, 320, -1,
      278, 320, 315, -1,
      321, 322, 278, -1,
      278, 322, 323, -1,
      278, 323, 318, -1,
      277, 324, 278, -1,
      278, 324, 325, -1,
      278, 325, 321, -1,
      272, 201, 326, -1,
      207, 206, 327, -1,
      210, 214, 328, -1,
      218, 217, 329, -1,
      221, 225, 330, -1,
      229, 228, 331, -1,
      239, 238, 332, -1,
      242, 246, 333, -1,
      250, 249, 334, -1,
      253, 257, 335, -1,
      261, 260, 336, -1,
      264, 269, 337, -1,
      265, 270, 338, -1,
      281, 280, 339, -1,
      339, 280, 340, -1,
      339, 340, 341, -1,
      341, 340, 342, -1,
      341, 342, 343, -1,
      343, 342, 344, -1,
      343, 344, 345, -1,
      345, 344, 346, -1,
      345, 346, 347, -1,
      347, 346, 338, -1,
      284, 283, 348, -1,
      348, 283, 349, -1,
      348, 349, 350, -1,
      350, 349, 351, -1,
      350, 351, 352, -1,
      352, 351, 353, -1,
      352, 353, 354, -1,
      354, 353, 355, -1,
      354, 355, 356, -1,
      356, 355, 337, -1,
      286, 285, 357, -1,
      357, 285, 358, -1,
      357, 358, 359, -1,
      359, 358, 360, -1,
      359, 360, 361, -1,
      361, 360, 362, -1,
      361, 362, 363, -1,
      363, 362, 364, -1,
      363, 364, 365, -1,
      365, 364, 336, -1,
      289, 288, 366, -1,
      366, 288, 367, -1,
      366, 367, 368, -1,
      368, 367, 369, -1,
      368, 369, 370, -1,
      370, 369, 371, -1,
      370, 371, 372, -1,
      372, 371, 373, -1,
      372, 373, 374, -1,
      374, 373, 335, -1,
      291, 296, 375, -1,
      375, 296, 376, -1,
      375, 376, 377, -1,
      377, 376, 378, -1,
      377, 378, 379, -1,
      379, 378, 380, -1,
      379, 380, 381, -1,
      381, 380, 382, -1,
      381, 382, 383, -1,
      383, 382, 334, -1,
      294, 299, 384, -1,
      384, 299, 385, -1,
      384, 385, 386, -1,
      386, 385, 387, -1,
      386, 387, 388, -1,
      388, 387, 389, -1,
      388, 389, 390, -1,
      390, 389, 391, -1,
      390, 391, 392, -1,
      392, 391, 333, -1,
      302, 301, 393, -1,
      393, 301, 394, -1,
      393, 394, 395, -1,
      395, 394, 396, -1,
      395, 396, 397, -1,
      397, 396, 398, -1,
      397, 398, 399, -1,
      399, 398, 400, -1,
      399, 400, 401, -1,
      401, 400, 332, -1,
      300, 305, 402, -1,
      402, 305, 403, -1,
      402, 403, 404, -1,
      404, 403, 405, -1,
      404, 405, 406, -1,
      406, 405, 407, -1,
      406, 407, 408, -1,
      408, 407, 409, -1,
      408, 409, 410, -1,
      410, 409, 411, -1,
      307, 306, 412, -1,
      412, 306, 413, -1,
      412, 413, 414, -1,
      414, 413, 415, -1,
      414, 415, 416, -1,
      416, 415, 417, -1,
      416, 417, 418, -1,
      418, 417, 419, -1,
      418, 419, 420, -1,
      420, 419, 331, -1,
      310, 309, 421, -1,
      421, 309, 422, -1,
      421, 422, 423, -1,
      423, 422, 424, -1,
      423, 424, 425, -1,
      425, 424, 426, -1,
      425, 426, 427, -1,
      427, 426, 428, -1,
      427, 428, 429, -1,
      429, 428, 330, -1,
      312, 317, 430, -1,
      430, 317, 431, -1,
      430, 431, 432, -1,
      432, 431, 433, -1,
      432, 433, 434, -1,
      434, 433, 435, -1,
      434, 435, 436, -1,
      436, 435, 437, -1,
      436, 437, 438, -1,
      438, 437, 329, -1,
      315, 320, 439, -1,
      439, 320, 440, -1,
      439, 440, 441, -1,
      441, 440, 442, -1,
      441, 442, 443, -1,
      443, 442, 444, -1,
      443, 444, 445, -1,
      445, 444, 446, -1,
      445, 446, 447, -1,
      447, 446, 328, -1,
      323, 322, 448, -1,
      448, 322, 449, -1,
      448, 449, 450, -1,
      450, 449, 451, -1,
      450, 451, 452, -1,
      452, 451, 453, -1,
      452, 453, 454, -1,
      454, 453, 455, -1,
      454, 455, 456, -1,
      456, 455, 327, -1,
      325, 324, 457, -1,
      457, 324, 458, -1,
      457, 458, 459, -1,
      459, 458, 460, -1,
      459, 460, 461, -1,
      461, 460, 462, -1,
      461, 462, 463, -1,
      463, 462, 464, -1,
      463, 464, 465, -1,
      465, 464, 326, -1,
      276, 281, 466, -1,
      466, 281, 339, -1,
      466, 339, 467, -1,
      467, 339, 341, -1,
      467, 341, 468, -1,
      468, 341, 343, -1,
      468, 343, 469, -1,
      469, 343, 345, -1,
      469, 345, 470, -1,
      470, 345, 347, -1,
      470, 347, 274, -1,
      274, 347, 275, -1,
      338, 270, 347, -1,
      347, 270, 271, -1,
      347, 271, 275, -1,
      266, 265, 471, -1,
      471, 265, 338, -1,
      471, 338, 472, -1,
      472, 338, 346, -1,
      472, 346, 473, -1,
      473, 346, 344, -1,
      473, 344, 474, -1,
      474, 344, 342, -1,
      474, 342, 475, -1,
      475, 342, 340, -1,
      475, 340, 279, -1,
      279, 340, 280, -1,
      279, 284, 475, -1,
      475, 284, 348, -1,
      475, 348, 474, -1,
      474, 348, 350, -1,
      474, 350, 473, -1,
      473, 350, 352, -1,
      473, 352, 472, -1,
      472, 352, 354, -1,
      472, 354, 471, -1,
      471, 354, 356, -1,
      471, 356, 266, -1,
      266, 356, 267, -1,
      337, 269, 356, -1,
      356, 269, 268, -1,
      356, 268, 267, -1,
      263, 264, 476, -1,
      476, 264, 337, -1,
      476, 337, 477, -1,
      477, 337, 355, -1,
      477, 355, 478, -1,
      478, 355, 353, -1,
      478, 353, 479, -1,
      479, 353, 351, -1,
      479, 351, 480, -1,
      480, 351, 349, -1,
      480, 349, 282, -1,
      282, 349, 283, -1,
      282, 287, 480, -1,
      480, 287, 481, -1,
      480, 481, 479, -1,
      479, 481, 482, -1,
      479, 482, 478, -1,
      478, 482, 483, -1,
      478, 483, 477, -1,
      477, 483, 484, -1,
      477, 484, 476, -1,
      476, 484, 485, -1,
      476, 485, 263, -1,
      263, 485, 262, -1,
      287, 286, 481, -1,
      481, 286, 357, -1,
      481, 357, 482, -1,
      482, 357, 359, -1,
      482, 359, 483, -1,
      483, 359, 361, -1,
      483, 361, 484, -1,
      484, 361, 363, -1,
      484, 363, 485, -1,
      485, 363, 365, -1,
      485, 365, 262, -1,
      262, 365, 258, -1,
      336, 260, 365, -1,
      365, 260, 259, -1,
      365, 259, 258, -1,
      254, 261, 486, -1,
      486, 261, 336, -1,
      486, 336, 487, -1,
      487, 336, 364, -1,
      487, 364, 488, -1,
      488, 364, 362, -1,
      488, 362, 489, -1,
      489, 362, 360, -1,
      489, 360, 490, -1,
      490, 360, 358, -1,
      490, 358, 290, -1,
      290, 358, 285, -1,
      290, 289, 490, -1,
      490, 289, 366, -1,
      490, 366, 489, -1,
      489, 366, 368, -1,
      489, 368, 488, -1,
      488, 368, 370, -1,
      488, 370, 487, -1,
      487, 370, 372, -1,
      487, 372, 486, -1,
      486, 372, 374, -1,
      486, 374, 254, -1,
      254, 374, 255, -1,
      335, 257, 374, -1,
      374, 257, 256, -1,
      374, 256, 255, -1,
      252, 253, 491, -1,
      491, 253, 335, -1,
      491, 335, 492, -1,
      492, 335, 373, -1,
      492, 373, 493, -1,
      493, 373, 371, -1,
      493, 371, 494, -1,
      494, 371, 369, -1,
      494, 369, 495, -1,
      495, 369, 367, -1,
      495, 367, 293, -1,
      293, 367, 288, -1,
      293, 292, 495, -1,
      495, 292, 496, -1,
      495, 496, 494, -1,
      494, 496, 497, -1,
      494, 497, 493, -1,
      493, 497, 498, -1,
      493, 498, 492, -1,
      492, 498, 499, -1,
      492, 499, 491, -1,
      491, 499, 500, -1,
      491, 500, 252, -1,
      252, 500, 251, -1,
      292, 291, 496, -1,
      496, 291, 375, -1,
      496, 375, 497, -1,
      497, 375, 377, -1,
      497, 377, 498, -1,
      498, 377, 379, -1,
      498, 379, 499, -1,
      499, 379, 381, -1,
      499, 381, 500, -1,
      500, 381, 383, -1,
      500, 383, 251, -1,
      251, 383, 247, -1,
      334, 249, 383, -1,
      383, 249, 248, -1,
      383, 248, 247, -1,
      243, 250, 501, -1,
      501, 250, 334, -1,
      501, 334, 502, -1,
      502, 334, 382, -1,
      502, 382, 503, -1,
      503, 382, 380, -1,
      503, 380, 504, -1,
      504, 380, 378, -1,
      504, 378, 505, -1,
      505, 378, 376, -1,
      505, 376, 295, -1,
      295, 376, 296, -1,
      295, 294, 505, -1,
      505, 294, 384, -1,
      505, 384, 504, -1,
      504, 384, 386, -1,
      504, 386, 503, -1,
      503, 386, 388, -1,
      503, 388, 502, -1,
      502, 388, 390, -1,
      502, 390, 501, -1,
      501, 390, 392, -1,
      501, 392, 243, -1,
      243, 392, 244, -1,
      333, 246, 392, -1,
      392, 246, 245, -1,
      392, 245, 244, -1,
      241, 242, 506, -1,
      506, 242, 333, -1,
      506, 333, 507, -1,
      507, 333, 391, -1,
      507, 391, 508, -1,
      508, 391, 389, -1,
      508, 389, 509, -1,
      509, 389, 387, -1,
      509, 387, 510, -1,
      510, 387, 385, -1,
      510, 385, 298, -1,
      298, 385, 299, -1,
      298, 297, 510, -1,
      510, 297, 511, -1,
      510, 511, 509, -1,
      509, 511, 512, -1,
      509, 512, 508, -1,
      508, 512, 513, -1,
      508, 513, 507, -1,
      507, 513, 514, -1,
      507, 514, 506, -1,
      506, 514, 515, -1,
      506, 515, 241, -1,
      241, 515, 240, -1,
      297, 302, 511, -1,
      511, 302, 393, -1,
      511, 393, 512, -1,
      512, 393, 395, -1,
      512, 395, 513, -1,
      513, 395, 397, -1,
      513, 397, 514, -1,
      514, 397, 399, -1,
      514, 399, 515, -1,
      515, 399, 401, -1,
      515, 401, 240, -1,
      240, 401, 236, -1,
      332, 238, 401, -1,
      401, 238, 237, -1,
      401, 237, 236, -1,
      235, 239, 410, -1,
      410, 239, 332, -1,
      410, 332, 408, -1,
      408, 332, 400, -1,
      408, 400, 406, -1,
      406, 400, 398, -1,
      406, 398, 404, -1,
      404, 398, 396, -1,
      404, 396, 402, -1,
      402, 396, 394, -1,
      402, 394, 300, -1,
      300, 394, 301, -1,
      232, 233, 516, -1,
      516, 233, 411, -1,
      516, 411, 517, -1,
      517, 411, 409, -1,
      517, 409, 518, -1,
      518, 409, 407, -1,
      518, 407, 519, -1,
      519, 407, 405, -1,
      519, 405, 520, -1,
      520, 405, 403, -1,
      520, 403, 304, -1,
      304, 403, 305, -1,
      233, 199, 411, -1,
      411, 199, 198, -1,
      411, 198, 410, -1,
      410, 198, 234, -1,
      410, 234, 235, -1,
      231, 232, 521, -1,
      521, 232, 516, -1,
      521, 516, 522, -1,
      522, 516, 517, -1,
      522, 517, 523, -1,
      523, 517, 518, -1,
      523, 518, 524, -1,
      524, 518, 519, -1,
      524, 519, 525, -1,
      525, 519, 520, -1,
      525, 520, 303, -1,
      303, 520, 304, -1,
      303, 308, 525, -1,
      525, 308, 526, -1,
      525, 526, 524, -1,
      524, 526, 527, -1,
      524, 527, 523, -1,
      523, 527, 528, -1,
      523, 528, 522, -1,
      522, 528, 529, -1,
      522, 529, 521, -1,
      521, 529, 530, -1,
      521, 530, 231, -1,
      231, 530, 230, -1,
      308, 307, 526, -1,
      526, 307, 412, -1,
      526, 412, 527, -1,
      527, 412, 414, -1,
      527, 414, 528, -1,
      528, 414, 416, -1,
      528, 416, 529, -1,
      529, 416, 418, -1,
      529, 418, 530, -1,
      530, 418, 420, -1,
      530, 420, 230, -1,
      230, 420, 226, -1,
      331, 228, 420, -1,
      420, 228, 227, -1,
      420, 227, 226, -1,
      222, 229, 531, -1,
      531, 229, 331, -1,
      531, 331, 532, -1,
      532, 331, 419, -1,
      532, 419, 533, -1,
      533, 419, 417, -1,
      533, 417, 534, -1,
      534, 417, 415, -1,
      534, 415, 535, -1,
      535, 415, 413, -1,
      535, 413, 311, -1,
      311, 413, 306, -1,
      311, 310, 535, -1,
      535, 310, 421, -1,
      535, 421, 534, -1,
      534, 421, 423, -1,
      534, 423, 533, -1,
      533, 423, 425, -1,
      533, 425, 532, -1,
      532, 425, 427, -1,
      532, 427, 531, -1,
      531, 427, 429, -1,
      531, 429, 222, -1,
      222, 429, 223, -1,
      330, 225, 429, -1,
      429, 225, 224, -1,
      429, 224, 223, -1,
      220, 221, 536, -1,
      536, 221, 330, -1,
      536, 330, 537, -1,
      537, 330, 428, -1,
      537, 428, 538, -1,
      538, 428, 426, -1,
      538, 426, 539, -1,
      539, 426, 424, -1,
      539, 424, 540, -1,
      540, 424, 422, -1,
      540, 422, 314, -1,
      314, 422, 309, -1,
      314, 313, 540, -1,
      540, 313, 541, -1,
      540, 541, 539, -1,
      539, 541, 542, -1,
      539, 542, 538, -1,
      538, 542, 543, -1,
      538, 543, 537, -1,
      537, 543, 544, -1,
      537, 544, 536, -1,
      536, 544, 545, -1,
      536, 545, 220, -1,
      220, 545, 219, -1,
      313, 312, 541, -1,
      541, 312, 430, -1,
      541, 430, 542, -1,
      542, 430, 432, -1,
      542, 432, 543, -1,
      543, 432, 434, -1,
      543, 434, 544, -1,
      544, 434, 436, -1,
      544, 436, 545, -1,
      545, 436, 438, -1,
      545, 438, 219, -1,
      219, 438, 215, -1,
      329, 217, 438, -1,
      438, 217, 216, -1,
      438, 216, 215, -1,
      211, 218, 546, -1,
      546, 218, 329, -1,
      546, 329, 547, -1,
      547, 329, 437, -1,
      547, 437, 548, -1,
      548, 437, 435, -1,
      548, 435, 549, -1,
      549, 435, 433, -1,
      549, 433, 550, -1,
      550, 433, 431, -1,
      550, 431, 316, -1,
      316, 431, 317, -1,
      316, 315, 550, -1,
      550, 315, 439, -1,
      550, 439, 549, -1,
      549, 439, 441, -1,
      549, 441, 548, -1,
      548, 441, 443, -1,
      548, 443, 547, -1,
      547, 443, 445, -1,
      547, 445, 546, -1,
      546, 445, 447, -1,
      546, 447, 211, -1,
      211, 447, 212, -1,
      328, 214, 447, -1,
      447, 214, 213, -1,
      447, 213, 212, -1,
      209, 210, 551, -1,
      551, 210, 328, -1,
      551, 328, 552, -1,
      552, 328, 446, -1,
      552, 446, 553, -1,
      553, 446, 444, -1,
      553, 444, 554, -1,
      554, 444, 442, -1,
      554, 442, 555, -1,
      555, 442, 440, -1,
      555, 440, 319, -1,
      319, 440, 320, -1,
      319, 318, 555, -1,
      555, 318, 556, -1,
      555, 556, 554, -1,
      554, 556, 557, -1,
      554, 557, 553, -1,
      553, 557, 558, -1,
      553, 558, 552, -1,
      552, 558, 559, -1,
      552, 559, 551, -1,
      551, 559, 560, -1,
      551, 560, 209, -1,
      209, 560, 208, -1,
      318, 323, 556, -1,
      556, 323, 448, -1,
      556, 448, 557, -1,
      557, 448, 450, -1,
      557, 450, 558, -1,
      558, 450, 452, -1,
      558, 452, 559, -1,
      559, 452, 454, -1,
      559, 454, 560, -1,
      560, 454, 456, -1,
      560, 456, 208, -1,
      208, 456, 204, -1,
      327, 206, 456, -1,
      456, 206, 205, -1,
      456, 205, 204, -1,
      200, 207, 561, -1,
      561, 207, 327, -1,
      561, 327, 562, -1,
      562, 327, 455, -1,
      562, 455, 563, -1,
      563, 455, 453, -1,
      563, 453, 564, -1,
      564, 453, 451, -1,
      564, 451, 565, -1,
      565, 451, 449, -1,
      565, 449, 321, -1,
      321, 449, 322, -1,
      321, 325, 565, -1,
      565, 325, 457, -1,
      565, 457, 564, -1,
      564, 457, 459, -1,
      564, 459, 563, -1,
      563, 459, 461, -1,
      563, 461, 562, -1,
      562, 461, 463, -1,
      562, 463, 561, -1,
      561, 463, 465, -1,
      561, 465, 200, -1,
      200, 465, 203, -1,
      326, 201, 465, -1,
      465, 201, 202, -1,
      465, 202, 203, -1,
      273, 272, 566, -1,
      566, 272, 326, -1,
      566, 326, 567, -1,
      567, 326, 464, -1,
      567, 464, 568, -1,
      568, 464, 462, -1,
      568, 462, 569, -1,
      569, 462, 460, -1,
      569, 460, 570, -1,
      570, 460, 458, -1,
      570, 458, 277, -1,
      277, 458, 324, -1,
      277, 276, 570, -1,
      570, 276, 466, -1,
      570, 466, 569, -1,
      569, 466, 467, -1,
      569, 467, 568, -1,
      568, 467, 468, -1,
      568, 468, 567, -1,
      567, 468, 469, -1,
      567, 469, 566, -1,
      566, 469, 470, -1,
      566, 470, 273, -1,
      273, 470, 274, -1,
    ]
  }
}

Shape {
  appearance Appearance {
    material Material {
      diffuseColor 0.6667 0.6667 0.6667
      specularColor 0.4667 0.4667 0.4667
      ambientIntensity 0.2
      transparency 0.0000
      shininess 0.5
    }
  }
  geometry IndexedFaceSet {
    ccw TRUE
    solid FALSE
    coord DEF co Coordinate {
      point [
        -1.181102 -0.748031 -0.748031,
        -1.181102 -1.023622 -0.748031,
        -1.181102 1.023622 -0.748031,
        -1.181102 0.748031 -0.748031,
        -1.181102 -1.023622 -0.866142,
        -1.181102 -0.748031 -0.866142,
        -1.181102 0.748031 -0.866142,
        -1.181102 1.023622 -0.866142,
        1.181102 -0.748031 -0.748031,
        1.181102 -1.023622 -0.748031,
        1.181102 0.748031 -0.866142,
        1.181102 0.748031 -0.748031,
        1.181102 1.023622 -0.866142,
        1.181102 1.023622 -0.748031,
        1.181102 -0.748031 -0.866142,
        1.181102 -1.023622 -0.866142,
        -1.614173 1.023622 -1.259843,
        -1.435254 1.023622 -1.259843,
        -1.614173 0.748031 -1.259843,
        -1.435254 0.748031 -1.259843,
        -1.614173 1.023622 -1.141732,
        -1.614173 0.748031 -1.141732,
        -1.435254 1.023622 -1.141732,
        -1.435254 0.748031 -1.141732,
        -1.433216 1.023622 -1.141464,
        -1.433216 0.748031 -1.141464,
        -1.431317 1.023622 -1.140678,
        -1.431317 0.748031 -1.140678,
        -1.429686 1.023622 -1.139426,
        -1.429686 0.748031 -1.139426,
        -1.428435 1.023622 -1.137795,
        -1.428435 0.748031 -1.137795,
        -1.427648 1.023622 -1.135896,
        -1.427648 0.748031 -1.135896,
        -1.348741 1.023622 -0.841409,
        -1.348741 0.748031 -0.841409,
        -1.336154 0.748031 -0.811024,
        -1.336154 1.023622 -0.811024,
        -1.316133 0.748031 -0.784931,
        -1.316133 1.023622 -0.784931,
        -1.290041 0.748031 -0.764910,
        -1.290041 1.023622 -0.764910,
        -1.259656 0.748031 -0.752324,
        -1.259656 1.023622 -0.752324,
        -1.227049 0.748031 -0.748031,
        -1.227049 1.023622 -0.748031,
        -1.227049 1.023622 -0.866142,
        -1.227049 0.748031 -0.866142,
        -1.228753 1.023622 -0.866328,
        -1.228753 0.748031 -0.866328,
        -1.230377 1.023622 -0.866880,
        -1.230377 0.748031 -0.866880,
        -1.231843 1.023622 -0.867769,
        -1.231843 0.748031 -0.867769,
        -1.233081 1.023622 -0.868954,
        -1.233081 0.748031 -0.868954,
        -1.234033 1.023622 -0.870380,
        -1.234033 0.748031 -0.870380,
        -1.234655 1.023622 -0.871978,
        -1.234655 0.748031 -0.871978,
        -1.313562 1.023622 -1.166465,
        -1.313562 0.748031 -1.166465,
        -1.326148 0.748031 -1.196850,
        -1.326148 1.023622 -1.196850,
        -1.346170 0.748031 -1.222943,
        -1.346170 1.023622 -1.222943,
        -1.372262 0.748031 -1.242964,
        -1.372262 1.023622 -1.242964,
        -1.402647 0.748031 -1.255550,
        -1.402647 1.023622 -1.255550,
        -1.435254 -1.023622 -1.259843,
        -1.614173 -1.023622 -1.259843,
        -1.435254 -0.748031 -1.259843,
        -1.614173 -0.748031 -1.259843,
        -1.402647 -0.748031 -1.255550,
        -1.402647 -1.023622 -1.255550,
        -1.372262 -0.748031 -1.242964,
        -1.372262 -1.023622 -1.242964,
        -1.346170 -0.748031 -1.222943,
        -1.346170 -1.023622 -1.222943,
        -1.326148 -0.748031 -1.196850,
        -1.326148 -1.023622 -1.196850,
        -1.313562 -0.748031 -1.166465,
        -1.313562 -1.023622 -1.166465,
        -1.234655 -1.023622 -0.871978,
        -1.234655 -0.748031 -0.871978,
        -1.234033 -1.023622 -0.870380,
        -1.234033 -0.748031 -0.870380,
        -1.233081 -1.023622 -0.868954,
        -1.233081 -0.748031 -0.868954,
        -1.231843 -1.023622 -0.867769,
        -1.231843 -0.748031 -0.867769,
        -1.230377 -1.023622 -0.866880,
        -1.230377 -0.748031 -0.866880,
        -1.228753 -1.023622 -0.866328,
        -1.228753 -0.748031 -0.866328,
        -1.227049 -1.023622 -0.866142,
        -1.227049 -0.748031 -0.866142,
        -1.227049 -1.023622 -0.748031,
        -1.227049 -0.748031 -0.748031,
        -1.259656 -0.748031 -0.752324,
        -1.259656 -1.023622 -0.752324,
        -1.290041 -0.748031 -0.764910,
        -1.290041 -1.023622 -0.764910,
        -1.316133 -0.748031 -0.784931,
        -1.316133 -1.023622 -0.784931,
        -1.336154 -0.748031 -0.811024,
        -1.336154 -1.023622 -0.811024,
        -1.348741 -0.748031 -0.841409,
        -1.348741 -1.023622 -0.841409,
        -1.427648 -1.023622 -1.135896,
        -1.427648 -0.748031 -1.135896,
        -1.428435 -1.023622 -1.137795,
        -1.428435 -0.748031 -1.137795,
        -1.429686 -1.023622 -1.139426,
        -1.429686 -0.748031 -1.139426,
        -1.431317 -1.023622 -1.140678,
        -1.431317 -0.748031 -1.140678,
        -1.433216 -1.023622 -1.141464,
        -1.433216 -0.748031 -1.141464,
        -1.435254 -1.023622 -1.141732,
        -1.435254 -0.748031 -1.141732,
        -1.614173 -1.023622 -1.141732,
        -1.614173 -0.748031 -1.141732,
        1.614173 -1.023622 -1.259843,
        1.435254 -1.023622 -1.259843,
        1.614173 -0.748031 -1.259843,
        1.435254 -0.748031 -1.259843,
        1.614173 -1.023622 -1.141732,
        1.614173 -0.748031 -1.141732,
        1.435254 -1.023622 -1.141732,
        1.435254 -0.748031 -1.141732,
        1.433216 -1.023622 -1.141464,
        1.433216 -0.748031 -1.141464,
        1.431317 -1.023622 -1.140678,
        1.431317 -0.748031 -1.140678,
        1.429686 -1.023622 -1.139426,
        1.429686 -0.748031 -1.139426,
        1.428435 -1.023622 -1.137795,
        1.428435 -0.748031 -1.137795,
        1.427648 -1.023622 -1.135896,
        1.427648 -0.748031 -1.135896,
        1.348741 -1.023622 -0.841409,
        1.348741 -0.748031 -0.841409,
        1.336154 -0.748031 -0.811024,
        1.336154 -1.023622 -0.811024,
        1.316133 -0.748031 -0.784931,
        1.316133 -1.023622 -0.784931,
        1.290041 -0.748031 -0.764910,
        1.290041 -1.023622 -0.764910,
        1.259656 -0.748031 -0.752324,
        1.259656 -1.023622 -0.752324,
        1.227049 -0.748031 -0.748031,
        1.227049 -1.023622 -0.748031,
        1.227049 -1.023622 -0.866142,
        1.227049 -0.748031 -0.866142,
        1.228753 -1.023622 -0.866328,
        1.228753 -0.748031 -0.866328,
        1.230377 -1.023622 -0.866880,
        1.230377 -0.748031 -0.866880,
        1.231843 -1.023622 -0.867769,
        1.231843 -0.748031 -0.867769,
        1.233081 -1.023622 -0.868954,
        1.233081 -0.748031 -0.868954,
        1.234033 -1.023622 -0.870380,
        1.234033 -0.748031 -0.870380,
        1.234655 -1.023622 -0.871978,
        1.234655 -0.748031 -0.871978,
        1.313562 -1.023622 -1.166465,
        1.313562 -0.748031 -1.166465,
        1.326148 -0.748031 -1.196850,
        1.326148 -1.023622 -1.196850,
        1.346170 -0.748031 -1.222943,
        1.346170 -1.023622 -1.222943,
        1.372262 -0.748031 -1.242964,
        1.372262 -1.023622 -1.242964,
        1.402647 -0.748031 -1.255550,
        1.402647 -1.023622 -1.255550,
        1.435254 1.023622 -1.259843,
        1.614173 1.023622 -1.259843,
        1.435254 0.748031 -1.259843,
        1.614173 0.748031 -1.259843,
        1.402647 0.748031 -1.255550,
        1.402647 1.023622 -1.255550,
        1.372262 0.748031 -1.242964,
        1.372262 1.023622 -1.242964,
        1.346170 0.748031 -1.222943,
        1.346170 1.023622 -1.222943,
        1.326148 0.748031 -1.196850,
        1.326148 1.023622 -1.196850,
        1.313562 0.748031 -1.166465,
        1.313562 1.023622 -1.166465,
        1.234655 1.023622 -0.871978,
        1.234655 0.748031 -0.871978,
        1.234033 1.023622 -0.870380,
        1.234033 0.748031 -0.870380,
        1.233081 1.023622 -0.868954,
        1.233081 0.748031 -0.868954,
        1.231843 1.023622 -0.867769,
        1.231843 0.748031 -0.867769,
        1.230377 1.023622 -0.866880,
        1.230377 0.748031 -0.866880,
        1.228753 1.023622 -0.866328,
        1.228753 0.748031 -0.866328,
        1.227049 1.023622 -0.866142,
        1.227049 0.748031 -0.866142,
        1.227049 1.023622 -0.748031,
        1.227049 0.748031 -0.748031,
        1.259656 0.748031 -0.752324,
        1.259656 1.023622 -0.752324,
        1.290041 0.748031 -0.764910,
        1.290041 1.023622 -0.764910,
        1.316133 0.748031 -0.784931,
        1.316133 1.023622 -0.784931,
        1.336154 0.748031 -0.811024,
        1.336154 1.023622 -0.811024,
        1.348741 0.748031 -0.841409,
        1.348741 1.023622 -0.841409,
        1.427648 1.023622 -1.135896,
        1.427648 0.748031 -1.135896,
        1.428435 1.023622 -1.137795,
        1.428435 0.748031 -1.137795,
        1.429686 1.023622 -1.139426,
        1.429686 0.748031 -1.139426,
        1.431317 1.023622 -1.140678,
        1.431317 0.748031 -1.140678,
        1.433216 1.023622 -1.141464,
        1.433216 0.748031 -1.141464,
        1.435254 1.023622 -1.141732,
        1.435254 0.748031 -1.141732,
        1.614173 1.023622 -1.141732,
        1.614173 0.748031 -1.141732,
      ]
    }
    coordIndex [
      16, 17, 18, -1,
      18, 17, 19, -1,
      20, 16, 21, -1,
      21, 16, 18, -1,
      22, 20, 23, -1,
      23, 20, 21, -1,
      22, 23, 24, -1,
      24, 23, 25, -1,
      24, 25, 26, -1,
      26, 25, 27, -1,
      26, 27, 28, -1,
      28, 27, 29, -1,
      28, 29, 30, -1,
      30, 29, 31, -1,
      30, 31, 32, -1,
      32, 31, 33, -1,
      34, 32, 35, -1,
      35, 32, 33, -1,
      34, 35, 36, -1,
      34, 36, 37, -1,
      37, 36, 38, -1,
      37, 38, 39, -1,
      39, 38, 40, -1,
      39, 40, 41, -1,
      41, 40, 42, -1,
      41, 42, 43, -1,
      43, 42, 44, -1,
      43, 44, 45, -1,
      2, 45, 3, -1,
      3, 45, 44, -1,
      46, 7, 47, -1,
      47, 7, 6, -1,
      46, 47, 48, -1,
      48, 47, 49, -1,
      48, 49, 50, -1,
      50, 49, 51, -1,
      50, 51, 52, -1,
      52, 51, 53, -1,
      52, 53, 54, -1,
      54, 53, 55, -1,
      54, 55, 56, -1,
      56, 55, 57, -1,
      56, 57, 58, -1,
      58, 57, 59, -1,
      60, 58, 61, -1,
      61, 58, 59, -1,
      60, 61, 62, -1,
      60, 62, 63, -1,
      63, 62, 64, -1,
      63, 64, 65, -1,
      65, 64, 66, -1,
      65, 66, 67, -1,
      67, 66, 68, -1,
      67, 68, 69, -1,
      69, 68, 19, -1,
      69, 19, 17, -1,
      2, 7, 45, -1,
      45, 7, 46, -1,
      45, 46, 43, -1,
      43, 46, 48, -1,
      43, 48, 41, -1,
      41, 48, 50, -1,
      41, 50, 39, -1,
      16, 20, 17, -1,
      17, 20, 22, -1,
      17, 22, 69, -1,
      69, 22, 24, -1,
      69, 24, 67, -1,
      67, 24, 26, -1,
      67, 26, 65, -1,
      65, 26, 28, -1,
      65, 28, 63, -1,
      63, 28, 30, -1,
      63, 30, 60, -1,
      60, 30, 32, -1,
      60, 32, 58, -1,
      58, 32, 34, -1,
      58, 34, 56, -1,
      56, 34, 37, -1,
      56, 37, 54, -1,
      54, 37, 39, -1,
      54, 39, 52, -1,
      52, 39, 50, -1,
      21, 18, 23, -1,
      23, 18, 19, -1,
      23, 19, 25, -1,
      25, 19, 68, -1,
      25, 68, 27, -1,
      27, 68, 66, -1,
      27, 66, 29, -1,
      29, 66, 64, -1,
      29, 64, 31, -1,
      31, 64, 62, -1,
      31, 62, 33, -1,
      33, 62, 61, -1,
      33, 61, 35, -1,
      35, 61, 59, -1,
      35, 59, 36, -1,
      36, 59, 57, -1,
      36, 57, 38, -1,
      6, 3, 47, -1,
      47, 3, 44, -1,
      47, 44, 49, -1,
      49, 44, 42, -1,
      49, 42, 51, -1,
      51, 42, 40, -1,
      51, 40, 53, -1,
      53, 40, 38, -1,
      53, 38, 55, -1,
      55, 38, 57, -1,
      70, 71, 72, -1,
      72, 71, 73, -1,
      70, 72, 74, -1,
      70, 74, 75, -1,
      75, 74, 76, -1,
      75, 76, 77, -1,
      77, 76, 78, -1,
      77, 78, 79, -1,
      79, 78, 80, -1,
      79, 80, 81, -1,
      81, 80, 82, -1,
      81, 82, 83, -1,
      84, 83, 85, -1,
      85, 83, 82, -1,
      84, 85, 86, -1,
      86, 85, 87, -1,
      86, 87, 88, -1,
      88, 87, 89, -1,
      88, 89, 90, -1,
      90, 89, 91, -1,
      90, 91, 92, -1,
      92, 91, 93, -1,
      92, 93, 94, -1,
      94, 93, 95, -1,
      94, 95, 96, -1,
      96, 95, 97, -1,
      4, 96, 5, -1,
      5, 96, 97, -1,
      98, 1, 99, -1,
      99, 1, 0, -1,
      98, 99, 100, -1,
      98, 100, 101, -1,
      101, 100, 102, -1,
      101, 102, 103, -1,
      103, 102, 104, -1,
      103, 104, 105, -1,
      105, 104, 106, -1,
      105, 106, 107, -1,
      107, 106, 108, -1,
      107, 108, 109, -1,
      110, 109, 111, -1,
      111, 109, 108, -1,
      110, 111, 112, -1,
      112, 111, 113, -1,
      112, 113, 114, -1,
      114, 113, 115, -1,
      114, 115, 116, -1,
      116, 115, 117, -1,
      116, 117, 118, -1,
      118, 117, 119, -1,
      118, 119, 120, -1,
      120, 119, 121, -1,
      122, 120, 123, -1,
      123, 120, 121, -1,
      71, 122, 73, -1,
      73, 122, 123, -1,
      122, 71, 120, -1,
      120, 71, 70, -1,
      120, 70, 118, -1,
      118, 70, 75, -1,
      118, 75, 116, -1,
      116, 75, 77, -1,
      116, 77, 114, -1,
      114, 77, 79, -1,
      114, 79, 112, -1,
      112, 79, 81, -1,
      112, 81, 110, -1,
      110, 81, 83, -1,
      110, 83, 109, -1,
      109, 83, 84, -1,
      109, 84, 107, -1,
      107, 84, 86, -1,
      107, 86, 105, -1,
      4, 1, 96, -1,
      96, 1, 98, -1,
      96, 98, 94, -1,
      94, 98, 101, -1,
      94, 101, 92, -1,
      92, 101, 103, -1,
      92, 103, 90, -1,
      90, 103, 105, -1,
      90, 105, 88, -1,
      88, 105, 86, -1,
      0, 5, 99, -1,
      99, 5, 97, -1,
      99, 97, 100, -1,
      100, 97, 95, -1,
      100, 95, 102, -1,
      102, 95, 93, -1,
      102, 93, 104, -1,
      73, 123, 72, -1,
      72, 123, 121, -1,
      72, 121, 74, -1,
      74, 121, 119, -1,
      74, 119, 76, -1,
      76, 119, 117, -1,
      76, 117, 78, -1,
      78, 117, 115, -1,
      78, 115, 80, -1,
      80, 115, 113, -1,
      80, 113, 82, -1,
      82, 113, 111, -1,
      82, 111, 85, -1,
      85, 111, 108, -1,
      85, 108, 87, -1,
      87, 108, 106, -1,
      87, 106, 89, -1,
      89, 106, 104, -1,
      89, 104, 91, -1,
      91, 104, 93, -1,
      124, 125, 126, -1,
      126, 125, 127, -1,
      128, 124, 129, -1,
      129, 124, 126, -1,
      130, 128, 131, -1,
      131, 128, 129, -1,
      130, 131, 132, -1,
      132, 131, 133, -1,
      132, 133, 134, -1,
      134, 133, 135, -1,
      134, 135, 136, -1,
      136, 135, 137, -1,
      136, 137, 138, -1,
      138, 137, 139, -1,
      138, 139, 140, -1,
      140, 139, 141, -1,
      142, 140, 143, -1,
      143, 140, 141, -1,
      142, 143, 144, -1,
      142, 144, 145, -1,
      145, 144, 146, -1,
      145, 146, 147, -1,
      147, 146, 148, -1,
      147, 148, 149, -1,
      149, 148, 150, -1,
      149, 150, 151, -1,
      151, 150, 152, -1,
      151, 152, 153, -1,
      9, 153, 8, -1,
      8, 153, 152, -1,
      154, 15, 155, -1,
      155, 15, 14, -1,
      154, 155, 156, -1,
      156, 155, 157, -1,
      156, 157, 158, -1,
      158, 157, 159, -1,
      158, 159, 160, -1,
      160, 159, 161, -1,
      160, 161, 162, -1,
      162, 161, 163, -1,
      162, 163, 164, -1,
      164, 163, 165, -1,
      164, 165, 166, -1,
      166, 165, 167, -1,
      168, 166, 169, -1,
      169, 166, 167, -1,
      168, 169, 170, -1,
      168, 170, 171, -1,
      171, 170, 172, -1,
      171, 172, 173, -1,
      173, 172, 174, -1,
      173, 174, 175, -1,
      175, 174, 176, -1,
      175, 176, 177, -1,
      177, 176, 127, -1,
      177, 127, 125, -1,
      9, 15, 153, -1,
      153, 15, 154, -1,
      153, 154, 151, -1,
      151, 154, 156, -1,
      151, 156, 149, -1,
      149, 156, 158, -1,
      149, 158, 147, -1,
      124, 128, 125, -1,
      125, 128, 130, -1,
      125, 130, 177, -1,
      177, 130, 132, -1,
      177, 132, 175, -1,
      175, 132, 134, -1,
      175, 134, 173, -1,
      173, 134, 136, -1,
      173, 136, 171, -1,
      171, 136, 138, -1,
      171, 138, 168, -1,
      168, 138, 140, -1,
      168, 140, 166, -1,
      166, 140, 142, -1,
      166, 142, 164, -1,
      164, 142, 145, -1,
      164, 145, 162, -1,
      162, 145, 147, -1,
      162, 147, 160, -1,
      160, 147, 158, -1,
      129, 126, 131, -1,
      131, 126, 127, -1,
      131, 127, 133, -1,
      133, 127, 176, -1,
      133, 176, 135, -1,
      135, 176, 174, -1,
      135, 174, 137, -1,
      137, 174, 172, -1,
      137, 172, 139, -1,
      139, 172, 170, -1,
      139, 170, 141, -1,
      141, 170, 169, -1,
      141, 169, 143, -1,
      143, 169, 167, -1,
      143, 167, 144, -1,
      144, 167, 165, -1,
      144, 165, 146, -1,
      14, 8, 155, -1,
      155, 8, 152, -1,
      155, 152, 157, -1,
      157, 152, 150, -1,
      157, 150, 159, -1,
      159, 150, 148, -1,
      159, 148, 161, -1,
      161, 148, 146, -1,
      161, 146, 163, -1,
      163, 146, 165, -1,
      178, 179, 180, -1,
      180, 179, 181, -1,
      178, 180, 182, -1,
      178, 182, 183, -1,
      183, 182, 184, -1,
      183, 184, 185, -1,
      185, 184, 186, -1,
      185, 186, 187, -1,
      187, 186, 188, -1,
      187, 188, 189, -1,
      189, 188, 190, -1,
      189, 190, 191, -1,
      192, 191, 193, -1,
      193, 191, 190, -1,
      192, 193, 194, -1,
      194, 193, 195, -1,
      194, 195, 196, -1,
      196, 195, 197, -1,
      196, 197, 198, -1,
      198, 197, 199, -1,
      198, 199, 200, -1,
      200, 199, 201, -1,
      200, 201, 202, -1,
      202, 201, 203, -1,
      202, 203, 204, -1,
      204, 203, 205, -1,
      12, 204, 10, -1,
      10, 204, 205, -1,
      206, 13, 207, -1,
      207, 13, 11, -1,
      206, 207, 208, -1,
      206, 208, 209, -1,
      209, 208, 210, -1,
      209, 210, 211, -1,
      211, 210, 212, -1,
      211, 212, 213, -1,
      213, 212, 214, -1,
      213, 214, 215, -1,
      215, 214, 216, -1,
      215, 216, 217, -1,
      218, 217, 219, -1,
      219, 217, 216, -1,
      218, 219, 220, -1,
      220, 219, 221, -1,
      220, 221, 222, -1,
      222, 221, 223, -1,
      222, 223, 224, -1,
      224, 223, 225, -1,
      224, 225, 226, -1,
      226, 225, 227, -1,
      226, 227, 228, -1,
      228, 227, 229, -1,
      230, 228, 231, -1,
      231, 228, 229, -1,
      179, 230, 181, -1,
      181, 230, 231, -1,
      230, 179, 228, -1,
      228, 179, 178, -1,
      228, 178, 226, -1,
      226, 178, 183, -1,
      226, 183, 224, -1,
      224, 183, 185, -1,
      224, 185, 222, -1,
      222, 185, 187, -1,
      222, 187, 220, -1,
      220, 187, 189, -1,
      220, 189, 218, -1,
      218, 189, 191, -1,
      218, 191, 217, -1,
      217, 191, 192, -1,
      217, 192, 215, -1,
      215, 192, 194, -1,
      215, 194, 213, -1,
      12, 13, 204, -1,
      204, 13, 206, -1,
      204, 206, 202, -1,
      202, 206, 209, -1,
      202, 209, 200, -1,
      200, 209, 211, -1,
      200, 211, 198, -1,
      198, 211, 213, -1,
      198, 213, 196, -1,
      196, 213, 194, -1,
      11, 10, 207, -1,
      207, 10, 205, -1,
      207, 205, 208, -1,
      208, 205, 203, -1,
      208, 203, 210, -1,
      210, 203, 201, -1,
      210, 201, 212, -1,
      181, 231, 180, -1,
      180, 231, 229, -1,
      180, 229, 182, -1,
      182, 229, 227, -1,
      182, 227, 184, -1,
      184, 227, 225, -1,
      184, 225, 186, -1,
      186, 225, 223, -1,
      186, 223, 188, -1,
      188, 223, 221, -1,
      188, 221, 190, -1,
      190, 221, 219, -1,
      190, 219, 193, -1,
      193, 219, 216, -1,
      193, 216, 195, -1,
      195, 216, 214, -1,
      195, 214, 197, -1,
      197, 214, 212, -1,
      197, 212, 199, -1,
      199, 212, 201, -1,
    ]
  }
}

Shape {
  appearance Appearance {
    material Material {
      diffuseColor 1.0000 1.0000 1.0000
      specularColor 0.8784 0.8784 0.8784
      ambientIntensity 0.2
      transparency 0.0000
      shininess 0.5
    }
  }
  geometry IndexedFaceSet {
    ccw TRUE
    solid FALSE
    coord DEF co Coordinate {
      point [
        0.168531 0.072583 -1.259843,
        0.187914 0.070406 -1.259843,
        0.125959 -0.075209 -1.259843,
        0.122431 -0.094860 -1.259843,
        0.143415 -0.103476 -1.259843,
        0.219934 -0.098381 -1.259843,
        0.285673 -0.105063 -1.259843,
        0.200854 -0.104948 -1.259843,
        0.188172 -0.106263 -1.259843,
        0.144604 0.069474 -1.259843,
        0.122431 -0.073254 -1.259843,
        0.122431 0.059980 -1.259843,
        0.122431 0.086386 -1.259843,
        0.202648 0.065089 -1.259843,
        0.216273 0.055974 -1.259843,
        0.228160 0.042850 -1.259843,
        0.242462 -0.008738 -1.259843,
        0.240469 -0.030048 -1.259843,
        0.235121 -0.046980 -1.259843,
        0.191317 -0.083798 -1.259843,
        0.172957 -0.085858 -1.259843,
        0.205661 -0.078518 -1.259843,
        0.217742 -0.070375 -1.259843,
        0.226980 -0.060630 -1.259843,
        0.146827 -0.082957 -1.259843,
        0.258480 0.039940 -1.259843,
        0.246942 0.058344 -1.259843,
        0.360092 0.091788 -1.259843,
        0.386499 0.091788 -1.259843,
        0.236276 0.027652 -1.259843,
        0.241523 0.006578 -1.259843,
        0.386499 -0.105063 -1.259843,
        0.235768 -0.088269 -1.259843,
        0.250554 -0.072703 -1.259843,
        0.285673 -0.083457 -1.259843,
        0.261041 -0.053985 -1.259843,
        0.360092 -0.083457 -1.259843,
        0.229170 0.075436 -1.259843,
        0.210472 0.086199 -1.259843,
        0.188527 0.092574 -1.259843,
        0.266965 -0.033149 -1.259843,
        0.268869 -0.010351 -1.259843,
        0.266037 0.017635 -1.259843,
        0.168756 0.094188 -1.259843,
        0.145191 0.092562 -1.259843,
        0.176595 -0.107463 -1.259843,
        0.171213 -0.107371 -1.259843,
        0.163306 -0.106263 -1.259843,
        -0.232859 -0.105063 -1.259843,
        -0.208626 -0.051110 -1.259843,
        -0.197337 -0.068717 -1.259843,
        -0.021606 -0.105063 -1.259843,
        0.084022 -0.105063 -1.259843,
        0.084022 0.091788 -1.259843,
        -0.016804 0.070182 -1.259843,
        0.057615 0.070182 -1.259843,
        0.057615 0.005366 -1.259843,
        -0.181135 -0.084231 -1.259843,
        -0.160581 -0.096176 -1.259843,
        -0.137898 -0.102937 -1.259843,
        -0.307279 0.091788 -1.259843,
        -0.333685 0.091788 -1.259843,
        -0.016804 0.091788 -1.259843,
        -0.060015 0.091788 -1.259843,
        -0.012003 0.005366 -1.259843,
        -0.012003 -0.016240 -1.259843,
        0.057615 -0.016240 -1.259843,
        0.057615 -0.083457 -1.259843,
        -0.021606 -0.083457 -1.259843,
        -0.060015 -0.105063 -1.259843,
        -0.113542 -0.105063 -1.259843,
        -0.167038 0.080660 -1.259843,
        -0.188464 0.066302 -1.259843,
        -0.188670 0.066121 -1.259843,
        -0.202590 0.050685 -1.259843,
        -0.211738 0.033756 -1.259843,
        -0.115567 0.091788 -1.259843,
        -0.144007 0.088748 -1.259843,
        -0.217025 0.014361 -1.259843,
        -0.218456 -0.004162 -1.259843,
        -0.215694 -0.030506 -1.259843,
        -0.381698 -0.105063 -1.259843,
        -0.410505 -0.105063 -1.259843,
        -0.361780 -0.049848 -1.259843,
        -0.280459 -0.049848 -1.259843,
        -0.261667 -0.105063 -1.259843,
        -0.333685 0.091788 -1.220472,
        -0.410505 -0.105063 -1.220472,
        -0.381698 -0.105063 -1.220472,
        -0.361780 -0.049848 -1.220472,
        -0.280459 -0.049848 -1.220472,
        -0.261667 -0.105063 -1.220472,
        -0.232859 -0.105063 -1.220472,
        -0.307279 0.091788 -1.220472,
        -0.287098 -0.028243 -1.220472,
        -0.352928 -0.028243 -1.220472,
        -0.316469 0.053978 -1.220472,
        -0.318363 0.060805 -1.220472,
        -0.319619 0.067781 -1.220472,
        -0.320257 0.067781 -1.220472,
        -0.321541 0.060826 -1.220472,
        -0.323295 0.053978 -1.220472,
        -0.287098 -0.028243 -1.259843,
        -0.352928 -0.028243 -1.259843,
        -0.316469 0.053978 -1.259843,
        -0.318363 0.060805 -1.259843,
        -0.319619 0.067781 -1.259843,
        -0.320257 0.067781 -1.259843,
        -0.321541 0.060826 -1.259843,
        -0.323295 0.053978 -1.259843,
        -0.113542 -0.105063 -1.220472,
        -0.060015 -0.105063 -1.220472,
        -0.060015 0.091788 -1.220472,
        -0.115567 0.091788 -1.220472,
        -0.218456 -0.004162 -1.220472,
        -0.217025 0.014361 -1.220472,
        -0.211738 0.033756 -1.220472,
        -0.202590 0.050685 -1.220472,
        -0.188670 0.066121 -1.220472,
        -0.188464 0.066302 -1.220472,
        -0.167038 0.080660 -1.220472,
        -0.144007 0.088748 -1.220472,
        -0.137898 -0.102937 -1.220472,
        -0.160581 -0.096176 -1.220472,
        -0.181135 -0.084231 -1.220472,
        -0.197337 -0.068717 -1.220472,
        -0.208626 -0.051110 -1.220472,
        -0.215694 -0.030506 -1.220472,
        -0.178943 0.042578 -1.220472,
        -0.169381 0.052730 -1.220472,
        -0.155002 0.062019 -1.220472,
        -0.138754 0.067706 -1.220472,
        -0.115455 0.070182 -1.220472,
        -0.086422 0.070182 -1.220472,
        -0.086422 -0.083457 -1.220472,
        -0.114367 -0.083457 -1.220472,
        -0.135135 -0.081524 -1.220472,
        -0.151700 -0.076354 -1.220472,
        -0.165125 -0.068381 -1.220472,
        -0.176166 -0.057476 -1.220472,
        -0.184468 -0.043904 -1.220472,
        -0.190242 -0.025400 -1.220472,
        -0.192049 -0.004724 -1.220472,
        -0.190377 0.014867 -1.220472,
        -0.185781 0.030437 -1.220472,
        -0.115455 0.070182 -1.259843,
        -0.086422 0.070182 -1.259843,
        -0.138754 0.067706 -1.259843,
        -0.155002 0.062019 -1.259843,
        -0.169381 0.052730 -1.259843,
        -0.178943 0.042578 -1.259843,
        -0.185781 0.030437 -1.259843,
        -0.190377 0.014867 -1.259843,
        -0.192049 -0.004724 -1.259843,
        -0.190242 -0.025400 -1.259843,
        -0.184468 -0.043904 -1.259843,
        -0.176166 -0.057476 -1.259843,
        -0.165125 -0.068381 -1.259843,
        -0.151700 -0.076354 -1.259843,
        -0.135135 -0.081524 -1.259843,
        -0.114367 -0.083457 -1.259843,
        -0.086422 -0.083457 -1.259843,
        -0.021606 -0.083457 -1.220472,
        -0.021606 -0.105063 -1.220472,
        0.084022 -0.105063 -1.220472,
        0.084022 0.091788 -1.220472,
        -0.016804 0.091788 -1.220472,
        -0.016804 0.070182 -1.220472,
        0.057615 0.070182 -1.220472,
        0.057615 0.005366 -1.220472,
        -0.012003 0.005366 -1.220472,
        -0.012003 -0.016240 -1.220472,
        0.057615 -0.016240 -1.220472,
        0.057615 -0.083457 -1.220472,
        0.122431 -0.073254 -1.220472,
        0.122431 -0.094860 -1.220472,
        0.143415 -0.103476 -1.220472,
        0.176595 -0.107463 -1.220472,
        0.171213 -0.107371 -1.220472,
        0.200854 -0.104948 -1.220472,
        0.219934 -0.098381 -1.220472,
        0.235768 -0.088269 -1.220472,
        0.250554 -0.072703 -1.220472,
        0.261041 -0.053985 -1.220472,
        0.266965 -0.033149 -1.220472,
        0.268869 -0.010351 -1.220472,
        0.168756 0.094188 -1.220472,
        0.188527 0.092574 -1.220472,
        0.210472 0.086199 -1.220472,
        0.229170 0.075436 -1.220472,
        0.246942 0.058344 -1.220472,
        0.258480 0.039940 -1.220472,
        0.266037 0.017635 -1.220472,
        0.122431 0.086386 -1.220472,
        0.145191 0.092562 -1.220472,
        0.122431 0.059980 -1.220472,
        0.168531 0.072583 -1.220472,
        0.144604 0.069474 -1.220472,
        0.242462 -0.008738 -1.220472,
        0.241523 0.006578 -1.220472,
        0.236276 0.027652 -1.220472,
        0.228160 0.042850 -1.220472,
        0.216273 0.055974 -1.220472,
        0.202648 0.065089 -1.220472,
        0.187914 0.070406 -1.220472,
        0.172957 -0.085858 -1.220472,
        0.191317 -0.083798 -1.220472,
        0.205661 -0.078518 -1.220472,
        0.217742 -0.070375 -1.220472,
        0.226980 -0.060630 -1.220472,
        0.235121 -0.046980 -1.220472,
        0.240469 -0.030048 -1.220472,
        0.125959 -0.075209 -1.220472,
        0.146827 -0.082957 -1.220472,
        0.285673 -0.083457 -1.220472,
        0.285673 -0.105063 -1.220472,
        0.386499 -0.105063 -1.220472,
        0.386499 0.091788 -1.220472,
        0.360092 0.091788 -1.220472,
        0.360092 -0.083457 -1.220472,
      ]
    }
    coordIndex [
      86, 87, 61, -1,
      61, 87, 82, -1,
      87, 88, 82, -1,
      82, 88, 81, -1,
      88, 89, 81, -1,
      81, 89, 83, -1,
      89, 90, 83, -1,
      83, 90, 84, -1,
      90, 91, 84, -1,
      84, 91, 85, -1,
      91, 92, 85, -1,
      85, 92, 48, -1,
      92, 93, 48, -1,
      48, 93, 60, -1,
      93, 86, 60, -1,
      60, 86, 61, -1,
      94, 90, 95, -1,
      95, 90, 89, -1,
      96, 93, 94, -1,
      94, 93, 92, -1,
      94, 92, 90, -1,
      90, 92, 91, -1,
      96, 97, 93, -1,
      93, 97, 98, -1,
      93, 98, 86, -1,
      86, 98, 99, -1,
      86, 99, 100, -1,
      100, 101, 86, -1,
      86, 101, 95, -1,
      86, 95, 87, -1,
      87, 95, 89, -1,
      87, 89, 88, -1,
      94, 95, 102, -1,
      102, 95, 103, -1,
      96, 94, 104, -1,
      104, 94, 102, -1,
      96, 104, 105, -1,
      96, 105, 97, -1,
      97, 105, 106, -1,
      97, 106, 98, -1,
      99, 98, 107, -1,
      107, 98, 106, -1,
      99, 107, 108, -1,
      99, 108, 100, -1,
      100, 108, 109, -1,
      100, 109, 101, -1,
      95, 101, 103, -1,
      103, 101, 109, -1,
      110, 111, 70, -1,
      70, 111, 69, -1,
      111, 112, 69, -1,
      69, 112, 63, -1,
      112, 113, 63, -1,
      63, 113, 76, -1,
      114, 79, 78, -1,
      114, 78, 115, -1,
      115, 78, 75, -1,
      115, 75, 116, -1,
      116, 75, 74, -1,
      116, 74, 117, -1,
      117, 74, 73, -1,
      117, 73, 118, -1,
      118, 73, 72, -1,
      118, 72, 119, -1,
      119, 72, 71, -1,
      119, 71, 120, -1,
      120, 71, 77, -1,
      120, 77, 121, -1,
      121, 77, 76, -1,
      121, 76, 113, -1,
      110, 70, 59, -1,
      110, 59, 122, -1,
      122, 59, 58, -1,
      122, 58, 123, -1,
      123, 58, 57, -1,
      123, 57, 124, -1,
      124, 57, 50, -1,
      124, 50, 125, -1,
      125, 50, 49, -1,
      125, 49, 126, -1,
      126, 49, 80, -1,
      126, 80, 127, -1,
      127, 80, 79, -1,
      127, 79, 114, -1,
      116, 117, 128, -1,
      128, 117, 118, -1,
      128, 118, 129, -1,
      129, 118, 119, -1,
      129, 119, 130, -1,
      130, 119, 120, -1,
      130, 120, 131, -1,
      131, 120, 121, -1,
      131, 121, 132, -1,
      132, 121, 113, -1,
      132, 113, 133, -1,
      133, 113, 112, -1,
      133, 112, 134, -1,
      134, 112, 111, -1,
      134, 111, 135, -1,
      135, 111, 110, -1,
      135, 110, 136, -1,
      136, 110, 122, -1,
      136, 122, 137, -1,
      137, 122, 123, -1,
      137, 123, 138, -1,
      138, 123, 124, -1,
      138, 124, 139, -1,
      139, 124, 125, -1,
      139, 125, 140, -1,
      140, 125, 126, -1,
      140, 126, 141, -1,
      141, 126, 127, -1,
      141, 127, 142, -1,
      142, 127, 114, -1,
      142, 114, 143, -1,
      143, 114, 115, -1,
      143, 115, 144, -1,
      144, 115, 116, -1,
      144, 116, 128, -1,
      132, 133, 145, -1,
      145, 133, 146, -1,
      132, 145, 147, -1,
      132, 147, 131, -1,
      131, 147, 148, -1,
      131, 148, 130, -1,
      130, 148, 149, -1,
      130, 149, 129, -1,
      129, 149, 150, -1,
      129, 150, 128, -1,
      128, 150, 151, -1,
      128, 151, 144, -1,
      144, 151, 152, -1,
      144, 152, 143, -1,
      143, 152, 153, -1,
      143, 153, 142, -1,
      142, 153, 154, -1,
      142, 154, 141, -1,
      141, 154, 155, -1,
      141, 155, 140, -1,
      140, 155, 156, -1,
      140, 156, 139, -1,
      139, 156, 157, -1,
      139, 157, 138, -1,
      138, 157, 158, -1,
      138, 158, 137, -1,
      137, 158, 159, -1,
      137, 159, 136, -1,
      136, 159, 160, -1,
      136, 160, 135, -1,
      134, 135, 161, -1,
      161, 135, 160, -1,
      133, 134, 146, -1,
      146, 134, 161, -1,
      162, 163, 68, -1,
      68, 163, 51, -1,
      163, 164, 51, -1,
      51, 164, 52, -1,
      164, 165, 52, -1,
      52, 165, 53, -1,
      165, 166, 53, -1,
      53, 166, 62, -1,
      166, 167, 62, -1,
      62, 167, 54, -1,
      167, 168, 54, -1,
      54, 168, 55, -1,
      168, 169, 55, -1,
      55, 169, 56, -1,
      169, 170, 56, -1,
      56, 170, 64, -1,
      170, 171, 64, -1,
      64, 171, 65, -1,
      171, 172, 65, -1,
      65, 172, 66, -1,
      172, 173, 66, -1,
      66, 173, 67, -1,
      173, 162, 67, -1,
      67, 162, 68, -1,
      164, 163, 162, -1,
      162, 173, 164, -1,
      164, 173, 172, -1,
      164, 172, 165, -1,
      167, 166, 168, -1,
      168, 166, 165, -1,
      168, 165, 169, -1,
      169, 165, 172, -1,
      169, 172, 170, -1,
      170, 172, 171, -1,
      174, 175, 10, -1,
      10, 175, 3, -1,
      3, 175, 176, -1,
      177, 45, 46, -1,
      177, 46, 178, -1,
      178, 46, 47, -1,
      178, 47, 176, -1,
      176, 47, 4, -1,
      176, 4, 3, -1,
      45, 177, 8, -1,
      8, 177, 179, -1,
      8, 179, 7, -1,
      7, 179, 180, -1,
      7, 180, 5, -1,
      5, 180, 181, -1,
      5, 181, 32, -1,
      32, 181, 182, -1,
      32, 182, 33, -1,
      33, 182, 183, -1,
      33, 183, 35, -1,
      35, 183, 184, -1,
      35, 184, 40, -1,
      40, 184, 185, -1,
      40, 185, 41, -1,
      186, 43, 39, -1,
      186, 39, 187, -1,
      187, 39, 38, -1,
      187, 38, 188, -1,
      188, 38, 37, -1,
      188, 37, 189, -1,
      189, 37, 26, -1,
      189, 26, 190, -1,
      190, 26, 25, -1,
      190, 25, 191, -1,
      191, 25, 42, -1,
      191, 42, 192, -1,
      192, 42, 41, -1,
      192, 41, 185, -1,
      193, 12, 44, -1,
      193, 44, 194, -1,
      194, 44, 43, -1,
      194, 43, 186, -1,
      193, 195, 12, -1,
      12, 195, 11, -1,
      196, 0, 9, -1,
      196, 9, 197, -1,
      197, 9, 11, -1,
      197, 11, 195, -1,
      198, 16, 30, -1,
      198, 30, 199, -1,
      199, 30, 29, -1,
      199, 29, 200, -1,
      200, 29, 15, -1,
      200, 15, 201, -1,
      201, 15, 14, -1,
      201, 14, 202, -1,
      202, 14, 13, -1,
      202, 13, 203, -1,
      203, 13, 1, -1,
      203, 1, 204, -1,
      204, 1, 0, -1,
      204, 0, 196, -1,
      205, 20, 19, -1,
      205, 19, 206, -1,
      206, 19, 21, -1,
      206, 21, 207, -1,
      207, 21, 22, -1,
      207, 22, 208, -1,
      208, 22, 23, -1,
      208, 23, 209, -1,
      209, 23, 18, -1,
      209, 18, 210, -1,
      210, 18, 17, -1,
      210, 17, 211, -1,
      211, 17, 16, -1,
      211, 16, 198, -1,
      174, 10, 2, -1,
      174, 2, 212, -1,
      212, 2, 24, -1,
      212, 24, 213, -1,
      213, 24, 20, -1,
      213, 20, 205, -1,
      206, 177, 205, -1,
      205, 177, 178, -1,
      205, 178, 213, -1,
      213, 178, 176, -1,
      213, 176, 212, -1,
      212, 176, 175, -1,
      212, 175, 174, -1,
      195, 193, 197, -1,
      197, 193, 194, -1,
      197, 194, 196, -1,
      196, 194, 186, -1,
      196, 186, 204, -1,
      204, 186, 187, -1,
      204, 187, 203, -1,
      203, 187, 188, -1,
      203, 188, 202, -1,
      202, 188, 189, -1,
      202, 189, 201, -1,
      201, 189, 190, -1,
      201, 190, 200, -1,
      200, 190, 191, -1,
      200, 191, 199, -1,
      199, 191, 192, -1,
      199, 192, 198, -1,
      198, 192, 185, -1,
      198, 185, 211, -1,
      211, 185, 184, -1,
      211, 184, 210, -1,
      210, 184, 183, -1,
      210, 183, 209, -1,
      209, 183, 182, -1,
      209, 182, 208, -1,
      208, 182, 181, -1,
      208, 181, 207, -1,
      207, 181, 180, -1,
      207, 180, 206, -1,
      206, 180, 179, -1,
      206, 179, 177, -1,
      214, 215, 34, -1,
      34, 215, 6, -1,
      215, 216, 6, -1,
      6, 216, 31, -1,
      216, 217, 31, -1,
      31, 217, 28, -1,
      217, 218, 28, -1,
      28, 218, 27, -1,
      218, 219, 27, -1,
      27, 219, 36, -1,
      219, 214, 36, -1,
      36, 214, 34, -1,
      218, 217, 219, -1,
      219, 217, 216, -1,
      219, 216, 214, -1,
      214, 216, 215, -1,
    ]
  }
}

Shape {
  appearance Appearance {
    material Material {
      diffuseColor 0.2078 0.2078 0.2078
      specularColor 0.0157 0.0157 0.0157
      ambientIntensity 0.2
      transparency 0.0000
      shininess 0.5
    }
  }
  geometry IndexedFaceSet {
    ccw TRUE
    solid FALSE
    coord DEF co Coordinate {
      point [
        -0.287098 -0.028243 -1.259843,
        -0.352928 -0.028243 -1.259843,
        -0.316469 0.053978 -1.259843,
        -0.318363 0.060805 -1.259843,
        -0.319619 0.067781 -1.259843,
        -0.320257 0.067781 -1.259843,
        -0.321541 0.060826 -1.259843,
        -0.323295 0.053978 -1.259843,
        -0.115455 0.070182 -1.259843,
        -0.086422 0.070182 -1.259843,
        -0.138754 0.067706 -1.259843,
        -0.155002 0.062019 -1.259843,
        -0.169381 0.052730 -1.259843,
        -0.178943 0.042578 -1.259843,
        -0.185781 0.030437 -1.259843,
        -0.190377 0.014867 -1.259843,
        -0.192049 -0.004724 -1.259843,
        -0.190242 -0.025400 -1.259843,
        -0.184468 -0.043904 -1.259843,
        -0.176166 -0.057476 -1.259843,
        -0.165125 -0.068381 -1.259843,
        -0.151700 -0.076354 -1.259843,
        -0.135135 -0.081524 -1.259843,
        -0.114367 -0.083457 -1.259843,
        -0.086422 -0.083457 -1.259843,
      ]
    }
    coordIndex [
      0, 1, 2, -1,
      2, 1, 7, -1,
      2, 7, 3, -1,
      3, 7, 6, -1,
      3, 6, 4, -1,
      4, 6, 5, -1,
      9, 24, 8, -1,
      8, 24, 23, -1,
      8, 23, 22, -1,
      16, 15, 8, -1,
      8, 15, 14, -1,
      8, 14, 10, -1,
      22, 21, 8, -1,
      8, 21, 20, -1,
      8, 20, 19, -1,
      19, 18, 8, -1,
      8, 18, 17, -1,
      8, 17, 16, -1,
      13, 12, 14, -1,
      14, 12, 11, -1,
      14, 11, 10, -1,
    ]
  }
}
