#VRML V2.0 utf8

Shape {
  appearance Appearance {
    material Material {
      diffuseColor 0.4392 0.4392 0.4392
      specularColor 0.2196 0.2196 0.2196
      ambientIntensity 0.2
      transparency 0.0000
      shininess 0.5
    }
  }
  geometry IndexedFaceSet {
    ccw TRUE
    solid FALSE
    coord DEF co Coordinate {
      point [
        -0.629921 0.255906 0.011811,
        -0.628000 0.255952 0.011811,
        -0.589150 0.217103 0.011811,
        -0.589150 -0.217103 0.011811,
        -0.628000 -0.255952 0.011811,
        -0.590199 -0.211945 0.011811,
        -0.629921 -0.255906 0.011811,
        -0.590199 0.211945 0.011811,
        -0.590551 0.206693 0.011811,
        -0.590551 -0.206693 0.011811,
        0.374016 -0.246063 0.011811,
        0.543307 -0.246063 0.011811,
        0.590598 -0.293354 0.011811,
        -0.590551 0.295276 0.011811,
        0.354331 0.240789 0.011811,
        0.346177 0.234532 0.011811,
        0.590598 0.293354 0.011811,
        0.543307 0.246063 0.011811,
        0.590551 0.295276 0.011811,
        0.374016 0.246063 0.011811,
        0.363826 0.244722 0.011811,
        -0.590598 -0.293354 0.011811,
        -0.543307 -0.246063 0.011811,
        -0.590551 -0.295276 0.011811,
        -0.374016 -0.246063 0.011811,
        0.590551 -0.295276 0.011811,
        0.363826 -0.244722 0.011811,
        -0.363826 -0.244722 0.011811,
        0.339920 -0.226378 0.011811,
        -0.354331 -0.240789 0.011811,
        0.346177 -0.234532 0.011811,
        0.354331 -0.240789 0.011811,
        0.339920 0.226378 0.011811,
        -0.478559 0.244722 0.011811,
        -0.590598 0.293354 0.011811,
        -0.488748 0.246063 0.011811,
        -0.543307 0.246063 0.011811,
        -0.339920 0.111645 0.011811,
        -0.346177 0.119799 0.011811,
        0.334646 -0.206693 0.011811,
        0.335987 -0.216883 0.011811,
        -0.334646 -0.206693 0.011811,
        -0.460910 0.234532 0.011811,
        -0.469063 0.240789 0.011811,
        -0.346177 -0.234532 0.011811,
        -0.339920 -0.226378 0.011811,
        -0.335987 -0.216883 0.011811,
        -0.335987 0.102150 0.011811,
        0.335987 0.216883 0.011811,
        0.334646 0.206693 0.011811,
        -0.334646 0.091960 0.011811,
        -0.590598 0.293354 0.078740,
        -0.628000 0.255952 0.078740,
        -0.629921 0.255906 0.208661,
        -0.619731 0.257247 0.078740,
        -0.619731 0.257247 0.208661,
        -0.610236 0.261180 0.078740,
        -0.610236 0.261180 0.208661,
        -0.602082 0.267437 0.078740,
        -0.602082 0.267437 0.208661,
        -0.595826 0.275591 0.078740,
        -0.595826 0.275591 0.208661,
        -0.591893 0.285086 0.078740,
        -0.591893 0.285086 0.208661,
        -0.590551 0.295276 0.208661,
      ]
    }
    coordIndex [
      0, 1, 2, -1,
      3, 4, 5, -1,
      5, 4, 6, -1,
      2, 7, 0, -1,
      0, 7, 8, -1,
      0, 8, 6, -1,
      6, 8, 9, -1,
      6, 9, 5, -1,
      10, 11, 12, -1,
      13, 14, 15, -1,
      16, 17, 18, -1,
      18, 17, 19, -1,
      18, 19, 13, -1,
      13, 19, 20, -1,
      13, 20, 14, -1,
      21, 22, 23, -1,
      23, 22, 24, -1,
      12, 25, 10, -1,
      10, 25, 23, -1,
      10, 23, 26, -1,
      26, 23, 24, -1,
      26, 24, 27, -1,
      28, 27, 29, -1,
      28, 30, 27, -1,
      27, 30, 31, -1,
      27, 31, 26, -1,
      15, 32, 13, -1,
      13, 32, 33, -1,
      13, 33, 34, -1,
      34, 33, 35, -1,
      34, 35, 36, -1,
      32, 37, 38, -1,
      39, 40, 41, -1,
      38, 42, 32, -1,
      32, 42, 43, -1,
      32, 43, 33, -1,
      29, 44, 28, -1,
      28, 44, 45, -1,
      28, 45, 40, -1,
      40, 45, 46, -1,
      40, 46, 41, -1,
      37, 32, 47, -1,
      47, 32, 48, -1,
      47, 48, 49, -1,
      39, 41, 49, -1,
      49, 41, 50, -1,
      49, 50, 47, -1,
      13, 34, 51, -1,
      1, 0, 52, -1,
      52, 0, 53, -1,
      52, 53, 54, -1,
      54, 53, 55, -1,
      54, 55, 56, -1,
      56, 55, 57, -1,
      56, 57, 58, -1,
      58, 57, 59, -1,
      58, 59, 60, -1,
      60, 59, 61, -1,
      60, 61, 62, -1,
      62, 61, 63, -1,
      62, 63, 51, -1,
      51, 63, 64, -1,
      51, 64, 13, -1,
    ]
  }
}

Shape {
  appearance Appearance {
    material Material {
      diffuseColor 0.9686 0.8784 0.6000
      specularColor 0.6784 0.6157 0.4196
      ambientIntensity 0.2
      transparency 0.0000
      shininess 0.5
    }
  }
  geometry IndexedFaceSet {
    ccw TRUE
    solid FALSE
    coord DEF co Coordinate {
      point [
        -0.589150 0.217103 0.011811,
        -0.590199 0.211945 0.011811,
        -0.590551 0.206693 0.011811,
        -0.488748 0.246063 0.011811,
        -0.543307 0.246063 0.011811,
        -0.488748 0.246063 0.000000,
        -0.543307 0.246063 0.000000,
        -0.589150 0.217103 0.000000,
        -0.590199 0.211945 0.000000,
        -0.590551 0.206693 0.000000,
      ]
    }
    coordIndex [
      3, 5, 4, -1,
      4, 5, 6, -1,
      0, 7, 8, -1,
      0, 8, 1, -1,
      1, 8, 9, -1,
      1, 9, 2, -1,
    ]
  }
}

Shape {
  appearance Appearance {
    material Material {
      diffuseColor 0.4392 0.4392 0.4392
      specularColor 0.2196 0.2196 0.2196
      ambientIntensity 0.2
      transparency 0.0000
      shininess 0.5
    }
  }
  geometry IndexedFaceSet {
    ccw TRUE
    solid FALSE
    coord DEF co Coordinate {
      point [
        0.590598 0.293354 0.011811,
        0.590551 0.295276 0.011811,
        0.629921 -0.255906 0.011811,
        0.628000 -0.255952 0.011811,
        0.589150 -0.217103 0.011811,
        0.589150 0.217103 0.011811,
        0.628000 0.255952 0.011811,
        0.590199 0.211945 0.011811,
        0.629921 0.255906 0.011811,
        0.590199 -0.211945 0.011811,
        0.590551 -0.206693 0.011811,
        0.590551 0.206693 0.011811,
        0.628000 0.255952 0.078740,
        0.590598 0.293354 0.078740,
        0.590551 0.295276 0.208661,
        0.591893 0.285086 0.078740,
        0.591893 0.285086 0.208661,
        0.595826 0.275591 0.078740,
        0.595826 0.275591 0.208661,
        0.602082 0.267437 0.078740,
        0.602082 0.267437 0.208661,
        0.610236 0.261180 0.078740,
        0.610236 0.261180 0.208661,
        0.619731 0.257247 0.078740,
        0.619731 0.257247 0.208661,
        0.629921 0.255906 0.208661,
      ]
    }
    coordIndex [
      2, 3, 4, -1,
      5, 6, 7, -1,
      7, 6, 8, -1,
      4, 9, 2, -1,
      2, 9, 10, -1,
      2, 10, 8, -1,
      8, 10, 11, -1,
      8, 11, 7, -1,
      8, 6, 12, -1,
      0, 1, 13, -1,
      13, 1, 14, -1,
      13, 14, 15, -1,
      15, 14, 16, -1,
      15, 16, 17, -1,
      17, 16, 18, -1,
      17, 18, 19, -1,
      19, 18, 20, -1,
      19, 20, 21, -1,
      21, 20, 22, -1,
      21, 22, 23, -1,
      23, 22, 24, -1,
      23, 24, 12, -1,
      12, 24, 25, -1,
      12, 25, 8, -1,
    ]
  }
}

Shape {
  appearance Appearance {
    material Material {
      diffuseColor 0.9686 0.8784 0.6000
      specularColor 0.6784 0.6157 0.4196
      ambientIntensity 0.2
      transparency 0.0000
      shininess 0.5
    }
  }
  geometry IndexedFaceSet {
    ccw TRUE
    solid FALSE
    coord DEF co Coordinate {
      point [
        0.543307 0.246063 0.011811,
        0.374016 0.246063 0.011811,
        0.589150 0.217103 0.011811,
        0.590199 0.211945 0.011811,
        0.590551 0.206693 0.011811,
        0.590551 0.206693 0.000000,
        0.590199 0.211945 0.000000,
        0.589150 0.217103 0.000000,
        0.374016 0.246063 0.000000,
        0.543307 0.246063 0.000000,
      ]
    }
    coordIndex [
      4, 5, 6, -1,
      4, 6, 3, -1,
      3, 6, 7, -1,
      3, 7, 2, -1,
      8, 1, 9, -1,
      9, 1, 0, -1,
    ]
  }
}

Shape {
  appearance Appearance {
    material Material {
      diffuseColor 0.4392 0.4392 0.4392
      specularColor 0.2196 0.2196 0.2196
      ambientIntensity 0.2
      transparency 0.0000
      shininess 0.5
    }
  }
  geometry IndexedFaceSet {
    ccw TRUE
    solid FALSE
    coord DEF co Coordinate {
      point [
        0.590598 -0.293354 0.011811,
        0.590551 -0.295276 0.011811,
        0.629921 -0.255906 0.011811,
        0.628000 -0.255952 0.011811,
        0.590598 -0.293354 0.078740,
        0.628000 -0.255952 0.078740,
        0.629921 -0.255906 0.208661,
        0.619731 -0.257247 0.078740,
        0.619731 -0.257247 0.208661,
        0.610236 -0.261180 0.078740,
        0.610236 -0.261180 0.208661,
        0.602082 -0.267437 0.078740,
        0.602082 -0.267437 0.208661,
        0.595826 -0.275591 0.078740,
        0.595826 -0.275591 0.208661,
        0.591893 -0.285086 0.078740,
        0.591893 -0.285086 0.208661,
        0.590551 -0.295276 0.208661,
      ]
    }
    coordIndex [
      1, 0, 4, -1,
      3, 2, 5, -1,
      5, 2, 6, -1,
      5, 6, 7, -1,
      7, 6, 8, -1,
      7, 8, 9, -1,
      9, 8, 10, -1,
      9, 10, 11, -1,
      11, 10, 12, -1,
      11, 12, 13, -1,
      13, 12, 14, -1,
      13, 14, 15, -1,
      15, 14, 16, -1,
      15, 16, 4, -1,
      4, 16, 17, -1,
      4, 17, 1, -1,
    ]
  }
}

Shape {
  appearance Appearance {
    material Material {
      diffuseColor 0.9686 0.8784 0.6000
      specularColor 0.6784 0.6157 0.4196
      ambientIntensity 0.2
      transparency 0.0000
      shininess 0.5
    }
  }
  geometry IndexedFaceSet {
    ccw TRUE
    solid FALSE
    coord DEF co Coordinate {
      point [
        0.374016 -0.246063 0.011811,
        0.543307 -0.246063 0.011811,
        0.589150 -0.217103 0.011811,
        0.590199 -0.211945 0.011811,
        0.590551 -0.206693 0.011811,
        0.374016 -0.246063 0.000000,
        0.543307 -0.246063 0.000000,
        0.589150 -0.217103 0.000000,
        0.590199 -0.211945 0.000000,
        0.590551 -0.206693 0.000000,
      ]
    }
    coordIndex [
      0, 5, 1, -1,
      1, 5, 6, -1,
      2, 7, 8, -1,
      2, 8, 3, -1,
      3, 8, 9, -1,
      3, 9, 4, -1,
    ]
  }
}

Shape {
  appearance Appearance {
    material Material {
      diffuseColor 0.4392 0.4392 0.4392
      specularColor 0.2196 0.2196 0.2196
      ambientIntensity 0.2
      transparency 0.0000
      shininess 0.5
    }
  }
  geometry IndexedFaceSet {
    ccw TRUE
    solid FALSE
    coord DEF co Coordinate {
      point [
        -0.628000 -0.255952 0.011811,
        -0.629921 -0.255906 0.011811,
        -0.590598 -0.293354 0.011811,
        -0.590551 -0.295276 0.011811,
        -0.628000 -0.255952 0.078740,
        -0.590598 -0.293354 0.078740,
        -0.590551 -0.295276 0.208661,
        -0.591893 -0.285086 0.078740,
        -0.591893 -0.285086 0.208661,
        -0.595826 -0.275591 0.078740,
        -0.595826 -0.275591 0.208661,
        -0.602082 -0.267437 0.078740,
        -0.602082 -0.267437 0.208661,
        -0.610236 -0.261180 0.078740,
        -0.610236 -0.261180 0.208661,
        -0.619731 -0.257247 0.078740,
        -0.619731 -0.257247 0.208661,
        -0.629921 -0.255906 0.208661,
      ]
    }
    coordIndex [
      1, 0, 4, -1,
      2, 3, 5, -1,
      5, 3, 6, -1,
      5, 6, 7, -1,
      7, 6, 8, -1,
      7, 8, 9, -1,
      9, 8, 10, -1,
      9, 10, 11, -1,
      11, 10, 12, -1,
      11, 12, 13, -1,
      13, 12, 14, -1,
      13, 14, 15, -1,
      15, 14, 16, -1,
      15, 16, 4, -1,
      4, 16, 17, -1,
      4, 17, 1, -1,
    ]
  }
}

Shape {
  appearance Appearance {
    material Material {
      diffuseColor 0.9686 0.8784 0.6000
      specularColor 0.6784 0.6157 0.4196
      ambientIntensity 0.2
      transparency 0.0000
      shininess 0.5
    }
  }
  geometry IndexedFaceSet {
    ccw TRUE
    solid FALSE
    coord DEF co Coordinate {
      point [
        -0.589150 -0.217103 0.011811,
        -0.590199 -0.211945 0.011811,
        -0.590551 -0.206693 0.011811,
        -0.543307 -0.246063 0.011811,
        -0.374016 -0.246063 0.011811,
        -0.590551 -0.206693 0.000000,
        -0.590199 -0.211945 0.000000,
        -0.589150 -0.217103 0.000000,
        -0.374016 -0.246063 0.000000,
        -0.543307 -0.246063 0.000000,
      ]
    }
    coordIndex [
      2, 5, 6, -1,
      2, 6, 1, -1,
      1, 6, 7, -1,
      1, 7, 0, -1,
      8, 4, 9, -1,
      9, 4, 3, -1,
    ]
  }
}

Shape {
  appearance Appearance {
    material Material {
      diffuseColor 0.6471 0.6196 0.5882
      specularColor 0.4510 0.4353 0.4118
      ambientIntensity 0.2
      transparency 0.0000
      shininess 0.5
    }
  }
  geometry IndexedFaceSet {
    ccw TRUE
    solid FALSE
    coord DEF co Coordinate {
      point [
        -0.292707 -0.162073 0.287402,
        -0.293961 -0.162222 0.287402,
        -0.286611 -0.162222 0.287402,
        -0.531496 -0.216535 0.287402,
        -0.525594 -0.216535 0.287402,
        -0.525594 -0.173848 0.287402,
        0.531496 0.216535 0.287402,
        -0.243018 0.216535 0.287402,
        0.551181 0.196850 0.287402,
        -0.315418 -0.086097 0.287402,
        -0.313180 -0.085824 0.287402,
        -0.324860 -0.085824 0.287402,
        -0.307851 -0.115486 0.287402,
        -0.309735 -0.115666 0.287402,
        -0.300025 -0.115666 0.287402,
        -0.499933 -0.126662 0.287402,
        -0.499473 -0.124271 0.287402,
        -0.525594 -0.124271 0.287402,
        -0.380274 -0.108978 0.287402,
        -0.374622 -0.113772 0.287402,
        -0.354867 -0.085824 0.287402,
        -0.354867 -0.115666 0.287402,
        -0.408115 -0.082790 0.287402,
        -0.403603 -0.085824 0.287402,
        -0.398809 -0.089047 0.287402,
        -0.392002 -0.096891 0.287402,
        -0.387541 -0.105531 0.287402,
        -0.386480 -0.105888 0.287402,
        -0.447167 -0.083198 0.287402,
        -0.437548 -0.079478 0.287402,
        -0.525594 0.216535 0.287402,
        -0.354867 0.216535 0.287402,
        -0.427186 -0.078197 0.287402,
        -0.418586 -0.079100 0.287402,
        -0.490200 -0.105114 0.287402,
        -0.488493 -0.103516 0.287402,
        -0.525594 -0.085824 0.287402,
        -0.452224 -0.086335 0.287402,
        -0.451400 -0.085824 0.287402,
        -0.481517 -0.098780 0.287402,
        -0.473741 -0.095950 0.287402,
        -0.466204 -0.095098 0.287402,
        -0.457128 -0.090534 0.287402,
        -0.463805 -0.095229 0.287402,
        -0.461406 -0.095515 0.287402,
        -0.525594 -0.115666 0.287402,
        -0.498346 -0.118418 0.287402,
        -0.497061 -0.115666 0.287402,
        -0.494878 -0.110991 0.287402,
        -0.474551 -0.161659 0.287402,
        -0.477962 -0.160596 0.287402,
        -0.525594 -0.162222 0.287402,
        -0.485406 -0.156744 0.287402,
        -0.491243 -0.151644 0.287402,
        -0.491896 -0.150898 0.287402,
        -0.496339 -0.144204 0.287402,
        -0.499159 -0.136398 0.287402,
        -0.500007 -0.128900 0.287402,
        -0.465281 -0.173038 0.287402,
        -0.469361 -0.169960 0.287402,
        -0.472463 -0.166129 0.287402,
        -0.474288 -0.162222 0.287402,
        -0.354867 -0.216535 0.287402,
        -0.449685 -0.175228 0.287402,
        -0.454728 -0.175848 0.287402,
        -0.455542 -0.175833 0.287402,
        -0.460468 -0.175063 0.287402,
        -0.463356 -0.173848 0.287402,
        -0.435174 -0.162222 0.287402,
        -0.435187 -0.162279 0.287402,
        -0.354867 -0.173848 0.287402,
        -0.437650 -0.166933 0.287402,
        -0.440874 -0.170552 0.287402,
        -0.445031 -0.173443 0.287402,
        -0.446088 -0.173848 0.287402,
        -0.367829 -0.126088 0.287402,
        -0.366884 -0.132865 0.287402,
        -0.354867 -0.124271 0.287402,
        -0.408494 -0.149891 0.287402,
        -0.407059 -0.149336 0.287402,
        -0.404651 -0.137456 0.287402,
        -0.374604 -0.152687 0.287402,
        -0.380367 -0.157548 0.287402,
        -0.354867 -0.162222 0.287402,
        -0.439079 -0.141002 0.287402,
        -0.411119 -0.126396 0.287402,
        -0.442720 -0.137687 0.287402,
        -0.447146 -0.135312 0.287402,
        -0.409782 -0.150791 0.287402,
        -0.370520 -0.147022 0.287402,
        -0.379920 -0.131268 0.287402,
        -0.380895 -0.127259 0.287402,
        -0.382500 -0.124271 0.287402,
        -0.486343 -0.124271 0.287402,
        -0.367873 -0.140430 0.287402,
        -0.405485 -0.149140 0.287402,
        -0.405283 -0.149155 0.287402,
        -0.404657 -0.149293 0.287402,
        -0.485126 -0.136781 0.287402,
        -0.482625 -0.141043 0.287402,
        -0.472030 -0.143185 0.287402,
        -0.478882 -0.144884 0.287402,
        -0.474342 -0.147680 0.287402,
        -0.464310 -0.136280 0.287402,
        -0.468578 -0.139243 0.287402,
        -0.486861 -0.128483 0.287402,
        -0.486616 -0.131671 0.287402,
        -0.459701 -0.134520 0.287402,
        -0.454728 -0.133908 0.287402,
        -0.452182 -0.134060 0.287402,
        -0.384052 -0.144106 0.287402,
        -0.381757 -0.140850 0.287402,
        -0.380320 -0.137131 0.287402,
        -0.379821 -0.133074 0.287402,
        -0.386742 -0.160641 0.287402,
        -0.393592 -0.162077 0.287402,
        -0.405903 -0.162077 0.287402,
        -0.407046 -0.161896 0.287402,
        -0.408428 -0.161360 0.287402,
        -0.409787 -0.160405 0.287402,
        -0.410304 -0.159880 0.287402,
        -0.411954 -0.155609 0.287402,
        -0.411918 -0.154930 0.287402,
        -0.433863 -0.152896 0.287402,
        -0.411535 -0.153333 0.287402,
        -0.410763 -0.151889 0.287402,
        -0.404233 -0.149349 0.287402,
        -0.394844 -0.149349 0.287402,
        -0.391117 -0.148637 0.287402,
        -0.411211 -0.158568 0.287402,
        -0.411758 -0.157152 0.287402,
        -0.433973 -0.157126 0.287402,
        -0.433863 -0.154983 0.287402,
        -0.387433 -0.146935 0.287402,
        -0.384344 -0.144419 0.287402,
        -0.397765 -0.116798 0.287402,
        -0.484456 -0.118786 0.287402,
        -0.486241 -0.123440 0.287402,
        -0.396096 -0.116798 0.287402,
        -0.382831 -0.123656 0.287402,
        -0.385255 -0.120946 0.287402,
        -0.388492 -0.118687 0.287402,
        -0.392134 -0.117286 0.287402,
        -0.406603 -0.098989 0.287402,
        -0.407622 -0.098050 0.287402,
        -0.454937 -0.110747 0.287402,
        -0.401990 -0.104694 0.287402,
        -0.482286 -0.115666 0.287402,
        -0.456460 -0.109917 0.287402,
        -0.398004 -0.115666 0.287402,
        -0.398887 -0.111474 0.287402,
        -0.461140 -0.108215 0.287402,
        -0.465996 -0.107618 0.287402,
        -0.468140 -0.107728 0.287402,
        -0.413504 -0.094017 0.287402,
        -0.420059 -0.091547 0.287402,
        -0.451870 -0.104336 0.287402,
        -0.426977 -0.090717 0.287402,
        -0.473293 -0.108942 0.287402,
        -0.477947 -0.111405 0.287402,
        -0.481565 -0.114629 0.287402,
        -0.434596 -0.091689 0.287402,
        -0.441426 -0.094441 0.287402,
        -0.447236 -0.098713 0.287402,
        -0.373267 -0.115666 0.287402,
        -0.370371 -0.119713 0.287402,
        -0.368554 -0.124271 0.287402,
        -0.232249 -0.107391 0.287402,
        -0.243018 -0.107391 0.287402,
        -0.229256 -0.115419 0.287402,
        -0.243018 -0.115666 0.287402,
        -0.225070 -0.115419 0.287402,
        0.551181 -0.115666 0.287402,
        0.551181 -0.085824 0.287402,
        -0.236248 -0.086071 0.287402,
        -0.243018 -0.085824 0.287402,
        -0.244470 -0.107391 0.287402,
        -0.247291 -0.115419 0.287402,
        -0.252291 -0.115666 0.287402,
        -0.251476 -0.115419 0.287402,
        -0.252291 -0.085824 0.287402,
        -0.243018 -0.093211 0.287402,
        -0.240299 -0.086071 0.287402,
        -0.286611 -0.102200 0.287402,
        -0.294537 -0.102200 0.287402,
        -0.286611 -0.112073 0.287402,
        -0.294537 -0.112073 0.287402,
        -0.279770 -0.085824 0.287402,
        -0.286611 -0.085824 0.287402,
        -0.283209 -0.086071 0.287402,
        -0.286611 -0.086071 0.287402,
        -0.283209 -0.089447 0.287402,
        -0.282542 -0.112073 0.287402,
        -0.279770 -0.115666 0.287402,
        -0.282542 -0.115419 0.287402,
        -0.286611 -0.115666 0.287402,
        -0.284042 -0.102200 0.287402,
        -0.284042 -0.098839 0.287402,
        -0.286611 -0.098839 0.287402,
        -0.286611 -0.089447 0.287402,
        -0.294537 -0.089447 0.287402,
        -0.294537 -0.098839 0.287402,
        -0.298326 -0.086071 0.287402,
        -0.300025 -0.085824 0.287402,
        -0.298326 -0.115419 0.287402,
        -0.304200 -0.086776 0.287402,
        -0.307285 -0.085883 0.287402,
        -0.308023 -0.085824 0.287402,
        -0.286611 -0.115419 0.287402,
        -0.304200 -0.090737 0.287402,
        -0.304700 -0.114453 0.287402,
        -0.310399 -0.112486 0.287402,
        -0.307081 -0.111867 0.287402,
        -0.304200 -0.110572 0.287402,
        -0.304200 -0.114203 0.287402,
        -0.307503 -0.089428 0.287402,
        -0.311117 -0.088997 0.287402,
        -0.322196 -0.101075 0.287402,
        -0.320748 -0.107458 0.287402,
        -0.319316 -0.109447 0.287402,
        -0.318738 -0.110019 0.287402,
        -0.316820 -0.111374 0.287402,
        -0.314729 -0.112182 0.287402,
        -0.311776 -0.112538 0.287402,
        -0.319113 -0.092253 0.287402,
        -0.320717 -0.094484 0.287402,
        -0.317115 -0.090603 0.287402,
        -0.314808 -0.089535 0.287402,
        -0.312255 -0.089043 0.287402,
        -0.321705 -0.097011 0.287402,
        -0.304526 -0.090561 0.287402,
        -0.322165 -0.102154 0.287402,
        -0.321696 -0.105091 0.287402,
        -0.324860 0.216535 0.287402,
        -0.311154 -0.085576 0.287402,
        -0.300025 0.216535 0.287402,
        -0.311122 -0.085576 0.287402,
        -0.324062 -0.092678 0.287402,
        -0.321934 -0.089897 0.287402,
        -0.321226 -0.089220 0.287402,
        -0.318481 -0.087292 0.287402,
        -0.324860 -0.107957 0.287402,
        -0.325585 -0.106111 0.287402,
        -0.326619 -0.115666 0.287402,
        -0.326172 -0.101300 0.287402,
        -0.326121 -0.099769 0.287402,
        -0.326619 -0.085824 0.287402,
        -0.325456 -0.095937 0.287402,
        -0.324860 -0.094543 0.287402,
        -0.317276 -0.115175 0.287402,
        -0.320046 -0.113869 0.287402,
        -0.324860 -0.115666 0.287402,
        -0.322407 -0.111907 0.287402,
        -0.324385 -0.109166 0.287402,
        -0.314892 -0.115666 0.287402,
        -0.324860 -0.124271 0.287402,
        -0.314095 -0.115830 0.287402,
        -0.312324 -0.115914 0.287402,
        -0.300025 -0.124271 0.287402,
        0.550510 0.201945 0.287402,
        0.548544 0.206693 0.287402,
        0.536591 0.215865 0.287402,
        0.545415 0.210770 0.287402,
        0.541339 0.213898 0.287402,
        0.550510 -0.201945 0.287402,
        0.551181 -0.196850 0.287402,
        0.531496 -0.216535 0.287402,
        0.551181 -0.173848 0.287402,
        -0.243018 -0.216535 0.287402,
        0.541339 -0.213898 0.287402,
        0.545415 -0.210770 0.287402,
        0.548544 -0.206693 0.287402,
        0.536591 -0.215865 0.287402,
        -0.551181 -0.196850 0.287402,
        -0.550510 -0.201945 0.287402,
        -0.548544 -0.206693 0.287402,
        -0.545415 -0.210770 0.287402,
        -0.541339 -0.213898 0.287402,
        -0.536591 -0.215865 0.287402,
        -0.531496 0.216535 0.287402,
        -0.536591 0.215865 0.287402,
        -0.548544 0.206693 0.287402,
        -0.541339 0.213898 0.287402,
        -0.545415 0.210770 0.287402,
        -0.253902 -0.105671 0.287402,
        -0.255346 -0.108707 0.287402,
        -0.263555 -0.085824 0.287402,
        -0.263555 -0.086782 0.287402,
        -0.260604 -0.087859 0.287402,
        -0.263555 -0.114663 0.287402,
        -0.263555 -0.115666 0.287402,
        -0.260573 -0.113493 0.287402,
        -0.257531 -0.111307 0.287402,
        -0.257531 -0.089957 0.287402,
        -0.256510 -0.090954 0.287402,
        -0.254689 -0.093509 0.287402,
        -0.253600 -0.096303 0.287402,
        -0.253104 -0.100370 0.287402,
        -0.253192 -0.102234 0.287402,
        -0.268626 -0.086071 0.287402,
        -0.264146 -0.086566 0.287402,
        -0.263913 -0.114804 0.287402,
        -0.268926 -0.115419 0.287402,
        -0.276998 -0.115419 0.287402,
        -0.276998 -0.086071 0.287402,
        -0.313516 -0.161723 0.287402,
        -0.314901 -0.162222 0.287402,
        -0.310381 -0.161975 0.287402,
        -0.322186 -0.152127 0.287402,
        -0.321499 -0.146056 0.287402,
        -0.322941 -0.153322 0.287402,
        -0.323382 -0.154672 0.287402,
        -0.313371 -0.143654 0.287402,
        -0.314627 -0.143520 0.287402,
        -0.316593 -0.149522 0.287402,
        -0.312208 -0.160852 0.287402,
        -0.319099 -0.162215 0.287402,
        -0.320509 -0.161683 0.287402,
        -0.324860 -0.162222 0.287402,
        -0.321115 -0.151133 0.287402,
        -0.319644 -0.150317 0.287402,
        -0.318958 -0.144460 0.287402,
        -0.316656 -0.143715 0.287402,
        -0.321499 -0.142485 0.287402,
        -0.320754 -0.142053 0.287402,
        -0.321746 -0.160820 0.287402,
        -0.322098 -0.160469 0.287402,
        -0.322876 -0.159363 0.287402,
        -0.310381 -0.158734 0.287402,
        -0.310479 -0.158734 0.287402,
        -0.311047 -0.159600 0.287402,
        -0.323339 -0.158142 0.287402,
        -0.323547 -0.156364 0.287402,
        -0.300659 -0.149987 0.287402,
        -0.301135 -0.149228 0.287402,
        -0.306705 -0.148487 0.287402,
        -0.301542 -0.148106 0.287402,
        -0.307068 -0.145385 0.287402,
        -0.301702 -0.146671 0.287402,
        -0.310381 -0.148652 0.287402,
        -0.310506 -0.147042 0.287402,
        -0.310885 -0.145727 0.287402,
        -0.311316 -0.144967 0.287402,
        -0.318023 -0.140991 0.287402,
        -0.314282 -0.140535 0.287402,
        -0.311706 -0.140814 0.287402,
        -0.300057 -0.150616 0.287402,
        -0.301724 -0.157444 0.287402,
        -0.300025 -0.150637 0.287402,
        -0.300402 -0.158272 0.287402,
        -0.300025 -0.158419 0.287402,
        -0.310243 -0.141331 0.287402,
        -0.309080 -0.142073 0.287402,
        -0.300443 -0.143188 0.287402,
        -0.311870 -0.144375 0.287402,
        -0.312521 -0.143953 0.287402,
        -0.301558 -0.145365 0.287402,
        -0.301123 -0.144181 0.287402,
        -0.307674 -0.143813 0.287402,
        -0.308453 -0.142680 0.287402,
        -0.315007 -0.162261 0.287402,
        -0.300025 -0.173848 0.287402,
        -0.324860 -0.173848 0.287402,
        -0.316900 -0.162470 0.287402,
        -0.319032 -0.162222 0.287402,
        -0.301724 -0.161240 0.287402,
        -0.306705 -0.161975 0.287402,
        -0.300025 -0.161837 0.287402,
        -0.300025 -0.162222 0.287402,
        -0.299143 -0.162147 0.287402,
        -0.298416 -0.162222 0.287402,
        -0.296038 -0.162470 0.287402,
        -0.288573 -0.141465 0.287402,
        -0.288573 -0.145036 0.287402,
        -0.299346 -0.142200 0.287402,
        -0.298447 -0.141647 0.287402,
        -0.300025 -0.142811 0.287402,
        -0.287742 -0.157746 0.287402,
        -0.288192 -0.158911 0.287402,
        -0.288876 -0.159881 0.287402,
        -0.296478 -0.140887 0.287402,
        -0.293539 -0.140535 0.287402,
        -0.286611 -0.124271 0.287402,
        -0.290961 -0.140763 0.287402,
        -0.288798 -0.152808 0.287402,
        -0.288115 -0.153816 0.287402,
        -0.287721 -0.154899 0.287402,
        -0.287568 -0.156274 0.287402,
        -0.289931 -0.160805 0.287402,
        -0.290777 -0.161326 0.287402,
        -0.293900 -0.143520 0.287402,
        -0.294988 -0.143602 0.287402,
        -0.297913 -0.146341 0.287402,
        -0.295971 -0.143862 0.287402,
        -0.296795 -0.144301 0.287402,
        -0.297880 -0.146830 0.287402,
        -0.297734 -0.147401 0.287402,
        -0.297469 -0.147897 0.287402,
        -0.297110 -0.148292 0.287402,
        -0.295815 -0.149102 0.287402,
        -0.291334 -0.143832 0.287402,
        -0.293539 -0.150092 0.287402,
        -0.289254 -0.144637 0.287402,
        -0.292116 -0.150668 0.287402,
        -0.289675 -0.152026 0.287402,
        -0.297350 -0.144791 0.287402,
        -0.297665 -0.145259 0.287402,
        -0.297846 -0.145755 0.287402,
        -0.298103 -0.159170 0.287402,
        -0.296135 -0.152763 0.287402,
        -0.298326 -0.151758 0.287402,
        -0.295678 -0.159469 0.287402,
        -0.295515 -0.159469 0.287402,
        -0.293721 -0.153774 0.287402,
        -0.293631 -0.159257 0.287402,
        -0.291341 -0.156634 0.287402,
        -0.291378 -0.156176 0.287402,
        -0.292682 -0.158910 0.287402,
        -0.292347 -0.158707 0.287402,
        -0.291925 -0.158332 0.287402,
        -0.291604 -0.157858 0.287402,
        -0.291418 -0.157335 0.287402,
        -0.291544 -0.155602 0.287402,
        -0.291829 -0.155115 0.287402,
        -0.292287 -0.154638 0.287402,
        -0.269346 -0.141015 0.287402,
        -0.265535 -0.141015 0.287402,
        -0.263555 -0.124271 0.287402,
        -0.276068 -0.156769 0.287402,
        -0.275618 -0.158494 0.287402,
        -0.275520 -0.158494 0.287402,
        -0.279770 -0.124271 0.287402,
        -0.279770 -0.146119 0.287402,
        -0.275070 -0.156799 0.287402,
        -0.275351 -0.157776 0.287402,
        -0.279770 -0.162222 0.287402,
        -0.279770 -0.155986 0.287402,
        -0.285655 -0.141015 0.287402,
        -0.281544 -0.141015 0.287402,
        -0.277433 -0.161930 0.287402,
        -0.277557 -0.162222 0.287402,
        -0.279046 -0.165741 0.287402,
        -0.286611 -0.173848 0.287402,
        -0.284897 -0.171548 0.287402,
        -0.284897 -0.168277 0.287402,
        -0.284145 -0.168523 0.287402,
        -0.282812 -0.168697 0.287402,
        -0.282707 -0.168695 0.287402,
        -0.281826 -0.168572 0.287402,
        -0.281032 -0.168245 0.287402,
        -0.280477 -0.167852 0.287402,
        -0.279792 -0.167098 0.287402,
        -0.279770 -0.167057 0.287402,
        -0.279770 -0.171180 0.287402,
        -0.280904 -0.171642 0.287402,
        -0.279770 -0.173848 0.287402,
        -0.282527 -0.171848 0.287402,
        -0.283338 -0.171819 0.287402,
        -0.273897 -0.162222 0.287402,
        -0.275047 -0.165141 0.287402,
        -0.263555 -0.173848 0.287402,
        -0.276732 -0.168411 0.287402,
        -0.278244 -0.170171 0.287402,
        -0.279467 -0.171056 0.287402,
        -0.252291 -0.148757 0.287402,
        -0.257786 -0.148757 0.287402,
        -0.252291 -0.158629 0.287402,
        -0.257786 -0.158629 0.287402,
        -0.246458 -0.132628 0.287402,
        -0.246458 -0.136004 0.287402,
        -0.243018 -0.124271 0.287402,
        -0.245790 -0.158629 0.287402,
        -0.243018 -0.162222 0.287402,
        -0.245790 -0.161975 0.287402,
        -0.252291 -0.162222 0.287402,
        -0.247291 -0.148757 0.287402,
        -0.247291 -0.145396 0.287402,
        -0.252291 -0.145396 0.287402,
        -0.252291 -0.136004 0.287402,
        -0.257786 -0.136004 0.287402,
        -0.257786 -0.145396 0.287402,
        -0.252291 -0.161975 0.287402,
        -0.261574 -0.161975 0.287402,
        -0.263555 -0.162222 0.287402,
        -0.261574 -0.132628 0.287402,
        -0.252291 -0.132628 0.287402,
        -0.252291 -0.124271 0.287402,
        -0.286611 0.216535 0.287402,
        -0.279770 0.216535 0.287402,
        -0.263555 0.216535 0.287402,
        -0.252291 0.216535 0.287402,
        -0.326619 0.216535 0.287402,
        -0.327373 -0.112073 0.287402,
        -0.327373 -0.115419 0.287402,
        -0.342849 -0.115419 0.287402,
        -0.342849 -0.086071 0.287402,
        -0.339061 -0.086071 0.287402,
        -0.339061 -0.112073 0.287402,
        -0.326619 -0.124271 0.287402,
        -0.210539 -0.161975 0.287402,
        -0.214725 -0.161975 0.287402,
        -0.188319 -0.161975 0.287402,
        -0.192504 -0.161975 0.287402,
        -0.195498 -0.153948 0.287402,
        -0.207718 -0.153948 0.287402,
        0.551181 -0.162222 0.287402,
        0.551181 -0.124271 0.287402,
        -0.199496 -0.132628 0.287402,
        -0.217150 -0.152227 0.287402,
        -0.216441 -0.148791 0.287402,
        -0.203547 -0.132628 0.287402,
        -0.216353 -0.146926 0.287402,
        -0.216848 -0.142860 0.287402,
        -0.218595 -0.155263 0.287402,
        -0.220779 -0.157864 0.287402,
        -0.223821 -0.160049 0.287402,
        -0.240246 -0.132628 0.287402,
        -0.240246 -0.161975 0.287402,
        -0.232174 -0.161975 0.287402,
        -0.227161 -0.161361 0.287402,
        -0.220779 -0.136514 0.287402,
        -0.219758 -0.137511 0.287402,
        -0.217938 -0.140065 0.287402,
        -0.231874 -0.132628 0.287402,
        -0.227394 -0.133122 0.287402,
        -0.223852 -0.134416 0.287402,
        -0.326619 -0.162222 0.287402,
        -0.342849 -0.161975 0.287402,
        -0.327065 -0.161975 0.287402,
        -0.327065 -0.158629 0.287402,
        -0.327733 -0.136004 0.287402,
        -0.342849 -0.132628 0.287402,
        -0.327733 -0.132628 0.287402,
        -0.339061 -0.148757 0.287402,
        -0.339061 -0.158629 0.287402,
        -0.328566 -0.148757 0.287402,
        -0.328566 -0.145396 0.287402,
        -0.339061 -0.145396 0.287402,
        -0.339061 -0.136004 0.287402,
        -0.252291 -0.173848 0.287402,
        -0.243018 -0.173848 0.287402,
        -0.326619 -0.173848 0.287402,
        -0.550510 0.201945 0.287402,
        -0.551181 0.196850 0.287402,
        -0.551181 -0.085824 0.287402,
        -0.551181 -0.115666 0.287402,
        -0.551181 -0.124271 0.287402,
        -0.551181 -0.162222 0.287402,
        -0.551181 -0.173848 0.287402,
        -0.252291 -0.216535 0.287402,
        -0.263555 -0.216535 0.287402,
        -0.279770 -0.216535 0.287402,
        -0.286611 -0.216535 0.287402,
        -0.300025 -0.216535 0.287402,
        -0.324860 -0.216535 0.287402,
        -0.326619 -0.216535 0.287402,
      ]
    }
    coordIndex [
      0, 1, 2, -1,
      3, 4, 5, -1,
      6, 7, 8, -1,
      9, 10, 11, -1,
      12, 13, 14, -1,
      15, 16, 17, -1,
      18, 19, 20, -1,
      20, 19, 21, -1,
      22, 23, 20, -1,
      20, 23, 24, -1,
      20, 24, 25, -1,
      25, 26, 20, -1,
      20, 26, 27, -1,
      20, 27, 18, -1,
      28, 29, 30, -1,
      30, 29, 31, -1,
      31, 29, 32, -1,
      31, 32, 33, -1,
      34, 35, 36, -1,
      37, 38, 36, -1,
      35, 39, 36, -1,
      36, 39, 40, -1,
      36, 40, 37, -1,
      37, 40, 41, -1,
      37, 41, 42, -1,
      42, 41, 43, -1,
      42, 43, 44, -1,
      17, 16, 45, -1,
      16, 46, 45, -1,
      45, 46, 47, -1,
      45, 47, 36, -1,
      36, 47, 48, -1,
      36, 48, 34, -1,
      49, 50, 51, -1,
      50, 52, 51, -1,
      51, 52, 53, -1,
      51, 53, 54, -1,
      54, 55, 51, -1,
      51, 55, 56, -1,
      51, 56, 17, -1,
      17, 56, 57, -1,
      17, 57, 15, -1,
      58, 59, 5, -1,
      5, 59, 60, -1,
      5, 60, 51, -1,
      51, 60, 61, -1,
      51, 61, 49, -1,
      62, 63, 4, -1,
      4, 63, 64, -1,
      64, 65, 4, -1,
      4, 65, 66, -1,
      4, 66, 5, -1,
      5, 66, 67, -1,
      5, 67, 58, -1,
      68, 69, 70, -1,
      70, 69, 71, -1,
      71, 72, 70, -1,
      70, 72, 73, -1,
      70, 73, 74, -1,
      75, 76, 77, -1,
      78, 79, 80, -1,
      81, 82, 83, -1,
      84, 85, 86, -1,
      86, 85, 87, -1,
      78, 80, 88, -1,
      81, 83, 89, -1,
      90, 91, 85, -1,
      85, 91, 92, -1,
      85, 92, 93, -1,
      77, 76, 83, -1,
      83, 76, 94, -1,
      83, 94, 89, -1,
      79, 95, 80, -1,
      80, 95, 96, -1,
      80, 96, 97, -1,
      98, 99, 100, -1,
      100, 99, 101, -1,
      100, 101, 102, -1,
      103, 93, 104, -1,
      104, 93, 105, -1,
      104, 105, 100, -1,
      100, 105, 106, -1,
      100, 106, 98, -1,
      103, 107, 93, -1,
      93, 107, 108, -1,
      93, 108, 85, -1,
      85, 108, 109, -1,
      85, 109, 87, -1,
      110, 111, 80, -1,
      80, 111, 112, -1,
      80, 112, 85, -1,
      85, 112, 113, -1,
      85, 113, 90, -1,
      82, 114, 83, -1,
      83, 114, 115, -1,
      83, 115, 68, -1,
      68, 115, 116, -1,
      68, 116, 117, -1,
      117, 118, 68, -1,
      68, 118, 119, -1,
      68, 119, 120, -1,
      121, 122, 123, -1,
      123, 122, 124, -1,
      123, 124, 80, -1,
      80, 124, 125, -1,
      80, 125, 88, -1,
      97, 126, 80, -1,
      80, 126, 127, -1,
      80, 127, 128, -1,
      120, 129, 68, -1,
      68, 129, 130, -1,
      68, 130, 131, -1,
      131, 130, 121, -1,
      131, 121, 132, -1,
      132, 121, 123, -1,
      128, 133, 80, -1,
      80, 133, 134, -1,
      80, 134, 110, -1,
      135, 136, 137, -1,
      137, 93, 135, -1,
      135, 93, 92, -1,
      135, 92, 138, -1,
      138, 92, 139, -1,
      139, 140, 138, -1,
      138, 140, 141, -1,
      138, 141, 142, -1,
      143, 144, 145, -1,
      143, 145, 146, -1,
      147, 145, 148, -1,
      136, 135, 147, -1,
      147, 135, 149, -1,
      147, 149, 145, -1,
      145, 149, 150, -1,
      145, 150, 146, -1,
      148, 151, 147, -1,
      147, 151, 152, -1,
      147, 152, 153, -1,
      144, 154, 145, -1,
      145, 154, 155, -1,
      145, 155, 156, -1,
      156, 155, 157, -1,
      158, 159, 153, -1,
      153, 159, 160, -1,
      153, 160, 147, -1,
      161, 162, 157, -1,
      157, 162, 163, -1,
      157, 163, 156, -1,
      19, 164, 21, -1,
      21, 164, 165, -1,
      21, 165, 77, -1,
      77, 165, 166, -1,
      77, 166, 75, -1,
      167, 168, 169, -1,
      169, 168, 170, -1,
      169, 170, 171, -1,
      172, 173, 174, -1,
      174, 173, 175, -1,
      168, 176, 170, -1,
      170, 176, 177, -1,
      170, 177, 178, -1,
      178, 177, 179, -1,
      178, 179, 180, -1,
      180, 179, 181, -1,
      180, 181, 175, -1,
      175, 181, 182, -1,
      175, 182, 174, -1,
      183, 184, 185, -1,
      185, 184, 186, -1,
      187, 188, 189, -1,
      189, 188, 190, -1,
      189, 191, 187, -1,
      187, 191, 192, -1,
      187, 192, 193, -1,
      193, 192, 194, -1,
      193, 194, 195, -1,
      183, 185, 196, -1,
      196, 185, 192, -1,
      196, 192, 197, -1,
      197, 192, 191, -1,
      197, 191, 198, -1,
      191, 199, 198, -1,
      198, 199, 200, -1,
      198, 200, 201, -1,
      190, 188, 202, -1,
      202, 188, 203, -1,
      202, 203, 204, -1,
      205, 203, 206, -1,
      206, 203, 207, -1,
      194, 208, 195, -1,
      195, 208, 204, -1,
      195, 204, 14, -1,
      14, 204, 203, -1,
      14, 203, 209, -1,
      209, 203, 205, -1,
      12, 14, 210, -1,
      211, 212, 209, -1,
      209, 212, 213, -1,
      209, 213, 14, -1,
      14, 213, 214, -1,
      14, 214, 210, -1,
      215, 216, 217, -1,
      218, 219, 209, -1,
      209, 219, 220, -1,
      209, 220, 221, -1,
      221, 222, 209, -1,
      209, 222, 223, -1,
      209, 223, 211, -1,
      224, 225, 226, -1,
      226, 225, 227, -1,
      216, 228, 217, -1,
      217, 228, 227, -1,
      217, 227, 229, -1,
      229, 227, 225, -1,
      215, 217, 230, -1,
      230, 217, 231, -1,
      230, 231, 209, -1,
      209, 231, 232, -1,
      209, 232, 218, -1,
      233, 234, 235, -1,
      235, 234, 236, -1,
      235, 236, 207, -1,
      11, 237, 238, -1,
      238, 239, 11, -1,
      11, 239, 240, -1,
      11, 240, 9, -1,
      241, 242, 243, -1,
      243, 242, 244, -1,
      244, 245, 246, -1,
      246, 245, 247, -1,
      246, 247, 11, -1,
      11, 247, 248, -1,
      11, 248, 237, -1,
      249, 250, 251, -1,
      251, 250, 252, -1,
      251, 252, 253, -1,
      249, 251, 254, -1,
      254, 251, 255, -1,
      254, 255, 256, -1,
      256, 255, 257, -1,
      257, 255, 258, -1,
      257, 258, 13, -1,
      8, 259, 6, -1,
      6, 259, 260, -1,
      6, 260, 261, -1,
      261, 260, 262, -1,
      261, 262, 263, -1,
      264, 265, 266, -1,
      266, 265, 267, -1,
      266, 267, 268, -1,
      269, 270, 271, -1,
      264, 266, 271, -1,
      271, 266, 272, -1,
      271, 272, 269, -1,
      273, 274, 5, -1,
      5, 274, 275, -1,
      5, 275, 276, -1,
      276, 277, 5, -1,
      5, 277, 278, -1,
      5, 278, 3, -1,
      279, 36, 30, -1,
      30, 36, 38, -1,
      30, 38, 28, -1,
      279, 280, 281, -1,
      281, 280, 282, -1,
      281, 282, 283, -1,
      284, 285, 178, -1,
      286, 287, 180, -1,
      180, 287, 288, -1,
      289, 290, 291, -1,
      291, 290, 178, -1,
      291, 178, 292, -1,
      292, 178, 285, -1,
      288, 293, 180, -1,
      180, 293, 294, -1,
      180, 294, 295, -1,
      295, 296, 180, -1,
      180, 296, 297, -1,
      180, 297, 178, -1,
      178, 297, 298, -1,
      178, 298, 284, -1,
      187, 299, 286, -1,
      286, 299, 300, -1,
      286, 300, 287, -1,
      289, 301, 290, -1,
      290, 301, 302, -1,
      290, 302, 193, -1,
      193, 302, 303, -1,
      193, 303, 187, -1,
      187, 303, 304, -1,
      187, 304, 299, -1,
      305, 306, 307, -1,
      308, 309, 310, -1,
      310, 309, 311, -1,
      312, 313, 314, -1,
      305, 307, 315, -1,
      316, 317, 318, -1,
      308, 319, 309, -1,
      309, 319, 320, -1,
      309, 320, 321, -1,
      321, 320, 314, -1,
      321, 314, 322, -1,
      322, 314, 313, -1,
      255, 323, 324, -1,
      317, 325, 318, -1,
      318, 325, 326, -1,
      318, 326, 327, -1,
      328, 329, 307, -1,
      307, 329, 330, -1,
      307, 330, 315, -1,
      327, 331, 318, -1,
      318, 331, 332, -1,
      318, 332, 255, -1,
      255, 332, 311, -1,
      255, 311, 323, -1,
      323, 311, 309, -1,
      333, 334, 335, -1,
      335, 334, 336, -1,
      335, 336, 337, -1,
      337, 336, 338, -1,
      339, 340, 314, -1,
      314, 340, 341, -1,
      314, 341, 342, -1,
      324, 343, 255, -1,
      255, 343, 344, -1,
      255, 344, 345, -1,
      346, 347, 348, -1,
      348, 347, 349, -1,
      348, 349, 350, -1,
      351, 352, 353, -1,
      342, 354, 314, -1,
      314, 354, 355, -1,
      314, 355, 312, -1,
      338, 356, 337, -1,
      337, 356, 357, -1,
      337, 357, 358, -1,
      358, 357, 353, -1,
      358, 353, 359, -1,
      359, 353, 352, -1,
      306, 360, 361, -1,
      361, 360, 362, -1,
      362, 360, 363, -1,
      362, 363, 364, -1,
      346, 333, 347, -1,
      347, 333, 335, -1,
      347, 335, 365, -1,
      365, 335, 366, -1,
      365, 366, 367, -1,
      367, 366, 368, -1,
      367, 368, 369, -1,
      369, 368, 370, -1,
      371, 370, 361, -1,
      361, 370, 368, -1,
      361, 368, 306, -1,
      306, 368, 366, -1,
      306, 366, 307, -1,
      372, 373, 2, -1,
      374, 375, 258, -1,
      345, 351, 255, -1,
      255, 351, 353, -1,
      255, 353, 258, -1,
      258, 353, 376, -1,
      258, 376, 374, -1,
      377, 378, 2, -1,
      2, 378, 379, -1,
      375, 380, 258, -1,
      258, 380, 381, -1,
      258, 381, 382, -1,
      382, 381, 383, -1,
      382, 383, 372, -1,
      384, 385, 373, -1,
      373, 385, 386, -1,
      373, 386, 2, -1,
      2, 386, 387, -1,
      2, 387, 377, -1,
      379, 388, 2, -1,
      2, 388, 389, -1,
      2, 389, 0, -1,
      390, 391, 392, -1,
      392, 391, 393, -1,
      392, 393, 394, -1,
      392, 395, 390, -1,
      390, 395, 396, -1,
      390, 396, 397, -1,
      397, 398, 390, -1,
      390, 398, 399, -1,
      390, 399, 400, -1,
      400, 399, 401, -1,
      400, 401, 402, -1,
      402, 401, 403, -1,
      402, 403, 373, -1,
      373, 403, 404, -1,
      373, 404, 384, -1,
      405, 406, 394, -1,
      394, 406, 407, -1,
      394, 407, 392, -1,
      408, 409, 350, -1,
      350, 409, 410, -1,
      350, 410, 348, -1,
      408, 411, 409, -1,
      409, 411, 412, -1,
      409, 412, 413, -1,
      413, 412, 414, -1,
      413, 415, 416, -1,
      414, 417, 413, -1,
      413, 417, 418, -1,
      413, 418, 419, -1,
      419, 420, 413, -1,
      413, 420, 421, -1,
      413, 421, 415, -1,
      416, 422, 413, -1,
      413, 422, 423, -1,
      413, 423, 424, -1,
      425, 426, 427, -1,
      428, 429, 430, -1,
      427, 431, 425, -1,
      425, 431, 432, -1,
      425, 432, 433, -1,
      433, 432, 428, -1,
      433, 428, 434, -1,
      434, 428, 430, -1,
      435, 436, 2, -1,
      2, 436, 437, -1,
      372, 2, 382, -1,
      382, 2, 437, -1,
      382, 437, 431, -1,
      431, 437, 438, -1,
      431, 438, 432, -1,
      439, 436, 440, -1,
      440, 436, 435, -1,
      440, 435, 441, -1,
      442, 443, 444, -1,
      445, 446, 2, -1,
      371, 361, 1, -1,
      1, 361, 442, -1,
      1, 442, 2, -1,
      2, 442, 444, -1,
      2, 444, 445, -1,
      446, 447, 2, -1,
      2, 447, 448, -1,
      2, 448, 449, -1,
      449, 450, 2, -1,
      2, 450, 451, -1,
      2, 451, 435, -1,
      435, 451, 452, -1,
      435, 452, 441, -1,
      453, 454, 455, -1,
      455, 454, 456, -1,
      455, 456, 442, -1,
      442, 456, 457, -1,
      442, 457, 443, -1,
      458, 459, 460, -1,
      459, 461, 460, -1,
      460, 461, 462, -1,
      460, 462, 455, -1,
      455, 462, 463, -1,
      455, 463, 453, -1,
      464, 465, 466, -1,
      466, 465, 467, -1,
      468, 469, 470, -1,
      470, 469, 471, -1,
      470, 471, 472, -1,
      472, 471, 473, -1,
      472, 473, 474, -1,
      464, 466, 475, -1,
      475, 466, 471, -1,
      475, 471, 476, -1,
      476, 471, 469, -1,
      476, 469, 477, -1,
      469, 478, 477, -1,
      477, 478, 479, -1,
      477, 479, 480, -1,
      473, 481, 474, -1,
      474, 481, 482, -1,
      474, 482, 483, -1,
      483, 482, 484, -1,
      468, 470, 485, -1,
      485, 470, 486, -1,
      485, 486, 484, -1,
      484, 486, 427, -1,
      484, 427, 483, -1,
      483, 427, 426, -1,
      483, 426, 458, -1,
      207, 203, 235, -1,
      235, 203, 188, -1,
      235, 188, 487, -1,
      487, 188, 187, -1,
      487, 187, 488, -1,
      488, 187, 286, -1,
      488, 286, 489, -1,
      489, 286, 180, -1,
      489, 180, 490, -1,
      490, 180, 175, -1,
      490, 175, 7, -1,
      7, 175, 173, -1,
      7, 173, 8, -1,
      31, 246, 491, -1,
      491, 246, 11, -1,
      491, 11, 233, -1,
      233, 11, 10, -1,
      233, 10, 234, -1,
      244, 246, 243, -1,
      243, 246, 492, -1,
      243, 492, 493, -1,
      21, 494, 20, -1,
      20, 494, 495, -1,
      20, 495, 496, -1,
      497, 492, 496, -1,
      496, 492, 246, -1,
      496, 246, 20, -1,
      20, 246, 31, -1,
      20, 31, 22, -1,
      22, 31, 33, -1,
      13, 258, 14, -1,
      14, 258, 382, -1,
      14, 382, 195, -1,
      195, 382, 431, -1,
      195, 431, 193, -1,
      193, 431, 427, -1,
      193, 427, 290, -1,
      290, 427, 486, -1,
      290, 486, 178, -1,
      178, 486, 470, -1,
      178, 470, 170, -1,
      493, 494, 243, -1,
      243, 494, 21, -1,
      243, 21, 498, -1,
      498, 21, 77, -1,
      499, 500, 472, -1,
      501, 502, 472, -1,
      472, 502, 499, -1,
      499, 502, 503, -1,
      499, 503, 504, -1,
      505, 506, 507, -1,
      508, 500, 509, -1,
      509, 500, 510, -1,
      509, 510, 511, -1,
      511, 510, 512, -1,
      508, 513, 500, -1,
      500, 513, 514, -1,
      500, 514, 515, -1,
      516, 470, 517, -1,
      517, 470, 472, -1,
      517, 472, 518, -1,
      518, 472, 500, -1,
      518, 500, 519, -1,
      519, 500, 515, -1,
      174, 171, 172, -1,
      172, 171, 170, -1,
      172, 170, 506, -1,
      506, 170, 470, -1,
      506, 470, 507, -1,
      507, 470, 510, -1,
      520, 521, 510, -1,
      510, 521, 522, -1,
      510, 522, 512, -1,
      516, 523, 470, -1,
      470, 523, 524, -1,
      470, 524, 510, -1,
      510, 524, 525, -1,
      510, 525, 520, -1,
      253, 241, 251, -1,
      251, 241, 243, -1,
      251, 243, 255, -1,
      255, 243, 498, -1,
      255, 498, 318, -1,
      318, 498, 526, -1,
      83, 526, 527, -1,
      527, 526, 528, -1,
      528, 526, 529, -1,
      529, 526, 498, -1,
      529, 498, 530, -1,
      83, 527, 77, -1,
      77, 527, 531, -1,
      77, 531, 498, -1,
      498, 531, 532, -1,
      498, 532, 530, -1,
      533, 534, 535, -1,
      535, 534, 529, -1,
      535, 529, 536, -1,
      536, 529, 530, -1,
      536, 530, 537, -1,
      537, 530, 538, -1,
      458, 460, 483, -1,
      483, 460, 539, -1,
      483, 539, 474, -1,
      474, 539, 540, -1,
      474, 540, 472, -1,
      68, 70, 83, -1,
      83, 70, 541, -1,
      83, 541, 526, -1,
      526, 541, 362, -1,
      526, 362, 318, -1,
      318, 362, 364, -1,
      318, 364, 316, -1,
      281, 542, 279, -1,
      279, 542, 543, -1,
      279, 543, 36, -1,
      36, 543, 544, -1,
      36, 544, 45, -1,
      45, 544, 545, -1,
      45, 545, 17, -1,
      17, 545, 546, -1,
      17, 546, 51, -1,
      51, 546, 547, -1,
      51, 547, 5, -1,
      5, 547, 548, -1,
      5, 548, 273, -1,
      507, 501, 505, -1,
      505, 501, 472, -1,
      505, 472, 267, -1,
      267, 472, 540, -1,
      267, 540, 268, -1,
      268, 540, 539, -1,
      268, 539, 549, -1,
      549, 539, 460, -1,
      549, 460, 550, -1,
      550, 460, 455, -1,
      550, 455, 551, -1,
      551, 455, 442, -1,
      551, 442, 552, -1,
      552, 442, 361, -1,
      552, 361, 553, -1,
      553, 361, 362, -1,
      553, 362, 554, -1,
      554, 362, 541, -1,
      554, 541, 555, -1,
      555, 541, 70, -1,
      555, 70, 62, -1,
      62, 70, 74, -1,
      62, 74, 63, -1,
    ]
  }
}

Shape {
  appearance Appearance {
    material Material {
      diffuseColor 0.4392 0.4392 0.4392
      specularColor 0.2196 0.2196 0.2196
      ambientIntensity 0.2
      transparency 0.0000
      shininess 0.5
    }
  }
  geometry IndexedFaceSet {
    ccw TRUE
    solid FALSE
    coord DEF co Coordinate {
      point [
        -0.629921 0.255906 0.011811,
        -0.629921 -0.255906 0.011811,
        -0.590551 0.295276 0.011811,
        0.590551 0.295276 0.011811,
        -0.590551 -0.295276 0.011811,
        0.590551 -0.295276 0.011811,
        -0.629921 0.255906 0.208661,
        -0.619731 0.257247 0.208661,
        -0.610236 0.261180 0.208661,
        -0.602082 0.267437 0.208661,
        -0.595826 0.275591 0.208661,
        -0.591893 0.285086 0.208661,
        -0.590551 0.295276 0.208661,
        0.629921 -0.255906 0.011811,
        0.629921 0.255906 0.011811,
        0.590551 0.295276 0.208661,
        0.591893 0.285086 0.208661,
        0.595826 0.275591 0.208661,
        0.602082 0.267437 0.208661,
        0.610236 0.261180 0.208661,
        0.619731 0.257247 0.208661,
        0.629921 0.255906 0.208661,
        0.629921 -0.255906 0.208661,
        0.619731 -0.257247 0.208661,
        0.610236 -0.261180 0.208661,
        0.602082 -0.267437 0.208661,
        0.595826 -0.275591 0.208661,
        0.591893 -0.285086 0.208661,
        0.590551 -0.295276 0.208661,
        -0.590551 -0.295276 0.208661,
        -0.591893 -0.285086 0.208661,
        -0.595826 -0.275591 0.208661,
        -0.602082 -0.267437 0.208661,
        -0.610236 -0.261180 0.208661,
        -0.619731 -0.257247 0.208661,
        -0.629921 -0.255906 0.208661,
        0.629921 -0.196850 0.208661,
        0.629921 0.196850 0.208661,
        0.531496 0.295276 0.208661,
        -0.531496 0.295276 0.208661,
        -0.629921 0.196850 0.208661,
        -0.629921 -0.196850 0.208661,
        -0.531496 -0.295276 0.208661,
        0.531496 -0.295276 0.208661,
        -0.548587 0.293780 0.208661,
        -0.565159 0.289340 0.208661,
        -0.623985 0.230514 0.208661,
        -0.616735 0.246063 0.208661,
        -0.606894 0.260117 0.208661,
        -0.594763 0.272248 0.208661,
        -0.580709 0.282089 0.208661,
        -0.628426 0.213942 0.208661,
        0.628426 0.213942 0.208661,
        0.606894 0.260117 0.208661,
        0.616735 0.246063 0.208661,
        0.623985 0.230514 0.208661,
        0.548587 0.293780 0.208661,
        0.565159 0.289340 0.208661,
        0.580709 0.282089 0.208661,
        0.594763 0.272248 0.208661,
        0.548587 -0.293780 0.208661,
        0.565159 -0.289340 0.208661,
        0.594763 -0.272248 0.208661,
        0.606894 -0.260117 0.208661,
        0.616735 -0.246063 0.208661,
        0.623985 -0.230514 0.208661,
        0.628426 -0.213942 0.208661,
        0.580709 -0.282089 0.208661,
        -0.628426 -0.213942 0.208661,
        -0.623985 -0.230514 0.208661,
        -0.606894 -0.260117 0.208661,
        -0.594763 -0.272248 0.208661,
        -0.580709 -0.282089 0.208661,
        -0.616735 -0.246063 0.208661,
        -0.565159 -0.289340 0.208661,
        -0.548587 -0.293780 0.208661,
      ]
    }
    coordIndex [
      22, 13, 36, -1,
      36, 13, 14, -1,
      36, 14, 37, -1,
      37, 14, 21, -1,
      15, 3, 38, -1,
      38, 3, 2, -1,
      38, 2, 39, -1,
      39, 2, 12, -1,
      6, 0, 40, -1,
      40, 0, 1, -1,
      40, 1, 41, -1,
      41, 1, 35, -1,
      29, 4, 42, -1,
      42, 4, 5, -1,
      42, 5, 43, -1,
      43, 5, 28, -1,
      44, 39, 12, -1,
      44, 12, 45, -1,
      8, 46, 47, -1,
      8, 47, 9, -1,
      9, 47, 48, -1,
      9, 48, 49, -1,
      45, 12, 50, -1,
      50, 12, 11, -1,
      50, 11, 49, -1,
      49, 11, 10, -1,
      49, 10, 9, -1,
      40, 51, 6, -1,
      6, 51, 46, -1,
      6, 46, 7, -1,
      7, 46, 8, -1,
      52, 37, 21, -1,
      53, 54, 20, -1,
      20, 54, 21, -1,
      21, 54, 55, -1,
      21, 55, 52, -1,
      38, 56, 15, -1,
      15, 56, 57, -1,
      15, 57, 16, -1,
      16, 57, 58, -1,
      16, 58, 17, -1,
      17, 58, 59, -1,
      17, 59, 18, -1,
      18, 59, 53, -1,
      18, 53, 19, -1,
      19, 53, 20, -1,
      43, 28, 60, -1,
      60, 28, 61, -1,
      62, 25, 63, -1,
      63, 25, 64, -1,
      25, 24, 64, -1,
      64, 24, 23, -1,
      64, 23, 65, -1,
      65, 23, 22, -1,
      65, 22, 66, -1,
      66, 22, 36, -1,
      61, 28, 67, -1,
      67, 28, 27, -1,
      67, 27, 62, -1,
      62, 27, 26, -1,
      62, 26, 25, -1,
      68, 41, 35, -1,
      68, 35, 69, -1,
      70, 32, 71, -1,
      71, 32, 72, -1,
      69, 35, 73, -1,
      73, 35, 34, -1,
      73, 34, 70, -1,
      70, 34, 33, -1,
      70, 33, 32, -1,
      32, 31, 72, -1,
      72, 31, 30, -1,
      72, 30, 74, -1,
      74, 30, 29, -1,
      74, 29, 75, -1,
      75, 29, 42, -1,
    ]
  }
}

Shape {
  appearance Appearance {
    material Material {
      diffuseColor 0.9686 0.8784 0.6000
      specularColor 0.6784 0.6157 0.4196
      ambientIntensity 0.2
      transparency 0.0000
      shininess 0.5
    }
  }
  geometry IndexedFaceSet {
    ccw TRUE
    solid FALSE
    coord DEF co Coordinate {
      point [
        0.629921 -0.196850 0.208661,
        0.629921 0.196850 0.208661,
        0.531496 0.295276 0.208661,
        -0.531496 0.295276 0.208661,
        -0.629921 0.196850 0.208661,
        -0.629921 -0.196850 0.208661,
        -0.531496 -0.295276 0.208661,
        0.531496 -0.295276 0.208661,
        -0.548587 0.293780 0.208661,
        -0.565159 0.289340 0.208661,
        -0.623985 0.230514 0.208661,
        -0.616735 0.246063 0.208661,
        -0.606894 0.260117 0.208661,
        -0.594763 0.272248 0.208661,
        -0.580709 0.282089 0.208661,
        -0.628426 0.213942 0.208661,
        0.628426 0.213942 0.208661,
        0.606894 0.260117 0.208661,
        0.616735 0.246063 0.208661,
        0.623985 0.230514 0.208661,
        0.548587 0.293780 0.208661,
        0.565159 0.289340 0.208661,
        0.580709 0.282089 0.208661,
        0.594763 0.272248 0.208661,
        0.548587 -0.293780 0.208661,
        0.565159 -0.289340 0.208661,
        0.594763 -0.272248 0.208661,
        0.606894 -0.260117 0.208661,
        0.616735 -0.246063 0.208661,
        0.623985 -0.230514 0.208661,
        0.628426 -0.213942 0.208661,
        0.580709 -0.282089 0.208661,
        -0.628426 -0.213942 0.208661,
        -0.623985 -0.230514 0.208661,
        -0.606894 -0.260117 0.208661,
        -0.594763 -0.272248 0.208661,
        -0.580709 -0.282089 0.208661,
        -0.616735 -0.246063 0.208661,
        -0.565159 -0.289340 0.208661,
        -0.548587 -0.293780 0.208661,
        0.584504 -0.222380 0.248031,
        0.582639 -0.226378 0.248031,
        0.583801 -0.227049 0.237842,
        0.575614 -0.273265 0.210003,
        0.588213 -0.264443 0.210003,
        0.582109 -0.257169 0.213936,
        0.619731 -0.196850 0.210003,
        0.618391 -0.212172 0.210003,
        0.585569 -0.242222 0.220193,
        0.591815 -0.247464 0.213936,
        0.599088 -0.253567 0.210003,
        0.587207 -0.229015 0.228346,
        0.592626 -0.232144 0.220193,
        0.599687 -0.236220 0.213936,
        0.607910 -0.240968 0.210003,
        0.588250 -0.217507 0.237842,
        0.591946 -0.218852 0.228346,
        0.597826 -0.220993 0.220193,
        0.605487 -0.223781 0.213936,
        0.614410 -0.227029 0.210003,
        0.570318 -0.243117 0.237842,
        0.561694 -0.249156 0.237842,
        0.563661 -0.252561 0.228346,
        0.577577 -0.233607 0.248031,
        0.576735 -0.234810 0.248031,
        0.577763 -0.235672 0.237842,
        0.572846 -0.246130 0.228346,
        0.566789 -0.257980 0.220193,
        0.546818 -0.283745 0.210003,
        0.531496 -0.285086 0.210003,
        0.545169 -0.274394 0.213936,
        0.531496 -0.275591 0.213936,
        0.543753 -0.266365 0.220193,
        0.531496 -0.267437 0.220193,
        0.542667 -0.260203 0.228346,
        0.531496 -0.261180 0.228346,
        0.541984 -0.256330 0.237842,
        0.531496 -0.257247 0.237842,
        0.541751 -0.255008 0.248031,
        0.531496 -0.255906 0.248031,
        0.552153 -0.253605 0.237842,
        0.551694 -0.252344 0.248031,
        0.544590 -0.254248 0.248031,
        0.558427 -0.270842 0.213936,
        0.555638 -0.263180 0.220193,
        0.553498 -0.257300 0.228346,
        0.557026 -0.249858 0.248031,
        0.569456 -0.242089 0.248031,
        0.568253 -0.242931 0.248031,
        0.561024 -0.247994 0.248031,
        0.580776 -0.238201 0.228346,
        0.576868 -0.250923 0.220193,
        0.570866 -0.265041 0.213936,
        0.561674 -0.279765 0.210003,
        0.586990 -0.217048 0.248031,
        0.590975 -0.207338 0.237842,
        0.589654 -0.207105 0.248031,
        0.588893 -0.209944 0.248031,
        0.609040 -0.210524 0.213936,
        0.601010 -0.209107 0.220193,
        0.594848 -0.208021 0.228346,
        0.610236 -0.196850 0.213936,
        0.602082 -0.196850 0.220193,
        0.595826 -0.196850 0.228346,
        0.591893 -0.196850 0.237842,
        0.590551 -0.196850 0.248031,
        -0.531496 -0.255906 0.248031,
        -0.531496 -0.257247 0.237842,
        -0.531496 -0.261180 0.228346,
        -0.531496 -0.267437 0.220193,
        -0.531496 -0.275591 0.213936,
        -0.531496 -0.285086 0.210003,
        0.590551 0.196850 0.248031,
        0.591893 0.196850 0.237842,
        0.595826 0.196850 0.228346,
        0.602082 0.196850 0.220193,
        0.610236 0.196850 0.213936,
        0.619731 0.196850 0.210003,
        -0.557026 -0.249858 0.248031,
        -0.561024 -0.247994 0.248031,
        -0.561694 -0.249156 0.237842,
        -0.607910 -0.240968 0.210003,
        -0.599088 -0.253567 0.210003,
        -0.591815 -0.247464 0.213936,
        -0.546818 -0.283745 0.210003,
        -0.576868 -0.250923 0.220193,
        -0.582109 -0.257169 0.213936,
        -0.588213 -0.264443 0.210003,
        -0.563661 -0.252561 0.228346,
        -0.566789 -0.257980 0.220193,
        -0.570866 -0.265041 0.213936,
        -0.575614 -0.273265 0.210003,
        -0.552153 -0.253605 0.237842,
        -0.553498 -0.257300 0.228346,
        -0.555638 -0.263180 0.220193,
        -0.558427 -0.270842 0.213936,
        -0.561674 -0.279765 0.210003,
        -0.577763 -0.235672 0.237842,
        -0.583801 -0.227049 0.237842,
        -0.587207 -0.229015 0.228346,
        -0.568253 -0.242931 0.248031,
        -0.569456 -0.242089 0.248031,
        -0.570318 -0.243117 0.237842,
        -0.580776 -0.238201 0.228346,
        -0.592626 -0.232144 0.220193,
        -0.618391 -0.212172 0.210003,
        -0.619731 -0.196850 0.210003,
        -0.609040 -0.210524 0.213936,
        -0.610236 -0.196850 0.213936,
        -0.601010 -0.209107 0.220193,
        -0.602082 -0.196850 0.220193,
        -0.594848 -0.208021 0.228346,
        -0.595826 -0.196850 0.228346,
        -0.590975 -0.207338 0.237842,
        -0.591893 -0.196850 0.237842,
        -0.589654 -0.207105 0.248031,
        -0.590551 -0.196850 0.248031,
        -0.588250 -0.217507 0.237842,
        -0.586990 -0.217048 0.248031,
        -0.588893 -0.209944 0.248031,
        -0.605487 -0.223781 0.213936,
        -0.597826 -0.220993 0.220193,
        -0.591946 -0.218852 0.228346,
        -0.584504 -0.222380 0.248031,
        -0.576735 -0.234810 0.248031,
        -0.577577 -0.233607 0.248031,
        -0.582639 -0.226378 0.248031,
        -0.572846 -0.246130 0.228346,
        -0.585569 -0.242222 0.220193,
        -0.599687 -0.236220 0.213936,
        -0.614410 -0.227029 0.210003,
        -0.551694 -0.252344 0.248031,
        -0.541984 -0.256330 0.237842,
        -0.541751 -0.255008 0.248031,
        -0.544590 -0.254248 0.248031,
        -0.545169 -0.274394 0.213936,
        -0.543753 -0.266365 0.220193,
        -0.542667 -0.260203 0.228346,
        0.557026 0.249858 0.248031,
        0.561024 0.247994 0.248031,
        0.561694 0.249156 0.237842,
        0.607910 0.240968 0.210003,
        0.599088 0.253567 0.210003,
        0.591815 0.247464 0.213936,
        0.531496 0.285086 0.210003,
        0.546818 0.283745 0.210003,
        0.576868 0.250923 0.220193,
        0.582109 0.257169 0.213936,
        0.588213 0.264443 0.210003,
        0.563661 0.252561 0.228346,
        0.566789 0.257980 0.220193,
        0.570866 0.265041 0.213936,
        0.575614 0.273265 0.210003,
        0.552153 0.253605 0.237842,
        0.553498 0.257300 0.228346,
        0.555638 0.263180 0.220193,
        0.558427 0.270842 0.213936,
        0.561674 0.279765 0.210003,
        0.577763 0.235672 0.237842,
        0.583801 0.227049 0.237842,
        0.587207 0.229015 0.228346,
        0.568253 0.242931 0.248031,
        0.569456 0.242089 0.248031,
        0.570318 0.243117 0.237842,
        0.580776 0.238201 0.228346,
        0.592626 0.232144 0.220193,
        0.618391 0.212172 0.210003,
        0.609040 0.210524 0.213936,
        0.601010 0.209107 0.220193,
        0.594848 0.208021 0.228346,
        0.590975 0.207338 0.237842,
        0.589654 0.207105 0.248031,
        0.588250 0.217507 0.237842,
        0.586990 0.217048 0.248031,
        0.588893 0.209944 0.248031,
        0.605487 0.223781 0.213936,
        0.597826 0.220993 0.220193,
        0.591946 0.218852 0.228346,
        0.584504 0.222380 0.248031,
        0.576735 0.234810 0.248031,
        0.577577 0.233607 0.248031,
        0.582639 0.226378 0.248031,
        0.572846 0.246130 0.228346,
        0.585569 0.242222 0.220193,
        0.599687 0.236220 0.213936,
        0.614410 0.227029 0.210003,
        0.551694 0.252344 0.248031,
        0.541984 0.256330 0.237842,
        0.541751 0.255008 0.248031,
        0.544590 0.254248 0.248031,
        0.545169 0.274394 0.213936,
        0.543753 0.266365 0.220193,
        0.542667 0.260203 0.228346,
        0.531496 0.275591 0.213936,
        0.531496 0.267437 0.220193,
        0.531496 0.261180 0.228346,
        0.531496 0.257247 0.237842,
        0.531496 0.255906 0.248031,
        -0.590551 0.196850 0.248031,
        -0.591893 0.196850 0.237842,
        -0.595826 0.196850 0.228346,
        -0.602082 0.196850 0.220193,
        -0.610236 0.196850 0.213936,
        -0.619731 0.196850 0.210003,
        -0.531496 0.255906 0.248031,
        -0.531496 0.257247 0.237842,
        -0.531496 0.261180 0.228346,
        -0.531496 0.267437 0.220193,
        -0.531496 0.275591 0.213936,
        -0.531496 0.285086 0.210003,
        -0.584504 0.222380 0.248031,
        -0.582639 0.226378 0.248031,
        -0.583801 0.227049 0.237842,
        -0.575614 0.273265 0.210003,
        -0.588213 0.264443 0.210003,
        -0.582109 0.257169 0.213936,
        -0.618391 0.212172 0.210003,
        -0.585569 0.242222 0.220193,
        -0.591815 0.247464 0.213936,
        -0.599088 0.253567 0.210003,
        -0.587207 0.229015 0.228346,
        -0.592626 0.232144 0.220193,
        -0.599687 0.236220 0.213936,
        -0.607910 0.240968 0.210003,
        -0.588250 0.217507 0.237842,
        -0.591946 0.218852 0.228346,
        -0.597826 0.220993 0.220193,
        -0.605487 0.223781 0.213936,
        -0.614410 0.227029 0.210003,
        -0.570318 0.243117 0.237842,
        -0.561694 0.249156 0.237842,
        -0.563661 0.252561 0.228346,
        -0.577577 0.233607 0.248031,
        -0.576735 0.234810 0.248031,
        -0.577763 0.235672 0.237842,
        -0.572846 0.246130 0.228346,
        -0.566789 0.257980 0.220193,
        -0.546818 0.283745 0.210003,
        -0.545169 0.274394 0.213936,
        -0.543753 0.266365 0.220193,
        -0.542667 0.260203 0.228346,
        -0.541984 0.256330 0.237842,
        -0.541751 0.255008 0.248031,
        -0.552153 0.253605 0.237842,
        -0.551694 0.252344 0.248031,
        -0.544590 0.254248 0.248031,
        -0.558427 0.270842 0.213936,
        -0.555638 0.263180 0.220193,
        -0.553498 0.257300 0.228346,
        -0.557026 0.249858 0.248031,
        -0.569456 0.242089 0.248031,
        -0.568253 0.242931 0.248031,
        -0.561024 0.247994 0.248031,
        -0.580776 0.238201 0.228346,
        -0.576868 0.250923 0.220193,
        -0.570866 0.265041 0.213936,
        -0.561674 0.279765 0.210003,
        -0.586990 0.217048 0.248031,
        -0.590975 0.207338 0.237842,
        -0.589654 0.207105 0.248031,
        -0.588893 0.209944 0.248031,
        -0.609040 0.210524 0.213936,
        -0.601010 0.209107 0.220193,
        -0.594848 0.208021 0.228346,
      ]
    }
    coordIndex [
      40, 41, 42, -1,
      43, 44, 45, -1,
      30, 0, 46, -1,
      29, 30, 47, -1,
      26, 44, 31, -1,
      31, 44, 43, -1,
      31, 43, 25, -1,
      48, 45, 49, -1,
      49, 45, 44, -1,
      49, 44, 50, -1,
      50, 44, 26, -1,
      50, 26, 27, -1,
      51, 48, 52, -1,
      52, 48, 49, -1,
      52, 49, 53, -1,
      53, 49, 50, -1,
      53, 50, 54, -1,
      54, 50, 27, -1,
      54, 27, 28, -1,
      55, 51, 56, -1,
      56, 51, 52, -1,
      56, 52, 57, -1,
      57, 52, 53, -1,
      57, 53, 58, -1,
      58, 53, 54, -1,
      58, 54, 59, -1,
      59, 54, 28, -1,
      59, 28, 29, -1,
      60, 61, 62, -1,
      63, 64, 65, -1,
      65, 64, 60, -1,
      65, 60, 66, -1,
      66, 60, 62, -1,
      66, 62, 67, -1,
      7, 68, 69, -1,
      69, 68, 70, -1,
      69, 70, 71, -1,
      71, 70, 72, -1,
      71, 72, 73, -1,
      73, 72, 74, -1,
      73, 74, 75, -1,
      75, 74, 76, -1,
      75, 76, 77, -1,
      77, 76, 78, -1,
      77, 78, 79, -1,
      80, 81, 82, -1,
      68, 83, 70, -1,
      70, 83, 84, -1,
      70, 84, 72, -1,
      72, 84, 85, -1,
      72, 85, 74, -1,
      74, 85, 80, -1,
      74, 80, 76, -1,
      76, 80, 82, -1,
      76, 82, 78, -1,
      83, 67, 84, -1,
      84, 67, 62, -1,
      84, 62, 85, -1,
      85, 62, 61, -1,
      85, 61, 80, -1,
      80, 61, 86, -1,
      80, 86, 81, -1,
      64, 87, 60, -1,
      60, 87, 88, -1,
      60, 88, 61, -1,
      61, 88, 89, -1,
      61, 89, 86, -1,
      41, 63, 42, -1,
      42, 63, 65, -1,
      42, 65, 90, -1,
      90, 65, 66, -1,
      90, 66, 91, -1,
      91, 66, 67, -1,
      91, 67, 92, -1,
      92, 67, 83, -1,
      92, 83, 93, -1,
      93, 83, 68, -1,
      93, 68, 24, -1,
      24, 68, 7, -1,
      94, 40, 55, -1,
      55, 40, 42, -1,
      55, 42, 51, -1,
      51, 42, 90, -1,
      51, 90, 48, -1,
      48, 90, 91, -1,
      48, 91, 45, -1,
      45, 91, 92, -1,
      45, 92, 43, -1,
      43, 92, 93, -1,
      43, 93, 25, -1,
      25, 93, 24, -1,
      95, 96, 97, -1,
      29, 47, 59, -1,
      59, 47, 98, -1,
      59, 98, 58, -1,
      58, 98, 99, -1,
      58, 99, 57, -1,
      57, 99, 100, -1,
      57, 100, 56, -1,
      56, 100, 95, -1,
      56, 95, 55, -1,
      55, 95, 97, -1,
      55, 97, 94, -1,
      30, 46, 47, -1,
      47, 46, 101, -1,
      47, 101, 98, -1,
      98, 101, 102, -1,
      98, 102, 99, -1,
      99, 102, 103, -1,
      99, 103, 100, -1,
      100, 103, 104, -1,
      100, 104, 95, -1,
      95, 104, 105, -1,
      95, 105, 96, -1,
      79, 106, 77, -1,
      77, 106, 107, -1,
      77, 107, 75, -1,
      75, 107, 108, -1,
      75, 108, 73, -1,
      73, 108, 109, -1,
      73, 109, 71, -1,
      71, 109, 110, -1,
      71, 110, 69, -1,
      69, 110, 111, -1,
      69, 111, 7, -1,
      7, 111, 6, -1,
      112, 105, 113, -1,
      113, 105, 104, -1,
      113, 104, 114, -1,
      114, 104, 103, -1,
      114, 103, 115, -1,
      115, 103, 102, -1,
      115, 102, 116, -1,
      116, 102, 101, -1,
      116, 101, 117, -1,
      117, 101, 46, -1,
      117, 46, 1, -1,
      1, 46, 0, -1,
      118, 119, 120, -1,
      121, 122, 123, -1,
      39, 6, 111, -1,
      38, 39, 124, -1,
      34, 122, 37, -1,
      37, 122, 121, -1,
      37, 121, 33, -1,
      125, 123, 126, -1,
      126, 123, 122, -1,
      126, 122, 127, -1,
      127, 122, 34, -1,
      127, 34, 35, -1,
      128, 125, 129, -1,
      129, 125, 126, -1,
      129, 126, 130, -1,
      130, 126, 127, -1,
      130, 127, 131, -1,
      131, 127, 35, -1,
      131, 35, 36, -1,
      132, 128, 133, -1,
      133, 128, 129, -1,
      133, 129, 134, -1,
      134, 129, 130, -1,
      134, 130, 135, -1,
      135, 130, 131, -1,
      135, 131, 136, -1,
      136, 131, 36, -1,
      136, 36, 38, -1,
      137, 138, 139, -1,
      140, 141, 142, -1,
      142, 141, 137, -1,
      142, 137, 143, -1,
      143, 137, 139, -1,
      143, 139, 144, -1,
      5, 145, 146, -1,
      146, 145, 147, -1,
      146, 147, 148, -1,
      148, 147, 149, -1,
      148, 149, 150, -1,
      150, 149, 151, -1,
      150, 151, 152, -1,
      152, 151, 153, -1,
      152, 153, 154, -1,
      154, 153, 155, -1,
      154, 155, 156, -1,
      157, 158, 159, -1,
      145, 160, 147, -1,
      147, 160, 161, -1,
      147, 161, 149, -1,
      149, 161, 162, -1,
      149, 162, 151, -1,
      151, 162, 157, -1,
      151, 157, 153, -1,
      153, 157, 159, -1,
      153, 159, 155, -1,
      160, 144, 161, -1,
      161, 144, 139, -1,
      161, 139, 162, -1,
      162, 139, 138, -1,
      162, 138, 157, -1,
      157, 138, 163, -1,
      157, 163, 158, -1,
      141, 164, 137, -1,
      137, 164, 165, -1,
      137, 165, 138, -1,
      138, 165, 166, -1,
      138, 166, 163, -1,
      119, 140, 120, -1,
      120, 140, 142, -1,
      120, 142, 167, -1,
      167, 142, 143, -1,
      167, 143, 168, -1,
      168, 143, 144, -1,
      168, 144, 169, -1,
      169, 144, 160, -1,
      169, 160, 170, -1,
      170, 160, 145, -1,
      170, 145, 32, -1,
      32, 145, 5, -1,
      171, 118, 132, -1,
      132, 118, 120, -1,
      132, 120, 128, -1,
      128, 120, 167, -1,
      128, 167, 125, -1,
      125, 167, 168, -1,
      125, 168, 123, -1,
      123, 168, 169, -1,
      123, 169, 121, -1,
      121, 169, 170, -1,
      121, 170, 33, -1,
      33, 170, 32, -1,
      172, 173, 174, -1,
      38, 124, 136, -1,
      136, 124, 175, -1,
      136, 175, 135, -1,
      135, 175, 176, -1,
      135, 176, 134, -1,
      134, 176, 177, -1,
      134, 177, 133, -1,
      133, 177, 172, -1,
      133, 172, 132, -1,
      132, 172, 174, -1,
      132, 174, 171, -1,
      39, 111, 124, -1,
      124, 111, 110, -1,
      124, 110, 175, -1,
      175, 110, 109, -1,
      175, 109, 176, -1,
      176, 109, 108, -1,
      176, 108, 177, -1,
      177, 108, 107, -1,
      177, 107, 172, -1,
      172, 107, 106, -1,
      172, 106, 173, -1,
      178, 179, 180, -1,
      181, 182, 183, -1,
      20, 2, 184, -1,
      21, 20, 185, -1,
      17, 182, 18, -1,
      18, 182, 181, -1,
      18, 181, 19, -1,
      186, 183, 187, -1,
      187, 183, 182, -1,
      187, 182, 188, -1,
      188, 182, 17, -1,
      188, 17, 23, -1,
      189, 186, 190, -1,
      190, 186, 187, -1,
      190, 187, 191, -1,
      191, 187, 188, -1,
      191, 188, 192, -1,
      192, 188, 23, -1,
      192, 23, 22, -1,
      193, 189, 194, -1,
      194, 189, 190, -1,
      194, 190, 195, -1,
      195, 190, 191, -1,
      195, 191, 196, -1,
      196, 191, 192, -1,
      196, 192, 197, -1,
      197, 192, 22, -1,
      197, 22, 21, -1,
      198, 199, 200, -1,
      201, 202, 203, -1,
      203, 202, 198, -1,
      203, 198, 204, -1,
      204, 198, 200, -1,
      204, 200, 205, -1,
      1, 206, 117, -1,
      117, 206, 207, -1,
      117, 207, 116, -1,
      116, 207, 208, -1,
      116, 208, 115, -1,
      115, 208, 209, -1,
      115, 209, 114, -1,
      114, 209, 210, -1,
      114, 210, 113, -1,
      113, 210, 211, -1,
      113, 211, 112, -1,
      212, 213, 214, -1,
      206, 215, 207, -1,
      207, 215, 216, -1,
      207, 216, 208, -1,
      208, 216, 217, -1,
      208, 217, 209, -1,
      209, 217, 212, -1,
      209, 212, 210, -1,
      210, 212, 214, -1,
      210, 214, 211, -1,
      215, 205, 216, -1,
      216, 205, 200, -1,
      216, 200, 217, -1,
      217, 200, 199, -1,
      217, 199, 212, -1,
      212, 199, 218, -1,
      212, 218, 213, -1,
      202, 219, 198, -1,
      198, 219, 220, -1,
      198, 220, 199, -1,
      199, 220, 221, -1,
      199, 221, 218, -1,
      179, 201, 180, -1,
      180, 201, 203, -1,
      180, 203, 222, -1,
      222, 203, 204, -1,
      222, 204, 223, -1,
      223, 204, 205, -1,
      223, 205, 224, -1,
      224, 205, 215, -1,
      224, 215, 225, -1,
      225, 215, 206, -1,
      225, 206, 16, -1,
      16, 206, 1, -1,
      226, 178, 193, -1,
      193, 178, 180, -1,
      193, 180, 189, -1,
      189, 180, 222, -1,
      189, 222, 186, -1,
      186, 222, 223, -1,
      186, 223, 183, -1,
      183, 223, 224, -1,
      183, 224, 181, -1,
      181, 224, 225, -1,
      181, 225, 19, -1,
      19, 225, 16, -1,
      227, 228, 229, -1,
      21, 185, 197, -1,
      197, 185, 230, -1,
      197, 230, 196, -1,
      196, 230, 231, -1,
      196, 231, 195, -1,
      195, 231, 232, -1,
      195, 232, 194, -1,
      194, 232, 227, -1,
      194, 227, 193, -1,
      193, 227, 229, -1,
      193, 229, 226, -1,
      20, 184, 185, -1,
      185, 184, 233, -1,
      185, 233, 230, -1,
      230, 233, 234, -1,
      230, 234, 231, -1,
      231, 234, 235, -1,
      231, 235, 232, -1,
      232, 235, 236, -1,
      232, 236, 227, -1,
      227, 236, 237, -1,
      227, 237, 228, -1,
      156, 238, 154, -1,
      154, 238, 239, -1,
      154, 239, 152, -1,
      152, 239, 240, -1,
      152, 240, 150, -1,
      150, 240, 241, -1,
      150, 241, 148, -1,
      148, 241, 242, -1,
      148, 242, 146, -1,
      146, 242, 243, -1,
      146, 243, 5, -1,
      5, 243, 4, -1,
      244, 237, 245, -1,
      245, 237, 236, -1,
      245, 236, 246, -1,
      246, 236, 235, -1,
      246, 235, 247, -1,
      247, 235, 234, -1,
      247, 234, 248, -1,
      248, 234, 233, -1,
      248, 233, 249, -1,
      249, 233, 184, -1,
      249, 184, 3, -1,
      3, 184, 2, -1,
      250, 251, 252, -1,
      253, 254, 255, -1,
      15, 4, 243, -1,
      10, 15, 256, -1,
      13, 254, 14, -1,
      14, 254, 253, -1,
      14, 253, 9, -1,
      257, 255, 258, -1,
      258, 255, 254, -1,
      258, 254, 259, -1,
      259, 254, 13, -1,
      259, 13, 12, -1,
      260, 257, 261, -1,
      261, 257, 258, -1,
      261, 258, 262, -1,
      262, 258, 259, -1,
      262, 259, 263, -1,
      263, 259, 12, -1,
      263, 12, 11, -1,
      264, 260, 265, -1,
      265, 260, 261, -1,
      265, 261, 266, -1,
      266, 261, 262, -1,
      266, 262, 267, -1,
      267, 262, 263, -1,
      267, 263, 268, -1,
      268, 263, 11, -1,
      268, 11, 10, -1,
      269, 270, 271, -1,
      272, 273, 274, -1,
      274, 273, 269, -1,
      274, 269, 275, -1,
      275, 269, 271, -1,
      275, 271, 276, -1,
      3, 277, 249, -1,
      249, 277, 278, -1,
      249, 278, 248, -1,
      248, 278, 279, -1,
      248, 279, 247, -1,
      247, 279, 280, -1,
      247, 280, 246, -1,
      246, 280, 281, -1,
      246, 281, 245, -1,
      245, 281, 282, -1,
      245, 282, 244, -1,
      283, 284, 285, -1,
      277, 286, 278, -1,
      278, 286, 287, -1,
      278, 287, 279, -1,
      279, 287, 288, -1,
      279, 288, 280, -1,
      280, 288, 283, -1,
      280, 283, 281, -1,
      281, 283, 285, -1,
      281, 285, 282, -1,
      286, 276, 287, -1,
      287, 276, 271, -1,
      287, 271, 288, -1,
      288, 271, 270, -1,
      288, 270, 283, -1,
      283, 270, 289, -1,
      283, 289, 284, -1,
      273, 290, 269, -1,
      269, 290, 291, -1,
      269, 291, 270, -1,
      270, 291, 292, -1,
      270, 292, 289, -1,
      251, 272, 252, -1,
      252, 272, 274, -1,
      252, 274, 293, -1,
      293, 274, 275, -1,
      293, 275, 294, -1,
      294, 275, 276, -1,
      294, 276, 295, -1,
      295, 276, 286, -1,
      295, 286, 296, -1,
      296, 286, 277, -1,
      296, 277, 8, -1,
      8, 277, 3, -1,
      297, 250, 264, -1,
      264, 250, 252, -1,
      264, 252, 260, -1,
      260, 252, 293, -1,
      260, 293, 257, -1,
      257, 293, 294, -1,
      257, 294, 255, -1,
      255, 294, 295, -1,
      255, 295, 253, -1,
      253, 295, 296, -1,
      253, 296, 9, -1,
      9, 296, 8, -1,
      298, 299, 300, -1,
      10, 256, 268, -1,
      268, 256, 301, -1,
      268, 301, 267, -1,
      267, 301, 302, -1,
      267, 302, 266, -1,
      266, 302, 303, -1,
      266, 303, 265, -1,
      265, 303, 298, -1,
      265, 298, 264, -1,
      264, 298, 300, -1,
      264, 300, 297, -1,
      15, 243, 256, -1,
      256, 243, 242, -1,
      256, 242, 301, -1,
      301, 242, 241, -1,
      301, 241, 302, -1,
      302, 241, 240, -1,
      302, 240, 303, -1,
      303, 240, 239, -1,
      303, 239, 298, -1,
      298, 239, 238, -1,
      298, 238, 299, -1,
    ]
  }
}

Shape {
  appearance Appearance {
    material Material {
      diffuseColor 0.6471 0.6196 0.5882
      specularColor 0.4510 0.4353 0.4118
      ambientIntensity 0.2
      transparency 0.0000
      shininess 0.5
    }
  }
  geometry IndexedFaceSet {
    ccw TRUE
    solid FALSE
    coord DEF co Coordinate {
      point [
        -0.531496 -0.216535 0.287402,
        0.531496 0.216535 0.287402,
        0.551181 0.196850 0.287402,
        0.551181 -0.196850 0.287402,
        0.531496 -0.216535 0.287402,
        -0.551181 -0.196850 0.287402,
        -0.531496 0.216535 0.287402,
        -0.551181 0.196850 0.287402,
        0.584504 -0.222380 0.248031,
        0.582639 -0.226378 0.248031,
        0.577577 -0.233607 0.248031,
        0.576735 -0.234810 0.248031,
        0.541751 -0.255008 0.248031,
        0.531496 -0.255906 0.248031,
        0.551694 -0.252344 0.248031,
        0.544590 -0.254248 0.248031,
        0.557026 -0.249858 0.248031,
        0.569456 -0.242089 0.248031,
        0.568253 -0.242931 0.248031,
        0.561024 -0.247994 0.248031,
        0.586990 -0.217048 0.248031,
        0.589654 -0.207105 0.248031,
        0.588893 -0.209944 0.248031,
        0.590551 -0.196850 0.248031,
        -0.531496 -0.255906 0.248031,
        0.590551 0.196850 0.248031,
        -0.557026 -0.249858 0.248031,
        -0.561024 -0.247994 0.248031,
        -0.568253 -0.242931 0.248031,
        -0.569456 -0.242089 0.248031,
        -0.589654 -0.207105 0.248031,
        -0.590551 -0.196850 0.248031,
        -0.586990 -0.217048 0.248031,
        -0.588893 -0.209944 0.248031,
        -0.584504 -0.222380 0.248031,
        -0.576735 -0.234810 0.248031,
        -0.577577 -0.233607 0.248031,
        -0.582639 -0.226378 0.248031,
        -0.551694 -0.252344 0.248031,
        -0.541751 -0.255008 0.248031,
        -0.544590 -0.254248 0.248031,
        0.557026 0.249858 0.248031,
        0.561024 0.247994 0.248031,
        0.568253 0.242931 0.248031,
        0.569456 0.242089 0.248031,
        0.589654 0.207105 0.248031,
        0.586990 0.217048 0.248031,
        0.588893 0.209944 0.248031,
        0.584504 0.222380 0.248031,
        0.576735 0.234810 0.248031,
        0.577577 0.233607 0.248031,
        0.582639 0.226378 0.248031,
        0.551694 0.252344 0.248031,
        0.541751 0.255008 0.248031,
        0.544590 0.254248 0.248031,
        0.531496 0.255906 0.248031,
        -0.590551 0.196850 0.248031,
        -0.531496 0.255906 0.248031,
        -0.584504 0.222380 0.248031,
        -0.582639 0.226378 0.248031,
        -0.577577 0.233607 0.248031,
        -0.576735 0.234810 0.248031,
        -0.541751 0.255008 0.248031,
        -0.551694 0.252344 0.248031,
        -0.544590 0.254248 0.248031,
        -0.557026 0.249858 0.248031,
        -0.569456 0.242089 0.248031,
        -0.568253 0.242931 0.248031,
        -0.561024 0.247994 0.248031,
        -0.586990 0.217048 0.248031,
        -0.589654 0.207105 0.248031,
        -0.588893 0.209944 0.248031,
        0.544339 -0.253117 0.258221,
        0.556537 -0.248848 0.258221,
        0.576619 -0.232834 0.258221,
        0.583494 -0.221891 0.258221,
        0.587763 -0.209693 0.258221,
        0.589210 -0.196850 0.258221,
        0.583928 -0.208818 0.267717,
        0.585277 -0.196850 0.267717,
        0.577828 -0.207426 0.275870,
        0.579020 -0.196850 0.275870,
        0.569879 -0.205611 0.282127,
        0.570866 -0.196850 0.282127,
        0.560622 -0.203498 0.286060,
        0.561371 -0.196850 0.286060,
        0.550687 -0.201231 0.287402,
        0.579951 -0.220185 0.267717,
        0.574314 -0.217470 0.275870,
        0.566967 -0.213932 0.282127,
        0.558412 -0.209813 0.286060,
        0.549231 -0.205391 0.287402,
        0.573543 -0.230382 0.267717,
        0.568652 -0.226481 0.275870,
        0.562277 -0.221397 0.282127,
        0.554853 -0.215477 0.286060,
        0.546887 -0.209124 0.287402,
        0.567480 -0.241973 0.258221,
        0.565028 -0.238898 0.267717,
        0.561127 -0.234006 0.275870,
        0.556043 -0.227631 0.282127,
        0.550123 -0.220207 0.286060,
        0.543770 -0.212241 0.287402,
        0.554831 -0.245305 0.267717,
        0.552116 -0.239668 0.275870,
        0.548578 -0.232322 0.282127,
        0.544458 -0.223767 0.286060,
        0.540037 -0.214586 0.287402,
        0.543463 -0.249283 0.267717,
        0.542071 -0.243183 0.275870,
        0.540257 -0.235233 0.282127,
        0.538144 -0.225976 0.286060,
        0.535876 -0.216042 0.287402,
        0.531496 -0.254564 0.258221,
        0.531496 -0.250631 0.267717,
        0.531496 -0.244374 0.275870,
        0.531496 -0.236220 0.282127,
        0.531496 -0.226725 0.286060,
        0.561371 0.196850 0.286060,
        0.570866 0.196850 0.282127,
        0.579020 0.196850 0.275870,
        0.585277 0.196850 0.267717,
        0.589210 0.196850 0.258221,
        -0.531496 -0.226725 0.286060,
        -0.531496 -0.236220 0.282127,
        -0.531496 -0.244374 0.275870,
        -0.531496 -0.250631 0.267717,
        -0.531496 -0.254564 0.258221,
        0.587763 0.209693 0.258221,
        0.583494 0.221891 0.258221,
        0.576619 0.232834 0.258221,
        0.556537 0.248848 0.258221,
        0.544339 0.253117 0.258221,
        0.531496 0.254564 0.258221,
        0.543463 0.249283 0.267717,
        0.531496 0.250631 0.267717,
        0.542071 0.243183 0.275870,
        0.531496 0.244374 0.275870,
        0.540257 0.235233 0.282127,
        0.531496 0.236220 0.282127,
        0.538144 0.225976 0.286060,
        0.531496 0.226725 0.286060,
        0.535876 0.216042 0.287402,
        0.554831 0.245305 0.267717,
        0.552116 0.239668 0.275870,
        0.548578 0.232322 0.282127,
        0.544458 0.223767 0.286060,
        0.540037 0.214586 0.287402,
        0.543770 0.212241 0.287402,
        0.550123 0.220207 0.286060,
        0.556043 0.227631 0.282127,
        0.561127 0.234006 0.275870,
        0.565028 0.238898 0.267717,
        0.567480 0.241973 0.258221,
        0.573543 0.230382 0.267717,
        0.568652 0.226481 0.275870,
        0.562277 0.221397 0.282127,
        0.554853 0.215477 0.286060,
        0.546887 0.209124 0.287402,
        0.579951 0.220185 0.267717,
        0.574314 0.217470 0.275870,
        0.566967 0.213932 0.282127,
        0.558412 0.209813 0.286060,
        0.549231 0.205391 0.287402,
        0.583928 0.208818 0.267717,
        0.577828 0.207426 0.275870,
        0.569879 0.205611 0.282127,
        0.560622 0.203498 0.286060,
        0.550687 0.201231 0.287402,
        -0.587763 -0.209693 0.258221,
        -0.583494 -0.221891 0.258221,
        -0.576619 -0.232834 0.258221,
        -0.556537 -0.248848 0.258221,
        -0.544339 -0.253117 0.258221,
        -0.543463 -0.249283 0.267717,
        -0.542071 -0.243183 0.275870,
        -0.540257 -0.235233 0.282127,
        -0.538144 -0.225976 0.286060,
        -0.535876 -0.216042 0.287402,
        -0.554831 -0.245305 0.267717,
        -0.552116 -0.239668 0.275870,
        -0.548578 -0.232322 0.282127,
        -0.544458 -0.223767 0.286060,
        -0.540037 -0.214586 0.287402,
        -0.543770 -0.212241 0.287402,
        -0.550123 -0.220207 0.286060,
        -0.556043 -0.227631 0.282127,
        -0.561127 -0.234006 0.275870,
        -0.565028 -0.238898 0.267717,
        -0.567480 -0.241973 0.258221,
        -0.573543 -0.230382 0.267717,
        -0.568652 -0.226481 0.275870,
        -0.562277 -0.221397 0.282127,
        -0.554853 -0.215477 0.286060,
        -0.546887 -0.209124 0.287402,
        -0.579951 -0.220185 0.267717,
        -0.574314 -0.217470 0.275870,
        -0.566967 -0.213932 0.282127,
        -0.558412 -0.209813 0.286060,
        -0.549231 -0.205391 0.287402,
        -0.583928 -0.208818 0.267717,
        -0.577828 -0.207426 0.275870,
        -0.569879 -0.205611 0.282127,
        -0.560622 -0.203498 0.286060,
        -0.550687 -0.201231 0.287402,
        -0.589210 -0.196850 0.258221,
        -0.585277 -0.196850 0.267717,
        -0.579020 -0.196850 0.275870,
        -0.570866 -0.196850 0.282127,
        -0.561371 -0.196850 0.286060,
        -0.531496 0.226725 0.286060,
        -0.531496 0.236220 0.282127,
        -0.531496 0.244374 0.275870,
        -0.531496 0.250631 0.267717,
        -0.531496 0.254564 0.258221,
        -0.561371 0.196850 0.286060,
        -0.570866 0.196850 0.282127,
        -0.579020 0.196850 0.275870,
        -0.585277 0.196850 0.267717,
        -0.589210 0.196850 0.258221,
        -0.544339 0.253117 0.258221,
        -0.556537 0.248848 0.258221,
        -0.576619 0.232834 0.258221,
        -0.583494 0.221891 0.258221,
        -0.587763 0.209693 0.258221,
        -0.583928 0.208818 0.267717,
        -0.577828 0.207426 0.275870,
        -0.569879 0.205611 0.282127,
        -0.560622 0.203498 0.286060,
        -0.550687 0.201231 0.287402,
        -0.579951 0.220185 0.267717,
        -0.574314 0.217470 0.275870,
        -0.566967 0.213932 0.282127,
        -0.558412 0.209813 0.286060,
        -0.549231 0.205391 0.287402,
        -0.573543 0.230382 0.267717,
        -0.568652 0.226481 0.275870,
        -0.562277 0.221397 0.282127,
        -0.554853 0.215477 0.286060,
        -0.546887 0.209124 0.287402,
        -0.567480 0.241973 0.258221,
        -0.565028 0.238898 0.267717,
        -0.561127 0.234006 0.275870,
        -0.556043 0.227631 0.282127,
        -0.550123 0.220207 0.286060,
        -0.543770 0.212241 0.287402,
        -0.554831 0.245305 0.267717,
        -0.552116 0.239668 0.275870,
        -0.548578 0.232322 0.282127,
        -0.544458 0.223767 0.286060,
        -0.540037 0.214586 0.287402,
        -0.543463 0.249283 0.267717,
        -0.542071 0.243183 0.275870,
        -0.540257 0.235233 0.282127,
        -0.538144 0.225976 0.286060,
        -0.535876 0.216042 0.287402,
      ]
    }
    coordIndex [
      12, 15, 72, -1,
      14, 16, 73, -1,
      11, 10, 74, -1,
      9, 8, 75, -1,
      20, 22, 76, -1,
      21, 23, 77, -1,
      22, 21, 76, -1,
      76, 21, 77, -1,
      76, 77, 78, -1,
      78, 77, 79, -1,
      78, 79, 80, -1,
      80, 79, 81, -1,
      80, 81, 82, -1,
      82, 81, 83, -1,
      82, 83, 84, -1,
      84, 83, 85, -1,
      84, 85, 86, -1,
      86, 85, 3, -1,
      8, 20, 75, -1,
      75, 20, 76, -1,
      75, 76, 87, -1,
      87, 76, 78, -1,
      87, 78, 88, -1,
      88, 78, 80, -1,
      88, 80, 89, -1,
      89, 80, 82, -1,
      89, 82, 90, -1,
      90, 82, 84, -1,
      90, 84, 91, -1,
      91, 84, 86, -1,
      10, 9, 74, -1,
      74, 9, 75, -1,
      74, 75, 92, -1,
      92, 75, 87, -1,
      92, 87, 93, -1,
      93, 87, 88, -1,
      93, 88, 94, -1,
      94, 88, 89, -1,
      94, 89, 95, -1,
      95, 89, 90, -1,
      95, 90, 96, -1,
      96, 90, 91, -1,
      19, 18, 97, -1,
      97, 18, 17, -1,
      17, 11, 97, -1,
      97, 11, 74, -1,
      97, 74, 98, -1,
      98, 74, 92, -1,
      98, 92, 99, -1,
      99, 92, 93, -1,
      99, 93, 100, -1,
      100, 93, 94, -1,
      100, 94, 101, -1,
      101, 94, 95, -1,
      101, 95, 102, -1,
      102, 95, 96, -1,
      16, 19, 73, -1,
      73, 19, 97, -1,
      73, 97, 103, -1,
      103, 97, 98, -1,
      103, 98, 104, -1,
      104, 98, 99, -1,
      104, 99, 105, -1,
      105, 99, 100, -1,
      105, 100, 106, -1,
      106, 100, 101, -1,
      106, 101, 107, -1,
      107, 101, 102, -1,
      15, 14, 72, -1,
      72, 14, 73, -1,
      72, 73, 108, -1,
      108, 73, 103, -1,
      108, 103, 109, -1,
      109, 103, 104, -1,
      109, 104, 110, -1,
      110, 104, 105, -1,
      110, 105, 111, -1,
      111, 105, 106, -1,
      111, 106, 112, -1,
      112, 106, 107, -1,
      13, 12, 113, -1,
      113, 12, 72, -1,
      113, 72, 114, -1,
      114, 72, 108, -1,
      114, 108, 115, -1,
      115, 108, 109, -1,
      115, 109, 116, -1,
      116, 109, 110, -1,
      116, 110, 117, -1,
      117, 110, 111, -1,
      117, 111, 4, -1,
      4, 111, 112, -1,
      2, 3, 85, -1,
      2, 85, 118, -1,
      118, 85, 83, -1,
      118, 83, 119, -1,
      119, 83, 81, -1,
      119, 81, 120, -1,
      120, 81, 79, -1,
      120, 79, 121, -1,
      121, 79, 77, -1,
      121, 77, 122, -1,
      122, 77, 23, -1,
      122, 23, 25, -1,
      4, 0, 123, -1,
      4, 123, 117, -1,
      117, 123, 124, -1,
      117, 124, 116, -1,
      116, 124, 125, -1,
      116, 125, 115, -1,
      115, 125, 126, -1,
      115, 126, 114, -1,
      114, 126, 127, -1,
      114, 127, 113, -1,
      113, 127, 24, -1,
      113, 24, 13, -1,
      45, 47, 128, -1,
      46, 48, 129, -1,
      51, 50, 130, -1,
      42, 41, 131, -1,
      52, 54, 132, -1,
      53, 55, 133, -1,
      54, 53, 132, -1,
      132, 53, 133, -1,
      132, 133, 134, -1,
      134, 133, 135, -1,
      134, 135, 136, -1,
      136, 135, 137, -1,
      136, 137, 138, -1,
      138, 137, 139, -1,
      138, 139, 140, -1,
      140, 139, 141, -1,
      140, 141, 142, -1,
      142, 141, 1, -1,
      41, 52, 131, -1,
      131, 52, 132, -1,
      131, 132, 143, -1,
      143, 132, 134, -1,
      143, 134, 144, -1,
      144, 134, 136, -1,
      144, 136, 145, -1,
      145, 136, 138, -1,
      145, 138, 146, -1,
      146, 138, 140, -1,
      146, 140, 147, -1,
      147, 140, 142, -1,
      147, 148, 146, -1,
      146, 148, 149, -1,
      146, 149, 145, -1,
      145, 149, 150, -1,
      145, 150, 144, -1,
      144, 150, 151, -1,
      144, 151, 143, -1,
      143, 151, 152, -1,
      143, 152, 131, -1,
      131, 152, 153, -1,
      131, 153, 42, -1,
      49, 44, 153, -1,
      153, 44, 43, -1,
      153, 43, 42, -1,
      50, 49, 130, -1,
      130, 49, 153, -1,
      130, 153, 154, -1,
      154, 153, 152, -1,
      154, 152, 155, -1,
      155, 152, 151, -1,
      155, 151, 156, -1,
      156, 151, 150, -1,
      156, 150, 157, -1,
      157, 150, 149, -1,
      157, 149, 158, -1,
      158, 149, 148, -1,
      48, 51, 129, -1,
      129, 51, 130, -1,
      129, 130, 159, -1,
      159, 130, 154, -1,
      159, 154, 160, -1,
      160, 154, 155, -1,
      160, 155, 161, -1,
      161, 155, 156, -1,
      161, 156, 162, -1,
      162, 156, 157, -1,
      162, 157, 163, -1,
      163, 157, 158, -1,
      47, 46, 128, -1,
      128, 46, 129, -1,
      128, 129, 164, -1,
      164, 129, 159, -1,
      164, 159, 165, -1,
      165, 159, 160, -1,
      165, 160, 166, -1,
      166, 160, 161, -1,
      166, 161, 167, -1,
      167, 161, 162, -1,
      167, 162, 168, -1,
      168, 162, 163, -1,
      25, 45, 122, -1,
      122, 45, 128, -1,
      122, 128, 121, -1,
      121, 128, 164, -1,
      121, 164, 120, -1,
      120, 164, 165, -1,
      120, 165, 119, -1,
      119, 165, 166, -1,
      119, 166, 118, -1,
      118, 166, 167, -1,
      118, 167, 2, -1,
      2, 167, 168, -1,
      30, 33, 169, -1,
      32, 34, 170, -1,
      37, 36, 171, -1,
      27, 26, 172, -1,
      38, 40, 173, -1,
      39, 24, 127, -1,
      40, 39, 173, -1,
      173, 39, 127, -1,
      173, 127, 174, -1,
      174, 127, 126, -1,
      174, 126, 175, -1,
      175, 126, 125, -1,
      175, 125, 176, -1,
      176, 125, 124, -1,
      176, 124, 177, -1,
      177, 124, 123, -1,
      177, 123, 178, -1,
      178, 123, 0, -1,
      26, 38, 172, -1,
      172, 38, 173, -1,
      172, 173, 179, -1,
      179, 173, 174, -1,
      179, 174, 180, -1,
      180, 174, 175, -1,
      180, 175, 181, -1,
      181, 175, 176, -1,
      181, 176, 182, -1,
      182, 176, 177, -1,
      182, 177, 183, -1,
      183, 177, 178, -1,
      183, 184, 182, -1,
      182, 184, 185, -1,
      182, 185, 181, -1,
      181, 185, 186, -1,
      181, 186, 180, -1,
      180, 186, 187, -1,
      180, 187, 179, -1,
      179, 187, 188, -1,
      179, 188, 172, -1,
      172, 188, 189, -1,
      172, 189, 27, -1,
      35, 29, 189, -1,
      189, 29, 28, -1,
      189, 28, 27, -1,
      36, 35, 171, -1,
      171, 35, 189, -1,
      171, 189, 190, -1,
      190, 189, 188, -1,
      190, 188, 191, -1,
      191, 188, 187, -1,
      191, 187, 192, -1,
      192, 187, 186, -1,
      192, 186, 193, -1,
      193, 186, 185, -1,
      193, 185, 194, -1,
      194, 185, 184, -1,
      34, 37, 170, -1,
      170, 37, 171, -1,
      170, 171, 195, -1,
      195, 171, 190, -1,
      195, 190, 196, -1,
      196, 190, 191, -1,
      196, 191, 197, -1,
      197, 191, 192, -1,
      197, 192, 198, -1,
      198, 192, 193, -1,
      198, 193, 199, -1,
      199, 193, 194, -1,
      33, 32, 169, -1,
      169, 32, 170, -1,
      169, 170, 200, -1,
      200, 170, 195, -1,
      200, 195, 201, -1,
      201, 195, 196, -1,
      201, 196, 202, -1,
      202, 196, 197, -1,
      202, 197, 203, -1,
      203, 197, 198, -1,
      203, 198, 204, -1,
      204, 198, 199, -1,
      31, 30, 205, -1,
      205, 30, 169, -1,
      205, 169, 206, -1,
      206, 169, 200, -1,
      206, 200, 207, -1,
      207, 200, 201, -1,
      207, 201, 208, -1,
      208, 201, 202, -1,
      208, 202, 209, -1,
      209, 202, 203, -1,
      209, 203, 5, -1,
      5, 203, 204, -1,
      6, 1, 141, -1,
      6, 141, 210, -1,
      210, 141, 139, -1,
      210, 139, 211, -1,
      211, 139, 137, -1,
      211, 137, 212, -1,
      212, 137, 135, -1,
      212, 135, 213, -1,
      213, 135, 133, -1,
      213, 133, 214, -1,
      214, 133, 55, -1,
      214, 55, 57, -1,
      5, 7, 215, -1,
      5, 215, 209, -1,
      209, 215, 216, -1,
      209, 216, 208, -1,
      208, 216, 217, -1,
      208, 217, 207, -1,
      207, 217, 218, -1,
      207, 218, 206, -1,
      206, 218, 219, -1,
      206, 219, 205, -1,
      205, 219, 56, -1,
      205, 56, 31, -1,
      62, 64, 220, -1,
      63, 65, 221, -1,
      61, 60, 222, -1,
      59, 58, 223, -1,
      69, 71, 224, -1,
      70, 56, 219, -1,
      71, 70, 224, -1,
      224, 70, 219, -1,
      224, 219, 225, -1,
      225, 219, 218, -1,
      225, 218, 226, -1,
      226, 218, 217, -1,
      226, 217, 227, -1,
      227, 217, 216, -1,
      227, 216, 228, -1,
      228, 216, 215, -1,
      228, 215, 229, -1,
      229, 215, 7, -1,
      58, 69, 223, -1,
      223, 69, 224, -1,
      223, 224, 230, -1,
      230, 224, 225, -1,
      230, 225, 231, -1,
      231, 225, 226, -1,
      231, 226, 232, -1,
      232, 226, 227, -1,
      232, 227, 233, -1,
      233, 227, 228, -1,
      233, 228, 234, -1,
      234, 228, 229, -1,
      60, 59, 222, -1,
      222, 59, 223, -1,
      222, 223, 235, -1,
      235, 223, 230, -1,
      235, 230, 236, -1,
      236, 230, 231, -1,
      236, 231, 237, -1,
      237, 231, 232, -1,
      237, 232, 238, -1,
      238, 232, 233, -1,
      238, 233, 239, -1,
      239, 233, 234, -1,
      68, 67, 240, -1,
      240, 67, 66, -1,
      66, 61, 240, -1,
      240, 61, 222, -1,
      240, 222, 241, -1,
      241, 222, 235, -1,
      241, 235, 242, -1,
      242, 235, 236, -1,
      242, 236, 243, -1,
      243, 236, 237, -1,
      243, 237, 244, -1,
      244, 237, 238, -1,
      244, 238, 245, -1,
      245, 238, 239, -1,
      65, 68, 221, -1,
      221, 68, 240, -1,
      221, 240, 246, -1,
      246, 240, 241, -1,
      246, 241, 247, -1,
      247, 241, 242, -1,
      247, 242, 248, -1,
      248, 242, 243, -1,
      248, 243, 249, -1,
      249, 243, 244, -1,
      249, 244, 250, -1,
      250, 244, 245, -1,
      64, 63, 220, -1,
      220, 63, 221, -1,
      220, 221, 251, -1,
      251, 221, 246, -1,
      251, 246, 252, -1,
      252, 246, 247, -1,
      252, 247, 253, -1,
      253, 247, 248, -1,
      253, 248, 254, -1,
      254, 248, 249, -1,
      254, 249, 255, -1,
      255, 249, 250, -1,
      57, 62, 214, -1,
      214, 62, 220, -1,
      214, 220, 213, -1,
      213, 220, 251, -1,
      213, 251, 212, -1,
      212, 251, 252, -1,
      212, 252, 211, -1,
      211, 252, 253, -1,
      211, 253, 210, -1,
      210, 253, 254, -1,
      210, 254, 6, -1,
      6, 254, 255, -1,
    ]
  }
}

Shape {
  appearance Appearance {
    material Material {
      diffuseColor 0.9686 0.8784 0.6000
      specularColor 0.6784 0.6157 0.4196
      ambientIntensity 0.2
      transparency 0.0000
      shininess 0.5
    }
  }
  geometry IndexedFaceSet {
    ccw TRUE
    solid FALSE
    coord DEF co Coordinate {
      point [
        -0.590551 0.206693 0.011811,
        -0.590551 -0.206693 0.011811,
        0.374016 -0.246063 0.011811,
        0.354331 0.240789 0.011811,
        0.346177 0.234532 0.011811,
        0.374016 0.246063 0.011811,
        0.363826 0.244722 0.011811,
        -0.374016 -0.246063 0.011811,
        0.363826 -0.244722 0.011811,
        -0.363826 -0.244722 0.011811,
        0.339920 -0.226378 0.011811,
        -0.354331 -0.240789 0.011811,
        0.346177 -0.234532 0.011811,
        0.354331 -0.240789 0.011811,
        0.339920 0.226378 0.011811,
        -0.478559 0.244722 0.011811,
        -0.488748 0.246063 0.011811,
        -0.339920 0.111645 0.011811,
        -0.346177 0.119799 0.011811,
        0.334646 -0.206693 0.011811,
        0.335987 -0.216883 0.011811,
        -0.334646 -0.206693 0.011811,
        -0.460910 0.234532 0.011811,
        -0.469063 0.240789 0.011811,
        -0.346177 -0.234532 0.011811,
        -0.339920 -0.226378 0.011811,
        -0.335987 -0.216883 0.011811,
        -0.335987 0.102150 0.011811,
        0.335987 0.216883 0.011811,
        0.334646 0.206693 0.011811,
        -0.334646 0.091960 0.011811,
        -0.488748 0.246063 0.000000,
        -0.543307 0.246063 0.000000,
        -0.589150 0.217103 0.000000,
        -0.590199 0.211945 0.000000,
        -0.590551 0.206693 0.000000,
        0.590551 -0.206693 0.011811,
        0.590551 0.206693 0.011811,
        0.590551 0.206693 0.000000,
        0.590199 0.211945 0.000000,
        0.589150 0.217103 0.000000,
        0.374016 0.246063 0.000000,
        0.543307 0.246063 0.000000,
        0.374016 -0.246063 0.000000,
        0.543307 -0.246063 0.000000,
        0.589150 -0.217103 0.000000,
        0.590199 -0.211945 0.000000,
        0.590551 -0.206693 0.000000,
        -0.590551 -0.206693 0.000000,
        -0.590199 -0.211945 0.000000,
        -0.589150 -0.217103 0.000000,
        -0.374016 -0.246063 0.000000,
        -0.543307 -0.246063 0.000000,
        0.363826 0.244722 0.000000,
        0.354331 0.240789 0.000000,
        0.346177 0.234532 0.000000,
        0.339920 0.226378 0.000000,
        0.335987 0.216883 0.000000,
        0.334646 0.206693 0.000000,
        0.334646 -0.206693 0.000000,
        0.335987 -0.216883 0.000000,
        0.339920 -0.226378 0.000000,
        0.346177 -0.234532 0.000000,
        0.354331 -0.240789 0.000000,
        0.363826 -0.244722 0.000000,
        0.603474 0.268829 0.000000,
        0.611220 0.262885 0.000000,
        0.620241 0.259148 0.000000,
        0.629921 0.257874 0.000000,
        0.592520 0.295276 0.000000,
        0.593794 0.285595 0.000000,
        0.597531 0.276575 0.000000,
        0.629921 -0.257874 0.000000,
        0.620241 -0.259148 0.000000,
        0.611220 -0.262885 0.000000,
        0.603474 -0.268829 0.000000,
        0.597531 -0.276575 0.000000,
        0.593794 -0.285595 0.000000,
        0.592520 -0.295276 0.000000,
        -0.363826 -0.244722 0.000000,
        -0.354331 -0.240789 0.000000,
        -0.346177 -0.234532 0.000000,
        -0.339920 -0.226378 0.000000,
        -0.335987 -0.216883 0.000000,
        -0.334646 -0.206693 0.000000,
        -0.334646 0.091960 0.000000,
        -0.335987 0.102150 0.000000,
        -0.339920 0.111645 0.000000,
        -0.346177 0.119799 0.000000,
        -0.460910 0.234532 0.000000,
        -0.469063 0.240789 0.000000,
        -0.478559 0.244722 0.000000,
        -0.611220 0.262885 0.000000,
        -0.603474 0.268829 0.000000,
        -0.629921 0.257874 0.000000,
        -0.620241 0.259148 0.000000,
        -0.597531 0.276575 0.000000,
        -0.593794 0.285595 0.000000,
        -0.592520 0.295276 0.000000,
        -0.592520 -0.295276 0.000000,
        -0.593794 -0.285595 0.000000,
        -0.597531 -0.276575 0.000000,
        -0.603474 -0.268829 0.000000,
        -0.611220 -0.262885 0.000000,
        -0.620241 -0.259148 0.000000,
        -0.629921 -0.257874 0.000000,
      ]
    }
    coordIndex [
      5, 41, 53, -1,
      5, 53, 6, -1,
      6, 53, 54, -1,
      6, 54, 3, -1,
      3, 54, 55, -1,
      3, 55, 4, -1,
      4, 55, 56, -1,
      4, 56, 14, -1,
      14, 56, 57, -1,
      14, 57, 28, -1,
      28, 57, 58, -1,
      28, 58, 29, -1,
      58, 59, 29, -1,
      29, 59, 19, -1,
      19, 59, 60, -1,
      19, 60, 20, -1,
      20, 60, 61, -1,
      20, 61, 10, -1,
      10, 61, 62, -1,
      10, 62, 12, -1,
      12, 62, 63, -1,
      12, 63, 13, -1,
      13, 63, 64, -1,
      13, 64, 8, -1,
      8, 64, 43, -1,
      8, 43, 2, -1,
      47, 38, 36, -1,
      36, 38, 37, -1,
      65, 66, 40, -1,
      40, 66, 67, -1,
      40, 67, 68, -1,
      69, 70, 42, -1,
      42, 70, 71, -1,
      57, 39, 58, -1,
      58, 39, 38, -1,
      58, 38, 59, -1,
      59, 38, 47, -1,
      59, 47, 46, -1,
      72, 73, 45, -1,
      45, 73, 74, -1,
      75, 76, 44, -1,
      44, 76, 77, -1,
      44, 77, 78, -1,
      64, 63, 46, -1,
      46, 63, 62, -1,
      64, 46, 43, -1,
      43, 46, 45, -1,
      43, 45, 44, -1,
      44, 45, 74, -1,
      44, 74, 75, -1,
      62, 61, 46, -1,
      46, 61, 60, -1,
      46, 60, 59, -1,
      57, 56, 39, -1,
      39, 56, 55, -1,
      39, 55, 54, -1,
      54, 53, 39, -1,
      39, 53, 41, -1,
      39, 41, 40, -1,
      40, 41, 42, -1,
      40, 42, 65, -1,
      65, 42, 71, -1,
      7, 51, 79, -1,
      7, 79, 9, -1,
      9, 79, 80, -1,
      9, 80, 11, -1,
      11, 80, 81, -1,
      11, 81, 24, -1,
      24, 81, 82, -1,
      24, 82, 25, -1,
      25, 82, 83, -1,
      25, 83, 26, -1,
      26, 83, 84, -1,
      26, 84, 21, -1,
      84, 85, 21, -1,
      21, 85, 30, -1,
      30, 85, 86, -1,
      30, 86, 27, -1,
      27, 86, 87, -1,
      27, 87, 17, -1,
      17, 87, 88, -1,
      17, 88, 18, -1,
      88, 89, 18, -1,
      18, 89, 22, -1,
      22, 89, 90, -1,
      22, 90, 23, -1,
      23, 90, 91, -1,
      23, 91, 15, -1,
      15, 91, 31, -1,
      15, 31, 16, -1,
      35, 48, 0, -1,
      0, 48, 1, -1,
      92, 93, 32, -1,
      90, 89, 34, -1,
      34, 89, 35, -1,
      94, 95, 33, -1,
      33, 95, 92, -1,
      93, 96, 32, -1,
      32, 96, 97, -1,
      32, 97, 98, -1,
      99, 100, 52, -1,
      52, 100, 101, -1,
      102, 103, 50, -1,
      50, 103, 104, -1,
      50, 104, 105, -1,
      48, 84, 49, -1,
      49, 84, 83, -1,
      35, 89, 48, -1,
      48, 89, 88, -1,
      48, 88, 87, -1,
      92, 32, 33, -1,
      33, 32, 31, -1,
      33, 31, 34, -1,
      34, 31, 91, -1,
      34, 91, 90, -1,
      83, 82, 49, -1,
      49, 82, 81, -1,
      49, 81, 80, -1,
      87, 86, 48, -1,
      48, 86, 85, -1,
      48, 85, 84, -1,
      80, 79, 49, -1,
      49, 79, 51, -1,
      49, 51, 50, -1,
      50, 51, 52, -1,
      50, 52, 102, -1,
      102, 52, 101, -1,
    ]
  }
}

Shape {
  appearance Appearance {
    material Material {
      diffuseColor 0.0000 0.0000 0.0000
      specularColor 0.0000 0.0000 0.0000
      ambientIntensity 0.2
      transparency 0.0000
      shininess 0.5
    }
  }
  geometry IndexedFaceSet {
    ccw TRUE
    solid FALSE
    coord DEF co Coordinate {
      point [
        -0.315418 -0.086097 0.287402,
        -0.313180 -0.085824 0.287402,
        -0.307851 -0.115486 0.287402,
        -0.309735 -0.115666 0.287402,
        -0.286611 -0.102200 0.287402,
        -0.294537 -0.102200 0.287402,
        -0.286611 -0.112073 0.287402,
        -0.294537 -0.112073 0.287402,
        -0.283209 -0.086071 0.287402,
        -0.286611 -0.086071 0.287402,
        -0.283209 -0.089447 0.287402,
        -0.282542 -0.112073 0.287402,
        -0.282542 -0.115419 0.287402,
        -0.284042 -0.102200 0.287402,
        -0.284042 -0.098839 0.287402,
        -0.286611 -0.098839 0.287402,
        -0.286611 -0.089447 0.287402,
        -0.294537 -0.089447 0.287402,
        -0.294537 -0.098839 0.287402,
        -0.298326 -0.086071 0.287402,
        -0.298326 -0.115419 0.287402,
        -0.304200 -0.086776 0.287402,
        -0.307285 -0.085883 0.287402,
        -0.308023 -0.085824 0.287402,
        -0.286611 -0.115419 0.287402,
        -0.304200 -0.090737 0.287402,
        -0.304700 -0.114453 0.287402,
        -0.310399 -0.112486 0.287402,
        -0.307081 -0.111867 0.287402,
        -0.304200 -0.110572 0.287402,
        -0.304200 -0.114203 0.287402,
        -0.307503 -0.089428 0.287402,
        -0.311117 -0.088997 0.287402,
        -0.322196 -0.101075 0.287402,
        -0.320748 -0.107458 0.287402,
        -0.319316 -0.109447 0.287402,
        -0.318738 -0.110019 0.287402,
        -0.316820 -0.111374 0.287402,
        -0.314729 -0.112182 0.287402,
        -0.311776 -0.112538 0.287402,
        -0.319113 -0.092253 0.287402,
        -0.320717 -0.094484 0.287402,
        -0.317115 -0.090603 0.287402,
        -0.314808 -0.089535 0.287402,
        -0.312255 -0.089043 0.287402,
        -0.321705 -0.097011 0.287402,
        -0.304526 -0.090561 0.287402,
        -0.322165 -0.102154 0.287402,
        -0.321696 -0.105091 0.287402,
        -0.311154 -0.085576 0.287402,
        -0.311122 -0.085576 0.287402,
        -0.324062 -0.092678 0.287402,
        -0.321934 -0.089897 0.287402,
        -0.321226 -0.089220 0.287402,
        -0.318481 -0.087292 0.287402,
        -0.324860 -0.107957 0.287402,
        -0.325585 -0.106111 0.287402,
        -0.326172 -0.101300 0.287402,
        -0.326121 -0.099769 0.287402,
        -0.325456 -0.095937 0.287402,
        -0.324860 -0.094543 0.287402,
        -0.317276 -0.115175 0.287402,
        -0.320046 -0.113869 0.287402,
        -0.322407 -0.111907 0.287402,
        -0.324385 -0.109166 0.287402,
        -0.314892 -0.115666 0.287402,
        -0.314095 -0.115830 0.287402,
        -0.312324 -0.115914 0.287402,
        -0.253902 -0.105671 0.287402,
        -0.255346 -0.108707 0.287402,
        -0.263555 -0.086782 0.287402,
        -0.260604 -0.087859 0.287402,
        -0.263555 -0.114663 0.287402,
        -0.260573 -0.113493 0.287402,
        -0.257531 -0.111307 0.287402,
        -0.257531 -0.089957 0.287402,
        -0.256510 -0.090954 0.287402,
        -0.254689 -0.093509 0.287402,
        -0.253600 -0.096303 0.287402,
        -0.253104 -0.100370 0.287402,
        -0.253192 -0.102234 0.287402,
        -0.268626 -0.086071 0.287402,
        -0.264146 -0.086566 0.287402,
        -0.263913 -0.114804 0.287402,
        -0.268926 -0.115419 0.287402,
        -0.276998 -0.115419 0.287402,
        -0.276998 -0.086071 0.287402,
        -0.327373 -0.112073 0.287402,
        -0.327373 -0.115419 0.287402,
        -0.342849 -0.115419 0.287402,
        -0.342849 -0.086071 0.287402,
        -0.339061 -0.086071 0.287402,
        -0.339061 -0.112073 0.287402,
        -0.327373 -0.112073 0.287795,
        -0.327373 -0.115419 0.287795,
        -0.339061 -0.112073 0.287795,
        -0.339061 -0.086071 0.287795,
        -0.342849 -0.086071 0.287795,
        -0.342849 -0.115419 0.287795,
        -0.307851 -0.115486 0.287795,
        -0.312324 -0.115914 0.287795,
        -0.304700 -0.114453 0.287795,
        -0.304200 -0.114203 0.287795,
        -0.304200 -0.110572 0.287795,
        -0.307081 -0.111867 0.287795,
        -0.310399 -0.112486 0.287795,
        -0.311776 -0.112538 0.287795,
        -0.314729 -0.112182 0.287795,
        -0.316820 -0.111374 0.287795,
        -0.318738 -0.110019 0.287795,
        -0.319316 -0.109447 0.287795,
        -0.320748 -0.107458 0.287795,
        -0.321696 -0.105091 0.287795,
        -0.322165 -0.102154 0.287795,
        -0.322196 -0.101075 0.287795,
        -0.321705 -0.097011 0.287795,
        -0.320717 -0.094484 0.287795,
        -0.319113 -0.092253 0.287795,
        -0.317115 -0.090603 0.287795,
        -0.314808 -0.089535 0.287795,
        -0.312255 -0.089043 0.287795,
        -0.311117 -0.088997 0.287795,
        -0.307503 -0.089428 0.287795,
        -0.304526 -0.090561 0.287795,
        -0.304200 -0.090737 0.287795,
        -0.304200 -0.086776 0.287795,
        -0.311154 -0.085576 0.287795,
        -0.311122 -0.085576 0.287795,
        -0.307285 -0.085883 0.287795,
        -0.315418 -0.086097 0.287795,
        -0.318481 -0.087292 0.287795,
        -0.321226 -0.089220 0.287795,
        -0.321934 -0.089897 0.287795,
        -0.324062 -0.092678 0.287795,
        -0.325456 -0.095937 0.287795,
        -0.326121 -0.099769 0.287795,
        -0.326172 -0.101300 0.287795,
        -0.322407 -0.111907 0.287795,
        -0.324385 -0.109166 0.287795,
        -0.325585 -0.106111 0.287795,
        -0.320046 -0.113869 0.287795,
        -0.314095 -0.115830 0.287795,
        -0.317276 -0.115175 0.287795,
        -0.282542 -0.112073 0.287795,
        -0.282542 -0.115419 0.287795,
        -0.294537 -0.112073 0.287795,
        -0.294537 -0.102200 0.287795,
        -0.284042 -0.102200 0.287795,
        -0.284042 -0.098839 0.287795,
        -0.294537 -0.098839 0.287795,
        -0.294537 -0.089447 0.287795,
        -0.283209 -0.089447 0.287795,
        -0.283209 -0.086071 0.287795,
        -0.298326 -0.086071 0.287795,
        -0.298326 -0.115419 0.287795,
        -0.258948 -0.107487 0.287795,
        -0.260224 -0.109012 0.287795,
        -0.257531 -0.111307 0.287795,
        -0.260544 -0.109312 0.287795,
        -0.260573 -0.113493 0.287795,
        -0.262431 -0.110632 0.287795,
        -0.263913 -0.114804 0.287795,
        -0.264846 -0.111577 0.287795,
        -0.268926 -0.115419 0.287795,
        -0.268948 -0.112073 0.287795,
        -0.276998 -0.115419 0.287795,
        -0.273209 -0.112073 0.287795,
        -0.276998 -0.086071 0.287795,
        -0.273209 -0.089447 0.287795,
        -0.268626 -0.086071 0.287795,
        -0.268776 -0.089447 0.287795,
        -0.264146 -0.086566 0.287795,
        -0.265002 -0.089863 0.287795,
        -0.260604 -0.087859 0.287795,
        -0.262456 -0.090780 0.287795,
        -0.257531 -0.089957 0.287795,
        -0.260306 -0.092208 0.287795,
        -0.256510 -0.090954 0.287795,
        -0.259506 -0.092994 0.287795,
        -0.254689 -0.093509 0.287795,
        -0.258364 -0.094633 0.287795,
        -0.253600 -0.096303 0.287795,
        -0.257532 -0.096767 0.287795,
        -0.253104 -0.100370 0.287795,
        -0.257088 -0.100475 0.287795,
        -0.253192 -0.102234 0.287795,
        -0.257240 -0.102776 0.287795,
        -0.253902 -0.105671 0.287795,
        -0.257875 -0.105367 0.287795,
        -0.255346 -0.108707 0.287795,
        -0.268776 -0.089447 0.287402,
        -0.273209 -0.089447 0.287402,
        -0.273209 -0.112073 0.287402,
        -0.268948 -0.112073 0.287402,
        -0.260224 -0.109012 0.287402,
        -0.260544 -0.109312 0.287402,
        -0.262431 -0.110632 0.287402,
        -0.264846 -0.111577 0.287402,
        -0.257088 -0.100475 0.287402,
        -0.257240 -0.102776 0.287402,
        -0.257875 -0.105367 0.287402,
        -0.258948 -0.107487 0.287402,
        -0.260306 -0.092208 0.287402,
        -0.259506 -0.092994 0.287402,
        -0.258364 -0.094633 0.287402,
        -0.257532 -0.096767 0.287402,
        -0.265002 -0.089863 0.287402,
        -0.262456 -0.090780 0.287402,
      ]
    }
    coordIndex [
      93, 94, 87, -1,
      87, 94, 88, -1,
      95, 93, 92, -1,
      92, 93, 87, -1,
      96, 95, 91, -1,
      91, 95, 92, -1,
      97, 96, 90, -1,
      90, 96, 91, -1,
      98, 97, 89, -1,
      89, 97, 90, -1,
      94, 98, 88, -1,
      88, 98, 89, -1,
      96, 97, 95, -1,
      95, 97, 98, -1,
      95, 98, 93, -1,
      93, 98, 94, -1,
      99, 100, 3, -1,
      3, 100, 67, -1,
      3, 2, 99, -1,
      99, 2, 26, -1,
      99, 26, 101, -1,
      101, 26, 30, -1,
      101, 30, 102, -1,
      103, 102, 29, -1,
      29, 102, 30, -1,
      103, 29, 28, -1,
      103, 28, 104, -1,
      104, 28, 27, -1,
      104, 27, 105, -1,
      105, 27, 39, -1,
      105, 39, 106, -1,
      106, 39, 38, -1,
      106, 38, 107, -1,
      107, 38, 37, -1,
      107, 37, 108, -1,
      108, 37, 36, -1,
      108, 36, 109, -1,
      109, 36, 35, -1,
      109, 35, 110, -1,
      110, 35, 34, -1,
      110, 34, 111, -1,
      111, 34, 48, -1,
      111, 48, 112, -1,
      112, 48, 47, -1,
      112, 47, 113, -1,
      113, 47, 33, -1,
      113, 33, 114, -1,
      114, 33, 45, -1,
      114, 45, 115, -1,
      115, 45, 41, -1,
      115, 41, 116, -1,
      116, 41, 40, -1,
      116, 40, 117, -1,
      117, 40, 42, -1,
      117, 42, 118, -1,
      118, 42, 43, -1,
      118, 43, 119, -1,
      119, 43, 44, -1,
      119, 44, 120, -1,
      120, 44, 32, -1,
      120, 32, 121, -1,
      121, 32, 31, -1,
      121, 31, 122, -1,
      122, 31, 46, -1,
      122, 46, 123, -1,
      123, 46, 25, -1,
      123, 25, 124, -1,
      125, 124, 21, -1,
      21, 124, 25, -1,
      49, 126, 127, -1,
      125, 21, 22, -1,
      125, 22, 128, -1,
      128, 22, 23, -1,
      128, 23, 127, -1,
      127, 23, 50, -1,
      127, 50, 49, -1,
      126, 49, 1, -1,
      126, 1, 129, -1,
      1, 0, 129, -1,
      129, 0, 54, -1,
      129, 54, 130, -1,
      130, 54, 53, -1,
      130, 53, 131, -1,
      131, 53, 52, -1,
      131, 52, 132, -1,
      132, 52, 51, -1,
      132, 51, 133, -1,
      133, 51, 60, -1,
      133, 60, 134, -1,
      60, 59, 134, -1,
      134, 59, 58, -1,
      134, 58, 135, -1,
      135, 58, 57, -1,
      135, 57, 136, -1,
      63, 137, 138, -1,
      136, 57, 56, -1,
      136, 56, 139, -1,
      139, 56, 55, -1,
      139, 55, 138, -1,
      138, 55, 64, -1,
      138, 64, 63, -1,
      61, 140, 62, -1,
      62, 140, 137, -1,
      62, 137, 63, -1,
      65, 141, 61, -1,
      61, 141, 142, -1,
      61, 142, 140, -1,
      65, 66, 141, -1,
      141, 66, 67, -1,
      141, 67, 100, -1,
      123, 124, 125, -1,
      118, 131, 117, -1,
      117, 131, 132, -1,
      117, 132, 116, -1,
      116, 132, 133, -1,
      116, 133, 115, -1,
      123, 125, 122, -1,
      122, 125, 128, -1,
      122, 128, 121, -1,
      121, 128, 127, -1,
      121, 127, 120, -1,
      120, 127, 126, -1,
      120, 126, 119, -1,
      119, 126, 129, -1,
      119, 129, 118, -1,
      118, 129, 130, -1,
      118, 130, 131, -1,
      136, 114, 135, -1,
      135, 114, 115, -1,
      135, 115, 134, -1,
      134, 115, 133, -1,
      102, 103, 101, -1,
      101, 103, 104, -1,
      101, 104, 99, -1,
      99, 104, 105, -1,
      99, 105, 100, -1,
      100, 105, 106, -1,
      100, 106, 141, -1,
      141, 106, 107, -1,
      141, 107, 142, -1,
      142, 107, 108, -1,
      142, 108, 140, -1,
      140, 108, 109, -1,
      140, 109, 137, -1,
      137, 109, 110, -1,
      137, 110, 138, -1,
      138, 110, 111, -1,
      138, 111, 139, -1,
      139, 111, 112, -1,
      139, 112, 136, -1,
      136, 112, 113, -1,
      136, 113, 114, -1,
      143, 144, 11, -1,
      11, 144, 12, -1,
      7, 145, 6, -1,
      6, 145, 143, -1,
      6, 143, 11, -1,
      146, 145, 5, -1,
      5, 145, 7, -1,
      13, 147, 4, -1,
      4, 147, 146, -1,
      4, 146, 5, -1,
      148, 147, 14, -1,
      14, 147, 13, -1,
      18, 149, 15, -1,
      15, 149, 148, -1,
      15, 148, 14, -1,
      150, 149, 17, -1,
      17, 149, 18, -1,
      10, 151, 16, -1,
      16, 151, 150, -1,
      16, 150, 17, -1,
      152, 151, 8, -1,
      8, 151, 10, -1,
      19, 153, 9, -1,
      9, 153, 152, -1,
      9, 152, 8, -1,
      154, 153, 20, -1,
      20, 153, 19, -1,
      12, 144, 24, -1,
      24, 144, 154, -1,
      24, 154, 20, -1,
      154, 144, 143, -1,
      143, 145, 154, -1,
      154, 145, 146, -1,
      154, 146, 153, -1,
      151, 152, 150, -1,
      150, 152, 153, -1,
      150, 153, 149, -1,
      149, 153, 146, -1,
      149, 146, 148, -1,
      148, 146, 147, -1,
      155, 156, 157, -1,
      157, 156, 158, -1,
      157, 158, 159, -1,
      159, 158, 160, -1,
      159, 160, 161, -1,
      161, 160, 162, -1,
      161, 162, 163, -1,
      163, 162, 164, -1,
      163, 164, 165, -1,
      165, 164, 166, -1,
      165, 166, 167, -1,
      167, 166, 168, -1,
      167, 168, 169, -1,
      169, 168, 170, -1,
      169, 170, 171, -1,
      171, 170, 172, -1,
      171, 172, 173, -1,
      173, 172, 174, -1,
      173, 174, 175, -1,
      175, 174, 176, -1,
      175, 176, 177, -1,
      177, 176, 178, -1,
      177, 178, 179, -1,
      179, 178, 180, -1,
      179, 180, 181, -1,
      181, 180, 182, -1,
      181, 182, 183, -1,
      183, 182, 184, -1,
      183, 184, 185, -1,
      185, 184, 186, -1,
      185, 186, 187, -1,
      187, 186, 188, -1,
      187, 188, 189, -1,
      189, 188, 155, -1,
      189, 155, 157, -1,
      163, 165, 84, -1,
      84, 165, 85, -1,
      74, 157, 159, -1,
      163, 84, 83, -1,
      163, 83, 161, -1,
      161, 83, 72, -1,
      161, 72, 159, -1,
      159, 72, 73, -1,
      159, 73, 74, -1,
      157, 74, 69, -1,
      157, 69, 189, -1,
      189, 69, 68, -1,
      189, 68, 187, -1,
      187, 68, 80, -1,
      187, 80, 185, -1,
      185, 80, 79, -1,
      185, 79, 183, -1,
      183, 79, 78, -1,
      183, 78, 181, -1,
      181, 78, 77, -1,
      181, 77, 179, -1,
      179, 77, 76, -1,
      179, 76, 177, -1,
      177, 76, 75, -1,
      177, 75, 175, -1,
      175, 75, 71, -1,
      70, 171, 71, -1,
      71, 171, 173, -1,
      71, 173, 175, -1,
      70, 82, 171, -1,
      171, 82, 81, -1,
      171, 81, 169, -1,
      167, 169, 86, -1,
      86, 169, 81, -1,
      165, 167, 85, -1,
      85, 167, 86, -1,
      170, 168, 190, -1,
      190, 168, 191, -1,
      168, 166, 191, -1,
      191, 166, 192, -1,
      166, 164, 192, -1,
      192, 164, 193, -1,
      156, 194, 195, -1,
      156, 195, 158, -1,
      158, 195, 196, -1,
      158, 196, 160, -1,
      160, 196, 197, -1,
      160, 197, 162, -1,
      162, 197, 193, -1,
      162, 193, 164, -1,
      184, 198, 199, -1,
      184, 199, 186, -1,
      186, 199, 200, -1,
      186, 200, 188, -1,
      188, 200, 201, -1,
      188, 201, 155, -1,
      155, 201, 194, -1,
      155, 194, 156, -1,
      176, 202, 203, -1,
      176, 203, 178, -1,
      178, 203, 204, -1,
      178, 204, 180, -1,
      180, 204, 205, -1,
      180, 205, 182, -1,
      182, 205, 198, -1,
      182, 198, 184, -1,
      170, 190, 206, -1,
      170, 206, 172, -1,
      172, 206, 207, -1,
      172, 207, 174, -1,
      174, 207, 202, -1,
      174, 202, 176, -1,
    ]
  }
}

Shape {
  appearance Appearance {
    material Material {
      diffuseColor 0.6471 0.6196 0.5882
      specularColor 0.4510 0.4353 0.4118
      ambientIntensity 0.2
      transparency 0.0000
      shininess 0.5
    }
  }
  geometry IndexedFaceSet {
    ccw TRUE
    solid FALSE
    coord DEF co Coordinate {
      point [
        -0.268776 -0.089447 0.287402,
        -0.273209 -0.089447 0.287402,
        -0.273209 -0.112073 0.287402,
        -0.268948 -0.112073 0.287402,
        -0.260224 -0.109012 0.287402,
        -0.260544 -0.109312 0.287402,
        -0.262431 -0.110632 0.287402,
        -0.264846 -0.111577 0.287402,
        -0.257088 -0.100475 0.287402,
        -0.257240 -0.102776 0.287402,
        -0.257875 -0.105367 0.287402,
        -0.258948 -0.107487 0.287402,
        -0.260306 -0.092208 0.287402,
        -0.259506 -0.092994 0.287402,
        -0.258364 -0.094633 0.287402,
        -0.257532 -0.096767 0.287402,
        -0.265002 -0.089863 0.287402,
        -0.262456 -0.090780 0.287402,
      ]
    }
    coordIndex [
      5, 4, 0, -1,
      1, 2, 0, -1,
      0, 2, 3, -1,
      3, 7, 0, -1,
      0, 7, 6, -1,
      0, 6, 5, -1,
      4, 11, 0, -1,
      0, 11, 10, -1,
      0, 10, 9, -1,
      9, 8, 0, -1,
      0, 8, 15, -1,
      0, 15, 14, -1,
      14, 13, 0, -1,
      0, 13, 12, -1,
      0, 12, 16, -1,
      16, 12, 17, -1,
    ]
  }
}

Shape {
  appearance Appearance {
    material Material {
      diffuseColor 0.0000 0.0000 0.0000
      specularColor 0.0000 0.0000 0.0000
      ambientIntensity 0.2
      transparency 0.0000
      shininess 0.5
    }
  }
  geometry IndexedFaceSet {
    ccw TRUE
    solid FALSE
    coord DEF co Coordinate {
      point [
        -0.232249 -0.107391 0.287402,
        -0.243018 -0.107391 0.287402,
        -0.229256 -0.115419 0.287402,
        -0.225070 -0.115419 0.287402,
        -0.236248 -0.086071 0.287402,
        -0.244470 -0.107391 0.287402,
        -0.247291 -0.115419 0.287402,
        -0.251476 -0.115419 0.287402,
        -0.243018 -0.093211 0.287402,
        -0.240299 -0.086071 0.287402,
        -0.243270 -0.104076 0.287795,
        -0.244470 -0.107391 0.287795,
        -0.233420 -0.104076 0.287795,
        -0.232249 -0.107391 0.287795,
        -0.238881 -0.091878 0.287795,
        -0.240299 -0.086071 0.287795,
        -0.251476 -0.115419 0.287795,
        -0.247291 -0.115419 0.287795,
        -0.238627 -0.091002 0.287795,
        -0.238401 -0.089822 0.287795,
        -0.236248 -0.086071 0.287795,
        -0.238311 -0.089822 0.287795,
        -0.238074 -0.091064 0.287795,
        -0.237853 -0.091878 0.287795,
        -0.225070 -0.115419 0.287795,
        -0.229256 -0.115419 0.287795,
        -0.243270 -0.104076 0.287402,
        -0.233420 -0.104076 0.287402,
        -0.237853 -0.091878 0.287402,
        -0.238311 -0.089822 0.287402,
        -0.238074 -0.091064 0.287402,
        -0.238401 -0.089822 0.287402,
        -0.238881 -0.091878 0.287402,
        -0.238627 -0.091002 0.287402,
      ]
    }
    coordIndex [
      10, 11, 12, -1,
      12, 11, 13, -1,
      14, 15, 10, -1,
      10, 15, 16, -1,
      10, 16, 11, -1,
      11, 16, 17, -1,
      14, 18, 15, -1,
      15, 18, 19, -1,
      15, 19, 20, -1,
      20, 19, 21, -1,
      20, 21, 22, -1,
      22, 23, 20, -1,
      20, 23, 12, -1,
      20, 12, 24, -1,
      24, 12, 13, -1,
      24, 13, 25, -1,
      20, 24, 4, -1,
      4, 24, 3, -1,
      15, 20, 9, -1,
      9, 20, 4, -1,
      7, 16, 8, -1,
      8, 16, 15, -1,
      8, 15, 9, -1,
      17, 16, 6, -1,
      6, 16, 7, -1,
      11, 17, 5, -1,
      5, 17, 6, -1,
      0, 13, 1, -1,
      1, 13, 11, -1,
      1, 11, 5, -1,
      25, 13, 2, -1,
      2, 13, 0, -1,
      24, 25, 3, -1,
      3, 25, 2, -1,
      10, 12, 26, -1,
      26, 12, 27, -1,
      12, 23, 27, -1,
      27, 23, 28, -1,
      21, 29, 30, -1,
      21, 30, 22, -1,
      22, 30, 28, -1,
      22, 28, 23, -1,
      21, 19, 29, -1,
      29, 19, 31, -1,
      14, 32, 33, -1,
      14, 33, 18, -1,
      18, 33, 31, -1,
      18, 31, 19, -1,
      14, 10, 32, -1,
      32, 10, 26, -1,
    ]
  }
}

Shape {
  appearance Appearance {
    material Material {
      diffuseColor 0.6471 0.6196 0.5882
      specularColor 0.4510 0.4353 0.4118
      ambientIntensity 0.2
      transparency 0.0000
      shininess 0.5
    }
  }
  geometry IndexedFaceSet {
    ccw TRUE
    solid FALSE
    coord DEF co Coordinate {
      point [
        -0.243270 -0.104076 0.287402,
        -0.233420 -0.104076 0.287402,
        -0.237853 -0.091878 0.287402,
        -0.238311 -0.089822 0.287402,
        -0.238074 -0.091064 0.287402,
        -0.238401 -0.089822 0.287402,
        -0.238881 -0.091878 0.287402,
        -0.238627 -0.091002 0.287402,
      ]
    }
    coordIndex [
      3, 5, 4, -1,
      4, 5, 7, -1,
      4, 7, 2, -1,
      2, 7, 6, -1,
      2, 6, 1, -1,
      1, 6, 0, -1,
    ]
  }
}

Shape {
  appearance Appearance {
    material Material {
      diffuseColor 0.0000 0.0000 0.0000
      specularColor 0.0000 0.0000 0.0000
      ambientIntensity 0.2
      transparency 0.0000
      shininess 0.5
    }
  }
  geometry IndexedFaceSet {
    ccw TRUE
    solid FALSE
    coord DEF co Coordinate {
      point [
        -0.313516 -0.161723 0.287402,
        -0.314901 -0.162222 0.287402,
        -0.310381 -0.161975 0.287402,
        -0.322186 -0.152127 0.287402,
        -0.321499 -0.146056 0.287402,
        -0.322941 -0.153322 0.287402,
        -0.323382 -0.154672 0.287402,
        -0.313371 -0.143654 0.287402,
        -0.314627 -0.143520 0.287402,
        -0.316593 -0.149522 0.287402,
        -0.312208 -0.160852 0.287402,
        -0.319099 -0.162215 0.287402,
        -0.320509 -0.161683 0.287402,
        -0.321115 -0.151133 0.287402,
        -0.319644 -0.150317 0.287402,
        -0.318958 -0.144460 0.287402,
        -0.316656 -0.143715 0.287402,
        -0.321499 -0.142485 0.287402,
        -0.320754 -0.142053 0.287402,
        -0.321746 -0.160820 0.287402,
        -0.322098 -0.160469 0.287402,
        -0.322876 -0.159363 0.287402,
        -0.310381 -0.158734 0.287402,
        -0.310479 -0.158734 0.287402,
        -0.311047 -0.159600 0.287402,
        -0.323339 -0.158142 0.287402,
        -0.323547 -0.156364 0.287402,
        -0.306705 -0.148487 0.287402,
        -0.307068 -0.145385 0.287402,
        -0.310381 -0.148652 0.287402,
        -0.310506 -0.147042 0.287402,
        -0.310885 -0.145727 0.287402,
        -0.311316 -0.144967 0.287402,
        -0.318023 -0.140991 0.287402,
        -0.314282 -0.140535 0.287402,
        -0.311706 -0.140814 0.287402,
        -0.310243 -0.141331 0.287402,
        -0.309080 -0.142073 0.287402,
        -0.311870 -0.144375 0.287402,
        -0.312521 -0.143953 0.287402,
        -0.307674 -0.143813 0.287402,
        -0.308453 -0.142680 0.287402,
        -0.315007 -0.162261 0.287402,
        -0.316900 -0.162470 0.287402,
        -0.319032 -0.162222 0.287402,
        -0.306705 -0.161975 0.287402,
        -0.342849 -0.161975 0.287402,
        -0.327065 -0.161975 0.287402,
        -0.327065 -0.158629 0.287402,
        -0.327733 -0.136004 0.287402,
        -0.342849 -0.132628 0.287402,
        -0.327733 -0.132628 0.287402,
        -0.339061 -0.148757 0.287402,
        -0.339061 -0.158629 0.287402,
        -0.328566 -0.148757 0.287402,
        -0.328566 -0.145396 0.287402,
        -0.339061 -0.145396 0.287402,
        -0.339061 -0.136004 0.287402,
        -0.327065 -0.158629 0.287795,
        -0.327065 -0.161975 0.287795,
        -0.339061 -0.158629 0.287795,
        -0.339061 -0.148757 0.287795,
        -0.328566 -0.148757 0.287795,
        -0.328566 -0.145396 0.287795,
        -0.339061 -0.145396 0.287795,
        -0.339061 -0.136004 0.287795,
        -0.327733 -0.136004 0.287795,
        -0.327733 -0.132628 0.287795,
        -0.342849 -0.132628 0.287795,
        -0.342849 -0.161975 0.287795,
        -0.310381 -0.161975 0.287795,
        -0.306705 -0.161975 0.287795,
        -0.310381 -0.158734 0.287795,
        -0.306705 -0.148487 0.287795,
        -0.310381 -0.148652 0.287795,
        -0.318414 -0.153071 0.287795,
        -0.317576 -0.152658 0.287795,
        -0.310479 -0.158734 0.287795,
        -0.312415 -0.158192 0.287795,
        -0.311047 -0.159600 0.287795,
        -0.313453 -0.158894 0.287795,
        -0.315287 -0.152118 0.287795,
        -0.310381 -0.151457 0.287795,
        -0.310381 -0.153468 0.287795,
        -0.310385 -0.153712 0.287795,
        -0.310621 -0.155352 0.287795,
        -0.311161 -0.156663 0.287795,
        -0.311957 -0.157744 0.287795,
        -0.311706 -0.140814 0.287795,
        -0.312521 -0.143953 0.287795,
        -0.310243 -0.141331 0.287795,
        -0.311870 -0.144375 0.287795,
        -0.310506 -0.147042 0.287795,
        -0.307068 -0.145385 0.287795,
        -0.310885 -0.145727 0.287795,
        -0.307674 -0.143813 0.287795,
        -0.311316 -0.144967 0.287795,
        -0.308453 -0.142680 0.287795,
        -0.309080 -0.142073 0.287795,
        -0.321499 -0.142485 0.287795,
        -0.321499 -0.146056 0.287795,
        -0.320754 -0.142053 0.287795,
        -0.318958 -0.144460 0.287795,
        -0.318023 -0.140991 0.287795,
        -0.316656 -0.143715 0.287795,
        -0.314282 -0.140535 0.287795,
        -0.314627 -0.143520 0.287795,
        -0.313371 -0.143654 0.287795,
        -0.319066 -0.158195 0.287795,
        -0.321746 -0.160820 0.287795,
        -0.318753 -0.158509 0.287795,
        -0.320509 -0.161683 0.287795,
        -0.318021 -0.159009 0.287795,
        -0.319099 -0.162215 0.287795,
        -0.317189 -0.159315 0.287795,
        -0.316900 -0.162470 0.287795,
        -0.315948 -0.159454 0.287795,
        -0.315007 -0.162261 0.287795,
        -0.314568 -0.159300 0.287795,
        -0.313516 -0.161723 0.287795,
        -0.312208 -0.160852 0.287795,
        -0.316593 -0.149522 0.287795,
        -0.319644 -0.150317 0.287795,
        -0.318843 -0.153408 0.287795,
        -0.321115 -0.151133 0.287795,
        -0.319283 -0.153953 0.287795,
        -0.322186 -0.152127 0.287795,
        -0.319606 -0.154638 0.287795,
        -0.322941 -0.153322 0.287795,
        -0.319787 -0.155480 0.287795,
        -0.323382 -0.154672 0.287795,
        -0.319819 -0.156064 0.287795,
        -0.323547 -0.156364 0.287795,
        -0.319725 -0.156907 0.287795,
        -0.323339 -0.158142 0.287795,
        -0.319483 -0.157575 0.287795,
        -0.322876 -0.159363 0.287795,
        -0.322098 -0.160469 0.287795,
        -0.318843 -0.153408 0.287402,
        -0.318414 -0.153071 0.287402,
        -0.317576 -0.152658 0.287402,
        -0.315287 -0.152118 0.287402,
        -0.319819 -0.156064 0.287402,
        -0.319787 -0.155480 0.287402,
        -0.319606 -0.154638 0.287402,
        -0.319283 -0.153953 0.287402,
        -0.318753 -0.158509 0.287402,
        -0.319066 -0.158195 0.287402,
        -0.319483 -0.157575 0.287402,
        -0.319725 -0.156907 0.287402,
        -0.315948 -0.159454 0.287402,
        -0.317189 -0.159315 0.287402,
        -0.318021 -0.159009 0.287402,
        -0.311957 -0.157744 0.287402,
        -0.312415 -0.158192 0.287402,
        -0.313453 -0.158894 0.287402,
        -0.314568 -0.159300 0.287402,
        -0.310381 -0.153468 0.287402,
        -0.310385 -0.153712 0.287402,
        -0.310621 -0.155352 0.287402,
        -0.311161 -0.156663 0.287402,
        -0.310381 -0.151457 0.287402,
      ]
    }
    coordIndex [
      58, 59, 48, -1,
      48, 59, 47, -1,
      60, 58, 53, -1,
      53, 58, 48, -1,
      61, 60, 52, -1,
      52, 60, 53, -1,
      62, 61, 54, -1,
      54, 61, 52, -1,
      63, 62, 55, -1,
      55, 62, 54, -1,
      64, 63, 56, -1,
      56, 63, 55, -1,
      65, 64, 57, -1,
      57, 64, 56, -1,
      66, 65, 49, -1,
      49, 65, 57, -1,
      67, 66, 51, -1,
      51, 66, 49, -1,
      68, 67, 50, -1,
      50, 67, 51, -1,
      69, 68, 46, -1,
      46, 68, 50, -1,
      59, 69, 47, -1,
      47, 69, 46, -1,
      69, 59, 58, -1,
      58, 60, 69, -1,
      69, 60, 61, -1,
      69, 61, 68, -1,
      66, 67, 65, -1,
      65, 67, 68, -1,
      65, 68, 64, -1,
      64, 68, 61, -1,
      64, 61, 63, -1,
      63, 61, 62, -1,
      70, 71, 72, -1,
      72, 71, 73, -1,
      74, 75, 76, -1,
      77, 78, 79, -1,
      79, 78, 80, -1,
      81, 82, 73, -1,
      73, 82, 83, -1,
      83, 84, 73, -1,
      73, 84, 85, -1,
      73, 85, 72, -1,
      72, 85, 86, -1,
      72, 86, 77, -1,
      77, 86, 87, -1,
      77, 87, 78, -1,
      88, 89, 90, -1,
      90, 89, 91, -1,
      76, 81, 74, -1,
      74, 81, 73, -1,
      74, 73, 92, -1,
      92, 73, 93, -1,
      92, 93, 94, -1,
      94, 93, 95, -1,
      94, 95, 96, -1,
      96, 95, 97, -1,
      96, 97, 91, -1,
      91, 97, 98, -1,
      91, 98, 90, -1,
      99, 100, 101, -1,
      101, 100, 102, -1,
      101, 102, 103, -1,
      103, 102, 104, -1,
      103, 104, 105, -1,
      105, 104, 106, -1,
      105, 106, 88, -1,
      88, 106, 107, -1,
      88, 107, 89, -1,
      108, 109, 110, -1,
      110, 109, 111, -1,
      110, 111, 112, -1,
      112, 111, 113, -1,
      112, 113, 114, -1,
      114, 113, 115, -1,
      114, 115, 116, -1,
      116, 115, 117, -1,
      116, 117, 118, -1,
      118, 117, 119, -1,
      118, 119, 80, -1,
      80, 119, 120, -1,
      80, 120, 79, -1,
      74, 121, 75, -1,
      75, 121, 122, -1,
      75, 122, 123, -1,
      123, 122, 124, -1,
      123, 124, 125, -1,
      125, 124, 126, -1,
      125, 126, 127, -1,
      127, 126, 128, -1,
      127, 128, 129, -1,
      129, 128, 130, -1,
      129, 130, 131, -1,
      131, 130, 132, -1,
      131, 132, 133, -1,
      133, 132, 134, -1,
      133, 134, 135, -1,
      135, 134, 136, -1,
      135, 136, 108, -1,
      108, 136, 137, -1,
      108, 137, 109, -1,
      105, 34, 33, -1,
      105, 33, 103, -1,
      103, 33, 18, -1,
      103, 18, 101, -1,
      101, 18, 17, -1,
      101, 17, 99, -1,
      100, 99, 4, -1,
      4, 99, 17, -1,
      100, 4, 15, -1,
      100, 15, 102, -1,
      102, 15, 16, -1,
      102, 16, 104, -1,
      104, 16, 8, -1,
      104, 8, 106, -1,
      106, 8, 7, -1,
      106, 7, 107, -1,
      107, 7, 39, -1,
      107, 39, 89, -1,
      89, 39, 38, -1,
      89, 38, 91, -1,
      91, 38, 32, -1,
      91, 32, 96, -1,
      96, 32, 31, -1,
      96, 31, 94, -1,
      94, 31, 30, -1,
      94, 30, 92, -1,
      92, 30, 29, -1,
      92, 29, 74, -1,
      121, 74, 9, -1,
      9, 74, 29, -1,
      121, 9, 14, -1,
      121, 14, 122, -1,
      122, 14, 13, -1,
      122, 13, 124, -1,
      124, 13, 3, -1,
      124, 3, 126, -1,
      126, 3, 5, -1,
      126, 5, 128, -1,
      128, 5, 6, -1,
      128, 6, 130, -1,
      130, 6, 26, -1,
      130, 26, 132, -1,
      132, 26, 25, -1,
      132, 25, 134, -1,
      134, 25, 21, -1,
      134, 21, 136, -1,
      136, 21, 20, -1,
      136, 20, 137, -1,
      137, 20, 19, -1,
      137, 19, 109, -1,
      43, 115, 44, -1,
      44, 115, 113, -1,
      44, 113, 11, -1,
      11, 113, 111, -1,
      11, 111, 12, -1,
      12, 111, 109, -1,
      12, 109, 19, -1,
      115, 43, 42, -1,
      115, 42, 117, -1,
      117, 42, 1, -1,
      117, 1, 119, -1,
      1, 0, 119, -1,
      119, 0, 10, -1,
      119, 10, 120, -1,
      120, 10, 24, -1,
      120, 24, 79, -1,
      79, 24, 23, -1,
      79, 23, 77, -1,
      72, 77, 22, -1,
      22, 77, 23, -1,
      70, 72, 2, -1,
      2, 72, 22, -1,
      71, 70, 45, -1,
      45, 70, 2, -1,
      73, 71, 27, -1,
      27, 71, 45, -1,
      73, 27, 28, -1,
      73, 28, 93, -1,
      93, 28, 40, -1,
      93, 40, 95, -1,
      95, 40, 41, -1,
      95, 41, 97, -1,
      97, 41, 37, -1,
      97, 37, 98, -1,
      98, 37, 36, -1,
      98, 36, 90, -1,
      90, 36, 35, -1,
      90, 35, 88, -1,
      88, 35, 34, -1,
      88, 34, 105, -1,
      123, 138, 139, -1,
      123, 139, 75, -1,
      75, 139, 140, -1,
      75, 140, 76, -1,
      76, 140, 141, -1,
      76, 141, 81, -1,
      131, 142, 143, -1,
      131, 143, 129, -1,
      129, 143, 144, -1,
      129, 144, 127, -1,
      127, 144, 145, -1,
      127, 145, 125, -1,
      125, 145, 138, -1,
      125, 138, 123, -1,
      110, 146, 147, -1,
      110, 147, 108, -1,
      108, 147, 148, -1,
      108, 148, 135, -1,
      135, 148, 149, -1,
      135, 149, 133, -1,
      133, 149, 142, -1,
      133, 142, 131, -1,
      116, 150, 151, -1,
      116, 151, 114, -1,
      114, 151, 152, -1,
      114, 152, 112, -1,
      112, 152, 146, -1,
      112, 146, 110, -1,
      87, 153, 154, -1,
      87, 154, 78, -1,
      78, 154, 155, -1,
      78, 155, 80, -1,
      80, 155, 156, -1,
      80, 156, 118, -1,
      118, 156, 150, -1,
      118, 150, 116, -1,
      83, 157, 158, -1,
      83, 158, 84, -1,
      84, 158, 159, -1,
      84, 159, 85, -1,
      85, 159, 160, -1,
      85, 160, 86, -1,
      86, 160, 153, -1,
      86, 153, 87, -1,
      83, 82, 157, -1,
      157, 82, 161, -1,
      82, 81, 161, -1,
      161, 81, 141, -1,
    ]
  }
}

Shape {
  appearance Appearance {
    material Material {
      diffuseColor 0.6471 0.6196 0.5882
      specularColor 0.4510 0.4353 0.4118
      ambientIntensity 0.2
      transparency 0.0000
      shininess 0.5
    }
  }
  geometry IndexedFaceSet {
    ccw TRUE
    solid FALSE
    coord DEF co Coordinate {
      point [
        -0.318843 -0.153408 0.287402,
        -0.318414 -0.153071 0.287402,
        -0.317576 -0.152658 0.287402,
        -0.315287 -0.152118 0.287402,
        -0.319819 -0.156064 0.287402,
        -0.319787 -0.155480 0.287402,
        -0.319606 -0.154638 0.287402,
        -0.319283 -0.153953 0.287402,
        -0.318753 -0.158509 0.287402,
        -0.319066 -0.158195 0.287402,
        -0.319483 -0.157575 0.287402,
        -0.319725 -0.156907 0.287402,
        -0.315948 -0.159454 0.287402,
        -0.317189 -0.159315 0.287402,
        -0.318021 -0.159009 0.287402,
        -0.311957 -0.157744 0.287402,
        -0.312415 -0.158192 0.287402,
        -0.313453 -0.158894 0.287402,
        -0.314568 -0.159300 0.287402,
        -0.310381 -0.153468 0.287402,
        -0.310385 -0.153712 0.287402,
        -0.310621 -0.155352 0.287402,
        -0.311161 -0.156663 0.287402,
        -0.310381 -0.151457 0.287402,
      ]
    }
    coordIndex [
      20, 19, 0, -1,
      19, 23, 3, -1,
      3, 2, 19, -1,
      19, 2, 1, -1,
      19, 1, 0, -1,
      20, 0, 21, -1,
      21, 0, 7, -1,
      21, 7, 22, -1,
      9, 8, 16, -1,
      9, 16, 10, -1,
      17, 16, 18, -1,
      18, 16, 12, -1,
      7, 6, 22, -1,
      22, 6, 5, -1,
      22, 5, 15, -1,
      15, 5, 4, -1,
      15, 4, 16, -1,
      16, 4, 11, -1,
      16, 11, 10, -1,
      8, 14, 16, -1,
      16, 14, 13, -1,
      16, 13, 12, -1,
    ]
  }
}

Shape {
  appearance Appearance {
    material Material {
      diffuseColor 0.0000 0.0000 0.0000
      specularColor 0.0000 0.0000 0.0000
      ambientIntensity 0.2
      transparency 0.0000
      shininess 0.5
    }
  }
  geometry IndexedFaceSet {
    ccw TRUE
    solid FALSE
    coord DEF co Coordinate {
      point [
        -0.292707 -0.162073 0.287402,
        -0.293961 -0.162222 0.287402,
        -0.300659 -0.149987 0.287402,
        -0.301135 -0.149228 0.287402,
        -0.301542 -0.148106 0.287402,
        -0.301702 -0.146671 0.287402,
        -0.300057 -0.150616 0.287402,
        -0.301724 -0.157444 0.287402,
        -0.300025 -0.150637 0.287402,
        -0.300402 -0.158272 0.287402,
        -0.300025 -0.158419 0.287402,
        -0.300443 -0.143188 0.287402,
        -0.301558 -0.145365 0.287402,
        -0.301123 -0.144181 0.287402,
        -0.301724 -0.161240 0.287402,
        -0.300025 -0.161837 0.287402,
        -0.299143 -0.162147 0.287402,
        -0.298416 -0.162222 0.287402,
        -0.296038 -0.162470 0.287402,
        -0.288573 -0.141465 0.287402,
        -0.288573 -0.145036 0.287402,
        -0.299346 -0.142200 0.287402,
        -0.298447 -0.141647 0.287402,
        -0.300025 -0.142811 0.287402,
        -0.287742 -0.157746 0.287402,
        -0.288192 -0.158911 0.287402,
        -0.288876 -0.159881 0.287402,
        -0.296478 -0.140887 0.287402,
        -0.293539 -0.140535 0.287402,
        -0.290961 -0.140763 0.287402,
        -0.288798 -0.152808 0.287402,
        -0.288115 -0.153816 0.287402,
        -0.287721 -0.154899 0.287402,
        -0.287568 -0.156274 0.287402,
        -0.289931 -0.160805 0.287402,
        -0.290777 -0.161326 0.287402,
        -0.293900 -0.143520 0.287402,
        -0.294988 -0.143602 0.287402,
        -0.297913 -0.146341 0.287402,
        -0.295971 -0.143862 0.287402,
        -0.296795 -0.144301 0.287402,
        -0.297880 -0.146830 0.287402,
        -0.297734 -0.147401 0.287402,
        -0.297469 -0.147897 0.287402,
        -0.297110 -0.148292 0.287402,
        -0.295815 -0.149102 0.287402,
        -0.291334 -0.143832 0.287402,
        -0.293539 -0.150092 0.287402,
        -0.289254 -0.144637 0.287402,
        -0.292116 -0.150668 0.287402,
        -0.289675 -0.152026 0.287402,
        -0.297350 -0.144791 0.287402,
        -0.297665 -0.145259 0.287402,
        -0.297846 -0.145755 0.287402,
        -0.298103 -0.159170 0.287402,
        -0.296135 -0.152763 0.287402,
        -0.298326 -0.151758 0.287402,
        -0.295678 -0.159469 0.287402,
        -0.295515 -0.159469 0.287402,
        -0.293721 -0.153774 0.287402,
        -0.293631 -0.159257 0.287402,
        -0.291341 -0.156634 0.287402,
        -0.291378 -0.156176 0.287402,
        -0.292682 -0.158910 0.287402,
        -0.292347 -0.158707 0.287402,
        -0.291925 -0.158332 0.287402,
        -0.291604 -0.157858 0.287402,
        -0.291418 -0.157335 0.287402,
        -0.291544 -0.155602 0.287402,
        -0.291829 -0.155115 0.287402,
        -0.292287 -0.154638 0.287402,
        -0.269346 -0.141015 0.287402,
        -0.265535 -0.141015 0.287402,
        -0.276068 -0.156769 0.287402,
        -0.275618 -0.158494 0.287402,
        -0.275520 -0.158494 0.287402,
        -0.279770 -0.146119 0.287402,
        -0.275070 -0.156799 0.287402,
        -0.275351 -0.157776 0.287402,
        -0.279770 -0.155986 0.287402,
        -0.285655 -0.141015 0.287402,
        -0.281544 -0.141015 0.287402,
        -0.277433 -0.161930 0.287402,
        -0.277557 -0.162222 0.287402,
        -0.279046 -0.165741 0.287402,
        -0.284897 -0.171548 0.287402,
        -0.284897 -0.168277 0.287402,
        -0.284145 -0.168523 0.287402,
        -0.282812 -0.168697 0.287402,
        -0.282707 -0.168695 0.287402,
        -0.281826 -0.168572 0.287402,
        -0.281032 -0.168245 0.287402,
        -0.280477 -0.167852 0.287402,
        -0.279792 -0.167098 0.287402,
        -0.279770 -0.167057 0.287402,
        -0.279770 -0.171180 0.287402,
        -0.280904 -0.171642 0.287402,
        -0.282527 -0.171848 0.287402,
        -0.283338 -0.171819 0.287402,
        -0.273897 -0.162222 0.287402,
        -0.275047 -0.165141 0.287402,
        -0.276732 -0.168411 0.287402,
        -0.278244 -0.170171 0.287402,
        -0.279467 -0.171056 0.287402,
        -0.252291 -0.148757 0.287402,
        -0.257786 -0.148757 0.287402,
        -0.252291 -0.158629 0.287402,
        -0.257786 -0.158629 0.287402,
        -0.246458 -0.132628 0.287402,
        -0.246458 -0.136004 0.287402,
        -0.245790 -0.158629 0.287402,
        -0.245790 -0.161975 0.287402,
        -0.247291 -0.148757 0.287402,
        -0.247291 -0.145396 0.287402,
        -0.252291 -0.145396 0.287402,
        -0.252291 -0.136004 0.287402,
        -0.257786 -0.136004 0.287402,
        -0.257786 -0.145396 0.287402,
        -0.252291 -0.161975 0.287402,
        -0.261574 -0.161975 0.287402,
        -0.261574 -0.132628 0.287402,
        -0.252291 -0.132628 0.287402,
        -0.217150 -0.152227 0.287402,
        -0.216441 -0.148791 0.287402,
        -0.216353 -0.146926 0.287402,
        -0.216848 -0.142860 0.287402,
        -0.218595 -0.155263 0.287402,
        -0.220779 -0.157864 0.287402,
        -0.223821 -0.160049 0.287402,
        -0.240246 -0.132628 0.287402,
        -0.240246 -0.161975 0.287402,
        -0.232174 -0.161975 0.287402,
        -0.227161 -0.161361 0.287402,
        -0.220779 -0.136514 0.287402,
        -0.219758 -0.137511 0.287402,
        -0.217938 -0.140065 0.287402,
        -0.231874 -0.132628 0.287402,
        -0.227394 -0.133122 0.287402,
        -0.223852 -0.134416 0.287402,
        -0.295678 -0.159469 0.287795,
        -0.300402 -0.158272 0.287795,
        -0.298103 -0.159170 0.287795,
        -0.301724 -0.157444 0.287795,
        -0.301724 -0.161240 0.287795,
        -0.299143 -0.162147 0.287795,
        -0.296038 -0.162470 0.287795,
        -0.292707 -0.162073 0.287795,
        -0.290777 -0.161326 0.287795,
        -0.289931 -0.160805 0.287795,
        -0.288876 -0.159881 0.287795,
        -0.288192 -0.158911 0.287795,
        -0.287742 -0.157746 0.287795,
        -0.287568 -0.156274 0.287795,
        -0.287721 -0.154899 0.287795,
        -0.288115 -0.153816 0.287795,
        -0.288798 -0.152808 0.287795,
        -0.289675 -0.152026 0.287795,
        -0.292116 -0.150668 0.287795,
        -0.293539 -0.150092 0.287795,
        -0.295815 -0.149102 0.287795,
        -0.297110 -0.148292 0.287795,
        -0.297469 -0.147897 0.287795,
        -0.297734 -0.147401 0.287795,
        -0.297880 -0.146830 0.287795,
        -0.297913 -0.146341 0.287795,
        -0.297846 -0.145755 0.287795,
        -0.297665 -0.145259 0.287795,
        -0.297350 -0.144791 0.287795,
        -0.296795 -0.144301 0.287795,
        -0.295971 -0.143862 0.287795,
        -0.294988 -0.143602 0.287795,
        -0.293900 -0.143520 0.287795,
        -0.291334 -0.143832 0.287795,
        -0.289254 -0.144637 0.287795,
        -0.288573 -0.145036 0.287795,
        -0.288573 -0.141465 0.287795,
        -0.290961 -0.140763 0.287795,
        -0.293539 -0.140535 0.287795,
        -0.296478 -0.140887 0.287795,
        -0.298447 -0.141647 0.287795,
        -0.299346 -0.142200 0.287795,
        -0.300443 -0.143188 0.287795,
        -0.301123 -0.144181 0.287795,
        -0.301558 -0.145365 0.287795,
        -0.301702 -0.146671 0.287795,
        -0.301542 -0.148106 0.287795,
        -0.301135 -0.149228 0.287795,
        -0.300659 -0.149987 0.287795,
        -0.296135 -0.152763 0.287795,
        -0.298326 -0.151758 0.287795,
        -0.300057 -0.150616 0.287795,
        -0.293721 -0.153774 0.287795,
        -0.292287 -0.154638 0.287795,
        -0.291829 -0.155115 0.287795,
        -0.291544 -0.155602 0.287795,
        -0.291378 -0.156176 0.287795,
        -0.291341 -0.156634 0.287795,
        -0.291418 -0.157335 0.287795,
        -0.291604 -0.157858 0.287795,
        -0.291925 -0.158332 0.287795,
        -0.292347 -0.158707 0.287795,
        -0.292682 -0.158910 0.287795,
        -0.293631 -0.159257 0.287795,
        -0.295515 -0.159469 0.287795,
        -0.269346 -0.141015 0.287795,
        -0.265535 -0.141015 0.287795,
        -0.275070 -0.156799 0.287795,
        -0.275351 -0.157776 0.287795,
        -0.275520 -0.158494 0.287795,
        -0.275618 -0.158494 0.287795,
        -0.276068 -0.156769 0.287795,
        -0.281544 -0.141015 0.287795,
        -0.285655 -0.141015 0.287795,
        -0.277433 -0.161930 0.287795,
        -0.279046 -0.165741 0.287795,
        -0.279792 -0.167098 0.287795,
        -0.280477 -0.167852 0.287795,
        -0.281032 -0.168245 0.287795,
        -0.281826 -0.168572 0.287795,
        -0.282707 -0.168695 0.287795,
        -0.282812 -0.168697 0.287795,
        -0.284145 -0.168523 0.287795,
        -0.284897 -0.168277 0.287795,
        -0.284897 -0.171548 0.287795,
        -0.283338 -0.171819 0.287795,
        -0.282527 -0.171848 0.287795,
        -0.279467 -0.171056 0.287795,
        -0.280904 -0.171642 0.287795,
        -0.278244 -0.170171 0.287795,
        -0.276732 -0.168411 0.287795,
        -0.275047 -0.165141 0.287795,
        -0.245790 -0.158629 0.287795,
        -0.245790 -0.161975 0.287795,
        -0.257786 -0.158629 0.287795,
        -0.257786 -0.148757 0.287795,
        -0.247291 -0.148757 0.287795,
        -0.247291 -0.145396 0.287795,
        -0.257786 -0.145396 0.287795,
        -0.257786 -0.136004 0.287795,
        -0.246458 -0.136004 0.287795,
        -0.246458 -0.132628 0.287795,
        -0.261574 -0.132628 0.287795,
        -0.261574 -0.161975 0.287795,
        -0.222196 -0.154043 0.287795,
        -0.223472 -0.155569 0.287795,
        -0.220779 -0.157864 0.287795,
        -0.223793 -0.155869 0.287795,
        -0.223821 -0.160049 0.287795,
        -0.225680 -0.157189 0.287795,
        -0.227161 -0.161361 0.287795,
        -0.228094 -0.158134 0.287795,
        -0.232174 -0.161975 0.287795,
        -0.232197 -0.158629 0.287795,
        -0.240246 -0.161975 0.287795,
        -0.236458 -0.158629 0.287795,
        -0.240246 -0.132628 0.287795,
        -0.236458 -0.136004 0.287795,
        -0.231874 -0.132628 0.287795,
        -0.232024 -0.136004 0.287795,
        -0.227394 -0.133122 0.287795,
        -0.228251 -0.136419 0.287795,
        -0.223852 -0.134416 0.287795,
        -0.225704 -0.137337 0.287795,
        -0.220779 -0.136514 0.287795,
        -0.223555 -0.138764 0.287795,
        -0.219758 -0.137511 0.287795,
        -0.222755 -0.139550 0.287795,
        -0.217938 -0.140065 0.287795,
        -0.221613 -0.141190 0.287795,
        -0.216848 -0.142860 0.287795,
        -0.220781 -0.143323 0.287795,
        -0.216353 -0.146926 0.287795,
        -0.220336 -0.147031 0.287795,
        -0.216441 -0.148791 0.287795,
        -0.220488 -0.149332 0.287795,
        -0.217150 -0.152227 0.287795,
        -0.221123 -0.151924 0.287795,
        -0.218595 -0.155263 0.287795,
        -0.232024 -0.136004 0.287402,
        -0.236458 -0.136004 0.287402,
        -0.236458 -0.158629 0.287402,
        -0.232197 -0.158629 0.287402,
        -0.223472 -0.155569 0.287402,
        -0.223793 -0.155869 0.287402,
        -0.225680 -0.157189 0.287402,
        -0.228094 -0.158134 0.287402,
        -0.220336 -0.147031 0.287402,
        -0.220488 -0.149332 0.287402,
        -0.221123 -0.151924 0.287402,
        -0.222196 -0.154043 0.287402,
        -0.223555 -0.138764 0.287402,
        -0.222755 -0.139550 0.287402,
        -0.221613 -0.141190 0.287402,
        -0.220781 -0.143323 0.287402,
        -0.228251 -0.136419 0.287402,
        -0.225704 -0.137337 0.287402,
      ]
    }
    coordIndex [
      139, 57, 54, -1,
      10, 140, 54, -1,
      54, 140, 141, -1,
      54, 141, 139, -1,
      10, 9, 140, -1,
      140, 9, 7, -1,
      140, 7, 142, -1,
      143, 142, 14, -1,
      14, 142, 7, -1,
      143, 14, 144, -1,
      144, 14, 15, -1,
      18, 145, 17, -1,
      17, 145, 144, -1,
      17, 144, 16, -1,
      16, 144, 15, -1,
      146, 145, 1, -1,
      1, 145, 18, -1,
      1, 0, 146, -1,
      146, 0, 35, -1,
      146, 35, 147, -1,
      147, 35, 34, -1,
      147, 34, 148, -1,
      148, 34, 26, -1,
      148, 26, 149, -1,
      149, 26, 25, -1,
      149, 25, 150, -1,
      150, 25, 24, -1,
      150, 24, 151, -1,
      151, 24, 33, -1,
      151, 33, 152, -1,
      152, 33, 32, -1,
      152, 32, 153, -1,
      153, 32, 31, -1,
      153, 31, 154, -1,
      154, 31, 30, -1,
      154, 30, 155, -1,
      155, 30, 50, -1,
      155, 50, 156, -1,
      156, 50, 49, -1,
      156, 49, 157, -1,
      157, 49, 47, -1,
      157, 47, 158, -1,
      158, 47, 45, -1,
      158, 45, 159, -1,
      159, 45, 44, -1,
      159, 44, 160, -1,
      160, 44, 43, -1,
      160, 43, 161, -1,
      161, 43, 42, -1,
      161, 42, 162, -1,
      162, 42, 41, -1,
      162, 41, 163, -1,
      163, 41, 38, -1,
      163, 38, 164, -1,
      164, 38, 53, -1,
      164, 53, 165, -1,
      165, 53, 52, -1,
      165, 52, 166, -1,
      166, 52, 51, -1,
      166, 51, 167, -1,
      167, 51, 40, -1,
      167, 40, 168, -1,
      168, 40, 39, -1,
      168, 39, 169, -1,
      169, 39, 37, -1,
      169, 37, 170, -1,
      170, 37, 36, -1,
      170, 36, 171, -1,
      171, 36, 46, -1,
      171, 46, 172, -1,
      172, 46, 48, -1,
      172, 48, 173, -1,
      173, 48, 20, -1,
      173, 20, 174, -1,
      175, 174, 19, -1,
      19, 174, 20, -1,
      175, 19, 29, -1,
      175, 29, 176, -1,
      176, 29, 28, -1,
      176, 28, 177, -1,
      177, 28, 27, -1,
      177, 27, 178, -1,
      178, 27, 22, -1,
      178, 22, 179, -1,
      179, 22, 21, -1,
      179, 21, 180, -1,
      180, 21, 181, -1,
      181, 21, 23, -1,
      23, 11, 181, -1,
      181, 11, 13, -1,
      181, 13, 182, -1,
      182, 13, 12, -1,
      182, 12, 183, -1,
      183, 12, 5, -1,
      183, 5, 184, -1,
      184, 5, 4, -1,
      184, 4, 185, -1,
      185, 4, 3, -1,
      185, 3, 186, -1,
      186, 3, 2, -1,
      186, 2, 187, -1,
      55, 188, 189, -1,
      187, 2, 6, -1,
      187, 6, 190, -1,
      190, 6, 8, -1,
      190, 8, 189, -1,
      189, 8, 56, -1,
      189, 56, 55, -1,
      188, 55, 59, -1,
      188, 59, 191, -1,
      191, 59, 70, -1,
      191, 70, 192, -1,
      192, 70, 69, -1,
      192, 69, 193, -1,
      193, 69, 68, -1,
      193, 68, 194, -1,
      194, 68, 62, -1,
      194, 62, 195, -1,
      195, 62, 61, -1,
      195, 61, 196, -1,
      196, 61, 67, -1,
      196, 67, 197, -1,
      197, 67, 66, -1,
      197, 66, 198, -1,
      198, 66, 65, -1,
      198, 65, 199, -1,
      199, 65, 64, -1,
      199, 64, 200, -1,
      200, 64, 63, -1,
      200, 63, 201, -1,
      201, 63, 60, -1,
      201, 60, 202, -1,
      202, 60, 58, -1,
      202, 58, 203, -1,
      203, 58, 57, -1,
      203, 57, 139, -1,
      166, 167, 180, -1,
      180, 167, 179, -1,
      179, 167, 168, -1,
      179, 168, 178, -1,
      198, 149, 150, -1,
      191, 158, 188, -1,
      188, 158, 159, -1,
      198, 150, 197, -1,
      197, 150, 151, -1,
      197, 151, 196, -1,
      196, 151, 152, -1,
      196, 152, 195, -1,
      195, 152, 153, -1,
      195, 153, 194, -1,
      194, 153, 154, -1,
      194, 154, 193, -1,
      193, 154, 155, -1,
      193, 155, 192, -1,
      192, 155, 156, -1,
      192, 156, 191, -1,
      191, 156, 157, -1,
      191, 157, 158, -1,
      149, 198, 148, -1,
      148, 198, 199, -1,
      148, 199, 147, -1,
      145, 139, 144, -1,
      144, 139, 141, -1,
      144, 141, 143, -1,
      143, 141, 140, -1,
      143, 140, 142, -1,
      168, 169, 178, -1,
      178, 169, 170, -1,
      178, 170, 177, -1,
      177, 170, 171, -1,
      177, 171, 176, -1,
      176, 171, 172, -1,
      176, 172, 175, -1,
      175, 172, 173, -1,
      175, 173, 174, -1,
      199, 200, 147, -1,
      147, 200, 201, -1,
      147, 201, 146, -1,
      146, 201, 202, -1,
      146, 202, 145, -1,
      145, 202, 203, -1,
      145, 203, 139, -1,
      180, 181, 166, -1,
      166, 181, 182, -1,
      166, 182, 165, -1,
      165, 182, 183, -1,
      165, 183, 164, -1,
      164, 183, 184, -1,
      164, 184, 163, -1,
      163, 184, 185, -1,
      163, 185, 162, -1,
      162, 185, 186, -1,
      162, 186, 161, -1,
      161, 186, 187, -1,
      161, 187, 160, -1,
      160, 187, 190, -1,
      160, 190, 159, -1,
      159, 190, 189, -1,
      159, 189, 188, -1,
      204, 205, 71, -1,
      71, 205, 72, -1,
      206, 204, 77, -1,
      77, 204, 71, -1,
      206, 77, 78, -1,
      206, 78, 207, -1,
      207, 78, 75, -1,
      207, 75, 208, -1,
      209, 208, 74, -1,
      74, 208, 75, -1,
      210, 209, 73, -1,
      73, 209, 74, -1,
      81, 211, 76, -1,
      76, 211, 210, -1,
      76, 210, 73, -1,
      212, 211, 80, -1,
      80, 211, 81, -1,
      82, 213, 79, -1,
      79, 213, 212, -1,
      79, 212, 80, -1,
      84, 214, 83, -1,
      83, 214, 213, -1,
      83, 213, 82, -1,
      84, 94, 214, -1,
      214, 94, 215, -1,
      94, 93, 215, -1,
      215, 93, 92, -1,
      215, 92, 216, -1,
      216, 92, 91, -1,
      216, 91, 217, -1,
      217, 91, 90, -1,
      217, 90, 218, -1,
      218, 90, 89, -1,
      218, 89, 219, -1,
      219, 89, 88, -1,
      219, 88, 220, -1,
      220, 88, 87, -1,
      220, 87, 221, -1,
      221, 87, 86, -1,
      221, 86, 222, -1,
      223, 222, 85, -1,
      85, 222, 86, -1,
      223, 85, 98, -1,
      223, 98, 224, -1,
      224, 98, 97, -1,
      224, 97, 225, -1,
      225, 97, 96, -1,
      95, 226, 96, -1,
      96, 226, 227, -1,
      96, 227, 225, -1,
      95, 103, 226, -1,
      226, 103, 102, -1,
      226, 102, 228, -1,
      228, 102, 101, -1,
      228, 101, 229, -1,
      229, 101, 100, -1,
      229, 100, 230, -1,
      72, 205, 99, -1,
      99, 205, 230, -1,
      99, 230, 100, -1,
      207, 208, 230, -1,
      205, 204, 230, -1,
      230, 204, 206, -1,
      230, 206, 207, -1,
      211, 212, 210, -1,
      210, 212, 213, -1,
      210, 213, 209, -1,
      208, 209, 230, -1,
      230, 209, 213, -1,
      230, 213, 229, -1,
      213, 214, 229, -1,
      229, 214, 215, -1,
      229, 215, 228, -1,
      228, 215, 216, -1,
      228, 216, 226, -1,
      226, 216, 217, -1,
      226, 217, 227, -1,
      227, 217, 218, -1,
      227, 218, 225, -1,
      225, 218, 219, -1,
      225, 219, 224, -1,
      224, 219, 220, -1,
      224, 220, 223, -1,
      223, 220, 221, -1,
      223, 221, 222, -1,
      231, 232, 110, -1,
      110, 232, 111, -1,
      107, 233, 106, -1,
      106, 233, 231, -1,
      106, 231, 110, -1,
      234, 233, 105, -1,
      105, 233, 107, -1,
      112, 235, 104, -1,
      104, 235, 234, -1,
      104, 234, 105, -1,
      236, 235, 113, -1,
      113, 235, 112, -1,
      117, 237, 114, -1,
      114, 237, 236, -1,
      114, 236, 113, -1,
      238, 237, 116, -1,
      116, 237, 117, -1,
      109, 239, 115, -1,
      115, 239, 238, -1,
      115, 238, 116, -1,
      240, 239, 108, -1,
      108, 239, 109, -1,
      120, 241, 121, -1,
      121, 241, 240, -1,
      121, 240, 108, -1,
      242, 241, 119, -1,
      119, 241, 120, -1,
      111, 232, 118, -1,
      118, 232, 242, -1,
      118, 242, 119, -1,
      242, 232, 231, -1,
      231, 233, 242, -1,
      242, 233, 234, -1,
      242, 234, 241, -1,
      239, 240, 238, -1,
      238, 240, 241, -1,
      238, 241, 237, -1,
      237, 241, 234, -1,
      237, 234, 236, -1,
      236, 234, 235, -1,
      243, 244, 245, -1,
      245, 244, 246, -1,
      245, 246, 247, -1,
      247, 246, 248, -1,
      247, 248, 249, -1,
      249, 248, 250, -1,
      249, 250, 251, -1,
      251, 250, 252, -1,
      251, 252, 253, -1,
      253, 252, 254, -1,
      253, 254, 255, -1,
      255, 254, 256, -1,
      255, 256, 257, -1,
      257, 256, 258, -1,
      257, 258, 259, -1,
      259, 258, 260, -1,
      259, 260, 261, -1,
      261, 260, 262, -1,
      261, 262, 263, -1,
      263, 262, 264, -1,
      263, 264, 265, -1,
      265, 264, 266, -1,
      265, 266, 267, -1,
      267, 266, 268, -1,
      267, 268, 269, -1,
      269, 268, 270, -1,
      269, 270, 271, -1,
      271, 270, 272, -1,
      271, 272, 273, -1,
      273, 272, 274, -1,
      273, 274, 275, -1,
      275, 274, 276, -1,
      275, 276, 277, -1,
      277, 276, 243, -1,
      277, 243, 245, -1,
      251, 253, 131, -1,
      131, 253, 130, -1,
      251, 131, 132, -1,
      251, 132, 249, -1,
      249, 132, 128, -1,
      249, 128, 247, -1,
      247, 128, 127, -1,
      247, 127, 245, -1,
      245, 127, 126, -1,
      245, 126, 277, -1,
      277, 126, 122, -1,
      277, 122, 275, -1,
      275, 122, 123, -1,
      275, 123, 273, -1,
      273, 123, 124, -1,
      273, 124, 271, -1,
      271, 124, 125, -1,
      271, 125, 269, -1,
      269, 125, 135, -1,
      269, 135, 267, -1,
      267, 135, 134, -1,
      267, 134, 265, -1,
      265, 134, 133, -1,
      265, 133, 263, -1,
      263, 133, 138, -1,
      263, 138, 261, -1,
      261, 138, 137, -1,
      261, 137, 259, -1,
      259, 137, 136, -1,
      259, 136, 257, -1,
      255, 257, 129, -1,
      129, 257, 136, -1,
      253, 255, 130, -1,
      130, 255, 129, -1,
      258, 256, 278, -1,
      278, 256, 279, -1,
      256, 254, 279, -1,
      279, 254, 280, -1,
      254, 252, 280, -1,
      280, 252, 281, -1,
      244, 282, 283, -1,
      244, 283, 246, -1,
      246, 283, 284, -1,
      246, 284, 248, -1,
      248, 284, 285, -1,
      248, 285, 250, -1,
      250, 285, 281, -1,
      250, 281, 252, -1,
      272, 286, 287, -1,
      272, 287, 274, -1,
      274, 287, 288, -1,
      274, 288, 276, -1,
      276, 288, 289, -1,
      276, 289, 243, -1,
      243, 289, 282, -1,
      243, 282, 244, -1,
      264, 290, 291, -1,
      264, 291, 266, -1,
      266, 291, 292, -1,
      266, 292, 268, -1,
      268, 292, 293, -1,
      268, 293, 270, -1,
      270, 293, 286, -1,
      270, 286, 272, -1,
      258, 278, 294, -1,
      258, 294, 260, -1,
      260, 294, 295, -1,
      260, 295, 262, -1,
      262, 295, 290, -1,
      262, 290, 264, -1,
    ]
  }
}

Shape {
  appearance Appearance {
    material Material {
      diffuseColor 0.6471 0.6196 0.5882
      specularColor 0.4510 0.4353 0.4118
      ambientIntensity 0.2
      transparency 0.0000
      shininess 0.5
    }
  }
  geometry IndexedFaceSet {
    ccw TRUE
    solid FALSE
    coord DEF co Coordinate {
      point [
        -0.232024 -0.136004 0.287402,
        -0.236458 -0.136004 0.287402,
        -0.236458 -0.158629 0.287402,
        -0.232197 -0.158629 0.287402,
        -0.223472 -0.155569 0.287402,
        -0.223793 -0.155869 0.287402,
        -0.225680 -0.157189 0.287402,
        -0.228094 -0.158134 0.287402,
        -0.220336 -0.147031 0.287402,
        -0.220488 -0.149332 0.287402,
        -0.221123 -0.151924 0.287402,
        -0.222196 -0.154043 0.287402,
        -0.223555 -0.138764 0.287402,
        -0.222755 -0.139550 0.287402,
        -0.221613 -0.141190 0.287402,
        -0.220781 -0.143323 0.287402,
        -0.228251 -0.136419 0.287402,
        -0.225704 -0.137337 0.287402,
      ]
    }
    coordIndex [
      5, 4, 0, -1,
      1, 2, 0, -1,
      0, 2, 3, -1,
      3, 7, 0, -1,
      0, 7, 6, -1,
      0, 6, 5, -1,
      4, 11, 0, -1,
      0, 11, 10, -1,
      0, 10, 9, -1,
      9, 8, 0, -1,
      0, 8, 15, -1,
      0, 15, 14, -1,
      14, 13, 0, -1,
      0, 13, 12, -1,
      0, 12, 16, -1,
      16, 12, 17, -1,
    ]
  }
}

Shape {
  appearance Appearance {
    material Material {
      diffuseColor 0.0000 0.0000 0.0000
      specularColor 0.0000 0.0000 0.0000
      ambientIntensity 0.2
      transparency 0.0000
      shininess 0.5
    }
  }
  geometry IndexedFaceSet {
    ccw TRUE
    solid FALSE
    coord DEF co Coordinate {
      point [
        -0.210539 -0.161975 0.287402,
        -0.214725 -0.161975 0.287402,
        -0.188319 -0.161975 0.287402,
        -0.192504 -0.161975 0.287402,
        -0.195498 -0.153948 0.287402,
        -0.207718 -0.153948 0.287402,
        -0.199496 -0.132628 0.287402,
        -0.203547 -0.132628 0.287402,
        -0.206518 -0.150632 0.287795,
        -0.207718 -0.153948 0.287795,
        -0.196668 -0.150632 0.287795,
        -0.195498 -0.153948 0.287795,
        -0.202129 -0.138434 0.287795,
        -0.203547 -0.132628 0.287795,
        -0.214725 -0.161975 0.287795,
        -0.210539 -0.161975 0.287795,
        -0.201875 -0.137558 0.287795,
        -0.201649 -0.136379 0.287795,
        -0.199496 -0.132628 0.287795,
        -0.201559 -0.136379 0.287795,
        -0.201322 -0.137620 0.287795,
        -0.201102 -0.138434 0.287795,
        -0.188319 -0.161975 0.287795,
        -0.192504 -0.161975 0.287795,
        -0.206518 -0.150632 0.287402,
        -0.196668 -0.150632 0.287402,
        -0.201102 -0.138434 0.287402,
        -0.201559 -0.136379 0.287402,
        -0.201322 -0.137620 0.287402,
        -0.201649 -0.136379 0.287402,
        -0.202129 -0.138434 0.287402,
        -0.201875 -0.137558 0.287402,
      ]
    }
    coordIndex [
      8, 9, 10, -1,
      10, 9, 11, -1,
      12, 13, 8, -1,
      8, 13, 14, -1,
      8, 14, 9, -1,
      9, 14, 15, -1,
      12, 16, 13, -1,
      13, 16, 17, -1,
      13, 17, 18, -1,
      18, 17, 19, -1,
      18, 19, 20, -1,
      20, 21, 18, -1,
      18, 21, 10, -1,
      18, 10, 22, -1,
      22, 10, 11, -1,
      22, 11, 23, -1,
      18, 22, 6, -1,
      6, 22, 2, -1,
      13, 18, 7, -1,
      7, 18, 6, -1,
      14, 13, 1, -1,
      1, 13, 7, -1,
      15, 14, 0, -1,
      0, 14, 1, -1,
      9, 15, 5, -1,
      5, 15, 0, -1,
      11, 9, 4, -1,
      4, 9, 5, -1,
      23, 11, 3, -1,
      3, 11, 4, -1,
      22, 23, 2, -1,
      2, 23, 3, -1,
      8, 10, 24, -1,
      24, 10, 25, -1,
      10, 21, 25, -1,
      25, 21, 26, -1,
      19, 27, 28, -1,
      19, 28, 20, -1,
      20, 28, 26, -1,
      20, 26, 21, -1,
      19, 17, 27, -1,
      27, 17, 29, -1,
      12, 30, 31, -1,
      12, 31, 16, -1,
      16, 31, 29, -1,
      16, 29, 17, -1,
      12, 8, 30, -1,
      30, 8, 24, -1,
    ]
  }
}

Shape {
  appearance Appearance {
    material Material {
      diffuseColor 0.6471 0.6196 0.5882
      specularColor 0.4510 0.4353 0.4118
      ambientIntensity 0.2
      transparency 0.0000
      shininess 0.5
    }
  }
  geometry IndexedFaceSet {
    ccw TRUE
    solid FALSE
    coord DEF co Coordinate {
      point [
        -0.206518 -0.150632 0.287402,
        -0.196668 -0.150632 0.287402,
        -0.201102 -0.138434 0.287402,
        -0.201559 -0.136379 0.287402,
        -0.201322 -0.137620 0.287402,
        -0.201649 -0.136379 0.287402,
        -0.202129 -0.138434 0.287402,
        -0.201875 -0.137558 0.287402,
      ]
    }
    coordIndex [
      3, 5, 4, -1,
      4, 5, 7, -1,
      4, 7, 2, -1,
      2, 7, 6, -1,
      2, 6, 1, -1,
      1, 6, 0, -1,
    ]
  }
}

Shape {
  appearance Appearance {
    material Material {
      diffuseColor 0.0000 0.0000 0.0000
      specularColor 0.0000 0.0000 0.0000
      ambientIntensity 0.2
      transparency 0.0000
      shininess 0.5
    }
  }
  geometry IndexedFaceSet {
    ccw TRUE
    solid FALSE
    coord DEF co Coordinate {
      point [
        -0.499933 -0.126662 0.287402,
        -0.499473 -0.124271 0.287402,
        -0.380274 -0.108978 0.287402,
        -0.374622 -0.113772 0.287402,
        -0.408115 -0.082790 0.287402,
        -0.403603 -0.085824 0.287402,
        -0.398809 -0.089047 0.287402,
        -0.392002 -0.096891 0.287402,
        -0.387541 -0.105531 0.287402,
        -0.386480 -0.105888 0.287402,
        -0.447167 -0.083198 0.287402,
        -0.437548 -0.079478 0.287402,
        -0.427186 -0.078197 0.287402,
        -0.418586 -0.079100 0.287402,
        -0.490200 -0.105114 0.287402,
        -0.488493 -0.103516 0.287402,
        -0.452224 -0.086335 0.287402,
        -0.451400 -0.085824 0.287402,
        -0.481517 -0.098780 0.287402,
        -0.473741 -0.095950 0.287402,
        -0.466204 -0.095098 0.287402,
        -0.457128 -0.090534 0.287402,
        -0.463805 -0.095229 0.287402,
        -0.461406 -0.095515 0.287402,
        -0.498346 -0.118418 0.287402,
        -0.497061 -0.115666 0.287402,
        -0.494878 -0.110991 0.287402,
        -0.474551 -0.161659 0.287402,
        -0.477962 -0.160596 0.287402,
        -0.485406 -0.156744 0.287402,
        -0.491243 -0.151644 0.287402,
        -0.491896 -0.150898 0.287402,
        -0.496339 -0.144204 0.287402,
        -0.499159 -0.136398 0.287402,
        -0.500007 -0.128900 0.287402,
        -0.465281 -0.173038 0.287402,
        -0.469361 -0.169960 0.287402,
        -0.472463 -0.166129 0.287402,
        -0.474288 -0.162222 0.287402,
        -0.449685 -0.175228 0.287402,
        -0.454728 -0.175848 0.287402,
        -0.455542 -0.175833 0.287402,
        -0.460468 -0.175063 0.287402,
        -0.463356 -0.173848 0.287402,
        -0.435174 -0.162222 0.287402,
        -0.435187 -0.162279 0.287402,
        -0.437650 -0.166933 0.287402,
        -0.440874 -0.170552 0.287402,
        -0.445031 -0.173443 0.287402,
        -0.446088 -0.173848 0.287402,
        -0.367829 -0.126088 0.287402,
        -0.366884 -0.132865 0.287402,
        -0.408494 -0.149891 0.287402,
        -0.407059 -0.149336 0.287402,
        -0.404651 -0.137456 0.287402,
        -0.374604 -0.152687 0.287402,
        -0.380367 -0.157548 0.287402,
        -0.439079 -0.141002 0.287402,
        -0.411119 -0.126396 0.287402,
        -0.442720 -0.137687 0.287402,
        -0.447146 -0.135312 0.287402,
        -0.409782 -0.150791 0.287402,
        -0.370520 -0.147022 0.287402,
        -0.379920 -0.131268 0.287402,
        -0.380895 -0.127259 0.287402,
        -0.382500 -0.124271 0.287402,
        -0.486343 -0.124271 0.287402,
        -0.367873 -0.140430 0.287402,
        -0.405485 -0.149140 0.287402,
        -0.405283 -0.149155 0.287402,
        -0.404657 -0.149293 0.287402,
        -0.485126 -0.136781 0.287402,
        -0.482625 -0.141043 0.287402,
        -0.472030 -0.143185 0.287402,
        -0.478882 -0.144884 0.287402,
        -0.474342 -0.147680 0.287402,
        -0.464310 -0.136280 0.287402,
        -0.468578 -0.139243 0.287402,
        -0.486861 -0.128483 0.287402,
        -0.486616 -0.131671 0.287402,
        -0.459701 -0.134520 0.287402,
        -0.454728 -0.133908 0.287402,
        -0.452182 -0.134060 0.287402,
        -0.384052 -0.144106 0.287402,
        -0.381757 -0.140850 0.287402,
        -0.380320 -0.137131 0.287402,
        -0.379821 -0.133074 0.287402,
        -0.386742 -0.160641 0.287402,
        -0.393592 -0.162077 0.287402,
        -0.405903 -0.162077 0.287402,
        -0.407046 -0.161896 0.287402,
        -0.408428 -0.161360 0.287402,
        -0.409787 -0.160405 0.287402,
        -0.410304 -0.159880 0.287402,
        -0.411954 -0.155609 0.287402,
        -0.411918 -0.154930 0.287402,
        -0.433863 -0.152896 0.287402,
        -0.411535 -0.153333 0.287402,
        -0.410763 -0.151889 0.287402,
        -0.404233 -0.149349 0.287402,
        -0.394844 -0.149349 0.287402,
        -0.391117 -0.148637 0.287402,
        -0.411211 -0.158568 0.287402,
        -0.411758 -0.157152 0.287402,
        -0.433973 -0.157126 0.287402,
        -0.433863 -0.154983 0.287402,
        -0.387433 -0.146935 0.287402,
        -0.384344 -0.144419 0.287402,
        -0.397765 -0.116798 0.287402,
        -0.484456 -0.118786 0.287402,
        -0.486241 -0.123440 0.287402,
        -0.396096 -0.116798 0.287402,
        -0.382831 -0.123656 0.287402,
        -0.385255 -0.120946 0.287402,
        -0.388492 -0.118687 0.287402,
        -0.392134 -0.117286 0.287402,
        -0.406603 -0.098989 0.287402,
        -0.407622 -0.098050 0.287402,
        -0.454937 -0.110747 0.287402,
        -0.401990 -0.104694 0.287402,
        -0.482286 -0.115666 0.287402,
        -0.456460 -0.109917 0.287402,
        -0.398004 -0.115666 0.287402,
        -0.398887 -0.111474 0.287402,
        -0.461140 -0.108215 0.287402,
        -0.465996 -0.107618 0.287402,
        -0.468140 -0.107728 0.287402,
        -0.413504 -0.094017 0.287402,
        -0.420059 -0.091547 0.287402,
        -0.451870 -0.104336 0.287402,
        -0.426977 -0.090717 0.287402,
        -0.473293 -0.108942 0.287402,
        -0.477947 -0.111405 0.287402,
        -0.481565 -0.114629 0.287402,
        -0.434596 -0.091689 0.287402,
        -0.441426 -0.094441 0.287402,
        -0.447236 -0.098713 0.287402,
        -0.373267 -0.115666 0.287402,
        -0.370371 -0.119713 0.287402,
        -0.368554 -0.124271 0.287402,
        -0.472463 -0.166129 0.287795,
        -0.469361 -0.169960 0.287795,
        -0.474342 -0.147680 0.287795,
        -0.447324 -0.152307 0.287795,
        -0.446854 -0.154243 0.287795,
        -0.404651 -0.137456 0.287795,
        -0.454937 -0.147054 0.287795,
        -0.453173 -0.147248 0.287795,
        -0.439079 -0.141002 0.287795,
        -0.451238 -0.147948 0.287795,
        -0.449564 -0.149087 0.287795,
        -0.448224 -0.150591 0.287795,
        -0.411119 -0.126396 0.287795,
        -0.446851 -0.156101 0.287795,
        -0.433863 -0.154983 0.287795,
        -0.433863 -0.152896 0.287795,
        -0.478882 -0.144884 0.287795,
        -0.477962 -0.160596 0.287795,
        -0.474551 -0.161659 0.287795,
        -0.397765 -0.116798 0.287795,
        -0.396096 -0.116798 0.287795,
        -0.387541 -0.105531 0.287795,
        -0.392134 -0.117286 0.287795,
        -0.386480 -0.105888 0.287795,
        -0.388492 -0.118687 0.287795,
        -0.380274 -0.108978 0.287795,
        -0.374622 -0.113772 0.287795,
        -0.456460 -0.109917 0.287795,
        -0.454937 -0.110747 0.287795,
        -0.461406 -0.095515 0.287795,
        -0.451870 -0.104336 0.287795,
        -0.457128 -0.090534 0.287795,
        -0.447236 -0.098713 0.287795,
        -0.452224 -0.086335 0.287795,
        -0.441426 -0.094441 0.287795,
        -0.447167 -0.083198 0.287795,
        -0.456727 -0.147254 0.287795,
        -0.459701 -0.134520 0.287795,
        -0.458567 -0.147913 0.287795,
        -0.464310 -0.136280 0.287795,
        -0.460229 -0.149016 0.287795,
        -0.468578 -0.139243 0.287795,
        -0.461593 -0.150511 0.287795,
        -0.472030 -0.143185 0.287795,
        -0.462557 -0.152326 0.287795,
        -0.463030 -0.154333 0.287795,
        -0.374604 -0.152687 0.287795,
        -0.384344 -0.144419 0.287795,
        -0.380367 -0.157548 0.287795,
        -0.387433 -0.146935 0.287795,
        -0.386742 -0.160641 0.287795,
        -0.391117 -0.148637 0.287795,
        -0.393592 -0.162077 0.287795,
        -0.394844 -0.149349 0.287795,
        -0.405903 -0.162077 0.287795,
        -0.404233 -0.149349 0.287795,
        -0.407046 -0.161896 0.287795,
        -0.482625 -0.141043 0.287795,
        -0.491243 -0.151644 0.287795,
        -0.485406 -0.156744 0.287795,
        -0.486241 -0.123440 0.287795,
        -0.499933 -0.126662 0.287795,
        -0.486861 -0.128483 0.287795,
        -0.500007 -0.128900 0.287795,
        -0.486616 -0.131671 0.287795,
        -0.499159 -0.136398 0.287795,
        -0.485126 -0.136781 0.287795,
        -0.496339 -0.144204 0.287795,
        -0.491896 -0.150898 0.287795,
        -0.460147 -0.161435 0.287795,
        -0.458439 -0.162532 0.287795,
        -0.465281 -0.173038 0.287795,
        -0.456484 -0.163180 0.287795,
        -0.447146 -0.135312 0.287795,
        -0.452182 -0.134060 0.287795,
        -0.454728 -0.133908 0.287795,
        -0.385255 -0.120946 0.287795,
        -0.382831 -0.123656 0.287795,
        -0.370371 -0.119713 0.287795,
        -0.380895 -0.127259 0.287795,
        -0.367829 -0.126088 0.287795,
        -0.379920 -0.131268 0.287795,
        -0.366884 -0.132865 0.287795,
        -0.379821 -0.133074 0.287795,
        -0.367873 -0.140430 0.287795,
        -0.380320 -0.137131 0.287795,
        -0.370520 -0.147022 0.287795,
        -0.381757 -0.140850 0.287795,
        -0.384052 -0.144106 0.287795,
        -0.398809 -0.089047 0.287795,
        -0.406603 -0.098989 0.287795,
        -0.392002 -0.096891 0.287795,
        -0.401990 -0.104694 0.287795,
        -0.398887 -0.111474 0.287795,
        -0.461140 -0.108215 0.287795,
        -0.463805 -0.095229 0.287795,
        -0.465996 -0.107618 0.287795,
        -0.466204 -0.095098 0.287795,
        -0.468140 -0.107728 0.287795,
        -0.473741 -0.095950 0.287795,
        -0.473293 -0.108942 0.287795,
        -0.481517 -0.098780 0.287795,
        -0.477947 -0.111405 0.287795,
        -0.488493 -0.103516 0.287795,
        -0.481565 -0.114629 0.287795,
        -0.490200 -0.105114 0.287795,
        -0.484456 -0.118786 0.287795,
        -0.494878 -0.110991 0.287795,
        -0.498346 -0.118418 0.287795,
        -0.461525 -0.159968 0.287795,
        -0.462471 -0.158276 0.287795,
        -0.462990 -0.156376 0.287795,
        -0.437548 -0.079478 0.287795,
        -0.434596 -0.091689 0.287795,
        -0.427186 -0.078197 0.287795,
        -0.426977 -0.090717 0.287795,
        -0.418586 -0.079100 0.287795,
        -0.420059 -0.091547 0.287795,
        -0.408115 -0.082790 0.287795,
        -0.413504 -0.094017 0.287795,
        -0.407622 -0.098050 0.287795,
        -0.442720 -0.137687 0.287795,
        -0.405283 -0.149155 0.287795,
        -0.410304 -0.159880 0.287795,
        -0.409787 -0.160405 0.287795,
        -0.404657 -0.149293 0.287795,
        -0.408428 -0.161360 0.287795,
        -0.460468 -0.175063 0.287795,
        -0.455542 -0.175833 0.287795,
        -0.454937 -0.163329 0.287795,
        -0.454728 -0.175848 0.287795,
        -0.453131 -0.163129 0.287795,
        -0.449685 -0.175228 0.287795,
        -0.451297 -0.162472 0.287795,
        -0.445031 -0.173443 0.287795,
        -0.449677 -0.161397 0.287795,
        -0.440874 -0.170552 0.287795,
        -0.448310 -0.159904 0.287795,
        -0.437650 -0.166933 0.287795,
        -0.447343 -0.158106 0.287795,
        -0.435187 -0.162279 0.287795,
        -0.433973 -0.157126 0.287795,
        -0.411954 -0.155609 0.287795,
        -0.411758 -0.157152 0.287795,
        -0.411211 -0.158568 0.287795,
        -0.407059 -0.149336 0.287795,
        -0.408494 -0.149891 0.287795,
        -0.411918 -0.154930 0.287795,
        -0.409782 -0.150791 0.287795,
        -0.410763 -0.151889 0.287795,
        -0.411535 -0.153333 0.287795,
        -0.405485 -0.149140 0.287795,
        -0.454937 -0.147054 0.287402,
        -0.453173 -0.147248 0.287402,
        -0.451238 -0.147948 0.287402,
        -0.449564 -0.149087 0.287402,
        -0.448224 -0.150591 0.287402,
        -0.447324 -0.152307 0.287402,
        -0.446854 -0.154243 0.287402,
        -0.446851 -0.156101 0.287402,
        -0.447343 -0.158106 0.287402,
        -0.448310 -0.159904 0.287402,
        -0.449677 -0.161397 0.287402,
        -0.451297 -0.162472 0.287402,
        -0.453131 -0.163129 0.287402,
        -0.454937 -0.163329 0.287402,
        -0.456484 -0.163180 0.287402,
        -0.458439 -0.162532 0.287402,
        -0.460147 -0.161435 0.287402,
        -0.461525 -0.159968 0.287402,
        -0.462471 -0.158276 0.287402,
        -0.462990 -0.156376 0.287402,
        -0.463030 -0.154333 0.287402,
        -0.462557 -0.152326 0.287402,
        -0.461593 -0.150511 0.287402,
        -0.460229 -0.149016 0.287402,
        -0.458567 -0.147913 0.287402,
        -0.456727 -0.147254 0.287402,
      ]
    }
    coordIndex [
      140, 141, 142, -1,
      143, 144, 145, -1,
      146, 147, 148, -1,
      147, 149, 148, -1,
      148, 149, 150, -1,
      148, 150, 151, -1,
      143, 145, 151, -1,
      151, 145, 152, -1,
      151, 152, 148, -1,
      153, 154, 144, -1,
      144, 154, 155, -1,
      144, 155, 145, -1,
      156, 157, 142, -1,
      142, 157, 158, -1,
      142, 158, 140, -1,
      159, 160, 161, -1,
      161, 160, 162, -1,
      161, 162, 163, -1,
      163, 162, 164, -1,
      163, 164, 165, -1,
      165, 164, 166, -1,
      167, 168, 169, -1,
      169, 168, 170, -1,
      169, 170, 171, -1,
      171, 170, 172, -1,
      171, 172, 173, -1,
      173, 172, 174, -1,
      173, 174, 175, -1,
      176, 177, 178, -1,
      178, 177, 179, -1,
      178, 179, 180, -1,
      180, 179, 181, -1,
      180, 181, 182, -1,
      182, 181, 183, -1,
      182, 183, 184, -1,
      184, 183, 142, -1,
      184, 142, 185, -1,
      186, 187, 188, -1,
      188, 187, 189, -1,
      188, 189, 190, -1,
      190, 189, 191, -1,
      190, 191, 192, -1,
      192, 191, 193, -1,
      192, 193, 194, -1,
      194, 193, 195, -1,
      194, 195, 196, -1,
      197, 198, 156, -1,
      156, 198, 199, -1,
      156, 199, 157, -1,
      200, 201, 202, -1,
      202, 201, 203, -1,
      202, 203, 204, -1,
      204, 203, 205, -1,
      204, 205, 206, -1,
      206, 205, 207, -1,
      206, 207, 197, -1,
      197, 207, 208, -1,
      197, 208, 198, -1,
      209, 141, 210, -1,
      210, 141, 211, -1,
      210, 211, 212, -1,
      213, 214, 176, -1,
      176, 214, 215, -1,
      176, 215, 177, -1,
      164, 216, 166, -1,
      166, 216, 217, -1,
      166, 217, 218, -1,
      218, 217, 219, -1,
      218, 219, 220, -1,
      220, 219, 221, -1,
      220, 221, 222, -1,
      222, 221, 223, -1,
      222, 223, 224, -1,
      224, 223, 225, -1,
      224, 225, 226, -1,
      226, 225, 227, -1,
      226, 227, 186, -1,
      186, 227, 228, -1,
      186, 228, 187, -1,
      229, 230, 231, -1,
      231, 230, 232, -1,
      231, 232, 161, -1,
      161, 232, 233, -1,
      161, 233, 159, -1,
      167, 169, 234, -1,
      234, 169, 235, -1,
      234, 235, 236, -1,
      236, 235, 237, -1,
      236, 237, 238, -1,
      238, 237, 239, -1,
      238, 239, 240, -1,
      240, 239, 241, -1,
      240, 241, 242, -1,
      242, 241, 243, -1,
      242, 243, 244, -1,
      244, 243, 245, -1,
      244, 245, 246, -1,
      246, 245, 247, -1,
      246, 247, 200, -1,
      200, 247, 248, -1,
      200, 248, 201, -1,
      209, 249, 141, -1,
      141, 249, 250, -1,
      141, 250, 142, -1,
      142, 250, 251, -1,
      142, 251, 185, -1,
      175, 174, 252, -1,
      252, 174, 253, -1,
      252, 253, 254, -1,
      254, 253, 255, -1,
      254, 255, 256, -1,
      256, 255, 257, -1,
      256, 257, 258, -1,
      258, 257, 259, -1,
      258, 259, 229, -1,
      229, 259, 260, -1,
      229, 260, 230, -1,
      146, 148, 176, -1,
      176, 148, 261, -1,
      176, 261, 213, -1,
      262, 263, 264, -1,
      195, 265, 196, -1,
      196, 265, 262, -1,
      196, 262, 266, -1,
      266, 262, 264, -1,
      211, 267, 212, -1,
      212, 267, 268, -1,
      212, 268, 269, -1,
      269, 268, 270, -1,
      269, 270, 271, -1,
      271, 270, 272, -1,
      271, 272, 273, -1,
      273, 272, 274, -1,
      273, 274, 275, -1,
      275, 274, 276, -1,
      275, 276, 277, -1,
      277, 276, 278, -1,
      277, 278, 279, -1,
      279, 278, 280, -1,
      279, 280, 153, -1,
      153, 280, 281, -1,
      153, 281, 154, -1,
      282, 283, 262, -1,
      262, 283, 284, -1,
      262, 284, 263, -1,
      285, 286, 287, -1,
      286, 288, 287, -1,
      287, 288, 289, -1,
      287, 289, 290, -1,
      282, 262, 287, -1,
      287, 262, 291, -1,
      287, 291, 285, -1,
      222, 51, 50, -1,
      137, 166, 218, -1,
      222, 50, 220, -1,
      220, 50, 139, -1,
      220, 139, 218, -1,
      218, 139, 138, -1,
      218, 138, 137, -1,
      137, 3, 166, -1,
      166, 3, 2, -1,
      166, 2, 165, -1,
      165, 2, 9, -1,
      165, 9, 163, -1,
      163, 9, 8, -1,
      163, 8, 161, -1,
      161, 8, 7, -1,
      161, 7, 231, -1,
      231, 7, 6, -1,
      231, 6, 229, -1,
      258, 229, 5, -1,
      5, 229, 6, -1,
      5, 4, 258, -1,
      258, 4, 13, -1,
      258, 13, 256, -1,
      256, 13, 12, -1,
      256, 12, 254, -1,
      254, 12, 11, -1,
      254, 11, 252, -1,
      252, 11, 10, -1,
      252, 10, 175, -1,
      175, 10, 173, -1,
      173, 10, 17, -1,
      173, 17, 16, -1,
      173, 16, 21, -1,
      173, 21, 171, -1,
      171, 21, 23, -1,
      171, 23, 169, -1,
      169, 23, 22, -1,
      169, 22, 235, -1,
      235, 22, 20, -1,
      235, 20, 237, -1,
      237, 20, 19, -1,
      237, 19, 239, -1,
      239, 19, 18, -1,
      239, 18, 241, -1,
      241, 18, 15, -1,
      241, 15, 243, -1,
      243, 15, 14, -1,
      243, 14, 245, -1,
      34, 203, 201, -1,
      245, 14, 26, -1,
      245, 26, 247, -1,
      247, 26, 25, -1,
      247, 25, 248, -1,
      25, 24, 248, -1,
      248, 24, 1, -1,
      248, 1, 201, -1,
      201, 1, 0, -1,
      201, 0, 34, -1,
      203, 34, 33, -1,
      203, 33, 205, -1,
      205, 33, 32, -1,
      205, 32, 207, -1,
      207, 32, 31, -1,
      207, 31, 208, -1,
      208, 31, 30, -1,
      208, 30, 198, -1,
      198, 30, 29, -1,
      198, 29, 199, -1,
      199, 29, 28, -1,
      199, 28, 157, -1,
      157, 28, 27, -1,
      157, 27, 158, -1,
      158, 27, 38, -1,
      158, 38, 140, -1,
      38, 37, 140, -1,
      140, 37, 36, -1,
      140, 36, 141, -1,
      141, 36, 35, -1,
      141, 35, 211, -1,
      211, 35, 43, -1,
      211, 43, 267, -1,
      43, 42, 267, -1,
      267, 42, 41, -1,
      267, 41, 268, -1,
      268, 41, 40, -1,
      268, 40, 270, -1,
      105, 154, 281, -1,
      270, 40, 39, -1,
      49, 274, 39, -1,
      39, 274, 272, -1,
      39, 272, 270, -1,
      49, 48, 274, -1,
      274, 48, 47, -1,
      274, 47, 276, -1,
      276, 47, 46, -1,
      276, 46, 278, -1,
      278, 46, 45, -1,
      278, 45, 280, -1,
      280, 45, 44, -1,
      280, 44, 281, -1,
      281, 44, 104, -1,
      281, 104, 105, -1,
      155, 154, 96, -1,
      96, 154, 105, -1,
      145, 155, 54, -1,
      54, 155, 96, -1,
      152, 145, 58, -1,
      58, 145, 54, -1,
      148, 152, 57, -1,
      57, 152, 58, -1,
      148, 57, 59, -1,
      148, 59, 261, -1,
      261, 59, 60, -1,
      261, 60, 213, -1,
      213, 60, 82, -1,
      213, 82, 214, -1,
      214, 82, 81, -1,
      214, 81, 215, -1,
      215, 81, 80, -1,
      215, 80, 177, -1,
      177, 80, 76, -1,
      177, 76, 179, -1,
      179, 76, 77, -1,
      179, 77, 181, -1,
      181, 77, 73, -1,
      181, 73, 183, -1,
      183, 73, 75, -1,
      183, 75, 142, -1,
      142, 75, 74, -1,
      142, 74, 156, -1,
      156, 74, 72, -1,
      156, 72, 197, -1,
      197, 72, 71, -1,
      197, 71, 206, -1,
      206, 71, 79, -1,
      206, 79, 204, -1,
      204, 79, 78, -1,
      204, 78, 202, -1,
      202, 78, 200, -1,
      200, 78, 66, -1,
      66, 110, 200, -1,
      200, 110, 109, -1,
      200, 109, 246, -1,
      246, 109, 120, -1,
      246, 120, 244, -1,
      120, 133, 244, -1,
      244, 133, 132, -1,
      244, 132, 242, -1,
      242, 132, 131, -1,
      242, 131, 240, -1,
      240, 131, 126, -1,
      240, 126, 238, -1,
      238, 126, 125, -1,
      238, 125, 236, -1,
      236, 125, 124, -1,
      236, 124, 234, -1,
      234, 124, 121, -1,
      234, 121, 167, -1,
      167, 121, 118, -1,
      167, 118, 168, -1,
      168, 118, 129, -1,
      168, 129, 170, -1,
      170, 129, 136, -1,
      170, 136, 172, -1,
      172, 136, 135, -1,
      172, 135, 174, -1,
      174, 135, 134, -1,
      174, 134, 253, -1,
      253, 134, 130, -1,
      253, 130, 255, -1,
      255, 130, 128, -1,
      255, 128, 257, -1,
      257, 128, 127, -1,
      257, 127, 259, -1,
      259, 127, 117, -1,
      259, 117, 260, -1,
      260, 117, 116, -1,
      260, 116, 230, -1,
      230, 116, 119, -1,
      230, 119, 232, -1,
      232, 119, 123, -1,
      232, 123, 233, -1,
      233, 123, 159, -1,
      159, 123, 122, -1,
      159, 122, 108, -1,
      160, 159, 111, -1,
      111, 159, 108, -1,
      160, 111, 115, -1,
      160, 115, 162, -1,
      162, 115, 114, -1,
      162, 114, 164, -1,
      164, 114, 113, -1,
      164, 113, 216, -1,
      216, 113, 112, -1,
      216, 112, 217, -1,
      217, 112, 65, -1,
      217, 65, 219, -1,
      65, 64, 219, -1,
      219, 64, 63, -1,
      219, 63, 221, -1,
      221, 63, 86, -1,
      221, 86, 223, -1,
      223, 86, 85, -1,
      223, 85, 225, -1,
      225, 85, 84, -1,
      225, 84, 227, -1,
      227, 84, 83, -1,
      227, 83, 228, -1,
      228, 83, 107, -1,
      228, 107, 187, -1,
      187, 107, 106, -1,
      187, 106, 189, -1,
      189, 106, 101, -1,
      189, 101, 191, -1,
      191, 101, 100, -1,
      191, 100, 193, -1,
      195, 193, 99, -1,
      99, 193, 100, -1,
      195, 99, 70, -1,
      195, 70, 265, -1,
      265, 70, 69, -1,
      265, 69, 262, -1,
      262, 69, 68, -1,
      262, 68, 291, -1,
      291, 68, 53, -1,
      291, 53, 285, -1,
      285, 53, 52, -1,
      285, 52, 286, -1,
      286, 52, 61, -1,
      286, 61, 288, -1,
      288, 61, 98, -1,
      288, 98, 289, -1,
      289, 98, 97, -1,
      289, 97, 290, -1,
      290, 97, 95, -1,
      290, 95, 287, -1,
      287, 95, 94, -1,
      287, 94, 282, -1,
      282, 94, 103, -1,
      282, 103, 283, -1,
      283, 103, 102, -1,
      283, 102, 284, -1,
      284, 102, 93, -1,
      284, 93, 263, -1,
      263, 93, 92, -1,
      263, 92, 264, -1,
      264, 92, 91, -1,
      264, 91, 266, -1,
      266, 91, 90, -1,
      266, 90, 196, -1,
      196, 90, 89, -1,
      196, 89, 194, -1,
      192, 194, 88, -1,
      88, 194, 89, -1,
      192, 88, 87, -1,
      192, 87, 190, -1,
      190, 87, 56, -1,
      190, 56, 188, -1,
      188, 56, 55, -1,
      188, 55, 186, -1,
      186, 55, 62, -1,
      186, 62, 226, -1,
      226, 62, 67, -1,
      226, 67, 224, -1,
      224, 67, 51, -1,
      224, 51, 222, -1,
      146, 292, 293, -1,
      146, 293, 147, -1,
      147, 293, 294, -1,
      147, 294, 149, -1,
      149, 294, 295, -1,
      149, 295, 150, -1,
      150, 295, 296, -1,
      150, 296, 151, -1,
      151, 296, 297, -1,
      151, 297, 143, -1,
      143, 297, 298, -1,
      143, 298, 144, -1,
      144, 298, 299, -1,
      144, 299, 153, -1,
      153, 299, 300, -1,
      153, 300, 279, -1,
      279, 300, 301, -1,
      279, 301, 277, -1,
      277, 301, 302, -1,
      277, 302, 275, -1,
      275, 302, 303, -1,
      275, 303, 273, -1,
      273, 303, 304, -1,
      273, 304, 271, -1,
      271, 304, 305, -1,
      271, 305, 269, -1,
      269, 305, 306, -1,
      269, 306, 212, -1,
      212, 306, 307, -1,
      212, 307, 210, -1,
      210, 307, 308, -1,
      210, 308, 209, -1,
      209, 308, 309, -1,
      209, 309, 249, -1,
      249, 309, 310, -1,
      249, 310, 250, -1,
      250, 310, 311, -1,
      250, 311, 251, -1,
      251, 311, 312, -1,
      251, 312, 185, -1,
      185, 312, 313, -1,
      185, 313, 184, -1,
      184, 313, 314, -1,
      184, 314, 182, -1,
      182, 314, 315, -1,
      182, 315, 180, -1,
      180, 315, 316, -1,
      180, 316, 178, -1,
      178, 316, 317, -1,
      178, 317, 176, -1,
      176, 317, 292, -1,
      176, 292, 146, -1,
    ]
  }
}

Shape {
  appearance Appearance {
    material Material {
      diffuseColor 0.6471 0.6196 0.5882
      specularColor 0.4510 0.4353 0.4118
      ambientIntensity 0.2
      transparency 0.0000
      shininess 0.5
    }
  }
  geometry IndexedFaceSet {
    ccw TRUE
    solid FALSE
    coord DEF co Coordinate {
      point [
        -0.454937 -0.147054 0.287402,
        -0.453173 -0.147248 0.287402,
        -0.451238 -0.147948 0.287402,
        -0.449564 -0.149087 0.287402,
        -0.448224 -0.150591 0.287402,
        -0.447324 -0.152307 0.287402,
        -0.446854 -0.154243 0.287402,
        -0.446851 -0.156101 0.287402,
        -0.447343 -0.158106 0.287402,
        -0.448310 -0.159904 0.287402,
        -0.449677 -0.161397 0.287402,
        -0.451297 -0.162472 0.287402,
        -0.453131 -0.163129 0.287402,
        -0.454937 -0.163329 0.287402,
        -0.456484 -0.163180 0.287402,
        -0.458439 -0.162532 0.287402,
        -0.460147 -0.161435 0.287402,
        -0.461525 -0.159968 0.287402,
        -0.462471 -0.158276 0.287402,
        -0.462990 -0.156376 0.287402,
        -0.463030 -0.154333 0.287402,
        -0.462557 -0.152326 0.287402,
        -0.461593 -0.150511 0.287402,
        -0.460229 -0.149016 0.287402,
        -0.458567 -0.147913 0.287402,
        -0.456727 -0.147254 0.287402,
      ]
    }
    coordIndex [
      14, 13, 0, -1,
      0, 13, 12, -1,
      9, 8, 7, -1,
      24, 17, 16, -1,
      5, 4, 12, -1,
      12, 4, 3, -1,
      17, 24, 18, -1,
      18, 24, 23, -1,
      18, 23, 19, -1,
      0, 25, 14, -1,
      14, 25, 24, -1,
      14, 24, 15, -1,
      15, 24, 16, -1,
      5, 12, 6, -1,
      6, 12, 11, -1,
      6, 11, 7, -1,
      7, 11, 10, -1,
      7, 10, 9, -1,
      3, 2, 12, -1,
      12, 2, 1, -1,
      12, 1, 0, -1,
      19, 23, 20, -1,
      20, 23, 22, -1,
      20, 22, 21, -1,
    ]
  }
}

Shape {
  appearance Appearance {
    material Material {
      diffuseColor 0.9686 0.8784 0.6000
      specularColor 0.6784 0.6157 0.4196
      ambientIntensity 0.2
      transparency 0.0000
      shininess 0.5
    }
  }
  geometry IndexedFaceSet {
    ccw TRUE
    solid FALSE
    coord DEF co Coordinate {
      point [
        -0.628000 0.255952 0.011811,
        -0.589150 0.217103 0.011811,
        -0.589150 -0.217103 0.011811,
        -0.628000 -0.255952 0.011811,
        0.543307 -0.246063 0.011811,
        0.590598 -0.293354 0.011811,
        0.590598 0.293354 0.011811,
        0.543307 0.246063 0.011811,
        -0.590598 -0.293354 0.011811,
        -0.543307 -0.246063 0.011811,
        -0.590598 0.293354 0.011811,
        -0.543307 0.246063 0.011811,
        -0.590598 0.293354 0.078740,
        -0.628000 0.255952 0.078740,
        -0.619731 0.257247 0.078740,
        -0.610236 0.261180 0.078740,
        -0.602082 0.267437 0.078740,
        -0.595826 0.275591 0.078740,
        -0.591893 0.285086 0.078740,
        -0.543307 0.246063 0.000000,
        -0.589150 0.217103 0.000000,
        0.628000 -0.255952 0.011811,
        0.589150 -0.217103 0.011811,
        0.589150 0.217103 0.011811,
        0.628000 0.255952 0.011811,
        0.628000 0.255952 0.078740,
        0.590598 0.293354 0.078740,
        0.591893 0.285086 0.078740,
        0.595826 0.275591 0.078740,
        0.602082 0.267437 0.078740,
        0.610236 0.261180 0.078740,
        0.619731 0.257247 0.078740,
        0.589150 0.217103 0.000000,
        0.543307 0.246063 0.000000,
        0.590598 -0.293354 0.078740,
        0.628000 -0.255952 0.078740,
        0.619731 -0.257247 0.078740,
        0.610236 -0.261180 0.078740,
        0.602082 -0.267437 0.078740,
        0.595826 -0.275591 0.078740,
        0.591893 -0.285086 0.078740,
        0.543307 -0.246063 0.000000,
        0.589150 -0.217103 0.000000,
        -0.628000 -0.255952 0.078740,
        -0.590598 -0.293354 0.078740,
        -0.591893 -0.285086 0.078740,
        -0.595826 -0.275591 0.078740,
        -0.602082 -0.267437 0.078740,
        -0.610236 -0.261180 0.078740,
        -0.619731 -0.257247 0.078740,
        -0.589150 -0.217103 0.000000,
        -0.543307 -0.246063 0.000000,
        0.603474 0.268829 0.000000,
        0.611220 0.262885 0.000000,
        0.620241 0.259148 0.000000,
        0.629921 0.257874 0.000000,
        0.592520 0.295276 0.000000,
        0.593794 0.285595 0.000000,
        0.597531 0.276575 0.000000,
        0.629921 -0.257874 0.000000,
        0.620241 -0.259148 0.000000,
        0.611220 -0.262885 0.000000,
        0.603474 -0.268829 0.000000,
        0.597531 -0.276575 0.000000,
        0.593794 -0.285595 0.000000,
        0.592520 -0.295276 0.000000,
        -0.611220 0.262885 0.000000,
        -0.603474 0.268829 0.000000,
        -0.629921 0.257874 0.000000,
        -0.620241 0.259148 0.000000,
        -0.597531 0.276575 0.000000,
        -0.593794 0.285595 0.000000,
        -0.592520 0.295276 0.000000,
        -0.592520 -0.295276 0.000000,
        -0.593794 -0.285595 0.000000,
        -0.597531 -0.276575 0.000000,
        -0.603474 -0.268829 0.000000,
        -0.611220 -0.262885 0.000000,
        -0.620241 -0.259148 0.000000,
        -0.629921 -0.257874 0.000000,
        -0.592520 -0.295276 0.078740,
        -0.593794 -0.285595 0.078740,
        -0.597531 -0.276575 0.078740,
        -0.603474 -0.268829 0.078740,
        -0.611220 -0.262885 0.078740,
        -0.620241 -0.259148 0.078740,
        -0.629921 -0.257874 0.078740,
        0.629921 -0.257874 0.078740,
        0.620241 -0.259148 0.078740,
        0.611220 -0.262885 0.078740,
        0.603474 -0.268829 0.078740,
        0.597531 -0.276575 0.078740,
        0.593794 -0.285595 0.078740,
        0.592520 -0.295276 0.078740,
        0.592520 0.295276 0.078740,
        0.593794 0.285595 0.078740,
        0.597531 0.276575 0.078740,
        0.603474 0.268829 0.078740,
        0.611220 0.262885 0.078740,
        0.620241 0.259148 0.078740,
        0.629921 0.257874 0.078740,
        -0.629921 0.257874 0.078740,
        -0.620241 0.259148 0.078740,
        -0.611220 0.262885 0.078740,
        -0.603474 0.268829 0.078740,
        -0.597531 0.276575 0.078740,
        -0.593794 0.285595 0.078740,
        -0.592520 0.295276 0.078740,
      ]
    }
    coordIndex [
      80, 44, 81, -1,
      81, 44, 45, -1,
      81, 45, 82, -1,
      82, 45, 46, -1,
      82, 46, 83, -1,
      83, 46, 47, -1,
      83, 47, 84, -1,
      84, 47, 48, -1,
      84, 48, 85, -1,
      85, 48, 49, -1,
      85, 49, 86, -1,
      86, 49, 43, -1,
      86, 43, 3, -1,
      2, 50, 3, -1,
      3, 50, 79, -1,
      3, 79, 86, -1,
      86, 79, 85, -1,
      85, 79, 78, -1,
      85, 78, 84, -1,
      84, 78, 77, -1,
      84, 77, 83, -1,
      83, 77, 76, -1,
      83, 76, 82, -1,
      82, 76, 75, -1,
      82, 75, 81, -1,
      81, 75, 74, -1,
      81, 74, 80, -1,
      80, 74, 73, -1,
      44, 80, 8, -1,
      8, 80, 73, -1,
      8, 73, 9, -1,
      9, 73, 51, -1,
      87, 35, 88, -1,
      88, 35, 36, -1,
      88, 36, 89, -1,
      89, 36, 37, -1,
      89, 37, 90, -1,
      90, 37, 38, -1,
      90, 38, 91, -1,
      91, 38, 39, -1,
      91, 39, 92, -1,
      92, 39, 40, -1,
      92, 40, 93, -1,
      93, 40, 34, -1,
      93, 65, 92, -1,
      92, 65, 64, -1,
      92, 64, 91, -1,
      91, 64, 63, -1,
      91, 63, 90, -1,
      90, 63, 62, -1,
      90, 62, 89, -1,
      89, 62, 61, -1,
      89, 61, 88, -1,
      88, 61, 60, -1,
      88, 60, 87, -1,
      87, 60, 59, -1,
      35, 87, 21, -1,
      21, 87, 59, -1,
      21, 59, 22, -1,
      22, 59, 42, -1,
      93, 34, 5, -1,
      4, 41, 5, -1,
      5, 41, 65, -1,
      5, 65, 93, -1,
      94, 26, 95, -1,
      95, 26, 27, -1,
      95, 27, 96, -1,
      96, 27, 28, -1,
      96, 28, 97, -1,
      97, 28, 29, -1,
      97, 29, 98, -1,
      98, 29, 30, -1,
      98, 30, 99, -1,
      99, 30, 31, -1,
      99, 31, 100, -1,
      100, 31, 25, -1,
      100, 55, 99, -1,
      99, 55, 54, -1,
      99, 54, 98, -1,
      98, 54, 53, -1,
      98, 53, 97, -1,
      97, 53, 52, -1,
      97, 52, 96, -1,
      96, 52, 58, -1,
      96, 58, 95, -1,
      95, 58, 57, -1,
      95, 57, 94, -1,
      94, 57, 56, -1,
      26, 94, 6, -1,
      6, 94, 56, -1,
      6, 56, 7, -1,
      7, 56, 33, -1,
      100, 25, 24, -1,
      23, 32, 24, -1,
      24, 32, 55, -1,
      24, 55, 100, -1,
      101, 13, 102, -1,
      102, 13, 14, -1,
      102, 14, 103, -1,
      103, 14, 15, -1,
      103, 15, 104, -1,
      104, 15, 16, -1,
      104, 16, 105, -1,
      105, 16, 17, -1,
      105, 17, 106, -1,
      106, 17, 18, -1,
      106, 18, 107, -1,
      107, 18, 12, -1,
      107, 72, 106, -1,
      106, 72, 71, -1,
      106, 71, 105, -1,
      105, 71, 70, -1,
      105, 70, 104, -1,
      104, 70, 67, -1,
      104, 67, 103, -1,
      103, 67, 66, -1,
      103, 66, 102, -1,
      102, 66, 69, -1,
      102, 69, 101, -1,
      101, 69, 68, -1,
      13, 101, 0, -1,
      0, 101, 68, -1,
      0, 68, 1, -1,
      1, 68, 20, -1,
      107, 12, 10, -1,
      11, 19, 10, -1,
      10, 19, 72, -1,
      10, 72, 107, -1,
    ]
  }
}
