#VRML V2.0 utf8

Shape {
  appearance Appearance {
    material Material {
      diffuseColor 0.7529 0.7529 0.7529
      specularColor 0.3765 0.3765 0.3765
      ambientIntensity 0.2
      transparency 0.0000
      shininess 0.5
    }
  }
  geometry IndexedFaceSet {
    ccw TRUE
    solid FALSE
    coord DEF co Coordinate {
      point [
        1.614173 -0.204724 0.039370,
        1.614173 -0.500000 0.039370,
        1.616856 -0.479620 0.039370,
        1.624722 -0.460630 0.039370,
        1.637236 -0.444322 0.039370,
        1.653543 -0.431809 0.039370,
        1.771654 -0.421260 0.039370,
        1.771654 -0.204724 0.039370,
        1.692913 -0.421260 0.039370,
        1.672534 -0.423943 0.039370,
        1.771654 -0.421260 -0.039370,
        1.771654 -0.204724 -0.039370,
        1.637236 -0.444322 -0.039370,
        1.614173 -0.204724 -0.039370,
        1.653543 -0.431809 -0.039370,
        1.672534 -0.423943 -0.039370,
        1.624722 -0.460630 -0.039370,
        1.616856 -0.479620 -0.039370,
        1.614173 -0.500000 -0.039370,
        1.692913 -0.421260 -0.039370,
        1.771654 -0.834646 0.039370,
        1.771654 -0.618110 0.039370,
        1.614173 -0.834646 0.039370,
        1.692913 -0.618110 0.039370,
        1.672534 -0.615427 0.039370,
        1.653543 -0.607561 0.039370,
        1.637236 -0.595048 0.039370,
        1.624722 -0.578740 0.039370,
        1.616856 -0.559750 0.039370,
        1.614173 -0.539370 0.039370,
        1.771654 -0.834646 -0.039370,
        1.771654 -0.618110 -0.039370,
        1.614173 -0.834646 -0.039370,
        1.614173 -0.539370 -0.039370,
        1.616856 -0.559750 -0.039370,
        1.692913 -0.618110 -0.039370,
        1.672534 -0.615427 -0.039370,
        1.653543 -0.607561 -0.039370,
        1.624722 -0.578740 -0.039370,
        1.637236 -0.595048 -0.039370,
        1.593794 -0.834646 -0.036687,
        1.593794 -0.204724 -0.036687,
        1.574803 -0.834646 -0.028821,
        1.574803 -0.204724 -0.028821,
        1.558496 -0.834646 -0.016307,
        1.558496 -0.204724 -0.016307,
        1.545982 -0.834646 0.000000,
        1.545982 -0.204724 0.000000,
        1.538116 -0.834646 0.018991,
        1.538116 -0.204724 0.018991,
        1.535433 -0.834646 0.039370,
        1.535433 -0.204724 0.039370,
        1.535433 -0.834646 0.157480,
        1.535433 -0.874016 0.157480,
        1.535433 -0.874016 1.259843,
        1.535433 -0.165354 1.259843,
        1.535433 -0.165354 0.157480,
        1.535433 -0.204724 0.157480,
        1.614173 -0.165354 0.157480,
        1.614173 -0.165354 1.259843,
        1.614173 -0.204724 0.157480,
        1.614173 -0.874016 1.259843,
        1.614173 -0.874016 0.157480,
        1.614173 -0.834646 0.157480,
        -1.616856 -0.479620 0.039370,
        -1.614173 -0.500000 0.039370,
        -1.614173 -0.204724 0.039370,
        -1.672534 -0.423943 0.039370,
        -1.653543 -0.431809 0.039370,
        -1.637236 -0.444322 0.039370,
        -1.624722 -0.460630 0.039370,
        -1.771654 -0.204724 0.039370,
        -1.771654 -0.421260 0.039370,
        -1.692913 -0.421260 0.039370,
        -1.771654 -0.204724 -0.039370,
        -1.771654 -0.421260 -0.039370,
        -1.614173 -0.204724 -0.039370,
        -1.614173 -0.500000 -0.039370,
        -1.616856 -0.479620 -0.039370,
        -1.624722 -0.460630 -0.039370,
        -1.637236 -0.444322 -0.039370,
        -1.653543 -0.431809 -0.039370,
        -1.692913 -0.421260 -0.039370,
        -1.672534 -0.423943 -0.039370,
        -1.614173 -0.834646 0.039370,
        -1.614173 -0.539370 0.039370,
        -1.616856 -0.559750 0.039370,
        -1.624722 -0.578740 0.039370,
        -1.637236 -0.595048 0.039370,
        -1.653543 -0.607561 0.039370,
        -1.771654 -0.618110 0.039370,
        -1.771654 -0.834646 0.039370,
        -1.692913 -0.618110 0.039370,
        -1.672534 -0.615427 0.039370,
        -1.771654 -0.834646 -0.039370,
        -1.771654 -0.618110 -0.039370,
        -1.672534 -0.615427 -0.039370,
        -1.653543 -0.607561 -0.039370,
        -1.614173 -0.834646 -0.039370,
        -1.637236 -0.595048 -0.039370,
        -1.624722 -0.578740 -0.039370,
        -1.616856 -0.559750 -0.039370,
        -1.614173 -0.539370 -0.039370,
        -1.692913 -0.618110 -0.039370,
        -1.593794 -0.204724 -0.036687,
        -1.535433 -0.204724 0.039370,
        -1.535433 -0.834646 0.039370,
        -1.538116 -0.834646 0.018991,
        -1.593794 -0.834646 -0.036687,
        -1.538116 -0.204724 0.018991,
        -1.545982 -0.834646 0.000000,
        -1.545982 -0.204724 0.000000,
        -1.558496 -0.834646 -0.016307,
        -1.558496 -0.204724 -0.016307,
        -1.574803 -0.834646 -0.028821,
        -1.574803 -0.204724 -0.028821,
        -1.535433 -0.874016 1.259843,
        -1.535433 -0.874016 0.157480,
        -1.535433 -0.165354 1.259843,
        -1.535433 -0.834646 0.157480,
        -1.535433 -0.165354 0.157480,
        -1.535433 -0.204724 0.157480,
        -1.614173 -0.874016 0.157480,
        -1.614173 -0.874016 1.259843,
        -1.614173 -0.834646 0.157480,
        -1.614173 -0.165354 1.259843,
        -1.614173 -0.165354 0.157480,
        -1.614173 -0.204724 0.157480,
      ]
    }
    coordIndex [
      0, 1, 2, -1,
      2, 3, 0, -1,
      0, 3, 4, -1,
      0, 4, 5, -1,
      6, 7, 8, -1,
      8, 7, 0, -1,
      8, 0, 9, -1,
      9, 0, 5, -1,
      10, 11, 6, -1,
      6, 11, 7, -1,
      12, 13, 14, -1,
      14, 13, 15, -1,
      12, 16, 13, -1,
      13, 16, 17, -1,
      13, 17, 18, -1,
      11, 10, 13, -1,
      13, 10, 19, -1,
      13, 19, 15, -1,
      20, 21, 22, -1,
      22, 21, 23, -1,
      23, 24, 22, -1,
      22, 24, 25, -1,
      22, 25, 26, -1,
      26, 27, 22, -1,
      22, 27, 28, -1,
      22, 28, 29, -1,
      20, 30, 21, -1,
      21, 30, 31, -1,
      32, 33, 34, -1,
      31, 30, 35, -1,
      35, 30, 32, -1,
      35, 32, 36, -1,
      36, 32, 37, -1,
      34, 38, 32, -1,
      32, 38, 39, -1,
      32, 39, 37, -1,
      33, 32, 40, -1,
      41, 13, 18, -1,
      33, 40, 18, -1,
      18, 40, 41, -1,
      41, 40, 42, -1,
      41, 42, 43, -1,
      43, 42, 44, -1,
      43, 44, 45, -1,
      45, 44, 46, -1,
      45, 46, 47, -1,
      47, 46, 48, -1,
      47, 48, 49, -1,
      49, 48, 50, -1,
      49, 50, 51, -1,
      52, 53, 54, -1,
      55, 56, 57, -1,
      51, 50, 57, -1,
      57, 50, 52, -1,
      57, 52, 55, -1,
      55, 52, 54, -1,
      58, 59, 60, -1,
      60, 59, 61, -1,
      61, 62, 63, -1,
      61, 63, 60, -1,
      60, 63, 22, -1,
      60, 22, 29, -1,
      0, 60, 1, -1,
      1, 60, 29, -1,
      1, 29, 18, -1,
      18, 29, 33, -1,
      55, 59, 56, -1,
      56, 59, 58, -1,
      59, 55, 61, -1,
      61, 55, 54, -1,
      61, 54, 62, -1,
      62, 54, 53, -1,
      52, 63, 53, -1,
      53, 63, 62, -1,
      63, 52, 22, -1,
      22, 52, 50, -1,
      22, 50, 48, -1,
      30, 20, 32, -1,
      32, 20, 22, -1,
      32, 22, 40, -1,
      40, 22, 42, -1,
      48, 46, 22, -1,
      22, 46, 44, -1,
      22, 44, 42, -1,
      60, 57, 58, -1,
      58, 57, 56, -1,
      57, 60, 51, -1,
      51, 60, 0, -1,
      51, 0, 49, -1,
      49, 0, 47, -1,
      7, 11, 0, -1,
      0, 11, 13, -1,
      0, 13, 41, -1,
      41, 43, 0, -1,
      0, 43, 45, -1,
      0, 45, 47, -1,
      19, 10, 8, -1,
      8, 10, 6, -1,
      35, 23, 31, -1,
      31, 23, 21, -1,
      1, 18, 2, -1,
      2, 18, 17, -1,
      2, 17, 3, -1,
      3, 17, 16, -1,
      3, 16, 4, -1,
      4, 16, 12, -1,
      4, 12, 5, -1,
      5, 12, 14, -1,
      5, 14, 9, -1,
      9, 14, 15, -1,
      9, 15, 8, -1,
      8, 15, 19, -1,
      23, 35, 24, -1,
      24, 35, 36, -1,
      24, 36, 25, -1,
      25, 36, 37, -1,
      25, 37, 26, -1,
      26, 37, 39, -1,
      26, 39, 27, -1,
      27, 39, 38, -1,
      27, 38, 28, -1,
      28, 38, 34, -1,
      28, 34, 29, -1,
      29, 34, 33, -1,
      64, 65, 66, -1,
      67, 68, 66, -1,
      68, 69, 66, -1,
      66, 69, 70, -1,
      66, 70, 64, -1,
      71, 72, 66, -1,
      66, 72, 73, -1,
      66, 73, 67, -1,
      74, 75, 71, -1,
      71, 75, 72, -1,
      76, 77, 78, -1,
      78, 79, 76, -1,
      76, 79, 80, -1,
      76, 80, 81, -1,
      75, 74, 82, -1,
      82, 74, 76, -1,
      82, 76, 83, -1,
      83, 76, 81, -1,
      84, 85, 86, -1,
      86, 87, 84, -1,
      84, 87, 88, -1,
      84, 88, 89, -1,
      90, 91, 92, -1,
      92, 91, 84, -1,
      92, 84, 93, -1,
      93, 84, 89, -1,
      94, 91, 95, -1,
      95, 91, 90, -1,
      96, 97, 98, -1,
      98, 97, 99, -1,
      99, 100, 98, -1,
      98, 100, 101, -1,
      98, 101, 102, -1,
      94, 95, 98, -1,
      98, 95, 103, -1,
      98, 103, 96, -1,
      77, 76, 104, -1,
      105, 106, 107, -1,
      108, 98, 102, -1,
      105, 107, 109, -1,
      109, 107, 110, -1,
      109, 110, 111, -1,
      111, 110, 112, -1,
      111, 112, 113, -1,
      113, 112, 114, -1,
      113, 114, 115, -1,
      115, 114, 108, -1,
      115, 108, 104, -1,
      104, 108, 102, -1,
      104, 102, 77, -1,
      116, 117, 118, -1,
      118, 117, 119, -1,
      120, 118, 121, -1,
      121, 118, 119, -1,
      121, 119, 105, -1,
      105, 119, 106, -1,
      122, 123, 124, -1,
      124, 123, 125, -1,
      125, 126, 127, -1,
      125, 127, 124, -1,
      124, 127, 66, -1,
      124, 66, 65, -1,
      84, 124, 85, -1,
      85, 124, 65, -1,
      85, 65, 102, -1,
      102, 65, 77, -1,
      125, 118, 126, -1,
      126, 118, 120, -1,
      118, 125, 116, -1,
      116, 125, 123, -1,
      116, 123, 117, -1,
      117, 123, 122, -1,
      124, 119, 122, -1,
      122, 119, 117, -1,
      119, 124, 106, -1,
      106, 124, 84, -1,
      106, 84, 107, -1,
      107, 84, 110, -1,
      91, 94, 84, -1,
      84, 94, 98, -1,
      84, 98, 108, -1,
      108, 114, 84, -1,
      84, 114, 112, -1,
      84, 112, 110, -1,
      121, 127, 120, -1,
      120, 127, 126, -1,
      127, 121, 66, -1,
      66, 121, 105, -1,
      66, 105, 109, -1,
      74, 71, 76, -1,
      76, 71, 66, -1,
      76, 66, 104, -1,
      104, 66, 115, -1,
      109, 111, 66, -1,
      66, 111, 113, -1,
      66, 113, 115, -1,
      75, 82, 72, -1,
      72, 82, 73, -1,
      92, 103, 90, -1,
      90, 103, 95, -1,
      73, 82, 67, -1,
      67, 82, 83, -1,
      67, 83, 68, -1,
      68, 83, 81, -1,
      68, 81, 69, -1,
      69, 81, 80, -1,
      69, 80, 70, -1,
      70, 80, 79, -1,
      70, 79, 64, -1,
      64, 79, 78, -1,
      64, 78, 65, -1,
      65, 78, 77, -1,
      85, 102, 86, -1,
      86, 102, 101, -1,
      86, 101, 87, -1,
      87, 101, 100, -1,
      87, 100, 88, -1,
      88, 100, 99, -1,
      88, 99, 89, -1,
      89, 99, 97, -1,
      89, 97, 93, -1,
      93, 97, 96, -1,
      93, 96, 92, -1,
      92, 96, 103, -1,
    ]
  }
}

Shape {
  appearance Appearance {
    material Material {
      diffuseColor 1.0000 0.9961 0.9373
      specularColor 0.3020 0.2980 0.2824
      ambientIntensity 0.2
      transparency 0.0000
      shininess 0.5
    }
  }
  geometry IndexedFaceSet {
    ccw TRUE
    solid FALSE
    coord DEF co Coordinate {
      point [
        1.771654 0.594202 0.356580,
        1.771654 0.594202 0.285639,
        1.771654 0.626090 0.285639,
        1.771654 0.827386 0.328601,
        1.771654 0.828720 0.317568,
        1.771654 0.830941 0.357255,
        1.771654 1.044078 0.252358,
        1.771654 1.044078 0.357255,
        1.771654 0.931212 0.357255,
        1.771654 1.082677 -0.000000,
        1.771654 1.082677 0.117094,
        1.771654 1.044078 0.117094,
        1.771654 0.658763 0.356523,
        1.771654 0.664784 0.357255,
        1.771654 0.632947 0.357255,
        1.771654 0.688976 0.850531,
        1.771654 0.688976 0.917378,
        1.771654 0.685896 0.917378,
        1.771654 0.688976 1.456693,
        1.771654 0.685896 1.456693,
        1.771654 0.720586 0.149198,
        1.771654 0.717313 0.148812,
        1.771654 0.737301 0.148812,
        1.771654 0.702031 0.149278,
        1.771654 0.700705 0.149770,
        1.771654 0.700705 0.148812,
        1.771654 0.409523 0.363572,
        1.771654 0.418580 0.357255,
        1.771654 0.551078 0.357255,
        1.771654 0.431189 0.348460,
        1.771654 0.451191 0.324901,
        1.771654 0.513738 0.252358,
        1.771654 0.551078 0.252358,
        1.771654 0.508736 0.264865,
        1.771654 0.497120 0.281064,
        1.771654 0.481684 0.294128,
        1.771654 0.461931 0.303486,
        1.771654 0.464744 0.302540,
        1.771654 0.353766 0.378063,
        1.771654 0.381330 0.374652,
        1.771654 0.551078 0.917378,
        1.771654 0.328637 0.375313,
        1.771654 -0.204724 0.917378,
        1.771654 0.302188 0.365928,
        1.771654 0.287770 0.357255,
        1.771654 -0.204724 0.357255,
        1.771654 0.285452 0.355861,
        1.771654 0.168164 0.287095,
        1.771654 0.181842 0.304625,
        1.771654 0.224932 0.329193,
        1.771654 0.247309 0.331951,
        1.771654 0.272074 0.344404,
        1.771654 0.253856 0.331595,
        1.771654 0.260403 0.330812,
        1.771654 0.185725 0.308299,
        1.771654 0.203840 0.321017,
        1.771654 0.196490 0.162704,
        1.771654 0.178995 0.177674,
        1.771654 -0.204724 0.148812,
        1.771654 0.217024 0.152611,
        1.771654 0.165980 0.196263,
        1.771654 0.157832 0.217458,
        1.771654 -0.204724 0.252358,
        1.771654 0.155085 0.239726,
        1.771654 0.155247 0.245208,
        1.771654 0.156526 0.252358,
        1.771654 0.159074 0.266603,
        1.771654 0.224538 0.150348,
        1.771654 0.225256 0.148812,
        1.771654 0.230244 0.138138,
        1.771654 0.238710 0.127689,
        1.771654 0.292394 0.113333,
        1.771654 0.278620 0.111637,
        1.771654 0.551078 -0.000000,
        1.771654 0.276420 0.111678,
        1.771654 -0.204724 -0.000000,
        1.771654 0.262980 0.113775,
        1.771654 -0.204724 0.117094,
        1.771654 0.255081 0.117094,
        1.771654 0.249846 0.119295,
        1.771654 0.331966 0.148812,
        1.771654 0.331919 0.148610,
        1.771654 0.551078 0.117094,
        1.771654 0.325188 0.135919,
        1.771654 0.316431 0.126098,
        1.771654 0.305091 0.118208,
        1.771654 0.302191 0.117094,
        1.771654 0.404654 0.182396,
        1.771654 0.408560 0.183939,
        1.771654 0.415249 0.216385,
        1.771654 0.321317 0.206708,
        1.771654 0.397601 0.246558,
        1.771654 0.311372 0.215763,
        1.771654 0.299293 0.222239,
        1.771654 0.401154 0.179915,
        1.771654 0.508520 0.190557,
        1.771654 0.497226 0.174828,
        1.771654 0.551078 0.148812,
        1.771654 0.482717 0.233312,
        1.771654 0.480048 0.244247,
        1.771654 0.475680 0.252358,
        1.771654 0.192365 0.252358,
        1.771654 0.515690 0.247478,
        1.771654 0.518290 0.228910,
        1.771654 0.515674 0.208578,
        1.771654 0.412972 0.184506,
        1.771654 0.413526 0.184465,
        1.771654 0.415234 0.184087,
        1.771654 0.195704 0.218180,
        1.771654 0.202500 0.206612,
        1.771654 0.231406 0.200738,
        1.771654 0.212707 0.196127,
        1.771654 0.225107 0.188491,
        1.771654 0.252461 0.219583,
        1.771654 0.240819 0.211497,
        1.771654 0.190950 0.240865,
        1.771654 0.191627 0.232115,
        1.771654 0.265036 0.224391,
        1.771654 0.278620 0.226063,
        1.771654 0.285552 0.225652,
        1.771654 0.481730 0.161711,
        1.771654 0.464359 0.153213,
        1.771654 0.445421 0.149210,
        1.771654 0.395324 0.166858,
        1.771654 0.395469 0.169104,
        1.771654 0.335549 0.174258,
        1.771654 0.396612 0.173437,
        1.771654 0.398801 0.177321,
        1.771654 0.471442 0.198233,
        1.771654 0.477705 0.207113,
        1.771654 0.481628 0.217259,
        1.771654 0.482994 0.228341,
        1.771654 0.411833 0.149210,
        1.771654 0.408626 0.149727,
        1.771654 0.404861 0.151209,
        1.771654 0.401169 0.153834,
        1.771654 0.399845 0.155181,
        1.771654 0.397364 0.158757,
        1.771654 0.395864 0.162617,
        1.771654 0.335243 0.162665,
        1.771654 0.335549 0.168566,
        1.771654 0.416387 0.183936,
        1.771654 0.442006 0.183936,
        1.771654 0.452209 0.185889,
        1.771654 0.462256 0.190540,
        1.771654 0.470676 0.197411,
        1.771654 0.421780 0.306920,
        1.771654 0.408944 0.322265,
        1.771654 0.278051 0.289254,
        1.771654 0.407479 0.323599,
        1.771654 0.391483 0.334697,
        1.771654 0.286743 0.307254,
        1.771654 0.273961 0.291489,
        1.771654 0.261195 0.296148,
        1.771654 0.474757 0.254072,
        1.771654 0.468178 0.261420,
        1.771654 0.438590 0.272745,
        1.771654 0.459348 0.267585,
        1.771654 0.449413 0.271410,
        1.771654 0.434035 0.272745,
        1.771654 0.430558 0.288575,
        1.771654 0.227924 0.294163,
        1.771654 0.215232 0.287433,
        1.771654 0.241979 0.297488,
        1.771654 0.205411 0.278676,
        1.771654 0.197522 0.267336,
        1.771654 0.299509 0.322509,
        1.771654 0.373631 0.341535,
        1.771654 0.314788 0.333673,
        1.771654 0.354335 0.343906,
        1.771654 0.333387 0.341209,
        1.771654 0.247879 0.297794,
        1.771654 0.192646 0.254639,
        1.771654 0.846854 0.220346,
        1.771654 0.848676 0.158616,
        1.771654 0.856239 0.252358,
        1.771654 0.856239 0.148812,
        1.771654 0.848676 0.149487,
        1.771654 0.830941 0.148812,
        1.771654 0.830941 0.194721,
        1.771654 0.844583 0.194721,
        1.771654 0.844583 0.185552,
        1.771654 0.830941 0.158616,
        1.771654 0.830941 0.185552,
        1.771654 0.815948 0.185552,
        1.771654 0.815948 0.158616,
        1.771654 0.830941 0.220346,
        1.771654 0.815948 0.220346,
        1.771654 0.815948 0.194721,
        1.771654 0.830941 0.149487,
        1.771654 0.805612 0.149487,
        1.771654 0.771991 0.148812,
        1.771654 0.794805 0.206674,
        1.771654 0.766069 0.163692,
        1.771654 0.767296 0.158985,
        1.771654 0.767563 0.158985,
        1.771654 0.755968 0.252358,
        1.771654 0.805612 0.229557,
        1.771654 0.830941 0.252358,
        1.771654 0.830941 0.229557,
        1.771654 0.846854 0.229557,
        1.771654 0.768023 0.160944,
        1.771654 0.768791 0.163610,
        1.771654 0.755968 0.192749,
        1.771654 0.784407 0.206674,
        1.771654 0.696069 0.161850,
        1.771654 0.685896 0.252358,
        1.771654 0.685896 0.148812,
        1.771654 0.696069 0.151493,
        1.771654 0.700224 0.159305,
        1.771654 0.700705 0.159129,
        1.771654 0.700705 0.180420,
        1.771654 0.698976 0.182195,
        1.771654 0.697668 0.184285,
        1.771654 0.696562 0.187348,
        1.771654 0.696130 0.191242,
        1.771654 0.696525 0.194824,
        1.771654 0.700616 0.180479,
        1.771654 0.700705 0.117094,
        1.771654 0.711583 0.148137,
        1.771654 0.705930 0.148812,
        1.771654 0.731949 0.205446,
        1.771654 0.731949 0.195704,
        1.771654 0.702557 0.203440,
        1.771654 0.705929 0.205411,
        1.771654 0.700705 0.252358,
        1.771654 0.697719 0.198053,
        1.771654 0.699581 0.200764,
        1.771654 0.700705 0.201775,
        1.771654 0.734215 0.161013,
        1.771654 0.732983 0.157835,
        1.771654 0.731113 0.155190,
        1.771654 0.711538 0.207297,
        1.771654 0.718399 0.207984,
        1.771654 0.737301 0.252358,
        1.771654 0.725435 0.207360,
        1.771654 0.731335 0.174499,
        1.771654 0.733207 0.171736,
        1.771654 0.734277 0.168779,
        1.771654 0.734692 0.165043,
        1.771654 0.728244 0.152680,
        1.771654 0.725874 0.151226,
        1.771654 0.717417 0.199838,
        1.771654 0.714448 0.199615,
        1.771654 0.706467 0.192142,
        1.771654 0.711765 0.198905,
        1.771654 0.709516 0.197709,
        1.771654 0.706558 0.190808,
        1.771654 0.706956 0.189250,
        1.771654 0.707678 0.187897,
        1.771654 0.708657 0.186820,
        1.771654 0.712193 0.184610,
        1.771654 0.723702 0.199159,
        1.771654 0.718399 0.181908,
        1.771654 0.729387 0.197152,
        1.771654 0.722283 0.180337,
        1.771654 0.728943 0.176633,
        1.771654 0.708003 0.196372,
        1.771654 0.707143 0.195096,
        1.771654 0.706648 0.193742,
        1.771654 0.706523 0.157001,
        1.771654 0.711317 0.174622,
        1.771654 0.705339 0.177362,
        1.771654 0.712566 0.156324,
        1.771654 0.713009 0.156326,
        1.771654 0.717903 0.171864,
        1.771654 0.718150 0.156903,
        1.771654 0.724396 0.164061,
        1.771654 0.724298 0.165308,
        1.771654 0.720738 0.157850,
        1.771654 0.721652 0.158405,
        1.771654 0.722803 0.159426,
        1.771654 0.723679 0.160721,
        1.771654 0.724189 0.162147,
        1.771654 0.723843 0.166874,
        1.771654 0.723067 0.168204,
        1.771654 0.721817 0.169505,
        1.771654 0.885620 0.298410,
        1.771654 0.856239 0.298410,
        1.771654 0.893787 0.276510,
        1.771654 0.905208 0.276510,
        1.771654 0.931212 0.252358,
        1.771654 0.874711 0.356580,
        1.771654 0.833161 0.276510,
        1.771654 0.844583 0.276510,
        1.771654 0.852278 0.298410,
        1.771654 0.746583 0.347369,
        1.771654 0.755968 0.357255,
        1.771654 0.746583 0.356580,
        1.771654 0.737301 0.357255,
        1.771654 0.737301 0.356580,
        1.771654 0.744311 0.321743,
        1.771654 0.744311 0.312574,
        1.771654 0.748405 0.285639,
        1.771654 0.737301 0.285639,
        1.771654 0.737301 0.312574,
        1.771654 0.715677 0.312574,
        1.771654 0.715677 0.285639,
        1.771654 0.737301 0.347369,
        1.771654 0.737301 0.321743,
        1.771654 0.715677 0.347369,
        1.771654 0.715677 0.321743,
        1.771654 0.705341 0.276510,
        1.771654 0.737301 0.276510,
        1.771654 0.748405 0.276510,
        1.771654 0.705341 0.356580,
        1.771654 0.700705 0.357255,
        1.771654 0.685896 0.357255,
        1.771654 0.700705 0.839268,
        1.771654 0.737301 0.804123,
        1.771654 0.755968 0.786196,
        1.771654 0.830941 0.714196,
        1.771654 0.856239 0.357255,
        1.771654 0.856239 0.689901,
        1.771654 0.931212 0.617900,
        1.771654 1.044078 0.509509,
        1.771654 0.685896 0.278472,
        1.771654 0.687949 0.279145,
        1.771654 0.689315 0.279826,
        1.771654 0.689315 0.289732,
        1.771654 0.680301 0.347420,
        1.771654 0.670444 0.348597,
        1.771654 0.685896 0.288197,
        1.771654 0.689315 0.343848,
        1.771654 0.688423 0.344330,
        1.771654 0.685896 0.345291,
        1.771654 0.666497 0.348394,
        1.771654 0.659647 0.346889,
        1.771654 0.653433 0.343796,
        1.771654 0.641534 0.326652,
        1.771654 0.640213 0.315644,
        1.771654 0.668643 0.284370,
        1.771654 0.648625 0.339714,
        1.771654 0.648089 0.339127,
        1.771654 0.681433 0.286193,
        1.771654 0.672376 0.284508,
        1.771654 0.644217 0.333565,
        1.771654 0.640360 0.311824,
        1.771654 0.641774 0.304009,
        1.771654 0.644481 0.297668,
        1.771654 0.648072 0.292802,
        1.771654 0.650430 0.290559,
        1.771654 0.661799 0.285055,
        1.771654 0.655879 0.287043,
        1.771654 0.678937 0.357255,
        1.771654 0.680826 0.357107,
        1.771654 0.685896 0.355643,
        1.771654 0.689315 0.354656,
        1.771654 0.632947 0.917378,
        1.771654 0.670341 0.357930,
        1.771654 0.635125 0.338558,
        1.771654 0.640929 0.346141,
        1.771654 0.642902 0.348024,
        1.771654 0.650396 0.353275,
        1.771654 0.632947 0.148812,
        1.771654 0.632947 0.252358,
        1.771654 0.628147 0.252358,
        1.771654 0.632947 0.296863,
        1.771654 0.628147 0.357255,
        1.771654 0.631322 0.329664,
        1.771654 0.632947 0.333465,
        1.771654 0.630946 0.301988,
        1.771654 0.629365 0.315030,
        1.771654 0.629506 0.319211,
        1.771654 0.653630 0.277176,
        1.771654 0.646074 0.280741,
        1.771654 0.639640 0.286089,
        1.771654 0.638987 0.286801,
        1.771654 0.634207 0.293635,
        1.771654 0.679352 0.276326,
        1.771654 0.667148 0.275159,
        1.771654 0.662306 0.275388,
        1.771654 0.640789 0.176980,
        1.771654 0.642116 0.192920,
        1.771654 0.638724 0.174150,
        1.771654 0.637283 0.170658,
        1.771654 0.672449 0.149487,
        1.771654 0.660248 0.148811,
        1.771654 0.638250 0.156829,
        1.771654 0.637031 0.160215,
        1.771654 0.672449 0.158330,
        1.771654 0.672183 0.158330,
        1.771654 0.669807 0.154921,
        1.771654 0.664262 0.199482,
        1.771654 0.660865 0.199838,
        1.771654 0.655502 0.183464,
        1.771654 0.644818 0.150283,
        1.771654 0.648663 0.148833,
        1.771654 0.648850 0.148812,
        1.771654 0.668140 0.207379,
        1.771654 0.672296 0.206059,
        1.771654 0.666532 0.151806,
        1.771654 0.664245 0.150356,
        1.771654 0.643960 0.179614,
        1.771654 0.648409 0.181779,
        1.771654 0.649015 0.197260,
        1.771654 0.655297 0.199300,
        1.771654 0.641441 0.152639,
        1.771654 0.640338 0.153755,
        1.771654 0.675591 0.204113,
        1.771654 0.678232 0.201506,
        1.771654 0.680254 0.198196,
        1.771654 0.642116 0.202663,
        1.771654 0.644191 0.203864,
        1.771654 0.651650 0.206753,
        1.771654 0.661806 0.207984,
        1.771654 0.636529 0.164797,
        1.771654 0.636580 0.166419,
        1.771654 0.672449 0.185838,
        1.771654 0.672100 0.190273,
        1.771654 0.671064 0.193844,
        1.771654 0.669885 0.195909,
        1.771654 0.681787 0.193504,
        1.771654 0.682478 0.186289,
        1.771654 0.682478 0.149487,
        1.771654 0.668369 0.197522,
        1.771654 0.666589 0.198669,
        1.771654 0.755968 0.148812,
        1.771654 0.755968 0.165829,
        1.771654 0.739911 0.206674,
        1.771654 0.751127 0.206674,
        1.771654 0.762343 0.149610,
        1.771654 0.762006 0.148812,
        1.771654 0.757943 0.139213,
        1.771654 0.737301 0.117094,
        1.771654 0.741978 0.123371,
        1.771654 0.741978 0.132294,
        1.771654 0.754072 0.133484,
        1.771654 0.755941 0.135557,
        1.771654 0.755968 0.135606,
        1.771654 0.744030 0.131622,
        1.771654 0.747668 0.131148,
        1.771654 0.755968 0.124340,
        1.771654 0.752498 0.123018,
        1.771654 0.755968 0.117094,
        1.771654 0.748446 0.122552,
        1.771654 0.746232 0.122631,
        1.771654 0.750230 0.131456,
        1.771654 0.752409 0.132316,
        1.771654 0.768852 0.140850,
        1.771654 0.764312 0.132008,
        1.771654 0.830941 0.117094,
        1.771654 0.760642 0.127600,
        1.771654 0.759958 0.126974,
        1.771654 0.756455 0.124526,
        1.771654 1.082677 0.472441,
        1.771654 1.082677 0.357255,
        1.771654 1.082677 0.252358,
        1.771654 1.082677 0.148812,
        1.771654 1.044078 0.148812,
        1.771654 0.974982 0.229557,
        1.771654 1.005479 0.149487,
        1.771654 0.985891 0.171388,
        1.771654 0.952550 0.171388,
        1.771654 0.994058 0.149487,
        1.771654 0.944854 0.149487,
        1.771654 0.931212 0.148812,
        1.771654 0.933433 0.149487,
        1.771654 0.963930 0.229557,
        1.771654 0.856239 0.337100,
        1.771654 0.863658 0.356580,
        1.771654 0.924694 0.209215,
        1.771654 0.927657 0.201579,
        1.771654 0.928991 0.190546,
        1.771654 0.928751 0.185444,
        1.771654 0.926811 0.176070,
        1.771654 0.922867 0.167789,
        1.771654 0.916915 0.160704,
        1.771654 0.908552 0.154708,
        1.771654 0.899425 0.151143,
        1.771654 0.885825 0.149487,
        1.771654 0.863802 0.149487,
        1.771654 0.863802 0.229557,
        1.771654 0.886644 0.229557,
        1.771654 0.898870 0.228207,
        1.771654 0.908533 0.224677,
        1.771654 0.916915 0.218955,
        1.771654 0.919737 0.216195,
        1.771654 0.856239 0.117094,
        1.771654 0.931212 0.117094,
        1.771654 0.763531 0.276510,
        1.771654 0.824423 0.336237,
        1.771654 0.828480 0.312467,
        1.771654 0.826539 0.303093,
        1.771654 0.822596 0.294811,
        1.771654 0.816644 0.287726,
        1.771654 0.808281 0.281730,
        1.771654 0.799154 0.278166,
        1.771654 0.785554 0.276510,
        1.771654 0.763531 0.356580,
        1.771654 0.786372 0.356580,
        1.771654 0.798598 0.355230,
        1.771654 0.808262 0.351699,
        1.771654 0.816644 0.345977,
        1.771654 0.819466 0.343217,
        1.771654 0.654663 0.148137,
        1.771654 0.632947 0.117094,
        1.771654 0.685896 0.117094,
        1.771654 1.044078 -0.000000,
        1.771654 0.931212 -0.000000,
        1.771654 0.856239 -0.000000,
        1.771654 0.830941 -0.000000,
        1.771654 0.755968 -0.000000,
        1.771654 0.737301 -0.000000,
        1.771654 0.700705 -0.000000,
        1.771654 0.685896 -0.000000,
        1.771654 0.632947 -0.000000,
        1.771654 0.628147 0.117094,
        1.771654 0.628147 -0.000000,
        1.771654 0.626929 0.158616,
        1.771654 0.626929 0.149487,
        1.771654 0.628147 0.148812,
        1.771654 0.583865 0.149487,
        1.771654 0.625107 0.220346,
        1.771654 0.583865 0.229557,
        1.771654 0.625107 0.229557,
        1.771654 0.594202 0.185552,
        1.771654 0.594202 0.158616,
        1.771654 0.622836 0.185552,
        1.771654 0.622836 0.194721,
        1.771654 0.594202 0.194721,
        1.771654 0.594202 0.220346,
        1.771654 0.583865 0.276510,
        1.771654 0.583865 0.356580,
        1.771654 0.626090 0.276510,
        1.771654 0.628147 0.917378,
        1.771654 0.632947 1.456693,
        1.771654 0.628147 1.456693,
        1.771654 0.551078 1.456693,
        1.771654 -0.204724 1.456693,
        -0.838629 0.570866 1.003347,
        -0.845553 0.570866 1.007393,
        1.574803 0.570866 1.259843,
        0.933025 0.570866 1.003347,
        0.926101 0.570866 1.007393,
        -1.003937 0.570866 0.196850,
        -1.574803 0.570866 0.196850,
        -1.574803 0.570866 1.259843,
        -0.885827 0.570866 1.016672,
        -0.906339 0.570866 1.014350,
        0.954640 0.570866 0.986208,
        0.952962 0.570866 0.987664,
        0.938732 0.570866 1.000013,
        -0.807487 0.570866 0.974257,
        -0.817014 0.570866 0.986208,
        -0.861502 0.570866 1.013034,
        -0.865060 0.570866 1.014292,
        -0.876737 0.570866 1.016220,
        0.373616 0.570866 0.974257,
        0.364089 0.570866 0.986208,
        -0.216935 0.570866 0.974257,
        -0.226463 0.570866 0.986208,
        -0.818692 0.570866 0.987664,
        -0.832922 0.570866 1.000013,
        -0.910216 0.570866 1.013225,
        -0.916520 0.570866 1.011394,
        -0.933054 0.570866 1.003373,
        0.362411 0.570866 0.987664,
        0.348181 0.570866 1.000013,
        0.342474 0.570866 1.003347,
        -0.228141 0.570866 0.987664,
        -0.242370 0.570866 1.000013,
        -0.248078 0.570866 1.003347,
        0.974590 0.570866 0.954976,
        0.968413 0.570866 0.966403,
        0.964167 0.570866 0.974257,
        -0.255002 0.570866 1.007393,
        -0.270951 0.570866 1.013034,
        -0.274509 0.570866 1.014292,
        0.976035 0.570866 0.814961,
        0.976453 0.570866 0.827370,
        0.976911 0.570866 0.831159,
        0.981509 0.570866 0.869824,
        0.982114 0.570866 0.875287,
        0.983891 0.570866 0.891333,
        0.983798 0.570866 0.897250,
        0.983582 0.570866 0.910975,
        0.983453 0.570866 0.919185,
        0.979607 0.570866 0.939257,
        0.335550 0.570866 1.007393,
        0.319600 0.570866 1.013034,
        0.316042 0.570866 1.014292,
        -0.935293 0.570866 1.002287,
        -0.943737 0.570866 0.996299,
        -0.952747 0.570866 0.987387,
        0.979250 0.570866 0.941119,
        0.978994 0.570866 0.942455,
        -0.983753 0.570866 0.911201,
        -0.984080 0.570866 0.896771,
        -0.984105 0.570866 0.895640,
        -0.981850 0.570866 0.874481,
        0.392902 0.570866 0.919185,
        0.803222 0.570866 0.966427,
        0.796224 0.570866 0.952910,
        -0.792563 0.570866 0.849158,
        -0.791031 0.570866 0.861822,
        -0.767717 0.570866 0.196850,
        -0.958960 0.570866 0.981241,
        -0.965090 0.570866 0.972880,
        -0.968431 0.570866 0.966427,
        -0.976035 0.570866 0.814961,
        -0.976035 0.570866 0.196850,
        0.976035 0.570866 0.196850,
        1.003937 0.570866 0.196850,
        1.574803 0.570866 0.196850,
        0.979090 0.570866 0.849158,
        0.980623 0.570866 0.861822,
        0.910151 0.570866 1.013034,
        0.906593 0.570866 1.014292,
        0.894917 0.570866 1.016220,
        -0.286185 0.570866 1.016220,
        -0.295276 0.570866 1.016672,
        -0.315788 0.570866 1.014350,
        -0.803241 0.570866 0.966403,
        -0.797063 0.570866 0.954976,
        -0.975430 0.570866 0.952910,
        -0.979023 0.570866 0.942355,
        -0.979252 0.570866 0.941120,
        0.385484 0.570866 0.814961,
        0.385902 0.570866 0.827370,
        0.386360 0.570866 0.831159,
        0.861438 0.570866 1.013225,
        0.865314 0.570866 1.014350,
        0.885827 0.570866 1.016672,
        0.855134 0.570866 1.011394,
        0.838599 0.570866 1.003373,
        0.836361 0.570866 1.002287,
        -0.205067 0.570866 0.814961,
        -0.204649 0.570866 0.827370,
        -0.204191 0.570866 0.831159,
        0.304366 0.570866 1.016220,
        0.295276 0.570866 1.016672,
        0.274763 0.570866 1.014350,
        -0.212689 0.570866 0.966403,
        -0.206512 0.570866 0.954976,
        -0.384878 0.570866 0.952910,
        -0.388472 0.570866 0.942355,
        -0.788200 0.570866 0.919185,
        -0.388700 0.570866 0.941120,
        -0.979593 0.570866 0.939274,
        -0.983609 0.570866 0.917579,
        -0.981405 0.570866 0.870298,
        -0.980154 0.570866 0.858561,
        -0.979044 0.570866 0.849011,
        -0.976973 0.570866 0.831194,
        -0.976365 0.570866 0.825969,
        0.792630 0.570866 0.942355,
        0.792402 0.570866 0.941120,
        0.792060 0.570866 0.939274,
        0.205673 0.570866 0.952910,
        0.202079 0.570866 0.942355,
        -0.197649 0.570866 0.919185,
        0.201851 0.570866 0.941120,
        0.201509 0.570866 0.939274,
        -0.413386 0.570866 0.196850,
        -0.389603 0.570866 0.858561,
        -0.388493 0.570866 0.849011,
        -0.386422 0.570866 0.831194,
        -0.792046 0.570866 0.939257,
        -0.792404 0.570866 0.941119,
        -0.792659 0.570866 0.942455,
        -0.344741 0.570866 1.002287,
        -0.353186 0.570866 0.996299,
        -0.362196 0.570866 0.987387,
        -0.368409 0.570866 0.981241,
        -0.374539 0.570866 0.972880,
        -0.377880 0.570866 0.966427,
        0.391563 0.570866 0.875287,
        0.393340 0.570866 0.891333,
        0.787548 0.570866 0.895640,
        0.393247 0.570866 0.897250,
        0.787574 0.570866 0.896771,
        0.393031 0.570866 0.910975,
        0.787901 0.570866 0.911201,
        0.788045 0.570866 0.917579,
        0.791500 0.570866 0.858561,
        0.792609 0.570866 0.849011,
        0.390072 0.570866 0.861822,
        0.794681 0.570866 0.831194,
        0.827916 0.570866 0.996299,
        0.818906 0.570866 0.987387,
        0.812693 0.570866 0.981241,
        -0.198988 0.570866 0.875287,
        -0.197211 0.570866 0.891333,
        0.196997 0.570866 0.895640,
        -0.197304 0.570866 0.897250,
        0.197023 0.570866 0.896771,
        -0.197520 0.570866 0.910975,
        0.197350 0.570866 0.911201,
        0.197494 0.570866 0.917579,
        0.200948 0.570866 0.858561,
        0.202058 0.570866 0.849011,
        -0.200480 0.570866 0.861822,
        0.204130 0.570866 0.831194,
        -0.201495 0.570866 0.939257,
        -0.201852 0.570866 0.941119,
        -0.202108 0.570866 0.942455,
        0.245810 0.570866 1.002287,
        0.237365 0.570866 0.996299,
        0.228355 0.570866 0.987387,
        0.222142 0.570866 0.981241,
        0.216013 0.570866 0.972880,
        0.212671 0.570866 0.966427,
        -0.389042 0.570866 0.939274,
        -0.393057 0.570866 0.917579,
        -0.788071 0.570866 0.910975,
        -0.393202 0.570866 0.911201,
        -0.787855 0.570866 0.897250,
        -0.393528 0.570866 0.896771,
        -0.787762 0.570866 0.891333,
        -0.393554 0.570866 0.895640,
        -0.789539 0.570866 0.875287,
        -0.795619 0.570866 0.196850,
        -0.795619 0.570866 0.814961,
        -0.790144 0.570866 0.869824,
        -0.391299 0.570866 0.874481,
        -0.390854 0.570866 0.870298,
        -0.385484 0.570866 0.196850,
        -0.385484 0.570866 0.814961,
        -0.385814 0.570866 0.825969,
        -0.319665 0.570866 1.013225,
        -0.325969 0.570866 1.011394,
        -0.342503 0.570866 1.003373,
        0.390958 0.570866 0.869824,
        0.789803 0.570866 0.874481,
        0.790249 0.570866 0.870298,
        0.388539 0.570866 0.849158,
        0.795619 0.570866 0.814961,
        0.795288 0.570866 0.825969,
        -0.199593 0.570866 0.869824,
        0.199252 0.570866 0.874481,
        0.199698 0.570866 0.870298,
        -0.202012 0.570866 0.849158,
        0.205067 0.570866 0.814961,
        0.204737 0.570866 0.825969,
        0.270887 0.570866 1.013225,
        0.264583 0.570866 1.011394,
        0.248048 0.570866 1.003373,
        -0.794742 0.570866 0.831159,
        -0.795200 0.570866 0.827370,
        0.385484 0.570866 0.196850,
        0.413386 0.570866 0.196850,
        0.767717 0.570866 0.196850,
        0.795619 0.570866 0.196850,
        0.388699 0.570866 0.941119,
        0.388443 0.570866 0.942455,
        0.806563 0.570866 0.972880,
        0.384039 0.570866 0.954976,
        0.377862 0.570866 0.966403,
        -0.205067 0.570866 0.196850,
        -0.177165 0.570866 0.196850,
        0.177165 0.570866 0.196850,
        0.205067 0.570866 0.196850,
        0.389056 0.570866 0.939257,
        -0.413386 0.688976 0.000000,
        -0.767717 0.688976 0.000000,
        -0.413386 0.688976 0.196850,
        -0.767717 0.688976 0.196850,
        -1.003937 0.688976 0.000000,
        -1.574803 0.688976 0.000000,
        -1.003937 0.688976 0.196850,
        -1.574803 0.688976 0.196850,
        0.767717 0.688976 0.000000,
        0.413386 0.688976 0.000000,
        0.767717 0.688976 0.196850,
        0.413386 0.688976 0.196850,
        -0.177165 0.688976 0.196850,
        0.177165 0.688976 0.196850,
        -0.177165 0.688976 0.000000,
        0.177165 0.688976 0.000000,
        -1.574803 0.688976 0.850531,
        -1.771654 0.688976 0.850531,
        -1.574803 0.688976 1.259843,
        -1.771654 0.688976 1.456693,
        1.574803 0.688976 1.259843,
        1.574803 0.688976 0.850531,
        -1.771654 -0.834646 0.000000,
        -1.771654 -1.279528 0.000000,
        -1.771654 -0.834646 1.456693,
        -1.771654 -1.279528 1.456693,
        1.771654 -0.834646 1.456693,
        1.771654 -1.279528 1.456693,
        1.771654 -0.834646 0.000000,
        1.771654 -1.279528 0.000000,
        -1.771654 -0.204724 1.456693,
        -1.653543 -0.204724 1.456693,
        -1.653543 -0.086614 1.456693,
        -1.653543 -0.834646 1.456693,
        -1.653543 -0.952756 1.456693,
        -1.496063 -0.952756 1.456693,
        -0.972441 -0.801019 1.456693,
        -1.169291 -0.801019 1.456693,
        -1.496063 -0.086614 1.456693,
        -1.169291 -0.486058 1.456693,
        -0.972441 -0.486058 1.456693,
        0.972441 -0.801019 1.456693,
        0.972441 -0.486058 1.456693,
        1.653543 -0.834646 1.456693,
        1.653543 -0.952756 1.456693,
        1.496063 -0.952756 1.456693,
        1.169291 -0.486058 1.456693,
        1.169291 -0.801019 1.456693,
        1.496063 -0.086614 1.456693,
        1.653543 -0.086614 1.456693,
        1.653543 -0.204724 1.456693,
        -1.771654 1.082677 0.000000,
        -1.574803 1.082677 0.000000,
        -1.771654 -0.204724 0.000000,
        -1.003937 0.374016 0.000000,
        -0.767717 0.374016 0.000000,
        -1.614173 -0.834646 0.000000,
        -1.614173 -0.913386 0.000000,
        1.614173 -0.834646 0.000000,
        1.614173 -0.913386 0.000000,
        1.535433 -0.913386 0.000000,
        -1.535433 -0.913386 0.000000,
        -1.614173 -0.204724 0.000000,
        -1.614173 -0.125984 0.000000,
        -1.535433 -0.125984 0.000000,
        -0.413386 0.374016 0.000000,
        -0.177165 0.374016 0.000000,
        0.177165 0.374016 0.000000,
        0.413386 0.374016 0.000000,
        0.767717 0.374016 0.000000,
        1.003937 0.374016 0.000000,
        1.535433 -0.125984 0.000000,
        1.003937 0.688976 0.000000,
        1.574803 0.688976 0.000000,
        1.614173 -0.125984 0.000000,
        1.614173 -0.204724 0.000000,
        1.574803 1.082677 0.000000,
        -1.377953 -1.279528 0.795276,
        -1.377953 -1.279528 0.196850,
        -1.377953 0.098425 0.795276,
        -1.377953 0.098425 0.196850,
        1.377953 -1.279528 1.070866,
        1.377953 -1.279528 1.259843,
        1.377953 0.098425 1.070866,
        1.377953 0.098425 1.259843,
        1.574803 1.082677 0.472441,
        -1.771654 1.082677 0.472441,
        1.496063 -1.279528 1.070866,
        1.496063 -1.279528 0.795276,
        -1.496063 -1.279528 0.795276,
        -1.496063 -1.279528 1.070866,
        1.377953 -1.279528 0.196850,
        1.377953 -1.279528 0.795276,
        -1.377953 -1.279528 1.259843,
        -1.377953 -1.279528 1.070866,
        -1.574803 1.082677 0.472441,
        1.003937 0.688976 0.196850,
        1.574803 0.688976 0.196850,
        1.614173 -0.913386 1.417323,
        1.535433 -0.913386 1.417323,
        1.535433 -0.125984 1.417323,
        1.614173 -0.125984 1.417323,
        -1.535433 -0.913386 1.417323,
        -1.614173 -0.913386 1.417323,
        -1.535433 -0.125984 1.417323,
        -1.614173 -0.125984 1.417323,
        -1.169291 -0.486058 1.259843,
        -1.169291 -0.801019 1.259843,
        -0.972441 -0.486058 1.259843,
        -0.972441 -0.801019 1.259843,
        1.169291 -0.801019 1.259843,
        1.169291 -0.486058 1.259843,
        0.972441 -0.801019 1.259843,
        0.972441 -0.486058 1.259843,
      ]
    }
    coordIndex [
      0, 1, 2, -1,
      3, 4, 5, -1,
      6, 7, 8, -1,
      9, 10, 11, -1,
      12, 13, 14, -1,
      15, 16, 17, -1,
      16, 18, 19, -1,
      20, 21, 22, -1,
      23, 24, 25, -1,
      26, 27, 28, -1,
      28, 27, 29, -1,
      28, 29, 30, -1,
      31, 32, 33, -1,
      33, 32, 28, -1,
      33, 28, 34, -1,
      34, 28, 35, -1,
      30, 36, 28, -1,
      28, 36, 37, -1,
      28, 37, 35, -1,
      38, 39, 40, -1,
      40, 39, 26, -1,
      38, 40, 41, -1,
      41, 40, 42, -1,
      41, 42, 43, -1,
      43, 42, 44, -1,
      44, 42, 45, -1,
      44, 45, 46, -1,
      45, 47, 48, -1,
      45, 49, 46, -1,
      46, 49, 50, -1,
      46, 50, 51, -1,
      51, 50, 52, -1,
      51, 52, 53, -1,
      48, 54, 45, -1,
      45, 54, 55, -1,
      45, 55, 49, -1,
      56, 57, 58, -1,
      56, 58, 59, -1,
      57, 60, 58, -1,
      58, 60, 61, -1,
      58, 61, 62, -1,
      62, 61, 63, -1,
      63, 64, 62, -1,
      62, 64, 65, -1,
      62, 65, 45, -1,
      45, 65, 66, -1,
      45, 66, 47, -1,
      67, 59, 68, -1,
      68, 59, 58, -1,
      68, 58, 69, -1,
      69, 58, 70, -1,
      71, 72, 73, -1,
      73, 72, 74, -1,
      73, 74, 75, -1,
      75, 74, 76, -1,
      75, 76, 77, -1,
      77, 76, 78, -1,
      77, 78, 58, -1,
      58, 78, 79, -1,
      58, 79, 70, -1,
      80, 81, 82, -1,
      82, 81, 83, -1,
      83, 84, 82, -1,
      82, 84, 85, -1,
      82, 85, 86, -1,
      87, 88, 89, -1,
      90, 91, 92, -1,
      92, 91, 93, -1,
      87, 89, 94, -1,
      95, 96, 97, -1,
      98, 99, 91, -1,
      91, 99, 100, -1,
      91, 100, 101, -1,
      31, 102, 32, -1,
      32, 102, 103, -1,
      32, 103, 97, -1,
      97, 103, 104, -1,
      97, 104, 95, -1,
      88, 105, 89, -1,
      89, 105, 106, -1,
      89, 106, 107, -1,
      108, 109, 110, -1,
      110, 109, 111, -1,
      110, 111, 112, -1,
      113, 101, 114, -1,
      114, 101, 115, -1,
      114, 115, 110, -1,
      110, 115, 116, -1,
      110, 116, 108, -1,
      113, 117, 101, -1,
      101, 117, 118, -1,
      101, 118, 91, -1,
      91, 118, 119, -1,
      91, 119, 93, -1,
      96, 120, 97, -1,
      97, 120, 121, -1,
      97, 121, 122, -1,
      123, 124, 125, -1,
      125, 124, 126, -1,
      125, 126, 89, -1,
      89, 126, 127, -1,
      89, 127, 94, -1,
      128, 129, 89, -1,
      89, 129, 130, -1,
      89, 130, 91, -1,
      91, 130, 131, -1,
      91, 131, 98, -1,
      132, 133, 80, -1,
      133, 134, 80, -1,
      80, 134, 135, -1,
      80, 135, 136, -1,
      136, 137, 80, -1,
      80, 137, 138, -1,
      80, 138, 139, -1,
      139, 138, 123, -1,
      139, 123, 140, -1,
      140, 123, 125, -1,
      107, 141, 89, -1,
      89, 141, 142, -1,
      89, 142, 143, -1,
      143, 144, 89, -1,
      89, 144, 145, -1,
      89, 145, 128, -1,
      146, 147, 148, -1,
      147, 149, 148, -1,
      148, 149, 150, -1,
      148, 150, 151, -1,
      100, 148, 101, -1,
      101, 148, 152, -1,
      101, 152, 153, -1,
      154, 155, 156, -1,
      156, 155, 157, -1,
      156, 157, 158, -1,
      154, 156, 100, -1,
      100, 156, 159, -1,
      100, 159, 148, -1,
      148, 159, 160, -1,
      148, 160, 146, -1,
      161, 162, 163, -1,
      163, 162, 164, -1,
      163, 164, 165, -1,
      151, 150, 166, -1,
      166, 150, 167, -1,
      166, 167, 168, -1,
      168, 167, 169, -1,
      168, 169, 170, -1,
      153, 171, 101, -1,
      101, 171, 163, -1,
      101, 163, 172, -1,
      172, 163, 165, -1,
      173, 174, 175, -1,
      175, 174, 176, -1,
      176, 174, 177, -1,
      176, 177, 178, -1,
      179, 180, 173, -1,
      173, 180, 174, -1,
      174, 180, 181, -1,
      174, 181, 182, -1,
      181, 183, 182, -1,
      182, 183, 184, -1,
      182, 184, 185, -1,
      173, 186, 179, -1,
      179, 186, 187, -1,
      179, 187, 188, -1,
      177, 189, 178, -1,
      178, 189, 190, -1,
      178, 190, 191, -1,
      191, 190, 192, -1,
      193, 194, 195, -1,
      196, 197, 198, -1,
      198, 197, 199, -1,
      198, 199, 175, -1,
      175, 199, 200, -1,
      175, 200, 173, -1,
      195, 201, 193, -1,
      193, 201, 202, -1,
      193, 202, 203, -1,
      203, 202, 204, -1,
      203, 204, 196, -1,
      196, 204, 192, -1,
      196, 192, 197, -1,
      197, 192, 190, -1,
      205, 206, 207, -1,
      25, 24, 207, -1,
      207, 24, 208, -1,
      207, 208, 205, -1,
      209, 210, 211, -1,
      212, 213, 205, -1,
      213, 214, 205, -1,
      205, 214, 215, -1,
      205, 215, 206, -1,
      206, 215, 216, -1,
      209, 211, 205, -1,
      205, 211, 217, -1,
      205, 217, 212, -1,
      218, 219, 220, -1,
      221, 222, 22, -1,
      223, 224, 225, -1,
      216, 226, 206, -1,
      206, 226, 227, -1,
      206, 227, 225, -1,
      225, 227, 228, -1,
      225, 228, 223, -1,
      229, 230, 22, -1,
      22, 230, 231, -1,
      224, 232, 225, -1,
      225, 232, 233, -1,
      225, 233, 234, -1,
      234, 233, 235, -1,
      234, 235, 221, -1,
      236, 237, 222, -1,
      222, 237, 238, -1,
      222, 238, 22, -1,
      22, 238, 239, -1,
      22, 239, 229, -1,
      231, 240, 22, -1,
      22, 240, 241, -1,
      22, 241, 20, -1,
      242, 243, 244, -1,
      244, 243, 245, -1,
      244, 245, 246, -1,
      244, 247, 242, -1,
      242, 247, 248, -1,
      242, 248, 249, -1,
      249, 250, 242, -1,
      242, 250, 251, -1,
      242, 251, 252, -1,
      252, 251, 253, -1,
      252, 253, 254, -1,
      254, 253, 255, -1,
      254, 255, 222, -1,
      222, 255, 256, -1,
      222, 256, 236, -1,
      257, 258, 246, -1,
      246, 258, 259, -1,
      246, 259, 244, -1,
      260, 261, 210, -1,
      210, 261, 262, -1,
      210, 262, 211, -1,
      260, 263, 261, -1,
      261, 263, 264, -1,
      261, 264, 265, -1,
      265, 264, 266, -1,
      265, 267, 268, -1,
      266, 269, 265, -1,
      265, 269, 270, -1,
      265, 270, 271, -1,
      271, 272, 265, -1,
      265, 272, 273, -1,
      265, 273, 267, -1,
      268, 274, 265, -1,
      265, 274, 275, -1,
      265, 275, 276, -1,
      277, 278, 279, -1,
      279, 278, 175, -1,
      279, 175, 280, -1,
      280, 175, 281, -1,
      280, 281, 282, -1,
      283, 198, 284, -1,
      284, 198, 175, -1,
      284, 175, 285, -1,
      285, 175, 278, -1,
      286, 287, 288, -1,
      288, 287, 289, -1,
      288, 289, 290, -1,
      291, 292, 293, -1,
      293, 292, 294, -1,
      292, 295, 294, -1,
      294, 295, 296, -1,
      294, 296, 297, -1,
      286, 298, 299, -1,
      299, 298, 300, -1,
      299, 300, 301, -1,
      302, 225, 303, -1,
      303, 225, 234, -1,
      303, 234, 304, -1,
      304, 234, 196, -1,
      304, 196, 293, -1,
      290, 289, 305, -1,
      305, 289, 306, -1,
      305, 306, 302, -1,
      307, 306, 308, -1,
      308, 306, 289, -1,
      308, 289, 309, -1,
      309, 289, 287, -1,
      309, 287, 310, -1,
      310, 287, 5, -1,
      310, 5, 311, -1,
      311, 5, 312, -1,
      311, 312, 313, -1,
      313, 312, 8, -1,
      313, 8, 314, -1,
      314, 8, 7, -1,
      314, 7, 315, -1,
      316, 206, 317, -1,
      317, 206, 225, -1,
      317, 225, 318, -1,
      318, 225, 319, -1,
      320, 321, 322, -1,
      302, 306, 225, -1,
      225, 306, 323, -1,
      225, 323, 319, -1,
      319, 323, 324, -1,
      319, 324, 322, -1,
      322, 324, 325, -1,
      322, 325, 320, -1,
      321, 326, 322, -1,
      322, 326, 327, -1,
      322, 327, 328, -1,
      329, 330, 331, -1,
      328, 332, 322, -1,
      322, 332, 333, -1,
      322, 333, 334, -1,
      334, 333, 335, -1,
      335, 333, 331, -1,
      331, 333, 336, -1,
      331, 336, 329, -1,
      330, 337, 331, -1,
      331, 337, 338, -1,
      331, 338, 339, -1,
      339, 340, 331, -1,
      331, 340, 341, -1,
      331, 341, 342, -1,
      342, 341, 343, -1,
      344, 345, 307, -1,
      307, 345, 346, -1,
      307, 346, 306, -1,
      306, 346, 347, -1,
      306, 347, 323, -1,
      308, 15, 307, -1,
      307, 15, 17, -1,
      307, 17, 344, -1,
      344, 17, 348, -1,
      344, 348, 349, -1,
      14, 350, 351, -1,
      351, 352, 14, -1,
      14, 352, 353, -1,
      14, 353, 12, -1,
      354, 355, 356, -1,
      356, 355, 357, -1,
      358, 359, 14, -1,
      14, 359, 360, -1,
      14, 360, 350, -1,
      357, 361, 356, -1,
      356, 361, 362, -1,
      356, 362, 358, -1,
      358, 362, 363, -1,
      358, 363, 359, -1,
      364, 365, 355, -1,
      355, 365, 366, -1,
      366, 367, 355, -1,
      355, 367, 368, -1,
      355, 368, 357, -1,
      316, 369, 206, -1,
      206, 369, 370, -1,
      206, 370, 355, -1,
      355, 370, 371, -1,
      355, 371, 364, -1,
      372, 373, 374, -1,
      374, 373, 375, -1,
      376, 377, 207, -1,
      354, 378, 379, -1,
      380, 381, 376, -1,
      376, 381, 382, -1,
      383, 384, 385, -1,
      386, 354, 387, -1,
      387, 354, 388, -1,
      389, 390, 206, -1,
      382, 391, 376, -1,
      376, 391, 392, -1,
      376, 392, 377, -1,
      372, 393, 373, -1,
      373, 393, 394, -1,
      373, 394, 395, -1,
      395, 394, 385, -1,
      395, 385, 396, -1,
      396, 385, 384, -1,
      386, 397, 354, -1,
      354, 397, 398, -1,
      354, 398, 378, -1,
      390, 399, 206, -1,
      206, 399, 400, -1,
      206, 400, 401, -1,
      402, 403, 355, -1,
      355, 403, 404, -1,
      355, 404, 206, -1,
      206, 404, 405, -1,
      206, 405, 389, -1,
      379, 406, 354, -1,
      354, 406, 407, -1,
      354, 407, 355, -1,
      355, 407, 375, -1,
      355, 375, 402, -1,
      402, 375, 373, -1,
      408, 409, 385, -1,
      385, 409, 410, -1,
      385, 410, 411, -1,
      401, 412, 206, -1,
      206, 412, 413, -1,
      206, 413, 207, -1,
      207, 413, 414, -1,
      207, 414, 376, -1,
      411, 415, 385, -1,
      385, 415, 416, -1,
      385, 416, 383, -1,
      417, 418, 22, -1,
      22, 418, 419, -1,
      221, 22, 234, -1,
      234, 22, 419, -1,
      234, 419, 196, -1,
      196, 419, 420, -1,
      196, 420, 203, -1,
      421, 418, 422, -1,
      422, 418, 417, -1,
      422, 417, 423, -1,
      424, 425, 426, -1,
      427, 428, 417, -1,
      417, 428, 429, -1,
      417, 429, 423, -1,
      219, 218, 21, -1,
      21, 218, 424, -1,
      21, 424, 22, -1,
      22, 424, 426, -1,
      22, 426, 417, -1,
      417, 426, 430, -1,
      417, 430, 431, -1,
      432, 433, 434, -1,
      434, 433, 435, -1,
      434, 435, 424, -1,
      424, 435, 436, -1,
      424, 436, 425, -1,
      431, 437, 417, -1,
      417, 437, 438, -1,
      417, 438, 427, -1,
      439, 440, 441, -1,
      439, 441, 191, -1,
      440, 442, 441, -1,
      441, 442, 443, -1,
      441, 443, 434, -1,
      434, 443, 444, -1,
      434, 444, 432, -1,
      445, 315, 446, -1,
      446, 315, 7, -1,
      446, 7, 447, -1,
      447, 7, 6, -1,
      447, 6, 448, -1,
      448, 6, 449, -1,
      449, 6, 450, -1,
      449, 450, 451, -1,
      452, 453, 454, -1,
      454, 453, 455, -1,
      451, 454, 449, -1,
      449, 454, 455, -1,
      449, 455, 456, -1,
      456, 455, 457, -1,
      456, 457, 281, -1,
      281, 457, 458, -1,
      459, 460, 312, -1,
      312, 460, 282, -1,
      312, 282, 8, -1,
      8, 282, 281, -1,
      8, 281, 6, -1,
      6, 281, 458, -1,
      6, 458, 450, -1,
      461, 462, 281, -1,
      281, 462, 463, -1,
      281, 463, 456, -1,
      456, 463, 464, -1,
      456, 464, 465, -1,
      465, 466, 456, -1,
      456, 466, 467, -1,
      456, 467, 468, -1,
      468, 469, 456, -1,
      456, 469, 470, -1,
      456, 470, 176, -1,
      176, 470, 471, -1,
      176, 471, 175, -1,
      471, 472, 175, -1,
      175, 472, 473, -1,
      175, 473, 281, -1,
      281, 473, 474, -1,
      281, 474, 475, -1,
      475, 476, 281, -1,
      281, 476, 477, -1,
      281, 477, 461, -1,
      191, 441, 178, -1,
      178, 441, 478, -1,
      178, 478, 176, -1,
      176, 478, 479, -1,
      176, 479, 456, -1,
      456, 479, 11, -1,
      456, 11, 449, -1,
      449, 11, 10, -1,
      449, 10, 448, -1,
      299, 291, 286, -1,
      286, 291, 293, -1,
      286, 293, 287, -1,
      287, 293, 196, -1,
      287, 196, 480, -1,
      3, 5, 481, -1,
      482, 483, 198, -1,
      198, 483, 484, -1,
      198, 484, 485, -1,
      459, 312, 283, -1,
      283, 312, 5, -1,
      283, 5, 198, -1,
      198, 5, 4, -1,
      198, 4, 482, -1,
      485, 486, 198, -1,
      198, 486, 487, -1,
      198, 487, 196, -1,
      196, 487, 488, -1,
      196, 488, 480, -1,
      480, 489, 287, -1,
      287, 489, 490, -1,
      287, 490, 5, -1,
      5, 490, 491, -1,
      5, 491, 492, -1,
      492, 493, 5, -1,
      5, 493, 494, -1,
      5, 494, 481, -1,
      495, 496, 377, -1,
      377, 496, 497, -1,
      377, 497, 207, -1,
      207, 497, 218, -1,
      207, 218, 25, -1,
      25, 218, 220, -1,
      25, 220, 23, -1,
      9, 11, 498, -1,
      498, 11, 479, -1,
      498, 479, 499, -1,
      499, 479, 478, -1,
      499, 478, 500, -1,
      500, 478, 441, -1,
      500, 441, 501, -1,
      501, 441, 434, -1,
      501, 434, 502, -1,
      502, 434, 424, -1,
      502, 424, 503, -1,
      503, 424, 218, -1,
      503, 218, 504, -1,
      504, 218, 497, -1,
      504, 497, 505, -1,
      505, 497, 496, -1,
      505, 496, 506, -1,
      507, 508, 506, -1,
      508, 82, 73, -1,
      73, 82, 86, -1,
      73, 86, 71, -1,
      508, 507, 82, -1,
      82, 507, 97, -1,
      82, 97, 80, -1,
      80, 97, 122, -1,
      80, 122, 132, -1,
      509, 510, 511, -1,
      511, 510, 512, -1,
      495, 388, 496, -1,
      496, 388, 354, -1,
      496, 354, 511, -1,
      511, 354, 356, -1,
      511, 356, 509, -1,
      509, 356, 513, -1,
      506, 496, 507, -1,
      507, 496, 511, -1,
      507, 511, 97, -1,
      97, 511, 512, -1,
      97, 512, 32, -1,
      32, 512, 514, -1,
      32, 514, 356, -1,
      356, 514, 515, -1,
      356, 515, 513, -1,
      516, 517, 518, -1,
      518, 517, 509, -1,
      518, 509, 519, -1,
      519, 509, 513, -1,
      519, 513, 520, -1,
      520, 513, 521, -1,
      522, 523, 28, -1,
      28, 523, 0, -1,
      28, 0, 358, -1,
      358, 0, 2, -1,
      358, 2, 356, -1,
      356, 2, 524, -1,
      356, 524, 32, -1,
      32, 524, 522, -1,
      32, 522, 28, -1,
      26, 28, 40, -1,
      40, 28, 358, -1,
      40, 358, 525, -1,
      525, 358, 14, -1,
      525, 14, 348, -1,
      348, 14, 13, -1,
      348, 13, 349, -1,
      16, 19, 17, -1,
      17, 19, 526, -1,
      17, 526, 348, -1,
      348, 526, 527, -1,
      348, 527, 525, -1,
      525, 527, 528, -1,
      525, 528, 40, -1,
      40, 528, 529, -1,
      40, 529, 42, -1,
      530, 531, 532, -1,
      533, 534, 532, -1,
      535, 536, 537, -1,
      538, 539, 537, -1,
      540, 541, 532, -1,
      532, 541, 542, -1,
      532, 542, 533, -1,
      543, 544, 532, -1,
      531, 545, 532, -1,
      532, 545, 546, -1,
      532, 546, 537, -1,
      537, 546, 547, -1,
      537, 547, 538, -1,
      548, 549, 532, -1,
      550, 551, 532, -1,
      544, 552, 532, -1,
      532, 552, 553, -1,
      532, 553, 530, -1,
      539, 554, 537, -1,
      537, 554, 555, -1,
      537, 555, 556, -1,
      549, 557, 532, -1,
      532, 557, 558, -1,
      532, 558, 559, -1,
      551, 560, 532, -1,
      532, 560, 561, -1,
      532, 561, 562, -1,
      563, 564, 532, -1,
      532, 564, 565, -1,
      532, 565, 540, -1,
      562, 566, 532, -1,
      532, 566, 567, -1,
      532, 567, 568, -1,
      569, 570, 571, -1,
      572, 573, 532, -1,
      532, 573, 574, -1,
      532, 574, 575, -1,
      575, 576, 532, -1,
      532, 576, 577, -1,
      532, 577, 578, -1,
      559, 579, 532, -1,
      532, 579, 580, -1,
      532, 580, 581, -1,
      556, 582, 537, -1,
      537, 582, 583, -1,
      537, 583, 584, -1,
      578, 585, 532, -1,
      532, 585, 586, -1,
      532, 586, 563, -1,
      587, 588, 537, -1,
      537, 588, 589, -1,
      537, 589, 590, -1,
      591, 592, 593, -1,
      594, 595, 596, -1,
      584, 597, 537, -1,
      537, 597, 598, -1,
      537, 598, 599, -1,
      600, 601, 535, -1,
      602, 569, 603, -1,
      603, 569, 571, -1,
      603, 571, 604, -1,
      604, 571, 605, -1,
      604, 605, 532, -1,
      532, 605, 606, -1,
      532, 606, 572, -1,
      534, 607, 532, -1,
      532, 607, 608, -1,
      532, 608, 609, -1,
      568, 610, 532, -1,
      532, 610, 611, -1,
      532, 611, 543, -1,
      543, 611, 612, -1,
      543, 612, 613, -1,
      613, 612, 614, -1,
      599, 615, 537, -1,
      537, 615, 616, -1,
      537, 616, 617, -1,
      618, 619, 620, -1,
      621, 548, 622, -1,
      622, 548, 532, -1,
      622, 532, 623, -1,
      623, 532, 609, -1,
      621, 624, 548, -1,
      548, 624, 625, -1,
      548, 625, 626, -1,
      627, 628, 629, -1,
      581, 630, 532, -1,
      532, 630, 631, -1,
      532, 631, 550, -1,
      550, 631, 632, -1,
      550, 632, 633, -1,
      633, 632, 634, -1,
      635, 636, 637, -1,
      637, 636, 638, -1,
      617, 639, 537, -1,
      537, 639, 640, -1,
      537, 640, 587, -1,
      590, 641, 537, -1,
      537, 641, 642, -1,
      537, 642, 535, -1,
      535, 642, 643, -1,
      535, 643, 600, -1,
      600, 643, 644, -1,
      600, 644, 645, -1,
      593, 646, 591, -1,
      591, 646, 647, -1,
      591, 647, 648, -1,
      649, 650, 651, -1,
      651, 650, 652, -1,
      651, 652, 653, -1,
      596, 595, 654, -1,
      655, 656, 595, -1,
      595, 656, 657, -1,
      658, 659, 612, -1,
      612, 659, 660, -1,
      612, 660, 614, -1,
      661, 662, 637, -1,
      637, 662, 663, -1,
      637, 663, 664, -1,
      664, 665, 637, -1,
      637, 665, 666, -1,
      637, 666, 635, -1,
      667, 668, 669, -1,
      669, 668, 670, -1,
      669, 670, 671, -1,
      671, 670, 672, -1,
      671, 672, 673, -1,
      673, 672, 591, -1,
      673, 591, 674, -1,
      674, 591, 648, -1,
      675, 676, 677, -1,
      677, 676, 678, -1,
      626, 679, 548, -1,
      548, 679, 680, -1,
      548, 680, 681, -1,
      682, 683, 684, -1,
      684, 683, 685, -1,
      684, 685, 686, -1,
      686, 685, 687, -1,
      686, 687, 688, -1,
      688, 687, 651, -1,
      688, 651, 689, -1,
      689, 651, 653, -1,
      690, 691, 692, -1,
      692, 691, 693, -1,
      694, 695, 632, -1,
      632, 695, 696, -1,
      632, 696, 634, -1,
      697, 698, 651, -1,
      651, 698, 699, -1,
      651, 699, 700, -1,
      700, 701, 651, -1,
      651, 701, 702, -1,
      651, 702, 649, -1,
      638, 703, 637, -1,
      637, 703, 704, -1,
      637, 704, 705, -1,
      705, 704, 706, -1,
      705, 706, 707, -1,
      707, 706, 708, -1,
      707, 708, 709, -1,
      709, 708, 710, -1,
      709, 710, 711, -1,
      596, 712, 713, -1,
      711, 710, 714, -1,
      714, 710, 715, -1,
      714, 715, 595, -1,
      595, 715, 716, -1,
      595, 716, 655, -1,
      717, 654, 718, -1,
      718, 654, 595, -1,
      718, 595, 719, -1,
      719, 595, 657, -1,
      612, 720, 658, -1,
      658, 720, 721, -1,
      658, 721, 637, -1,
      637, 721, 722, -1,
      637, 722, 661, -1,
      667, 669, 723, -1,
      723, 669, 724, -1,
      723, 724, 677, -1,
      677, 724, 725, -1,
      677, 725, 675, -1,
      620, 726, 727, -1,
      727, 726, 677, -1,
      727, 677, 728, -1,
      728, 677, 678, -1,
      682, 684, 729, -1,
      729, 684, 730, -1,
      729, 730, 692, -1,
      692, 730, 731, -1,
      692, 731, 690, -1,
      629, 732, 733, -1,
      733, 732, 692, -1,
      733, 692, 734, -1,
      734, 692, 693, -1,
      632, 735, 694, -1,
      694, 735, 736, -1,
      694, 736, 651, -1,
      651, 736, 737, -1,
      651, 737, 697, -1,
      594, 596, 738, -1,
      738, 596, 713, -1,
      738, 713, 739, -1,
      740, 618, 741, -1,
      741, 618, 620, -1,
      741, 620, 742, -1,
      742, 620, 727, -1,
      742, 727, 743, -1,
      744, 745, 746, -1,
      746, 745, 747, -1,
      746, 747, 681, -1,
      681, 747, 748, -1,
      681, 748, 548, -1,
      749, 627, 750, -1,
      750, 627, 629, -1,
      750, 629, 751, -1,
      751, 629, 733, -1,
      751, 733, 752, -1,
      592, 591, 746, -1,
      746, 591, 753, -1,
      746, 753, 744, -1,
      754, 755, 756, -1,
      756, 755, 757, -1,
      758, 759, 760, -1,
      760, 759, 761, -1,
      756, 757, 654, -1,
      654, 757, 596, -1,
      760, 761, 535, -1,
      535, 761, 536, -1,
      762, 763, 764, -1,
      764, 763, 765, -1,
      764, 765, 742, -1,
      742, 765, 741, -1,
      766, 767, 768, -1,
      768, 767, 769, -1,
      750, 751, 766, -1,
      766, 751, 767, -1,
      770, 771, 772, -1,
      772, 771, 773, -1,
      772, 773, 774, -1,
      774, 773, 18, -1,
      774, 18, 775, -1,
      775, 18, 16, -1,
      775, 16, 15, -1,
      776, 777, 778, -1,
      778, 777, 779, -1,
      780, 781, 782, -1,
      782, 781, 783, -1,
      784, 785, 786, -1,
      787, 778, 788, -1,
      788, 778, 779, -1,
      788, 779, 789, -1,
      789, 779, 781, -1,
      781, 790, 789, -1,
      789, 790, 791, -1,
      789, 791, 792, -1,
      792, 791, 793, -1,
      792, 793, 794, -1,
      795, 796, 794, -1,
      780, 797, 781, -1,
      781, 797, 798, -1,
      781, 798, 799, -1,
      784, 786, 773, -1,
      773, 786, 792, -1,
      773, 792, 18, -1,
      18, 792, 794, -1,
      18, 794, 19, -1,
      800, 528, 796, -1,
      796, 528, 527, -1,
      796, 527, 794, -1,
      794, 527, 526, -1,
      794, 526, 19, -1,
      794, 790, 795, -1,
      795, 790, 781, -1,
      795, 781, 801, -1,
      801, 781, 799, -1,
      801, 799, 800, -1,
      800, 799, 802, -1,
      800, 802, 528, -1,
      528, 802, 803, -1,
      528, 803, 529, -1,
      529, 803, 804, -1,
      805, 806, 759, -1,
      805, 759, 807, -1,
      807, 759, 758, -1,
      807, 758, 808, -1,
      809, 755, 754, -1,
      776, 810, 777, -1,
      777, 810, 811, -1,
      812, 782, 813, -1,
      813, 782, 783, -1,
      813, 783, 814, -1,
      814, 783, 777, -1,
      814, 777, 815, -1,
      815, 777, 811, -1,
      816, 807, 817, -1,
      817, 807, 808, -1,
      817, 808, 818, -1,
      818, 808, 809, -1,
      818, 809, 819, -1,
      819, 809, 754, -1,
      820, 768, 769, -1,
      769, 821, 820, -1,
      820, 821, 814, -1,
      820, 814, 819, -1,
      819, 814, 815, -1,
      819, 815, 818, -1,
      763, 762, 822, -1,
      822, 762, 823, -1,
      824, 825, 823, -1,
      823, 825, 814, -1,
      823, 814, 822, -1,
      822, 814, 821, -1,
      824, 826, 825, -1,
      825, 826, 827, -1,
      825, 827, 828, -1,
      506, 508, 827, -1,
      827, 508, 73, -1,
      827, 73, 828, -1,
      828, 73, 75, -1,
      828, 75, 829, -1,
      501, 502, 827, -1,
      827, 502, 503, -1,
      9, 498, 830, -1,
      830, 498, 499, -1,
      830, 499, 827, -1,
      827, 499, 500, -1,
      827, 500, 501, -1,
      503, 504, 827, -1,
      827, 504, 505, -1,
      827, 505, 506, -1,
      831, 832, 833, -1,
      833, 832, 834, -1,
      835, 836, 837, -1,
      837, 836, 838, -1,
      10, 9, 830, -1,
      445, 446, 839, -1,
      839, 446, 447, -1,
      839, 447, 830, -1,
      830, 447, 448, -1,
      830, 448, 10, -1,
      315, 445, 839, -1,
      15, 308, 775, -1,
      775, 308, 309, -1,
      775, 309, 310, -1,
      310, 311, 775, -1,
      775, 311, 313, -1,
      775, 313, 839, -1,
      839, 313, 314, -1,
      839, 314, 315, -1,
      840, 805, 771, -1,
      771, 805, 807, -1,
      771, 807, 773, -1,
      773, 807, 784, -1,
      781, 841, 783, -1,
      783, 841, 842, -1,
      777, 843, 779, -1,
      779, 843, 844, -1,
      831, 843, 832, -1,
      832, 843, 777, -1,
      832, 777, 845, -1,
      845, 777, 783, -1,
      845, 783, 846, -1,
      846, 783, 842, -1,
      835, 841, 836, -1,
      836, 841, 781, -1,
      836, 781, 847, -1,
      847, 781, 779, -1,
      847, 779, 848, -1,
      848, 779, 844, -1,
      806, 805, 849, -1,
      849, 805, 840, -1,
      849, 840, 770, -1,
      770, 840, 771, -1,
      850, 851, 826, -1,
      826, 851, 827, -1,
      852, 813, 853, -1,
      853, 813, 814, -1,
      853, 814, 854, -1,
      854, 814, 825, -1,
      854, 825, 855, -1,
      855, 825, 828, -1,
      856, 815, 857, -1,
      857, 815, 811, -1,
      858, 818, 856, -1,
      856, 818, 815, -1,
      859, 817, 858, -1,
      858, 817, 818, -1,
      860, 793, 861, -1,
      861, 793, 791, -1,
      862, 794, 860, -1,
      860, 794, 793, -1,
      863, 790, 862, -1,
      862, 790, 794, -1,
      861, 791, 863, -1,
      863, 791, 790, -1,
      864, 801, 865, -1,
      865, 801, 800, -1,
      866, 795, 864, -1,
      864, 795, 801, -1,
      867, 796, 866, -1,
      866, 796, 795, -1,
      865, 800, 867, -1,
      867, 800, 796, -1,
    ]
  }
}

Shape {
  appearance Appearance {
    material Material {
      diffuseColor 1.0000 1.0000 1.0000
      specularColor 0.3020 0.3020 0.3020
      ambientIntensity 0.2
      transparency 0.0000
      shininess 0.5
    }
  }
  geometry IndexedFaceSet {
    ccw TRUE
    solid FALSE
    coord DEF co Coordinate {
      point [
        1.574803 0.570866 1.259843,
        -1.574803 0.570866 0.196850,
        -1.574803 0.570866 1.259843,
        1.574803 0.570866 0.196850,
        -1.574803 0.688976 0.000000,
        -1.574803 0.688976 0.196850,
        -1.574803 0.688976 0.850531,
        -1.574803 0.688976 1.259843,
        1.574803 0.688976 1.259843,
        1.574803 0.688976 0.850531,
        -1.574803 1.082677 0.000000,
        1.574803 0.688976 0.000000,
        1.574803 1.082677 0.000000,
        1.574803 1.082677 0.472441,
        -1.574803 1.082677 0.472441,
        1.574803 0.688976 0.196850,
      ]
    }
    coordIndex [
      0, 8, 9, -1,
      12, 11, 13, -1,
      13, 11, 15, -1,
      13, 15, 9, -1,
      9, 15, 3, -1,
      9, 3, 0, -1,
      7, 2, 6, -1,
      6, 2, 1, -1,
      6, 1, 14, -1,
      14, 1, 5, -1,
      14, 5, 10, -1,
      10, 5, 4, -1,
    ]
  }
}

Shape {
  appearance Appearance {
    material Material {
      diffuseColor 1.0000 0.9961 0.9373
      specularColor 0.3020 0.2980 0.2824
      ambientIntensity 0.2
      transparency 0.0000
      shininess 0.5
    }
  }
  geometry IndexedFaceSet {
    ccw TRUE
    solid FALSE
    coord DEF co Coordinate {
      point [
        1.771654 -0.204724 0.917378,
        1.771654 -0.204724 0.357255,
        1.771654 -0.204724 0.148812,
        1.771654 -0.204724 0.252358,
        1.771654 -0.204724 -0.000000,
        1.771654 -0.204724 0.117094,
        1.771654 -0.204724 1.456693,
        1.574803 0.570866 1.259843,
        -1.574803 0.570866 1.259843,
        1.003937 0.570866 0.196850,
        1.574803 0.570866 0.196850,
        0.385484 0.570866 0.196850,
        0.413386 0.570866 0.196850,
        0.177165 0.570866 0.196850,
        0.205067 0.570866 0.196850,
        0.413386 0.688976 0.000000,
        0.413386 0.688976 0.196850,
        0.177165 0.688976 0.196850,
        0.177165 0.688976 0.000000,
        -1.574803 0.688976 1.259843,
        1.574803 0.688976 1.259843,
        -1.771654 -0.834646 0.000000,
        -1.771654 -0.834646 1.456693,
        1.771654 -0.834646 1.456693,
        1.771654 -0.834646 0.000000,
        -1.771654 -0.204724 1.456693,
        -1.653543 -0.204724 1.456693,
        -1.653543 -0.834646 1.456693,
        1.653543 -0.834646 1.456693,
        1.653543 -0.204724 1.456693,
        -1.771654 -0.204724 0.000000,
        -1.614173 -0.834646 0.000000,
        -1.614173 -0.913386 0.000000,
        1.614173 -0.834646 0.000000,
        1.614173 -0.913386 0.000000,
        -1.614173 -0.204724 0.000000,
        -1.614173 -0.125984 0.000000,
        0.177165 0.374016 0.000000,
        0.413386 0.374016 0.000000,
        1.614173 -0.125984 0.000000,
        1.614173 -0.204724 0.000000,
        -1.377953 -1.279528 0.795276,
        -1.377953 -1.279528 0.196850,
        -1.377953 0.098425 0.795276,
        -1.377953 0.098425 0.196850,
        1.377953 -1.279528 1.070866,
        1.377953 -1.279528 1.259843,
        1.377953 0.098425 1.070866,
        1.377953 0.098425 1.259843,
        1.496063 -1.279528 1.070866,
        1.496063 -1.279528 0.795276,
        -1.496063 -1.279528 0.795276,
        -1.496063 -1.279528 1.070866,
        1.377953 -1.279528 0.196850,
        1.377953 -1.279528 0.795276,
        -1.377953 -1.279528 1.259843,
        -1.377953 -1.279528 1.070866,
        1.003937 0.688976 0.196850,
        1.574803 0.688976 0.196850,
        1.614173 -0.913386 1.417323,
        1.614173 -0.125984 1.417323,
        -1.614173 -0.913386 1.417323,
        -1.614173 -0.125984 1.417323,
        -1.169291 -0.486058 1.259843,
        -1.169291 -0.801019 1.259843,
        -0.972441 -0.486058 1.259843,
        -0.972441 -0.801019 1.259843,
        1.169291 -0.801019 1.259843,
        1.169291 -0.486058 1.259843,
        0.972441 -0.801019 1.259843,
        0.972441 -0.486058 1.259843,
        -1.377953 0.098425 1.259843,
        -1.377953 0.098425 1.070866,
        1.377953 0.098425 0.795276,
        1.377953 0.098425 0.196850,
        0.885827 0.098425 1.031496,
        0.911301 0.098425 1.028142,
        -0.836614 0.098425 1.018309,
        -0.816230 0.098425 1.002668,
        -0.320750 0.098425 0.838000,
        -0.800588 0.098425 0.982283,
        -0.790755 0.098425 0.958545,
        -0.787402 0.098425 0.933071,
        -1.496063 0.098425 1.070866,
        -1.496063 0.098425 0.795276,
        -0.980898 0.098425 0.907596,
        -0.984252 0.098425 0.933071,
        -0.980898 0.098425 0.958545,
        -0.971065 0.098425 0.982283,
        -0.935039 0.098425 1.018309,
        -0.955424 0.098425 1.002668,
        0.935039 0.098425 1.018309,
        0.955424 0.098425 1.002668,
        0.971065 0.098425 0.982283,
        0.980898 0.098425 0.958545,
        0.984252 0.098425 0.933071,
        1.496063 0.098425 1.070866,
        1.496063 0.098425 0.795276,
        -0.885827 0.098425 1.031496,
        -0.911301 0.098425 1.028142,
        0.816230 0.098425 0.863474,
        0.393701 0.098425 0.933071,
        0.836614 0.098425 0.847832,
        0.860352 0.098425 0.838000,
        0.320750 0.098425 1.028142,
        0.344488 0.098425 1.018309,
        0.787402 0.098425 0.933071,
        0.364873 0.098425 1.002668,
        -0.860352 0.098425 1.028142,
        -0.344488 0.098425 0.847832,
        -0.364873 0.098425 0.863474,
        -0.380514 0.098425 0.883858,
        -0.390347 0.098425 0.907596,
        -0.393701 0.098425 0.933071,
        0.836614 0.098425 1.018309,
        0.860352 0.098425 1.028142,
        0.295276 0.098425 1.031496,
        0.980898 0.098425 0.907596,
        0.971065 0.098425 0.883858,
        0.955424 0.098425 0.863474,
        0.935039 0.098425 0.847832,
        -0.246063 0.098425 0.847832,
        -0.269801 0.098425 0.838000,
        -0.836614 0.098425 0.847832,
        -0.390347 0.098425 0.958545,
        -0.380514 0.098425 0.982283,
        -0.364873 0.098425 1.002668,
        -0.344488 0.098425 1.018309,
        -0.860352 0.098425 0.838000,
        -0.885827 0.098425 0.834646,
        -0.911301 0.098425 0.838000,
        -0.935039 0.098425 0.847832,
        -0.955424 0.098425 0.863474,
        -0.971065 0.098425 0.883858,
        0.790755 0.098425 0.958545,
        0.800588 0.098425 0.982283,
        0.816230 0.098425 1.002668,
        0.380514 0.098425 0.982283,
        0.390347 0.098425 0.958545,
        0.790755 0.098425 0.907596,
        0.800588 0.098425 0.883858,
        0.269801 0.098425 0.838000,
        0.246063 0.098425 0.847832,
        -0.196850 0.098425 0.933071,
        0.225678 0.098425 0.863474,
        0.210037 0.098425 0.883858,
        0.911301 0.098425 0.838000,
        0.885827 0.098425 0.834646,
        -0.790755 0.098425 0.907596,
        -0.800588 0.098425 0.883858,
        -0.816230 0.098425 0.863474,
        -0.225678 0.098425 1.002668,
        0.200204 0.098425 0.958545,
        0.210037 0.098425 0.982283,
        0.390347 0.098425 0.907596,
        0.380514 0.098425 0.883858,
        0.364873 0.098425 0.863474,
        0.344488 0.098425 0.847832,
        0.320750 0.098425 0.838000,
        0.295276 0.098425 0.834646,
        -0.295276 0.098425 0.834646,
        -0.269801 0.098425 1.028142,
        -0.246063 0.098425 1.018309,
        0.246063 0.098425 1.018309,
        0.225678 0.098425 1.002668,
        -0.295276 0.098425 1.031496,
        0.269801 0.098425 1.028142,
        -0.200204 0.098425 0.907596,
        -0.210037 0.098425 0.883858,
        -0.225678 0.098425 0.863474,
        0.200204 0.098425 0.907596,
        0.196850 0.098425 0.933071,
        -0.200204 0.098425 0.958545,
        -0.210037 0.098425 0.982283,
        -0.320750 0.098425 1.028142,
        1.614173 -0.834646 1.417323,
        1.614173 -0.204724 1.417323,
        -1.614173 -0.204724 1.417323,
        -1.614173 -0.834646 1.417323,
        0.177165 0.374016 0.196850,
        0.413386 0.374016 0.196850,
        0.320750 0.515165 0.196850,
        0.344488 0.524998 0.196850,
        0.380514 0.561024 0.196850,
        0.364873 0.540639 0.196850,
        0.210037 0.561024 0.196850,
        0.225678 0.540639 0.196850,
        0.246063 0.524998 0.196850,
        0.269801 0.515165 0.196850,
        0.295276 0.511811 0.196850,
      ]
    }
    coordIndex [
      65, 70, 66, -1,
      66, 70, 69, -1,
      68, 48, 67, -1,
      67, 48, 46, -1,
      67, 46, 69, -1,
      69, 46, 55, -1,
      69, 55, 66, -1,
      68, 70, 48, -1,
      48, 70, 65, -1,
      48, 65, 71, -1,
      71, 65, 63, -1,
      71, 63, 55, -1,
      55, 63, 64, -1,
      55, 64, 66, -1,
      72, 71, 56, -1,
      56, 71, 55, -1,
      73, 74, 54, -1,
      54, 74, 53, -1,
      74, 44, 53, -1,
      53, 44, 42, -1,
      75, 76, 47, -1,
      77, 78, 79, -1,
      78, 80, 79, -1,
      79, 80, 81, -1,
      79, 81, 82, -1,
      83, 84, 72, -1,
      72, 84, 43, -1,
      85, 86, 43, -1,
      43, 86, 87, -1,
      43, 87, 88, -1,
      71, 72, 89, -1,
      89, 72, 43, -1,
      89, 43, 90, -1,
      90, 43, 88, -1,
      76, 91, 47, -1,
      47, 91, 92, -1,
      47, 92, 93, -1,
      93, 94, 47, -1,
      47, 94, 95, -1,
      47, 95, 96, -1,
      96, 95, 73, -1,
      96, 73, 97, -1,
      47, 48, 98, -1,
      98, 48, 71, -1,
      98, 71, 99, -1,
      99, 71, 89, -1,
      100, 101, 102, -1,
      102, 101, 103, -1,
      104, 105, 106, -1,
      106, 105, 107, -1,
      77, 79, 108, -1,
      108, 79, 109, -1,
      108, 109, 110, -1,
      110, 111, 108, -1,
      108, 111, 112, -1,
      108, 112, 113, -1,
      114, 115, 116, -1,
      95, 117, 73, -1,
      73, 117, 118, -1,
      73, 118, 74, -1,
      74, 118, 119, -1,
      74, 119, 120, -1,
      121, 122, 74, -1,
      44, 74, 123, -1,
      113, 124, 108, -1,
      108, 124, 125, -1,
      108, 125, 98, -1,
      98, 125, 126, -1,
      98, 126, 127, -1,
      123, 128, 44, -1,
      44, 128, 129, -1,
      44, 129, 130, -1,
      130, 131, 44, -1,
      44, 131, 132, -1,
      44, 132, 43, -1,
      43, 132, 133, -1,
      43, 133, 85, -1,
      106, 134, 104, -1,
      104, 134, 135, -1,
      104, 135, 116, -1,
      116, 135, 136, -1,
      116, 136, 114, -1,
      107, 137, 106, -1,
      106, 137, 138, -1,
      106, 138, 139, -1,
      139, 138, 101, -1,
      139, 101, 140, -1,
      140, 101, 100, -1,
      141, 142, 143, -1,
      143, 142, 144, -1,
      143, 144, 145, -1,
      120, 146, 74, -1,
      74, 146, 147, -1,
      74, 147, 103, -1,
      148, 149, 74, -1,
      74, 149, 150, -1,
      74, 150, 123, -1,
      151, 152, 153, -1,
      101, 154, 103, -1,
      103, 154, 155, -1,
      103, 155, 74, -1,
      74, 155, 156, -1,
      74, 156, 157, -1,
      157, 158, 74, -1,
      74, 158, 159, -1,
      74, 159, 141, -1,
      122, 160, 74, -1,
      74, 160, 79, -1,
      74, 79, 148, -1,
      148, 79, 82, -1,
      161, 162, 163, -1,
      163, 162, 151, -1,
      163, 151, 164, -1,
      164, 151, 153, -1,
      161, 163, 165, -1,
      165, 163, 166, -1,
      165, 166, 116, -1,
      143, 167, 141, -1,
      141, 167, 168, -1,
      141, 168, 74, -1,
      74, 168, 169, -1,
      74, 169, 121, -1,
      145, 170, 143, -1,
      143, 170, 171, -1,
      143, 171, 172, -1,
      172, 171, 152, -1,
      172, 152, 173, -1,
      173, 152, 151, -1,
      127, 174, 98, -1,
      98, 174, 165, -1,
      98, 165, 47, -1,
      47, 165, 116, -1,
      47, 116, 75, -1,
      75, 116, 115, -1,
      49, 45, 96, -1,
      96, 45, 47, -1,
      50, 49, 97, -1,
      97, 49, 96, -1,
      54, 50, 73, -1,
      73, 50, 97, -1,
      51, 41, 84, -1,
      84, 41, 43, -1,
      52, 51, 83, -1,
      83, 51, 84, -1,
      56, 52, 72, -1,
      72, 52, 83, -1,
      175, 33, 59, -1,
      59, 33, 34, -1,
      28, 23, 175, -1,
      175, 23, 24, -1,
      175, 24, 33, -1,
      0, 6, 29, -1,
      4, 5, 40, -1,
      40, 5, 2, -1,
      40, 2, 3, -1,
      3, 1, 40, -1,
      40, 1, 0, -1,
      40, 0, 176, -1,
      176, 0, 29, -1,
      60, 39, 176, -1,
      176, 39, 40, -1,
      177, 35, 62, -1,
      62, 35, 36, -1,
      35, 177, 30, -1,
      30, 177, 26, -1,
      30, 26, 25, -1,
      178, 31, 27, -1,
      27, 31, 21, -1,
      27, 21, 22, -1,
      61, 32, 178, -1,
      178, 32, 31, -1,
      7, 8, 20, -1,
      20, 8, 19, -1,
      9, 10, 57, -1,
      57, 10, 58, -1,
      179, 37, 13, -1,
      13, 37, 18, -1,
      13, 18, 17, -1,
      179, 180, 37, -1,
      37, 180, 38, -1,
      38, 180, 15, -1,
      15, 180, 12, -1,
      15, 12, 16, -1,
      181, 182, 180, -1,
      11, 12, 183, -1,
      183, 12, 180, -1,
      183, 180, 184, -1,
      184, 180, 182, -1,
      13, 14, 179, -1,
      179, 14, 185, -1,
      179, 185, 186, -1,
      186, 187, 179, -1,
      179, 187, 188, -1,
      179, 188, 180, -1,
      180, 188, 189, -1,
      180, 189, 181, -1,
    ]
  }
}

Shape {
  appearance Appearance {
    material Material {
      diffuseColor 0.7529 0.7529 0.7529
      specularColor 0.3765 0.3765 0.3765
      ambientIntensity 0.2
      transparency 0.0000
      shininess 0.5
    }
  }
  geometry IndexedFaceSet {
    ccw TRUE
    solid FALSE
    coord DEF co Coordinate {
      point [
        0.373616 0.570866 0.974257,
        0.364089 0.570866 0.986208,
        0.362411 0.570866 0.987664,
        0.348181 0.570866 1.000013,
        0.342474 0.570866 1.003347,
        0.335550 0.570866 1.007393,
        0.319600 0.570866 1.013034,
        0.316042 0.570866 1.014292,
        0.392902 0.570866 0.919185,
        0.385484 0.570866 0.814961,
        0.385902 0.570866 0.827370,
        0.386360 0.570866 0.831159,
        0.304366 0.570866 1.016220,
        0.295276 0.570866 1.016672,
        0.274763 0.570866 1.014350,
        0.205673 0.570866 0.952910,
        0.202079 0.570866 0.942355,
        0.201851 0.570866 0.941120,
        0.201509 0.570866 0.939274,
        0.391563 0.570866 0.875287,
        0.393340 0.570866 0.891333,
        0.393247 0.570866 0.897250,
        0.393031 0.570866 0.910975,
        0.390072 0.570866 0.861822,
        0.196997 0.570866 0.895640,
        0.197023 0.570866 0.896771,
        0.197350 0.570866 0.911201,
        0.197494 0.570866 0.917579,
        0.200948 0.570866 0.858561,
        0.202058 0.570866 0.849011,
        0.204130 0.570866 0.831194,
        0.245810 0.570866 1.002287,
        0.237365 0.570866 0.996299,
        0.228355 0.570866 0.987387,
        0.222142 0.570866 0.981241,
        0.216013 0.570866 0.972880,
        0.212671 0.570866 0.966427,
        0.390958 0.570866 0.869824,
        0.388539 0.570866 0.849158,
        0.199252 0.570866 0.874481,
        0.199698 0.570866 0.870298,
        0.205067 0.570866 0.814961,
        0.204737 0.570866 0.825969,
        0.270887 0.570866 1.013225,
        0.264583 0.570866 1.011394,
        0.248048 0.570866 1.003373,
        0.385484 0.570866 0.196850,
        0.388699 0.570866 0.941119,
        0.388443 0.570866 0.942455,
        0.384039 0.570866 0.954976,
        0.377862 0.570866 0.966403,
        0.205067 0.570866 0.196850,
        0.389056 0.570866 0.939257,
        0.393701 0.098425 0.933071,
        0.320750 0.098425 1.028142,
        0.344488 0.098425 1.018309,
        0.364873 0.098425 1.002668,
        0.295276 0.098425 1.031496,
        0.380514 0.098425 0.982283,
        0.390347 0.098425 0.958545,
        0.269801 0.098425 0.838000,
        0.246063 0.098425 0.847832,
        0.225678 0.098425 0.863474,
        0.210037 0.098425 0.883858,
        0.200204 0.098425 0.958545,
        0.210037 0.098425 0.982283,
        0.390347 0.098425 0.907596,
        0.380514 0.098425 0.883858,
        0.364873 0.098425 0.863474,
        0.344488 0.098425 0.847832,
        0.320750 0.098425 0.838000,
        0.295276 0.098425 0.834646,
        0.246063 0.098425 1.018309,
        0.225678 0.098425 1.002668,
        0.269801 0.098425 1.028142,
        0.200204 0.098425 0.907596,
        0.196850 0.098425 0.933071,
        0.320750 0.515165 0.196850,
        0.344488 0.524998 0.196850,
        0.380514 0.561024 0.196850,
        0.364873 0.540639 0.196850,
        0.210037 0.561024 0.196850,
        0.225678 0.540639 0.196850,
        0.246063 0.524998 0.196850,
        0.269801 0.515165 0.196850,
        0.295276 0.511811 0.196850,
        0.295276 1.240157 -0.039370,
        0.269801 0.728346 -0.036016,
        0.269801 1.240157 -0.036016,
        0.246063 0.728346 -0.026183,
        0.246063 1.240157 -0.026183,
        0.225678 0.728346 -0.010542,
        0.225678 1.240157 -0.010542,
        0.210037 0.728346 0.009843,
        0.210037 1.240157 0.009843,
        0.200204 0.728346 0.033581,
        0.200204 1.240157 0.033581,
        0.196850 0.728346 0.059055,
        0.196850 1.240157 0.059055,
        0.200204 0.728346 0.084530,
        0.200204 1.240157 0.084530,
        0.210037 0.728346 0.108268,
        0.210037 1.240157 0.108268,
        0.225678 0.728346 0.128652,
        0.225678 1.240157 0.128652,
        0.246063 0.728346 0.144294,
        0.246063 1.240157 0.144294,
        0.269801 0.728346 0.154126,
        0.269801 1.240157 0.154126,
        0.295276 0.728346 0.157480,
        0.295276 1.240157 0.157480,
        0.320750 0.728346 0.154126,
        0.320750 1.240157 0.154126,
        0.344488 0.728346 0.144294,
        0.344488 1.240157 0.144294,
        0.364873 0.728346 0.128652,
        0.364873 1.240157 0.128652,
        0.380514 0.728346 0.108268,
        0.380514 1.240157 0.108268,
        0.390347 0.728346 0.084530,
        0.390347 1.240157 0.084530,
        0.393701 0.728346 0.059055,
        0.393701 1.240157 0.059055,
        0.390347 0.728346 0.033581,
        0.390347 1.240157 0.033581,
        0.380514 0.728346 0.009843,
        0.380514 1.240157 0.009843,
        0.364873 0.728346 -0.010542,
        0.364873 1.240157 -0.010542,
        0.344488 0.728346 -0.026183,
        0.344488 1.240157 -0.026183,
        0.320750 0.728346 -0.036016,
        0.320750 1.240157 -0.036016,
        0.295276 0.728346 -0.039370,
        0.295276 0.723966 0.157974,
        0.320750 0.723220 0.154704,
        0.344488 0.721032 0.145118,
        0.364873 0.717551 0.129869,
        0.380514 0.713015 0.109995,
        0.390347 0.707733 0.086852,
        0.393701 0.702065 0.062017,
        0.390347 0.696396 0.037181,
        0.380514 0.691114 0.014038,
        0.364873 0.686578 -0.005836,
        0.344488 0.683097 -0.021085,
        0.320750 0.680909 -0.030671,
        0.295276 0.680163 -0.033941,
        0.269801 0.680909 -0.030671,
        0.246063 0.683097 -0.021085,
        0.225678 0.686578 -0.005836,
        0.210037 0.691114 0.014038,
        0.200204 0.696396 0.037181,
        0.196850 0.702065 0.062017,
        0.200204 0.707733 0.086852,
        0.210037 0.713015 0.109995,
        0.225678 0.717551 0.129869,
        0.246063 0.721032 0.145118,
        0.269801 0.723220 0.154704,
        0.295276 0.719806 0.159430,
        0.320750 0.718350 0.156408,
        0.344488 0.714084 0.147549,
        0.364873 0.707297 0.133457,
        0.380514 0.698453 0.115091,
        0.390347 0.688153 0.093703,
        0.393701 0.677100 0.070752,
        0.390347 0.666048 0.047800,
        0.380514 0.655748 0.026413,
        0.364873 0.646903 0.008047,
        0.344488 0.640117 -0.006046,
        0.320750 0.635850 -0.014905,
        0.295276 0.634395 -0.017926,
        0.269801 0.635850 -0.014905,
        0.246063 0.640117 -0.006046,
        0.225678 0.646903 0.008047,
        0.210037 0.655748 0.026413,
        0.200204 0.666048 0.047800,
        0.196850 0.677100 0.070752,
        0.200204 0.688153 0.093703,
        0.210037 0.698453 0.115091,
        0.225678 0.707297 0.133457,
        0.246063 0.714084 0.147549,
        0.269801 0.718350 0.156408,
        0.295276 0.716073 0.161775,
        0.320750 0.713982 0.159153,
        0.344488 0.707852 0.151465,
        0.364873 0.698099 0.139236,
        0.380514 0.685389 0.123299,
        0.390347 0.670589 0.104740,
        0.393701 0.654706 0.084823,
        0.390347 0.638823 0.064906,
        0.380514 0.624022 0.046347,
        0.364873 0.611313 0.030410,
        0.344488 0.601561 0.018181,
        0.320750 0.595430 0.010493,
        0.295276 0.593339 0.007871,
        0.269801 0.595430 0.010493,
        0.246063 0.601561 0.018181,
        0.225678 0.611313 0.030410,
        0.210037 0.624022 0.046347,
        0.200204 0.638823 0.064906,
        0.196850 0.654706 0.084823,
        0.200204 0.670589 0.104740,
        0.210037 0.685389 0.123299,
        0.225678 0.698099 0.139236,
        0.246063 0.707852 0.151465,
        0.269801 0.713982 0.159153,
        0.295276 0.712956 0.164892,
        0.320750 0.710334 0.162801,
        0.344488 0.702646 0.156670,
        0.364873 0.690417 0.146918,
        0.380514 0.674480 0.134208,
        0.390347 0.655921 0.119408,
        0.393701 0.636004 0.103525,
        0.390347 0.616087 0.087642,
        0.380514 0.597528 0.072841,
        0.364873 0.581591 0.060132,
        0.344488 0.569362 0.050380,
        0.320750 0.561674 0.044249,
        0.295276 0.559052 0.042158,
        0.269801 0.561674 0.044249,
        0.246063 0.569362 0.050380,
        0.225678 0.581591 0.060132,
        0.210037 0.597528 0.072841,
        0.200204 0.616087 0.087642,
        0.196850 0.636004 0.103525,
        0.200204 0.655921 0.119408,
        0.210037 0.674480 0.134208,
        0.225678 0.690417 0.146918,
        0.246063 0.702646 0.156670,
        0.269801 0.710334 0.162801,
        0.295276 0.710611 0.168624,
        0.320750 0.707589 0.167169,
        0.344488 0.698730 0.162903,
        0.364873 0.684638 0.156116,
        0.380514 0.666272 0.147272,
        0.390347 0.644884 0.136972,
        0.393701 0.621933 0.125919,
        0.390347 0.598981 0.114867,
        0.380514 0.577594 0.104567,
        0.364873 0.559228 0.095722,
        0.344488 0.545135 0.088935,
        0.320750 0.536276 0.084669,
        0.295276 0.533255 0.083214,
        0.269801 0.536276 0.084669,
        0.246063 0.545135 0.088935,
        0.225678 0.559228 0.095722,
        0.210037 0.577594 0.104567,
        0.200204 0.598981 0.114867,
        0.196850 0.621933 0.125919,
        0.200204 0.644884 0.136972,
        0.210037 0.666272 0.147272,
        0.225678 0.684638 0.156116,
        0.246063 0.698730 0.162903,
        0.269801 0.707589 0.167169,
        0.295276 0.709155 0.172785,
        0.320750 0.705885 0.172039,
        0.344488 0.696299 0.169851,
        0.364873 0.681050 0.166370,
        0.380514 0.661176 0.161834,
        0.390347 0.638033 0.156552,
        0.393701 0.613198 0.150883,
        0.390347 0.588362 0.145215,
        0.380514 0.565219 0.139933,
        0.364873 0.545345 0.135396,
        0.344488 0.530096 0.131916,
        0.320750 0.520510 0.129728,
        0.295276 0.517240 0.128982,
        0.269801 0.520510 0.129728,
        0.246063 0.530096 0.131916,
        0.225678 0.545345 0.135396,
        0.210037 0.565219 0.139933,
        0.200204 0.588362 0.145215,
        0.196850 0.613198 0.150883,
        0.200204 0.638033 0.156552,
        0.210037 0.661176 0.161834,
        0.225678 0.681050 0.166370,
        0.246063 0.696299 0.169851,
        0.269801 0.705885 0.172039,
        0.295276 0.708661 0.177165,
        0.320750 0.705307 0.177165,
        0.344488 0.695475 0.177165,
        0.364873 0.679833 0.177165,
        0.380514 0.659449 0.177165,
        0.390347 0.635711 0.177165,
        0.393701 0.610236 0.177165,
        0.390347 0.584762 0.177165,
        0.380514 0.561024 0.177165,
        0.364873 0.540639 0.177165,
        0.344488 0.524998 0.177165,
        0.320750 0.515165 0.177165,
        0.295276 0.511811 0.177165,
        0.269801 0.515165 0.177165,
        0.246063 0.524998 0.177165,
        0.225678 0.540639 0.177165,
        0.210037 0.561024 0.177165,
        0.200204 0.584762 0.177165,
        0.196850 0.610236 0.177165,
        0.200204 0.635711 0.177165,
        0.210037 0.659449 0.177165,
        0.225678 0.679833 0.177165,
        0.246063 0.695475 0.177165,
        0.269801 0.705307 0.177165,
        0.393485 0.616749 0.814961,
        0.388797 0.640915 0.814961,
        0.389826 0.635609 0.814961,
        0.378259 0.663163 0.814961,
        0.380109 0.659257 0.814961,
        0.362531 0.682099 0.814961,
        0.364600 0.679607 0.814961,
        0.342595 0.696540 0.814961,
        0.344343 0.695274 0.814961,
        0.270852 0.705583 0.814961,
        0.295276 0.708661 0.814961,
        0.319699 0.705583 0.814961,
        0.320702 0.705187 0.814961,
        0.269849 0.705187 0.814961,
        0.247956 0.696540 0.814961,
        0.246208 0.695274 0.814961,
        0.228020 0.682099 0.814961,
        0.225951 0.679607 0.814961,
        0.212292 0.663163 0.814961,
        0.210442 0.659257 0.814961,
        0.201754 0.640915 0.814961,
        0.200725 0.635609 0.814961,
        0.197066 0.616749 0.814961,
        0.197450 0.610272 0.814961,
        0.198522 0.592176 0.814961,
        0.200748 0.584929 0.814961,
        0.393102 0.610272 0.814961,
        0.392030 0.592176 0.814961,
        0.389804 0.584929 0.814961,
        0.228020 0.593993 0.975313,
        0.392030 0.584202 0.854100,
        0.392030 0.590162 0.834932,
        0.392030 0.574536 0.871693,
        0.393485 0.594777 0.885627,
        0.393485 0.578604 0.904696,
        0.388797 0.595374 0.922097,
        0.388797 0.571909 0.940551,
        0.378259 0.583839 0.959330,
        0.362531 0.593993 0.975313,
        0.342595 0.601736 0.987503,
        0.319699 0.606585 0.995136,
        0.295276 0.608235 0.997734,
        0.270852 0.606585 0.995136,
        0.247956 0.601736 0.987503,
        0.201754 0.571909 0.940551,
        0.212292 0.583839 0.959330,
        0.197066 0.578604 0.904696,
        0.201754 0.595374 0.922097,
        0.198522 0.574536 0.871693,
        0.197066 0.594777 0.885627,
        0.198522 0.590162 0.834932,
        0.197066 0.614241 0.839838,
        0.201754 0.637921 0.844662,
        0.212292 0.659720 0.849103,
        0.228020 0.678276 0.852883,
        0.247956 0.692426 0.855766,
        0.270852 0.701287 0.857571,
        0.342595 0.692426 0.855766,
        0.319699 0.701287 0.857571,
        0.295276 0.704303 0.858185,
        0.362531 0.678276 0.852883,
        0.378259 0.659720 0.849103,
        0.388797 0.637921 0.844662,
        0.212292 0.610811 0.938116,
        0.228020 0.623952 0.951752,
        0.247956 0.633973 0.962150,
        0.270852 0.640248 0.968661,
        0.295276 0.642384 0.970878,
        0.319699 0.640248 0.968661,
        0.342595 0.633973 0.962150,
        0.362531 0.623952 0.951752,
        0.378259 0.610811 0.938116,
        0.393485 0.614241 0.839838,
        0.201754 0.614682 0.899330,
        0.212292 0.633007 0.911946,
        0.228020 0.648605 0.922683,
        0.247956 0.660500 0.930872,
        0.270852 0.667948 0.936000,
        0.295276 0.670484 0.937745,
        0.319699 0.667948 0.936000,
        0.342595 0.660500 0.930872,
        0.362531 0.648605 0.922683,
        0.378259 0.633007 0.911946,
        0.388797 0.614682 0.899330,
        0.198522 0.584202 0.854100,
        0.197066 0.606817 0.863714,
        0.201754 0.629057 0.873168,
        0.212292 0.649532 0.881871,
        0.228020 0.666959 0.889279,
        0.247956 0.680249 0.894928,
        0.270852 0.688571 0.898466,
        0.295276 0.691404 0.899670,
        0.319699 0.688571 0.898466,
        0.342595 0.680249 0.894928,
        0.362531 0.666959 0.889279,
        0.378259 0.649532 0.881871,
        0.388797 0.629057 0.873168,
        0.393485 0.606817 0.863714,
        0.265748 1.279528 0.110198,
        0.279991 1.279528 0.116098,
        0.295276 1.279528 0.059055,
        0.295276 1.279528 0.118110,
        0.310560 1.279528 0.116098,
        0.238233 1.279528 0.074340,
        0.244132 1.279528 0.088583,
        0.253517 1.279528 0.100813,
        0.244132 1.279528 0.029528,
        0.238233 1.279528 0.043770,
        0.236220 1.279528 0.059055,
        0.279991 1.279528 0.002012,
        0.265748 1.279528 0.007912,
        0.253517 1.279528 0.017297,
        0.324803 1.279528 0.007912,
        0.310560 1.279528 0.002012,
        0.295276 1.279528 0.000000,
        0.352319 1.279528 0.043770,
        0.346419 1.279528 0.029528,
        0.337034 1.279528 0.017297,
        0.346419 1.279528 0.088583,
        0.352319 1.279528 0.074340,
        0.354331 1.279528 0.059055,
        0.324803 1.279528 0.110198,
        0.337034 1.279528 0.100813,
        0.324803 -0.767717 0.984214,
        0.310560 -0.767717 0.990114,
        0.295276 -0.767717 0.933071,
        0.295276 -0.767717 0.992126,
        0.279991 -0.767717 0.990114,
        0.352319 -0.767717 0.948356,
        0.346419 -0.767717 0.962598,
        0.337034 -0.767717 0.974829,
        0.346419 -0.767717 0.903543,
        0.352319 -0.767717 0.917786,
        0.354331 -0.767717 0.933071,
        0.310560 -0.767717 0.876028,
        0.324803 -0.767717 0.881928,
        0.337034 -0.767717 0.891313,
        0.265748 -0.767717 0.881928,
        0.279991 -0.767717 0.876028,
        0.295276 -0.767717 0.874016,
        0.238233 -0.767717 0.917786,
        0.244132 -0.767717 0.903543,
        0.253517 -0.767717 0.891313,
        0.244132 -0.767717 0.962598,
        0.238233 -0.767717 0.948356,
        0.236220 -0.767717 0.933071,
        0.265748 -0.767717 0.984214,
        0.253517 -0.767717 0.974829,
        0.269801 -0.728346 0.838000,
        0.246063 -0.728346 0.847832,
        0.225678 -0.728346 0.863474,
        0.210037 -0.728346 0.883858,
        0.200204 -0.728346 0.907596,
        0.196850 -0.728346 0.933071,
        0.200204 -0.728346 0.958545,
        0.210037 -0.728346 0.982283,
        0.225678 -0.728346 1.002668,
        0.246063 -0.728346 1.018309,
        0.269801 -0.728346 1.028142,
        0.295276 -0.728346 1.031496,
        0.320750 -0.728346 1.028142,
        0.344488 -0.728346 1.018309,
        0.364873 -0.728346 1.002668,
        0.380514 -0.728346 0.982283,
        0.390347 -0.728346 0.958545,
        0.393701 -0.728346 0.933071,
        0.390347 -0.728346 0.907596,
        0.380514 -0.728346 0.883858,
        0.364873 -0.728346 0.863474,
        0.344488 -0.728346 0.847832,
        0.320750 -0.728346 0.838000,
        0.295276 -0.728346 0.834646,
      ]
    }
    coordIndex [
      86, 87, 88, -1,
      88, 87, 89, -1,
      88, 89, 90, -1,
      90, 89, 91, -1,
      90, 91, 92, -1,
      92, 91, 93, -1,
      92, 93, 94, -1,
      94, 93, 95, -1,
      94, 95, 96, -1,
      96, 95, 97, -1,
      96, 97, 98, -1,
      98, 97, 99, -1,
      98, 99, 100, -1,
      100, 99, 101, -1,
      100, 101, 102, -1,
      102, 101, 103, -1,
      102, 103, 104, -1,
      104, 103, 105, -1,
      104, 105, 106, -1,
      106, 105, 107, -1,
      106, 107, 108, -1,
      108, 107, 109, -1,
      108, 109, 110, -1,
      110, 109, 111, -1,
      110, 111, 112, -1,
      112, 111, 113, -1,
      112, 113, 114, -1,
      114, 113, 115, -1,
      114, 115, 116, -1,
      116, 115, 117, -1,
      116, 117, 118, -1,
      118, 117, 119, -1,
      118, 119, 120, -1,
      120, 119, 121, -1,
      120, 121, 122, -1,
      122, 121, 123, -1,
      122, 123, 124, -1,
      124, 123, 125, -1,
      124, 125, 126, -1,
      126, 125, 127, -1,
      126, 127, 128, -1,
      128, 127, 129, -1,
      128, 129, 130, -1,
      130, 129, 131, -1,
      130, 131, 132, -1,
      132, 131, 133, -1,
      132, 133, 86, -1,
      86, 133, 87, -1,
      109, 134, 111, -1,
      111, 134, 135, -1,
      111, 135, 113, -1,
      113, 135, 136, -1,
      113, 136, 115, -1,
      115, 136, 137, -1,
      115, 137, 117, -1,
      117, 137, 138, -1,
      117, 138, 119, -1,
      119, 138, 139, -1,
      119, 139, 121, -1,
      121, 139, 140, -1,
      121, 140, 123, -1,
      123, 140, 141, -1,
      123, 141, 125, -1,
      125, 141, 142, -1,
      125, 142, 127, -1,
      127, 142, 143, -1,
      127, 143, 129, -1,
      129, 143, 144, -1,
      129, 144, 131, -1,
      131, 144, 145, -1,
      131, 145, 133, -1,
      133, 145, 146, -1,
      133, 146, 87, -1,
      87, 146, 147, -1,
      87, 147, 89, -1,
      89, 147, 148, -1,
      89, 148, 91, -1,
      91, 148, 149, -1,
      91, 149, 93, -1,
      93, 149, 150, -1,
      93, 150, 95, -1,
      95, 150, 151, -1,
      95, 151, 97, -1,
      97, 151, 152, -1,
      97, 152, 99, -1,
      99, 152, 153, -1,
      99, 153, 101, -1,
      101, 153, 154, -1,
      101, 154, 103, -1,
      103, 154, 155, -1,
      103, 155, 105, -1,
      105, 155, 156, -1,
      105, 156, 107, -1,
      107, 156, 157, -1,
      107, 157, 109, -1,
      109, 157, 134, -1,
      134, 158, 135, -1,
      135, 158, 159, -1,
      135, 159, 136, -1,
      136, 159, 160, -1,
      136, 160, 137, -1,
      137, 160, 161, -1,
      137, 161, 138, -1,
      138, 161, 162, -1,
      138, 162, 139, -1,
      139, 162, 163, -1,
      139, 163, 140, -1,
      140, 163, 164, -1,
      140, 164, 141, -1,
      141, 164, 165, -1,
      141, 165, 142, -1,
      142, 165, 166, -1,
      142, 166, 143, -1,
      143, 166, 167, -1,
      143, 167, 144, -1,
      144, 167, 168, -1,
      144, 168, 145, -1,
      145, 168, 169, -1,
      145, 169, 146, -1,
      146, 169, 170, -1,
      146, 170, 147, -1,
      147, 170, 171, -1,
      147, 171, 148, -1,
      148, 171, 172, -1,
      148, 172, 149, -1,
      149, 172, 173, -1,
      149, 173, 150, -1,
      150, 173, 174, -1,
      150, 174, 151, -1,
      151, 174, 175, -1,
      151, 175, 152, -1,
      152, 175, 176, -1,
      152, 176, 153, -1,
      153, 176, 177, -1,
      153, 177, 154, -1,
      154, 177, 178, -1,
      154, 178, 155, -1,
      155, 178, 179, -1,
      155, 179, 156, -1,
      156, 179, 180, -1,
      156, 180, 157, -1,
      157, 180, 181, -1,
      157, 181, 134, -1,
      134, 181, 158, -1,
      158, 182, 159, -1,
      159, 182, 183, -1,
      159, 183, 160, -1,
      160, 183, 184, -1,
      160, 184, 161, -1,
      161, 184, 185, -1,
      161, 185, 162, -1,
      162, 185, 186, -1,
      162, 186, 163, -1,
      163, 186, 187, -1,
      163, 187, 164, -1,
      164, 187, 188, -1,
      164, 188, 165, -1,
      165, 188, 189, -1,
      165, 189, 166, -1,
      166, 189, 190, -1,
      166, 190, 167, -1,
      167, 190, 191, -1,
      167, 191, 168, -1,
      168, 191, 192, -1,
      168, 192, 169, -1,
      169, 192, 193, -1,
      169, 193, 170, -1,
      170, 193, 194, -1,
      170, 194, 171, -1,
      171, 194, 195, -1,
      171, 195, 172, -1,
      172, 195, 196, -1,
      172, 196, 173, -1,
      173, 196, 197, -1,
      173, 197, 174, -1,
      174, 197, 198, -1,
      174, 198, 175, -1,
      175, 198, 199, -1,
      175, 199, 176, -1,
      176, 199, 200, -1,
      176, 200, 177, -1,
      177, 200, 201, -1,
      177, 201, 178, -1,
      178, 201, 202, -1,
      178, 202, 179, -1,
      179, 202, 203, -1,
      179, 203, 180, -1,
      180, 203, 204, -1,
      180, 204, 181, -1,
      181, 204, 205, -1,
      181, 205, 158, -1,
      158, 205, 182, -1,
      182, 206, 183, -1,
      183, 206, 207, -1,
      183, 207, 184, -1,
      184, 207, 208, -1,
      184, 208, 185, -1,
      185, 208, 209, -1,
      185, 209, 186, -1,
      186, 209, 210, -1,
      186, 210, 187, -1,
      187, 210, 211, -1,
      187, 211, 188, -1,
      188, 211, 212, -1,
      188, 212, 189, -1,
      189, 212, 213, -1,
      189, 213, 190, -1,
      190, 213, 214, -1,
      190, 214, 191, -1,
      191, 214, 215, -1,
      191, 215, 192, -1,
      192, 215, 216, -1,
      192, 216, 193, -1,
      193, 216, 217, -1,
      193, 217, 194, -1,
      194, 217, 218, -1,
      194, 218, 195, -1,
      195, 218, 219, -1,
      195, 219, 196, -1,
      196, 219, 220, -1,
      196, 220, 197, -1,
      197, 220, 221, -1,
      197, 221, 198, -1,
      198, 221, 222, -1,
      198, 222, 199, -1,
      199, 222, 223, -1,
      199, 223, 200, -1,
      200, 223, 224, -1,
      200, 224, 201, -1,
      201, 224, 225, -1,
      201, 225, 202, -1,
      202, 225, 226, -1,
      202, 226, 203, -1,
      203, 226, 227, -1,
      203, 227, 204, -1,
      204, 227, 228, -1,
      204, 228, 205, -1,
      205, 228, 229, -1,
      205, 229, 182, -1,
      182, 229, 206, -1,
      206, 230, 207, -1,
      207, 230, 231, -1,
      207, 231, 208, -1,
      208, 231, 232, -1,
      208, 232, 209, -1,
      209, 232, 233, -1,
      209, 233, 210, -1,
      210, 233, 234, -1,
      210, 234, 211, -1,
      211, 234, 235, -1,
      211, 235, 212, -1,
      212, 235, 236, -1,
      212, 236, 213, -1,
      213, 236, 237, -1,
      213, 237, 214, -1,
      214, 237, 238, -1,
      214, 238, 215, -1,
      215, 238, 239, -1,
      215, 239, 216, -1,
      216, 239, 240, -1,
      216, 240, 217, -1,
      217, 240, 241, -1,
      217, 241, 218, -1,
      218, 241, 242, -1,
      218, 242, 219, -1,
      219, 242, 243, -1,
      219, 243, 220, -1,
      220, 243, 244, -1,
      220, 244, 221, -1,
      221, 244, 245, -1,
      221, 245, 222, -1,
      222, 245, 246, -1,
      222, 246, 223, -1,
      223, 246, 247, -1,
      223, 247, 224, -1,
      224, 247, 248, -1,
      224, 248, 225, -1,
      225, 248, 249, -1,
      225, 249, 226, -1,
      226, 249, 250, -1,
      226, 250, 227, -1,
      227, 250, 251, -1,
      227, 251, 228, -1,
      228, 251, 252, -1,
      228, 252, 229, -1,
      229, 252, 253, -1,
      229, 253, 206, -1,
      206, 253, 230, -1,
      230, 254, 231, -1,
      231, 254, 255, -1,
      231, 255, 232, -1,
      232, 255, 256, -1,
      232, 256, 233, -1,
      233, 256, 257, -1,
      233, 257, 234, -1,
      234, 257, 258, -1,
      234, 258, 235, -1,
      235, 258, 259, -1,
      235, 259, 236, -1,
      236, 259, 260, -1,
      236, 260, 237, -1,
      237, 260, 261, -1,
      237, 261, 238, -1,
      238, 261, 262, -1,
      238, 262, 239, -1,
      239, 262, 263, -1,
      239, 263, 240, -1,
      240, 263, 264, -1,
      240, 264, 241, -1,
      241, 264, 265, -1,
      241, 265, 242, -1,
      242, 265, 266, -1,
      242, 266, 243, -1,
      243, 266, 267, -1,
      243, 267, 244, -1,
      244, 267, 268, -1,
      244, 268, 245, -1,
      245, 268, 269, -1,
      245, 269, 246, -1,
      246, 269, 270, -1,
      246, 270, 247, -1,
      247, 270, 271, -1,
      247, 271, 248, -1,
      248, 271, 272, -1,
      248, 272, 249, -1,
      249, 272, 273, -1,
      249, 273, 250, -1,
      250, 273, 274, -1,
      250, 274, 251, -1,
      251, 274, 275, -1,
      251, 275, 252, -1,
      252, 275, 276, -1,
      252, 276, 253, -1,
      253, 276, 277, -1,
      253, 277, 230, -1,
      230, 277, 254, -1,
      254, 278, 255, -1,
      255, 278, 279, -1,
      255, 279, 256, -1,
      256, 279, 280, -1,
      256, 280, 257, -1,
      257, 280, 281, -1,
      257, 281, 258, -1,
      258, 281, 282, -1,
      258, 282, 259, -1,
      259, 282, 283, -1,
      259, 283, 260, -1,
      260, 283, 284, -1,
      260, 284, 261, -1,
      261, 284, 285, -1,
      261, 285, 262, -1,
      262, 285, 286, -1,
      262, 286, 263, -1,
      263, 286, 287, -1,
      263, 287, 264, -1,
      264, 287, 288, -1,
      264, 288, 265, -1,
      265, 288, 289, -1,
      265, 289, 266, -1,
      266, 289, 290, -1,
      266, 290, 267, -1,
      267, 290, 291, -1,
      267, 291, 268, -1,
      268, 291, 292, -1,
      268, 292, 269, -1,
      269, 292, 293, -1,
      269, 293, 270, -1,
      270, 293, 294, -1,
      270, 294, 271, -1,
      271, 294, 295, -1,
      271, 295, 272, -1,
      272, 295, 296, -1,
      272, 296, 273, -1,
      273, 296, 297, -1,
      273, 297, 274, -1,
      274, 297, 298, -1,
      274, 298, 275, -1,
      275, 298, 299, -1,
      275, 299, 276, -1,
      276, 299, 300, -1,
      276, 300, 277, -1,
      277, 300, 301, -1,
      277, 301, 254, -1,
      254, 301, 278, -1,
      81, 51, 295, -1,
      295, 294, 81, -1,
      81, 294, 293, -1,
      81, 293, 82, -1,
      82, 293, 292, -1,
      82, 292, 83, -1,
      83, 292, 291, -1,
      83, 291, 84, -1,
      84, 291, 290, -1,
      84, 290, 85, -1,
      85, 290, 289, -1,
      85, 289, 77, -1,
      77, 289, 288, -1,
      77, 288, 78, -1,
      78, 288, 287, -1,
      78, 287, 80, -1,
      80, 287, 286, -1,
      80, 286, 79, -1,
      79, 286, 46, -1,
      46, 286, 285, -1,
      46, 285, 9, -1,
      302, 284, 283, -1,
      282, 303, 283, -1,
      283, 303, 304, -1,
      283, 304, 302, -1,
      281, 305, 282, -1,
      282, 305, 306, -1,
      282, 306, 303, -1,
      280, 307, 281, -1,
      281, 307, 308, -1,
      281, 308, 305, -1,
      279, 309, 280, -1,
      280, 309, 310, -1,
      280, 310, 307, -1,
      311, 312, 278, -1,
      278, 312, 313, -1,
      278, 313, 279, -1,
      279, 313, 314, -1,
      279, 314, 309, -1,
      311, 278, 315, -1,
      315, 278, 301, -1,
      315, 301, 316, -1,
      316, 301, 317, -1,
      317, 301, 300, -1,
      317, 300, 318, -1,
      318, 300, 319, -1,
      319, 300, 299, -1,
      319, 299, 320, -1,
      320, 299, 298, -1,
      320, 298, 321, -1,
      321, 298, 322, -1,
      322, 298, 297, -1,
      322, 297, 323, -1,
      323, 297, 324, -1,
      324, 297, 296, -1,
      324, 296, 325, -1,
      325, 296, 326, -1,
      326, 296, 295, -1,
      326, 295, 327, -1,
      327, 295, 51, -1,
      327, 51, 41, -1,
      302, 328, 284, -1,
      284, 328, 329, -1,
      284, 329, 285, -1,
      285, 329, 330, -1,
      285, 330, 9, -1,
      34, 33, 331, -1,
      23, 38, 332, -1,
      9, 330, 10, -1,
      10, 330, 333, -1,
      10, 333, 11, -1,
      23, 332, 37, -1,
      19, 334, 20, -1,
      20, 334, 335, -1,
      20, 335, 21, -1,
      22, 336, 8, -1,
      8, 336, 337, -1,
      8, 337, 52, -1,
      47, 338, 48, -1,
      48, 338, 339, -1,
      48, 339, 49, -1,
      2, 1, 340, -1,
      340, 1, 0, -1,
      340, 0, 339, -1,
      339, 0, 50, -1,
      339, 50, 49, -1,
      2, 340, 3, -1,
      3, 340, 341, -1,
      3, 341, 4, -1,
      4, 341, 5, -1,
      5, 341, 342, -1,
      5, 342, 6, -1,
      6, 342, 7, -1,
      7, 342, 343, -1,
      7, 343, 12, -1,
      344, 14, 343, -1,
      343, 14, 13, -1,
      343, 13, 12, -1,
      31, 45, 345, -1,
      345, 45, 44, -1,
      345, 44, 344, -1,
      344, 44, 43, -1,
      344, 43, 14, -1,
      331, 33, 345, -1,
      345, 33, 32, -1,
      345, 32, 31, -1,
      27, 18, 346, -1,
      346, 18, 17, -1,
      346, 17, 347, -1,
      347, 17, 16, -1,
      16, 15, 347, -1,
      347, 15, 36, -1,
      347, 36, 331, -1,
      331, 36, 35, -1,
      331, 35, 34, -1,
      24, 25, 348, -1,
      348, 25, 26, -1,
      348, 26, 349, -1,
      28, 40, 350, -1,
      350, 40, 39, -1,
      350, 39, 351, -1,
      30, 352, 42, -1,
      42, 352, 327, -1,
      42, 327, 41, -1,
      353, 325, 352, -1,
      352, 325, 326, -1,
      352, 326, 327, -1,
      354, 323, 353, -1,
      353, 323, 324, -1,
      353, 324, 325, -1,
      355, 321, 354, -1,
      354, 321, 322, -1,
      354, 322, 323, -1,
      356, 319, 355, -1,
      355, 319, 320, -1,
      355, 320, 321, -1,
      357, 317, 356, -1,
      356, 317, 318, -1,
      356, 318, 319, -1,
      358, 315, 357, -1,
      357, 315, 316, -1,
      357, 316, 317, -1,
      359, 314, 360, -1,
      360, 314, 313, -1,
      360, 313, 361, -1,
      361, 313, 312, -1,
      361, 312, 358, -1,
      358, 312, 311, -1,
      358, 311, 315, -1,
      362, 310, 359, -1,
      359, 310, 309, -1,
      359, 309, 314, -1,
      363, 308, 362, -1,
      362, 308, 307, -1,
      362, 307, 310, -1,
      364, 306, 363, -1,
      363, 306, 305, -1,
      363, 305, 308, -1,
      26, 27, 349, -1,
      349, 27, 346, -1,
      349, 346, 365, -1,
      365, 346, 347, -1,
      365, 347, 366, -1,
      366, 347, 331, -1,
      366, 331, 367, -1,
      367, 331, 345, -1,
      367, 345, 368, -1,
      368, 345, 344, -1,
      368, 344, 369, -1,
      369, 344, 343, -1,
      369, 343, 370, -1,
      370, 343, 342, -1,
      370, 342, 371, -1,
      371, 342, 341, -1,
      371, 341, 372, -1,
      372, 341, 340, -1,
      372, 340, 373, -1,
      373, 340, 339, -1,
      373, 339, 337, -1,
      337, 339, 338, -1,
      337, 338, 52, -1,
      52, 338, 47, -1,
      374, 304, 364, -1,
      364, 304, 303, -1,
      364, 303, 306, -1,
      39, 24, 351, -1,
      351, 24, 348, -1,
      351, 348, 375, -1,
      375, 348, 349, -1,
      375, 349, 376, -1,
      376, 349, 365, -1,
      376, 365, 377, -1,
      377, 365, 366, -1,
      377, 366, 378, -1,
      378, 366, 367, -1,
      378, 367, 379, -1,
      379, 367, 368, -1,
      379, 368, 380, -1,
      380, 368, 369, -1,
      380, 369, 381, -1,
      381, 369, 370, -1,
      381, 370, 382, -1,
      382, 370, 371, -1,
      382, 371, 383, -1,
      383, 371, 372, -1,
      383, 372, 384, -1,
      384, 372, 373, -1,
      384, 373, 385, -1,
      385, 373, 337, -1,
      385, 337, 335, -1,
      335, 337, 336, -1,
      335, 336, 21, -1,
      21, 336, 22, -1,
      330, 329, 333, -1,
      333, 329, 328, -1,
      333, 328, 374, -1,
      374, 328, 302, -1,
      374, 302, 304, -1,
      30, 29, 352, -1,
      352, 29, 386, -1,
      352, 386, 353, -1,
      353, 386, 387, -1,
      353, 387, 354, -1,
      354, 387, 388, -1,
      354, 388, 355, -1,
      355, 388, 389, -1,
      355, 389, 356, -1,
      356, 389, 390, -1,
      356, 390, 357, -1,
      357, 390, 391, -1,
      357, 391, 358, -1,
      358, 391, 392, -1,
      358, 392, 361, -1,
      361, 392, 393, -1,
      361, 393, 360, -1,
      360, 393, 394, -1,
      360, 394, 359, -1,
      359, 394, 395, -1,
      359, 395, 362, -1,
      362, 395, 396, -1,
      362, 396, 363, -1,
      363, 396, 397, -1,
      363, 397, 364, -1,
      364, 397, 398, -1,
      364, 398, 374, -1,
      374, 398, 399, -1,
      374, 399, 333, -1,
      333, 399, 332, -1,
      333, 332, 11, -1,
      11, 332, 38, -1,
      29, 28, 386, -1,
      386, 28, 350, -1,
      386, 350, 387, -1,
      387, 350, 351, -1,
      387, 351, 388, -1,
      388, 351, 375, -1,
      388, 375, 389, -1,
      389, 375, 376, -1,
      389, 376, 390, -1,
      390, 376, 377, -1,
      390, 377, 391, -1,
      391, 377, 378, -1,
      391, 378, 392, -1,
      392, 378, 379, -1,
      392, 379, 393, -1,
      393, 379, 380, -1,
      393, 380, 394, -1,
      394, 380, 381, -1,
      394, 381, 395, -1,
      395, 381, 382, -1,
      395, 382, 396, -1,
      396, 382, 383, -1,
      396, 383, 397, -1,
      397, 383, 384, -1,
      397, 384, 398, -1,
      398, 384, 385, -1,
      398, 385, 399, -1,
      399, 385, 335, -1,
      399, 335, 332, -1,
      332, 335, 334, -1,
      332, 334, 37, -1,
      37, 334, 19, -1,
      400, 401, 402, -1,
      402, 401, 403, -1,
      402, 403, 404, -1,
      405, 406, 402, -1,
      402, 406, 407, -1,
      402, 407, 400, -1,
      408, 409, 402, -1,
      402, 409, 410, -1,
      402, 410, 405, -1,
      411, 412, 402, -1,
      402, 412, 413, -1,
      402, 413, 408, -1,
      414, 415, 402, -1,
      402, 415, 416, -1,
      402, 416, 411, -1,
      417, 418, 402, -1,
      402, 418, 419, -1,
      402, 419, 414, -1,
      420, 421, 402, -1,
      402, 421, 422, -1,
      402, 422, 417, -1,
      404, 423, 402, -1,
      402, 423, 424, -1,
      402, 424, 420, -1,
      425, 426, 427, -1,
      427, 426, 428, -1,
      427, 428, 429, -1,
      430, 431, 427, -1,
      427, 431, 432, -1,
      427, 432, 425, -1,
      433, 434, 427, -1,
      427, 434, 435, -1,
      427, 435, 430, -1,
      436, 437, 427, -1,
      427, 437, 438, -1,
      427, 438, 433, -1,
      439, 440, 427, -1,
      427, 440, 441, -1,
      427, 441, 436, -1,
      442, 443, 427, -1,
      427, 443, 444, -1,
      427, 444, 439, -1,
      445, 446, 427, -1,
      427, 446, 447, -1,
      427, 447, 442, -1,
      429, 448, 427, -1,
      427, 448, 449, -1,
      427, 449, 445, -1,
      71, 450, 60, -1,
      60, 450, 451, -1,
      60, 451, 61, -1,
      61, 451, 452, -1,
      61, 452, 62, -1,
      62, 452, 453, -1,
      62, 453, 63, -1,
      63, 453, 454, -1,
      63, 454, 75, -1,
      75, 454, 455, -1,
      75, 455, 76, -1,
      76, 455, 456, -1,
      76, 456, 64, -1,
      64, 456, 457, -1,
      64, 457, 65, -1,
      65, 457, 458, -1,
      65, 458, 73, -1,
      73, 458, 459, -1,
      73, 459, 72, -1,
      72, 459, 460, -1,
      72, 460, 74, -1,
      74, 460, 461, -1,
      74, 461, 57, -1,
      57, 461, 462, -1,
      57, 462, 54, -1,
      54, 462, 463, -1,
      54, 463, 55, -1,
      55, 463, 464, -1,
      55, 464, 56, -1,
      56, 464, 465, -1,
      56, 465, 58, -1,
      58, 465, 466, -1,
      58, 466, 59, -1,
      59, 466, 467, -1,
      59, 467, 53, -1,
      53, 467, 468, -1,
      53, 468, 66, -1,
      66, 468, 469, -1,
      66, 469, 67, -1,
      67, 469, 470, -1,
      67, 470, 68, -1,
      68, 470, 471, -1,
      68, 471, 69, -1,
      69, 471, 472, -1,
      69, 472, 70, -1,
      70, 472, 473, -1,
      70, 473, 71, -1,
      71, 473, 450, -1,
      473, 440, 450, -1,
      450, 440, 439, -1,
      450, 439, 451, -1,
      451, 439, 444, -1,
      451, 444, 452, -1,
      452, 444, 443, -1,
      452, 443, 453, -1,
      453, 443, 442, -1,
      453, 442, 454, -1,
      454, 442, 447, -1,
      454, 447, 455, -1,
      455, 447, 446, -1,
      455, 446, 456, -1,
      456, 446, 445, -1,
      456, 445, 457, -1,
      457, 445, 449, -1,
      457, 449, 458, -1,
      458, 449, 448, -1,
      458, 448, 459, -1,
      459, 448, 429, -1,
      459, 429, 460, -1,
      460, 429, 428, -1,
      460, 428, 461, -1,
      461, 428, 426, -1,
      461, 426, 462, -1,
      462, 426, 425, -1,
      462, 425, 463, -1,
      463, 425, 432, -1,
      463, 432, 464, -1,
      464, 432, 431, -1,
      464, 431, 465, -1,
      465, 431, 430, -1,
      465, 430, 466, -1,
      466, 430, 435, -1,
      466, 435, 467, -1,
      467, 435, 434, -1,
      467, 434, 468, -1,
      468, 434, 433, -1,
      468, 433, 469, -1,
      469, 433, 438, -1,
      469, 438, 470, -1,
      470, 438, 437, -1,
      470, 437, 471, -1,
      471, 437, 436, -1,
      471, 436, 472, -1,
      472, 436, 441, -1,
      472, 441, 473, -1,
      473, 441, 440, -1,
      110, 401, 108, -1,
      108, 401, 400, -1,
      108, 400, 106, -1,
      106, 400, 407, -1,
      106, 407, 104, -1,
      104, 407, 406, -1,
      104, 406, 102, -1,
      102, 406, 405, -1,
      102, 405, 100, -1,
      100, 405, 410, -1,
      100, 410, 98, -1,
      98, 410, 409, -1,
      98, 409, 96, -1,
      96, 409, 408, -1,
      96, 408, 94, -1,
      94, 408, 413, -1,
      94, 413, 92, -1,
      92, 413, 412, -1,
      92, 412, 90, -1,
      90, 412, 411, -1,
      90, 411, 88, -1,
      88, 411, 416, -1,
      88, 416, 86, -1,
      86, 416, 415, -1,
      86, 415, 132, -1,
      132, 415, 414, -1,
      132, 414, 130, -1,
      130, 414, 419, -1,
      130, 419, 128, -1,
      128, 419, 418, -1,
      128, 418, 126, -1,
      126, 418, 417, -1,
      126, 417, 124, -1,
      124, 417, 422, -1,
      124, 422, 122, -1,
      122, 422, 421, -1,
      122, 421, 120, -1,
      120, 421, 420, -1,
      120, 420, 118, -1,
      118, 420, 424, -1,
      118, 424, 116, -1,
      116, 424, 423, -1,
      116, 423, 114, -1,
      114, 423, 404, -1,
      114, 404, 112, -1,
      112, 404, 403, -1,
      112, 403, 110, -1,
      110, 403, 401, -1,
    ]
  }
}

Shape {
  appearance Appearance {
    material Material {
      diffuseColor 1.0000 0.9961 0.9373
      specularColor 0.3020 0.2980 0.2824
      ambientIntensity 0.2
      transparency 0.0000
      shininess 0.5
    }
  }
  geometry IndexedFaceSet {
    ccw TRUE
    solid FALSE
    coord DEF co Coordinate {
      point [
        -1.003937 0.570866 0.196850,
        -0.767717 0.570866 0.196850,
        -0.976035 0.570866 0.196850,
        0.976035 0.570866 0.196850,
        1.003937 0.570866 0.196850,
        -0.413386 0.570866 0.196850,
        -0.795619 0.570866 0.196850,
        -0.385484 0.570866 0.196850,
        0.767717 0.570866 0.196850,
        0.795619 0.570866 0.196850,
        -0.205067 0.570866 0.196850,
        -0.177165 0.570866 0.196850,
        -0.413386 0.688976 0.000000,
        -0.767717 0.688976 0.000000,
        -0.413386 0.688976 0.196850,
        -0.767717 0.688976 0.196850,
        -1.003937 0.688976 0.000000,
        -1.003937 0.688976 0.196850,
        0.767717 0.688976 0.000000,
        0.767717 0.688976 0.196850,
        -0.177165 0.688976 0.196850,
        -0.177165 0.688976 0.000000,
        -1.003937 0.374016 0.000000,
        -0.767717 0.374016 0.000000,
        -0.413386 0.374016 0.000000,
        -0.177165 0.374016 0.000000,
        0.767717 0.374016 0.000000,
        1.003937 0.374016 0.000000,
        1.003937 0.688976 0.000000,
        1.003937 0.688976 0.196850,
        0.767717 0.374016 0.196850,
        1.003937 0.374016 0.196850,
        0.911301 0.515165 0.196850,
        0.935039 0.524998 0.196850,
        0.800588 0.561024 0.196850,
        0.816230 0.540639 0.196850,
        0.836614 0.524998 0.196850,
        0.860352 0.515165 0.196850,
        0.885827 0.511811 0.196850,
        0.971065 0.561024 0.196850,
        0.955424 0.540639 0.196850,
        -1.003937 0.374016 0.196850,
        -0.767717 0.374016 0.196850,
        -0.860352 0.515165 0.196850,
        -0.836614 0.524998 0.196850,
        -0.955424 0.540639 0.196850,
        -0.935039 0.524998 0.196850,
        -0.911301 0.515165 0.196850,
        -0.885827 0.511811 0.196850,
        -0.800588 0.561024 0.196850,
        -0.816230 0.540639 0.196850,
        -0.971065 0.561024 0.196850,
        -0.413386 0.374016 0.196850,
        -0.177165 0.374016 0.196850,
        -0.269801 0.515165 0.196850,
        -0.246063 0.524998 0.196850,
        -0.380514 0.561024 0.196850,
        -0.364873 0.540639 0.196850,
        -0.344488 0.524998 0.196850,
        -0.320750 0.515165 0.196850,
        -0.295276 0.511811 0.196850,
        -0.210037 0.561024 0.196850,
        -0.225678 0.540639 0.196850,
      ]
    }
    coordIndex [
      30, 26, 8, -1,
      8, 26, 18, -1,
      8, 18, 19, -1,
      30, 31, 26, -1,
      26, 31, 27, -1,
      27, 31, 28, -1,
      28, 31, 4, -1,
      28, 4, 29, -1,
      32, 33, 31, -1,
      8, 9, 30, -1,
      30, 9, 34, -1,
      30, 34, 35, -1,
      35, 36, 30, -1,
      30, 36, 37, -1,
      30, 37, 31, -1,
      31, 37, 38, -1,
      31, 38, 32, -1,
      3, 4, 39, -1,
      39, 4, 31, -1,
      39, 31, 40, -1,
      40, 31, 33, -1,
      41, 22, 0, -1,
      0, 22, 16, -1,
      0, 16, 17, -1,
      41, 42, 22, -1,
      22, 42, 23, -1,
      23, 42, 13, -1,
      13, 42, 1, -1,
      13, 1, 15, -1,
      43, 44, 42, -1,
      45, 46, 41, -1,
      41, 46, 47, -1,
      41, 47, 42, -1,
      42, 47, 48, -1,
      42, 48, 43, -1,
      6, 1, 49, -1,
      49, 1, 42, -1,
      49, 42, 50, -1,
      50, 42, 44, -1,
      0, 2, 41, -1,
      41, 2, 51, -1,
      41, 51, 45, -1,
      52, 24, 5, -1,
      5, 24, 12, -1,
      5, 12, 14, -1,
      52, 53, 24, -1,
      24, 53, 25, -1,
      25, 53, 21, -1,
      21, 53, 11, -1,
      21, 11, 20, -1,
      54, 55, 53, -1,
      5, 7, 52, -1,
      52, 7, 56, -1,
      52, 56, 57, -1,
      57, 58, 52, -1,
      52, 58, 59, -1,
      52, 59, 53, -1,
      53, 59, 60, -1,
      53, 60, 54, -1,
      10, 11, 61, -1,
      61, 11, 53, -1,
      61, 53, 62, -1,
      62, 53, 55, -1,
    ]
  }
}

Shape {
  appearance Appearance {
    material Material {
      diffuseColor 0.7529 0.7529 0.7529
      specularColor 0.3765 0.3765 0.3765
      ambientIntensity 0.2
      transparency 0.0000
      shininess 0.5
    }
  }
  geometry IndexedFaceSet {
    ccw TRUE
    solid FALSE
    coord DEF co Coordinate {
      point [
        -0.838629 0.570866 1.003347,
        -0.845553 0.570866 1.007393,
        0.933025 0.570866 1.003347,
        0.926101 0.570866 1.007393,
        -0.885827 0.570866 1.016672,
        -0.906339 0.570866 1.014350,
        0.954640 0.570866 0.986208,
        0.952962 0.570866 0.987664,
        0.938732 0.570866 1.000013,
        -0.807487 0.570866 0.974257,
        -0.817014 0.570866 0.986208,
        -0.861502 0.570866 1.013034,
        -0.865060 0.570866 1.014292,
        -0.876737 0.570866 1.016220,
        -0.216935 0.570866 0.974257,
        -0.226463 0.570866 0.986208,
        -0.818692 0.570866 0.987664,
        -0.832922 0.570866 1.000013,
        -0.910216 0.570866 1.013225,
        -0.916520 0.570866 1.011394,
        -0.933054 0.570866 1.003373,
        -0.228141 0.570866 0.987664,
        -0.242370 0.570866 1.000013,
        -0.248078 0.570866 1.003347,
        0.974590 0.570866 0.954976,
        0.968413 0.570866 0.966403,
        0.964167 0.570866 0.974257,
        -0.255002 0.570866 1.007393,
        -0.270951 0.570866 1.013034,
        -0.274509 0.570866 1.014292,
        0.976035 0.570866 0.814961,
        0.976453 0.570866 0.827370,
        0.976911 0.570866 0.831159,
        0.981509 0.570866 0.869824,
        0.982114 0.570866 0.875287,
        0.983891 0.570866 0.891333,
        0.983798 0.570866 0.897250,
        0.983582 0.570866 0.910975,
        0.983453 0.570866 0.919185,
        0.979607 0.570866 0.939257,
        -0.935293 0.570866 1.002287,
        -0.943737 0.570866 0.996299,
        -0.952747 0.570866 0.987387,
        0.979250 0.570866 0.941119,
        0.978994 0.570866 0.942455,
        -0.983753 0.570866 0.911201,
        -0.984080 0.570866 0.896771,
        -0.984105 0.570866 0.895640,
        -0.981850 0.570866 0.874481,
        0.803222 0.570866 0.966427,
        0.796224 0.570866 0.952910,
        -0.792563 0.570866 0.849158,
        -0.791031 0.570866 0.861822,
        -0.958960 0.570866 0.981241,
        -0.965090 0.570866 0.972880,
        -0.968431 0.570866 0.966427,
        -0.976035 0.570866 0.814961,
        -0.976035 0.570866 0.196850,
        0.976035 0.570866 0.196850,
        0.979090 0.570866 0.849158,
        0.980623 0.570866 0.861822,
        0.910151 0.570866 1.013034,
        0.906593 0.570866 1.014292,
        0.894917 0.570866 1.016220,
        -0.286185 0.570866 1.016220,
        -0.295276 0.570866 1.016672,
        -0.315788 0.570866 1.014350,
        -0.803241 0.570866 0.966403,
        -0.797063 0.570866 0.954976,
        -0.975430 0.570866 0.952910,
        -0.979023 0.570866 0.942355,
        -0.979252 0.570866 0.941120,
        0.861438 0.570866 1.013225,
        0.865314 0.570866 1.014350,
        0.885827 0.570866 1.016672,
        0.855134 0.570866 1.011394,
        0.838599 0.570866 1.003373,
        0.836361 0.570866 1.002287,
        -0.205067 0.570866 0.814961,
        -0.204649 0.570866 0.827370,
        -0.204191 0.570866 0.831159,
        -0.212689 0.570866 0.966403,
        -0.206512 0.570866 0.954976,
        -0.384878 0.570866 0.952910,
        -0.388472 0.570866 0.942355,
        -0.788200 0.570866 0.919185,
        -0.388700 0.570866 0.941120,
        -0.979593 0.570866 0.939274,
        -0.983609 0.570866 0.917579,
        -0.981405 0.570866 0.870298,
        -0.980154 0.570866 0.858561,
        -0.979044 0.570866 0.849011,
        -0.976973 0.570866 0.831194,
        -0.976365 0.570866 0.825969,
        0.792630 0.570866 0.942355,
        0.792402 0.570866 0.941120,
        0.792060 0.570866 0.939274,
        -0.197649 0.570866 0.919185,
        -0.389603 0.570866 0.858561,
        -0.388493 0.570866 0.849011,
        -0.386422 0.570866 0.831194,
        -0.792046 0.570866 0.939257,
        -0.792404 0.570866 0.941119,
        -0.792659 0.570866 0.942455,
        -0.344741 0.570866 1.002287,
        -0.353186 0.570866 0.996299,
        -0.362196 0.570866 0.987387,
        -0.368409 0.570866 0.981241,
        -0.374539 0.570866 0.972880,
        -0.377880 0.570866 0.966427,
        0.787548 0.570866 0.895640,
        0.787574 0.570866 0.896771,
        0.787901 0.570866 0.911201,
        0.788045 0.570866 0.917579,
        0.791500 0.570866 0.858561,
        0.792609 0.570866 0.849011,
        0.794681 0.570866 0.831194,
        0.827916 0.570866 0.996299,
        0.818906 0.570866 0.987387,
        0.812693 0.570866 0.981241,
        -0.198988 0.570866 0.875287,
        -0.197211 0.570866 0.891333,
        -0.197304 0.570866 0.897250,
        -0.197520 0.570866 0.910975,
        -0.200480 0.570866 0.861822,
        -0.201495 0.570866 0.939257,
        -0.201852 0.570866 0.941119,
        -0.202108 0.570866 0.942455,
        -0.389042 0.570866 0.939274,
        -0.393057 0.570866 0.917579,
        -0.788071 0.570866 0.910975,
        -0.393202 0.570866 0.911201,
        -0.787855 0.570866 0.897250,
        -0.393528 0.570866 0.896771,
        -0.787762 0.570866 0.891333,
        -0.393554 0.570866 0.895640,
        -0.789539 0.570866 0.875287,
        -0.795619 0.570866 0.196850,
        -0.795619 0.570866 0.814961,
        -0.790144 0.570866 0.869824,
        -0.391299 0.570866 0.874481,
        -0.390854 0.570866 0.870298,
        -0.385484 0.570866 0.196850,
        -0.385484 0.570866 0.814961,
        -0.385814 0.570866 0.825969,
        -0.319665 0.570866 1.013225,
        -0.325969 0.570866 1.011394,
        -0.342503 0.570866 1.003373,
        0.789803 0.570866 0.874481,
        0.790249 0.570866 0.870298,
        0.795619 0.570866 0.814961,
        0.795288 0.570866 0.825969,
        -0.199593 0.570866 0.869824,
        -0.202012 0.570866 0.849158,
        -0.794742 0.570866 0.831159,
        -0.795200 0.570866 0.827370,
        0.795619 0.570866 0.196850,
        0.806563 0.570866 0.972880,
        -0.205067 0.570866 0.196850,
        0.885827 0.098425 1.031496,
        0.911301 0.098425 1.028142,
        -0.836614 0.098425 1.018309,
        -0.816230 0.098425 1.002668,
        -0.320750 0.098425 0.838000,
        -0.800588 0.098425 0.982283,
        -0.790755 0.098425 0.958545,
        -0.787402 0.098425 0.933071,
        -0.980898 0.098425 0.907596,
        -0.984252 0.098425 0.933071,
        -0.980898 0.098425 0.958545,
        -0.971065 0.098425 0.982283,
        -0.935039 0.098425 1.018309,
        -0.955424 0.098425 1.002668,
        0.935039 0.098425 1.018309,
        0.955424 0.098425 1.002668,
        0.971065 0.098425 0.982283,
        0.980898 0.098425 0.958545,
        0.984252 0.098425 0.933071,
        -0.885827 0.098425 1.031496,
        -0.911301 0.098425 1.028142,
        0.816230 0.098425 0.863474,
        0.836614 0.098425 0.847832,
        0.860352 0.098425 0.838000,
        0.787402 0.098425 0.933071,
        -0.860352 0.098425 1.028142,
        -0.344488 0.098425 0.847832,
        -0.364873 0.098425 0.863474,
        -0.380514 0.098425 0.883858,
        -0.390347 0.098425 0.907596,
        -0.393701 0.098425 0.933071,
        0.836614 0.098425 1.018309,
        0.860352 0.098425 1.028142,
        0.980898 0.098425 0.907596,
        0.971065 0.098425 0.883858,
        0.955424 0.098425 0.863474,
        0.935039 0.098425 0.847832,
        -0.246063 0.098425 0.847832,
        -0.269801 0.098425 0.838000,
        -0.836614 0.098425 0.847832,
        -0.390347 0.098425 0.958545,
        -0.380514 0.098425 0.982283,
        -0.364873 0.098425 1.002668,
        -0.344488 0.098425 1.018309,
        -0.860352 0.098425 0.838000,
        -0.885827 0.098425 0.834646,
        -0.911301 0.098425 0.838000,
        -0.935039 0.098425 0.847832,
        -0.955424 0.098425 0.863474,
        -0.971065 0.098425 0.883858,
        0.790755 0.098425 0.958545,
        0.800588 0.098425 0.982283,
        0.816230 0.098425 1.002668,
        0.790755 0.098425 0.907596,
        0.800588 0.098425 0.883858,
        -0.196850 0.098425 0.933071,
        0.911301 0.098425 0.838000,
        0.885827 0.098425 0.834646,
        -0.790755 0.098425 0.907596,
        -0.800588 0.098425 0.883858,
        -0.816230 0.098425 0.863474,
        -0.225678 0.098425 1.002668,
        -0.295276 0.098425 0.834646,
        -0.269801 0.098425 1.028142,
        -0.246063 0.098425 1.018309,
        -0.295276 0.098425 1.031496,
        -0.200204 0.098425 0.907596,
        -0.210037 0.098425 0.883858,
        -0.225678 0.098425 0.863474,
        -0.200204 0.098425 0.958545,
        -0.210037 0.098425 0.982283,
        -0.320750 0.098425 1.028142,
        0.911301 0.515165 0.196850,
        0.935039 0.524998 0.196850,
        0.800588 0.561024 0.196850,
        0.816230 0.540639 0.196850,
        0.836614 0.524998 0.196850,
        0.860352 0.515165 0.196850,
        0.885827 0.511811 0.196850,
        0.971065 0.561024 0.196850,
        0.955424 0.540639 0.196850,
        -0.860352 0.515165 0.196850,
        -0.836614 0.524998 0.196850,
        -0.955424 0.540639 0.196850,
        -0.935039 0.524998 0.196850,
        -0.911301 0.515165 0.196850,
        -0.885827 0.511811 0.196850,
        -0.800588 0.561024 0.196850,
        -0.816230 0.540639 0.196850,
        -0.971065 0.561024 0.196850,
        -0.269801 0.515165 0.196850,
        -0.246063 0.524998 0.196850,
        -0.380514 0.561024 0.196850,
        -0.364873 0.540639 0.196850,
        -0.344488 0.524998 0.196850,
        -0.320750 0.515165 0.196850,
        -0.295276 0.511811 0.196850,
        -0.210037 0.561024 0.196850,
        -0.225678 0.540639 0.196850,
        0.885827 1.240157 -0.039370,
        0.860352 0.728346 -0.036016,
        0.860352 1.240157 -0.036016,
        0.836614 0.728346 -0.026183,
        0.836614 1.240157 -0.026183,
        0.816230 0.728346 -0.010542,
        0.816230 1.240157 -0.010542,
        0.800588 0.728346 0.009843,
        0.800588 1.240157 0.009843,
        0.790755 0.728346 0.033581,
        0.790755 1.240157 0.033581,
        0.787402 0.728346 0.059055,
        0.787402 1.240157 0.059055,
        0.790755 0.728346 0.084530,
        0.790755 1.240157 0.084530,
        0.800588 0.728346 0.108268,
        0.800588 1.240157 0.108268,
        0.816230 0.728346 0.128652,
        0.816230 1.240157 0.128652,
        0.836614 0.728346 0.144294,
        0.836614 1.240157 0.144294,
        0.860352 0.728346 0.154126,
        0.860352 1.240157 0.154126,
        0.885827 0.728346 0.157480,
        0.885827 1.240157 0.157480,
        0.911301 0.728346 0.154126,
        0.911301 1.240157 0.154126,
        0.935039 0.728346 0.144294,
        0.935039 1.240157 0.144294,
        0.955424 0.728346 0.128652,
        0.955424 1.240157 0.128652,
        0.971065 0.728346 0.108268,
        0.971065 1.240157 0.108268,
        0.980898 0.728346 0.084530,
        0.980898 1.240157 0.084530,
        0.984252 0.728346 0.059055,
        0.984252 1.240157 0.059055,
        0.980898 0.728346 0.033581,
        0.980898 1.240157 0.033581,
        0.971065 0.728346 0.009843,
        0.971065 1.240157 0.009843,
        0.955424 0.728346 -0.010542,
        0.955424 1.240157 -0.010542,
        0.935039 0.728346 -0.026183,
        0.935039 1.240157 -0.026183,
        0.911301 0.728346 -0.036016,
        0.911301 1.240157 -0.036016,
        0.885827 0.728346 -0.039370,
        0.885827 0.723966 0.157974,
        0.911301 0.723220 0.154704,
        0.935039 0.721032 0.145118,
        0.955424 0.717551 0.129869,
        0.971065 0.713015 0.109995,
        0.980898 0.707733 0.086852,
        0.984252 0.702065 0.062017,
        0.980898 0.696396 0.037181,
        0.971065 0.691114 0.014038,
        0.955424 0.686578 -0.005836,
        0.935039 0.683097 -0.021085,
        0.911301 0.680909 -0.030671,
        0.885827 0.680163 -0.033941,
        0.860352 0.680909 -0.030671,
        0.836614 0.683097 -0.021085,
        0.816230 0.686578 -0.005836,
        0.800588 0.691114 0.014038,
        0.790755 0.696396 0.037181,
        0.787402 0.702065 0.062017,
        0.790755 0.707733 0.086852,
        0.800588 0.713015 0.109995,
        0.816230 0.717551 0.129869,
        0.836614 0.721032 0.145118,
        0.860352 0.723220 0.154704,
        0.885827 0.719806 0.159430,
        0.911301 0.718350 0.156408,
        0.935039 0.714084 0.147549,
        0.955424 0.707297 0.133457,
        0.971065 0.698453 0.115091,
        0.980898 0.688153 0.093703,
        0.984252 0.677100 0.070752,
        0.980898 0.666048 0.047800,
        0.971065 0.655748 0.026413,
        0.955424 0.646903 0.008047,
        0.935039 0.640117 -0.006046,
        0.911301 0.635850 -0.014905,
        0.885827 0.634395 -0.017926,
        0.860352 0.635850 -0.014905,
        0.836614 0.640117 -0.006046,
        0.816230 0.646903 0.008047,
        0.800588 0.655748 0.026413,
        0.790755 0.666048 0.047800,
        0.787402 0.677100 0.070752,
        0.790755 0.688153 0.093703,
        0.800588 0.698453 0.115091,
        0.816230 0.707297 0.133457,
        0.836614 0.714084 0.147549,
        0.860352 0.718350 0.156408,
        0.885827 0.716073 0.161775,
        0.911301 0.713982 0.159153,
        0.935039 0.707852 0.151465,
        0.955424 0.698099 0.139236,
        0.971065 0.685389 0.123299,
        0.980898 0.670589 0.104740,
        0.984252 0.654706 0.084823,
        0.980898 0.638823 0.064906,
        0.971065 0.624022 0.046347,
        0.955424 0.611313 0.030410,
        0.935039 0.601561 0.018181,
        0.911301 0.595430 0.010493,
        0.885827 0.593339 0.007871,
        0.860352 0.595430 0.010493,
        0.836614 0.601561 0.018181,
        0.816230 0.611313 0.030410,
        0.800588 0.624022 0.046347,
        0.790755 0.638823 0.064906,
        0.787402 0.654706 0.084823,
        0.790755 0.670589 0.104740,
        0.800588 0.685389 0.123299,
        0.816230 0.698099 0.139236,
        0.836614 0.707852 0.151465,
        0.860352 0.713982 0.159153,
        0.885827 0.712956 0.164892,
        0.911301 0.710334 0.162801,
        0.935039 0.702646 0.156670,
        0.955424 0.690417 0.146918,
        0.971065 0.674480 0.134208,
        0.980898 0.655921 0.119408,
        0.984252 0.636004 0.103525,
        0.980898 0.616087 0.087642,
        0.971065 0.597528 0.072841,
        0.955424 0.581591 0.060132,
        0.935039 0.569362 0.050380,
        0.911301 0.561674 0.044249,
        0.885827 0.559052 0.042158,
        0.860352 0.561674 0.044249,
        0.836614 0.569362 0.050380,
        0.816230 0.581591 0.060132,
        0.800588 0.597528 0.072841,
        0.790755 0.616087 0.087642,
        0.787402 0.636004 0.103525,
        0.790755 0.655921 0.119408,
        0.800588 0.674480 0.134208,
        0.816230 0.690417 0.146918,
        0.836614 0.702646 0.156670,
        0.860352 0.710334 0.162801,
        0.885827 0.710611 0.168624,
        0.911301 0.707589 0.167169,
        0.935039 0.698730 0.162903,
        0.955424 0.684638 0.156116,
        0.971065 0.666272 0.147272,
        0.980898 0.644884 0.136972,
        0.984252 0.621933 0.125919,
        0.980898 0.598981 0.114867,
        0.971065 0.577594 0.104567,
        0.955424 0.559228 0.095722,
        0.935039 0.545135 0.088935,
        0.911301 0.536276 0.084669,
        0.885827 0.533255 0.083214,
        0.860352 0.536276 0.084669,
        0.836614 0.545135 0.088935,
        0.816230 0.559228 0.095722,
        0.800588 0.577594 0.104567,
        0.790755 0.598981 0.114867,
        0.787402 0.621933 0.125919,
        0.790755 0.644884 0.136972,
        0.800588 0.666272 0.147272,
        0.816230 0.684638 0.156116,
        0.836614 0.698730 0.162903,
        0.860352 0.707589 0.167169,
        0.885827 0.709155 0.172785,
        0.911301 0.705885 0.172039,
        0.935039 0.696299 0.169851,
        0.955424 0.681050 0.166370,
        0.971065 0.661176 0.161834,
        0.980898 0.638033 0.156552,
        0.984252 0.613198 0.150883,
        0.980898 0.588362 0.145215,
        0.971065 0.565219 0.139933,
        0.955424 0.545345 0.135396,
        0.935039 0.530096 0.131916,
        0.911301 0.520510 0.129728,
        0.885827 0.517240 0.128982,
        0.860352 0.520510 0.129728,
        0.836614 0.530096 0.131916,
        0.816230 0.545345 0.135396,
        0.800588 0.565219 0.139933,
        0.790755 0.588362 0.145215,
        0.787402 0.613198 0.150883,
        0.790755 0.638033 0.156552,
        0.800588 0.661176 0.161834,
        0.816230 0.681050 0.166370,
        0.836614 0.696299 0.169851,
        0.860352 0.705885 0.172039,
        0.885827 0.708661 0.177165,
        0.911301 0.705307 0.177165,
        0.935039 0.695475 0.177165,
        0.955424 0.679833 0.177165,
        0.971065 0.659449 0.177165,
        0.980898 0.635711 0.177165,
        0.984252 0.610236 0.177165,
        0.980898 0.584762 0.177165,
        0.971065 0.561024 0.177165,
        0.955424 0.540639 0.177165,
        0.935039 0.524998 0.177165,
        0.911301 0.515165 0.177165,
        0.885827 0.511811 0.177165,
        0.860352 0.515165 0.177165,
        0.836614 0.524998 0.177165,
        0.816230 0.540639 0.177165,
        0.800588 0.561024 0.177165,
        0.790755 0.584762 0.177165,
        0.787402 0.610236 0.177165,
        0.790755 0.635711 0.177165,
        0.800588 0.659449 0.177165,
        0.816230 0.679833 0.177165,
        0.836614 0.695475 0.177165,
        0.860352 0.705307 0.177165,
        0.984036 0.616749 0.814961,
        0.979348 0.640915 0.814961,
        0.980378 0.635609 0.814961,
        0.968811 0.663163 0.814961,
        0.970661 0.659257 0.814961,
        0.953082 0.682099 0.814961,
        0.955152 0.679607 0.814961,
        0.933146 0.696540 0.814961,
        0.934894 0.695274 0.814961,
        0.861403 0.705583 0.814961,
        0.885827 0.708661 0.814961,
        0.910250 0.705583 0.814961,
        0.911254 0.705187 0.814961,
        0.860400 0.705187 0.814961,
        0.838507 0.696540 0.814961,
        0.836759 0.695274 0.814961,
        0.818572 0.682099 0.814961,
        0.816502 0.679607 0.814961,
        0.802843 0.663163 0.814961,
        0.800993 0.659257 0.814961,
        0.792305 0.640915 0.814961,
        0.791276 0.635609 0.814961,
        0.787617 0.616749 0.814961,
        0.788001 0.610272 0.814961,
        0.789073 0.592176 0.814961,
        0.791299 0.584929 0.814961,
        0.983652 0.610272 0.814961,
        0.982581 0.592176 0.814961,
        0.980355 0.584929 0.814961,
        0.818572 0.593993 0.975313,
        0.982581 0.584202 0.854100,
        0.982581 0.590162 0.834932,
        0.982581 0.574536 0.871693,
        0.984036 0.594777 0.885627,
        0.984036 0.578604 0.904696,
        0.979348 0.595374 0.922097,
        0.979348 0.571909 0.940551,
        0.968811 0.583839 0.959330,
        0.953082 0.593993 0.975313,
        0.933146 0.601736 0.987503,
        0.910250 0.606585 0.995136,
        0.885827 0.608235 0.997734,
        0.861403 0.606585 0.995136,
        0.838507 0.601736 0.987503,
        0.792305 0.571909 0.940551,
        0.802843 0.583839 0.959330,
        0.787617 0.578604 0.904696,
        0.792305 0.595374 0.922097,
        0.789073 0.574536 0.871693,
        0.787617 0.594777 0.885627,
        0.789073 0.590162 0.834932,
        0.787617 0.614241 0.839838,
        0.792305 0.637921 0.844662,
        0.802843 0.659720 0.849103,
        0.818572 0.678276 0.852883,
        0.838507 0.692426 0.855766,
        0.861403 0.701287 0.857571,
        0.933146 0.692426 0.855766,
        0.910250 0.701287 0.857571,
        0.885827 0.704303 0.858185,
        0.953082 0.678276 0.852883,
        0.968811 0.659720 0.849103,
        0.979348 0.637921 0.844662,
        0.802843 0.610811 0.938116,
        0.818572 0.623952 0.951752,
        0.838507 0.633973 0.962150,
        0.861403 0.640248 0.968661,
        0.885827 0.642384 0.970878,
        0.910250 0.640248 0.968661,
        0.933146 0.633973 0.962150,
        0.953082 0.623952 0.951752,
        0.968811 0.610811 0.938116,
        0.984036 0.614241 0.839838,
        0.792305 0.614682 0.899330,
        0.802843 0.633007 0.911946,
        0.818572 0.648605 0.922683,
        0.838507 0.660500 0.930872,
        0.861403 0.667948 0.936000,
        0.885827 0.670484 0.937745,
        0.910250 0.667948 0.936000,
        0.933146 0.660500 0.930872,
        0.953082 0.648605 0.922683,
        0.968811 0.633007 0.911946,
        0.979348 0.614682 0.899330,
        0.789073 0.584202 0.854100,
        0.787617 0.606817 0.863714,
        0.792305 0.629057 0.873168,
        0.802843 0.649532 0.881871,
        0.818572 0.666959 0.889279,
        0.838507 0.680249 0.894928,
        0.861403 0.688571 0.898466,
        0.885827 0.691404 0.899670,
        0.910250 0.688571 0.898466,
        0.933146 0.680249 0.894928,
        0.953082 0.666959 0.889279,
        0.968811 0.649532 0.881871,
        0.979348 0.629057 0.873168,
        0.984036 0.606817 0.863714,
        0.856299 1.279528 0.110198,
        0.870542 1.279528 0.116098,
        0.885827 1.279528 0.059055,
        0.885827 1.279528 0.118110,
        0.901111 1.279528 0.116098,
        0.828784 1.279528 0.074340,
        0.834683 1.279528 0.088583,
        0.844069 1.279528 0.100813,
        0.834683 1.279528 0.029528,
        0.828784 1.279528 0.043770,
        0.826772 1.279528 0.059055,
        0.870542 1.279528 0.002012,
        0.856299 1.279528 0.007912,
        0.844069 1.279528 0.017297,
        0.915354 1.279528 0.007912,
        0.901111 1.279528 0.002012,
        0.885827 1.279528 0.000000,
        0.942870 1.279528 0.043770,
        0.936970 1.279528 0.029528,
        0.927585 1.279528 0.017297,
        0.936970 1.279528 0.088583,
        0.942870 1.279528 0.074340,
        0.944882 1.279528 0.059055,
        0.915354 1.279528 0.110198,
        0.927585 1.279528 0.100813,
        0.915354 -0.767717 0.984214,
        0.901111 -0.767717 0.990114,
        0.885827 -0.767717 0.933071,
        0.885827 -0.767717 0.992126,
        0.870542 -0.767717 0.990114,
        0.942870 -0.767717 0.948356,
        0.936970 -0.767717 0.962598,
        0.927585 -0.767717 0.974829,
        0.936970 -0.767717 0.903543,
        0.942870 -0.767717 0.917786,
        0.944882 -0.767717 0.933071,
        0.901111 -0.767717 0.876028,
        0.915354 -0.767717 0.881928,
        0.927585 -0.767717 0.891313,
        0.856299 -0.767717 0.881928,
        0.870542 -0.767717 0.876028,
        0.885827 -0.767717 0.874016,
        0.828784 -0.767717 0.917786,
        0.834683 -0.767717 0.903543,
        0.844069 -0.767717 0.891313,
        0.834683 -0.767717 0.962598,
        0.828784 -0.767717 0.948356,
        0.826772 -0.767717 0.933071,
        0.856299 -0.767717 0.984214,
        0.844069 -0.767717 0.974829,
        0.860352 -0.728346 0.838000,
        0.836614 -0.728346 0.847832,
        0.816230 -0.728346 0.863474,
        0.800588 -0.728346 0.883858,
        0.790755 -0.728346 0.907596,
        0.787402 -0.728346 0.933071,
        0.790755 -0.728346 0.958545,
        0.800588 -0.728346 0.982283,
        0.816230 -0.728346 1.002668,
        0.836614 -0.728346 1.018309,
        0.860352 -0.728346 1.028142,
        0.885827 -0.728346 1.031496,
        0.911301 -0.728346 1.028142,
        0.935039 -0.728346 1.018309,
        0.955424 -0.728346 1.002668,
        0.971065 -0.728346 0.982283,
        0.980898 -0.728346 0.958545,
        0.984252 -0.728346 0.933071,
        0.980898 -0.728346 0.907596,
        0.971065 -0.728346 0.883858,
        0.955424 -0.728346 0.863474,
        0.935039 -0.728346 0.847832,
        0.911301 -0.728346 0.838000,
        0.885827 -0.728346 0.834646,
        -0.295276 1.240157 -0.039370,
        -0.320750 0.728346 -0.036016,
        -0.320750 1.240157 -0.036016,
        -0.344488 0.728346 -0.026183,
        -0.344488 1.240157 -0.026183,
        -0.364873 0.728346 -0.010542,
        -0.364873 1.240157 -0.010542,
        -0.380514 0.728346 0.009843,
        -0.380514 1.240157 0.009843,
        -0.390347 0.728346 0.033581,
        -0.390347 1.240157 0.033581,
        -0.393701 0.728346 0.059055,
        -0.393701 1.240157 0.059055,
        -0.390347 0.728346 0.084530,
        -0.390347 1.240157 0.084530,
        -0.380514 0.728346 0.108268,
        -0.380514 1.240157 0.108268,
        -0.364873 0.728346 0.128652,
        -0.364873 1.240157 0.128652,
        -0.344488 0.728346 0.144294,
        -0.344488 1.240157 0.144294,
        -0.320750 0.728346 0.154126,
        -0.320750 1.240157 0.154126,
        -0.295276 0.728346 0.157480,
        -0.295276 1.240157 0.157480,
        -0.269801 0.728346 0.154126,
        -0.269801 1.240157 0.154126,
        -0.246063 0.728346 0.144294,
        -0.246063 1.240157 0.144294,
        -0.225678 0.728346 0.128652,
        -0.225678 1.240157 0.128652,
        -0.210037 0.728346 0.108268,
        -0.210037 1.240157 0.108268,
        -0.200204 0.728346 0.084530,
        -0.200204 1.240157 0.084530,
        -0.196850 0.728346 0.059055,
        -0.196850 1.240157 0.059055,
        -0.200204 0.728346 0.033581,
        -0.200204 1.240157 0.033581,
        -0.210037 0.728346 0.009843,
        -0.210037 1.240157 0.009843,
        -0.225678 0.728346 -0.010542,
        -0.225678 1.240157 -0.010542,
        -0.246063 0.728346 -0.026183,
        -0.246063 1.240157 -0.026183,
        -0.269801 0.728346 -0.036016,
        -0.269801 1.240157 -0.036016,
        -0.295276 0.728346 -0.039370,
        -0.295276 0.723966 0.157974,
        -0.269801 0.723220 0.154704,
        -0.246063 0.721032 0.145118,
        -0.225678 0.717551 0.129869,
        -0.210037 0.713015 0.109995,
        -0.200204 0.707733 0.086852,
        -0.196850 0.702065 0.062017,
        -0.200204 0.696396 0.037181,
        -0.210037 0.691114 0.014038,
        -0.225678 0.686578 -0.005836,
        -0.246063 0.683097 -0.021085,
        -0.269801 0.680909 -0.030671,
        -0.295276 0.680163 -0.033941,
        -0.320750 0.680909 -0.030671,
        -0.344488 0.683097 -0.021085,
        -0.364873 0.686578 -0.005836,
        -0.380514 0.691114 0.014038,
        -0.390347 0.696396 0.037181,
        -0.393701 0.702065 0.062017,
        -0.390347 0.707733 0.086852,
        -0.380514 0.713015 0.109995,
        -0.364873 0.717551 0.129869,
        -0.344488 0.721032 0.145118,
        -0.320750 0.723220 0.154704,
        -0.295276 0.719806 0.159430,
        -0.269801 0.718350 0.156408,
        -0.246063 0.714084 0.147549,
        -0.225678 0.707297 0.133457,
        -0.210037 0.698453 0.115091,
        -0.200204 0.688153 0.093703,
        -0.196850 0.677100 0.070752,
        -0.200204 0.666048 0.047800,
        -0.210037 0.655748 0.026413,
        -0.225678 0.646903 0.008047,
        -0.246063 0.640117 -0.006046,
        -0.269801 0.635850 -0.014905,
        -0.295276 0.634395 -0.017926,
        -0.320750 0.635850 -0.014905,
        -0.344488 0.640117 -0.006046,
        -0.364873 0.646903 0.008047,
        -0.380514 0.655748 0.026413,
        -0.390347 0.666048 0.047800,
        -0.393701 0.677100 0.070752,
        -0.390347 0.688153 0.093703,
        -0.380514 0.698453 0.115091,
        -0.364873 0.707297 0.133457,
        -0.344488 0.714084 0.147549,
        -0.320750 0.718350 0.156408,
        -0.295276 0.716073 0.161775,
        -0.269801 0.713982 0.159153,
        -0.246063 0.707852 0.151465,
        -0.225678 0.698099 0.139236,
        -0.210037 0.685389 0.123299,
        -0.200204 0.670589 0.104740,
        -0.196850 0.654706 0.084823,
        -0.200204 0.638823 0.064906,
        -0.210037 0.624022 0.046347,
        -0.225678 0.611313 0.030410,
        -0.246063 0.601561 0.018181,
        -0.269801 0.595430 0.010493,
        -0.295276 0.593339 0.007871,
        -0.320750 0.595430 0.010493,
        -0.344488 0.601561 0.018181,
        -0.364873 0.611313 0.030410,
        -0.380514 0.624022 0.046347,
        -0.390347 0.638823 0.064906,
        -0.393701 0.654706 0.084823,
        -0.390347 0.670589 0.104740,
        -0.380514 0.685389 0.123299,
        -0.364873 0.698099 0.139236,
        -0.344488 0.707852 0.151465,
        -0.320750 0.713982 0.159153,
        -0.295276 0.712956 0.164892,
        -0.269801 0.710334 0.162801,
        -0.246063 0.702646 0.156670,
        -0.225678 0.690417 0.146918,
        -0.210037 0.674480 0.134208,
        -0.200204 0.655921 0.119408,
        -0.196850 0.636004 0.103525,
        -0.200204 0.616087 0.087642,
        -0.210037 0.597528 0.072841,
        -0.225678 0.581591 0.060132,
        -0.246063 0.569362 0.050380,
        -0.269801 0.561674 0.044249,
        -0.295276 0.559052 0.042158,
        -0.320750 0.561674 0.044249,
        -0.344488 0.569362 0.050380,
        -0.364873 0.581591 0.060132,
        -0.380514 0.597528 0.072841,
        -0.390347 0.616087 0.087642,
        -0.393701 0.636004 0.103525,
        -0.390347 0.655921 0.119408,
        -0.380514 0.674480 0.134208,
        -0.364873 0.690417 0.146918,
        -0.344488 0.702646 0.156670,
        -0.320750 0.710334 0.162801,
        -0.295276 0.710611 0.168624,
        -0.269801 0.707589 0.167169,
        -0.246063 0.698730 0.162903,
        -0.225678 0.684638 0.156116,
        -0.210037 0.666272 0.147272,
        -0.200204 0.644884 0.136972,
        -0.196850 0.621933 0.125919,
        -0.200204 0.598981 0.114867,
        -0.210037 0.577594 0.104567,
        -0.225678 0.559228 0.095722,
        -0.246063 0.545135 0.088935,
        -0.269801 0.536276 0.084669,
        -0.295276 0.533255 0.083214,
        -0.320750 0.536276 0.084669,
        -0.344488 0.545135 0.088935,
        -0.364873 0.559228 0.095722,
        -0.380514 0.577594 0.104567,
        -0.390347 0.598981 0.114867,
        -0.393701 0.621933 0.125919,
        -0.390347 0.644884 0.136972,
        -0.380514 0.666272 0.147272,
        -0.364873 0.684638 0.156116,
        -0.344488 0.698730 0.162903,
        -0.320750 0.707589 0.167169,
        -0.295276 0.709155 0.172785,
        -0.269801 0.705885 0.172039,
        -0.246063 0.696299 0.169851,
        -0.225678 0.681050 0.166370,
        -0.210037 0.661176 0.161834,
        -0.200204 0.638033 0.156552,
        -0.196850 0.613198 0.150883,
        -0.200204 0.588362 0.145215,
        -0.210037 0.565219 0.139933,
        -0.225678 0.545345 0.135396,
        -0.246063 0.530096 0.131916,
        -0.269801 0.520510 0.129728,
        -0.295276 0.517240 0.128982,
        -0.320750 0.520510 0.129728,
        -0.344488 0.530096 0.131916,
        -0.364873 0.545345 0.135396,
        -0.380514 0.565219 0.139933,
        -0.390347 0.588362 0.145215,
        -0.393701 0.613198 0.150883,
        -0.390347 0.638033 0.156552,
        -0.380514 0.661176 0.161834,
        -0.364873 0.681050 0.166370,
        -0.344488 0.696299 0.169851,
        -0.320750 0.705885 0.172039,
        -0.295276 0.708661 0.177165,
        -0.269801 0.705307 0.177165,
        -0.246063 0.695475 0.177165,
        -0.225678 0.679833 0.177165,
        -0.210037 0.659449 0.177165,
        -0.200204 0.635711 0.177165,
        -0.196850 0.610236 0.177165,
        -0.200204 0.584762 0.177165,
        -0.210037 0.561024 0.177165,
        -0.225678 0.540639 0.177165,
        -0.246063 0.524998 0.177165,
        -0.269801 0.515165 0.177165,
        -0.295276 0.511811 0.177165,
        -0.320750 0.515165 0.177165,
        -0.344488 0.524998 0.177165,
        -0.364873 0.540639 0.177165,
        -0.380514 0.561024 0.177165,
        -0.390347 0.584762 0.177165,
        -0.393701 0.610236 0.177165,
        -0.390347 0.635711 0.177165,
        -0.380514 0.659449 0.177165,
        -0.364873 0.679833 0.177165,
        -0.344488 0.695475 0.177165,
        -0.320750 0.705307 0.177165,
        -0.197066 0.616749 0.814961,
        -0.201754 0.640915 0.814961,
        -0.200725 0.635609 0.814961,
        -0.212292 0.663163 0.814961,
        -0.210442 0.659257 0.814961,
        -0.228020 0.682099 0.814961,
        -0.225951 0.679607 0.814961,
        -0.247956 0.696540 0.814961,
        -0.246208 0.695274 0.814961,
        -0.319699 0.705583 0.814961,
        -0.295276 0.708661 0.814961,
        -0.270852 0.705583 0.814961,
        -0.269849 0.705187 0.814961,
        -0.320702 0.705187 0.814961,
        -0.342595 0.696540 0.814961,
        -0.344343 0.695274 0.814961,
        -0.362531 0.682099 0.814961,
        -0.364600 0.679607 0.814961,
        -0.378259 0.663163 0.814961,
        -0.380109 0.659257 0.814961,
        -0.388797 0.640915 0.814961,
        -0.389826 0.635609 0.814961,
        -0.393485 0.616749 0.814961,
        -0.393102 0.610272 0.814961,
        -0.392030 0.592176 0.814961,
        -0.389804 0.584929 0.814961,
        -0.197450 0.610272 0.814961,
        -0.198522 0.592176 0.814961,
        -0.200748 0.584929 0.814961,
        -0.362531 0.593993 0.975313,
        -0.198522 0.584202 0.854100,
        -0.198522 0.590162 0.834932,
        -0.198522 0.574536 0.871693,
        -0.197066 0.594777 0.885627,
        -0.197066 0.578604 0.904696,
        -0.201754 0.595374 0.922097,
        -0.201754 0.571909 0.940551,
        -0.212292 0.583839 0.959330,
        -0.228020 0.593993 0.975313,
        -0.247956 0.601736 0.987503,
        -0.270852 0.606585 0.995136,
        -0.295276 0.608235 0.997734,
        -0.319699 0.606585 0.995136,
        -0.342595 0.601736 0.987503,
        -0.388797 0.571909 0.940551,
        -0.378259 0.583839 0.959330,
        -0.393485 0.578604 0.904696,
        -0.388797 0.595374 0.922097,
        -0.392030 0.574536 0.871693,
        -0.393485 0.594777 0.885627,
        -0.392030 0.590162 0.834932,
        -0.393485 0.614241 0.839838,
        -0.388797 0.637921 0.844662,
        -0.378259 0.659720 0.849103,
        -0.362531 0.678276 0.852883,
        -0.342595 0.692426 0.855766,
        -0.319699 0.701287 0.857571,
        -0.247956 0.692426 0.855766,
        -0.270852 0.701287 0.857571,
        -0.295276 0.704303 0.858185,
        -0.228020 0.678276 0.852883,
        -0.212292 0.659720 0.849103,
        -0.201754 0.637921 0.844662,
        -0.378259 0.610811 0.938116,
        -0.362531 0.623952 0.951752,
        -0.342595 0.633973 0.962150,
        -0.319699 0.640248 0.968661,
        -0.295276 0.642384 0.970878,
        -0.270852 0.640248 0.968661,
        -0.247956 0.633973 0.962150,
        -0.228020 0.623952 0.951752,
        -0.212292 0.610811 0.938116,
        -0.197066 0.614241 0.839838,
        -0.388797 0.614682 0.899330,
        -0.378259 0.633007 0.911946,
        -0.362531 0.648605 0.922683,
        -0.342595 0.660500 0.930872,
        -0.319699 0.667948 0.936000,
        -0.295276 0.670484 0.937745,
        -0.270852 0.667948 0.936000,
        -0.247956 0.660500 0.930872,
        -0.228020 0.648605 0.922683,
        -0.212292 0.633007 0.911946,
        -0.201754 0.614682 0.899330,
        -0.392030 0.584202 0.854100,
        -0.393485 0.606817 0.863714,
        -0.388797 0.629057 0.873168,
        -0.378259 0.649532 0.881871,
        -0.362531 0.666959 0.889279,
        -0.342595 0.680249 0.894928,
        -0.319699 0.688571 0.898466,
        -0.295276 0.691404 0.899670,
        -0.270852 0.688571 0.898466,
        -0.247956 0.680249 0.894928,
        -0.228020 0.666959 0.889279,
        -0.212292 0.649532 0.881871,
        -0.201754 0.629057 0.873168,
        -0.197066 0.606817 0.863714,
        -0.324803 1.279528 0.110198,
        -0.310560 1.279528 0.116098,
        -0.295276 1.279528 0.059055,
        -0.295276 1.279528 0.118110,
        -0.279991 1.279528 0.116098,
        -0.352319 1.279528 0.074340,
        -0.346419 1.279528 0.088583,
        -0.337034 1.279528 0.100813,
        -0.346419 1.279528 0.029528,
        -0.352319 1.279528 0.043770,
        -0.354331 1.279528 0.059055,
        -0.310560 1.279528 0.002012,
        -0.324803 1.279528 0.007912,
        -0.337034 1.279528 0.017297,
        -0.265748 1.279528 0.007912,
        -0.279991 1.279528 0.002012,
        -0.295276 1.279528 0.000000,
        -0.238233 1.279528 0.043770,
        -0.244132 1.279528 0.029528,
        -0.253517 1.279528 0.017297,
        -0.244132 1.279528 0.088583,
        -0.238233 1.279528 0.074340,
        -0.236220 1.279528 0.059055,
        -0.265748 1.279528 0.110198,
        -0.253517 1.279528 0.100813,
        -0.265748 -0.767717 0.984214,
        -0.279991 -0.767717 0.990114,
        -0.295276 -0.767717 0.933071,
        -0.295276 -0.767717 0.992126,
        -0.310560 -0.767717 0.990114,
        -0.238233 -0.767717 0.948356,
        -0.244132 -0.767717 0.962598,
        -0.253517 -0.767717 0.974829,
        -0.244132 -0.767717 0.903543,
        -0.238233 -0.767717 0.917786,
        -0.236220 -0.767717 0.933071,
        -0.279991 -0.767717 0.876028,
        -0.265748 -0.767717 0.881928,
        -0.253517 -0.767717 0.891313,
        -0.324803 -0.767717 0.881928,
        -0.310560 -0.767717 0.876028,
        -0.295276 -0.767717 0.874016,
        -0.352319 -0.767717 0.917786,
        -0.346419 -0.767717 0.903543,
        -0.337034 -0.767717 0.891313,
        -0.346419 -0.767717 0.962598,
        -0.352319 -0.767717 0.948356,
        -0.354331 -0.767717 0.933071,
        -0.324803 -0.767717 0.984214,
        -0.337034 -0.767717 0.974829,
        -0.320750 -0.728346 0.838000,
        -0.344488 -0.728346 0.847832,
        -0.364873 -0.728346 0.863474,
        -0.380514 -0.728346 0.883858,
        -0.390347 -0.728346 0.907596,
        -0.393701 -0.728346 0.933071,
        -0.390347 -0.728346 0.958545,
        -0.380514 -0.728346 0.982283,
        -0.364873 -0.728346 1.002668,
        -0.344488 -0.728346 1.018309,
        -0.320750 -0.728346 1.028142,
        -0.295276 -0.728346 1.031496,
        -0.269801 -0.728346 1.028142,
        -0.246063 -0.728346 1.018309,
        -0.225678 -0.728346 1.002668,
        -0.210037 -0.728346 0.982283,
        -0.200204 -0.728346 0.958545,
        -0.196850 -0.728346 0.933071,
        -0.200204 -0.728346 0.907596,
        -0.210037 -0.728346 0.883858,
        -0.225678 -0.728346 0.863474,
        -0.246063 -0.728346 0.847832,
        -0.269801 -0.728346 0.838000,
        -0.295276 -0.728346 0.834646,
        -0.885827 1.240157 -0.039370,
        -0.911301 0.728346 -0.036016,
        -0.911301 1.240157 -0.036016,
        -0.935039 0.728346 -0.026183,
        -0.935039 1.240157 -0.026183,
        -0.955424 0.728346 -0.010542,
        -0.955424 1.240157 -0.010542,
        -0.971065 0.728346 0.009843,
        -0.971065 1.240157 0.009843,
        -0.980898 0.728346 0.033581,
        -0.980898 1.240157 0.033581,
        -0.984252 0.728346 0.059055,
        -0.984252 1.240157 0.059055,
        -0.980898 0.728346 0.084530,
        -0.980898 1.240157 0.084530,
        -0.971065 0.728346 0.108268,
        -0.971065 1.240157 0.108268,
        -0.955424 0.728346 0.128652,
        -0.955424 1.240157 0.128652,
        -0.935039 0.728346 0.144294,
        -0.935039 1.240157 0.144294,
        -0.911301 0.728346 0.154126,
        -0.911301 1.240157 0.154126,
        -0.885827 0.728346 0.157480,
        -0.885827 1.240157 0.157480,
        -0.860352 0.728346 0.154126,
        -0.860352 1.240157 0.154126,
        -0.836614 0.728346 0.144294,
        -0.836614 1.240157 0.144294,
        -0.816230 0.728346 0.128652,
        -0.816230 1.240157 0.128652,
        -0.800588 0.728346 0.108268,
        -0.800588 1.240157 0.108268,
        -0.790755 0.728346 0.084530,
        -0.790755 1.240157 0.084530,
        -0.787402 0.728346 0.059055,
        -0.787402 1.240157 0.059055,
        -0.790755 0.728346 0.033581,
        -0.790755 1.240157 0.033581,
        -0.800588 0.728346 0.009843,
        -0.800588 1.240157 0.009843,
        -0.816230 0.728346 -0.010542,
        -0.816230 1.240157 -0.010542,
        -0.836614 0.728346 -0.026183,
        -0.836614 1.240157 -0.026183,
        -0.860352 0.728346 -0.036016,
        -0.860352 1.240157 -0.036016,
        -0.885827 0.728346 -0.039370,
        -0.885827 0.723966 0.157974,
        -0.860352 0.723220 0.154704,
        -0.836614 0.721032 0.145118,
        -0.816230 0.717551 0.129869,
        -0.800588 0.713015 0.109995,
        -0.790755 0.707733 0.086852,
        -0.787402 0.702065 0.062017,
        -0.790755 0.696396 0.037181,
        -0.800588 0.691114 0.014038,
        -0.816230 0.686578 -0.005836,
        -0.836614 0.683097 -0.021085,
        -0.860352 0.680909 -0.030671,
        -0.885827 0.680163 -0.033941,
        -0.911301 0.680909 -0.030671,
        -0.935039 0.683097 -0.021085,
        -0.955424 0.686578 -0.005836,
        -0.971065 0.691114 0.014038,
        -0.980898 0.696396 0.037181,
        -0.984252 0.702065 0.062017,
        -0.980898 0.707733 0.086852,
        -0.971065 0.713015 0.109995,
        -0.955424 0.717551 0.129869,
        -0.935039 0.721032 0.145118,
        -0.911301 0.723220 0.154704,
        -0.885827 0.719806 0.159430,
        -0.860352 0.718350 0.156408,
        -0.836614 0.714084 0.147549,
        -0.816230 0.707297 0.133457,
        -0.800588 0.698453 0.115091,
        -0.790755 0.688153 0.093703,
        -0.787402 0.677100 0.070752,
        -0.790755 0.666048 0.047800,
        -0.800588 0.655748 0.026413,
        -0.816230 0.646903 0.008047,
        -0.836614 0.640117 -0.006046,
        -0.860352 0.635850 -0.014905,
        -0.885827 0.634395 -0.017926,
        -0.911301 0.635850 -0.014905,
        -0.935039 0.640117 -0.006046,
        -0.955424 0.646903 0.008047,
        -0.971065 0.655748 0.026413,
        -0.980898 0.666048 0.047800,
        -0.984252 0.677100 0.070752,
        -0.980898 0.688153 0.093703,
        -0.971065 0.698453 0.115091,
        -0.955424 0.707297 0.133457,
        -0.935039 0.714084 0.147549,
        -0.911301 0.718350 0.156408,
        -0.885827 0.716073 0.161775,
        -0.860352 0.713982 0.159153,
        -0.836614 0.707852 0.151465,
        -0.816230 0.698099 0.139236,
        -0.800588 0.685389 0.123299,
        -0.790755 0.670589 0.104740,
        -0.787402 0.654706 0.084823,
        -0.790755 0.638823 0.064906,
        -0.800588 0.624022 0.046347,
        -0.816230 0.611313 0.030410,
        -0.836614 0.601561 0.018181,
        -0.860352 0.595430 0.010493,
        -0.885827 0.593339 0.007871,
        -0.911301 0.595430 0.010493,
        -0.935039 0.601561 0.018181,
        -0.955424 0.611313 0.030410,
        -0.971065 0.624022 0.046347,
        -0.980898 0.638823 0.064906,
        -0.984252 0.654706 0.084823,
        -0.980898 0.670589 0.104740,
        -0.971065 0.685389 0.123299,
        -0.955424 0.698099 0.139236,
        -0.935039 0.707852 0.151465,
        -0.911301 0.713982 0.159153,
        -0.885827 0.712956 0.164892,
        -0.860352 0.710334 0.162801,
        -0.836614 0.702646 0.156670,
        -0.816230 0.690417 0.146918,
        -0.800588 0.674480 0.134208,
        -0.790755 0.655921 0.119408,
        -0.787402 0.636004 0.103525,
        -0.790755 0.616087 0.087642,
        -0.800588 0.597528 0.072841,
        -0.816230 0.581591 0.060132,
        -0.836614 0.569362 0.050380,
        -0.860352 0.561674 0.044249,
        -0.885827 0.559052 0.042158,
        -0.911301 0.561674 0.044249,
        -0.935039 0.569362 0.050380,
        -0.955424 0.581591 0.060132,
        -0.971065 0.597528 0.072841,
        -0.980898 0.616087 0.087642,
        -0.984252 0.636004 0.103525,
        -0.980898 0.655921 0.119408,
        -0.971065 0.674480 0.134208,
        -0.955424 0.690417 0.146918,
        -0.935039 0.702646 0.156670,
        -0.911301 0.710334 0.162801,
        -0.885827 0.710611 0.168624,
        -0.860352 0.707589 0.167169,
        -0.836614 0.698730 0.162903,
        -0.816230 0.684638 0.156116,
        -0.800588 0.666272 0.147272,
        -0.790755 0.644884 0.136972,
        -0.787402 0.621933 0.125919,
        -0.790755 0.598981 0.114867,
        -0.800588 0.577594 0.104567,
        -0.816230 0.559228 0.095722,
        -0.836614 0.545135 0.088935,
        -0.860352 0.536276 0.084669,
        -0.885827 0.533255 0.083214,
        -0.911301 0.536276 0.084669,
        -0.935039 0.545135 0.088935,
        -0.955424 0.559228 0.095722,
        -0.971065 0.577594 0.104567,
        -0.980898 0.598981 0.114867,
        -0.984252 0.621933 0.125919,
        -0.980898 0.644884 0.136972,
        -0.971065 0.666272 0.147272,
        -0.955424 0.684638 0.156116,
        -0.935039 0.698730 0.162903,
        -0.911301 0.707589 0.167169,
        -0.885827 0.709155 0.172785,
        -0.860352 0.705885 0.172039,
        -0.836614 0.696299 0.169851,
        -0.816230 0.681050 0.166370,
        -0.800588 0.661176 0.161834,
        -0.790755 0.638033 0.156552,
        -0.787402 0.613198 0.150883,
        -0.790755 0.588362 0.145215,
        -0.800588 0.565219 0.139933,
        -0.816230 0.545345 0.135396,
        -0.836614 0.530096 0.131916,
        -0.860352 0.520510 0.129728,
        -0.885827 0.517240 0.128982,
        -0.911301 0.520510 0.129728,
        -0.935039 0.530096 0.131916,
        -0.955424 0.545345 0.135396,
        -0.971065 0.565219 0.139933,
        -0.980898 0.588362 0.145215,
        -0.984252 0.613198 0.150883,
        -0.980898 0.638033 0.156552,
        -0.971065 0.661176 0.161834,
        -0.955424 0.681050 0.166370,
        -0.935039 0.696299 0.169851,
        -0.911301 0.705885 0.172039,
        -0.885827 0.708661 0.177165,
        -0.860352 0.705307 0.177165,
        -0.836614 0.695475 0.177165,
        -0.816230 0.679833 0.177165,
        -0.800588 0.659449 0.177165,
        -0.790755 0.635711 0.177165,
        -0.787402 0.610236 0.177165,
        -0.790755 0.584762 0.177165,
        -0.800588 0.561024 0.177165,
        -0.816230 0.540639 0.177165,
        -0.836614 0.524998 0.177165,
        -0.860352 0.515165 0.177165,
        -0.885827 0.511811 0.177165,
        -0.911301 0.515165 0.177165,
        -0.935039 0.524998 0.177165,
        -0.955424 0.540639 0.177165,
        -0.971065 0.561024 0.177165,
        -0.980898 0.584762 0.177165,
        -0.984252 0.610236 0.177165,
        -0.980898 0.635711 0.177165,
        -0.971065 0.659449 0.177165,
        -0.955424 0.679833 0.177165,
        -0.935039 0.695475 0.177165,
        -0.911301 0.705307 0.177165,
        -0.787617 0.616749 0.814961,
        -0.792305 0.640915 0.814961,
        -0.791276 0.635609 0.814961,
        -0.802843 0.663163 0.814961,
        -0.800993 0.659257 0.814961,
        -0.818572 0.682099 0.814961,
        -0.816502 0.679607 0.814961,
        -0.838507 0.696540 0.814961,
        -0.836759 0.695274 0.814961,
        -0.910250 0.705583 0.814961,
        -0.885827 0.708661 0.814961,
        -0.861403 0.705583 0.814961,
        -0.860400 0.705187 0.814961,
        -0.911254 0.705187 0.814961,
        -0.933146 0.696540 0.814961,
        -0.934894 0.695274 0.814961,
        -0.953082 0.682099 0.814961,
        -0.955152 0.679607 0.814961,
        -0.968811 0.663163 0.814961,
        -0.970661 0.659257 0.814961,
        -0.979348 0.640915 0.814961,
        -0.980378 0.635609 0.814961,
        -0.984036 0.616749 0.814961,
        -0.983652 0.610272 0.814961,
        -0.982581 0.592176 0.814961,
        -0.980355 0.584929 0.814961,
        -0.788001 0.610272 0.814961,
        -0.789073 0.592176 0.814961,
        -0.791299 0.584929 0.814961,
        -0.953082 0.593993 0.975313,
        -0.789073 0.584202 0.854100,
        -0.789073 0.590162 0.834932,
        -0.789073 0.574536 0.871693,
        -0.787617 0.594777 0.885627,
        -0.787617 0.578604 0.904696,
        -0.792305 0.595374 0.922097,
        -0.792305 0.571909 0.940551,
        -0.802843 0.583839 0.959330,
        -0.818572 0.593993 0.975313,
        -0.838507 0.601736 0.987503,
        -0.861403 0.606585 0.995136,
        -0.885827 0.608235 0.997734,
        -0.910250 0.606585 0.995136,
        -0.933146 0.601736 0.987503,
        -0.979348 0.571909 0.940551,
        -0.968811 0.583839 0.959330,
        -0.984036 0.578604 0.904696,
        -0.979348 0.595374 0.922097,
        -0.982581 0.574536 0.871693,
        -0.984036 0.594777 0.885627,
        -0.982581 0.590162 0.834932,
        -0.984036 0.614241 0.839838,
        -0.979348 0.637921 0.844662,
        -0.968811 0.659720 0.849103,
        -0.953082 0.678276 0.852883,
        -0.933146 0.692426 0.855766,
        -0.910250 0.701287 0.857571,
        -0.838507 0.692426 0.855766,
        -0.861403 0.701287 0.857571,
        -0.885827 0.704303 0.858185,
        -0.818572 0.678276 0.852883,
        -0.802843 0.659720 0.849103,
        -0.792305 0.637921 0.844662,
        -0.968811 0.610811 0.938116,
        -0.953082 0.623952 0.951752,
        -0.933146 0.633973 0.962150,
        -0.910250 0.640248 0.968661,
        -0.885827 0.642384 0.970878,
        -0.861403 0.640248 0.968661,
        -0.838507 0.633973 0.962150,
        -0.818572 0.623952 0.951752,
        -0.802843 0.610811 0.938116,
        -0.787617 0.614241 0.839838,
        -0.979348 0.614682 0.899330,
        -0.968811 0.633007 0.911946,
        -0.953082 0.648605 0.922683,
        -0.933146 0.660500 0.930872,
        -0.910250 0.667948 0.936000,
        -0.885827 0.670484 0.937745,
        -0.861403 0.667948 0.936000,
        -0.838507 0.660500 0.930872,
        -0.818572 0.648605 0.922683,
        -0.802843 0.633007 0.911946,
        -0.792305 0.614682 0.899330,
        -0.982581 0.584202 0.854100,
        -0.984036 0.606817 0.863714,
        -0.979348 0.629057 0.873168,
        -0.968811 0.649532 0.881871,
        -0.953082 0.666959 0.889279,
        -0.933146 0.680249 0.894928,
        -0.910250 0.688571 0.898466,
        -0.885827 0.691404 0.899670,
        -0.861403 0.688571 0.898466,
        -0.838507 0.680249 0.894928,
        -0.818572 0.666959 0.889279,
        -0.802843 0.649532 0.881871,
        -0.792305 0.629057 0.873168,
        -0.787617 0.606817 0.863714,
        -0.915354 1.279528 0.110198,
        -0.901111 1.279528 0.116098,
        -0.885827 1.279528 0.059055,
        -0.885827 1.279528 0.118110,
        -0.870542 1.279528 0.116098,
        -0.942870 1.279528 0.074340,
        -0.936970 1.279528 0.088583,
        -0.927585 1.279528 0.100813,
        -0.936970 1.279528 0.029528,
        -0.942870 1.279528 0.043770,
        -0.944882 1.279528 0.059055,
        -0.901111 1.279528 0.002012,
        -0.915354 1.279528 0.007912,
        -0.927585 1.279528 0.017297,
        -0.856299 1.279528 0.007912,
        -0.870542 1.279528 0.002012,
        -0.885827 1.279528 0.000000,
        -0.828784 1.279528 0.043770,
        -0.834683 1.279528 0.029528,
        -0.844069 1.279528 0.017297,
        -0.834683 1.279528 0.088583,
        -0.828784 1.279528 0.074340,
        -0.826772 1.279528 0.059055,
        -0.856299 1.279528 0.110198,
        -0.844069 1.279528 0.100813,
        -0.856299 -0.767717 0.984214,
        -0.870542 -0.767717 0.990114,
        -0.885827 -0.767717 0.933071,
        -0.885827 -0.767717 0.992126,
        -0.901111 -0.767717 0.990114,
        -0.828784 -0.767717 0.948356,
        -0.834683 -0.767717 0.962598,
        -0.844069 -0.767717 0.974829,
        -0.834683 -0.767717 0.903543,
        -0.828784 -0.767717 0.917786,
        -0.826772 -0.767717 0.933071,
        -0.870542 -0.767717 0.876028,
        -0.856299 -0.767717 0.881928,
        -0.844069 -0.767717 0.891313,
        -0.915354 -0.767717 0.881928,
        -0.901111 -0.767717 0.876028,
        -0.885827 -0.767717 0.874016,
        -0.942870 -0.767717 0.917786,
        -0.936970 -0.767717 0.903543,
        -0.927585 -0.767717 0.891313,
        -0.936970 -0.767717 0.962598,
        -0.942870 -0.767717 0.948356,
        -0.944882 -0.767717 0.933071,
        -0.915354 -0.767717 0.984214,
        -0.927585 -0.767717 0.974829,
        -0.911301 -0.728346 0.838000,
        -0.935039 -0.728346 0.847832,
        -0.955424 -0.728346 0.863474,
        -0.971065 -0.728346 0.883858,
        -0.980898 -0.728346 0.907596,
        -0.984252 -0.728346 0.933071,
        -0.980898 -0.728346 0.958545,
        -0.971065 -0.728346 0.982283,
        -0.955424 -0.728346 1.002668,
        -0.935039 -0.728346 1.018309,
        -0.911301 -0.728346 1.028142,
        -0.885827 -0.728346 1.031496,
        -0.860352 -0.728346 1.028142,
        -0.836614 -0.728346 1.018309,
        -0.816230 -0.728346 1.002668,
        -0.800588 -0.728346 0.982283,
        -0.790755 -0.728346 0.958545,
        -0.787402 -0.728346 0.933071,
        -0.790755 -0.728346 0.907596,
        -0.800588 -0.728346 0.883858,
        -0.816230 -0.728346 0.863474,
        -0.836614 -0.728346 0.847832,
        -0.860352 -0.728346 0.838000,
        -0.885827 -0.728346 0.834646,
      ]
    }
    coordIndex [
      258, 259, 260, -1,
      260, 259, 261, -1,
      260, 261, 262, -1,
      262, 261, 263, -1,
      262, 263, 264, -1,
      264, 263, 265, -1,
      264, 265, 266, -1,
      266, 265, 267, -1,
      266, 267, 268, -1,
      268, 267, 269, -1,
      268, 269, 270, -1,
      270, 269, 271, -1,
      270, 271, 272, -1,
      272, 271, 273, -1,
      272, 273, 274, -1,
      274, 273, 275, -1,
      274, 275, 276, -1,
      276, 275, 277, -1,
      276, 277, 278, -1,
      278, 277, 279, -1,
      278, 279, 280, -1,
      280, 279, 281, -1,
      280, 281, 282, -1,
      282, 281, 283, -1,
      282, 283, 284, -1,
      284, 283, 285, -1,
      284, 285, 286, -1,
      286, 285, 287, -1,
      286, 287, 288, -1,
      288, 287, 289, -1,
      288, 289, 290, -1,
      290, 289, 291, -1,
      290, 291, 292, -1,
      292, 291, 293, -1,
      292, 293, 294, -1,
      294, 293, 295, -1,
      294, 295, 296, -1,
      296, 295, 297, -1,
      296, 297, 298, -1,
      298, 297, 299, -1,
      298, 299, 300, -1,
      300, 299, 301, -1,
      300, 301, 302, -1,
      302, 301, 303, -1,
      302, 303, 304, -1,
      304, 303, 305, -1,
      304, 305, 258, -1,
      258, 305, 259, -1,
      281, 306, 283, -1,
      283, 306, 307, -1,
      283, 307, 285, -1,
      285, 307, 308, -1,
      285, 308, 287, -1,
      287, 308, 309, -1,
      287, 309, 289, -1,
      289, 309, 310, -1,
      289, 310, 291, -1,
      291, 310, 311, -1,
      291, 311, 293, -1,
      293, 311, 312, -1,
      293, 312, 295, -1,
      295, 312, 313, -1,
      295, 313, 297, -1,
      297, 313, 314, -1,
      297, 314, 299, -1,
      299, 314, 315, -1,
      299, 315, 301, -1,
      301, 315, 316, -1,
      301, 316, 303, -1,
      303, 316, 317, -1,
      303, 317, 305, -1,
      305, 317, 318, -1,
      305, 318, 259, -1,
      259, 318, 319, -1,
      259, 319, 261, -1,
      261, 319, 320, -1,
      261, 320, 263, -1,
      263, 320, 321, -1,
      263, 321, 265, -1,
      265, 321, 322, -1,
      265, 322, 267, -1,
      267, 322, 323, -1,
      267, 323, 269, -1,
      269, 323, 324, -1,
      269, 324, 271, -1,
      271, 324, 325, -1,
      271, 325, 273, -1,
      273, 325, 326, -1,
      273, 326, 275, -1,
      275, 326, 327, -1,
      275, 327, 277, -1,
      277, 327, 328, -1,
      277, 328, 279, -1,
      279, 328, 329, -1,
      279, 329, 281, -1,
      281, 329, 306, -1,
      306, 330, 307, -1,
      307, 330, 331, -1,
      307, 331, 308, -1,
      308, 331, 332, -1,
      308, 332, 309, -1,
      309, 332, 333, -1,
      309, 333, 310, -1,
      310, 333, 334, -1,
      310, 334, 311, -1,
      311, 334, 335, -1,
      311, 335, 312, -1,
      312, 335, 336, -1,
      312, 336, 313, -1,
      313, 336, 337, -1,
      313, 337, 314, -1,
      314, 337, 338, -1,
      314, 338, 315, -1,
      315, 338, 339, -1,
      315, 339, 316, -1,
      316, 339, 340, -1,
      316, 340, 317, -1,
      317, 340, 341, -1,
      317, 341, 318, -1,
      318, 341, 342, -1,
      318, 342, 319, -1,
      319, 342, 343, -1,
      319, 343, 320, -1,
      320, 343, 344, -1,
      320, 344, 321, -1,
      321, 344, 345, -1,
      321, 345, 322, -1,
      322, 345, 346, -1,
      322, 346, 323, -1,
      323, 346, 347, -1,
      323, 347, 324, -1,
      324, 347, 348, -1,
      324, 348, 325, -1,
      325, 348, 349, -1,
      325, 349, 326, -1,
      326, 349, 350, -1,
      326, 350, 327, -1,
      327, 350, 351, -1,
      327, 351, 328, -1,
      328, 351, 352, -1,
      328, 352, 329, -1,
      329, 352, 353, -1,
      329, 353, 306, -1,
      306, 353, 330, -1,
      330, 354, 331, -1,
      331, 354, 355, -1,
      331, 355, 332, -1,
      332, 355, 356, -1,
      332, 356, 333, -1,
      333, 356, 357, -1,
      333, 357, 334, -1,
      334, 357, 358, -1,
      334, 358, 335, -1,
      335, 358, 359, -1,
      335, 359, 336, -1,
      336, 359, 360, -1,
      336, 360, 337, -1,
      337, 360, 361, -1,
      337, 361, 338, -1,
      338, 361, 362, -1,
      338, 362, 339, -1,
      339, 362, 363, -1,
      339, 363, 340, -1,
      340, 363, 364, -1,
      340, 364, 341, -1,
      341, 364, 365, -1,
      341, 365, 342, -1,
      342, 365, 366, -1,
      342, 366, 343, -1,
      343, 366, 367, -1,
      343, 367, 344, -1,
      344, 367, 368, -1,
      344, 368, 345, -1,
      345, 368, 369, -1,
      345, 369, 346, -1,
      346, 369, 370, -1,
      346, 370, 347, -1,
      347, 370, 371, -1,
      347, 371, 348, -1,
      348, 371, 372, -1,
      348, 372, 349, -1,
      349, 372, 373, -1,
      349, 373, 350, -1,
      350, 373, 374, -1,
      350, 374, 351, -1,
      351, 374, 375, -1,
      351, 375, 352, -1,
      352, 375, 376, -1,
      352, 376, 353, -1,
      353, 376, 377, -1,
      353, 377, 330, -1,
      330, 377, 354, -1,
      354, 378, 355, -1,
      355, 378, 379, -1,
      355, 379, 356, -1,
      356, 379, 380, -1,
      356, 380, 357, -1,
      357, 380, 381, -1,
      357, 381, 358, -1,
      358, 381, 382, -1,
      358, 382, 359, -1,
      359, 382, 383, -1,
      359, 383, 360, -1,
      360, 383, 384, -1,
      360, 384, 361, -1,
      361, 384, 385, -1,
      361, 385, 362, -1,
      362, 385, 386, -1,
      362, 386, 363, -1,
      363, 386, 387, -1,
      363, 387, 364, -1,
      364, 387, 388, -1,
      364, 388, 365, -1,
      365, 388, 389, -1,
      365, 389, 366, -1,
      366, 389, 390, -1,
      366, 390, 367, -1,
      367, 390, 391, -1,
      367, 391, 368, -1,
      368, 391, 392, -1,
      368, 392, 369, -1,
      369, 392, 393, -1,
      369, 393, 370, -1,
      370, 393, 394, -1,
      370, 394, 371, -1,
      371, 394, 395, -1,
      371, 395, 372, -1,
      372, 395, 396, -1,
      372, 396, 373, -1,
      373, 396, 397, -1,
      373, 397, 374, -1,
      374, 397, 398, -1,
      374, 398, 375, -1,
      375, 398, 399, -1,
      375, 399, 376, -1,
      376, 399, 400, -1,
      376, 400, 377, -1,
      377, 400, 401, -1,
      377, 401, 354, -1,
      354, 401, 378, -1,
      378, 402, 379, -1,
      379, 402, 403, -1,
      379, 403, 380, -1,
      380, 403, 404, -1,
      380, 404, 381, -1,
      381, 404, 405, -1,
      381, 405, 382, -1,
      382, 405, 406, -1,
      382, 406, 383, -1,
      383, 406, 407, -1,
      383, 407, 384, -1,
      384, 407, 408, -1,
      384, 408, 385, -1,
      385, 408, 409, -1,
      385, 409, 386, -1,
      386, 409, 410, -1,
      386, 410, 387, -1,
      387, 410, 411, -1,
      387, 411, 388, -1,
      388, 411, 412, -1,
      388, 412, 389, -1,
      389, 412, 413, -1,
      389, 413, 390, -1,
      390, 413, 414, -1,
      390, 414, 391, -1,
      391, 414, 415, -1,
      391, 415, 392, -1,
      392, 415, 416, -1,
      392, 416, 393, -1,
      393, 416, 417, -1,
      393, 417, 394, -1,
      394, 417, 418, -1,
      394, 418, 395, -1,
      395, 418, 419, -1,
      395, 419, 396, -1,
      396, 419, 420, -1,
      396, 420, 397, -1,
      397, 420, 421, -1,
      397, 421, 398, -1,
      398, 421, 422, -1,
      398, 422, 399, -1,
      399, 422, 423, -1,
      399, 423, 400, -1,
      400, 423, 424, -1,
      400, 424, 401, -1,
      401, 424, 425, -1,
      401, 425, 378, -1,
      378, 425, 402, -1,
      402, 426, 403, -1,
      403, 426, 427, -1,
      403, 427, 404, -1,
      404, 427, 428, -1,
      404, 428, 405, -1,
      405, 428, 429, -1,
      405, 429, 406, -1,
      406, 429, 430, -1,
      406, 430, 407, -1,
      407, 430, 431, -1,
      407, 431, 408, -1,
      408, 431, 432, -1,
      408, 432, 409, -1,
      409, 432, 433, -1,
      409, 433, 410, -1,
      410, 433, 434, -1,
      410, 434, 411, -1,
      411, 434, 435, -1,
      411, 435, 412, -1,
      412, 435, 436, -1,
      412, 436, 413, -1,
      413, 436, 437, -1,
      413, 437, 414, -1,
      414, 437, 438, -1,
      414, 438, 415, -1,
      415, 438, 439, -1,
      415, 439, 416, -1,
      416, 439, 440, -1,
      416, 440, 417, -1,
      417, 440, 441, -1,
      417, 441, 418, -1,
      418, 441, 442, -1,
      418, 442, 419, -1,
      419, 442, 443, -1,
      419, 443, 420, -1,
      420, 443, 444, -1,
      420, 444, 421, -1,
      421, 444, 445, -1,
      421, 445, 422, -1,
      422, 445, 446, -1,
      422, 446, 423, -1,
      423, 446, 447, -1,
      423, 447, 424, -1,
      424, 447, 448, -1,
      424, 448, 425, -1,
      425, 448, 449, -1,
      425, 449, 402, -1,
      402, 449, 426, -1,
      426, 450, 427, -1,
      427, 450, 451, -1,
      427, 451, 428, -1,
      428, 451, 452, -1,
      428, 452, 429, -1,
      429, 452, 453, -1,
      429, 453, 430, -1,
      430, 453, 454, -1,
      430, 454, 431, -1,
      431, 454, 455, -1,
      431, 455, 432, -1,
      432, 455, 456, -1,
      432, 456, 433, -1,
      433, 456, 457, -1,
      433, 457, 434, -1,
      434, 457, 458, -1,
      434, 458, 435, -1,
      435, 458, 459, -1,
      435, 459, 436, -1,
      436, 459, 460, -1,
      436, 460, 437, -1,
      437, 460, 461, -1,
      437, 461, 438, -1,
      438, 461, 462, -1,
      438, 462, 439, -1,
      439, 462, 463, -1,
      439, 463, 440, -1,
      440, 463, 464, -1,
      440, 464, 441, -1,
      441, 464, 465, -1,
      441, 465, 442, -1,
      442, 465, 466, -1,
      442, 466, 443, -1,
      443, 466, 467, -1,
      443, 467, 444, -1,
      444, 467, 468, -1,
      444, 468, 445, -1,
      445, 468, 469, -1,
      445, 469, 446, -1,
      446, 469, 470, -1,
      446, 470, 447, -1,
      447, 470, 471, -1,
      447, 471, 448, -1,
      448, 471, 472, -1,
      448, 472, 449, -1,
      449, 472, 473, -1,
      449, 473, 426, -1,
      426, 473, 450, -1,
      233, 156, 467, -1,
      467, 466, 233, -1,
      233, 466, 465, -1,
      233, 465, 234, -1,
      234, 465, 464, -1,
      234, 464, 235, -1,
      235, 464, 463, -1,
      235, 463, 236, -1,
      236, 463, 462, -1,
      236, 462, 237, -1,
      237, 462, 461, -1,
      237, 461, 231, -1,
      231, 461, 460, -1,
      231, 460, 232, -1,
      232, 460, 459, -1,
      232, 459, 239, -1,
      239, 459, 458, -1,
      239, 458, 238, -1,
      238, 458, 58, -1,
      58, 458, 457, -1,
      58, 457, 30, -1,
      474, 456, 455, -1,
      454, 475, 455, -1,
      455, 475, 476, -1,
      455, 476, 474, -1,
      453, 477, 454, -1,
      454, 477, 478, -1,
      454, 478, 475, -1,
      452, 479, 453, -1,
      453, 479, 480, -1,
      453, 480, 477, -1,
      451, 481, 452, -1,
      452, 481, 482, -1,
      452, 482, 479, -1,
      483, 484, 450, -1,
      450, 484, 485, -1,
      450, 485, 451, -1,
      451, 485, 486, -1,
      451, 486, 481, -1,
      483, 450, 487, -1,
      487, 450, 473, -1,
      487, 473, 488, -1,
      488, 473, 489, -1,
      489, 473, 472, -1,
      489, 472, 490, -1,
      490, 472, 491, -1,
      491, 472, 471, -1,
      491, 471, 492, -1,
      492, 471, 470, -1,
      492, 470, 493, -1,
      493, 470, 494, -1,
      494, 470, 469, -1,
      494, 469, 495, -1,
      495, 469, 496, -1,
      496, 469, 468, -1,
      496, 468, 497, -1,
      497, 468, 498, -1,
      498, 468, 467, -1,
      498, 467, 499, -1,
      499, 467, 156, -1,
      499, 156, 150, -1,
      474, 500, 456, -1,
      456, 500, 501, -1,
      456, 501, 457, -1,
      457, 501, 502, -1,
      457, 502, 30, -1,
      119, 118, 503, -1,
      60, 59, 504, -1,
      30, 502, 31, -1,
      31, 502, 505, -1,
      31, 505, 32, -1,
      60, 504, 33, -1,
      34, 506, 35, -1,
      35, 506, 507, -1,
      35, 507, 36, -1,
      37, 508, 38, -1,
      38, 508, 509, -1,
      38, 509, 39, -1,
      43, 510, 44, -1,
      44, 510, 511, -1,
      44, 511, 24, -1,
      7, 6, 512, -1,
      512, 6, 26, -1,
      512, 26, 511, -1,
      511, 26, 25, -1,
      511, 25, 24, -1,
      7, 512, 8, -1,
      8, 512, 513, -1,
      8, 513, 2, -1,
      2, 513, 3, -1,
      3, 513, 514, -1,
      3, 514, 61, -1,
      61, 514, 62, -1,
      62, 514, 515, -1,
      62, 515, 63, -1,
      516, 73, 515, -1,
      515, 73, 74, -1,
      515, 74, 63, -1,
      77, 76, 517, -1,
      517, 76, 75, -1,
      517, 75, 516, -1,
      516, 75, 72, -1,
      516, 72, 73, -1,
      503, 118, 517, -1,
      517, 118, 117, -1,
      517, 117, 77, -1,
      113, 96, 518, -1,
      518, 96, 95, -1,
      518, 95, 519, -1,
      519, 95, 94, -1,
      94, 50, 519, -1,
      519, 50, 49, -1,
      519, 49, 503, -1,
      503, 49, 157, -1,
      503, 157, 119, -1,
      110, 111, 520, -1,
      520, 111, 112, -1,
      520, 112, 521, -1,
      114, 149, 522, -1,
      522, 149, 148, -1,
      522, 148, 523, -1,
      116, 524, 151, -1,
      151, 524, 499, -1,
      151, 499, 150, -1,
      525, 497, 524, -1,
      524, 497, 498, -1,
      524, 498, 499, -1,
      526, 495, 525, -1,
      525, 495, 496, -1,
      525, 496, 497, -1,
      527, 493, 526, -1,
      526, 493, 494, -1,
      526, 494, 495, -1,
      528, 491, 527, -1,
      527, 491, 492, -1,
      527, 492, 493, -1,
      529, 489, 528, -1,
      528, 489, 490, -1,
      528, 490, 491, -1,
      530, 487, 529, -1,
      529, 487, 488, -1,
      529, 488, 489, -1,
      531, 486, 532, -1,
      532, 486, 485, -1,
      532, 485, 533, -1,
      533, 485, 484, -1,
      533, 484, 530, -1,
      530, 484, 483, -1,
      530, 483, 487, -1,
      534, 482, 531, -1,
      531, 482, 481, -1,
      531, 481, 486, -1,
      535, 480, 534, -1,
      534, 480, 479, -1,
      534, 479, 482, -1,
      536, 478, 535, -1,
      535, 478, 477, -1,
      535, 477, 480, -1,
      112, 113, 521, -1,
      521, 113, 518, -1,
      521, 518, 537, -1,
      537, 518, 519, -1,
      537, 519, 538, -1,
      538, 519, 503, -1,
      538, 503, 539, -1,
      539, 503, 517, -1,
      539, 517, 540, -1,
      540, 517, 516, -1,
      540, 516, 541, -1,
      541, 516, 515, -1,
      541, 515, 542, -1,
      542, 515, 514, -1,
      542, 514, 543, -1,
      543, 514, 513, -1,
      543, 513, 544, -1,
      544, 513, 512, -1,
      544, 512, 545, -1,
      545, 512, 511, -1,
      545, 511, 509, -1,
      509, 511, 510, -1,
      509, 510, 39, -1,
      39, 510, 43, -1,
      546, 476, 536, -1,
      536, 476, 475, -1,
      536, 475, 478, -1,
      148, 110, 523, -1,
      523, 110, 520, -1,
      523, 520, 547, -1,
      547, 520, 521, -1,
      547, 521, 548, -1,
      548, 521, 537, -1,
      548, 537, 549, -1,
      549, 537, 538, -1,
      549, 538, 550, -1,
      550, 538, 539, -1,
      550, 539, 551, -1,
      551, 539, 540, -1,
      551, 540, 552, -1,
      552, 540, 541, -1,
      552, 541, 553, -1,
      553, 541, 542, -1,
      553, 542, 554, -1,
      554, 542, 543, -1,
      554, 543, 555, -1,
      555, 543, 544, -1,
      555, 544, 556, -1,
      556, 544, 545, -1,
      556, 545, 557, -1,
      557, 545, 509, -1,
      557, 509, 507, -1,
      507, 509, 508, -1,
      507, 508, 36, -1,
      36, 508, 37, -1,
      502, 501, 505, -1,
      505, 501, 500, -1,
      505, 500, 546, -1,
      546, 500, 474, -1,
      546, 474, 476, -1,
      116, 115, 524, -1,
      524, 115, 558, -1,
      524, 558, 525, -1,
      525, 558, 559, -1,
      525, 559, 526, -1,
      526, 559, 560, -1,
      526, 560, 527, -1,
      527, 560, 561, -1,
      527, 561, 528, -1,
      528, 561, 562, -1,
      528, 562, 529, -1,
      529, 562, 563, -1,
      529, 563, 530, -1,
      530, 563, 564, -1,
      530, 564, 533, -1,
      533, 564, 565, -1,
      533, 565, 532, -1,
      532, 565, 566, -1,
      532, 566, 531, -1,
      531, 566, 567, -1,
      531, 567, 534, -1,
      534, 567, 568, -1,
      534, 568, 535, -1,
      535, 568, 569, -1,
      535, 569, 536, -1,
      536, 569, 570, -1,
      536, 570, 546, -1,
      546, 570, 571, -1,
      546, 571, 505, -1,
      505, 571, 504, -1,
      505, 504, 32, -1,
      32, 504, 59, -1,
      115, 114, 558, -1,
      558, 114, 522, -1,
      558, 522, 559, -1,
      559, 522, 523, -1,
      559, 523, 560, -1,
      560, 523, 547, -1,
      560, 547, 561, -1,
      561, 547, 548, -1,
      561, 548, 562, -1,
      562, 548, 549, -1,
      562, 549, 563, -1,
      563, 549, 550, -1,
      563, 550, 564, -1,
      564, 550, 551, -1,
      564, 551, 565, -1,
      565, 551, 552, -1,
      565, 552, 566, -1,
      566, 552, 553, -1,
      566, 553, 567, -1,
      567, 553, 554, -1,
      567, 554, 568, -1,
      568, 554, 555, -1,
      568, 555, 569, -1,
      569, 555, 556, -1,
      569, 556, 570, -1,
      570, 556, 557, -1,
      570, 557, 571, -1,
      571, 557, 507, -1,
      571, 507, 504, -1,
      504, 507, 506, -1,
      504, 506, 33, -1,
      33, 506, 34, -1,
      572, 573, 574, -1,
      574, 573, 575, -1,
      574, 575, 576, -1,
      577, 578, 574, -1,
      574, 578, 579, -1,
      574, 579, 572, -1,
      580, 581, 574, -1,
      574, 581, 582, -1,
      574, 582, 577, -1,
      583, 584, 574, -1,
      574, 584, 585, -1,
      574, 585, 580, -1,
      586, 587, 574, -1,
      574, 587, 588, -1,
      574, 588, 583, -1,
      589, 590, 574, -1,
      574, 590, 591, -1,
      574, 591, 586, -1,
      592, 593, 574, -1,
      574, 593, 594, -1,
      574, 594, 589, -1,
      576, 595, 574, -1,
      574, 595, 596, -1,
      574, 596, 592, -1,
      597, 598, 599, -1,
      599, 598, 600, -1,
      599, 600, 601, -1,
      602, 603, 599, -1,
      599, 603, 604, -1,
      599, 604, 597, -1,
      605, 606, 599, -1,
      599, 606, 607, -1,
      599, 607, 602, -1,
      608, 609, 599, -1,
      599, 609, 610, -1,
      599, 610, 605, -1,
      611, 612, 599, -1,
      599, 612, 613, -1,
      599, 613, 608, -1,
      614, 615, 599, -1,
      599, 615, 616, -1,
      599, 616, 611, -1,
      617, 618, 599, -1,
      599, 618, 619, -1,
      599, 619, 614, -1,
      601, 620, 599, -1,
      599, 620, 621, -1,
      599, 621, 617, -1,
      216, 622, 182, -1,
      182, 622, 623, -1,
      182, 623, 181, -1,
      181, 623, 624, -1,
      181, 624, 180, -1,
      180, 624, 625, -1,
      180, 625, 213, -1,
      213, 625, 626, -1,
      213, 626, 212, -1,
      212, 626, 627, -1,
      212, 627, 183, -1,
      183, 627, 628, -1,
      183, 628, 209, -1,
      209, 628, 629, -1,
      209, 629, 210, -1,
      210, 629, 630, -1,
      210, 630, 211, -1,
      211, 630, 631, -1,
      211, 631, 190, -1,
      190, 631, 632, -1,
      190, 632, 191, -1,
      191, 632, 633, -1,
      191, 633, 159, -1,
      159, 633, 634, -1,
      159, 634, 160, -1,
      160, 634, 635, -1,
      160, 635, 173, -1,
      173, 635, 636, -1,
      173, 636, 174, -1,
      174, 636, 637, -1,
      174, 637, 175, -1,
      175, 637, 638, -1,
      175, 638, 176, -1,
      176, 638, 639, -1,
      176, 639, 177, -1,
      177, 639, 640, -1,
      177, 640, 192, -1,
      192, 640, 641, -1,
      192, 641, 193, -1,
      193, 641, 642, -1,
      193, 642, 194, -1,
      194, 642, 643, -1,
      194, 643, 195, -1,
      195, 643, 644, -1,
      195, 644, 215, -1,
      215, 644, 645, -1,
      215, 645, 216, -1,
      216, 645, 622, -1,
      646, 647, 648, -1,
      648, 647, 649, -1,
      648, 649, 650, -1,
      650, 649, 651, -1,
      650, 651, 652, -1,
      652, 651, 653, -1,
      652, 653, 654, -1,
      654, 653, 655, -1,
      654, 655, 656, -1,
      656, 655, 657, -1,
      656, 657, 658, -1,
      658, 657, 659, -1,
      658, 659, 660, -1,
      660, 659, 661, -1,
      660, 661, 662, -1,
      662, 661, 663, -1,
      662, 663, 664, -1,
      664, 663, 665, -1,
      664, 665, 666, -1,
      666, 665, 667, -1,
      666, 667, 668, -1,
      668, 667, 669, -1,
      668, 669, 670, -1,
      670, 669, 671, -1,
      670, 671, 672, -1,
      672, 671, 673, -1,
      672, 673, 674, -1,
      674, 673, 675, -1,
      674, 675, 676, -1,
      676, 675, 677, -1,
      676, 677, 678, -1,
      678, 677, 679, -1,
      678, 679, 680, -1,
      680, 679, 681, -1,
      680, 681, 682, -1,
      682, 681, 683, -1,
      682, 683, 684, -1,
      684, 683, 685, -1,
      684, 685, 686, -1,
      686, 685, 687, -1,
      686, 687, 688, -1,
      688, 687, 689, -1,
      688, 689, 690, -1,
      690, 689, 691, -1,
      690, 691, 692, -1,
      692, 691, 693, -1,
      692, 693, 646, -1,
      646, 693, 647, -1,
      669, 694, 671, -1,
      671, 694, 695, -1,
      671, 695, 673, -1,
      673, 695, 696, -1,
      673, 696, 675, -1,
      675, 696, 697, -1,
      675, 697, 677, -1,
      677, 697, 698, -1,
      677, 698, 679, -1,
      679, 698, 699, -1,
      679, 699, 681, -1,
      681, 699, 700, -1,
      681, 700, 683, -1,
      683, 700, 701, -1,
      683, 701, 685, -1,
      685, 701, 702, -1,
      685, 702, 687, -1,
      687, 702, 703, -1,
      687, 703, 689, -1,
      689, 703, 704, -1,
      689, 704, 691, -1,
      691, 704, 705, -1,
      691, 705, 693, -1,
      693, 705, 706, -1,
      693, 706, 647, -1,
      647, 706, 707, -1,
      647, 707, 649, -1,
      649, 707, 708, -1,
      649, 708, 651, -1,
      651, 708, 709, -1,
      651, 709, 653, -1,
      653, 709, 710, -1,
      653, 710, 655, -1,
      655, 710, 711, -1,
      655, 711, 657, -1,
      657, 711, 712, -1,
      657, 712, 659, -1,
      659, 712, 713, -1,
      659, 713, 661, -1,
      661, 713, 714, -1,
      661, 714, 663, -1,
      663, 714, 715, -1,
      663, 715, 665, -1,
      665, 715, 716, -1,
      665, 716, 667, -1,
      667, 716, 717, -1,
      667, 717, 669, -1,
      669, 717, 694, -1,
      694, 718, 695, -1,
      695, 718, 719, -1,
      695, 719, 696, -1,
      696, 719, 720, -1,
      696, 720, 697, -1,
      697, 720, 721, -1,
      697, 721, 698, -1,
      698, 721, 722, -1,
      698, 722, 699, -1,
      699, 722, 723, -1,
      699, 723, 700, -1,
      700, 723, 724, -1,
      700, 724, 701, -1,
      701, 724, 725, -1,
      701, 725, 702, -1,
      702, 725, 726, -1,
      702, 726, 703, -1,
      703, 726, 727, -1,
      703, 727, 704, -1,
      704, 727, 728, -1,
      704, 728, 705, -1,
      705, 728, 729, -1,
      705, 729, 706, -1,
      706, 729, 730, -1,
      706, 730, 707, -1,
      707, 730, 731, -1,
      707, 731, 708, -1,
      708, 731, 732, -1,
      708, 732, 709, -1,
      709, 732, 733, -1,
      709, 733, 710, -1,
      710, 733, 734, -1,
      710, 734, 711, -1,
      711, 734, 735, -1,
      711, 735, 712, -1,
      712, 735, 736, -1,
      712, 736, 713, -1,
      713, 736, 737, -1,
      713, 737, 714, -1,
      714, 737, 738, -1,
      714, 738, 715, -1,
      715, 738, 739, -1,
      715, 739, 716, -1,
      716, 739, 740, -1,
      716, 740, 717, -1,
      717, 740, 741, -1,
      717, 741, 694, -1,
      694, 741, 718, -1,
      718, 742, 719, -1,
      719, 742, 743, -1,
      719, 743, 720, -1,
      720, 743, 744, -1,
      720, 744, 721, -1,
      721, 744, 745, -1,
      721, 745, 722, -1,
      722, 745, 746, -1,
      722, 746, 723, -1,
      723, 746, 747, -1,
      723, 747, 724, -1,
      724, 747, 748, -1,
      724, 748, 725, -1,
      725, 748, 749, -1,
      725, 749, 726, -1,
      726, 749, 750, -1,
      726, 750, 727, -1,
      727, 750, 751, -1,
      727, 751, 728, -1,
      728, 751, 752, -1,
      728, 752, 729, -1,
      729, 752, 753, -1,
      729, 753, 730, -1,
      730, 753, 754, -1,
      730, 754, 731, -1,
      731, 754, 755, -1,
      731, 755, 732, -1,
      732, 755, 756, -1,
      732, 756, 733, -1,
      733, 756, 757, -1,
      733, 757, 734, -1,
      734, 757, 758, -1,
      734, 758, 735, -1,
      735, 758, 759, -1,
      735, 759, 736, -1,
      736, 759, 760, -1,
      736, 760, 737, -1,
      737, 760, 761, -1,
      737, 761, 738, -1,
      738, 761, 762, -1,
      738, 762, 739, -1,
      739, 762, 763, -1,
      739, 763, 740, -1,
      740, 763, 764, -1,
      740, 764, 741, -1,
      741, 764, 765, -1,
      741, 765, 718, -1,
      718, 765, 742, -1,
      742, 766, 743, -1,
      743, 766, 767, -1,
      743, 767, 744, -1,
      744, 767, 768, -1,
      744, 768, 745, -1,
      745, 768, 769, -1,
      745, 769, 746, -1,
      746, 769, 770, -1,
      746, 770, 747, -1,
      747, 770, 771, -1,
      747, 771, 748, -1,
      748, 771, 772, -1,
      748, 772, 749, -1,
      749, 772, 773, -1,
      749, 773, 750, -1,
      750, 773, 774, -1,
      750, 774, 751, -1,
      751, 774, 775, -1,
      751, 775, 752, -1,
      752, 775, 776, -1,
      752, 776, 753, -1,
      753, 776, 777, -1,
      753, 777, 754, -1,
      754, 777, 778, -1,
      754, 778, 755, -1,
      755, 778, 779, -1,
      755, 779, 756, -1,
      756, 779, 780, -1,
      756, 780, 757, -1,
      757, 780, 781, -1,
      757, 781, 758, -1,
      758, 781, 782, -1,
      758, 782, 759, -1,
      759, 782, 783, -1,
      759, 783, 760, -1,
      760, 783, 784, -1,
      760, 784, 761, -1,
      761, 784, 785, -1,
      761, 785, 762, -1,
      762, 785, 786, -1,
      762, 786, 763, -1,
      763, 786, 787, -1,
      763, 787, 764, -1,
      764, 787, 788, -1,
      764, 788, 765, -1,
      765, 788, 789, -1,
      765, 789, 742, -1,
      742, 789, 766, -1,
      766, 790, 767, -1,
      767, 790, 791, -1,
      767, 791, 768, -1,
      768, 791, 792, -1,
      768, 792, 769, -1,
      769, 792, 793, -1,
      769, 793, 770, -1,
      770, 793, 794, -1,
      770, 794, 771, -1,
      771, 794, 795, -1,
      771, 795, 772, -1,
      772, 795, 796, -1,
      772, 796, 773, -1,
      773, 796, 797, -1,
      773, 797, 774, -1,
      774, 797, 798, -1,
      774, 798, 775, -1,
      775, 798, 799, -1,
      775, 799, 776, -1,
      776, 799, 800, -1,
      776, 800, 777, -1,
      777, 800, 801, -1,
      777, 801, 778, -1,
      778, 801, 802, -1,
      778, 802, 779, -1,
      779, 802, 803, -1,
      779, 803, 780, -1,
      780, 803, 804, -1,
      780, 804, 781, -1,
      781, 804, 805, -1,
      781, 805, 782, -1,
      782, 805, 806, -1,
      782, 806, 783, -1,
      783, 806, 807, -1,
      783, 807, 784, -1,
      784, 807, 808, -1,
      784, 808, 785, -1,
      785, 808, 809, -1,
      785, 809, 786, -1,
      786, 809, 810, -1,
      786, 810, 787, -1,
      787, 810, 811, -1,
      787, 811, 788, -1,
      788, 811, 812, -1,
      788, 812, 789, -1,
      789, 812, 813, -1,
      789, 813, 766, -1,
      766, 813, 790, -1,
      790, 814, 791, -1,
      791, 814, 815, -1,
      791, 815, 792, -1,
      792, 815, 816, -1,
      792, 816, 793, -1,
      793, 816, 817, -1,
      793, 817, 794, -1,
      794, 817, 818, -1,
      794, 818, 795, -1,
      795, 818, 819, -1,
      795, 819, 796, -1,
      796, 819, 820, -1,
      796, 820, 797, -1,
      797, 820, 821, -1,
      797, 821, 798, -1,
      798, 821, 822, -1,
      798, 822, 799, -1,
      799, 822, 823, -1,
      799, 823, 800, -1,
      800, 823, 824, -1,
      800, 824, 801, -1,
      801, 824, 825, -1,
      801, 825, 802, -1,
      802, 825, 826, -1,
      802, 826, 803, -1,
      803, 826, 827, -1,
      803, 827, 804, -1,
      804, 827, 828, -1,
      804, 828, 805, -1,
      805, 828, 829, -1,
      805, 829, 806, -1,
      806, 829, 830, -1,
      806, 830, 807, -1,
      807, 830, 831, -1,
      807, 831, 808, -1,
      808, 831, 832, -1,
      808, 832, 809, -1,
      809, 832, 833, -1,
      809, 833, 810, -1,
      810, 833, 834, -1,
      810, 834, 811, -1,
      811, 834, 835, -1,
      811, 835, 812, -1,
      812, 835, 836, -1,
      812, 836, 813, -1,
      813, 836, 837, -1,
      813, 837, 790, -1,
      790, 837, 814, -1,
      814, 838, 815, -1,
      815, 838, 839, -1,
      815, 839, 816, -1,
      816, 839, 840, -1,
      816, 840, 817, -1,
      817, 840, 841, -1,
      817, 841, 818, -1,
      818, 841, 842, -1,
      818, 842, 819, -1,
      819, 842, 843, -1,
      819, 843, 820, -1,
      820, 843, 844, -1,
      820, 844, 821, -1,
      821, 844, 845, -1,
      821, 845, 822, -1,
      822, 845, 846, -1,
      822, 846, 823, -1,
      823, 846, 847, -1,
      823, 847, 824, -1,
      824, 847, 848, -1,
      824, 848, 825, -1,
      825, 848, 849, -1,
      825, 849, 826, -1,
      826, 849, 850, -1,
      826, 850, 827, -1,
      827, 850, 851, -1,
      827, 851, 828, -1,
      828, 851, 852, -1,
      828, 852, 829, -1,
      829, 852, 853, -1,
      829, 853, 830, -1,
      830, 853, 854, -1,
      830, 854, 831, -1,
      831, 854, 855, -1,
      831, 855, 832, -1,
      832, 855, 856, -1,
      832, 856, 833, -1,
      833, 856, 857, -1,
      833, 857, 834, -1,
      834, 857, 858, -1,
      834, 858, 835, -1,
      835, 858, 859, -1,
      835, 859, 836, -1,
      836, 859, 860, -1,
      836, 860, 837, -1,
      837, 860, 861, -1,
      837, 861, 814, -1,
      814, 861, 838, -1,
      251, 142, 855, -1,
      855, 854, 251, -1,
      251, 854, 853, -1,
      251, 853, 252, -1,
      252, 853, 852, -1,
      252, 852, 253, -1,
      253, 852, 851, -1,
      253, 851, 254, -1,
      254, 851, 850, -1,
      254, 850, 255, -1,
      255, 850, 849, -1,
      255, 849, 249, -1,
      249, 849, 848, -1,
      249, 848, 250, -1,
      250, 848, 847, -1,
      250, 847, 257, -1,
      257, 847, 846, -1,
      257, 846, 256, -1,
      256, 846, 158, -1,
      158, 846, 845, -1,
      158, 845, 78, -1,
      862, 844, 843, -1,
      842, 863, 843, -1,
      843, 863, 864, -1,
      843, 864, 862, -1,
      841, 865, 842, -1,
      842, 865, 866, -1,
      842, 866, 863, -1,
      840, 867, 841, -1,
      841, 867, 868, -1,
      841, 868, 865, -1,
      839, 869, 840, -1,
      840, 869, 870, -1,
      840, 870, 867, -1,
      871, 872, 838, -1,
      838, 872, 873, -1,
      838, 873, 839, -1,
      839, 873, 874, -1,
      839, 874, 869, -1,
      871, 838, 875, -1,
      875, 838, 861, -1,
      875, 861, 876, -1,
      876, 861, 877, -1,
      877, 861, 860, -1,
      877, 860, 878, -1,
      878, 860, 879, -1,
      879, 860, 859, -1,
      879, 859, 880, -1,
      880, 859, 858, -1,
      880, 858, 881, -1,
      881, 858, 882, -1,
      882, 858, 857, -1,
      882, 857, 883, -1,
      883, 857, 884, -1,
      884, 857, 856, -1,
      884, 856, 885, -1,
      885, 856, 886, -1,
      886, 856, 855, -1,
      886, 855, 887, -1,
      887, 855, 142, -1,
      887, 142, 143, -1,
      862, 888, 844, -1,
      844, 888, 889, -1,
      844, 889, 845, -1,
      845, 889, 890, -1,
      845, 890, 78, -1,
      107, 106, 891, -1,
      124, 153, 892, -1,
      78, 890, 79, -1,
      79, 890, 893, -1,
      79, 893, 80, -1,
      124, 892, 152, -1,
      120, 894, 121, -1,
      121, 894, 895, -1,
      121, 895, 122, -1,
      123, 896, 97, -1,
      97, 896, 897, -1,
      97, 897, 125, -1,
      126, 898, 127, -1,
      127, 898, 899, -1,
      127, 899, 82, -1,
      21, 15, 900, -1,
      900, 15, 14, -1,
      900, 14, 899, -1,
      899, 14, 81, -1,
      899, 81, 82, -1,
      21, 900, 22, -1,
      22, 900, 901, -1,
      22, 901, 23, -1,
      23, 901, 27, -1,
      27, 901, 902, -1,
      27, 902, 28, -1,
      28, 902, 29, -1,
      29, 902, 903, -1,
      29, 903, 64, -1,
      904, 66, 903, -1,
      903, 66, 65, -1,
      903, 65, 64, -1,
      104, 147, 905, -1,
      905, 147, 146, -1,
      905, 146, 904, -1,
      904, 146, 145, -1,
      904, 145, 66, -1,
      891, 106, 905, -1,
      905, 106, 105, -1,
      905, 105, 104, -1,
      129, 128, 906, -1,
      906, 128, 86, -1,
      906, 86, 907, -1,
      907, 86, 84, -1,
      84, 83, 907, -1,
      907, 83, 109, -1,
      907, 109, 891, -1,
      891, 109, 108, -1,
      891, 108, 107, -1,
      135, 133, 908, -1,
      908, 133, 131, -1,
      908, 131, 909, -1,
      98, 141, 910, -1,
      910, 141, 140, -1,
      910, 140, 911, -1,
      100, 912, 144, -1,
      144, 912, 887, -1,
      144, 887, 143, -1,
      913, 885, 912, -1,
      912, 885, 886, -1,
      912, 886, 887, -1,
      914, 883, 913, -1,
      913, 883, 884, -1,
      913, 884, 885, -1,
      915, 881, 914, -1,
      914, 881, 882, -1,
      914, 882, 883, -1,
      916, 879, 915, -1,
      915, 879, 880, -1,
      915, 880, 881, -1,
      917, 877, 916, -1,
      916, 877, 878, -1,
      916, 878, 879, -1,
      918, 875, 917, -1,
      917, 875, 876, -1,
      917, 876, 877, -1,
      919, 874, 920, -1,
      920, 874, 873, -1,
      920, 873, 921, -1,
      921, 873, 872, -1,
      921, 872, 918, -1,
      918, 872, 871, -1,
      918, 871, 875, -1,
      922, 870, 919, -1,
      919, 870, 869, -1,
      919, 869, 874, -1,
      923, 868, 922, -1,
      922, 868, 867, -1,
      922, 867, 870, -1,
      924, 866, 923, -1,
      923, 866, 865, -1,
      923, 865, 868, -1,
      131, 129, 909, -1,
      909, 129, 906, -1,
      909, 906, 925, -1,
      925, 906, 907, -1,
      925, 907, 926, -1,
      926, 907, 891, -1,
      926, 891, 927, -1,
      927, 891, 905, -1,
      927, 905, 928, -1,
      928, 905, 904, -1,
      928, 904, 929, -1,
      929, 904, 903, -1,
      929, 903, 930, -1,
      930, 903, 902, -1,
      930, 902, 931, -1,
      931, 902, 901, -1,
      931, 901, 932, -1,
      932, 901, 900, -1,
      932, 900, 933, -1,
      933, 900, 899, -1,
      933, 899, 897, -1,
      897, 899, 898, -1,
      897, 898, 125, -1,
      125, 898, 126, -1,
      934, 864, 924, -1,
      924, 864, 863, -1,
      924, 863, 866, -1,
      140, 135, 911, -1,
      911, 135, 908, -1,
      911, 908, 935, -1,
      935, 908, 909, -1,
      935, 909, 936, -1,
      936, 909, 925, -1,
      936, 925, 937, -1,
      937, 925, 926, -1,
      937, 926, 938, -1,
      938, 926, 927, -1,
      938, 927, 939, -1,
      939, 927, 928, -1,
      939, 928, 940, -1,
      940, 928, 929, -1,
      940, 929, 941, -1,
      941, 929, 930, -1,
      941, 930, 942, -1,
      942, 930, 931, -1,
      942, 931, 943, -1,
      943, 931, 932, -1,
      943, 932, 944, -1,
      944, 932, 933, -1,
      944, 933, 945, -1,
      945, 933, 897, -1,
      945, 897, 895, -1,
      895, 897, 896, -1,
      895, 896, 122, -1,
      122, 896, 123, -1,
      890, 889, 893, -1,
      893, 889, 888, -1,
      893, 888, 934, -1,
      934, 888, 862, -1,
      934, 862, 864, -1,
      100, 99, 912, -1,
      912, 99, 946, -1,
      912, 946, 913, -1,
      913, 946, 947, -1,
      913, 947, 914, -1,
      914, 947, 948, -1,
      914, 948, 915, -1,
      915, 948, 949, -1,
      915, 949, 916, -1,
      916, 949, 950, -1,
      916, 950, 917, -1,
      917, 950, 951, -1,
      917, 951, 918, -1,
      918, 951, 952, -1,
      918, 952, 921, -1,
      921, 952, 953, -1,
      921, 953, 920, -1,
      920, 953, 954, -1,
      920, 954, 919, -1,
      919, 954, 955, -1,
      919, 955, 922, -1,
      922, 955, 956, -1,
      922, 956, 923, -1,
      923, 956, 957, -1,
      923, 957, 924, -1,
      924, 957, 958, -1,
      924, 958, 934, -1,
      934, 958, 959, -1,
      934, 959, 893, -1,
      893, 959, 892, -1,
      893, 892, 80, -1,
      80, 892, 153, -1,
      99, 98, 946, -1,
      946, 98, 910, -1,
      946, 910, 947, -1,
      947, 910, 911, -1,
      947, 911, 948, -1,
      948, 911, 935, -1,
      948, 935, 949, -1,
      949, 935, 936, -1,
      949, 936, 950, -1,
      950, 936, 937, -1,
      950, 937, 951, -1,
      951, 937, 938, -1,
      951, 938, 952, -1,
      952, 938, 939, -1,
      952, 939, 953, -1,
      953, 939, 940, -1,
      953, 940, 954, -1,
      954, 940, 941, -1,
      954, 941, 955, -1,
      955, 941, 942, -1,
      955, 942, 956, -1,
      956, 942, 943, -1,
      956, 943, 957, -1,
      957, 943, 944, -1,
      957, 944, 958, -1,
      958, 944, 945, -1,
      958, 945, 959, -1,
      959, 945, 895, -1,
      959, 895, 892, -1,
      892, 895, 894, -1,
      892, 894, 152, -1,
      152, 894, 120, -1,
      960, 961, 962, -1,
      962, 961, 963, -1,
      962, 963, 964, -1,
      965, 966, 962, -1,
      962, 966, 967, -1,
      962, 967, 960, -1,
      968, 969, 962, -1,
      962, 969, 970, -1,
      962, 970, 965, -1,
      971, 972, 962, -1,
      962, 972, 973, -1,
      962, 973, 968, -1,
      974, 975, 962, -1,
      962, 975, 976, -1,
      962, 976, 971, -1,
      977, 978, 962, -1,
      962, 978, 979, -1,
      962, 979, 974, -1,
      980, 981, 962, -1,
      962, 981, 982, -1,
      962, 982, 977, -1,
      964, 983, 962, -1,
      962, 983, 984, -1,
      962, 984, 980, -1,
      985, 986, 987, -1,
      987, 986, 988, -1,
      987, 988, 989, -1,
      990, 991, 987, -1,
      987, 991, 992, -1,
      987, 992, 985, -1,
      993, 994, 987, -1,
      987, 994, 995, -1,
      987, 995, 990, -1,
      996, 997, 987, -1,
      987, 997, 998, -1,
      987, 998, 993, -1,
      999, 1000, 987, -1,
      987, 1000, 1001, -1,
      987, 1001, 996, -1,
      1002, 1003, 987, -1,
      987, 1003, 1004, -1,
      987, 1004, 999, -1,
      1005, 1006, 987, -1,
      987, 1006, 1007, -1,
      987, 1007, 1002, -1,
      989, 1008, 987, -1,
      987, 1008, 1009, -1,
      987, 1009, 1005, -1,
      221, 1010, 163, -1,
      163, 1010, 1011, -1,
      163, 1011, 185, -1,
      185, 1011, 1012, -1,
      185, 1012, 186, -1,
      186, 1012, 1013, -1,
      186, 1013, 187, -1,
      187, 1013, 1014, -1,
      187, 1014, 188, -1,
      188, 1014, 1015, -1,
      188, 1015, 189, -1,
      189, 1015, 1016, -1,
      189, 1016, 199, -1,
      199, 1016, 1017, -1,
      199, 1017, 200, -1,
      200, 1017, 1018, -1,
      200, 1018, 201, -1,
      201, 1018, 1019, -1,
      201, 1019, 202, -1,
      202, 1019, 1020, -1,
      202, 1020, 230, -1,
      230, 1020, 1021, -1,
      230, 1021, 224, -1,
      224, 1021, 1022, -1,
      224, 1022, 222, -1,
      222, 1022, 1023, -1,
      222, 1023, 223, -1,
      223, 1023, 1024, -1,
      223, 1024, 220, -1,
      220, 1024, 1025, -1,
      220, 1025, 229, -1,
      229, 1025, 1026, -1,
      229, 1026, 228, -1,
      228, 1026, 1027, -1,
      228, 1027, 214, -1,
      214, 1027, 1028, -1,
      214, 1028, 225, -1,
      225, 1028, 1029, -1,
      225, 1029, 226, -1,
      226, 1029, 1030, -1,
      226, 1030, 227, -1,
      227, 1030, 1031, -1,
      227, 1031, 196, -1,
      196, 1031, 1032, -1,
      196, 1032, 197, -1,
      197, 1032, 1033, -1,
      197, 1033, 221, -1,
      221, 1033, 1010, -1,
      1034, 1035, 1036, -1,
      1036, 1035, 1037, -1,
      1036, 1037, 1038, -1,
      1038, 1037, 1039, -1,
      1038, 1039, 1040, -1,
      1040, 1039, 1041, -1,
      1040, 1041, 1042, -1,
      1042, 1041, 1043, -1,
      1042, 1043, 1044, -1,
      1044, 1043, 1045, -1,
      1044, 1045, 1046, -1,
      1046, 1045, 1047, -1,
      1046, 1047, 1048, -1,
      1048, 1047, 1049, -1,
      1048, 1049, 1050, -1,
      1050, 1049, 1051, -1,
      1050, 1051, 1052, -1,
      1052, 1051, 1053, -1,
      1052, 1053, 1054, -1,
      1054, 1053, 1055, -1,
      1054, 1055, 1056, -1,
      1056, 1055, 1057, -1,
      1056, 1057, 1058, -1,
      1058, 1057, 1059, -1,
      1058, 1059, 1060, -1,
      1060, 1059, 1061, -1,
      1060, 1061, 1062, -1,
      1062, 1061, 1063, -1,
      1062, 1063, 1064, -1,
      1064, 1063, 1065, -1,
      1064, 1065, 1066, -1,
      1066, 1065, 1067, -1,
      1066, 1067, 1068, -1,
      1068, 1067, 1069, -1,
      1068, 1069, 1070, -1,
      1070, 1069, 1071, -1,
      1070, 1071, 1072, -1,
      1072, 1071, 1073, -1,
      1072, 1073, 1074, -1,
      1074, 1073, 1075, -1,
      1074, 1075, 1076, -1,
      1076, 1075, 1077, -1,
      1076, 1077, 1078, -1,
      1078, 1077, 1079, -1,
      1078, 1079, 1080, -1,
      1080, 1079, 1081, -1,
      1080, 1081, 1034, -1,
      1034, 1081, 1035, -1,
      1057, 1082, 1059, -1,
      1059, 1082, 1083, -1,
      1059, 1083, 1061, -1,
      1061, 1083, 1084, -1,
      1061, 1084, 1063, -1,
      1063, 1084, 1085, -1,
      1063, 1085, 1065, -1,
      1065, 1085, 1086, -1,
      1065, 1086, 1067, -1,
      1067, 1086, 1087, -1,
      1067, 1087, 1069, -1,
      1069, 1087, 1088, -1,
      1069, 1088, 1071, -1,
      1071, 1088, 1089, -1,
      1071, 1089, 1073, -1,
      1073, 1089, 1090, -1,
      1073, 1090, 1075, -1,
      1075, 1090, 1091, -1,
      1075, 1091, 1077, -1,
      1077, 1091, 1092, -1,
      1077, 1092, 1079, -1,
      1079, 1092, 1093, -1,
      1079, 1093, 1081, -1,
      1081, 1093, 1094, -1,
      1081, 1094, 1035, -1,
      1035, 1094, 1095, -1,
      1035, 1095, 1037, -1,
      1037, 1095, 1096, -1,
      1037, 1096, 1039, -1,
      1039, 1096, 1097, -1,
      1039, 1097, 1041, -1,
      1041, 1097, 1098, -1,
      1041, 1098, 1043, -1,
      1043, 1098, 1099, -1,
      1043, 1099, 1045, -1,
      1045, 1099, 1100, -1,
      1045, 1100, 1047, -1,
      1047, 1100, 1101, -1,
      1047, 1101, 1049, -1,
      1049, 1101, 1102, -1,
      1049, 1102, 1051, -1,
      1051, 1102, 1103, -1,
      1051, 1103, 1053, -1,
      1053, 1103, 1104, -1,
      1053, 1104, 1055, -1,
      1055, 1104, 1105, -1,
      1055, 1105, 1057, -1,
      1057, 1105, 1082, -1,
      1082, 1106, 1083, -1,
      1083, 1106, 1107, -1,
      1083, 1107, 1084, -1,
      1084, 1107, 1108, -1,
      1084, 1108, 1085, -1,
      1085, 1108, 1109, -1,
      1085, 1109, 1086, -1,
      1086, 1109, 1110, -1,
      1086, 1110, 1087, -1,
      1087, 1110, 1111, -1,
      1087, 1111, 1088, -1,
      1088, 1111, 1112, -1,
      1088, 1112, 1089, -1,
      1089, 1112, 1113, -1,
      1089, 1113, 1090, -1,
      1090, 1113, 1114, -1,
      1090, 1114, 1091, -1,
      1091, 1114, 1115, -1,
      1091, 1115, 1092, -1,
      1092, 1115, 1116, -1,
      1092, 1116, 1093, -1,
      1093, 1116, 1117, -1,
      1093, 1117, 1094, -1,
      1094, 1117, 1118, -1,
      1094, 1118, 1095, -1,
      1095, 1118, 1119, -1,
      1095, 1119, 1096, -1,
      1096, 1119, 1120, -1,
      1096, 1120, 1097, -1,
      1097, 1120, 1121, -1,
      1097, 1121, 1098, -1,
      1098, 1121, 1122, -1,
      1098, 1122, 1099, -1,
      1099, 1122, 1123, -1,
      1099, 1123, 1100, -1,
      1100, 1123, 1124, -1,
      1100, 1124, 1101, -1,
      1101, 1124, 1125, -1,
      1101, 1125, 1102, -1,
      1102, 1125, 1126, -1,
      1102, 1126, 1103, -1,
      1103, 1126, 1127, -1,
      1103, 1127, 1104, -1,
      1104, 1127, 1128, -1,
      1104, 1128, 1105, -1,
      1105, 1128, 1129, -1,
      1105, 1129, 1082, -1,
      1082, 1129, 1106, -1,
      1106, 1130, 1107, -1,
      1107, 1130, 1131, -1,
      1107, 1131, 1108, -1,
      1108, 1131, 1132, -1,
      1108, 1132, 1109, -1,
      1109, 1132, 1133, -1,
      1109, 1133, 1110, -1,
      1110, 1133, 1134, -1,
      1110, 1134, 1111, -1,
      1111, 1134, 1135, -1,
      1111, 1135, 1112, -1,
      1112, 1135, 1136, -1,
      1112, 1136, 1113, -1,
      1113, 1136, 1137, -1,
      1113, 1137, 1114, -1,
      1114, 1137, 1138, -1,
      1114, 1138, 1115, -1,
      1115, 1138, 1139, -1,
      1115, 1139, 1116, -1,
      1116, 1139, 1140, -1,
      1116, 1140, 1117, -1,
      1117, 1140, 1141, -1,
      1117, 1141, 1118, -1,
      1118, 1141, 1142, -1,
      1118, 1142, 1119, -1,
      1119, 1142, 1143, -1,
      1119, 1143, 1120, -1,
      1120, 1143, 1144, -1,
      1120, 1144, 1121, -1,
      1121, 1144, 1145, -1,
      1121, 1145, 1122, -1,
      1122, 1145, 1146, -1,
      1122, 1146, 1123, -1,
      1123, 1146, 1147, -1,
      1123, 1147, 1124, -1,
      1124, 1147, 1148, -1,
      1124, 1148, 1125, -1,
      1125, 1148, 1149, -1,
      1125, 1149, 1126, -1,
      1126, 1149, 1150, -1,
      1126, 1150, 1127, -1,
      1127, 1150, 1151, -1,
      1127, 1151, 1128, -1,
      1128, 1151, 1152, -1,
      1128, 1152, 1129, -1,
      1129, 1152, 1153, -1,
      1129, 1153, 1106, -1,
      1106, 1153, 1130, -1,
      1130, 1154, 1131, -1,
      1131, 1154, 1155, -1,
      1131, 1155, 1132, -1,
      1132, 1155, 1156, -1,
      1132, 1156, 1133, -1,
      1133, 1156, 1157, -1,
      1133, 1157, 1134, -1,
      1134, 1157, 1158, -1,
      1134, 1158, 1135, -1,
      1135, 1158, 1159, -1,
      1135, 1159, 1136, -1,
      1136, 1159, 1160, -1,
      1136, 1160, 1137, -1,
      1137, 1160, 1161, -1,
      1137, 1161, 1138, -1,
      1138, 1161, 1162, -1,
      1138, 1162, 1139, -1,
      1139, 1162, 1163, -1,
      1139, 1163, 1140, -1,
      1140, 1163, 1164, -1,
      1140, 1164, 1141, -1,
      1141, 1164, 1165, -1,
      1141, 1165, 1142, -1,
      1142, 1165, 1166, -1,
      1142, 1166, 1143, -1,
      1143, 1166, 1167, -1,
      1143, 1167, 1144, -1,
      1144, 1167, 1168, -1,
      1144, 1168, 1145, -1,
      1145, 1168, 1169, -1,
      1145, 1169, 1146, -1,
      1146, 1169, 1170, -1,
      1146, 1170, 1147, -1,
      1147, 1170, 1171, -1,
      1147, 1171, 1148, -1,
      1148, 1171, 1172, -1,
      1148, 1172, 1149, -1,
      1149, 1172, 1173, -1,
      1149, 1173, 1150, -1,
      1150, 1173, 1174, -1,
      1150, 1174, 1151, -1,
      1151, 1174, 1175, -1,
      1151, 1175, 1152, -1,
      1152, 1175, 1176, -1,
      1152, 1176, 1153, -1,
      1153, 1176, 1177, -1,
      1153, 1177, 1130, -1,
      1130, 1177, 1154, -1,
      1154, 1178, 1155, -1,
      1155, 1178, 1179, -1,
      1155, 1179, 1156, -1,
      1156, 1179, 1180, -1,
      1156, 1180, 1157, -1,
      1157, 1180, 1181, -1,
      1157, 1181, 1158, -1,
      1158, 1181, 1182, -1,
      1158, 1182, 1159, -1,
      1159, 1182, 1183, -1,
      1159, 1183, 1160, -1,
      1160, 1183, 1184, -1,
      1160, 1184, 1161, -1,
      1161, 1184, 1185, -1,
      1161, 1185, 1162, -1,
      1162, 1185, 1186, -1,
      1162, 1186, 1163, -1,
      1163, 1186, 1187, -1,
      1163, 1187, 1164, -1,
      1164, 1187, 1188, -1,
      1164, 1188, 1165, -1,
      1165, 1188, 1189, -1,
      1165, 1189, 1166, -1,
      1166, 1189, 1190, -1,
      1166, 1190, 1167, -1,
      1167, 1190, 1191, -1,
      1167, 1191, 1168, -1,
      1168, 1191, 1192, -1,
      1168, 1192, 1169, -1,
      1169, 1192, 1193, -1,
      1169, 1193, 1170, -1,
      1170, 1193, 1194, -1,
      1170, 1194, 1171, -1,
      1171, 1194, 1195, -1,
      1171, 1195, 1172, -1,
      1172, 1195, 1196, -1,
      1172, 1196, 1173, -1,
      1173, 1196, 1197, -1,
      1173, 1197, 1174, -1,
      1174, 1197, 1198, -1,
      1174, 1198, 1175, -1,
      1175, 1198, 1199, -1,
      1175, 1199, 1176, -1,
      1176, 1199, 1200, -1,
      1176, 1200, 1177, -1,
      1177, 1200, 1201, -1,
      1177, 1201, 1154, -1,
      1154, 1201, 1178, -1,
      1178, 1202, 1179, -1,
      1179, 1202, 1203, -1,
      1179, 1203, 1180, -1,
      1180, 1203, 1204, -1,
      1180, 1204, 1181, -1,
      1181, 1204, 1205, -1,
      1181, 1205, 1182, -1,
      1182, 1205, 1206, -1,
      1182, 1206, 1183, -1,
      1183, 1206, 1207, -1,
      1183, 1207, 1184, -1,
      1184, 1207, 1208, -1,
      1184, 1208, 1185, -1,
      1185, 1208, 1209, -1,
      1185, 1209, 1186, -1,
      1186, 1209, 1210, -1,
      1186, 1210, 1187, -1,
      1187, 1210, 1211, -1,
      1187, 1211, 1188, -1,
      1188, 1211, 1212, -1,
      1188, 1212, 1189, -1,
      1189, 1212, 1213, -1,
      1189, 1213, 1190, -1,
      1190, 1213, 1214, -1,
      1190, 1214, 1191, -1,
      1191, 1214, 1215, -1,
      1191, 1215, 1192, -1,
      1192, 1215, 1216, -1,
      1192, 1216, 1193, -1,
      1193, 1216, 1217, -1,
      1193, 1217, 1194, -1,
      1194, 1217, 1218, -1,
      1194, 1218, 1195, -1,
      1195, 1218, 1219, -1,
      1195, 1219, 1196, -1,
      1196, 1219, 1220, -1,
      1196, 1220, 1197, -1,
      1197, 1220, 1221, -1,
      1197, 1221, 1198, -1,
      1198, 1221, 1222, -1,
      1198, 1222, 1199, -1,
      1199, 1222, 1223, -1,
      1199, 1223, 1200, -1,
      1200, 1223, 1224, -1,
      1200, 1224, 1201, -1,
      1201, 1224, 1225, -1,
      1201, 1225, 1178, -1,
      1178, 1225, 1202, -1,
      1202, 1226, 1203, -1,
      1203, 1226, 1227, -1,
      1203, 1227, 1204, -1,
      1204, 1227, 1228, -1,
      1204, 1228, 1205, -1,
      1205, 1228, 1229, -1,
      1205, 1229, 1206, -1,
      1206, 1229, 1230, -1,
      1206, 1230, 1207, -1,
      1207, 1230, 1231, -1,
      1207, 1231, 1208, -1,
      1208, 1231, 1232, -1,
      1208, 1232, 1209, -1,
      1209, 1232, 1233, -1,
      1209, 1233, 1210, -1,
      1210, 1233, 1234, -1,
      1210, 1234, 1211, -1,
      1211, 1234, 1235, -1,
      1211, 1235, 1212, -1,
      1212, 1235, 1236, -1,
      1212, 1236, 1213, -1,
      1213, 1236, 1237, -1,
      1213, 1237, 1214, -1,
      1214, 1237, 1238, -1,
      1214, 1238, 1215, -1,
      1215, 1238, 1239, -1,
      1215, 1239, 1216, -1,
      1216, 1239, 1240, -1,
      1216, 1240, 1217, -1,
      1217, 1240, 1241, -1,
      1217, 1241, 1218, -1,
      1218, 1241, 1242, -1,
      1218, 1242, 1219, -1,
      1219, 1242, 1243, -1,
      1219, 1243, 1220, -1,
      1220, 1243, 1244, -1,
      1220, 1244, 1221, -1,
      1221, 1244, 1245, -1,
      1221, 1245, 1222, -1,
      1222, 1245, 1246, -1,
      1222, 1246, 1223, -1,
      1223, 1246, 1247, -1,
      1223, 1247, 1224, -1,
      1224, 1247, 1248, -1,
      1224, 1248, 1225, -1,
      1225, 1248, 1249, -1,
      1225, 1249, 1202, -1,
      1202, 1249, 1226, -1,
      248, 57, 1243, -1,
      1243, 1242, 248, -1,
      248, 1242, 1241, -1,
      248, 1241, 242, -1,
      242, 1241, 1240, -1,
      242, 1240, 243, -1,
      243, 1240, 1239, -1,
      243, 1239, 244, -1,
      244, 1239, 1238, -1,
      244, 1238, 245, -1,
      245, 1238, 1237, -1,
      245, 1237, 240, -1,
      240, 1237, 1236, -1,
      240, 1236, 241, -1,
      241, 1236, 1235, -1,
      241, 1235, 247, -1,
      247, 1235, 1234, -1,
      247, 1234, 246, -1,
      246, 1234, 137, -1,
      137, 1234, 1233, -1,
      137, 1233, 138, -1,
      1250, 1232, 1231, -1,
      1230, 1251, 1231, -1,
      1231, 1251, 1252, -1,
      1231, 1252, 1250, -1,
      1229, 1253, 1230, -1,
      1230, 1253, 1254, -1,
      1230, 1254, 1251, -1,
      1228, 1255, 1229, -1,
      1229, 1255, 1256, -1,
      1229, 1256, 1253, -1,
      1227, 1257, 1228, -1,
      1228, 1257, 1258, -1,
      1228, 1258, 1255, -1,
      1259, 1260, 1226, -1,
      1226, 1260, 1261, -1,
      1226, 1261, 1227, -1,
      1227, 1261, 1262, -1,
      1227, 1262, 1257, -1,
      1259, 1226, 1263, -1,
      1263, 1226, 1249, -1,
      1263, 1249, 1264, -1,
      1264, 1249, 1265, -1,
      1265, 1249, 1248, -1,
      1265, 1248, 1266, -1,
      1266, 1248, 1267, -1,
      1267, 1248, 1247, -1,
      1267, 1247, 1268, -1,
      1268, 1247, 1246, -1,
      1268, 1246, 1269, -1,
      1269, 1246, 1270, -1,
      1270, 1246, 1245, -1,
      1270, 1245, 1271, -1,
      1271, 1245, 1272, -1,
      1272, 1245, 1244, -1,
      1272, 1244, 1273, -1,
      1273, 1244, 1274, -1,
      1274, 1244, 1243, -1,
      1274, 1243, 1275, -1,
      1275, 1243, 57, -1,
      1275, 57, 56, -1,
      1250, 1276, 1232, -1,
      1232, 1276, 1277, -1,
      1232, 1277, 1233, -1,
      1233, 1277, 1278, -1,
      1233, 1278, 138, -1,
      53, 42, 1279, -1,
      52, 51, 1280, -1,
      138, 1278, 155, -1,
      155, 1278, 1281, -1,
      155, 1281, 154, -1,
      52, 1280, 139, -1,
      136, 1282, 134, -1,
      134, 1282, 1283, -1,
      134, 1283, 132, -1,
      130, 1284, 85, -1,
      85, 1284, 1285, -1,
      85, 1285, 101, -1,
      102, 1286, 103, -1,
      103, 1286, 1287, -1,
      103, 1287, 68, -1,
      16, 10, 1288, -1,
      1288, 10, 9, -1,
      1288, 9, 1287, -1,
      1287, 9, 67, -1,
      1287, 67, 68, -1,
      16, 1288, 17, -1,
      17, 1288, 1289, -1,
      17, 1289, 0, -1,
      0, 1289, 1, -1,
      1, 1289, 1290, -1,
      1, 1290, 11, -1,
      11, 1290, 12, -1,
      12, 1290, 1291, -1,
      12, 1291, 13, -1,
      1292, 5, 1291, -1,
      1291, 5, 4, -1,
      1291, 4, 13, -1,
      40, 20, 1293, -1,
      1293, 20, 19, -1,
      1293, 19, 1292, -1,
      1292, 19, 18, -1,
      1292, 18, 5, -1,
      1279, 42, 1293, -1,
      1293, 42, 41, -1,
      1293, 41, 40, -1,
      88, 87, 1294, -1,
      1294, 87, 71, -1,
      1294, 71, 1295, -1,
      1295, 71, 70, -1,
      70, 69, 1295, -1,
      1295, 69, 55, -1,
      1295, 55, 1279, -1,
      1279, 55, 54, -1,
      1279, 54, 53, -1,
      47, 46, 1296, -1,
      1296, 46, 45, -1,
      1296, 45, 1297, -1,
      90, 89, 1298, -1,
      1298, 89, 48, -1,
      1298, 48, 1299, -1,
      92, 1300, 93, -1,
      93, 1300, 1275, -1,
      93, 1275, 56, -1,
      1301, 1273, 1300, -1,
      1300, 1273, 1274, -1,
      1300, 1274, 1275, -1,
      1302, 1271, 1301, -1,
      1301, 1271, 1272, -1,
      1301, 1272, 1273, -1,
      1303, 1269, 1302, -1,
      1302, 1269, 1270, -1,
      1302, 1270, 1271, -1,
      1304, 1267, 1303, -1,
      1303, 1267, 1268, -1,
      1303, 1268, 1269, -1,
      1305, 1265, 1304, -1,
      1304, 1265, 1266, -1,
      1304, 1266, 1267, -1,
      1306, 1263, 1305, -1,
      1305, 1263, 1264, -1,
      1305, 1264, 1265, -1,
      1307, 1262, 1308, -1,
      1308, 1262, 1261, -1,
      1308, 1261, 1309, -1,
      1309, 1261, 1260, -1,
      1309, 1260, 1306, -1,
      1306, 1260, 1259, -1,
      1306, 1259, 1263, -1,
      1310, 1258, 1307, -1,
      1307, 1258, 1257, -1,
      1307, 1257, 1262, -1,
      1311, 1256, 1310, -1,
      1310, 1256, 1255, -1,
      1310, 1255, 1258, -1,
      1312, 1254, 1311, -1,
      1311, 1254, 1253, -1,
      1311, 1253, 1256, -1,
      45, 88, 1297, -1,
      1297, 88, 1294, -1,
      1297, 1294, 1313, -1,
      1313, 1294, 1295, -1,
      1313, 1295, 1314, -1,
      1314, 1295, 1279, -1,
      1314, 1279, 1315, -1,
      1315, 1279, 1293, -1,
      1315, 1293, 1316, -1,
      1316, 1293, 1292, -1,
      1316, 1292, 1317, -1,
      1317, 1292, 1291, -1,
      1317, 1291, 1318, -1,
      1318, 1291, 1290, -1,
      1318, 1290, 1319, -1,
      1319, 1290, 1289, -1,
      1319, 1289, 1320, -1,
      1320, 1289, 1288, -1,
      1320, 1288, 1321, -1,
      1321, 1288, 1287, -1,
      1321, 1287, 1285, -1,
      1285, 1287, 1286, -1,
      1285, 1286, 101, -1,
      101, 1286, 102, -1,
      1322, 1252, 1312, -1,
      1312, 1252, 1251, -1,
      1312, 1251, 1254, -1,
      48, 47, 1299, -1,
      1299, 47, 1296, -1,
      1299, 1296, 1323, -1,
      1323, 1296, 1297, -1,
      1323, 1297, 1324, -1,
      1324, 1297, 1313, -1,
      1324, 1313, 1325, -1,
      1325, 1313, 1314, -1,
      1325, 1314, 1326, -1,
      1326, 1314, 1315, -1,
      1326, 1315, 1327, -1,
      1327, 1315, 1316, -1,
      1327, 1316, 1328, -1,
      1328, 1316, 1317, -1,
      1328, 1317, 1329, -1,
      1329, 1317, 1318, -1,
      1329, 1318, 1330, -1,
      1330, 1318, 1319, -1,
      1330, 1319, 1331, -1,
      1331, 1319, 1320, -1,
      1331, 1320, 1332, -1,
      1332, 1320, 1321, -1,
      1332, 1321, 1333, -1,
      1333, 1321, 1285, -1,
      1333, 1285, 1283, -1,
      1283, 1285, 1284, -1,
      1283, 1284, 132, -1,
      132, 1284, 130, -1,
      1278, 1277, 1281, -1,
      1281, 1277, 1276, -1,
      1281, 1276, 1322, -1,
      1322, 1276, 1250, -1,
      1322, 1250, 1252, -1,
      92, 91, 1300, -1,
      1300, 91, 1334, -1,
      1300, 1334, 1301, -1,
      1301, 1334, 1335, -1,
      1301, 1335, 1302, -1,
      1302, 1335, 1336, -1,
      1302, 1336, 1303, -1,
      1303, 1336, 1337, -1,
      1303, 1337, 1304, -1,
      1304, 1337, 1338, -1,
      1304, 1338, 1305, -1,
      1305, 1338, 1339, -1,
      1305, 1339, 1306, -1,
      1306, 1339, 1340, -1,
      1306, 1340, 1309, -1,
      1309, 1340, 1341, -1,
      1309, 1341, 1308, -1,
      1308, 1341, 1342, -1,
      1308, 1342, 1307, -1,
      1307, 1342, 1343, -1,
      1307, 1343, 1310, -1,
      1310, 1343, 1344, -1,
      1310, 1344, 1311, -1,
      1311, 1344, 1345, -1,
      1311, 1345, 1312, -1,
      1312, 1345, 1346, -1,
      1312, 1346, 1322, -1,
      1322, 1346, 1347, -1,
      1322, 1347, 1281, -1,
      1281, 1347, 1280, -1,
      1281, 1280, 154, -1,
      154, 1280, 51, -1,
      91, 90, 1334, -1,
      1334, 90, 1298, -1,
      1334, 1298, 1335, -1,
      1335, 1298, 1299, -1,
      1335, 1299, 1336, -1,
      1336, 1299, 1323, -1,
      1336, 1323, 1337, -1,
      1337, 1323, 1324, -1,
      1337, 1324, 1338, -1,
      1338, 1324, 1325, -1,
      1338, 1325, 1339, -1,
      1339, 1325, 1326, -1,
      1339, 1326, 1340, -1,
      1340, 1326, 1327, -1,
      1340, 1327, 1341, -1,
      1341, 1327, 1328, -1,
      1341, 1328, 1342, -1,
      1342, 1328, 1329, -1,
      1342, 1329, 1343, -1,
      1343, 1329, 1330, -1,
      1343, 1330, 1344, -1,
      1344, 1330, 1331, -1,
      1344, 1331, 1345, -1,
      1345, 1331, 1332, -1,
      1345, 1332, 1346, -1,
      1346, 1332, 1333, -1,
      1346, 1333, 1347, -1,
      1347, 1333, 1283, -1,
      1347, 1283, 1280, -1,
      1280, 1283, 1282, -1,
      1280, 1282, 139, -1,
      139, 1282, 136, -1,
      1348, 1349, 1350, -1,
      1350, 1349, 1351, -1,
      1350, 1351, 1352, -1,
      1353, 1354, 1350, -1,
      1350, 1354, 1355, -1,
      1350, 1355, 1348, -1,
      1356, 1357, 1350, -1,
      1350, 1357, 1358, -1,
      1350, 1358, 1353, -1,
      1359, 1360, 1350, -1,
      1350, 1360, 1361, -1,
      1350, 1361, 1356, -1,
      1362, 1363, 1350, -1,
      1350, 1363, 1364, -1,
      1350, 1364, 1359, -1,
      1365, 1366, 1350, -1,
      1350, 1366, 1367, -1,
      1350, 1367, 1362, -1,
      1368, 1369, 1350, -1,
      1350, 1369, 1370, -1,
      1350, 1370, 1365, -1,
      1352, 1371, 1350, -1,
      1350, 1371, 1372, -1,
      1350, 1372, 1368, -1,
      1373, 1374, 1375, -1,
      1375, 1374, 1376, -1,
      1375, 1376, 1377, -1,
      1378, 1379, 1375, -1,
      1375, 1379, 1380, -1,
      1375, 1380, 1373, -1,
      1381, 1382, 1375, -1,
      1375, 1382, 1383, -1,
      1375, 1383, 1378, -1,
      1384, 1385, 1375, -1,
      1375, 1385, 1386, -1,
      1375, 1386, 1381, -1,
      1387, 1388, 1375, -1,
      1375, 1388, 1389, -1,
      1375, 1389, 1384, -1,
      1390, 1391, 1375, -1,
      1375, 1391, 1392, -1,
      1375, 1392, 1387, -1,
      1393, 1394, 1375, -1,
      1375, 1394, 1395, -1,
      1375, 1395, 1390, -1,
      1377, 1396, 1375, -1,
      1375, 1396, 1397, -1,
      1375, 1397, 1393, -1,
      204, 1398, 205, -1,
      205, 1398, 1399, -1,
      205, 1399, 206, -1,
      206, 1399, 1400, -1,
      206, 1400, 207, -1,
      207, 1400, 1401, -1,
      207, 1401, 208, -1,
      208, 1401, 1402, -1,
      208, 1402, 167, -1,
      167, 1402, 1403, -1,
      167, 1403, 168, -1,
      168, 1403, 1404, -1,
      168, 1404, 169, -1,
      169, 1404, 1405, -1,
      169, 1405, 170, -1,
      170, 1405, 1406, -1,
      170, 1406, 172, -1,
      172, 1406, 1407, -1,
      172, 1407, 171, -1,
      171, 1407, 1408, -1,
      171, 1408, 179, -1,
      179, 1408, 1409, -1,
      179, 1409, 178, -1,
      178, 1409, 1410, -1,
      178, 1410, 184, -1,
      184, 1410, 1411, -1,
      184, 1411, 161, -1,
      161, 1411, 1412, -1,
      161, 1412, 162, -1,
      162, 1412, 1413, -1,
      162, 1413, 164, -1,
      164, 1413, 1414, -1,
      164, 1414, 165, -1,
      165, 1414, 1415, -1,
      165, 1415, 166, -1,
      166, 1415, 1416, -1,
      166, 1416, 217, -1,
      217, 1416, 1417, -1,
      217, 1417, 218, -1,
      218, 1417, 1418, -1,
      218, 1418, 219, -1,
      219, 1418, 1419, -1,
      219, 1419, 198, -1,
      198, 1419, 1420, -1,
      198, 1420, 203, -1,
      203, 1420, 1421, -1,
      203, 1421, 204, -1,
      204, 1421, 1398, -1,
      645, 612, 622, -1,
      622, 612, 611, -1,
      622, 611, 623, -1,
      623, 611, 616, -1,
      623, 616, 624, -1,
      624, 616, 615, -1,
      624, 615, 625, -1,
      625, 615, 614, -1,
      625, 614, 626, -1,
      626, 614, 619, -1,
      626, 619, 627, -1,
      627, 619, 618, -1,
      627, 618, 628, -1,
      628, 618, 617, -1,
      628, 617, 629, -1,
      629, 617, 621, -1,
      629, 621, 630, -1,
      630, 621, 620, -1,
      630, 620, 631, -1,
      631, 620, 601, -1,
      631, 601, 632, -1,
      632, 601, 600, -1,
      632, 600, 633, -1,
      633, 600, 598, -1,
      633, 598, 634, -1,
      634, 598, 597, -1,
      634, 597, 635, -1,
      635, 597, 604, -1,
      635, 604, 636, -1,
      636, 604, 603, -1,
      636, 603, 637, -1,
      637, 603, 602, -1,
      637, 602, 638, -1,
      638, 602, 607, -1,
      638, 607, 639, -1,
      639, 607, 606, -1,
      639, 606, 640, -1,
      640, 606, 605, -1,
      640, 605, 641, -1,
      641, 605, 610, -1,
      641, 610, 642, -1,
      642, 610, 609, -1,
      642, 609, 643, -1,
      643, 609, 608, -1,
      643, 608, 644, -1,
      644, 608, 613, -1,
      644, 613, 645, -1,
      645, 613, 612, -1,
      282, 573, 280, -1,
      280, 573, 572, -1,
      280, 572, 278, -1,
      278, 572, 579, -1,
      278, 579, 276, -1,
      276, 579, 578, -1,
      276, 578, 274, -1,
      274, 578, 577, -1,
      274, 577, 272, -1,
      272, 577, 582, -1,
      272, 582, 270, -1,
      270, 582, 581, -1,
      270, 581, 268, -1,
      268, 581, 580, -1,
      268, 580, 266, -1,
      266, 580, 585, -1,
      266, 585, 264, -1,
      264, 585, 584, -1,
      264, 584, 262, -1,
      262, 584, 583, -1,
      262, 583, 260, -1,
      260, 583, 588, -1,
      260, 588, 258, -1,
      258, 588, 587, -1,
      258, 587, 304, -1,
      304, 587, 586, -1,
      304, 586, 302, -1,
      302, 586, 591, -1,
      302, 591, 300, -1,
      300, 591, 590, -1,
      300, 590, 298, -1,
      298, 590, 589, -1,
      298, 589, 296, -1,
      296, 589, 594, -1,
      296, 594, 294, -1,
      294, 594, 593, -1,
      294, 593, 292, -1,
      292, 593, 592, -1,
      292, 592, 290, -1,
      290, 592, 596, -1,
      290, 596, 288, -1,
      288, 596, 595, -1,
      288, 595, 286, -1,
      286, 595, 576, -1,
      286, 576, 284, -1,
      284, 576, 575, -1,
      284, 575, 282, -1,
      282, 575, 573, -1,
      1033, 1000, 1010, -1,
      1010, 1000, 999, -1,
      1010, 999, 1011, -1,
      1011, 999, 1004, -1,
      1011, 1004, 1012, -1,
      1012, 1004, 1003, -1,
      1012, 1003, 1013, -1,
      1013, 1003, 1002, -1,
      1013, 1002, 1014, -1,
      1014, 1002, 1007, -1,
      1014, 1007, 1015, -1,
      1015, 1007, 1006, -1,
      1015, 1006, 1016, -1,
      1016, 1006, 1005, -1,
      1016, 1005, 1017, -1,
      1017, 1005, 1009, -1,
      1017, 1009, 1018, -1,
      1018, 1009, 1008, -1,
      1018, 1008, 1019, -1,
      1019, 1008, 989, -1,
      1019, 989, 1020, -1,
      1020, 989, 988, -1,
      1020, 988, 1021, -1,
      1021, 988, 986, -1,
      1021, 986, 1022, -1,
      1022, 986, 985, -1,
      1022, 985, 1023, -1,
      1023, 985, 992, -1,
      1023, 992, 1024, -1,
      1024, 992, 991, -1,
      1024, 991, 1025, -1,
      1025, 991, 990, -1,
      1025, 990, 1026, -1,
      1026, 990, 995, -1,
      1026, 995, 1027, -1,
      1027, 995, 994, -1,
      1027, 994, 1028, -1,
      1028, 994, 993, -1,
      1028, 993, 1029, -1,
      1029, 993, 998, -1,
      1029, 998, 1030, -1,
      1030, 998, 997, -1,
      1030, 997, 1031, -1,
      1031, 997, 996, -1,
      1031, 996, 1032, -1,
      1032, 996, 1001, -1,
      1032, 1001, 1033, -1,
      1033, 1001, 1000, -1,
      670, 961, 668, -1,
      668, 961, 960, -1,
      668, 960, 666, -1,
      666, 960, 967, -1,
      666, 967, 664, -1,
      664, 967, 966, -1,
      664, 966, 662, -1,
      662, 966, 965, -1,
      662, 965, 660, -1,
      660, 965, 970, -1,
      660, 970, 658, -1,
      658, 970, 969, -1,
      658, 969, 656, -1,
      656, 969, 968, -1,
      656, 968, 654, -1,
      654, 968, 973, -1,
      654, 973, 652, -1,
      652, 973, 972, -1,
      652, 972, 650, -1,
      650, 972, 971, -1,
      650, 971, 648, -1,
      648, 971, 976, -1,
      648, 976, 646, -1,
      646, 976, 975, -1,
      646, 975, 692, -1,
      692, 975, 974, -1,
      692, 974, 690, -1,
      690, 974, 979, -1,
      690, 979, 688, -1,
      688, 979, 978, -1,
      688, 978, 686, -1,
      686, 978, 977, -1,
      686, 977, 684, -1,
      684, 977, 982, -1,
      684, 982, 682, -1,
      682, 982, 981, -1,
      682, 981, 680, -1,
      680, 981, 980, -1,
      680, 980, 678, -1,
      678, 980, 984, -1,
      678, 984, 676, -1,
      676, 984, 983, -1,
      676, 983, 674, -1,
      674, 983, 964, -1,
      674, 964, 672, -1,
      672, 964, 963, -1,
      672, 963, 670, -1,
      670, 963, 961, -1,
      1421, 1388, 1398, -1,
      1398, 1388, 1387, -1,
      1398, 1387, 1399, -1,
      1399, 1387, 1392, -1,
      1399, 1392, 1400, -1,
      1400, 1392, 1391, -1,
      1400, 1391, 1401, -1,
      1401, 1391, 1390, -1,
      1401, 1390, 1402, -1,
      1402, 1390, 1395, -1,
      1402, 1395, 1403, -1,
      1403, 1395, 1394, -1,
      1403, 1394, 1404, -1,
      1404, 1394, 1393, -1,
      1404, 1393, 1405, -1,
      1405, 1393, 1397, -1,
      1405, 1397, 1406, -1,
      1406, 1397, 1396, -1,
      1406, 1396, 1407, -1,
      1407, 1396, 1377, -1,
      1407, 1377, 1408, -1,
      1408, 1377, 1376, -1,
      1408, 1376, 1409, -1,
      1409, 1376, 1374, -1,
      1409, 1374, 1410, -1,
      1410, 1374, 1373, -1,
      1410, 1373, 1411, -1,
      1411, 1373, 1380, -1,
      1411, 1380, 1412, -1,
      1412, 1380, 1379, -1,
      1412, 1379, 1413, -1,
      1413, 1379, 1378, -1,
      1413, 1378, 1414, -1,
      1414, 1378, 1383, -1,
      1414, 1383, 1415, -1,
      1415, 1383, 1382, -1,
      1415, 1382, 1416, -1,
      1416, 1382, 1381, -1,
      1416, 1381, 1417, -1,
      1417, 1381, 1386, -1,
      1417, 1386, 1418, -1,
      1418, 1386, 1385, -1,
      1418, 1385, 1419, -1,
      1419, 1385, 1384, -1,
      1419, 1384, 1420, -1,
      1420, 1384, 1389, -1,
      1420, 1389, 1421, -1,
      1421, 1389, 1388, -1,
      1058, 1349, 1056, -1,
      1056, 1349, 1348, -1,
      1056, 1348, 1054, -1,
      1054, 1348, 1355, -1,
      1054, 1355, 1052, -1,
      1052, 1355, 1354, -1,
      1052, 1354, 1050, -1,
      1050, 1354, 1353, -1,
      1050, 1353, 1048, -1,
      1048, 1353, 1358, -1,
      1048, 1358, 1046, -1,
      1046, 1358, 1357, -1,
      1046, 1357, 1044, -1,
      1044, 1357, 1356, -1,
      1044, 1356, 1042, -1,
      1042, 1356, 1361, -1,
      1042, 1361, 1040, -1,
      1040, 1361, 1360, -1,
      1040, 1360, 1038, -1,
      1038, 1360, 1359, -1,
      1038, 1359, 1036, -1,
      1036, 1359, 1364, -1,
      1036, 1364, 1034, -1,
      1034, 1364, 1363, -1,
      1034, 1363, 1080, -1,
      1080, 1363, 1362, -1,
      1080, 1362, 1078, -1,
      1078, 1362, 1367, -1,
      1078, 1367, 1076, -1,
      1076, 1367, 1366, -1,
      1076, 1366, 1074, -1,
      1074, 1366, 1365, -1,
      1074, 1365, 1072, -1,
      1072, 1365, 1370, -1,
      1072, 1370, 1070, -1,
      1070, 1370, 1369, -1,
      1070, 1369, 1068, -1,
      1068, 1369, 1368, -1,
      1068, 1368, 1066, -1,
      1066, 1368, 1372, -1,
      1066, 1372, 1064, -1,
      1064, 1372, 1371, -1,
      1064, 1371, 1062, -1,
      1062, 1371, 1352, -1,
      1062, 1352, 1060, -1,
      1060, 1352, 1351, -1,
      1060, 1351, 1058, -1,
      1058, 1351, 1349, -1,
    ]
  }
}

Shape {
  appearance Appearance {
    material Material {
      diffuseColor 0.0000 0.0000 0.0000
      specularColor 0.0000 0.0000 0.0000
      ambientIntensity 0.2
      transparency 0.0000
      shininess 0.5
    }
  }
  geometry IndexedFaceSet {
    ccw TRUE
    solid FALSE
    coord DEF co Coordinate {
      point [
        1.771654 0.594202 0.356580,
        1.771654 0.594202 0.285639,
        1.771654 0.626090 0.285639,
        1.771654 0.827386 0.328601,
        1.771654 0.828720 0.317568,
        1.771654 0.658763 0.356523,
        1.771654 0.664784 0.357255,
        1.771654 0.746583 0.347369,
        1.771654 0.746583 0.356580,
        1.771654 0.737301 0.356580,
        1.771654 0.744311 0.321743,
        1.771654 0.744311 0.312574,
        1.771654 0.748405 0.285639,
        1.771654 0.737301 0.285639,
        1.771654 0.737301 0.312574,
        1.771654 0.715677 0.312574,
        1.771654 0.715677 0.285639,
        1.771654 0.737301 0.347369,
        1.771654 0.737301 0.321743,
        1.771654 0.715677 0.347369,
        1.771654 0.715677 0.321743,
        1.771654 0.705341 0.276510,
        1.771654 0.737301 0.276510,
        1.771654 0.748405 0.276510,
        1.771654 0.705341 0.356580,
        1.771654 0.685896 0.278472,
        1.771654 0.687949 0.279145,
        1.771654 0.689315 0.279826,
        1.771654 0.689315 0.289732,
        1.771654 0.680301 0.347420,
        1.771654 0.670444 0.348597,
        1.771654 0.685896 0.288197,
        1.771654 0.689315 0.343848,
        1.771654 0.688423 0.344330,
        1.771654 0.685896 0.345291,
        1.771654 0.666497 0.348394,
        1.771654 0.659647 0.346889,
        1.771654 0.653433 0.343796,
        1.771654 0.641534 0.326652,
        1.771654 0.640213 0.315644,
        1.771654 0.668643 0.284370,
        1.771654 0.648625 0.339714,
        1.771654 0.648089 0.339127,
        1.771654 0.681433 0.286193,
        1.771654 0.672376 0.284508,
        1.771654 0.644217 0.333565,
        1.771654 0.640360 0.311824,
        1.771654 0.641774 0.304009,
        1.771654 0.644481 0.297668,
        1.771654 0.648072 0.292802,
        1.771654 0.650430 0.290559,
        1.771654 0.661799 0.285055,
        1.771654 0.655879 0.287043,
        1.771654 0.678937 0.357255,
        1.771654 0.680826 0.357107,
        1.771654 0.685896 0.355643,
        1.771654 0.689315 0.354656,
        1.771654 0.670341 0.357930,
        1.771654 0.635125 0.338558,
        1.771654 0.640929 0.346141,
        1.771654 0.642902 0.348024,
        1.771654 0.650396 0.353275,
        1.771654 0.632947 0.296863,
        1.771654 0.631322 0.329664,
        1.771654 0.632947 0.333465,
        1.771654 0.630946 0.301988,
        1.771654 0.629365 0.315030,
        1.771654 0.629506 0.319211,
        1.771654 0.653630 0.277176,
        1.771654 0.646074 0.280741,
        1.771654 0.639640 0.286089,
        1.771654 0.638987 0.286801,
        1.771654 0.634207 0.293635,
        1.771654 0.679352 0.276326,
        1.771654 0.667148 0.275159,
        1.771654 0.662306 0.275388,
        1.771654 0.763531 0.276510,
        1.771654 0.824423 0.336237,
        1.771654 0.828480 0.312467,
        1.771654 0.826539 0.303093,
        1.771654 0.822596 0.294811,
        1.771654 0.816644 0.287726,
        1.771654 0.808281 0.281730,
        1.771654 0.799154 0.278166,
        1.771654 0.785554 0.276510,
        1.771654 0.763531 0.356580,
        1.771654 0.786372 0.356580,
        1.771654 0.798598 0.355230,
        1.771654 0.808262 0.351699,
        1.771654 0.816644 0.345977,
        1.771654 0.819466 0.343217,
        1.771654 0.583865 0.276510,
        1.771654 0.583865 0.356580,
        1.771654 0.626090 0.276510,
        1.775591 0.626090 0.285639,
        1.775591 0.626090 0.276510,
        1.775591 0.594202 0.285639,
        1.775591 0.594202 0.356580,
        1.775591 0.583865 0.356580,
        1.775591 0.583865 0.276510,
        1.775591 0.689315 0.279826,
        1.775591 0.687949 0.279145,
        1.775591 0.667148 0.275159,
        1.775591 0.679352 0.276326,
        1.775591 0.689315 0.289732,
        1.775591 0.681433 0.286193,
        1.775591 0.672376 0.284508,
        1.775591 0.668643 0.284370,
        1.775591 0.661799 0.285055,
        1.775591 0.655879 0.287043,
        1.775591 0.650430 0.290559,
        1.775591 0.648072 0.292802,
        1.775591 0.644481 0.297668,
        1.775591 0.641774 0.304009,
        1.775591 0.640360 0.311824,
        1.775591 0.640213 0.315644,
        1.775591 0.641534 0.326652,
        1.775591 0.644217 0.333565,
        1.775591 0.648089 0.339127,
        1.775591 0.648625 0.339714,
        1.775591 0.653433 0.343796,
        1.775591 0.659647 0.346889,
        1.775591 0.666497 0.348394,
        1.775591 0.670444 0.348597,
        1.775591 0.688423 0.344330,
        1.775591 0.680301 0.347420,
        1.775591 0.689315 0.343848,
        1.775591 0.689315 0.354656,
        1.775591 0.680826 0.357107,
        1.775591 0.670341 0.357930,
        1.775591 0.658763 0.356523,
        1.775591 0.650396 0.353275,
        1.775591 0.642902 0.348024,
        1.775591 0.640929 0.346141,
        1.775591 0.631322 0.329664,
        1.775591 0.635125 0.338558,
        1.775591 0.629506 0.319211,
        1.775591 0.629365 0.315030,
        1.775591 0.634207 0.293635,
        1.775591 0.630946 0.301988,
        1.775591 0.638987 0.286801,
        1.775591 0.639640 0.286089,
        1.775591 0.646074 0.280741,
        1.775591 0.653630 0.277176,
        1.775591 0.662306 0.275388,
        1.775591 0.748405 0.285639,
        1.775591 0.748405 0.276510,
        1.775591 0.715677 0.285639,
        1.775591 0.715677 0.312574,
        1.775591 0.744311 0.312574,
        1.775591 0.744311 0.321743,
        1.775591 0.715677 0.321743,
        1.775591 0.715677 0.347369,
        1.775591 0.746583 0.347369,
        1.775591 0.746583 0.356580,
        1.775591 0.705341 0.356580,
        1.775591 0.705341 0.276510,
        1.775591 0.816644 0.287726,
        1.775591 0.808367 0.293122,
        1.775591 0.808281 0.281730,
        1.775591 0.803204 0.289533,
        1.775591 0.799154 0.278166,
        1.775591 0.796594 0.286966,
        1.775591 0.785554 0.276510,
        1.775591 0.785492 0.285639,
        1.775591 0.763531 0.276510,
        1.775591 0.773867 0.285639,
        1.775591 0.763531 0.356580,
        1.775591 0.773867 0.347369,
        1.775591 0.786372 0.356580,
        1.775591 0.785963 0.347369,
        1.775591 0.786995 0.347359,
        1.775591 0.798598 0.355230,
        1.775591 0.797169 0.346004,
        1.775591 0.808262 0.351699,
        1.775591 0.803959 0.343342,
        1.775591 0.816644 0.345977,
        1.775591 0.809071 0.339837,
        1.775591 0.819466 0.343217,
        1.775591 0.811301 0.337640,
        1.775591 0.824423 0.336237,
        1.775591 0.814405 0.333153,
        1.775591 0.827386 0.328601,
        1.775591 0.816663 0.327308,
        1.775591 0.828720 0.317568,
        1.775591 0.817852 0.317281,
        1.775591 0.828480 0.312467,
        1.775591 0.817518 0.311615,
        1.775591 0.826539 0.303093,
        1.775591 0.815876 0.304412,
        1.775591 0.822596 0.294811,
        1.775591 0.813037 0.298547,
        1.775591 0.809296 0.293989,
        1.771654 0.785963 0.347369,
        1.771654 0.773867 0.347369,
        1.771654 0.773867 0.285639,
        1.771654 0.785492 0.285639,
        1.771654 0.809296 0.293989,
        1.771654 0.808367 0.293122,
        1.771654 0.803204 0.289533,
        1.771654 0.796594 0.286966,
        1.771654 0.817852 0.317281,
        1.771654 0.817518 0.311615,
        1.771654 0.815876 0.304412,
        1.771654 0.813037 0.298547,
        1.771654 0.809071 0.339837,
        1.771654 0.811301 0.337640,
        1.771654 0.814405 0.333153,
        1.771654 0.816663 0.327308,
        1.771654 0.786995 0.347359,
        1.771654 0.797169 0.346004,
        1.771654 0.803959 0.343342,
      ]
    }
    coordIndex [
      94, 95, 2, -1,
      2, 95, 93, -1,
      96, 94, 1, -1,
      1, 94, 2, -1,
      97, 96, 0, -1,
      0, 96, 1, -1,
      98, 97, 92, -1,
      92, 97, 0, -1,
      99, 98, 91, -1,
      91, 98, 92, -1,
      95, 99, 93, -1,
      93, 99, 91, -1,
      97, 98, 96, -1,
      96, 98, 99, -1,
      96, 99, 94, -1,
      94, 99, 95, -1,
      27, 100, 101, -1,
      102, 74, 73, -1,
      102, 73, 103, -1,
      103, 73, 25, -1,
      103, 25, 101, -1,
      101, 25, 26, -1,
      101, 26, 27, -1,
      104, 100, 28, -1,
      28, 100, 27, -1,
      104, 28, 31, -1,
      104, 31, 105, -1,
      31, 43, 105, -1,
      105, 43, 44, -1,
      105, 44, 106, -1,
      106, 44, 40, -1,
      106, 40, 107, -1,
      107, 40, 51, -1,
      107, 51, 108, -1,
      108, 51, 52, -1,
      108, 52, 109, -1,
      109, 52, 50, -1,
      109, 50, 110, -1,
      110, 50, 49, -1,
      110, 49, 111, -1,
      111, 49, 48, -1,
      111, 48, 112, -1,
      112, 48, 47, -1,
      112, 47, 113, -1,
      113, 47, 46, -1,
      113, 46, 114, -1,
      114, 46, 39, -1,
      114, 39, 115, -1,
      115, 39, 38, -1,
      115, 38, 116, -1,
      116, 38, 45, -1,
      116, 45, 117, -1,
      117, 45, 42, -1,
      117, 42, 118, -1,
      118, 42, 41, -1,
      118, 41, 119, -1,
      119, 41, 37, -1,
      119, 37, 120, -1,
      120, 37, 36, -1,
      120, 36, 121, -1,
      121, 36, 35, -1,
      121, 35, 122, -1,
      122, 35, 30, -1,
      122, 30, 123, -1,
      123, 30, 29, -1,
      34, 124, 29, -1,
      29, 124, 125, -1,
      29, 125, 123, -1,
      34, 33, 124, -1,
      124, 33, 32, -1,
      124, 32, 126, -1,
      127, 126, 56, -1,
      56, 126, 32, -1,
      127, 56, 55, -1,
      127, 55, 128, -1,
      57, 129, 53, -1,
      53, 129, 128, -1,
      53, 128, 54, -1,
      54, 128, 55, -1,
      129, 57, 6, -1,
      129, 6, 130, -1,
      6, 5, 130, -1,
      130, 5, 61, -1,
      130, 61, 131, -1,
      131, 61, 60, -1,
      131, 60, 132, -1,
      132, 60, 59, -1,
      132, 59, 133, -1,
      133, 59, 58, -1,
      64, 134, 58, -1,
      58, 134, 135, -1,
      58, 135, 133, -1,
      64, 63, 134, -1,
      134, 63, 67, -1,
      134, 67, 136, -1,
      136, 67, 66, -1,
      136, 66, 137, -1,
      137, 66, 65, -1,
      62, 138, 65, -1,
      65, 138, 139, -1,
      65, 139, 137, -1,
      62, 72, 138, -1,
      138, 72, 71, -1,
      138, 71, 140, -1,
      140, 71, 70, -1,
      140, 70, 141, -1,
      141, 70, 69, -1,
      141, 69, 142, -1,
      142, 69, 68, -1,
      142, 68, 143, -1,
      143, 68, 75, -1,
      143, 75, 144, -1,
      144, 75, 74, -1,
      144, 74, 102, -1,
      120, 121, 130, -1,
      116, 117, 135, -1,
      135, 117, 133, -1,
      130, 121, 129, -1,
      137, 115, 136, -1,
      136, 115, 116, -1,
      136, 116, 134, -1,
      134, 116, 135, -1,
      121, 122, 129, -1,
      129, 122, 123, -1,
      129, 123, 128, -1,
      128, 123, 125, -1,
      128, 125, 127, -1,
      127, 125, 124, -1,
      127, 124, 126, -1,
      100, 104, 101, -1,
      101, 104, 105, -1,
      101, 105, 103, -1,
      103, 105, 106, -1,
      103, 106, 102, -1,
      102, 106, 107, -1,
      102, 107, 144, -1,
      144, 107, 108, -1,
      144, 108, 143, -1,
      143, 108, 109, -1,
      143, 109, 142, -1,
      142, 109, 110, -1,
      142, 110, 141, -1,
      141, 110, 111, -1,
      141, 111, 140, -1,
      140, 111, 112, -1,
      140, 112, 138, -1,
      138, 112, 139, -1,
      139, 112, 113, -1,
      139, 113, 137, -1,
      137, 113, 114, -1,
      137, 114, 115, -1,
      117, 118, 133, -1,
      133, 118, 119, -1,
      133, 119, 132, -1,
      132, 119, 120, -1,
      132, 120, 131, -1,
      131, 120, 130, -1,
      145, 146, 12, -1,
      12, 146, 23, -1,
      16, 147, 13, -1,
      13, 147, 145, -1,
      13, 145, 12, -1,
      148, 147, 15, -1,
      15, 147, 16, -1,
      148, 15, 149, -1,
      149, 15, 14, -1,
      149, 14, 11, -1,
      150, 149, 10, -1,
      10, 149, 11, -1,
      20, 151, 18, -1,
      18, 151, 150, -1,
      18, 150, 10, -1,
      152, 151, 19, -1,
      19, 151, 20, -1,
      152, 19, 153, -1,
      153, 19, 17, -1,
      153, 17, 7, -1,
      154, 153, 8, -1,
      8, 153, 7, -1,
      24, 155, 9, -1,
      9, 155, 154, -1,
      9, 154, 8, -1,
      156, 155, 21, -1,
      21, 155, 24, -1,
      156, 21, 146, -1,
      146, 21, 22, -1,
      146, 22, 23, -1,
      156, 146, 145, -1,
      145, 147, 156, -1,
      156, 147, 148, -1,
      156, 148, 155, -1,
      153, 154, 152, -1,
      152, 154, 155, -1,
      152, 155, 151, -1,
      151, 155, 148, -1,
      151, 148, 150, -1,
      150, 148, 149, -1,
      157, 158, 159, -1,
      159, 158, 160, -1,
      159, 160, 161, -1,
      161, 160, 162, -1,
      161, 162, 163, -1,
      163, 162, 164, -1,
      163, 164, 165, -1,
      165, 164, 166, -1,
      165, 166, 167, -1,
      167, 166, 168, -1,
      167, 168, 169, -1,
      168, 170, 169, -1,
      169, 170, 171, -1,
      169, 171, 172, -1,
      172, 171, 173, -1,
      172, 173, 174, -1,
      174, 173, 175, -1,
      174, 175, 176, -1,
      176, 175, 177, -1,
      176, 177, 178, -1,
      178, 177, 179, -1,
      178, 179, 180, -1,
      180, 179, 181, -1,
      180, 181, 182, -1,
      182, 181, 183, -1,
      182, 183, 184, -1,
      184, 183, 185, -1,
      184, 185, 186, -1,
      186, 185, 187, -1,
      186, 187, 188, -1,
      188, 187, 189, -1,
      188, 189, 190, -1,
      190, 189, 191, -1,
      190, 191, 157, -1,
      157, 191, 192, -1,
      157, 192, 158, -1,
      163, 165, 84, -1,
      84, 165, 76, -1,
      163, 84, 83, -1,
      163, 83, 161, -1,
      161, 83, 82, -1,
      161, 82, 159, -1,
      159, 82, 81, -1,
      159, 81, 157, -1,
      157, 81, 80, -1,
      157, 80, 190, -1,
      190, 80, 79, -1,
      190, 79, 188, -1,
      188, 79, 78, -1,
      188, 78, 186, -1,
      186, 78, 4, -1,
      186, 4, 184, -1,
      184, 4, 3, -1,
      184, 3, 182, -1,
      182, 3, 77, -1,
      182, 77, 180, -1,
      180, 77, 90, -1,
      180, 90, 178, -1,
      178, 90, 89, -1,
      178, 89, 176, -1,
      176, 89, 88, -1,
      176, 88, 174, -1,
      174, 88, 87, -1,
      174, 87, 172, -1,
      172, 87, 86, -1,
      172, 86, 169, -1,
      167, 169, 85, -1,
      85, 169, 86, -1,
      165, 167, 76, -1,
      76, 167, 85, -1,
      170, 168, 193, -1,
      193, 168, 194, -1,
      168, 166, 194, -1,
      194, 166, 195, -1,
      166, 164, 195, -1,
      195, 164, 196, -1,
      192, 197, 198, -1,
      192, 198, 158, -1,
      158, 198, 199, -1,
      158, 199, 160, -1,
      160, 199, 200, -1,
      160, 200, 162, -1,
      162, 200, 196, -1,
      162, 196, 164, -1,
      185, 201, 202, -1,
      185, 202, 187, -1,
      187, 202, 203, -1,
      187, 203, 189, -1,
      189, 203, 204, -1,
      189, 204, 191, -1,
      191, 204, 197, -1,
      191, 197, 192, -1,
      177, 205, 206, -1,
      177, 206, 179, -1,
      179, 206, 207, -1,
      179, 207, 181, -1,
      181, 207, 208, -1,
      181, 208, 183, -1,
      183, 208, 201, -1,
      183, 201, 185, -1,
      170, 193, 209, -1,
      170, 209, 171, -1,
      171, 209, 210, -1,
      171, 210, 173, -1,
      173, 210, 211, -1,
      173, 211, 175, -1,
      175, 211, 205, -1,
      175, 205, 177, -1,
    ]
  }
}

Shape {
  appearance Appearance {
    material Material {
      diffuseColor 1.0000 0.9961 0.9373
      specularColor 0.3020 0.2980 0.2824
      ambientIntensity 0.2
      transparency 0.0000
      shininess 0.5
    }
  }
  geometry IndexedFaceSet {
    ccw TRUE
    solid FALSE
    coord DEF co Coordinate {
      point [
        1.771654 0.785963 0.347369,
        1.771654 0.773867 0.347369,
        1.771654 0.773867 0.285639,
        1.771654 0.785492 0.285639,
        1.771654 0.809296 0.293989,
        1.771654 0.808367 0.293122,
        1.771654 0.803204 0.289533,
        1.771654 0.796594 0.286966,
        1.771654 0.817852 0.317281,
        1.771654 0.817518 0.311615,
        1.771654 0.815876 0.304412,
        1.771654 0.813037 0.298547,
        1.771654 0.809071 0.339837,
        1.771654 0.811301 0.337640,
        1.771654 0.814405 0.333153,
        1.771654 0.816663 0.327308,
        1.771654 0.786995 0.347359,
        1.771654 0.797169 0.346004,
        1.771654 0.803959 0.343342,
      ]
    }
    coordIndex [
      6, 5, 16, -1,
      1, 2, 0, -1,
      0, 2, 3, -1,
      0, 3, 16, -1,
      16, 3, 7, -1,
      16, 7, 6, -1,
      5, 4, 16, -1,
      16, 4, 11, -1,
      16, 11, 10, -1,
      8, 12, 18, -1,
      15, 14, 8, -1,
      8, 14, 13, -1,
      8, 13, 12, -1,
      10, 9, 16, -1,
      16, 9, 8, -1,
      16, 8, 17, -1,
      17, 8, 18, -1,
    ]
  }
}

Shape {
  appearance Appearance {
    material Material {
      diffuseColor 0.0000 0.0000 0.0000
      specularColor 0.0000 0.0000 0.0000
      ambientIntensity 0.2
      transparency 0.0000
      shininess 0.5
    }
  }
  geometry IndexedFaceSet {
    ccw TRUE
    solid FALSE
    coord DEF co Coordinate {
      point [
        1.771654 0.885620 0.298410,
        1.771654 0.856239 0.298410,
        1.771654 0.893787 0.276510,
        1.771654 0.905208 0.276510,
        1.771654 0.874711 0.356580,
        1.771654 0.833161 0.276510,
        1.771654 0.844583 0.276510,
        1.771654 0.852278 0.298410,
        1.771654 0.856239 0.337100,
        1.771654 0.863658 0.356580,
        1.775591 0.855553 0.307457,
        1.775591 0.852278 0.298410,
        1.775591 0.882427 0.307457,
        1.775591 0.885620 0.298410,
        1.775591 0.867527 0.340737,
        1.775591 0.863658 0.356580,
        1.775591 0.833161 0.276510,
        1.775591 0.844583 0.276510,
        1.775591 0.868220 0.343127,
        1.775591 0.868837 0.346346,
        1.775591 0.874711 0.356580,
        1.775591 0.869082 0.346346,
        1.775591 0.869730 0.342958,
        1.775591 0.870331 0.340737,
        1.775591 0.905208 0.276510,
        1.775591 0.893787 0.276510,
        1.771654 0.855553 0.307457,
        1.771654 0.882427 0.307457,
        1.771654 0.870331 0.340737,
        1.771654 0.869082 0.346346,
        1.771654 0.869730 0.342958,
        1.771654 0.868837 0.346346,
        1.771654 0.867527 0.340737,
        1.771654 0.868220 0.343127,
      ]
    }
    coordIndex [
      10, 11, 12, -1,
      12, 11, 13, -1,
      14, 15, 10, -1,
      10, 15, 16, -1,
      10, 16, 11, -1,
      11, 16, 17, -1,
      14, 18, 15, -1,
      15, 18, 19, -1,
      15, 19, 20, -1,
      20, 19, 21, -1,
      20, 21, 22, -1,
      22, 23, 20, -1,
      20, 23, 12, -1,
      20, 12, 24, -1,
      24, 12, 13, -1,
      24, 13, 25, -1,
      20, 24, 4, -1,
      4, 24, 3, -1,
      15, 20, 9, -1,
      9, 20, 4, -1,
      5, 16, 8, -1,
      8, 16, 15, -1,
      8, 15, 9, -1,
      17, 16, 6, -1,
      6, 16, 5, -1,
      11, 17, 7, -1,
      7, 17, 6, -1,
      0, 13, 1, -1,
      1, 13, 11, -1,
      1, 11, 7, -1,
      25, 13, 2, -1,
      2, 13, 0, -1,
      24, 25, 3, -1,
      3, 25, 2, -1,
      10, 12, 26, -1,
      26, 12, 27, -1,
      12, 23, 27, -1,
      27, 23, 28, -1,
      21, 29, 30, -1,
      21, 30, 22, -1,
      22, 30, 28, -1,
      22, 28, 23, -1,
      21, 19, 29, -1,
      29, 19, 31, -1,
      14, 32, 33, -1,
      14, 33, 18, -1,
      18, 33, 31, -1,
      18, 31, 19, -1,
      14, 10, 32, -1,
      32, 10, 26, -1,
    ]
  }
}

Shape {
  appearance Appearance {
    material Material {
      diffuseColor 1.0000 0.9961 0.9373
      specularColor 0.3020 0.2980 0.2824
      ambientIntensity 0.2
      transparency 0.0000
      shininess 0.5
    }
  }
  geometry IndexedFaceSet {
    ccw TRUE
    solid FALSE
    coord DEF co Coordinate {
      point [
        1.771654 0.855553 0.307457,
        1.771654 0.882427 0.307457,
        1.771654 0.870331 0.340737,
        1.771654 0.869082 0.346346,
        1.771654 0.869730 0.342958,
        1.771654 0.868837 0.346346,
        1.771654 0.867527 0.340737,
        1.771654 0.868220 0.343127,
      ]
    }
    coordIndex [
      3, 5, 4, -1,
      4, 5, 7, -1,
      4, 7, 2, -1,
      2, 7, 6, -1,
      2, 6, 1, -1,
      1, 6, 0, -1,
    ]
  }
}

Shape {
  appearance Appearance {
    material Material {
      diffuseColor 0.0000 0.0000 0.0000
      specularColor 0.0000 0.0000 0.0000
      ambientIntensity 0.2
      transparency 0.0000
      shininess 0.5
    }
  }
  geometry IndexedFaceSet {
    ccw TRUE
    solid FALSE
    coord DEF co Coordinate {
      point [
        1.771654 0.640789 0.176980,
        1.771654 0.642116 0.192920,
        1.771654 0.638724 0.174150,
        1.771654 0.637283 0.170658,
        1.771654 0.672449 0.149487,
        1.771654 0.660248 0.148811,
        1.771654 0.638250 0.156829,
        1.771654 0.637031 0.160215,
        1.771654 0.672449 0.158330,
        1.771654 0.672183 0.158330,
        1.771654 0.669807 0.154921,
        1.771654 0.664262 0.199482,
        1.771654 0.660865 0.199838,
        1.771654 0.655502 0.183464,
        1.771654 0.644818 0.150283,
        1.771654 0.648663 0.148833,
        1.771654 0.648850 0.148812,
        1.771654 0.668140 0.207379,
        1.771654 0.672296 0.206059,
        1.771654 0.666532 0.151806,
        1.771654 0.664245 0.150356,
        1.771654 0.643960 0.179614,
        1.771654 0.648409 0.181779,
        1.771654 0.649015 0.197260,
        1.771654 0.655297 0.199300,
        1.771654 0.641441 0.152639,
        1.771654 0.640338 0.153755,
        1.771654 0.675591 0.204113,
        1.771654 0.678232 0.201506,
        1.771654 0.680254 0.198196,
        1.771654 0.642116 0.202663,
        1.771654 0.644191 0.203864,
        1.771654 0.651650 0.206753,
        1.771654 0.661806 0.207984,
        1.771654 0.636529 0.164797,
        1.771654 0.636580 0.166419,
        1.771654 0.672449 0.185838,
        1.771654 0.672100 0.190273,
        1.771654 0.671064 0.193844,
        1.771654 0.669885 0.195909,
        1.771654 0.681787 0.193504,
        1.771654 0.682478 0.186289,
        1.771654 0.682478 0.149487,
        1.771654 0.668369 0.197522,
        1.771654 0.666589 0.198669,
        1.771654 0.654663 0.148137,
        1.771654 0.626929 0.158616,
        1.771654 0.626929 0.149487,
        1.771654 0.583865 0.149487,
        1.771654 0.625107 0.220346,
        1.771654 0.583865 0.229557,
        1.771654 0.625107 0.229557,
        1.771654 0.594202 0.185552,
        1.771654 0.594202 0.158616,
        1.771654 0.622836 0.185552,
        1.771654 0.622836 0.194721,
        1.771654 0.594202 0.194721,
        1.771654 0.594202 0.220346,
        1.775591 0.626929 0.158616,
        1.775591 0.626929 0.149487,
        1.775591 0.594202 0.158616,
        1.775591 0.594202 0.185552,
        1.775591 0.622836 0.185552,
        1.775591 0.622836 0.194721,
        1.775591 0.594202 0.194721,
        1.775591 0.594202 0.220346,
        1.775591 0.625107 0.220346,
        1.775591 0.625107 0.229557,
        1.775591 0.583865 0.229557,
        1.775591 0.583865 0.149487,
        1.775591 0.672449 0.158330,
        1.775591 0.672449 0.149487,
        1.775591 0.682478 0.149487,
        1.775591 0.682478 0.186289,
        1.775591 0.671794 0.167557,
        1.775591 0.672183 0.158330,
        1.775591 0.647281 0.169505,
        1.775591 0.648161 0.171375,
        1.775591 0.640789 0.176980,
        1.775591 0.643960 0.179614,
        1.775591 0.672449 0.178183,
        1.775591 0.672449 0.172698,
        1.775591 0.672440 0.172032,
        1.775591 0.642116 0.202663,
        1.775591 0.642116 0.192920,
        1.775591 0.644191 0.203864,
        1.775591 0.649015 0.197260,
        1.775591 0.651650 0.206753,
        1.775591 0.655297 0.199300,
        1.775591 0.661806 0.207984,
        1.775591 0.660865 0.199838,
        1.775591 0.668140 0.207379,
        1.775591 0.664262 0.199482,
        1.775591 0.672296 0.206059,
        1.775591 0.666589 0.198669,
        1.775591 0.675591 0.204113,
        1.775591 0.668369 0.197522,
        1.775591 0.678232 0.201506,
        1.775591 0.669885 0.195909,
        1.775591 0.680254 0.198196,
        1.775591 0.671064 0.193844,
        1.775591 0.681787 0.193504,
        1.775591 0.672100 0.190273,
        1.775591 0.672449 0.185838,
        1.775591 0.670323 0.163980,
        1.775591 0.668151 0.161031,
        1.775591 0.669807 0.154921,
        1.775591 0.666894 0.159802,
        1.775591 0.666532 0.151806,
        1.775591 0.664059 0.157890,
        1.775591 0.664245 0.150356,
        1.775591 0.661017 0.156785,
        1.775591 0.660248 0.148811,
        1.775591 0.657262 0.156365,
        1.775591 0.654663 0.148137,
        1.775591 0.653875 0.156746,
        1.775591 0.648663 0.148833,
        1.775591 0.651606 0.157579,
        1.775591 0.644818 0.150283,
        1.775591 0.649607 0.158944,
        1.775591 0.641441 0.152639,
        1.775591 0.648755 0.159801,
        1.775591 0.659063 0.176382,
        1.775591 0.655502 0.183464,
        1.775591 0.652380 0.174733,
        1.775591 0.648409 0.181779,
        1.775591 0.650272 0.173605,
        1.775591 0.649362 0.172861,
        1.775591 0.638724 0.174150,
        1.775591 0.637283 0.170658,
        1.775591 0.646786 0.167208,
        1.775591 0.636580 0.166419,
        1.775591 0.646701 0.165616,
        1.775591 0.636529 0.164797,
        1.775591 0.646956 0.163314,
        1.775591 0.637031 0.160215,
        1.775591 0.647615 0.161491,
        1.775591 0.638250 0.156829,
        1.775591 0.640338 0.153755,
        1.771654 0.649362 0.172861,
        1.771654 0.650272 0.173605,
        1.771654 0.652380 0.174733,
        1.771654 0.659063 0.176382,
        1.771654 0.646701 0.165616,
        1.771654 0.646786 0.167208,
        1.771654 0.647281 0.169505,
        1.771654 0.648161 0.171375,
        1.771654 0.649607 0.158944,
        1.771654 0.648755 0.159801,
        1.771654 0.647615 0.161491,
        1.771654 0.646956 0.163314,
        1.771654 0.657262 0.156365,
        1.771654 0.653875 0.156746,
        1.771654 0.651606 0.157579,
        1.771654 0.668151 0.161031,
        1.771654 0.666894 0.159802,
        1.771654 0.664059 0.157890,
        1.771654 0.661017 0.156785,
        1.771654 0.672449 0.172698,
        1.771654 0.672440 0.172032,
        1.771654 0.671794 0.167557,
        1.771654 0.670323 0.163980,
        1.771654 0.672449 0.178183,
      ]
    }
    coordIndex [
      58, 59, 46, -1,
      46, 59, 47, -1,
      60, 58, 53, -1,
      53, 58, 46, -1,
      61, 60, 52, -1,
      52, 60, 53, -1,
      62, 61, 54, -1,
      54, 61, 52, -1,
      63, 62, 55, -1,
      55, 62, 54, -1,
      64, 63, 56, -1,
      56, 63, 55, -1,
      65, 64, 57, -1,
      57, 64, 56, -1,
      66, 65, 49, -1,
      49, 65, 57, -1,
      67, 66, 51, -1,
      51, 66, 49, -1,
      68, 67, 50, -1,
      50, 67, 51, -1,
      69, 68, 48, -1,
      48, 68, 50, -1,
      59, 69, 47, -1,
      47, 69, 48, -1,
      59, 58, 69, -1,
      69, 58, 60, -1,
      62, 63, 61, -1,
      61, 63, 64, -1,
      66, 67, 65, -1,
      65, 67, 68, -1,
      65, 68, 64, -1,
      64, 68, 69, -1,
      64, 69, 61, -1,
      61, 69, 60, -1,
      70, 71, 72, -1,
      72, 73, 70, -1,
      70, 73, 74, -1,
      70, 74, 75, -1,
      76, 77, 78, -1,
      78, 77, 79, -1,
      80, 81, 73, -1,
      73, 81, 82, -1,
      73, 82, 74, -1,
      83, 84, 85, -1,
      85, 84, 86, -1,
      85, 86, 87, -1,
      87, 86, 88, -1,
      87, 88, 89, -1,
      89, 88, 90, -1,
      89, 90, 91, -1,
      91, 90, 92, -1,
      91, 92, 93, -1,
      93, 92, 94, -1,
      93, 94, 95, -1,
      95, 94, 96, -1,
      95, 96, 97, -1,
      97, 96, 98, -1,
      97, 98, 99, -1,
      99, 98, 100, -1,
      99, 100, 101, -1,
      101, 100, 102, -1,
      101, 102, 103, -1,
      74, 104, 75, -1,
      75, 104, 105, -1,
      75, 105, 106, -1,
      106, 105, 107, -1,
      106, 107, 108, -1,
      108, 107, 109, -1,
      108, 109, 110, -1,
      110, 109, 111, -1,
      110, 111, 112, -1,
      112, 111, 113, -1,
      112, 113, 114, -1,
      114, 113, 115, -1,
      114, 115, 116, -1,
      116, 115, 117, -1,
      116, 117, 118, -1,
      118, 117, 119, -1,
      118, 119, 120, -1,
      120, 119, 121, -1,
      73, 101, 80, -1,
      80, 101, 103, -1,
      80, 103, 122, -1,
      122, 103, 123, -1,
      122, 123, 124, -1,
      124, 123, 125, -1,
      124, 125, 126, -1,
      126, 125, 79, -1,
      126, 79, 127, -1,
      127, 79, 77, -1,
      78, 128, 76, -1,
      76, 128, 129, -1,
      76, 129, 130, -1,
      130, 129, 131, -1,
      130, 131, 132, -1,
      132, 131, 133, -1,
      132, 133, 134, -1,
      134, 133, 135, -1,
      134, 135, 136, -1,
      136, 135, 137, -1,
      136, 137, 121, -1,
      121, 137, 138, -1,
      121, 138, 120, -1,
      89, 33, 32, -1,
      89, 32, 87, -1,
      87, 32, 31, -1,
      87, 31, 85, -1,
      85, 31, 30, -1,
      85, 30, 83, -1,
      84, 83, 1, -1,
      1, 83, 30, -1,
      84, 1, 23, -1,
      84, 23, 86, -1,
      86, 23, 24, -1,
      86, 24, 88, -1,
      88, 24, 12, -1,
      88, 12, 90, -1,
      90, 12, 11, -1,
      90, 11, 92, -1,
      92, 11, 44, -1,
      92, 44, 94, -1,
      94, 44, 43, -1,
      94, 43, 96, -1,
      96, 43, 39, -1,
      96, 39, 98, -1,
      98, 39, 38, -1,
      98, 38, 100, -1,
      100, 38, 37, -1,
      100, 37, 102, -1,
      102, 37, 36, -1,
      102, 36, 103, -1,
      123, 103, 13, -1,
      13, 103, 36, -1,
      123, 13, 22, -1,
      123, 22, 125, -1,
      125, 22, 21, -1,
      125, 21, 79, -1,
      79, 21, 0, -1,
      79, 0, 78, -1,
      78, 0, 2, -1,
      78, 2, 128, -1,
      128, 2, 3, -1,
      128, 3, 129, -1,
      129, 3, 35, -1,
      129, 35, 131, -1,
      131, 35, 34, -1,
      131, 34, 133, -1,
      133, 34, 7, -1,
      133, 7, 135, -1,
      135, 7, 6, -1,
      135, 6, 137, -1,
      137, 6, 26, -1,
      137, 26, 138, -1,
      138, 26, 25, -1,
      138, 25, 120, -1,
      45, 114, 16, -1,
      16, 114, 116, -1,
      16, 116, 15, -1,
      15, 116, 118, -1,
      15, 118, 14, -1,
      14, 118, 120, -1,
      14, 120, 25, -1,
      114, 45, 5, -1,
      114, 5, 112, -1,
      112, 5, 20, -1,
      112, 20, 110, -1,
      110, 20, 19, -1,
      110, 19, 108, -1,
      108, 19, 10, -1,
      108, 10, 106, -1,
      106, 10, 9, -1,
      106, 9, 75, -1,
      70, 75, 8, -1,
      8, 75, 9, -1,
      71, 70, 4, -1,
      4, 70, 8, -1,
      72, 71, 42, -1,
      42, 71, 4, -1,
      73, 72, 41, -1,
      41, 72, 42, -1,
      73, 41, 40, -1,
      73, 40, 101, -1,
      101, 40, 29, -1,
      101, 29, 99, -1,
      99, 29, 28, -1,
      99, 28, 97, -1,
      97, 28, 27, -1,
      97, 27, 95, -1,
      95, 27, 18, -1,
      95, 18, 93, -1,
      93, 18, 17, -1,
      93, 17, 91, -1,
      91, 17, 33, -1,
      91, 33, 89, -1,
      127, 139, 140, -1,
      127, 140, 126, -1,
      126, 140, 141, -1,
      126, 141, 124, -1,
      124, 141, 142, -1,
      124, 142, 122, -1,
      132, 143, 144, -1,
      132, 144, 130, -1,
      130, 144, 145, -1,
      130, 145, 76, -1,
      76, 145, 146, -1,
      76, 146, 77, -1,
      77, 146, 139, -1,
      77, 139, 127, -1,
      119, 147, 148, -1,
      119, 148, 121, -1,
      121, 148, 149, -1,
      121, 149, 136, -1,
      136, 149, 150, -1,
      136, 150, 134, -1,
      134, 150, 143, -1,
      134, 143, 132, -1,
      113, 151, 152, -1,
      113, 152, 115, -1,
      115, 152, 153, -1,
      115, 153, 117, -1,
      117, 153, 147, -1,
      117, 147, 119, -1,
      105, 154, 155, -1,
      105, 155, 107, -1,
      107, 155, 156, -1,
      107, 156, 109, -1,
      109, 156, 157, -1,
      109, 157, 111, -1,
      111, 157, 151, -1,
      111, 151, 113, -1,
      81, 158, 159, -1,
      81, 159, 82, -1,
      82, 159, 160, -1,
      82, 160, 74, -1,
      74, 160, 161, -1,
      74, 161, 104, -1,
      104, 161, 154, -1,
      104, 154, 105, -1,
      81, 80, 158, -1,
      158, 80, 162, -1,
      80, 122, 162, -1,
      162, 122, 142, -1,
    ]
  }
}

Shape {
  appearance Appearance {
    material Material {
      diffuseColor 1.0000 0.9961 0.9373
      specularColor 0.3020 0.2980 0.2824
      ambientIntensity 0.2
      transparency 0.0000
      shininess 0.5
    }
  }
  geometry IndexedFaceSet {
    ccw TRUE
    solid FALSE
    coord DEF co Coordinate {
      point [
        1.771654 0.649362 0.172861,
        1.771654 0.650272 0.173605,
        1.771654 0.652380 0.174733,
        1.771654 0.659063 0.176382,
        1.771654 0.646701 0.165616,
        1.771654 0.646786 0.167208,
        1.771654 0.647281 0.169505,
        1.771654 0.648161 0.171375,
        1.771654 0.649607 0.158944,
        1.771654 0.648755 0.159801,
        1.771654 0.647615 0.161491,
        1.771654 0.646956 0.163314,
        1.771654 0.657262 0.156365,
        1.771654 0.653875 0.156746,
        1.771654 0.651606 0.157579,
        1.771654 0.668151 0.161031,
        1.771654 0.666894 0.159802,
        1.771654 0.664059 0.157890,
        1.771654 0.661017 0.156785,
        1.771654 0.672449 0.172698,
        1.771654 0.672440 0.172032,
        1.771654 0.671794 0.167557,
        1.771654 0.670323 0.163980,
        1.771654 0.672449 0.178183,
      ]
    }
    coordIndex [
      20, 19, 0, -1,
      19, 23, 3, -1,
      3, 2, 19, -1,
      19, 2, 1, -1,
      19, 1, 0, -1,
      20, 0, 21, -1,
      21, 0, 7, -1,
      21, 7, 22, -1,
      9, 8, 16, -1,
      9, 16, 10, -1,
      17, 16, 18, -1,
      18, 16, 12, -1,
      7, 6, 22, -1,
      22, 6, 5, -1,
      22, 5, 15, -1,
      15, 5, 4, -1,
      15, 4, 16, -1,
      16, 4, 11, -1,
      16, 11, 10, -1,
      8, 14, 16, -1,
      16, 14, 13, -1,
      16, 13, 12, -1,
    ]
  }
}

Shape {
  appearance Appearance {
    material Material {
      diffuseColor 0.0000 0.0000 0.0000
      specularColor 0.0000 0.0000 0.0000
      ambientIntensity 0.2
      transparency 0.0000
      shininess 0.5
    }
  }
  geometry IndexedFaceSet {
    ccw TRUE
    solid FALSE
    coord DEF co Coordinate {
      point [
        1.771654 0.720586 0.149198,
        1.771654 0.717313 0.148812,
        1.771654 0.702031 0.149278,
        1.771654 0.700705 0.149770,
        1.771654 0.846854 0.220346,
        1.771654 0.848676 0.158616,
        1.771654 0.848676 0.149487,
        1.771654 0.830941 0.194721,
        1.771654 0.844583 0.194721,
        1.771654 0.844583 0.185552,
        1.771654 0.830941 0.158616,
        1.771654 0.830941 0.185552,
        1.771654 0.815948 0.185552,
        1.771654 0.815948 0.158616,
        1.771654 0.830941 0.220346,
        1.771654 0.815948 0.220346,
        1.771654 0.815948 0.194721,
        1.771654 0.830941 0.149487,
        1.771654 0.805612 0.149487,
        1.771654 0.771991 0.148812,
        1.771654 0.794805 0.206674,
        1.771654 0.766069 0.163692,
        1.771654 0.767296 0.158985,
        1.771654 0.767563 0.158985,
        1.771654 0.805612 0.229557,
        1.771654 0.830941 0.229557,
        1.771654 0.846854 0.229557,
        1.771654 0.768023 0.160944,
        1.771654 0.768791 0.163610,
        1.771654 0.755968 0.192749,
        1.771654 0.784407 0.206674,
        1.771654 0.696069 0.161850,
        1.771654 0.696069 0.151493,
        1.771654 0.700224 0.159305,
        1.771654 0.700705 0.159129,
        1.771654 0.700705 0.180420,
        1.771654 0.698976 0.182195,
        1.771654 0.697668 0.184285,
        1.771654 0.696562 0.187348,
        1.771654 0.696130 0.191242,
        1.771654 0.696525 0.194824,
        1.771654 0.700616 0.180479,
        1.771654 0.711583 0.148137,
        1.771654 0.705930 0.148812,
        1.771654 0.731949 0.205446,
        1.771654 0.731949 0.195704,
        1.771654 0.702557 0.203440,
        1.771654 0.705929 0.205411,
        1.771654 0.697719 0.198053,
        1.771654 0.699581 0.200764,
        1.771654 0.700705 0.201775,
        1.771654 0.734215 0.161013,
        1.771654 0.732983 0.157835,
        1.771654 0.731113 0.155190,
        1.771654 0.711538 0.207297,
        1.771654 0.718399 0.207984,
        1.771654 0.725435 0.207360,
        1.771654 0.731335 0.174499,
        1.771654 0.733207 0.171736,
        1.771654 0.734277 0.168779,
        1.771654 0.734692 0.165043,
        1.771654 0.728244 0.152680,
        1.771654 0.725874 0.151226,
        1.771654 0.717417 0.199838,
        1.771654 0.714448 0.199615,
        1.771654 0.706467 0.192142,
        1.771654 0.711765 0.198905,
        1.771654 0.709516 0.197709,
        1.771654 0.706558 0.190808,
        1.771654 0.706956 0.189250,
        1.771654 0.707678 0.187897,
        1.771654 0.708657 0.186820,
        1.771654 0.712193 0.184610,
        1.771654 0.723702 0.199159,
        1.771654 0.718399 0.181908,
        1.771654 0.729387 0.197152,
        1.771654 0.722283 0.180337,
        1.771654 0.728943 0.176633,
        1.771654 0.708003 0.196372,
        1.771654 0.707143 0.195096,
        1.771654 0.706648 0.193742,
        1.771654 0.706523 0.157001,
        1.771654 0.711317 0.174622,
        1.771654 0.705339 0.177362,
        1.771654 0.712566 0.156324,
        1.771654 0.713009 0.156326,
        1.771654 0.717903 0.171864,
        1.771654 0.718150 0.156903,
        1.771654 0.724396 0.164061,
        1.771654 0.724298 0.165308,
        1.771654 0.720738 0.157850,
        1.771654 0.721652 0.158405,
        1.771654 0.722803 0.159426,
        1.771654 0.723679 0.160721,
        1.771654 0.724189 0.162147,
        1.771654 0.723843 0.166874,
        1.771654 0.723067 0.168204,
        1.771654 0.721817 0.169505,
        1.771654 0.755968 0.165829,
        1.771654 0.739911 0.206674,
        1.771654 0.751127 0.206674,
        1.771654 0.762343 0.149610,
        1.771654 0.762006 0.148812,
        1.771654 0.757943 0.139213,
        1.771654 0.741978 0.123371,
        1.771654 0.741978 0.132294,
        1.771654 0.754072 0.133484,
        1.771654 0.755941 0.135557,
        1.771654 0.755968 0.135606,
        1.771654 0.744030 0.131622,
        1.771654 0.747668 0.131148,
        1.771654 0.755968 0.124340,
        1.771654 0.752498 0.123018,
        1.771654 0.748446 0.122552,
        1.771654 0.746232 0.122631,
        1.771654 0.750230 0.131456,
        1.771654 0.752409 0.132316,
        1.771654 0.768852 0.140850,
        1.771654 0.764312 0.132008,
        1.771654 0.760642 0.127600,
        1.771654 0.759958 0.126974,
        1.771654 0.756455 0.124526,
        1.771654 0.924694 0.209215,
        1.771654 0.927657 0.201579,
        1.771654 0.928991 0.190546,
        1.771654 0.928751 0.185444,
        1.771654 0.926811 0.176070,
        1.771654 0.922867 0.167789,
        1.771654 0.916915 0.160704,
        1.771654 0.908552 0.154708,
        1.771654 0.899425 0.151143,
        1.771654 0.885825 0.149487,
        1.771654 0.863802 0.149487,
        1.771654 0.863802 0.229557,
        1.771654 0.886644 0.229557,
        1.771654 0.898870 0.228207,
        1.771654 0.908533 0.224677,
        1.771654 0.916915 0.218955,
        1.771654 0.919737 0.216195,
        1.775591 0.696069 0.161850,
        1.775591 0.700224 0.159305,
        1.775591 0.712566 0.156324,
        1.775591 0.706523 0.157001,
        1.775591 0.696069 0.151493,
        1.775591 0.702031 0.149278,
        1.775591 0.711583 0.148137,
        1.775591 0.720586 0.149198,
        1.775591 0.725874 0.151226,
        1.775591 0.728244 0.152680,
        1.775591 0.731113 0.155190,
        1.775591 0.732983 0.157835,
        1.775591 0.734215 0.161013,
        1.775591 0.734692 0.165043,
        1.775591 0.734277 0.168779,
        1.775591 0.733207 0.171736,
        1.775591 0.731335 0.174499,
        1.775591 0.728943 0.176633,
        1.775591 0.722283 0.180337,
        1.775591 0.718399 0.181908,
        1.775591 0.712193 0.184610,
        1.775591 0.708657 0.186820,
        1.775591 0.707678 0.187897,
        1.775591 0.706956 0.189250,
        1.775591 0.706558 0.190808,
        1.775591 0.706467 0.192142,
        1.775591 0.706648 0.193742,
        1.775591 0.707143 0.195096,
        1.775591 0.708003 0.196372,
        1.775591 0.709516 0.197709,
        1.775591 0.711765 0.198905,
        1.775591 0.714448 0.199615,
        1.775591 0.717417 0.199838,
        1.775591 0.723702 0.199159,
        1.775591 0.729387 0.197152,
        1.775591 0.731949 0.195704,
        1.775591 0.731949 0.205446,
        1.775591 0.725435 0.207360,
        1.775591 0.718399 0.207984,
        1.775591 0.711538 0.207297,
        1.775591 0.705929 0.205411,
        1.775591 0.702557 0.203440,
        1.775591 0.699581 0.200764,
        1.775591 0.697719 0.198053,
        1.775591 0.696525 0.194824,
        1.775591 0.696130 0.191242,
        1.775591 0.696562 0.187348,
        1.775591 0.697668 0.184285,
        1.775591 0.698976 0.182195,
        1.775591 0.711317 0.174622,
        1.775591 0.705339 0.177362,
        1.775591 0.700616 0.180479,
        1.775591 0.717903 0.171864,
        1.775591 0.721817 0.169505,
        1.775591 0.723067 0.168204,
        1.775591 0.723843 0.166874,
        1.775591 0.724298 0.165308,
        1.775591 0.724396 0.164061,
        1.775591 0.724189 0.162147,
        1.775591 0.723679 0.160721,
        1.775591 0.722803 0.159426,
        1.775591 0.721652 0.158405,
        1.775591 0.720738 0.157850,
        1.775591 0.718150 0.156903,
        1.775591 0.713009 0.156326,
        1.775591 0.784407 0.206674,
        1.775591 0.794805 0.206674,
        1.775591 0.768791 0.163610,
        1.775591 0.768023 0.160944,
        1.775591 0.767563 0.158985,
        1.775591 0.767296 0.158985,
        1.775591 0.766069 0.163692,
        1.775591 0.751127 0.206674,
        1.775591 0.739911 0.206674,
        1.775591 0.762343 0.149610,
        1.775591 0.757943 0.139213,
        1.775591 0.755941 0.135557,
        1.775591 0.754072 0.133484,
        1.775591 0.752409 0.132316,
        1.775591 0.750230 0.131456,
        1.775591 0.747668 0.131148,
        1.775591 0.744030 0.131622,
        1.775591 0.741978 0.132294,
        1.775591 0.741978 0.123371,
        1.775591 0.746232 0.122631,
        1.775591 0.748446 0.122552,
        1.775591 0.752498 0.123018,
        1.775591 0.756455 0.124526,
        1.775591 0.759958 0.126974,
        1.775591 0.760642 0.127600,
        1.775591 0.764312 0.132008,
        1.775591 0.768852 0.140850,
        1.775591 0.848676 0.158616,
        1.775591 0.848676 0.149487,
        1.775591 0.815948 0.158616,
        1.775591 0.815948 0.185552,
        1.775591 0.844583 0.185552,
        1.775591 0.844583 0.194721,
        1.775591 0.815948 0.194721,
        1.775591 0.815948 0.220346,
        1.775591 0.846854 0.220346,
        1.775591 0.846854 0.229557,
        1.775591 0.805612 0.229557,
        1.775591 0.805612 0.149487,
        1.775591 0.916915 0.160704,
        1.775591 0.908638 0.166100,
        1.775591 0.908552 0.154708,
        1.775591 0.903476 0.162510,
        1.775591 0.899425 0.151143,
        1.775591 0.896865 0.159944,
        1.775591 0.885825 0.149487,
        1.775591 0.885763 0.158616,
        1.775591 0.863802 0.149487,
        1.775591 0.874138 0.158616,
        1.775591 0.863802 0.229557,
        1.775591 0.874138 0.220346,
        1.775591 0.886644 0.229557,
        1.775591 0.886234 0.220346,
        1.775591 0.887266 0.220337,
        1.775591 0.898870 0.228207,
        1.775591 0.897440 0.218981,
        1.775591 0.908533 0.224677,
        1.775591 0.904230 0.216320,
        1.775591 0.916915 0.218955,
        1.775591 0.909342 0.212815,
        1.775591 0.919737 0.216195,
        1.775591 0.911572 0.210618,
        1.775591 0.924694 0.209215,
        1.775591 0.914676 0.206131,
        1.775591 0.927657 0.201579,
        1.775591 0.916934 0.200285,
        1.775591 0.928991 0.190546,
        1.775591 0.918123 0.190259,
        1.775591 0.928751 0.185444,
        1.775591 0.917789 0.184592,
        1.775591 0.926811 0.176070,
        1.775591 0.916148 0.177389,
        1.775591 0.922867 0.167789,
        1.775591 0.913307 0.171524,
        1.775591 0.909567 0.166967,
        1.771654 0.886234 0.220346,
        1.771654 0.874138 0.220346,
        1.771654 0.874138 0.158616,
        1.771654 0.885763 0.158616,
        1.771654 0.909567 0.166967,
        1.771654 0.908638 0.166100,
        1.771654 0.903476 0.162510,
        1.771654 0.896865 0.159944,
        1.771654 0.918123 0.190259,
        1.771654 0.917789 0.184592,
        1.771654 0.916148 0.177389,
        1.771654 0.913307 0.171524,
        1.771654 0.909342 0.212815,
        1.771654 0.911572 0.210618,
        1.771654 0.914676 0.206131,
        1.771654 0.916934 0.200285,
        1.771654 0.887266 0.220337,
        1.771654 0.897440 0.218981,
        1.771654 0.904230 0.216320,
      ]
    }
    coordIndex [
      31, 139, 140, -1,
      141, 84, 81, -1,
      141, 81, 142, -1,
      142, 81, 34, -1,
      142, 34, 140, -1,
      140, 34, 33, -1,
      140, 33, 31, -1,
      143, 139, 32, -1,
      32, 139, 31, -1,
      32, 3, 143, -1,
      143, 3, 144, -1,
      42, 145, 43, -1,
      43, 145, 144, -1,
      43, 144, 2, -1,
      2, 144, 3, -1,
      145, 42, 146, -1,
      146, 42, 1, -1,
      1, 0, 146, -1,
      146, 0, 62, -1,
      146, 62, 147, -1,
      147, 62, 61, -1,
      147, 61, 148, -1,
      148, 61, 53, -1,
      148, 53, 149, -1,
      149, 53, 52, -1,
      149, 52, 150, -1,
      150, 52, 51, -1,
      150, 51, 151, -1,
      151, 51, 60, -1,
      151, 60, 152, -1,
      152, 60, 59, -1,
      152, 59, 153, -1,
      153, 59, 58, -1,
      153, 58, 154, -1,
      154, 58, 57, -1,
      154, 57, 155, -1,
      155, 57, 77, -1,
      155, 77, 156, -1,
      156, 77, 76, -1,
      156, 76, 157, -1,
      157, 76, 74, -1,
      157, 74, 158, -1,
      158, 74, 72, -1,
      158, 72, 159, -1,
      159, 72, 71, -1,
      159, 71, 160, -1,
      160, 71, 70, -1,
      160, 70, 161, -1,
      161, 70, 69, -1,
      161, 69, 162, -1,
      162, 69, 68, -1,
      162, 68, 163, -1,
      163, 68, 65, -1,
      163, 65, 164, -1,
      164, 65, 80, -1,
      164, 80, 165, -1,
      165, 80, 79, -1,
      165, 79, 166, -1,
      166, 79, 78, -1,
      166, 78, 167, -1,
      167, 78, 67, -1,
      167, 67, 168, -1,
      168, 67, 66, -1,
      168, 66, 169, -1,
      169, 66, 64, -1,
      169, 64, 170, -1,
      170, 64, 63, -1,
      170, 63, 171, -1,
      171, 63, 73, -1,
      171, 73, 172, -1,
      172, 73, 75, -1,
      172, 75, 173, -1,
      173, 75, 45, -1,
      173, 45, 174, -1,
      175, 174, 44, -1,
      44, 174, 45, -1,
      175, 44, 56, -1,
      175, 56, 176, -1,
      176, 56, 55, -1,
      176, 55, 177, -1,
      177, 55, 54, -1,
      177, 54, 178, -1,
      178, 54, 47, -1,
      178, 47, 179, -1,
      179, 47, 46, -1,
      179, 46, 180, -1,
      46, 50, 180, -1,
      180, 50, 181, -1,
      50, 49, 181, -1,
      181, 49, 48, -1,
      181, 48, 182, -1,
      182, 48, 40, -1,
      182, 40, 183, -1,
      183, 40, 39, -1,
      183, 39, 184, -1,
      184, 39, 38, -1,
      184, 38, 185, -1,
      185, 38, 37, -1,
      185, 37, 186, -1,
      186, 37, 36, -1,
      186, 36, 187, -1,
      82, 188, 189, -1,
      187, 36, 41, -1,
      187, 41, 190, -1,
      190, 41, 35, -1,
      190, 35, 189, -1,
      189, 35, 83, -1,
      189, 83, 82, -1,
      188, 82, 86, -1,
      188, 86, 191, -1,
      191, 86, 97, -1,
      191, 97, 192, -1,
      192, 97, 96, -1,
      192, 96, 193, -1,
      193, 96, 95, -1,
      193, 95, 194, -1,
      194, 95, 89, -1,
      194, 89, 195, -1,
      195, 89, 88, -1,
      195, 88, 196, -1,
      196, 88, 94, -1,
      196, 94, 197, -1,
      197, 94, 93, -1,
      197, 93, 198, -1,
      198, 93, 92, -1,
      198, 92, 199, -1,
      199, 92, 91, -1,
      199, 91, 200, -1,
      200, 91, 90, -1,
      200, 90, 201, -1,
      201, 90, 87, -1,
      201, 87, 202, -1,
      202, 87, 85, -1,
      202, 85, 203, -1,
      203, 85, 84, -1,
      203, 84, 141, -1,
      167, 168, 179, -1,
      179, 168, 178, -1,
      191, 158, 188, -1,
      188, 158, 159, -1,
      147, 148, 199, -1,
      199, 148, 149, -1,
      199, 149, 198, -1,
      198, 149, 150, -1,
      198, 150, 197, -1,
      197, 150, 151, -1,
      197, 151, 196, -1,
      196, 151, 152, -1,
      196, 152, 195, -1,
      195, 152, 153, -1,
      195, 153, 194, -1,
      194, 153, 154, -1,
      194, 154, 193, -1,
      193, 154, 155, -1,
      193, 155, 192, -1,
      192, 155, 156, -1,
      192, 156, 191, -1,
      191, 156, 157, -1,
      191, 157, 158, -1,
      145, 141, 144, -1,
      144, 141, 142, -1,
      144, 142, 143, -1,
      143, 142, 140, -1,
      143, 140, 139, -1,
      168, 169, 178, -1,
      178, 169, 170, -1,
      178, 170, 177, -1,
      177, 170, 171, -1,
      177, 171, 176, -1,
      176, 171, 172, -1,
      176, 172, 175, -1,
      175, 172, 173, -1,
      175, 173, 174, -1,
      199, 200, 147, -1,
      147, 200, 201, -1,
      147, 201, 146, -1,
      146, 201, 202, -1,
      146, 202, 145, -1,
      145, 202, 203, -1,
      145, 203, 141, -1,
      179, 180, 167, -1,
      167, 180, 181, -1,
      167, 181, 166, -1,
      166, 181, 182, -1,
      166, 182, 165, -1,
      165, 182, 183, -1,
      165, 183, 164, -1,
      164, 183, 184, -1,
      164, 184, 163, -1,
      163, 184, 185, -1,
      163, 185, 162, -1,
      162, 185, 186, -1,
      162, 186, 161, -1,
      161, 186, 187, -1,
      161, 187, 160, -1,
      160, 187, 190, -1,
      160, 190, 159, -1,
      159, 190, 189, -1,
      159, 189, 188, -1,
      204, 205, 30, -1,
      30, 205, 20, -1,
      206, 204, 28, -1,
      28, 204, 30, -1,
      206, 28, 27, -1,
      206, 27, 207, -1,
      207, 27, 23, -1,
      207, 23, 208, -1,
      209, 208, 22, -1,
      22, 208, 23, -1,
      210, 209, 21, -1,
      21, 209, 22, -1,
      100, 211, 29, -1,
      29, 211, 210, -1,
      29, 210, 21, -1,
      212, 211, 99, -1,
      99, 211, 100, -1,
      101, 213, 98, -1,
      98, 213, 212, -1,
      98, 212, 99, -1,
      103, 214, 102, -1,
      102, 214, 213, -1,
      102, 213, 101, -1,
      103, 108, 214, -1,
      214, 108, 215, -1,
      108, 107, 215, -1,
      215, 107, 106, -1,
      215, 106, 216, -1,
      216, 106, 116, -1,
      216, 116, 217, -1,
      217, 116, 115, -1,
      217, 115, 218, -1,
      218, 115, 110, -1,
      218, 110, 219, -1,
      219, 110, 109, -1,
      219, 109, 220, -1,
      220, 109, 105, -1,
      220, 105, 221, -1,
      222, 221, 104, -1,
      104, 221, 105, -1,
      222, 104, 114, -1,
      222, 114, 223, -1,
      223, 114, 113, -1,
      223, 113, 224, -1,
      224, 113, 112, -1,
      224, 112, 225, -1,
      225, 112, 111, -1,
      225, 111, 226, -1,
      111, 121, 226, -1,
      226, 121, 120, -1,
      226, 120, 227, -1,
      227, 120, 119, -1,
      227, 119, 228, -1,
      228, 119, 118, -1,
      228, 118, 229, -1,
      229, 118, 117, -1,
      229, 117, 230, -1,
      20, 205, 19, -1,
      19, 205, 230, -1,
      19, 230, 117, -1,
      207, 208, 230, -1,
      205, 204, 230, -1,
      230, 204, 206, -1,
      230, 206, 207, -1,
      211, 212, 210, -1,
      210, 212, 213, -1,
      210, 213, 209, -1,
      221, 222, 220, -1,
      220, 222, 223, -1,
      220, 223, 219, -1,
      219, 223, 224, -1,
      219, 224, 218, -1,
      218, 224, 225, -1,
      218, 225, 217, -1,
      217, 225, 226, -1,
      217, 226, 216, -1,
      208, 209, 230, -1,
      230, 209, 213, -1,
      230, 213, 229, -1,
      213, 214, 229, -1,
      229, 214, 215, -1,
      229, 215, 228, -1,
      228, 215, 216, -1,
      228, 216, 227, -1,
      227, 216, 226, -1,
      231, 232, 5, -1,
      5, 232, 6, -1,
      13, 233, 10, -1,
      10, 233, 231, -1,
      10, 231, 5, -1,
      234, 233, 12, -1,
      12, 233, 13, -1,
      9, 235, 11, -1,
      11, 235, 234, -1,
      11, 234, 12, -1,
      236, 235, 8, -1,
      8, 235, 9, -1,
      16, 237, 7, -1,
      7, 237, 236, -1,
      7, 236, 8, -1,
      238, 237, 15, -1,
      15, 237, 16, -1,
      4, 239, 14, -1,
      14, 239, 238, -1,
      14, 238, 15, -1,
      240, 239, 26, -1,
      26, 239, 4, -1,
      24, 241, 25, -1,
      25, 241, 240, -1,
      25, 240, 26, -1,
      242, 241, 18, -1,
      18, 241, 24, -1,
      6, 232, 17, -1,
      17, 232, 242, -1,
      17, 242, 18, -1,
      242, 232, 231, -1,
      231, 233, 242, -1,
      242, 233, 234, -1,
      242, 234, 241, -1,
      239, 240, 238, -1,
      238, 240, 241, -1,
      238, 241, 237, -1,
      237, 241, 234, -1,
      237, 234, 236, -1,
      236, 234, 235, -1,
      243, 244, 245, -1,
      245, 244, 246, -1,
      245, 246, 247, -1,
      247, 246, 248, -1,
      247, 248, 249, -1,
      249, 248, 250, -1,
      249, 250, 251, -1,
      251, 250, 252, -1,
      251, 252, 253, -1,
      253, 252, 254, -1,
      253, 254, 255, -1,
      254, 256, 255, -1,
      255, 256, 257, -1,
      255, 257, 258, -1,
      258, 257, 259, -1,
      258, 259, 260, -1,
      260, 259, 261, -1,
      260, 261, 262, -1,
      262, 261, 263, -1,
      262, 263, 264, -1,
      264, 263, 265, -1,
      264, 265, 266, -1,
      266, 265, 267, -1,
      266, 267, 268, -1,
      268, 267, 269, -1,
      268, 269, 270, -1,
      270, 269, 271, -1,
      270, 271, 272, -1,
      272, 271, 273, -1,
      272, 273, 274, -1,
      274, 273, 275, -1,
      274, 275, 276, -1,
      276, 275, 277, -1,
      276, 277, 243, -1,
      243, 277, 278, -1,
      243, 278, 244, -1,
      249, 251, 131, -1,
      131, 251, 132, -1,
      249, 131, 130, -1,
      249, 130, 247, -1,
      247, 130, 129, -1,
      247, 129, 245, -1,
      245, 129, 128, -1,
      245, 128, 243, -1,
      243, 128, 127, -1,
      243, 127, 276, -1,
      276, 127, 126, -1,
      276, 126, 274, -1,
      274, 126, 125, -1,
      274, 125, 272, -1,
      272, 125, 124, -1,
      272, 124, 270, -1,
      270, 124, 123, -1,
      270, 123, 268, -1,
      268, 123, 122, -1,
      268, 122, 266, -1,
      266, 122, 138, -1,
      266, 138, 264, -1,
      264, 138, 137, -1,
      264, 137, 262, -1,
      262, 137, 136, -1,
      262, 136, 260, -1,
      260, 136, 135, -1,
      260, 135, 258, -1,
      258, 135, 134, -1,
      258, 134, 255, -1,
      253, 255, 133, -1,
      133, 255, 134, -1,
      251, 253, 132, -1,
      132, 253, 133, -1,
      256, 254, 279, -1,
      279, 254, 280, -1,
      254, 252, 280, -1,
      280, 252, 281, -1,
      252, 250, 281, -1,
      281, 250, 282, -1,
      278, 283, 284, -1,
      278, 284, 244, -1,
      244, 284, 285, -1,
      244, 285, 246, -1,
      246, 285, 286, -1,
      246, 286, 248, -1,
      248, 286, 282, -1,
      248, 282, 250, -1,
      271, 287, 288, -1,
      271, 288, 273, -1,
      273, 288, 289, -1,
      273, 289, 275, -1,
      275, 289, 290, -1,
      275, 290, 277, -1,
      277, 290, 283, -1,
      277, 283, 278, -1,
      263, 291, 292, -1,
      263, 292, 265, -1,
      265, 292, 293, -1,
      265, 293, 267, -1,
      267, 293, 294, -1,
      267, 294, 269, -1,
      269, 294, 287, -1,
      269, 287, 271, -1,
      256, 279, 295, -1,
      256, 295, 257, -1,
      257, 295, 296, -1,
      257, 296, 259, -1,
      259, 296, 297, -1,
      259, 297, 261, -1,
      261, 297, 291, -1,
      261, 291, 263, -1,
    ]
  }
}

Shape {
  appearance Appearance {
    material Material {
      diffuseColor 1.0000 0.9961 0.9373
      specularColor 0.3020 0.2980 0.2824
      ambientIntensity 0.2
      transparency 0.0000
      shininess 0.5
    }
  }
  geometry IndexedFaceSet {
    ccw TRUE
    solid FALSE
    coord DEF co Coordinate {
      point [
        1.771654 0.886234 0.220346,
        1.771654 0.874138 0.220346,
        1.771654 0.874138 0.158616,
        1.771654 0.885763 0.158616,
        1.771654 0.909567 0.166967,
        1.771654 0.908638 0.166100,
        1.771654 0.903476 0.162510,
        1.771654 0.896865 0.159944,
        1.771654 0.918123 0.190259,
        1.771654 0.917789 0.184592,
        1.771654 0.916148 0.177389,
        1.771654 0.913307 0.171524,
        1.771654 0.909342 0.212815,
        1.771654 0.911572 0.210618,
        1.771654 0.914676 0.206131,
        1.771654 0.916934 0.200285,
        1.771654 0.887266 0.220337,
        1.771654 0.897440 0.218981,
        1.771654 0.904230 0.216320,
      ]
    }
    coordIndex [
      6, 5, 16, -1,
      1, 2, 0, -1,
      0, 2, 3, -1,
      0, 3, 16, -1,
      16, 3, 7, -1,
      16, 7, 6, -1,
      5, 4, 16, -1,
      16, 4, 11, -1,
      16, 11, 10, -1,
      8, 12, 18, -1,
      15, 14, 8, -1,
      8, 14, 13, -1,
      8, 13, 12, -1,
      10, 9, 16, -1,
      16, 9, 8, -1,
      16, 8, 17, -1,
      17, 8, 18, -1,
    ]
  }
}

Shape {
  appearance Appearance {
    material Material {
      diffuseColor 0.0000 0.0000 0.0000
      specularColor 0.0000 0.0000 0.0000
      ambientIntensity 0.2
      transparency 0.0000
      shininess 0.5
    }
  }
  geometry IndexedFaceSet {
    ccw TRUE
    solid FALSE
    coord DEF co Coordinate {
      point [
        1.771654 0.974982 0.229557,
        1.771654 1.005479 0.149487,
        1.771654 0.985891 0.171388,
        1.771654 0.952550 0.171388,
        1.771654 0.994058 0.149487,
        1.771654 0.944854 0.149487,
        1.771654 0.933433 0.149487,
        1.771654 0.963930 0.229557,
        1.775591 0.955824 0.180435,
        1.775591 0.952550 0.171388,
        1.775591 0.982698 0.180435,
        1.775591 0.985891 0.171388,
        1.775591 0.967798 0.213715,
        1.775591 0.963930 0.229557,
        1.775591 0.933433 0.149487,
        1.775591 0.944854 0.149487,
        1.775591 0.968491 0.216105,
        1.775591 0.969108 0.219323,
        1.775591 0.974982 0.229557,
        1.775591 0.969354 0.219323,
        1.775591 0.970001 0.215936,
        1.775591 0.970602 0.213715,
        1.775591 1.005479 0.149487,
        1.775591 0.994058 0.149487,
        1.771654 0.955824 0.180435,
        1.771654 0.982698 0.180435,
        1.771654 0.970602 0.213715,
        1.771654 0.969354 0.219323,
        1.771654 0.970001 0.215936,
        1.771654 0.969108 0.219323,
        1.771654 0.967798 0.213715,
        1.771654 0.968491 0.216105,
      ]
    }
    coordIndex [
      8, 9, 10, -1,
      10, 9, 11, -1,
      12, 13, 8, -1,
      8, 13, 14, -1,
      8, 14, 9, -1,
      9, 14, 15, -1,
      12, 16, 13, -1,
      13, 16, 17, -1,
      13, 17, 18, -1,
      18, 17, 19, -1,
      18, 19, 20, -1,
      20, 21, 18, -1,
      18, 21, 10, -1,
      18, 10, 22, -1,
      22, 10, 11, -1,
      22, 11, 23, -1,
      18, 22, 0, -1,
      0, 22, 1, -1,
      13, 18, 7, -1,
      7, 18, 0, -1,
      14, 13, 6, -1,
      6, 13, 7, -1,
      15, 14, 5, -1,
      5, 14, 6, -1,
      9, 15, 3, -1,
      3, 15, 5, -1,
      11, 9, 2, -1,
      2, 9, 3, -1,
      23, 11, 4, -1,
      4, 11, 2, -1,
      22, 23, 1, -1,
      1, 23, 4, -1,
      8, 10, 24, -1,
      24, 10, 25, -1,
      10, 21, 25, -1,
      25, 21, 26, -1,
      19, 27, 28, -1,
      19, 28, 20, -1,
      20, 28, 26, -1,
      20, 26, 21, -1,
      19, 17, 27, -1,
      27, 17, 29, -1,
      12, 30, 31, -1,
      12, 31, 16, -1,
      16, 31, 29, -1,
      16, 29, 17, -1,
      12, 8, 30, -1,
      30, 8, 24, -1,
    ]
  }
}

Shape {
  appearance Appearance {
    material Material {
      diffuseColor 1.0000 0.9961 0.9373
      specularColor 0.3020 0.2980 0.2824
      ambientIntensity 0.2
      transparency 0.0000
      shininess 0.5
    }
  }
  geometry IndexedFaceSet {
    ccw TRUE
    solid FALSE
    coord DEF co Coordinate {
      point [
        1.771654 0.955824 0.180435,
        1.771654 0.982698 0.180435,
        1.771654 0.970602 0.213715,
        1.771654 0.969354 0.219323,
        1.771654 0.970001 0.215936,
        1.771654 0.969108 0.219323,
        1.771654 0.967798 0.213715,
        1.771654 0.968491 0.216105,
      ]
    }
    coordIndex [
      3, 5, 4, -1,
      4, 5, 7, -1,
      4, 7, 2, -1,
      2, 7, 6, -1,
      2, 6, 1, -1,
      1, 6, 0, -1,
    ]
  }
}

Shape {
  appearance Appearance {
    material Material {
      diffuseColor 0.0000 0.0000 0.0000
      specularColor 0.0000 0.0000 0.0000
      ambientIntensity 0.2
      transparency 0.0000
      shininess 0.5
    }
  }
  geometry IndexedFaceSet {
    ccw TRUE
    solid FALSE
    coord DEF co Coordinate {
      point [
        1.771654 0.409523 0.363572,
        1.771654 0.418580 0.357255,
        1.771654 0.431189 0.348460,
        1.771654 0.451191 0.324901,
        1.771654 0.513738 0.252358,
        1.771654 0.508736 0.264865,
        1.771654 0.497120 0.281064,
        1.771654 0.481684 0.294128,
        1.771654 0.461931 0.303486,
        1.771654 0.464744 0.302540,
        1.771654 0.353766 0.378063,
        1.771654 0.381330 0.374652,
        1.771654 0.328637 0.375313,
        1.771654 0.302188 0.365928,
        1.771654 0.287770 0.357255,
        1.771654 0.285452 0.355861,
        1.771654 0.168164 0.287095,
        1.771654 0.181842 0.304625,
        1.771654 0.224932 0.329193,
        1.771654 0.247309 0.331951,
        1.771654 0.272074 0.344404,
        1.771654 0.253856 0.331595,
        1.771654 0.260403 0.330812,
        1.771654 0.185725 0.308299,
        1.771654 0.203840 0.321017,
        1.771654 0.196490 0.162704,
        1.771654 0.178995 0.177674,
        1.771654 0.217024 0.152611,
        1.771654 0.165980 0.196263,
        1.771654 0.157832 0.217458,
        1.771654 0.155085 0.239726,
        1.771654 0.155247 0.245208,
        1.771654 0.156526 0.252358,
        1.771654 0.159074 0.266603,
        1.771654 0.224538 0.150348,
        1.771654 0.225256 0.148812,
        1.771654 0.230244 0.138138,
        1.771654 0.238710 0.127689,
        1.771654 0.292394 0.113333,
        1.771654 0.278620 0.111637,
        1.771654 0.276420 0.111678,
        1.771654 0.262980 0.113775,
        1.771654 0.255081 0.117094,
        1.771654 0.249846 0.119295,
        1.771654 0.331966 0.148812,
        1.771654 0.331919 0.148610,
        1.771654 0.325188 0.135919,
        1.771654 0.316431 0.126098,
        1.771654 0.305091 0.118208,
        1.771654 0.302191 0.117094,
        1.771654 0.404654 0.182396,
        1.771654 0.408560 0.183939,
        1.771654 0.415249 0.216385,
        1.771654 0.321317 0.206708,
        1.771654 0.397601 0.246558,
        1.771654 0.311372 0.215763,
        1.771654 0.299293 0.222239,
        1.771654 0.401154 0.179915,
        1.771654 0.508520 0.190557,
        1.771654 0.497226 0.174828,
        1.771654 0.482717 0.233312,
        1.771654 0.480048 0.244247,
        1.771654 0.475680 0.252358,
        1.771654 0.192365 0.252358,
        1.771654 0.515690 0.247478,
        1.771654 0.518290 0.228910,
        1.771654 0.515674 0.208578,
        1.771654 0.412972 0.184506,
        1.771654 0.413526 0.184465,
        1.771654 0.415234 0.184087,
        1.771654 0.195704 0.218180,
        1.771654 0.202500 0.206612,
        1.771654 0.231406 0.200738,
        1.771654 0.212707 0.196127,
        1.771654 0.225107 0.188491,
        1.771654 0.252461 0.219583,
        1.771654 0.240819 0.211497,
        1.771654 0.190950 0.240865,
        1.771654 0.191627 0.232115,
        1.771654 0.265036 0.224391,
        1.771654 0.278620 0.226063,
        1.771654 0.285552 0.225652,
        1.771654 0.481730 0.161711,
        1.771654 0.464359 0.153213,
        1.771654 0.445421 0.149210,
        1.771654 0.395324 0.166858,
        1.771654 0.395469 0.169104,
        1.771654 0.335549 0.174258,
        1.771654 0.396612 0.173437,
        1.771654 0.398801 0.177321,
        1.771654 0.471442 0.198233,
        1.771654 0.477705 0.207113,
        1.771654 0.481628 0.217259,
        1.771654 0.482994 0.228341,
        1.771654 0.411833 0.149210,
        1.771654 0.408626 0.149727,
        1.771654 0.404861 0.151209,
        1.771654 0.401169 0.153834,
        1.771654 0.399845 0.155181,
        1.771654 0.397364 0.158757,
        1.771654 0.395864 0.162617,
        1.771654 0.335243 0.162665,
        1.771654 0.335549 0.168566,
        1.771654 0.416387 0.183936,
        1.771654 0.442006 0.183936,
        1.771654 0.452209 0.185889,
        1.771654 0.462256 0.190540,
        1.771654 0.470676 0.197411,
        1.771654 0.421780 0.306920,
        1.771654 0.408944 0.322265,
        1.771654 0.278051 0.289254,
        1.771654 0.407479 0.323599,
        1.771654 0.391483 0.334697,
        1.771654 0.286743 0.307254,
        1.771654 0.273961 0.291489,
        1.771654 0.261195 0.296148,
        1.771654 0.474757 0.254072,
        1.771654 0.468178 0.261420,
        1.771654 0.438590 0.272745,
        1.771654 0.459348 0.267585,
        1.771654 0.449413 0.271410,
        1.771654 0.434035 0.272745,
        1.771654 0.430558 0.288575,
        1.771654 0.227924 0.294163,
        1.771654 0.215232 0.287433,
        1.771654 0.241979 0.297488,
        1.771654 0.205411 0.278676,
        1.771654 0.197522 0.267336,
        1.771654 0.299509 0.322509,
        1.771654 0.373631 0.341535,
        1.771654 0.314788 0.333673,
        1.771654 0.354335 0.343906,
        1.771654 0.333387 0.341209,
        1.771654 0.247879 0.297794,
        1.771654 0.192646 0.254639,
        1.775591 0.230244 0.138138,
        1.775591 0.238710 0.127689,
        1.775591 0.225107 0.188491,
        1.775591 0.215232 0.287433,
        1.775591 0.227924 0.294163,
        1.775591 0.224932 0.329193,
        1.775591 0.325188 0.135919,
        1.775591 0.331919 0.148610,
        1.775591 0.335243 0.162665,
        1.775591 0.260403 0.330812,
        1.775591 0.278051 0.289254,
        1.775591 0.286743 0.307254,
        1.775591 0.212707 0.196127,
        1.775591 0.217024 0.152611,
        1.775591 0.224538 0.150348,
        1.775591 0.247309 0.331951,
        1.775591 0.415249 0.216385,
        1.775591 0.397601 0.246558,
        1.775591 0.335549 0.174258,
        1.775591 0.321317 0.206708,
        1.775591 0.335549 0.168566,
        1.775591 0.305091 0.118208,
        1.775591 0.316431 0.126098,
        1.775591 0.263345 0.151381,
        1.775591 0.267904 0.148263,
        1.775591 0.249846 0.119295,
        1.775591 0.273178 0.146339,
        1.775591 0.298509 0.176645,
        1.775591 0.299988 0.171453,
        1.775591 0.300157 0.165933,
        1.775591 0.298919 0.160438,
        1.775591 0.296368 0.155476,
        1.775591 0.434035 0.272745,
        1.775591 0.438590 0.272745,
        1.775591 0.461931 0.303486,
        1.775591 0.449413 0.271410,
        1.775591 0.464744 0.302540,
        1.775591 0.459348 0.267585,
        1.775591 0.481684 0.294128,
        1.775591 0.497120 0.281064,
        1.775591 0.272074 0.344404,
        1.775591 0.299509 0.322509,
        1.775591 0.285452 0.355861,
        1.775591 0.314788 0.333673,
        1.775591 0.302188 0.365928,
        1.775591 0.241979 0.297488,
        1.775591 0.247879 0.297794,
        1.775591 0.253856 0.331595,
        1.775591 0.261195 0.296148,
        1.775591 0.273961 0.291489,
        1.775591 0.255994 0.165435,
        1.775591 0.257257 0.160185,
        1.775591 0.259702 0.155497,
        1.775591 0.262980 0.113775,
        1.775591 0.276420 0.111678,
        1.775591 0.278051 0.145794,
        1.775591 0.278620 0.111637,
        1.775591 0.283386 0.146436,
        1.775591 0.292394 0.113333,
        1.775591 0.288351 0.148320,
        1.775591 0.292722 0.151343,
        1.775591 0.497226 0.174828,
        1.775591 0.470676 0.197411,
        1.775591 0.481730 0.161711,
        1.775591 0.462256 0.190540,
        1.775591 0.464359 0.153213,
        1.775591 0.452209 0.185889,
        1.775591 0.445421 0.149210,
        1.775591 0.442006 0.183936,
        1.775591 0.411833 0.149210,
        1.775591 0.416387 0.183936,
        1.775591 0.408626 0.149727,
        1.775591 0.468178 0.261420,
        1.775591 0.474757 0.254072,
        1.775591 0.508736 0.264865,
        1.775591 0.480048 0.244247,
        1.775591 0.515690 0.247478,
        1.775591 0.482717 0.233312,
        1.775591 0.518290 0.228910,
        1.775591 0.482994 0.228341,
        1.775591 0.515674 0.208578,
        1.775591 0.481628 0.217259,
        1.775591 0.508520 0.190557,
        1.775591 0.477705 0.207113,
        1.775591 0.471442 0.198233,
        1.775591 0.431189 0.348460,
        1.775591 0.408944 0.322265,
        1.775591 0.451191 0.324901,
        1.775591 0.421780 0.306920,
        1.775591 0.430558 0.288575,
        1.775591 0.192646 0.254639,
        1.775591 0.155247 0.245208,
        1.775591 0.190950 0.240865,
        1.775591 0.155085 0.239726,
        1.775591 0.191627 0.232115,
        1.775591 0.157832 0.217458,
        1.775591 0.195704 0.218180,
        1.775591 0.165980 0.196263,
        1.775591 0.202500 0.206612,
        1.775591 0.178995 0.177674,
        1.775591 0.196490 0.162704,
        1.775591 0.256047 0.170989,
        1.775591 0.257498 0.176419,
        1.775591 0.231406 0.200738,
        1.775591 0.260255 0.181267,
        1.775591 0.240819 0.211497,
        1.775591 0.263283 0.184557,
        1.775591 0.252461 0.219583,
        1.775591 0.267770 0.187659,
        1.775591 0.265036 0.224391,
        1.775591 0.272761 0.189555,
        1.775591 0.278620 0.226063,
        1.775591 0.278051 0.190198,
        1.775591 0.285552 0.225652,
        1.775591 0.282015 0.189839,
        1.775591 0.299293 0.222239,
        1.775591 0.287372 0.188134,
        1.775591 0.311372 0.215763,
        1.775591 0.292071 0.185193,
        1.775591 0.295873 0.181233,
        1.775591 0.328637 0.375313,
        1.775591 0.333387 0.341209,
        1.775591 0.353766 0.378063,
        1.775591 0.354335 0.343906,
        1.775591 0.381330 0.374652,
        1.775591 0.373631 0.341535,
        1.775591 0.409523 0.363572,
        1.775591 0.391483 0.334697,
        1.775591 0.407479 0.323599,
        1.775591 0.203840 0.321017,
        1.775591 0.185725 0.308299,
        1.775591 0.205411 0.278676,
        1.775591 0.181842 0.304625,
        1.775591 0.197522 0.267336,
        1.775591 0.168164 0.287095,
        1.775591 0.159074 0.266603,
        1.775591 0.413526 0.184465,
        1.775591 0.399845 0.155181,
        1.775591 0.401169 0.153834,
        1.775591 0.415234 0.184087,
        1.775591 0.404861 0.151209,
        1.775591 0.395324 0.166858,
        1.775591 0.395864 0.162617,
        1.775591 0.397364 0.158757,
        1.775591 0.408560 0.183939,
        1.775591 0.404654 0.182396,
        1.775591 0.395469 0.169104,
        1.775591 0.401154 0.179915,
        1.775591 0.398801 0.177321,
        1.775591 0.396612 0.173437,
        1.775591 0.412972 0.184506,
        1.771654 0.278051 0.190198,
        1.771654 0.282015 0.189839,
        1.771654 0.287372 0.188134,
        1.771654 0.292071 0.185193,
        1.771654 0.295873 0.181233,
        1.771654 0.298509 0.176645,
        1.771654 0.299988 0.171453,
        1.771654 0.300157 0.165933,
        1.771654 0.298919 0.160438,
        1.771654 0.296368 0.155476,
        1.771654 0.292722 0.151343,
        1.771654 0.288351 0.148320,
        1.771654 0.283386 0.146436,
        1.771654 0.278051 0.145794,
        1.771654 0.273178 0.146339,
        1.771654 0.267904 0.148263,
        1.771654 0.263345 0.151381,
        1.771654 0.259702 0.155497,
        1.771654 0.257257 0.160185,
        1.771654 0.255994 0.165435,
        1.771654 0.256047 0.170989,
        1.771654 0.257498 0.176419,
        1.771654 0.260255 0.181267,
        1.771654 0.263283 0.184557,
        1.771654 0.267770 0.187659,
        1.771654 0.272761 0.189555,
      ]
    }
    coordIndex [
      135, 136, 137, -1,
      138, 139, 140, -1,
      141, 142, 143, -1,
      144, 145, 146, -1,
      147, 148, 137, -1,
      137, 148, 149, -1,
      137, 149, 135, -1,
      140, 139, 150, -1,
      151, 152, 153, -1,
      153, 152, 154, -1,
      153, 154, 155, -1,
      155, 154, 156, -1,
      155, 156, 143, -1,
      143, 156, 157, -1,
      143, 157, 141, -1,
      158, 136, 159, -1,
      159, 136, 160, -1,
      159, 160, 161, -1,
      162, 163, 154, -1,
      154, 163, 164, -1,
      154, 164, 156, -1,
      156, 164, 165, -1,
      156, 165, 166, -1,
      167, 168, 169, -1,
      169, 168, 170, -1,
      169, 170, 171, -1,
      171, 170, 172, -1,
      171, 172, 173, -1,
      173, 172, 174, -1,
      144, 146, 175, -1,
      175, 146, 176, -1,
      175, 176, 177, -1,
      177, 176, 178, -1,
      177, 178, 179, -1,
      139, 180, 150, -1,
      150, 180, 181, -1,
      150, 181, 182, -1,
      182, 181, 183, -1,
      182, 183, 144, -1,
      144, 183, 184, -1,
      144, 184, 145, -1,
      185, 137, 186, -1,
      186, 137, 136, -1,
      186, 136, 187, -1,
      187, 136, 158, -1,
      160, 188, 161, -1,
      161, 188, 189, -1,
      161, 189, 190, -1,
      190, 189, 191, -1,
      190, 191, 192, -1,
      192, 191, 193, -1,
      192, 193, 194, -1,
      194, 193, 156, -1,
      194, 156, 195, -1,
      195, 156, 166, -1,
      196, 197, 198, -1,
      198, 197, 199, -1,
      198, 199, 200, -1,
      200, 199, 201, -1,
      200, 201, 202, -1,
      202, 201, 203, -1,
      202, 203, 204, -1,
      204, 203, 205, -1,
      204, 205, 206, -1,
      172, 207, 174, -1,
      174, 207, 208, -1,
      174, 208, 209, -1,
      209, 208, 210, -1,
      209, 210, 211, -1,
      211, 210, 212, -1,
      211, 212, 213, -1,
      213, 212, 214, -1,
      213, 214, 215, -1,
      215, 214, 216, -1,
      215, 216, 217, -1,
      217, 216, 218, -1,
      217, 218, 196, -1,
      196, 218, 219, -1,
      196, 219, 197, -1,
      220, 221, 222, -1,
      222, 221, 223, -1,
      222, 223, 169, -1,
      169, 223, 224, -1,
      169, 224, 167, -1,
      225, 226, 227, -1,
      227, 226, 228, -1,
      227, 228, 229, -1,
      229, 228, 230, -1,
      229, 230, 231, -1,
      231, 230, 232, -1,
      231, 232, 233, -1,
      233, 232, 234, -1,
      233, 234, 147, -1,
      147, 234, 235, -1,
      147, 235, 148, -1,
      185, 236, 137, -1,
      137, 236, 237, -1,
      137, 237, 238, -1,
      238, 237, 239, -1,
      238, 239, 240, -1,
      240, 239, 241, -1,
      240, 241, 242, -1,
      242, 241, 243, -1,
      242, 243, 244, -1,
      244, 243, 245, -1,
      244, 245, 246, -1,
      246, 245, 247, -1,
      246, 247, 248, -1,
      248, 247, 249, -1,
      248, 249, 250, -1,
      250, 249, 251, -1,
      250, 251, 252, -1,
      252, 251, 253, -1,
      252, 253, 154, -1,
      154, 253, 254, -1,
      154, 254, 162, -1,
      179, 178, 255, -1,
      255, 178, 256, -1,
      255, 256, 257, -1,
      257, 256, 258, -1,
      257, 258, 259, -1,
      259, 258, 260, -1,
      259, 260, 261, -1,
      261, 260, 262, -1,
      261, 262, 220, -1,
      220, 262, 263, -1,
      220, 263, 221, -1,
      140, 264, 138, -1,
      138, 264, 265, -1,
      138, 265, 266, -1,
      266, 265, 267, -1,
      266, 267, 268, -1,
      268, 267, 269, -1,
      268, 269, 225, -1,
      225, 269, 270, -1,
      225, 270, 226, -1,
      271, 272, 273, -1,
      205, 274, 206, -1,
      206, 274, 271, -1,
      206, 271, 275, -1,
      275, 271, 273, -1,
      276, 277, 271, -1,
      271, 277, 278, -1,
      271, 278, 272, -1,
      279, 280, 281, -1,
      280, 282, 281, -1,
      281, 282, 283, -1,
      281, 283, 284, -1,
      276, 271, 281, -1,
      281, 271, 285, -1,
      281, 285, 279, -1,
      213, 65, 64, -1,
      213, 64, 211, -1,
      211, 64, 4, -1,
      211, 4, 209, -1,
      4, 5, 209, -1,
      209, 5, 6, -1,
      209, 6, 174, -1,
      174, 6, 7, -1,
      174, 7, 173, -1,
      173, 7, 9, -1,
      173, 9, 171, -1,
      171, 9, 8, -1,
      171, 8, 169, -1,
      169, 8, 3, -1,
      169, 3, 222, -1,
      222, 3, 2, -1,
      222, 2, 220, -1,
      220, 2, 261, -1,
      261, 2, 1, -1,
      1, 0, 261, -1,
      261, 0, 11, -1,
      261, 11, 259, -1,
      259, 11, 10, -1,
      259, 10, 257, -1,
      257, 10, 12, -1,
      257, 12, 255, -1,
      255, 12, 13, -1,
      255, 13, 179, -1,
      179, 13, 177, -1,
      177, 13, 14, -1,
      177, 14, 15, -1,
      177, 15, 20, -1,
      177, 20, 175, -1,
      175, 20, 22, -1,
      175, 22, 144, -1,
      144, 22, 21, -1,
      144, 21, 182, -1,
      182, 21, 19, -1,
      182, 19, 150, -1,
      150, 19, 18, -1,
      150, 18, 140, -1,
      140, 18, 24, -1,
      140, 24, 264, -1,
      264, 24, 23, -1,
      264, 23, 265, -1,
      265, 23, 17, -1,
      265, 17, 267, -1,
      33, 269, 16, -1,
      16, 269, 267, -1,
      16, 267, 17, -1,
      32, 226, 33, -1,
      33, 226, 270, -1,
      33, 270, 269, -1,
      32, 31, 226, -1,
      226, 31, 30, -1,
      226, 30, 228, -1,
      228, 30, 29, -1,
      228, 29, 230, -1,
      230, 29, 28, -1,
      230, 28, 232, -1,
      232, 28, 26, -1,
      232, 26, 234, -1,
      234, 26, 25, -1,
      234, 25, 235, -1,
      235, 25, 27, -1,
      235, 27, 148, -1,
      148, 27, 34, -1,
      148, 34, 149, -1,
      149, 34, 35, -1,
      149, 35, 135, -1,
      35, 36, 135, -1,
      135, 36, 37, -1,
      135, 37, 136, -1,
      136, 37, 43, -1,
      136, 43, 160, -1,
      160, 43, 42, -1,
      160, 42, 188, -1,
      42, 41, 188, -1,
      188, 41, 40, -1,
      188, 40, 189, -1,
      189, 40, 39, -1,
      189, 39, 191, -1,
      102, 155, 143, -1,
      191, 39, 38, -1,
      49, 156, 38, -1,
      38, 156, 193, -1,
      38, 193, 191, -1,
      49, 48, 156, -1,
      156, 48, 47, -1,
      156, 47, 157, -1,
      157, 47, 46, -1,
      157, 46, 141, -1,
      141, 46, 45, -1,
      141, 45, 142, -1,
      142, 45, 44, -1,
      142, 44, 143, -1,
      143, 44, 101, -1,
      143, 101, 102, -1,
      153, 155, 87, -1,
      87, 155, 102, -1,
      151, 153, 52, -1,
      52, 153, 87, -1,
      152, 151, 54, -1,
      54, 151, 52, -1,
      154, 152, 53, -1,
      53, 152, 54, -1,
      154, 53, 55, -1,
      154, 55, 252, -1,
      252, 55, 56, -1,
      252, 56, 250, -1,
      250, 56, 81, -1,
      250, 81, 248, -1,
      248, 81, 80, -1,
      248, 80, 246, -1,
      246, 80, 79, -1,
      246, 79, 244, -1,
      244, 79, 75, -1,
      244, 75, 242, -1,
      242, 75, 76, -1,
      242, 76, 240, -1,
      240, 76, 72, -1,
      240, 72, 238, -1,
      238, 72, 74, -1,
      238, 74, 137, -1,
      137, 74, 73, -1,
      137, 73, 147, -1,
      147, 73, 71, -1,
      147, 71, 233, -1,
      233, 71, 70, -1,
      233, 70, 231, -1,
      231, 70, 78, -1,
      231, 78, 229, -1,
      229, 78, 77, -1,
      229, 77, 227, -1,
      227, 77, 225, -1,
      225, 77, 63, -1,
      63, 134, 225, -1,
      225, 134, 127, -1,
      225, 127, 268, -1,
      268, 127, 126, -1,
      268, 126, 266, -1,
      266, 126, 124, -1,
      266, 124, 138, -1,
      138, 124, 123, -1,
      138, 123, 139, -1,
      139, 123, 125, -1,
      139, 125, 180, -1,
      180, 125, 133, -1,
      180, 133, 181, -1,
      181, 133, 115, -1,
      181, 115, 183, -1,
      183, 115, 114, -1,
      183, 114, 184, -1,
      184, 114, 110, -1,
      184, 110, 145, -1,
      145, 110, 113, -1,
      145, 113, 146, -1,
      146, 113, 128, -1,
      146, 128, 176, -1,
      176, 128, 130, -1,
      176, 130, 178, -1,
      178, 130, 132, -1,
      178, 132, 256, -1,
      256, 132, 131, -1,
      256, 131, 258, -1,
      258, 131, 129, -1,
      258, 129, 260, -1,
      260, 129, 112, -1,
      260, 112, 262, -1,
      262, 112, 111, -1,
      262, 111, 263, -1,
      263, 111, 109, -1,
      263, 109, 221, -1,
      221, 109, 108, -1,
      221, 108, 223, -1,
      223, 108, 122, -1,
      223, 122, 224, -1,
      224, 122, 121, -1,
      224, 121, 167, -1,
      168, 167, 118, -1,
      118, 167, 121, -1,
      168, 118, 120, -1,
      168, 120, 170, -1,
      170, 120, 119, -1,
      170, 119, 172, -1,
      172, 119, 117, -1,
      172, 117, 207, -1,
      207, 117, 116, -1,
      207, 116, 208, -1,
      208, 116, 62, -1,
      208, 62, 210, -1,
      62, 61, 210, -1,
      210, 61, 60, -1,
      210, 60, 212, -1,
      212, 60, 93, -1,
      212, 93, 214, -1,
      214, 93, 92, -1,
      214, 92, 216, -1,
      216, 92, 91, -1,
      216, 91, 218, -1,
      218, 91, 90, -1,
      218, 90, 219, -1,
      219, 90, 107, -1,
      219, 107, 197, -1,
      197, 107, 106, -1,
      197, 106, 199, -1,
      199, 106, 105, -1,
      199, 105, 201, -1,
      201, 105, 104, -1,
      201, 104, 203, -1,
      205, 203, 103, -1,
      103, 203, 104, -1,
      205, 103, 69, -1,
      205, 69, 274, -1,
      274, 69, 68, -1,
      274, 68, 271, -1,
      271, 68, 67, -1,
      271, 67, 285, -1,
      285, 67, 51, -1,
      285, 51, 279, -1,
      279, 51, 50, -1,
      279, 50, 280, -1,
      280, 50, 57, -1,
      280, 57, 282, -1,
      282, 57, 89, -1,
      282, 89, 283, -1,
      283, 89, 88, -1,
      283, 88, 284, -1,
      284, 88, 86, -1,
      284, 86, 281, -1,
      281, 86, 85, -1,
      281, 85, 276, -1,
      276, 85, 100, -1,
      276, 100, 277, -1,
      277, 100, 99, -1,
      277, 99, 278, -1,
      278, 99, 98, -1,
      278, 98, 272, -1,
      272, 98, 97, -1,
      272, 97, 273, -1,
      273, 97, 96, -1,
      273, 96, 275, -1,
      275, 96, 95, -1,
      275, 95, 206, -1,
      206, 95, 94, -1,
      206, 94, 204, -1,
      202, 204, 84, -1,
      84, 204, 94, -1,
      202, 84, 83, -1,
      202, 83, 200, -1,
      200, 83, 82, -1,
      200, 82, 198, -1,
      198, 82, 59, -1,
      198, 59, 196, -1,
      196, 59, 58, -1,
      196, 58, 217, -1,
      217, 58, 66, -1,
      217, 66, 215, -1,
      215, 66, 65, -1,
      215, 65, 213, -1,
      247, 286, 287, -1,
      247, 287, 249, -1,
      249, 287, 288, -1,
      249, 288, 251, -1,
      251, 288, 289, -1,
      251, 289, 253, -1,
      253, 289, 290, -1,
      253, 290, 254, -1,
      254, 290, 291, -1,
      254, 291, 162, -1,
      162, 291, 292, -1,
      162, 292, 163, -1,
      163, 292, 293, -1,
      163, 293, 164, -1,
      164, 293, 294, -1,
      164, 294, 165, -1,
      165, 294, 295, -1,
      165, 295, 166, -1,
      166, 295, 296, -1,
      166, 296, 195, -1,
      195, 296, 297, -1,
      195, 297, 194, -1,
      194, 297, 298, -1,
      194, 298, 192, -1,
      192, 298, 299, -1,
      192, 299, 190, -1,
      190, 299, 300, -1,
      190, 300, 161, -1,
      161, 300, 301, -1,
      161, 301, 159, -1,
      159, 301, 302, -1,
      159, 302, 158, -1,
      158, 302, 303, -1,
      158, 303, 187, -1,
      187, 303, 304, -1,
      187, 304, 186, -1,
      186, 304, 305, -1,
      186, 305, 185, -1,
      185, 305, 306, -1,
      185, 306, 236, -1,
      236, 306, 307, -1,
      236, 307, 237, -1,
      237, 307, 308, -1,
      237, 308, 239, -1,
      239, 308, 309, -1,
      239, 309, 241, -1,
      241, 309, 310, -1,
      241, 310, 243, -1,
      243, 310, 311, -1,
      243, 311, 245, -1,
      245, 311, 286, -1,
      245, 286, 247, -1,
    ]
  }
}

Shape {
  appearance Appearance {
    material Material {
      diffuseColor 1.0000 0.9961 0.9373
      specularColor 0.3020 0.2980 0.2824
      ambientIntensity 0.2
      transparency 0.0000
      shininess 0.5
    }
  }
  geometry IndexedFaceSet {
    ccw TRUE
    solid FALSE
    coord DEF co Coordinate {
      point [
        -1.653543 -0.204724 1.456693,
        -1.653543 -0.086614 1.456693,
        -1.653543 -0.834646 1.456693,
        -1.653543 -0.952756 1.456693,
        -1.496063 -0.952756 1.456693,
        -1.496063 -0.086614 1.456693,
        1.653543 -0.834646 1.456693,
        1.653543 -0.952756 1.456693,
        1.496063 -0.952756 1.456693,
        1.496063 -0.086614 1.456693,
        1.653543 -0.086614 1.456693,
        1.653543 -0.204724 1.456693,
        1.614173 -0.913386 1.417323,
        1.535433 -0.913386 1.417323,
        1.535433 -0.125984 1.417323,
        1.614173 -0.125984 1.417323,
        -1.535433 -0.913386 1.417323,
        -1.614173 -0.913386 1.417323,
        -1.535433 -0.125984 1.417323,
        -1.614173 -0.125984 1.417323,
        1.614173 -0.834646 1.417323,
        1.614173 -0.204724 1.417323,
        -1.614173 -0.204724 1.417323,
        -1.614173 -0.834646 1.417323,
        1.771654 0.278051 0.190198,
        1.771654 0.282015 0.189839,
        1.771654 0.287372 0.188134,
        1.771654 0.292071 0.185193,
        1.771654 0.295873 0.181233,
        1.771654 0.298509 0.176645,
        1.771654 0.299988 0.171453,
        1.771654 0.300157 0.165933,
        1.771654 0.298919 0.160438,
        1.771654 0.296368 0.155476,
        1.771654 0.292722 0.151343,
        1.771654 0.288351 0.148320,
        1.771654 0.283386 0.146436,
        1.771654 0.278051 0.145794,
        1.771654 0.273178 0.146339,
        1.771654 0.267904 0.148263,
        1.771654 0.263345 0.151381,
        1.771654 0.259702 0.155497,
        1.771654 0.257257 0.160185,
        1.771654 0.255994 0.165435,
        1.771654 0.256047 0.170989,
        1.771654 0.257498 0.176419,
        1.771654 0.260255 0.181267,
        1.771654 0.263283 0.184557,
        1.771654 0.267770 0.187659,
        1.771654 0.272761 0.189555,
      ]
    }
    coordIndex [
      36, 25, 37, -1,
      37, 25, 24, -1,
      37, 24, 49, -1,
      49, 48, 37, -1,
      37, 48, 47, -1,
      37, 47, 46, -1,
      34, 28, 27, -1,
      42, 41, 46, -1,
      46, 41, 40, -1,
      36, 35, 25, -1,
      25, 35, 34, -1,
      25, 34, 26, -1,
      26, 34, 27, -1,
      40, 39, 46, -1,
      46, 39, 38, -1,
      46, 38, 37, -1,
      45, 44, 46, -1,
      46, 44, 43, -1,
      46, 43, 42, -1,
      32, 31, 33, -1,
      33, 31, 30, -1,
      33, 30, 34, -1,
      34, 30, 29, -1,
      34, 29, 28, -1,
      12, 7, 20, -1,
      20, 7, 6, -1,
      13, 8, 12, -1,
      12, 8, 7, -1,
      14, 9, 13, -1,
      13, 9, 8, -1,
      15, 10, 14, -1,
      14, 10, 9, -1,
      21, 11, 15, -1,
      15, 11, 10, -1,
      19, 1, 22, -1,
      22, 1, 0, -1,
      18, 5, 19, -1,
      19, 5, 1, -1,
      16, 4, 18, -1,
      18, 4, 5, -1,
      17, 3, 16, -1,
      16, 3, 4, -1,
      23, 2, 17, -1,
      17, 2, 3, -1,
    ]
  }
}
