#VRML V2.0 utf8

Shape {
  appearance Appearance {
    material Material {
      diffuseColor 0.2235 0.2235 0.2235
      specularColor 0.1137 0.1137 0.1137
      ambientIntensity 0.2
      transparency 0.0000
      shininess 0.5
    }
  }
  geometry IndexedFaceSet {
    ccw TRUE
    solid FALSE
    coord DEF co Coordinate {
      point [
        0.295276 0.246063 0.314961,
        0.381890 0.246063 0.314961,
        0.295276 0.246063 0.255906,
        0.381890 0.246063 0.255906,
        0.216535 0.246063 0.255906,
        -0.216535 0.246063 0.255906,
        0.216535 0.246063 0.314961,
        -0.216535 0.246063 0.314961,
        0.216535 -0.246063 0.314961,
        0.039370 -0.246063 0.314961,
        0.216535 -0.246063 0.255906,
        0.039370 -0.246063 0.255906,
        -0.039370 -0.246063 0.314961,
        -0.216535 -0.246063 0.314961,
        -0.039370 -0.246063 0.255906,
        -0.216535 -0.246063 0.255906,
        -0.295276 -0.246063 0.314961,
        -0.381890 -0.246063 0.314961,
        -0.295276 -0.246063 0.255906,
        -0.381890 -0.246063 0.255906,
        0.067412 0.031975 0.019685,
        0.075166 0.031105 0.019685,
        0.050384 -0.027141 0.019685,
        0.154600 -0.039083 0.019685,
        0.075269 -0.039563 0.019685,
        0.114269 -0.039083 0.019685,
        0.080342 -0.039037 0.019685,
        0.087996 -0.036399 0.019685,
        0.103435 0.018826 0.019685,
        0.098839 0.026203 0.019685,
        0.144037 0.039657 0.019685,
        0.057842 0.030732 0.019685,
        0.048972 -0.026359 0.019685,
        0.048972 0.026934 0.019685,
        0.041291 0.206609 0.019685,
        0.048972 0.037497 0.019685,
        0.081059 0.028978 0.019685,
        0.086509 0.025332 0.019685,
        0.091264 0.020082 0.019685,
        0.096985 -0.000553 0.019685,
        0.096187 -0.009077 0.019685,
        0.094046 -0.015855 0.019685,
        0.076540 -0.030574 0.019685,
        0.069183 -0.031401 0.019685,
        0.082276 -0.028459 0.019685,
        0.087108 -0.025198 0.019685,
        0.090789 -0.021313 0.019685,
        0.058731 -0.030241 0.019685,
        0.094510 0.014003 0.019685,
        0.096609 0.005574 0.019685,
        0.094329 -0.032348 0.019685,
        0.100237 -0.026118 0.019685,
        0.114269 -0.030441 0.019685,
        0.104426 -0.018628 0.019685,
        0.144037 -0.030441 0.019685,
        0.091757 0.033050 0.019685,
        0.084285 0.037380 0.019685,
        0.075508 0.039955 0.019685,
        0.106791 -0.010291 0.019685,
        0.107548 -0.001198 0.019685,
        0.106461 0.009780 0.019685,
        0.067502 0.040618 0.019685,
        0.058076 0.039967 0.019685,
        0.048972 -0.035002 0.019685,
        0.057366 -0.038448 0.019685,
        0.041291 -0.039563 0.019685,
        0.065322 -0.039563 0.019685,
        0.041291 -0.206609 0.019685,
        0.068485 -0.040006 0.019685,
        0.070638 -0.040043 0.019685,
        0.154600 0.039657 0.019685,
        0.354247 0.206609 0.019685,
        0.354247 -0.039563 0.019685,
        0.354247 -0.206609 0.019685,
        -0.024006 -0.039083 0.019685,
        -0.008642 -0.030441 0.019685,
        -0.008642 -0.039083 0.019685,
        0.033609 -0.039083 0.019685,
        0.033609 0.039657 0.019685,
        -0.006722 0.039657 0.019685,
        -0.354247 0.206609 0.019685,
        -0.093144 -0.039083 0.019685,
        -0.083458 -0.017486 0.019685,
        -0.078946 -0.024531 0.019685,
        -0.164202 -0.039083 0.019685,
        -0.354247 -0.039563 0.019685,
        -0.133474 0.039657 0.019685,
        -0.122911 0.039657 0.019685,
        0.023046 0.031015 0.019685,
        0.023046 0.005089 0.019685,
        -0.006722 0.031015 0.019685,
        -0.004801 0.005089 0.019685,
        -0.004801 -0.003554 0.019685,
        0.023046 -0.003554 0.019685,
        0.023046 -0.030441 0.019685,
        -0.072468 -0.030739 0.019685,
        -0.064252 -0.035520 0.019685,
        -0.055180 -0.038229 0.019685,
        -0.024006 0.039657 0.019685,
        -0.057409 0.038485 0.019685,
        -0.066604 0.035311 0.019685,
        -0.075249 0.029582 0.019685,
        -0.046227 0.039657 0.019685,
        -0.075873 0.029029 0.019685,
        -0.081299 0.022838 0.019685,
        -0.084863 0.016013 0.019685,
        -0.086884 0.008228 0.019685,
        -0.087382 0.001278 0.019685,
        -0.086278 -0.009260 0.019685,
        -0.045417 -0.039083 0.019685,
        -0.144712 -0.016997 0.019685,
        -0.112184 -0.016997 0.019685,
        -0.152679 -0.039083 0.019685,
        -0.104667 -0.039083 0.019685,
        -0.354247 -0.206609 0.019685,
        0.278255 -0.225945 0.393701,
        0.373583 -0.225945 0.393701,
        0.373583 -0.201339 0.393701,
        0.108988 -0.225945 0.393701,
        0.278255 -0.201339 0.393701,
        -0.054254 -0.029183 0.393701,
        -0.060976 -0.024621 0.393701,
        -0.069369 -0.028068 0.393701,
        -0.054254 0.050518 0.393701,
        -0.072547 0.050518 0.393701,
        -0.070079 0.050348 0.393701,
        -0.060976 0.047877 0.393701,
        -0.060976 0.037315 0.393701,
        -0.060976 -0.015979 0.393701,
        -0.069845 0.041112 0.393701,
        -0.062387 -0.016761 0.393701,
        -0.079415 0.042356 0.393701,
        -0.087169 0.041485 0.393701,
        -0.093062 0.039358 0.393701,
        -0.098512 0.035712 0.393701,
        -0.103267 0.030463 0.393701,
        -0.108988 0.009828 0.393701,
        -0.108191 0.001303 0.393701,
        -0.106049 -0.005474 0.393701,
        -0.088543 -0.020194 0.393701,
        -0.081186 -0.021020 0.393701,
        -0.094280 -0.018078 0.393701,
        -0.099111 -0.014818 0.393701,
        -0.102792 -0.010933 0.393701,
        -0.070734 -0.019860 0.393701,
        -0.106513 0.024383 0.393701,
        -0.108612 0.015954 0.393701,
        -0.085306 0.050518 0.393701,
        -0.079506 0.050998 0.393701,
        -0.054254 0.225945 0.393701,
        -0.106331 -0.021968 0.393701,
        -0.112240 -0.015737 0.393701,
        -0.124352 -0.029183 0.393701,
        -0.100000 -0.026019 0.393701,
        -0.118464 0.020160 0.393701,
        -0.115439 0.029207 0.393701,
        -0.124352 0.050518 0.393701,
        -0.110842 0.036583 0.393701,
        -0.103760 0.043431 0.393701,
        -0.096288 0.047761 0.393701,
        -0.124352 0.225945 0.393701,
        -0.087511 0.050335 0.393701,
        -0.116429 -0.008248 0.393701,
        -0.118794 0.000089 0.393701,
        -0.119551 0.009182 0.393701,
        -0.077325 -0.029183 0.393701,
        -0.080488 -0.029626 0.393701,
        -0.054254 -0.073670 0.393701,
        -0.082641 -0.029663 0.393701,
        -0.124352 -0.073670 0.393701,
        -0.087272 -0.029183 0.393701,
        -0.092345 -0.028657 0.393701,
        0.032810 0.048321 0.393701,
        0.036760 0.045770 0.393701,
        0.050413 0.050518 0.393701,
        0.039832 0.042589 0.393701,
        0.042167 0.038609 0.393701,
        0.043174 -0.017193 0.393701,
        0.040201 -0.021572 0.393701,
        0.050413 -0.029183 0.393701,
        0.036107 -0.025146 0.393701,
        0.041183 0.022139 0.393701,
        0.038444 0.018525 0.393701,
        0.037066 0.011228 0.393701,
        0.034439 0.015159 0.393701,
        0.032453 0.013939 0.393701,
        0.043062 0.026447 0.393701,
        0.040798 0.007432 0.393701,
        0.043886 0.002122 0.393701,
        0.020135 -0.029663 0.393701,
        -0.011523 -0.073670 0.393701,
        0.025340 -0.029271 0.393701,
        0.050413 -0.073670 0.393701,
        0.025664 -0.029183 0.393701,
        0.031367 -0.027622 0.393701,
        0.045310 -0.002831 0.393701,
        0.045612 -0.006617 0.393701,
        0.044919 -0.012532 0.393701,
        0.043691 0.031028 0.393701,
        0.043381 0.034616 0.393701,
        0.016522 0.050518 0.393701,
        0.017621 0.050788 0.393701,
        -0.011523 0.225945 0.393701,
        0.050413 0.225945 0.393701,
        0.021095 0.050998 0.393701,
        0.025348 0.050518 0.393701,
        0.027485 0.050276 0.393701,
        0.000407 0.007591 0.393701,
        0.004757 0.011354 0.393701,
        -0.011523 0.050518 0.393701,
        -0.001441 0.031028 0.393701,
        -0.000746 0.036200 0.393701,
        0.000978 0.040324 0.393701,
        -0.002781 0.003120 0.393701,
        0.009902 0.013939 0.393701,
        0.004888 0.017512 0.393701,
        0.003757 0.044085 0.393701,
        0.007431 0.047127 0.393701,
        0.011884 0.049378 0.393701,
        -0.003703 -0.015204 0.393701,
        -0.011523 -0.029183 0.393701,
        -0.001141 -0.019874 0.393701,
        0.002298 -0.023625 0.393701,
        -0.005077 -0.009798 0.393701,
        -0.005281 -0.006617 0.393701,
        -0.004569 -0.001270 0.393701,
        0.015714 -0.029183 0.393701,
        0.013086 -0.028897 0.393701,
        0.007181 -0.026817 0.393701,
        0.001659 0.021226 0.393701,
        -0.000324 0.024976 0.393701,
        -0.001270 0.028645 0.393701,
        -0.174731 0.020385 0.393701,
        -0.176458 0.024519 0.393701,
        -0.221241 0.050518 0.393701,
        -0.167925 0.013355 0.393701,
        -0.172174 0.016932 0.393701,
        -0.177165 -0.014059 0.393701,
        -0.177165 -0.025581 0.393701,
        -0.221241 -0.029183 0.393701,
        -0.174642 -0.026788 0.393701,
        -0.167479 -0.028619 0.393701,
        -0.177165 0.029872 0.393701,
        -0.176460 0.035314 0.393701,
        -0.174921 0.039082 0.393701,
        -0.172446 0.042501 0.393701,
        -0.169065 0.045435 0.393701,
        -0.164637 0.047979 0.393701,
        -0.157915 0.007532 0.393701,
        -0.171409 -0.017596 0.393701,
        -0.147214 0.001852 0.393701,
        -0.162089 -0.020461 0.393701,
        -0.146117 0.001153 0.393701,
        -0.156175 -0.021020 0.393701,
        -0.150457 -0.020580 0.393701,
        -0.146461 -0.019500 0.393701,
        -0.143637 -0.017941 0.393701,
        -0.141998 -0.016395 0.393701,
        -0.140955 -0.014834 0.393701,
        -0.140049 -0.012378 0.393701,
        -0.139716 -0.009272 0.393701,
        -0.140058 -0.006478 0.393701,
        -0.140950 -0.004238 0.393701,
        -0.142876 -0.001597 0.393701,
        -0.162005 -0.029183 0.393701,
        -0.221241 -0.073670 0.393701,
        -0.139603 0.009113 0.393701,
        -0.134480 0.004763 0.393701,
        -0.132034 0.037315 0.393701,
        -0.131620 0.000891 0.393701,
        -0.129916 -0.003045 0.393701,
        -0.129172 -0.007748 0.393701,
        -0.129153 -0.008402 0.393701,
        -0.129773 -0.013935 0.393701,
        -0.131233 -0.017924 0.393701,
        -0.133777 -0.021616 0.393701,
        -0.137070 -0.024491 0.393701,
        -0.141520 -0.026926 0.393701,
        -0.149205 -0.029069 0.393701,
        -0.150763 -0.029183 0.393701,
        -0.157345 -0.029663 0.393701,
        -0.149873 0.014929 0.393701,
        -0.137987 0.040406 0.393701,
        -0.157192 0.018807 0.393701,
        -0.144718 0.042014 0.393701,
        -0.150158 0.042356 0.393701,
        -0.165428 0.025732 0.393701,
        -0.166257 0.027903 0.393701,
        -0.166603 0.030908 0.393701,
        -0.164097 0.023779 0.393701,
        -0.161682 0.021661 0.393701,
        -0.164512 0.037106 0.393701,
        -0.165659 0.035319 0.393701,
        -0.166356 0.033294 0.393701,
        -0.155671 0.041856 0.393701,
        -0.159851 0.040519 0.393701,
        -0.162717 0.038830 0.393701,
        -0.154241 0.050518 0.393701,
        -0.149318 0.050998 0.393701,
        -0.140577 0.050624 0.393701,
        -0.140068 0.050518 0.393701,
        -0.132034 0.048837 0.393701,
        -0.158023 0.050149 0.393701,
        -0.221241 0.225945 0.393701,
        0.093306 0.048321 0.393701,
        0.097256 0.045770 0.393701,
        0.108988 0.050518 0.393701,
        0.100328 0.042589 0.393701,
        0.102663 0.038609 0.393701,
        0.103670 -0.017193 0.393701,
        0.100696 -0.021572 0.393701,
        0.108988 -0.029183 0.393701,
        0.096602 -0.025146 0.393701,
        0.101679 0.022139 0.393701,
        0.098940 0.018525 0.393701,
        0.097561 0.011228 0.393701,
        0.094935 0.015159 0.393701,
        0.092949 0.013939 0.393701,
        0.103557 0.026447 0.393701,
        0.101293 0.007432 0.393701,
        0.104381 0.002122 0.393701,
        0.091863 -0.027622 0.393701,
        0.086160 -0.029183 0.393701,
        0.108988 -0.073670 0.393701,
        0.085835 -0.029271 0.393701,
        0.105806 -0.002831 0.393701,
        0.106107 -0.006617 0.393701,
        0.105414 -0.012532 0.393701,
        0.104187 0.031028 0.393701,
        0.103876 0.034616 0.393701,
        0.077018 0.050518 0.393701,
        0.078117 0.050788 0.393701,
        0.108988 0.225945 0.393701,
        0.081591 0.050998 0.393701,
        0.085843 0.050518 0.393701,
        0.087980 0.050276 0.393701,
        0.060903 0.007591 0.393701,
        0.065252 0.011354 0.393701,
        0.059055 0.031028 0.393701,
        0.059750 0.036200 0.393701,
        0.061473 0.040324 0.393701,
        0.064253 0.044085 0.393701,
        0.057714 0.003120 0.393701,
        0.070398 0.013939 0.393701,
        0.065383 0.017512 0.393701,
        0.067927 0.047127 0.393701,
        0.072380 0.049378 0.393701,
        0.067677 -0.026817 0.393701,
        0.062793 -0.023625 0.393701,
        0.059354 -0.019874 0.393701,
        0.056793 -0.015204 0.393701,
        0.055419 -0.009798 0.393701,
        0.055214 -0.006617 0.393701,
        0.055926 -0.001270 0.393701,
        0.080631 -0.029663 0.393701,
        0.076209 -0.029183 0.393701,
        0.073581 -0.028897 0.393701,
        0.062155 0.021226 0.393701,
        0.060171 0.024976 0.393701,
        0.059226 0.028645 0.393701,
        0.108988 -0.201339 0.393701,
        0.050413 -0.225945 0.393701,
        0.050413 -0.201339 0.393701,
        -0.011523 -0.225945 0.393701,
        -0.011523 -0.201339 0.393701,
        -0.054254 -0.225945 0.393701,
        -0.054254 -0.201339 0.393701,
        -0.124352 -0.225945 0.393701,
        -0.124352 -0.201339 0.393701,
        -0.221241 -0.225945 0.393701,
        -0.221241 -0.201339 0.393701,
        -0.373583 -0.225945 0.393701,
        -0.373583 -0.201339 0.393701,
        -0.266322 -0.139563 0.393701,
        -0.265315 -0.147205 0.393701,
        -0.266322 -0.154848 0.393701,
        -0.320415 -0.161969 0.393701,
        -0.315722 -0.168084 0.393701,
        -0.309607 -0.172777 0.393701,
        -0.269271 -0.161969 0.393701,
        -0.273964 -0.168084 0.393701,
        -0.280079 -0.172777 0.393701,
        -0.320415 -0.132441 0.393701,
        -0.315722 -0.126326 0.393701,
        -0.373583 -0.073670 0.393701,
        -0.309607 -0.121633 0.393701,
        -0.302485 -0.118684 0.393701,
        -0.269271 -0.132441 0.393701,
        -0.273964 -0.126326 0.393701,
        -0.280079 -0.121633 0.393701,
        -0.287201 -0.175727 0.393701,
        -0.294843 -0.176733 0.393701,
        -0.302485 -0.175727 0.393701,
        -0.323365 -0.154848 0.393701,
        -0.324370 -0.147205 0.393701,
        -0.323365 -0.139563 0.393701,
        -0.294843 -0.117678 0.393701,
        -0.287201 -0.118684 0.393701,
        0.278255 -0.073670 0.393701,
        0.278255 -0.029183 0.393701,
        -0.047532 -0.001816 0.393701,
        -0.047532 0.005867 0.393701,
        -0.017765 -0.001816 0.393701,
        -0.017765 0.005867 0.393701,
        0.123392 -0.028702 0.393701,
        0.111869 -0.028702 0.393701,
        0.171404 -0.028702 0.393701,
        0.163437 -0.006617 0.393701,
        0.130909 -0.006617 0.393701,
        0.141636 0.050038 0.393701,
        0.152199 0.050038 0.393701,
        -0.373583 -0.029183 0.393701,
        -0.373583 0.050518 0.393701,
        -0.373583 0.225945 0.393701,
        0.182927 -0.028702 0.393701,
        0.278255 0.050518 0.393701,
        0.278255 0.225945 0.393701,
        0.373583 -0.073670 0.393701,
        0.373583 -0.029183 0.393701,
        0.373583 0.050518 0.393701,
        0.373583 0.225945 0.393701,
        0.393701 -0.234252 0.255906,
        0.393701 0.234252 0.255906,
        0.393701 -0.234252 0.314961,
        0.393701 0.234252 0.314961,
        -0.295276 0.246063 0.255906,
        -0.381890 0.246063 0.255906,
        -0.295276 0.246063 0.314961,
        -0.381890 0.246063 0.314961,
        -0.393701 -0.234252 0.314961,
        -0.393701 0.234252 0.314961,
        -0.393701 -0.234252 0.255906,
        -0.393701 0.234252 0.255906,
        0.295276 -0.246063 0.255906,
        0.381890 -0.246063 0.255906,
        0.295276 -0.246063 0.314961,
        0.381890 -0.246063 0.314961,
        -0.373583 0.237669 0.383329,
        0.373583 0.237669 0.383329,
        0.381978 0.246063 0.314961,
        -0.381978 0.246063 0.314961,
        -0.385306 0.225945 0.383329,
        -0.393701 0.234340 0.314961,
        -0.385306 -0.225945 0.383329,
        -0.393701 -0.234340 0.314961,
        0.393701 0.234340 0.314961,
        0.385306 0.225945 0.383329,
        0.385306 -0.225945 0.383329,
        0.393701 -0.234340 0.314961,
        -0.373583 -0.237669 0.383329,
        -0.381978 -0.246063 0.314961,
        0.373583 -0.237669 0.383329,
        0.381978 -0.246063 0.314961,
        0.354247 -0.218332 0.030057,
        0.381978 -0.246063 0.255906,
        -0.354247 -0.218332 0.030057,
        -0.381978 -0.246063 0.255906,
        0.365970 -0.206609 0.030057,
        0.365970 0.206609 0.030057,
        0.393701 0.234340 0.255906,
        0.393701 -0.234340 0.255906,
        -0.365970 0.206609 0.030057,
        -0.365970 -0.206609 0.030057,
        -0.393701 -0.234340 0.255906,
        -0.393701 0.234340 0.255906,
        0.354247 0.218332 0.030057,
        -0.354247 0.218332 0.030057,
        -0.381978 0.246063 0.255906,
        0.381978 0.246063 0.255906,
        0.373583 0.237014 0.386010,
        -0.373583 0.237014 0.386010,
        0.373583 0.236975 0.386086,
        -0.373583 0.236975 0.386086,
        0.373583 0.235698 0.388552,
        -0.373583 0.235698 0.388552,
        0.373583 0.235654 0.388602,
        -0.373583 0.235654 0.388602,
        0.373583 0.233810 0.390702,
        -0.373583 0.233810 0.390702,
        0.373583 0.233768 0.390731,
        -0.373583 0.233768 0.390731,
        0.373583 0.231460 0.392334,
        -0.373583 0.231460 0.392334,
        0.373583 0.231428 0.392346,
        -0.373583 0.231428 0.392346,
        0.373583 0.228786 0.393354,
        -0.373583 0.228786 0.393354,
        0.373583 0.228769 0.393356,
        -0.373583 0.228769 0.393356,
        0.375619 0.233542 0.390702,
        0.375011 0.231272 0.392334,
        0.374319 0.228689 0.393354,
        0.375004 0.228406 0.393354,
        0.376043 0.227366 0.393354,
        0.375592 0.227954 0.393354,
        0.376327 0.226681 0.393354,
        0.376448 0.236637 0.386010,
        0.376605 0.237225 0.383646,
        0.376590 0.237232 0.383645,
        0.379395 0.236041 0.383843,
        0.379118 0.235531 0.386010,
        0.379406 0.236032 0.383843,
        0.381410 0.233772 0.386010,
        0.381812 0.234174 0.383911,
        0.383169 0.231480 0.386010,
        0.383670 0.231769 0.383843,
        0.383678 0.231757 0.383843,
        0.384275 0.228810 0.386010,
        0.384863 0.228967 0.383646,
        0.384870 0.228952 0.383645,
        0.384652 0.225945 0.386010,
        0.376407 0.225945 0.393356,
        0.376341 0.230721 0.392334,
        0.377483 0.229845 0.392334,
        0.378359 0.228703 0.392334,
        0.378910 0.227373 0.392334,
        0.376424 0.225945 0.393354,
        0.379066 0.225945 0.392346,
        0.379098 0.225945 0.392334,
        0.381406 0.225945 0.390731,
        0.377515 0.232756 0.390702,
        0.379144 0.231507 0.390702,
        0.380394 0.229878 0.390702,
        0.381180 0.227981 0.390702,
        0.376107 0.235366 0.388552,
        0.378460 0.234392 0.388552,
        0.380480 0.232842 0.388552,
        0.382030 0.230822 0.388552,
        0.383004 0.228470 0.388552,
        0.381448 0.225945 0.390702,
        0.383291 0.225945 0.388602,
        0.383336 0.225945 0.388552,
        0.384613 0.225945 0.386086,
        -0.383291 0.225945 0.388602,
        -0.381448 0.225945 0.390702,
        -0.381180 0.227981 0.390702,
        -0.378910 0.227373 0.392334,
        -0.376327 0.226681 0.393354,
        -0.376043 0.227366 0.393354,
        -0.375004 0.228406 0.393354,
        -0.375592 0.227954 0.393354,
        -0.374319 0.228689 0.393354,
        -0.376407 0.225945 0.393356,
        -0.384275 0.228810 0.386010,
        -0.384863 0.228967 0.383646,
        -0.384870 0.228952 0.383645,
        -0.383678 0.231757 0.383843,
        -0.383169 0.231480 0.386010,
        -0.383670 0.231769 0.383843,
        -0.381410 0.233772 0.386010,
        -0.381812 0.234174 0.383911,
        -0.379118 0.235531 0.386010,
        -0.379406 0.236032 0.383843,
        -0.379395 0.236041 0.383843,
        -0.376448 0.236637 0.386010,
        -0.376605 0.237225 0.383646,
        -0.376590 0.237232 0.383645,
        -0.381406 0.225945 0.390731,
        -0.379098 0.225945 0.392334,
        -0.379066 0.225945 0.392346,
        -0.376424 0.225945 0.393354,
        -0.378359 0.228703 0.392334,
        -0.377483 0.229845 0.392334,
        -0.376341 0.230721 0.392334,
        -0.375011 0.231272 0.392334,
        -0.380394 0.229878 0.390702,
        -0.379144 0.231507 0.390702,
        -0.377515 0.232756 0.390702,
        -0.375619 0.233542 0.390702,
        -0.384613 0.225945 0.386086,
        -0.383336 0.225945 0.388552,
        -0.383004 0.228470 0.388552,
        -0.382030 0.230822 0.388552,
        -0.380480 0.232842 0.388552,
        -0.378460 0.234392 0.388552,
        -0.376107 0.235366 0.388552,
        -0.384652 0.225945 0.386010,
        0.376407 -0.225945 0.393356,
        0.376424 -0.225945 0.393354,
        0.379066 -0.225945 0.392346,
        0.379098 -0.225945 0.392334,
        0.381406 -0.225945 0.390731,
        0.381448 -0.225945 0.390702,
        0.383291 -0.225945 0.388602,
        0.383336 -0.225945 0.388552,
        0.384613 -0.225945 0.386086,
        0.384652 -0.225945 0.386010,
        0.387820 0.244466 0.315222,
        0.387794 0.244477 0.315221,
        0.385003 0.245645 0.315122,
        0.384946 0.245653 0.315119,
        0.390241 0.242604 0.315256,
        0.392104 0.240183 0.315222,
        0.392115 0.240156 0.315221,
        0.393283 0.237365 0.315122,
        0.393291 0.237308 0.315119,
        -0.392104 0.240183 0.315222,
        -0.392115 0.240156 0.315221,
        -0.393283 0.237365 0.315122,
        -0.393291 0.237308 0.315119,
        -0.390241 0.242604 0.315256,
        -0.387820 0.244466 0.315222,
        -0.387794 0.244477 0.315221,
        -0.385003 0.245645 0.315122,
        -0.384946 0.245653 0.315119,
        -0.376407 -0.225945 0.393356,
        -0.376424 -0.225945 0.393354,
        -0.379066 -0.225945 0.392346,
        -0.379098 -0.225945 0.392334,
        -0.381406 -0.225945 0.390731,
        -0.381448 -0.225945 0.390702,
        -0.383291 -0.225945 0.388602,
        -0.383336 -0.225945 0.388552,
        -0.384613 -0.225945 0.386086,
        -0.384652 -0.225945 0.386010,
        0.373583 -0.228769 0.393356,
        -0.373583 -0.228769 0.393356,
        0.373583 -0.228786 0.393354,
        -0.373583 -0.228786 0.393354,
        0.373583 -0.231428 0.392346,
        -0.373583 -0.231428 0.392346,
        0.373583 -0.231460 0.392334,
        -0.373583 -0.231460 0.392334,
        0.373583 -0.233768 0.390731,
        -0.373583 -0.233768 0.390731,
        0.373583 -0.233810 0.390702,
        -0.373583 -0.233810 0.390702,
        0.373583 -0.235654 0.388602,
        -0.373583 -0.235654 0.388602,
        0.373583 -0.235698 0.388552,
        -0.373583 -0.235698 0.388552,
        0.373583 -0.236975 0.386086,
        -0.373583 -0.236975 0.386086,
        0.373583 -0.237014 0.386010,
        -0.373583 -0.237014 0.386010,
        0.381180 -0.227981 0.390702,
        0.378910 -0.227373 0.392334,
        0.376327 -0.226681 0.393354,
        0.376043 -0.227366 0.393354,
        0.375004 -0.228406 0.393354,
        0.375592 -0.227954 0.393354,
        0.374319 -0.228689 0.393354,
        0.384275 -0.228810 0.386010,
        0.384863 -0.228967 0.383646,
        0.384870 -0.228952 0.383645,
        0.383678 -0.231757 0.383843,
        0.383169 -0.231480 0.386010,
        0.383670 -0.231769 0.383843,
        0.381410 -0.233772 0.386010,
        0.381812 -0.234174 0.383911,
        0.379118 -0.235531 0.386010,
        0.379406 -0.236032 0.383843,
        0.379395 -0.236041 0.383843,
        0.376448 -0.236637 0.386010,
        0.376605 -0.237225 0.383646,
        0.376590 -0.237232 0.383645,
        0.378359 -0.228703 0.392334,
        0.377483 -0.229845 0.392334,
        0.376341 -0.230721 0.392334,
        0.375011 -0.231272 0.392334,
        0.380394 -0.229878 0.390702,
        0.379144 -0.231507 0.390702,
        0.377515 -0.232756 0.390702,
        0.375619 -0.233542 0.390702,
        0.383004 -0.228470 0.388552,
        0.382030 -0.230822 0.388552,
        0.380480 -0.232842 0.388552,
        0.378460 -0.234392 0.388552,
        0.376107 -0.235366 0.388552,
        0.393291 0.237308 0.255747,
        0.393700 0.234340 0.314961,
        0.393700 0.234340 0.255906,
        0.393283 0.237365 0.255744,
        0.392115 0.240156 0.255645,
        0.392104 0.240183 0.255644,
        0.390241 0.242604 0.255610,
        0.387820 0.244466 0.255644,
        0.387794 0.244477 0.255645,
        0.385003 0.245645 0.255744,
        0.381978 0.246063 0.255906,
        0.384946 0.245653 0.255747,
        0.381978 0.246063 0.314963,
        -0.384946 0.245653 0.255747,
        -0.381978 0.246063 0.314961,
        -0.381978 0.246063 0.255906,
        -0.385003 0.245645 0.255744,
        -0.387794 0.244477 0.255645,
        -0.387820 0.244466 0.255644,
        -0.390241 0.242604 0.255610,
        -0.392104 0.240183 0.255644,
        -0.392115 0.240156 0.255645,
        -0.393283 0.237365 0.255744,
        -0.393700 0.234340 0.255906,
        -0.393291 0.237308 0.255747,
        -0.393700 0.234340 0.314963,
        -0.375619 -0.233542 0.390702,
        -0.375011 -0.231272 0.392334,
        -0.374319 -0.228689 0.393354,
        -0.375004 -0.228406 0.393354,
        -0.376043 -0.227366 0.393354,
        -0.375592 -0.227954 0.393354,
        -0.376327 -0.226681 0.393354,
        -0.376448 -0.236637 0.386010,
        -0.376605 -0.237225 0.383646,
        -0.376590 -0.237232 0.383645,
        -0.379395 -0.236041 0.383843,
        -0.379118 -0.235531 0.386010,
        -0.379406 -0.236032 0.383843,
        -0.381410 -0.233772 0.386010,
        -0.381812 -0.234174 0.383911,
        -0.383169 -0.231480 0.386010,
        -0.383670 -0.231769 0.383843,
        -0.383678 -0.231757 0.383843,
        -0.384275 -0.228810 0.386010,
        -0.384863 -0.228967 0.383646,
        -0.384870 -0.228952 0.383645,
        -0.376341 -0.230721 0.392334,
        -0.377483 -0.229845 0.392334,
        -0.378359 -0.228703 0.392334,
        -0.378910 -0.227373 0.392334,
        -0.377515 -0.232756 0.390702,
        -0.379144 -0.231507 0.390702,
        -0.380394 -0.229878 0.390702,
        -0.381180 -0.227981 0.390702,
        -0.376107 -0.235366 0.388552,
        -0.378460 -0.234392 0.388552,
        -0.380480 -0.232842 0.388552,
        -0.382030 -0.230822 0.388552,
        -0.383004 -0.228470 0.388552,
        0.392104 -0.240183 0.315222,
        0.392115 -0.240156 0.315221,
        0.393283 -0.237365 0.315122,
        0.393291 -0.237308 0.315119,
        0.390241 -0.242604 0.315256,
        0.387820 -0.244466 0.315222,
        0.387794 -0.244477 0.315221,
        0.385003 -0.245645 0.315122,
        0.384946 -0.245653 0.315119,
        0.365533 0.209616 0.029741,
        0.365527 0.209631 0.029740,
        0.364342 0.212421 0.029543,
        0.364333 0.212432 0.029543,
        0.357254 0.217896 0.029741,
        0.362476 0.214838 0.029475,
        0.360070 0.216696 0.029543,
        0.360059 0.216704 0.029543,
        0.357269 0.217889 0.029740,
        -0.354247 0.217678 0.027376,
        0.354247 0.217678 0.027376,
        -0.354247 0.217639 0.027300,
        0.354247 0.217639 0.027300,
        -0.354247 0.216362 0.024834,
        0.354247 0.216362 0.024834,
        -0.354247 0.216317 0.024783,
        0.354247 0.216317 0.024783,
        -0.354247 0.214474 0.022684,
        0.354247 0.214474 0.022684,
        -0.354247 0.214432 0.022655,
        0.354247 0.214432 0.022655,
        -0.354247 0.212124 0.021052,
        0.354247 0.212124 0.021052,
        -0.354247 0.212092 0.021039,
        0.354247 0.212092 0.021039,
        -0.354247 0.209450 0.020032,
        0.354247 0.209450 0.020032,
        -0.354247 0.209433 0.020030,
        0.354247 0.209433 0.020030,
        -0.357254 0.217896 0.029741,
        -0.357269 0.217889 0.029740,
        -0.360059 0.216704 0.029543,
        -0.360070 0.216696 0.029543,
        -0.365533 0.209616 0.029741,
        -0.362476 0.214838 0.029475,
        -0.364333 0.212432 0.029543,
        -0.364342 0.212421 0.029543,
        -0.365527 0.209631 0.029740,
        -0.387820 -0.244466 0.315222,
        -0.387794 -0.244477 0.315221,
        -0.385003 -0.245645 0.315122,
        -0.384946 -0.245653 0.315119,
        -0.390241 -0.242604 0.315256,
        -0.392104 -0.240183 0.315222,
        -0.392115 -0.240156 0.315221,
        -0.393283 -0.237365 0.315122,
        -0.393291 -0.237308 0.315119,
        0.384946 -0.245653 0.255747,
        0.381978 -0.246063 0.314961,
        0.381978 -0.246063 0.255906,
        0.385003 -0.245645 0.255744,
        0.387794 -0.244477 0.255645,
        0.387820 -0.244466 0.255644,
        0.390241 -0.242604 0.255610,
        0.392104 -0.240183 0.255644,
        0.392115 -0.240156 0.255645,
        0.393283 -0.237365 0.255744,
        0.393700 -0.234340 0.255906,
        0.393291 -0.237308 0.255747,
        0.393700 -0.234340 0.314963,
        0.357071 0.206609 0.020030,
        0.356991 0.207344 0.020032,
        0.355674 0.211936 0.021052,
        0.356283 0.214206 0.022684,
        0.356771 0.216030 0.024834,
        0.357112 0.217301 0.027376,
        0.359781 0.216195 0.027376,
        0.365316 0.206609 0.027376,
        0.364939 0.209474 0.027376,
        0.365277 0.206609 0.027300,
        0.363668 0.209133 0.024834,
        0.359124 0.215056 0.024834,
        0.362074 0.214436 0.027376,
        0.364000 0.206609 0.024834,
        0.363955 0.206609 0.024783,
        0.361844 0.208645 0.022684,
        0.358180 0.213420 0.022684,
        0.361143 0.213506 0.024834,
        0.362112 0.206609 0.022684,
        0.362070 0.206609 0.022655,
        0.359574 0.208037 0.021052,
        0.359808 0.212170 0.022684,
        0.357004 0.211385 0.021052,
        0.354982 0.209353 0.020032,
        0.363833 0.212144 0.027376,
        0.362693 0.211486 0.024834,
        0.361058 0.210542 0.022684,
        0.359023 0.209367 0.021052,
        0.356707 0.208030 0.020032,
        0.358146 0.210509 0.021052,
        0.355667 0.209069 0.020032,
        0.356256 0.208618 0.020032,
        0.359761 0.206609 0.021052,
        0.359730 0.206609 0.021039,
        0.357088 0.206609 0.020032,
        -0.354982 0.209353 0.020032,
        -0.359730 0.206609 0.021039,
        -0.359761 0.206609 0.021052,
        -0.359574 0.208037 0.021052,
        -0.362070 0.206609 0.022655,
        -0.362112 0.206609 0.022684,
        -0.361844 0.208645 0.022684,
        -0.363668 0.209133 0.024834,
        -0.364939 0.209474 0.027376,
        -0.363833 0.212144 0.027376,
        -0.357112 0.217301 0.027376,
        -0.365316 0.206609 0.027376,
        -0.365277 0.206609 0.027300,
        -0.364000 0.206609 0.024834,
        -0.363955 0.206609 0.024783,
        -0.356771 0.216030 0.024834,
        -0.362693 0.211486 0.024834,
        -0.362074 0.214436 0.027376,
        -0.356283 0.214206 0.022684,
        -0.361058 0.210542 0.022684,
        -0.361143 0.213506 0.024834,
        -0.355674 0.211936 0.021052,
        -0.359808 0.212170 0.022684,
        -0.359023 0.209367 0.021052,
        -0.356991 0.207344 0.020032,
        -0.359781 0.216195 0.027376,
        -0.359124 0.215056 0.024834,
        -0.358180 0.213420 0.022684,
        -0.357004 0.211385 0.021052,
        -0.355667 0.209069 0.020032,
        -0.357071 0.206609 0.020030,
        -0.357088 0.206609 0.020032,
        -0.358146 0.210509 0.021052,
        -0.356707 0.208030 0.020032,
        -0.356256 0.208618 0.020032,
        -0.393291 -0.237308 0.255747,
        -0.393700 -0.234340 0.314961,
        -0.393700 -0.234340 0.255906,
        -0.393283 -0.237365 0.255744,
        -0.392115 -0.240156 0.255645,
        -0.392104 -0.240183 0.255644,
        -0.390241 -0.242604 0.255610,
        -0.387820 -0.244466 0.255644,
        -0.387794 -0.244477 0.255645,
        -0.385003 -0.245645 0.255744,
        -0.381978 -0.246063 0.255906,
        -0.384946 -0.245653 0.255747,
        -0.381978 -0.246063 0.314963,
        0.357254 -0.217896 0.029741,
        0.357269 -0.217889 0.029740,
        0.360059 -0.216704 0.029543,
        0.360070 -0.216696 0.029543,
        0.365533 -0.209616 0.029741,
        0.362476 -0.214838 0.029475,
        0.364333 -0.212432 0.029543,
        0.364342 -0.212421 0.029543,
        0.365527 -0.209631 0.029740,
        0.365316 -0.206609 0.027376,
        0.365277 -0.206609 0.027300,
        0.364000 -0.206609 0.024834,
        0.363955 -0.206609 0.024783,
        0.362112 -0.206609 0.022684,
        0.362070 -0.206609 0.022655,
        0.359761 -0.206609 0.021052,
        0.359730 -0.206609 0.021039,
        0.357088 -0.206609 0.020032,
        0.357071 -0.206609 0.020030,
        -0.365316 -0.206609 0.027376,
        -0.365277 -0.206609 0.027300,
        -0.364000 -0.206609 0.024834,
        -0.363955 -0.206609 0.024783,
        -0.362112 -0.206609 0.022684,
        -0.362070 -0.206609 0.022655,
        -0.359761 -0.206609 0.021052,
        -0.359730 -0.206609 0.021039,
        -0.357088 -0.206609 0.020032,
        -0.357071 -0.206609 0.020030,
        -0.365533 -0.209616 0.029741,
        -0.365527 -0.209631 0.029740,
        -0.364342 -0.212421 0.029543,
        -0.364333 -0.212432 0.029543,
        -0.357254 -0.217896 0.029741,
        -0.362476 -0.214838 0.029475,
        -0.360070 -0.216696 0.029543,
        -0.360059 -0.216704 0.029543,
        -0.357269 -0.217889 0.029740,
        0.354247 -0.209433 0.020030,
        0.354982 -0.209353 0.020032,
        0.359574 -0.208037 0.021052,
        0.361844 -0.208645 0.022684,
        0.363668 -0.209133 0.024834,
        0.364939 -0.209474 0.027376,
        0.363833 -0.212144 0.027376,
        0.354247 -0.217678 0.027376,
        0.357112 -0.217301 0.027376,
        0.354247 -0.217639 0.027300,
        0.356771 -0.216030 0.024834,
        0.362693 -0.211486 0.024834,
        0.362074 -0.214436 0.027376,
        0.354247 -0.216362 0.024834,
        0.354247 -0.216317 0.024783,
        0.356283 -0.214206 0.022684,
        0.361058 -0.210542 0.022684,
        0.361143 -0.213506 0.024834,
        0.354247 -0.214474 0.022684,
        0.354247 -0.214432 0.022655,
        0.355674 -0.211936 0.021052,
        0.359808 -0.212170 0.022684,
        0.359023 -0.209367 0.021052,
        0.356991 -0.207344 0.020032,
        0.359781 -0.216195 0.027376,
        0.359124 -0.215056 0.024834,
        0.358180 -0.213420 0.022684,
        0.357004 -0.211385 0.021052,
        0.355667 -0.209069 0.020032,
        0.358146 -0.210509 0.021052,
        0.356707 -0.208030 0.020032,
        0.356256 -0.208618 0.020032,
        0.354247 -0.212124 0.021052,
        0.354247 -0.212092 0.021039,
        0.354247 -0.209450 0.020032,
        -0.356991 -0.207344 0.020032,
        -0.354247 -0.212092 0.021039,
        -0.354247 -0.212124 0.021052,
        -0.355674 -0.211936 0.021052,
        -0.354247 -0.214432 0.022655,
        -0.354247 -0.214474 0.022684,
        -0.356283 -0.214206 0.022684,
        -0.356771 -0.216030 0.024834,
        -0.357112 -0.217301 0.027376,
        -0.359781 -0.216195 0.027376,
        -0.364939 -0.209474 0.027376,
        -0.354247 -0.217678 0.027376,
        -0.354247 -0.217639 0.027300,
        -0.354247 -0.216362 0.024834,
        -0.354247 -0.216317 0.024783,
        -0.363668 -0.209133 0.024834,
        -0.359124 -0.215056 0.024834,
        -0.362074 -0.214436 0.027376,
        -0.361844 -0.208645 0.022684,
        -0.358180 -0.213420 0.022684,
        -0.361143 -0.213506 0.024834,
        -0.359574 -0.208037 0.021052,
        -0.359808 -0.212170 0.022684,
        -0.357004 -0.211385 0.021052,
        -0.354982 -0.209353 0.020032,
        -0.363833 -0.212144 0.027376,
        -0.362693 -0.211486 0.024834,
        -0.361058 -0.210542 0.022684,
        -0.359023 -0.209367 0.021052,
        -0.356707 -0.208030 0.020032,
        -0.354247 -0.209433 0.020030,
        -0.354247 -0.209450 0.020032,
        -0.358146 -0.210509 0.021052,
        -0.355667 -0.209069 0.020032,
        -0.356256 -0.208618 0.020032,
      ]
    }
    coordIndex [
      0, 1, 2, -1,
      2, 1, 3, -1,
      4, 5, 6, -1,
      6, 5, 7, -1,
      8, 9, 10, -1,
      10, 9, 11, -1,
      12, 13, 14, -1,
      14, 13, 15, -1,
      16, 17, 18, -1,
      18, 17, 19, -1,
      20, 21, 22, -1,
      23, 24, 25, -1,
      25, 24, 26, -1,
      25, 26, 27, -1,
      28, 29, 30, -1,
      20, 22, 31, -1,
      31, 22, 32, -1,
      31, 32, 33, -1,
      33, 32, 34, -1,
      33, 34, 35, -1,
      21, 36, 22, -1,
      22, 36, 37, -1,
      22, 37, 38, -1,
      39, 40, 22, -1,
      22, 40, 41, -1,
      42, 43, 44, -1,
      44, 43, 45, -1,
      41, 46, 22, -1,
      22, 46, 45, -1,
      22, 45, 47, -1,
      47, 45, 43, -1,
      38, 48, 22, -1,
      22, 48, 49, -1,
      22, 49, 39, -1,
      27, 50, 25, -1,
      25, 50, 51, -1,
      25, 51, 52, -1,
      52, 51, 53, -1,
      52, 53, 54, -1,
      55, 56, 34, -1,
      34, 56, 57, -1,
      53, 58, 54, -1,
      54, 58, 59, -1,
      54, 59, 30, -1,
      30, 59, 60, -1,
      30, 60, 28, -1,
      57, 61, 34, -1,
      34, 61, 62, -1,
      34, 62, 35, -1,
      63, 64, 65, -1,
      65, 64, 66, -1,
      65, 66, 67, -1,
      66, 68, 67, -1,
      67, 68, 69, -1,
      67, 69, 24, -1,
      29, 55, 30, -1,
      30, 55, 34, -1,
      30, 34, 70, -1,
      70, 34, 71, -1,
      70, 71, 23, -1,
      23, 71, 72, -1,
      23, 72, 24, -1,
      24, 72, 73, -1,
      24, 73, 67, -1,
      74, 75, 76, -1,
      65, 77, 78, -1,
      79, 80, 78, -1,
      78, 80, 34, -1,
      78, 34, 65, -1,
      65, 34, 32, -1,
      65, 32, 63, -1,
      81, 82, 83, -1,
      84, 85, 86, -1,
      86, 85, 80, -1,
      86, 80, 87, -1,
      88, 89, 90, -1,
      90, 89, 91, -1,
      92, 93, 94, -1,
      83, 95, 81, -1,
      81, 95, 96, -1,
      81, 96, 97, -1,
      94, 75, 92, -1,
      92, 75, 74, -1,
      92, 74, 91, -1,
      91, 74, 98, -1,
      91, 98, 90, -1,
      99, 100, 87, -1,
      87, 100, 101, -1,
      99, 87, 102, -1,
      102, 87, 80, -1,
      102, 80, 98, -1,
      98, 80, 79, -1,
      98, 79, 90, -1,
      101, 103, 87, -1,
      87, 103, 104, -1,
      87, 104, 105, -1,
      105, 106, 87, -1,
      87, 106, 107, -1,
      87, 107, 81, -1,
      81, 107, 108, -1,
      81, 108, 82, -1,
      109, 74, 65, -1,
      65, 74, 76, -1,
      65, 76, 77, -1,
      110, 111, 112, -1,
      112, 111, 113, -1,
      112, 113, 65, -1,
      65, 113, 81, -1,
      65, 81, 109, -1,
      109, 81, 97, -1,
      84, 112, 85, -1,
      85, 112, 65, -1,
      85, 65, 114, -1,
      114, 65, 67, -1,
      115, 116, 117, -1,
      118, 115, 119, -1,
      120, 121, 122, -1,
      123, 124, 125, -1,
      125, 126, 123, -1,
      123, 126, 127, -1,
      123, 127, 128, -1,
      128, 127, 129, -1,
      128, 129, 130, -1,
      130, 129, 131, -1,
      130, 131, 132, -1,
      132, 133, 130, -1,
      130, 133, 134, -1,
      130, 134, 135, -1,
      136, 137, 130, -1,
      130, 137, 138, -1,
      139, 140, 141, -1,
      141, 140, 142, -1,
      138, 143, 130, -1,
      130, 143, 142, -1,
      130, 142, 144, -1,
      144, 142, 140, -1,
      135, 145, 130, -1,
      130, 145, 146, -1,
      130, 146, 136, -1,
      147, 148, 149, -1,
      150, 151, 152, -1,
      150, 152, 153, -1,
      154, 155, 156, -1,
      155, 157, 156, -1,
      156, 157, 158, -1,
      156, 158, 159, -1,
      149, 160, 147, -1,
      147, 160, 156, -1,
      147, 156, 161, -1,
      161, 156, 159, -1,
      151, 162, 152, -1,
      152, 162, 163, -1,
      152, 163, 164, -1,
      165, 166, 167, -1,
      167, 166, 168, -1,
      167, 168, 169, -1,
      169, 168, 170, -1,
      169, 170, 152, -1,
      152, 170, 171, -1,
      152, 171, 153, -1,
      172, 173, 174, -1,
      174, 173, 175, -1,
      174, 175, 176, -1,
      177, 178, 179, -1,
      179, 178, 180, -1,
      181, 182, 183, -1,
      183, 182, 184, -1,
      183, 184, 185, -1,
      181, 183, 186, -1,
      186, 183, 187, -1,
      186, 187, 188, -1,
      189, 190, 191, -1,
      191, 190, 192, -1,
      191, 192, 193, -1,
      193, 192, 179, -1,
      193, 179, 194, -1,
      194, 179, 180, -1,
      195, 196, 179, -1,
      179, 196, 197, -1,
      179, 197, 177, -1,
      188, 195, 186, -1,
      186, 195, 179, -1,
      186, 179, 198, -1,
      198, 179, 174, -1,
      198, 174, 199, -1,
      199, 174, 176, -1,
      200, 201, 202, -1,
      202, 201, 203, -1,
      201, 204, 203, -1,
      203, 204, 205, -1,
      203, 205, 174, -1,
      174, 205, 206, -1,
      174, 206, 172, -1,
      207, 208, 209, -1,
      210, 211, 209, -1,
      209, 211, 212, -1,
      207, 209, 213, -1,
      208, 214, 215, -1,
      212, 216, 209, -1,
      209, 216, 217, -1,
      209, 217, 218, -1,
      219, 220, 221, -1,
      221, 220, 222, -1,
      219, 223, 220, -1,
      220, 223, 224, -1,
      220, 224, 209, -1,
      209, 224, 225, -1,
      209, 225, 213, -1,
      226, 227, 220, -1,
      220, 227, 228, -1,
      220, 228, 222, -1,
      215, 229, 208, -1,
      208, 229, 230, -1,
      208, 230, 209, -1,
      209, 230, 231, -1,
      209, 231, 210, -1,
      232, 233, 234, -1,
      235, 236, 237, -1,
      236, 232, 237, -1,
      237, 232, 234, -1,
      237, 234, 238, -1,
      238, 234, 239, -1,
      238, 239, 240, -1,
      240, 239, 241, -1,
      233, 242, 234, -1,
      234, 242, 243, -1,
      234, 243, 244, -1,
      244, 245, 234, -1,
      234, 245, 246, -1,
      234, 246, 247, -1,
      235, 237, 248, -1,
      248, 237, 249, -1,
      248, 249, 250, -1,
      250, 249, 251, -1,
      250, 251, 252, -1,
      252, 251, 253, -1,
      252, 253, 254, -1,
      254, 255, 252, -1,
      252, 255, 256, -1,
      252, 256, 257, -1,
      257, 258, 252, -1,
      252, 258, 259, -1,
      252, 259, 260, -1,
      261, 262, 260, -1,
      260, 262, 263, -1,
      260, 263, 252, -1,
      241, 239, 264, -1,
      264, 239, 265, -1,
      264, 265, 169, -1,
      266, 267, 268, -1,
      268, 267, 269, -1,
      268, 269, 270, -1,
      271, 272, 152, -1,
      152, 272, 273, -1,
      152, 273, 274, -1,
      274, 275, 152, -1,
      152, 275, 276, -1,
      152, 276, 277, -1,
      277, 278, 152, -1,
      152, 278, 279, -1,
      152, 279, 169, -1,
      169, 279, 280, -1,
      169, 280, 264, -1,
      270, 271, 268, -1,
      268, 271, 152, -1,
      268, 152, 156, -1,
      156, 152, 164, -1,
      156, 164, 154, -1,
      266, 268, 281, -1,
      281, 268, 282, -1,
      281, 282, 283, -1,
      283, 282, 284, -1,
      283, 284, 285, -1,
      286, 285, 287, -1,
      287, 285, 288, -1,
      286, 289, 285, -1,
      285, 289, 290, -1,
      285, 290, 283, -1,
      291, 292, 293, -1,
      285, 294, 288, -1,
      288, 294, 295, -1,
      288, 295, 293, -1,
      293, 295, 296, -1,
      293, 296, 291, -1,
      297, 298, 160, -1,
      298, 299, 160, -1,
      160, 299, 300, -1,
      160, 300, 156, -1,
      156, 300, 301, -1,
      156, 301, 268, -1,
      247, 302, 234, -1,
      234, 302, 297, -1,
      234, 297, 303, -1,
      303, 297, 160, -1,
      304, 305, 306, -1,
      306, 305, 307, -1,
      306, 307, 308, -1,
      309, 310, 311, -1,
      311, 310, 312, -1,
      313, 314, 315, -1,
      315, 314, 316, -1,
      315, 316, 317, -1,
      313, 315, 318, -1,
      318, 315, 319, -1,
      318, 319, 320, -1,
      312, 321, 311, -1,
      311, 321, 322, -1,
      311, 322, 323, -1,
      323, 322, 324, -1,
      323, 324, 192, -1,
      325, 326, 311, -1,
      311, 326, 327, -1,
      311, 327, 309, -1,
      320, 325, 318, -1,
      318, 325, 311, -1,
      318, 311, 328, -1,
      328, 311, 306, -1,
      328, 306, 329, -1,
      329, 306, 308, -1,
      174, 330, 203, -1,
      203, 330, 331, -1,
      203, 331, 332, -1,
      331, 333, 332, -1,
      332, 333, 334, -1,
      332, 334, 306, -1,
      306, 334, 335, -1,
      306, 335, 304, -1,
      336, 337, 174, -1,
      338, 339, 174, -1,
      174, 339, 340, -1,
      174, 340, 341, -1,
      336, 174, 342, -1,
      337, 343, 344, -1,
      341, 345, 174, -1,
      174, 345, 346, -1,
      174, 346, 330, -1,
      347, 348, 179, -1,
      179, 348, 349, -1,
      179, 349, 350, -1,
      350, 351, 179, -1,
      179, 351, 352, -1,
      179, 352, 174, -1,
      174, 352, 353, -1,
      174, 353, 342, -1,
      324, 354, 192, -1,
      192, 354, 355, -1,
      192, 355, 179, -1,
      179, 355, 356, -1,
      179, 356, 347, -1,
      344, 357, 337, -1,
      337, 357, 358, -1,
      337, 358, 174, -1,
      174, 358, 359, -1,
      174, 359, 338, -1,
      118, 360, 361, -1,
      361, 360, 362, -1,
      361, 362, 363, -1,
      363, 362, 364, -1,
      363, 364, 365, -1,
      365, 364, 366, -1,
      365, 366, 367, -1,
      367, 366, 368, -1,
      367, 368, 369, -1,
      369, 368, 370, -1,
      369, 370, 371, -1,
      371, 370, 372, -1,
      373, 374, 370, -1,
      370, 374, 375, -1,
      376, 372, 377, -1,
      377, 372, 378, -1,
      375, 379, 370, -1,
      370, 379, 380, -1,
      370, 380, 381, -1,
      382, 383, 384, -1,
      384, 383, 385, -1,
      384, 385, 386, -1,
      387, 265, 388, -1,
      388, 265, 389, -1,
      381, 390, 370, -1,
      370, 390, 391, -1,
      370, 391, 372, -1,
      372, 391, 392, -1,
      372, 392, 378, -1,
      376, 393, 372, -1,
      372, 393, 394, -1,
      372, 394, 384, -1,
      384, 394, 395, -1,
      384, 395, 382, -1,
      386, 396, 265, -1,
      265, 396, 397, -1,
      265, 397, 389, -1,
      360, 323, 362, -1,
      362, 323, 192, -1,
      362, 192, 364, -1,
      364, 192, 190, -1,
      364, 190, 366, -1,
      366, 190, 167, -1,
      366, 167, 368, -1,
      368, 167, 169, -1,
      368, 169, 370, -1,
      370, 169, 265, -1,
      370, 265, 373, -1,
      373, 265, 387, -1,
      189, 226, 190, -1,
      190, 226, 220, -1,
      190, 220, 167, -1,
      167, 220, 120, -1,
      167, 120, 165, -1,
      165, 120, 122, -1,
      118, 119, 360, -1,
      360, 119, 398, -1,
      360, 398, 323, -1,
      323, 398, 399, -1,
      323, 399, 311, -1,
      120, 400, 401, -1,
      400, 120, 402, -1,
      402, 120, 220, -1,
      402, 220, 403, -1,
      403, 220, 209, -1,
      403, 209, 401, -1,
      401, 209, 123, -1,
      401, 123, 120, -1,
      120, 123, 128, -1,
      120, 128, 121, -1,
      404, 405, 311, -1,
      406, 407, 408, -1,
      311, 405, 306, -1,
      306, 405, 409, -1,
      306, 409, 410, -1,
      386, 265, 384, -1,
      384, 265, 239, -1,
      384, 239, 411, -1,
      411, 239, 234, -1,
      411, 234, 412, -1,
      412, 234, 303, -1,
      412, 303, 413, -1,
      218, 200, 209, -1,
      209, 200, 202, -1,
      209, 202, 123, -1,
      123, 202, 149, -1,
      123, 149, 124, -1,
      124, 149, 148, -1,
      408, 404, 406, -1,
      406, 404, 311, -1,
      406, 311, 414, -1,
      414, 311, 399, -1,
      414, 399, 410, -1,
      410, 399, 415, -1,
      410, 415, 306, -1,
      306, 415, 416, -1,
      306, 416, 332, -1,
      115, 117, 119, -1,
      119, 117, 417, -1,
      119, 417, 398, -1,
      398, 417, 418, -1,
      398, 418, 399, -1,
      399, 418, 419, -1,
      399, 419, 415, -1,
      415, 419, 420, -1,
      415, 420, 416, -1,
      421, 422, 423, -1,
      423, 422, 424, -1,
      425, 426, 427, -1,
      427, 426, 428, -1,
      429, 430, 431, -1,
      431, 430, 432, -1,
      433, 434, 435, -1,
      435, 434, 436, -1,
      437, 438, 1, -1,
      1, 438, 439, -1,
      1, 0, 437, -1,
      437, 0, 6, -1,
      437, 6, 7, -1,
      7, 427, 437, -1,
      437, 427, 428, -1,
      437, 428, 440, -1,
      441, 442, 430, -1,
      441, 430, 443, -1,
      443, 430, 429, -1,
      443, 429, 444, -1,
      424, 445, 446, -1,
      424, 446, 423, -1,
      423, 446, 447, -1,
      423, 447, 448, -1,
      449, 450, 17, -1,
      449, 17, 451, -1,
      451, 17, 16, -1,
      451, 16, 13, -1,
      13, 12, 451, -1,
      451, 12, 9, -1,
      451, 9, 8, -1,
      8, 435, 451, -1,
      451, 435, 436, -1,
      451, 436, 452, -1,
      453, 454, 434, -1,
      453, 434, 455, -1,
      455, 434, 433, -1,
      455, 433, 10, -1,
      10, 11, 455, -1,
      455, 11, 14, -1,
      455, 14, 15, -1,
      15, 18, 455, -1,
      455, 18, 19, -1,
      455, 19, 456, -1,
      457, 458, 459, -1,
      459, 422, 457, -1,
      457, 422, 421, -1,
      457, 421, 460, -1,
      461, 462, 463, -1,
      463, 431, 461, -1,
      461, 431, 432, -1,
      461, 432, 464, -1,
      465, 466, 426, -1,
      426, 466, 467, -1,
      426, 425, 465, -1,
      465, 425, 5, -1,
      465, 5, 4, -1,
      4, 2, 465, -1,
      465, 2, 3, -1,
      465, 3, 468, -1,
      438, 437, 469, -1,
      469, 437, 470, -1,
      469, 470, 471, -1,
      471, 470, 472, -1,
      471, 472, 473, -1,
      473, 472, 474, -1,
      473, 474, 475, -1,
      475, 474, 476, -1,
      475, 476, 477, -1,
      477, 476, 478, -1,
      477, 478, 479, -1,
      479, 478, 480, -1,
      479, 480, 481, -1,
      481, 480, 482, -1,
      481, 482, 483, -1,
      483, 482, 484, -1,
      483, 484, 485, -1,
      485, 484, 486, -1,
      485, 486, 487, -1,
      487, 486, 488, -1,
      488, 413, 303, -1,
      303, 160, 488, -1,
      488, 160, 149, -1,
      488, 149, 487, -1,
      487, 149, 202, -1,
      487, 202, 203, -1,
      203, 332, 487, -1,
      487, 332, 416, -1,
      487, 416, 420, -1,
      475, 477, 489, -1,
      490, 491, 492, -1,
      420, 493, 494, -1,
      495, 493, 420, -1,
      492, 491, 420, -1,
      487, 420, 491, -1,
      496, 497, 498, -1,
      497, 496, 499, -1,
      499, 496, 500, -1,
      499, 500, 501, -1,
      501, 500, 502, -1,
      501, 502, 503, -1,
      503, 502, 504, -1,
      503, 504, 505, -1,
      505, 504, 506, -1,
      506, 504, 507, -1,
      506, 507, 508, -1,
      508, 507, 509, -1,
      509, 507, 510, -1,
      509, 510, 446, -1,
      511, 495, 420, -1,
      479, 481, 490, -1,
      490, 481, 483, -1,
      490, 483, 491, -1,
      491, 483, 485, -1,
      491, 485, 487, -1,
      512, 494, 513, -1,
      513, 494, 493, -1,
      513, 493, 514, -1,
      514, 493, 495, -1,
      514, 495, 515, -1,
      511, 516, 495, -1,
      495, 516, 517, -1,
      495, 517, 515, -1,
      515, 517, 518, -1,
      515, 518, 519, -1,
      489, 512, 520, -1,
      520, 512, 513, -1,
      520, 513, 521, -1,
      521, 513, 514, -1,
      521, 514, 522, -1,
      522, 514, 515, -1,
      522, 515, 523, -1,
      523, 515, 519, -1,
      471, 473, 524, -1,
      524, 473, 475, -1,
      475, 489, 524, -1,
      524, 489, 520, -1,
      524, 520, 525, -1,
      525, 520, 521, -1,
      525, 521, 526, -1,
      526, 521, 522, -1,
      526, 522, 527, -1,
      527, 522, 523, -1,
      527, 523, 528, -1,
      477, 479, 489, -1,
      489, 479, 490, -1,
      489, 490, 512, -1,
      512, 490, 492, -1,
      512, 492, 494, -1,
      494, 492, 420, -1,
      471, 496, 469, -1,
      469, 496, 498, -1,
      469, 498, 438, -1,
      519, 529, 523, -1,
      523, 529, 530, -1,
      523, 530, 528, -1,
      528, 530, 531, -1,
      528, 531, 532, -1,
      471, 524, 496, -1,
      496, 524, 525, -1,
      496, 525, 500, -1,
      500, 525, 526, -1,
      500, 526, 502, -1,
      502, 526, 527, -1,
      502, 527, 504, -1,
      504, 527, 528, -1,
      504, 528, 507, -1,
      507, 528, 532, -1,
      507, 532, 510, -1,
      533, 534, 535, -1,
      536, 537, 538, -1,
      413, 539, 540, -1,
      541, 539, 413, -1,
      538, 537, 413, -1,
      542, 413, 537, -1,
      543, 544, 545, -1,
      544, 543, 546, -1,
      546, 543, 547, -1,
      546, 547, 548, -1,
      548, 547, 549, -1,
      548, 549, 550, -1,
      550, 549, 551, -1,
      550, 551, 552, -1,
      552, 551, 553, -1,
      553, 551, 554, -1,
      553, 554, 555, -1,
      555, 554, 556, -1,
      556, 554, 470, -1,
      556, 470, 437, -1,
      488, 541, 413, -1,
      557, 558, 536, -1,
      536, 558, 559, -1,
      536, 559, 537, -1,
      537, 559, 560, -1,
      537, 560, 542, -1,
      561, 540, 562, -1,
      562, 540, 539, -1,
      562, 539, 563, -1,
      563, 539, 541, -1,
      563, 541, 564, -1,
      488, 486, 541, -1,
      541, 486, 484, -1,
      541, 484, 564, -1,
      564, 484, 482, -1,
      564, 482, 480, -1,
      535, 561, 565, -1,
      565, 561, 562, -1,
      565, 562, 566, -1,
      566, 562, 563, -1,
      566, 563, 567, -1,
      567, 563, 564, -1,
      567, 564, 568, -1,
      568, 564, 480, -1,
      569, 570, 571, -1,
      571, 570, 533, -1,
      533, 535, 571, -1,
      571, 535, 565, -1,
      571, 565, 572, -1,
      572, 565, 566, -1,
      572, 566, 573, -1,
      573, 566, 567, -1,
      573, 567, 574, -1,
      574, 567, 568, -1,
      574, 568, 575, -1,
      534, 557, 535, -1,
      535, 557, 536, -1,
      535, 536, 561, -1,
      561, 536, 538, -1,
      561, 538, 540, -1,
      540, 538, 413, -1,
      569, 543, 576, -1,
      576, 543, 545, -1,
      576, 545, 441, -1,
      480, 478, 568, -1,
      568, 478, 476, -1,
      568, 476, 575, -1,
      575, 476, 474, -1,
      575, 474, 472, -1,
      569, 571, 543, -1,
      543, 571, 572, -1,
      543, 572, 547, -1,
      547, 572, 573, -1,
      547, 573, 549, -1,
      549, 573, 574, -1,
      549, 574, 551, -1,
      551, 574, 575, -1,
      551, 575, 554, -1,
      554, 575, 472, -1,
      554, 472, 470, -1,
      511, 577, 516, -1,
      516, 577, 578, -1,
      516, 578, 517, -1,
      517, 578, 579, -1,
      517, 579, 518, -1,
      518, 579, 580, -1,
      518, 580, 519, -1,
      519, 580, 581, -1,
      519, 581, 529, -1,
      529, 581, 582, -1,
      529, 582, 530, -1,
      530, 582, 583, -1,
      530, 583, 531, -1,
      531, 583, 584, -1,
      531, 584, 532, -1,
      532, 584, 585, -1,
      532, 585, 510, -1,
      510, 585, 586, -1,
      510, 586, 446, -1,
      446, 586, 447, -1,
      117, 116, 577, -1,
      420, 419, 511, -1,
      511, 419, 418, -1,
      511, 418, 577, -1,
      577, 418, 417, -1,
      577, 417, 117, -1,
      587, 588, 498, -1,
      498, 588, 589, -1,
      498, 589, 438, -1,
      438, 589, 590, -1,
      438, 590, 439, -1,
      498, 497, 587, -1,
      587, 497, 499, -1,
      587, 499, 591, -1,
      591, 499, 501, -1,
      509, 446, 445, -1,
      501, 503, 591, -1,
      591, 503, 505, -1,
      591, 505, 592, -1,
      592, 505, 506, -1,
      592, 506, 593, -1,
      593, 506, 508, -1,
      593, 508, 594, -1,
      594, 508, 509, -1,
      594, 509, 595, -1,
      595, 509, 445, -1,
      596, 597, 545, -1,
      545, 597, 598, -1,
      545, 598, 441, -1,
      441, 598, 599, -1,
      441, 599, 442, -1,
      545, 544, 596, -1,
      596, 544, 546, -1,
      596, 546, 600, -1,
      600, 546, 548, -1,
      556, 437, 440, -1,
      548, 550, 600, -1,
      600, 550, 552, -1,
      600, 552, 601, -1,
      601, 552, 553, -1,
      601, 553, 602, -1,
      602, 553, 555, -1,
      602, 555, 603, -1,
      603, 555, 556, -1,
      603, 556, 604, -1,
      604, 556, 440, -1,
      605, 542, 606, -1,
      606, 542, 560, -1,
      606, 560, 607, -1,
      607, 560, 559, -1,
      607, 559, 608, -1,
      608, 559, 558, -1,
      608, 558, 609, -1,
      609, 558, 557, -1,
      609, 557, 610, -1,
      610, 557, 534, -1,
      610, 534, 611, -1,
      611, 534, 533, -1,
      611, 533, 612, -1,
      612, 533, 570, -1,
      612, 570, 613, -1,
      613, 570, 569, -1,
      613, 569, 614, -1,
      614, 569, 576, -1,
      614, 576, 443, -1,
      443, 576, 441, -1,
      605, 371, 372, -1,
      372, 384, 605, -1,
      605, 384, 411, -1,
      605, 411, 542, -1,
      542, 411, 412, -1,
      542, 412, 413, -1,
      615, 616, 617, -1,
      617, 616, 618, -1,
      617, 618, 619, -1,
      619, 618, 620, -1,
      619, 620, 621, -1,
      621, 620, 622, -1,
      621, 622, 623, -1,
      623, 622, 624, -1,
      623, 624, 625, -1,
      625, 624, 626, -1,
      625, 626, 627, -1,
      627, 626, 628, -1,
      627, 628, 629, -1,
      629, 628, 630, -1,
      629, 630, 631, -1,
      631, 630, 632, -1,
      631, 632, 633, -1,
      633, 632, 634, -1,
      633, 634, 451, -1,
      451, 634, 449, -1,
      615, 116, 115, -1,
      115, 118, 615, -1,
      615, 118, 361, -1,
      615, 361, 616, -1,
      616, 361, 363, -1,
      616, 363, 365, -1,
      365, 367, 616, -1,
      616, 367, 369, -1,
      616, 369, 371, -1,
      583, 582, 635, -1,
      636, 637, 638, -1,
      116, 639, 640, -1,
      641, 639, 116, -1,
      638, 637, 116, -1,
      577, 116, 637, -1,
      642, 643, 644, -1,
      643, 642, 645, -1,
      645, 642, 646, -1,
      645, 646, 647, -1,
      647, 646, 648, -1,
      647, 648, 649, -1,
      649, 648, 650, -1,
      649, 650, 651, -1,
      651, 650, 652, -1,
      652, 650, 653, -1,
      652, 653, 654, -1,
      654, 653, 655, -1,
      655, 653, 633, -1,
      655, 633, 451, -1,
      615, 641, 116, -1,
      581, 580, 636, -1,
      636, 580, 579, -1,
      636, 579, 637, -1,
      637, 579, 578, -1,
      637, 578, 577, -1,
      656, 640, 657, -1,
      657, 640, 639, -1,
      657, 639, 658, -1,
      658, 639, 641, -1,
      658, 641, 659, -1,
      615, 617, 641, -1,
      641, 617, 619, -1,
      641, 619, 659, -1,
      659, 619, 621, -1,
      659, 621, 623, -1,
      635, 656, 660, -1,
      660, 656, 657, -1,
      660, 657, 661, -1,
      661, 657, 658, -1,
      661, 658, 662, -1,
      662, 658, 659, -1,
      662, 659, 663, -1,
      663, 659, 623, -1,
      585, 584, 664, -1,
      664, 584, 583, -1,
      583, 635, 664, -1,
      664, 635, 660, -1,
      664, 660, 665, -1,
      665, 660, 661, -1,
      665, 661, 666, -1,
      666, 661, 662, -1,
      666, 662, 667, -1,
      667, 662, 663, -1,
      667, 663, 668, -1,
      582, 581, 635, -1,
      635, 581, 636, -1,
      635, 636, 656, -1,
      656, 636, 638, -1,
      656, 638, 640, -1,
      640, 638, 116, -1,
      585, 642, 586, -1,
      586, 642, 644, -1,
      586, 644, 447, -1,
      623, 625, 663, -1,
      663, 625, 627, -1,
      663, 627, 668, -1,
      668, 627, 629, -1,
      668, 629, 631, -1,
      585, 664, 642, -1,
      642, 664, 665, -1,
      642, 665, 646, -1,
      646, 665, 666, -1,
      646, 666, 648, -1,
      648, 666, 667, -1,
      648, 667, 650, -1,
      650, 667, 668, -1,
      650, 668, 653, -1,
      653, 668, 631, -1,
      653, 631, 633, -1,
      669, 595, 670, -1,
      424, 422, 670, -1,
      670, 422, 671, -1,
      670, 671, 669, -1,
      595, 669, 594, -1,
      594, 669, 672, -1,
      594, 672, 593, -1,
      593, 672, 673, -1,
      593, 673, 592, -1,
      592, 673, 674, -1,
      592, 674, 591, -1,
      591, 674, 675, -1,
      591, 675, 587, -1,
      587, 675, 676, -1,
      587, 676, 588, -1,
      588, 676, 677, -1,
      588, 677, 589, -1,
      589, 677, 678, -1,
      589, 678, 590, -1,
      679, 3, 1, -1,
      678, 680, 590, -1,
      590, 680, 679, -1,
      590, 679, 681, -1,
      681, 679, 1, -1,
      682, 604, 683, -1,
      428, 426, 683, -1,
      683, 426, 684, -1,
      683, 684, 682, -1,
      604, 682, 603, -1,
      603, 682, 685, -1,
      603, 685, 602, -1,
      602, 685, 686, -1,
      602, 686, 601, -1,
      601, 686, 687, -1,
      601, 687, 600, -1,
      600, 687, 688, -1,
      600, 688, 596, -1,
      596, 688, 689, -1,
      596, 689, 597, -1,
      597, 689, 690, -1,
      597, 690, 598, -1,
      598, 690, 691, -1,
      598, 691, 599, -1,
      692, 432, 430, -1,
      691, 693, 599, -1,
      599, 693, 692, -1,
      599, 692, 694, -1,
      694, 692, 430, -1,
      628, 626, 695, -1,
      696, 697, 698, -1,
      371, 699, 700, -1,
      701, 699, 371, -1,
      698, 697, 371, -1,
      616, 371, 697, -1,
      702, 703, 704, -1,
      703, 702, 705, -1,
      705, 702, 706, -1,
      705, 706, 707, -1,
      707, 706, 708, -1,
      707, 708, 709, -1,
      709, 708, 710, -1,
      709, 710, 711, -1,
      711, 710, 712, -1,
      712, 710, 713, -1,
      712, 713, 714, -1,
      714, 713, 715, -1,
      715, 713, 614, -1,
      715, 614, 443, -1,
      605, 701, 371, -1,
      624, 622, 696, -1,
      696, 622, 620, -1,
      696, 620, 697, -1,
      697, 620, 618, -1,
      697, 618, 616, -1,
      716, 700, 717, -1,
      717, 700, 699, -1,
      717, 699, 718, -1,
      718, 699, 701, -1,
      718, 701, 719, -1,
      605, 606, 701, -1,
      701, 606, 607, -1,
      701, 607, 719, -1,
      719, 607, 608, -1,
      719, 608, 609, -1,
      695, 716, 720, -1,
      720, 716, 717, -1,
      720, 717, 721, -1,
      721, 717, 718, -1,
      721, 718, 722, -1,
      722, 718, 719, -1,
      722, 719, 723, -1,
      723, 719, 609, -1,
      632, 630, 724, -1,
      724, 630, 628, -1,
      628, 695, 724, -1,
      724, 695, 720, -1,
      724, 720, 725, -1,
      725, 720, 721, -1,
      725, 721, 726, -1,
      726, 721, 722, -1,
      726, 722, 727, -1,
      727, 722, 723, -1,
      727, 723, 728, -1,
      626, 624, 695, -1,
      695, 624, 696, -1,
      695, 696, 716, -1,
      716, 696, 698, -1,
      716, 698, 700, -1,
      700, 698, 371, -1,
      632, 702, 634, -1,
      634, 702, 704, -1,
      634, 704, 449, -1,
      609, 610, 723, -1,
      723, 610, 611, -1,
      723, 611, 728, -1,
      728, 611, 612, -1,
      728, 612, 613, -1,
      632, 724, 702, -1,
      702, 724, 725, -1,
      702, 725, 706, -1,
      706, 725, 726, -1,
      706, 726, 708, -1,
      708, 726, 727, -1,
      708, 727, 710, -1,
      710, 727, 728, -1,
      710, 728, 713, -1,
      713, 728, 613, -1,
      713, 613, 614, -1,
      729, 730, 644, -1,
      644, 730, 731, -1,
      644, 731, 447, -1,
      447, 731, 732, -1,
      447, 732, 448, -1,
      644, 643, 729, -1,
      729, 643, 645, -1,
      729, 645, 733, -1,
      733, 645, 647, -1,
      655, 451, 452, -1,
      647, 649, 733, -1,
      733, 649, 651, -1,
      733, 651, 734, -1,
      734, 651, 652, -1,
      734, 652, 735, -1,
      735, 652, 654, -1,
      735, 654, 736, -1,
      736, 654, 655, -1,
      736, 655, 737, -1,
      737, 655, 452, -1,
      674, 673, 738, -1,
      738, 673, 672, -1,
      738, 672, 458, -1,
      458, 672, 669, -1,
      458, 669, 459, -1,
      738, 739, 674, -1,
      674, 739, 740, -1,
      674, 740, 675, -1,
      675, 740, 741, -1,
      742, 465, 468, -1,
      741, 743, 675, -1,
      675, 743, 744, -1,
      675, 744, 676, -1,
      676, 744, 745, -1,
      676, 745, 677, -1,
      677, 745, 746, -1,
      677, 746, 678, -1,
      678, 746, 742, -1,
      678, 742, 680, -1,
      680, 742, 468, -1,
      466, 465, 747, -1,
      747, 465, 748, -1,
      747, 748, 749, -1,
      749, 748, 750, -1,
      749, 750, 751, -1,
      751, 750, 752, -1,
      751, 752, 753, -1,
      753, 752, 754, -1,
      753, 754, 755, -1,
      755, 754, 756, -1,
      755, 756, 757, -1,
      757, 756, 758, -1,
      757, 758, 759, -1,
      759, 758, 760, -1,
      759, 760, 761, -1,
      761, 760, 762, -1,
      761, 762, 763, -1,
      763, 762, 764, -1,
      763, 764, 765, -1,
      764, 766, 765, -1,
      765, 766, 71, -1,
      765, 71, 80, -1,
      687, 686, 767, -1,
      767, 686, 685, -1,
      767, 685, 466, -1,
      466, 685, 682, -1,
      466, 682, 467, -1,
      767, 768, 687, -1,
      687, 768, 769, -1,
      687, 769, 688, -1,
      688, 769, 770, -1,
      771, 461, 464, -1,
      770, 772, 688, -1,
      688, 772, 773, -1,
      688, 773, 689, -1,
      689, 773, 774, -1,
      689, 774, 690, -1,
      690, 774, 775, -1,
      690, 775, 691, -1,
      691, 775, 771, -1,
      691, 771, 693, -1,
      693, 771, 464, -1,
      776, 777, 704, -1,
      704, 777, 778, -1,
      704, 778, 449, -1,
      449, 778, 779, -1,
      449, 779, 450, -1,
      704, 703, 776, -1,
      776, 703, 705, -1,
      776, 705, 780, -1,
      780, 705, 707, -1,
      715, 443, 444, -1,
      707, 709, 780, -1,
      780, 709, 711, -1,
      780, 711, 781, -1,
      781, 711, 712, -1,
      781, 712, 782, -1,
      782, 712, 714, -1,
      782, 714, 783, -1,
      783, 714, 715, -1,
      783, 715, 784, -1,
      784, 715, 444, -1,
      785, 737, 786, -1,
      436, 434, 786, -1,
      786, 434, 787, -1,
      786, 787, 785, -1,
      737, 785, 736, -1,
      736, 785, 788, -1,
      736, 788, 735, -1,
      735, 788, 789, -1,
      735, 789, 734, -1,
      734, 789, 790, -1,
      734, 790, 733, -1,
      733, 790, 791, -1,
      733, 791, 729, -1,
      729, 791, 792, -1,
      729, 792, 730, -1,
      730, 792, 793, -1,
      730, 793, 731, -1,
      731, 793, 794, -1,
      731, 794, 732, -1,
      795, 421, 423, -1,
      794, 796, 732, -1,
      732, 796, 795, -1,
      732, 795, 797, -1,
      797, 795, 423, -1,
      798, 71, 799, -1,
      762, 760, 800, -1,
      758, 756, 801, -1,
      802, 803, 804, -1,
      738, 458, 805, -1,
      740, 739, 806, -1,
      806, 739, 738, -1,
      742, 746, 803, -1,
      803, 746, 745, -1,
      803, 745, 804, -1,
      804, 745, 744, -1,
      804, 744, 743, -1,
      465, 742, 748, -1,
      748, 742, 803, -1,
      748, 803, 750, -1,
      750, 803, 802, -1,
      750, 802, 752, -1,
      752, 802, 754, -1,
      738, 805, 806, -1,
      806, 805, 807, -1,
      806, 807, 808, -1,
      756, 754, 801, -1,
      801, 754, 802, -1,
      801, 802, 809, -1,
      809, 802, 804, -1,
      809, 804, 810, -1,
      810, 804, 743, -1,
      807, 811, 808, -1,
      808, 811, 812, -1,
      808, 812, 813, -1,
      760, 758, 800, -1,
      800, 758, 801, -1,
      800, 801, 814, -1,
      814, 801, 809, -1,
      814, 809, 815, -1,
      815, 809, 810, -1,
      812, 816, 813, -1,
      813, 816, 817, -1,
      813, 817, 818, -1,
      815, 819, 814, -1,
      814, 819, 820, -1,
      814, 820, 800, -1,
      800, 820, 821, -1,
      800, 821, 762, -1,
      741, 740, 822, -1,
      822, 740, 806, -1,
      822, 806, 823, -1,
      823, 806, 808, -1,
      823, 808, 824, -1,
      824, 808, 813, -1,
      824, 813, 825, -1,
      825, 813, 818, -1,
      825, 818, 826, -1,
      826, 818, 799, -1,
      826, 799, 71, -1,
      71, 766, 821, -1,
      821, 766, 764, -1,
      821, 764, 762, -1,
      819, 827, 820, -1,
      820, 827, 828, -1,
      820, 828, 821, -1,
      821, 828, 71, -1,
      827, 829, 828, -1,
      828, 829, 71, -1,
      817, 830, 818, -1,
      818, 830, 831, -1,
      818, 831, 799, -1,
      799, 831, 832, -1,
      799, 832, 798, -1,
      743, 741, 810, -1,
      810, 741, 822, -1,
      810, 822, 815, -1,
      815, 822, 823, -1,
      815, 823, 819, -1,
      819, 823, 824, -1,
      819, 824, 827, -1,
      827, 824, 825, -1,
      827, 825, 829, -1,
      829, 825, 826, -1,
      829, 826, 71, -1,
      765, 80, 833, -1,
      834, 835, 836, -1,
      837, 838, 839, -1,
      840, 841, 842, -1,
      767, 466, 747, -1,
      769, 768, 843, -1,
      843, 768, 767, -1,
      771, 775, 841, -1,
      841, 775, 774, -1,
      841, 774, 842, -1,
      842, 774, 773, -1,
      842, 773, 772, -1,
      461, 771, 844, -1,
      844, 771, 841, -1,
      844, 841, 845, -1,
      845, 841, 840, -1,
      845, 840, 846, -1,
      846, 840, 847, -1,
      767, 747, 843, -1,
      843, 747, 749, -1,
      843, 749, 848, -1,
      838, 847, 839, -1,
      839, 847, 840, -1,
      839, 840, 849, -1,
      849, 840, 842, -1,
      849, 842, 850, -1,
      850, 842, 772, -1,
      749, 751, 848, -1,
      848, 751, 753, -1,
      848, 753, 851, -1,
      835, 837, 836, -1,
      836, 837, 839, -1,
      836, 839, 852, -1,
      852, 839, 849, -1,
      852, 849, 853, -1,
      853, 849, 850, -1,
      753, 755, 851, -1,
      851, 755, 757, -1,
      851, 757, 854, -1,
      853, 855, 852, -1,
      852, 855, 856, -1,
      852, 856, 836, -1,
      836, 856, 857, -1,
      836, 857, 834, -1,
      770, 769, 858, -1,
      858, 769, 843, -1,
      858, 843, 859, -1,
      859, 843, 848, -1,
      859, 848, 860, -1,
      860, 848, 851, -1,
      860, 851, 861, -1,
      861, 851, 854, -1,
      861, 854, 862, -1,
      862, 854, 833, -1,
      862, 833, 80, -1,
      80, 863, 857, -1,
      857, 863, 864, -1,
      857, 864, 834, -1,
      855, 865, 856, -1,
      856, 865, 866, -1,
      856, 866, 857, -1,
      857, 866, 80, -1,
      865, 867, 866, -1,
      866, 867, 80, -1,
      757, 759, 854, -1,
      854, 759, 761, -1,
      854, 761, 833, -1,
      833, 761, 763, -1,
      833, 763, 765, -1,
      772, 770, 850, -1,
      850, 770, 858, -1,
      850, 858, 853, -1,
      853, 858, 859, -1,
      853, 859, 855, -1,
      855, 859, 860, -1,
      855, 860, 865, -1,
      865, 860, 861, -1,
      865, 861, 867, -1,
      867, 861, 862, -1,
      867, 862, 80, -1,
      868, 784, 869, -1,
      429, 431, 869, -1,
      869, 431, 870, -1,
      869, 870, 868, -1,
      784, 868, 783, -1,
      783, 868, 871, -1,
      783, 871, 782, -1,
      782, 871, 872, -1,
      782, 872, 781, -1,
      781, 872, 873, -1,
      781, 873, 780, -1,
      780, 873, 874, -1,
      780, 874, 776, -1,
      776, 874, 875, -1,
      776, 875, 777, -1,
      777, 875, 876, -1,
      777, 876, 778, -1,
      778, 876, 877, -1,
      778, 877, 779, -1,
      878, 19, 17, -1,
      877, 879, 779, -1,
      779, 879, 878, -1,
      779, 878, 880, -1,
      880, 878, 17, -1,
      790, 789, 881, -1,
      881, 789, 788, -1,
      881, 788, 453, -1,
      453, 788, 785, -1,
      453, 785, 454, -1,
      881, 882, 790, -1,
      790, 882, 883, -1,
      790, 883, 791, -1,
      791, 883, 884, -1,
      885, 457, 460, -1,
      884, 886, 791, -1,
      791, 886, 887, -1,
      791, 887, 792, -1,
      792, 887, 888, -1,
      792, 888, 793, -1,
      793, 888, 889, -1,
      793, 889, 794, -1,
      794, 889, 885, -1,
      794, 885, 796, -1,
      796, 885, 460, -1,
      458, 457, 805, -1,
      805, 457, 890, -1,
      805, 890, 807, -1,
      807, 890, 891, -1,
      807, 891, 811, -1,
      811, 891, 892, -1,
      811, 892, 812, -1,
      812, 892, 893, -1,
      812, 893, 816, -1,
      816, 893, 894, -1,
      816, 894, 817, -1,
      817, 894, 895, -1,
      817, 895, 830, -1,
      830, 895, 896, -1,
      830, 896, 831, -1,
      831, 896, 897, -1,
      831, 897, 832, -1,
      832, 897, 898, -1,
      832, 898, 798, -1,
      898, 899, 798, -1,
      798, 899, 73, -1,
      798, 73, 71, -1,
      462, 461, 900, -1,
      900, 461, 844, -1,
      900, 844, 901, -1,
      901, 844, 845, -1,
      901, 845, 902, -1,
      902, 845, 846, -1,
      902, 846, 903, -1,
      903, 846, 847, -1,
      903, 847, 904, -1,
      904, 847, 838, -1,
      904, 838, 905, -1,
      905, 838, 837, -1,
      905, 837, 906, -1,
      906, 837, 835, -1,
      906, 835, 907, -1,
      907, 835, 834, -1,
      907, 834, 908, -1,
      908, 834, 864, -1,
      908, 864, 909, -1,
      864, 863, 909, -1,
      909, 863, 80, -1,
      909, 80, 114, -1,
      873, 872, 910, -1,
      910, 872, 871, -1,
      910, 871, 462, -1,
      462, 871, 868, -1,
      462, 868, 463, -1,
      910, 911, 873, -1,
      873, 911, 912, -1,
      873, 912, 874, -1,
      874, 912, 913, -1,
      914, 455, 456, -1,
      913, 915, 874, -1,
      874, 915, 916, -1,
      874, 916, 875, -1,
      875, 916, 917, -1,
      875, 917, 876, -1,
      876, 917, 918, -1,
      876, 918, 877, -1,
      877, 918, 914, -1,
      877, 914, 879, -1,
      879, 914, 456, -1,
      919, 73, 920, -1,
      897, 896, 921, -1,
      895, 894, 922, -1,
      923, 924, 925, -1,
      881, 453, 926, -1,
      883, 882, 927, -1,
      927, 882, 881, -1,
      885, 889, 924, -1,
      924, 889, 888, -1,
      924, 888, 925, -1,
      925, 888, 887, -1,
      925, 887, 886, -1,
      457, 885, 890, -1,
      890, 885, 924, -1,
      890, 924, 891, -1,
      891, 924, 923, -1,
      891, 923, 892, -1,
      892, 923, 893, -1,
      881, 926, 927, -1,
      927, 926, 928, -1,
      927, 928, 929, -1,
      894, 893, 922, -1,
      922, 893, 923, -1,
      922, 923, 930, -1,
      930, 923, 925, -1,
      930, 925, 931, -1,
      931, 925, 886, -1,
      928, 932, 929, -1,
      929, 932, 933, -1,
      929, 933, 934, -1,
      896, 895, 921, -1,
      921, 895, 922, -1,
      921, 922, 935, -1,
      935, 922, 930, -1,
      935, 930, 936, -1,
      936, 930, 931, -1,
      933, 937, 934, -1,
      934, 937, 938, -1,
      934, 938, 939, -1,
      936, 940, 935, -1,
      935, 940, 941, -1,
      935, 941, 921, -1,
      921, 941, 942, -1,
      921, 942, 897, -1,
      884, 883, 943, -1,
      943, 883, 927, -1,
      943, 927, 944, -1,
      944, 927, 929, -1,
      944, 929, 945, -1,
      945, 929, 934, -1,
      945, 934, 946, -1,
      946, 934, 939, -1,
      946, 939, 947, -1,
      947, 939, 920, -1,
      947, 920, 73, -1,
      73, 899, 942, -1,
      942, 899, 898, -1,
      942, 898, 897, -1,
      940, 948, 941, -1,
      941, 948, 949, -1,
      941, 949, 942, -1,
      942, 949, 73, -1,
      948, 950, 949, -1,
      949, 950, 73, -1,
      938, 951, 939, -1,
      939, 951, 952, -1,
      939, 952, 920, -1,
      920, 952, 953, -1,
      920, 953, 919, -1,
      886, 884, 931, -1,
      931, 884, 943, -1,
      931, 943, 936, -1,
      936, 943, 944, -1,
      936, 944, 940, -1,
      940, 944, 945, -1,
      940, 945, 948, -1,
      948, 945, 946, -1,
      948, 946, 950, -1,
      950, 946, 947, -1,
      950, 947, 73, -1,
      909, 114, 954, -1,
      955, 956, 957, -1,
      958, 959, 960, -1,
      961, 962, 963, -1,
      910, 462, 900, -1,
      912, 911, 964, -1,
      964, 911, 910, -1,
      914, 918, 962, -1,
      962, 918, 917, -1,
      962, 917, 963, -1,
      963, 917, 916, -1,
      963, 916, 915, -1,
      455, 914, 965, -1,
      965, 914, 962, -1,
      965, 962, 966, -1,
      966, 962, 961, -1,
      966, 961, 967, -1,
      967, 961, 968, -1,
      910, 900, 964, -1,
      964, 900, 901, -1,
      964, 901, 969, -1,
      959, 968, 960, -1,
      960, 968, 961, -1,
      960, 961, 970, -1,
      970, 961, 963, -1,
      970, 963, 971, -1,
      971, 963, 915, -1,
      901, 902, 969, -1,
      969, 902, 903, -1,
      969, 903, 972, -1,
      956, 958, 957, -1,
      957, 958, 960, -1,
      957, 960, 973, -1,
      973, 960, 970, -1,
      973, 970, 974, -1,
      974, 970, 971, -1,
      903, 904, 972, -1,
      972, 904, 905, -1,
      972, 905, 975, -1,
      974, 976, 973, -1,
      973, 976, 977, -1,
      973, 977, 957, -1,
      957, 977, 978, -1,
      957, 978, 955, -1,
      913, 912, 979, -1,
      979, 912, 964, -1,
      979, 964, 980, -1,
      980, 964, 969, -1,
      980, 969, 981, -1,
      981, 969, 972, -1,
      981, 972, 982, -1,
      982, 972, 975, -1,
      982, 975, 983, -1,
      983, 975, 954, -1,
      983, 954, 114, -1,
      114, 984, 978, -1,
      978, 984, 985, -1,
      978, 985, 955, -1,
      976, 986, 977, -1,
      977, 986, 987, -1,
      977, 987, 978, -1,
      978, 987, 114, -1,
      986, 988, 987, -1,
      987, 988, 114, -1,
      905, 906, 975, -1,
      975, 906, 907, -1,
      975, 907, 954, -1,
      954, 907, 908, -1,
      954, 908, 909, -1,
      915, 913, 971, -1,
      971, 913, 979, -1,
      971, 979, 974, -1,
      974, 979, 980, -1,
      974, 980, 976, -1,
      976, 980, 981, -1,
      976, 981, 986, -1,
      986, 981, 982, -1,
      986, 982, 988, -1,
      988, 982, 983, -1,
      988, 983, 114, -1,
      453, 455, 926, -1,
      926, 455, 965, -1,
      926, 965, 928, -1,
      928, 965, 966, -1,
      928, 966, 932, -1,
      932, 966, 967, -1,
      932, 967, 933, -1,
      933, 967, 968, -1,
      933, 968, 937, -1,
      937, 968, 959, -1,
      937, 959, 938, -1,
      938, 959, 958, -1,
      938, 958, 951, -1,
      951, 958, 956, -1,
      951, 956, 952, -1,
      952, 956, 955, -1,
      952, 955, 953, -1,
      953, 955, 985, -1,
      953, 985, 919, -1,
      985, 984, 919, -1,
      919, 984, 114, -1,
      919, 114, 73, -1,
    ]
  }
}

Shape {
  appearance Appearance {
    material Material {
      diffuseColor 0.6471 0.6471 0.6471
      specularColor 0.3216 0.3216 0.3216
      ambientIntensity 0.2
      transparency 0.0000
      shininess 0.5
    }
  }
  geometry IndexedFaceSet {
    ccw TRUE
    solid FALSE
    coord DEF co Coordinate {
      point [
        -0.174731 0.020385 0.393701,
        -0.176458 0.024519 0.393701,
        -0.167925 0.013355 0.393701,
        -0.172174 0.016932 0.393701,
        -0.177165 -0.014059 0.393701,
        -0.177165 -0.025581 0.393701,
        -0.174642 -0.026788 0.393701,
        -0.167479 -0.028619 0.393701,
        -0.177165 0.029872 0.393701,
        -0.176460 0.035314 0.393701,
        -0.174921 0.039082 0.393701,
        -0.172446 0.042501 0.393701,
        -0.169065 0.045435 0.393701,
        -0.164637 0.047979 0.393701,
        -0.157915 0.007532 0.393701,
        -0.171409 -0.017596 0.393701,
        -0.147214 0.001852 0.393701,
        -0.162089 -0.020461 0.393701,
        -0.146117 0.001153 0.393701,
        -0.156175 -0.021020 0.393701,
        -0.150457 -0.020580 0.393701,
        -0.146461 -0.019500 0.393701,
        -0.143637 -0.017941 0.393701,
        -0.141998 -0.016395 0.393701,
        -0.140955 -0.014834 0.393701,
        -0.140049 -0.012378 0.393701,
        -0.139716 -0.009272 0.393701,
        -0.140058 -0.006478 0.393701,
        -0.140950 -0.004238 0.393701,
        -0.142876 -0.001597 0.393701,
        -0.162005 -0.029183 0.393701,
        -0.139603 0.009113 0.393701,
        -0.134480 0.004763 0.393701,
        -0.132034 0.037315 0.393701,
        -0.131620 0.000891 0.393701,
        -0.129916 -0.003045 0.393701,
        -0.129172 -0.007748 0.393701,
        -0.129153 -0.008402 0.393701,
        -0.129773 -0.013935 0.393701,
        -0.131233 -0.017924 0.393701,
        -0.133777 -0.021616 0.393701,
        -0.137070 -0.024491 0.393701,
        -0.141520 -0.026926 0.393701,
        -0.149205 -0.029069 0.393701,
        -0.150763 -0.029183 0.393701,
        -0.157345 -0.029663 0.393701,
        -0.149873 0.014929 0.393701,
        -0.137987 0.040406 0.393701,
        -0.157192 0.018807 0.393701,
        -0.144718 0.042014 0.393701,
        -0.150158 0.042356 0.393701,
        -0.165428 0.025732 0.393701,
        -0.166257 0.027903 0.393701,
        -0.166603 0.030908 0.393701,
        -0.164097 0.023779 0.393701,
        -0.161682 0.021661 0.393701,
        -0.164512 0.037106 0.393701,
        -0.165659 0.035319 0.393701,
        -0.166356 0.033294 0.393701,
        -0.155671 0.041856 0.393701,
        -0.159851 0.040519 0.393701,
        -0.162717 0.038830 0.393701,
        -0.154241 0.050518 0.393701,
        -0.149318 0.050998 0.393701,
        -0.140577 0.050624 0.393701,
        -0.140068 0.050518 0.393701,
        -0.132034 0.048837 0.393701,
        -0.158023 0.050149 0.393701,
        0.093306 0.048321 0.393701,
        0.097256 0.045770 0.393701,
        0.100328 0.042589 0.393701,
        0.102663 0.038609 0.393701,
        0.103670 -0.017193 0.393701,
        0.100696 -0.021572 0.393701,
        0.096602 -0.025146 0.393701,
        0.101679 0.022139 0.393701,
        0.098940 0.018525 0.393701,
        0.097561 0.011228 0.393701,
        0.094935 0.015159 0.393701,
        0.092949 0.013939 0.393701,
        0.103557 0.026447 0.393701,
        0.101293 0.007432 0.393701,
        0.104381 0.002122 0.393701,
        0.091863 -0.027622 0.393701,
        0.086160 -0.029183 0.393701,
        0.085835 -0.029271 0.393701,
        0.105806 -0.002831 0.393701,
        0.106107 -0.006617 0.393701,
        0.105414 -0.012532 0.393701,
        0.104187 0.031028 0.393701,
        0.103876 0.034616 0.393701,
        0.077018 0.050518 0.393701,
        0.078117 0.050788 0.393701,
        0.081591 0.050998 0.393701,
        0.085843 0.050518 0.393701,
        0.087980 0.050276 0.393701,
        0.060903 0.007591 0.393701,
        0.065252 0.011354 0.393701,
        0.059055 0.031028 0.393701,
        0.059750 0.036200 0.393701,
        0.061473 0.040324 0.393701,
        0.064253 0.044085 0.393701,
        0.057714 0.003120 0.393701,
        0.070398 0.013939 0.393701,
        0.065383 0.017512 0.393701,
        0.067927 0.047127 0.393701,
        0.072380 0.049378 0.393701,
        0.067677 -0.026817 0.393701,
        0.062793 -0.023625 0.393701,
        0.059354 -0.019874 0.393701,
        0.056793 -0.015204 0.393701,
        0.055419 -0.009798 0.393701,
        0.055214 -0.006617 0.393701,
        0.055926 -0.001270 0.393701,
        0.080631 -0.029663 0.393701,
        0.076209 -0.029183 0.393701,
        0.073581 -0.028897 0.393701,
        0.062155 0.021226 0.393701,
        0.060171 0.024976 0.393701,
        0.059226 0.028645 0.393701,
        -0.266322 -0.139563 0.393701,
        -0.265315 -0.147205 0.393701,
        -0.266322 -0.154848 0.393701,
        -0.320415 -0.161969 0.393701,
        -0.315722 -0.168084 0.393701,
        -0.309607 -0.172777 0.393701,
        -0.269271 -0.161969 0.393701,
        -0.273964 -0.168084 0.393701,
        -0.280079 -0.172777 0.393701,
        -0.320415 -0.132441 0.393701,
        -0.315722 -0.126326 0.393701,
        -0.309607 -0.121633 0.393701,
        -0.302485 -0.118684 0.393701,
        -0.269271 -0.132441 0.393701,
        -0.273964 -0.126326 0.393701,
        -0.280079 -0.121633 0.393701,
        -0.287201 -0.175727 0.393701,
        -0.294843 -0.176733 0.393701,
        -0.302485 -0.175727 0.393701,
        -0.323365 -0.154848 0.393701,
        -0.324370 -0.147205 0.393701,
        -0.323365 -0.139563 0.393701,
        -0.294843 -0.117678 0.393701,
        -0.287201 -0.118684 0.393701,
        0.123392 -0.028702 0.393701,
        0.111869 -0.028702 0.393701,
        0.171404 -0.028702 0.393701,
        0.163437 -0.006617 0.393701,
        0.130909 -0.006617 0.393701,
        0.141636 0.050038 0.393701,
        0.152199 0.050038 0.393701,
        0.182927 -0.028702 0.393701,
        -0.177165 -0.025581 0.389764,
        -0.177165 -0.014059 0.389764,
        -0.156175 -0.021020 0.389764,
        -0.162089 -0.020461 0.389764,
        -0.171409 -0.017596 0.389764,
        -0.139716 -0.009272 0.389764,
        -0.140049 -0.012378 0.389764,
        -0.140955 -0.014834 0.389764,
        -0.141998 -0.016395 0.389764,
        -0.143637 -0.017941 0.389764,
        -0.146461 -0.019500 0.389764,
        -0.150457 -0.020580 0.389764,
        -0.157915 0.007532 0.389764,
        -0.147214 0.001852 0.389764,
        -0.146117 0.001153 0.389764,
        -0.142876 -0.001597 0.389764,
        -0.140950 -0.004238 0.389764,
        -0.140058 -0.006478 0.389764,
        -0.177165 0.029872 0.389764,
        -0.176458 0.024519 0.389764,
        -0.174731 0.020385 0.389764,
        -0.172174 0.016932 0.389764,
        -0.167925 0.013355 0.389764,
        -0.149318 0.050998 0.389764,
        -0.158023 0.050149 0.389764,
        -0.164637 0.047979 0.389764,
        -0.169065 0.045435 0.389764,
        -0.172446 0.042501 0.389764,
        -0.174921 0.039082 0.389764,
        -0.176460 0.035314 0.389764,
        -0.140577 0.050624 0.389764,
        -0.132034 0.048837 0.389764,
        -0.132034 0.037315 0.389764,
        -0.150158 0.042356 0.389764,
        -0.144718 0.042014 0.389764,
        -0.137987 0.040406 0.389764,
        -0.166603 0.030908 0.389764,
        -0.166356 0.033294 0.389764,
        -0.165659 0.035319 0.389764,
        -0.164512 0.037106 0.389764,
        -0.162717 0.038830 0.389764,
        -0.159851 0.040519 0.389764,
        -0.155671 0.041856 0.389764,
        -0.149873 0.014929 0.389764,
        -0.157192 0.018807 0.389764,
        -0.161682 0.021661 0.389764,
        -0.164097 0.023779 0.389764,
        -0.165428 0.025732 0.389764,
        -0.166257 0.027903 0.389764,
        -0.129153 -0.008402 0.389764,
        -0.129172 -0.007748 0.389764,
        -0.129916 -0.003045 0.389764,
        -0.131620 0.000891 0.389764,
        -0.134480 0.004763 0.389764,
        -0.139603 0.009113 0.389764,
        -0.157345 -0.029663 0.389764,
        -0.149205 -0.029069 0.389764,
        -0.141520 -0.026926 0.389764,
        -0.137070 -0.024491 0.389764,
        -0.133777 -0.021616 0.389764,
        -0.131233 -0.017924 0.389764,
        -0.129773 -0.013935 0.389764,
        -0.174642 -0.026788 0.389764,
        -0.167479 -0.028619 0.389764,
        -0.265315 -0.147205 0.389764,
        -0.266322 -0.139563 0.389764,
        -0.269271 -0.132441 0.389764,
        -0.273964 -0.126326 0.389764,
        -0.280079 -0.121633 0.389764,
        -0.287201 -0.118684 0.389764,
        -0.294843 -0.117678 0.389764,
        -0.302485 -0.118684 0.389764,
        -0.309607 -0.121633 0.389764,
        -0.315722 -0.126326 0.389764,
        -0.320415 -0.132441 0.389764,
        -0.323365 -0.139563 0.389764,
        -0.324370 -0.147205 0.389764,
        -0.323365 -0.154848 0.389764,
        -0.320415 -0.161969 0.389764,
        -0.315722 -0.168084 0.389764,
        -0.309607 -0.172777 0.389764,
        -0.302485 -0.175727 0.389764,
        -0.294843 -0.176733 0.389764,
        -0.287201 -0.175727 0.389764,
        -0.280079 -0.172777 0.389764,
        -0.273964 -0.168084 0.389764,
        -0.269271 -0.161969 0.389764,
        -0.266322 -0.154848 0.389764,
        -0.294843 -0.147205 0.389764,
        0.152199 0.050038 0.389764,
        0.182927 -0.028702 0.389764,
        0.171404 -0.028702 0.389764,
        0.163437 -0.006617 0.389764,
        0.130909 -0.006617 0.389764,
        0.123392 -0.028702 0.389764,
        0.111869 -0.028702 0.389764,
        0.141636 0.050038 0.389764,
        0.133564 0.002025 0.389764,
        0.159896 0.002025 0.389764,
        0.145312 0.034914 0.389764,
        0.146070 0.037644 0.389764,
        0.146572 0.040435 0.389764,
        0.146828 0.040435 0.389764,
        0.147341 0.037653 0.389764,
        0.148043 0.034914 0.389764,
        0.133564 0.002025 0.393701,
        0.159896 0.002025 0.393701,
        0.145312 0.034914 0.393701,
        0.146070 0.037644 0.393701,
        0.146572 0.040435 0.393701,
        0.146828 0.040435 0.393701,
        0.147341 0.037653 0.393701,
        0.148043 0.034914 0.393701,
        0.080631 -0.029663 0.389764,
        0.073581 -0.028897 0.389764,
        0.067677 -0.026817 0.389764,
        0.062793 -0.023625 0.389764,
        0.059354 -0.019874 0.389764,
        0.056793 -0.015204 0.389764,
        0.055419 -0.009798 0.389764,
        0.055214 -0.006617 0.389764,
        0.070398 0.013939 0.389764,
        0.065252 0.011354 0.389764,
        0.060903 0.007591 0.389764,
        0.057714 0.003120 0.389764,
        0.055926 -0.001270 0.389764,
        0.059055 0.031028 0.389764,
        0.059226 0.028645 0.389764,
        0.060171 0.024976 0.389764,
        0.062155 0.021226 0.389764,
        0.065383 0.017512 0.389764,
        0.081591 0.050998 0.389764,
        0.078117 0.050788 0.389764,
        0.072380 0.049378 0.389764,
        0.067927 0.047127 0.389764,
        0.064253 0.044085 0.389764,
        0.061473 0.040324 0.389764,
        0.059750 0.036200 0.389764,
        0.087980 0.050276 0.389764,
        0.093306 0.048321 0.389764,
        0.097256 0.045770 0.389764,
        0.100328 0.042589 0.389764,
        0.102663 0.038609 0.389764,
        0.103876 0.034616 0.389764,
        0.104187 0.031028 0.389764,
        0.092949 0.013939 0.389764,
        0.094935 0.015159 0.389764,
        0.098940 0.018525 0.389764,
        0.101679 0.022139 0.389764,
        0.103557 0.026447 0.389764,
        0.106107 -0.006617 0.389764,
        0.105806 -0.002831 0.389764,
        0.104381 0.002122 0.389764,
        0.101293 0.007432 0.389764,
        0.097561 0.011228 0.389764,
        0.085835 -0.029271 0.389764,
        0.091863 -0.027622 0.389764,
        0.096602 -0.025146 0.389764,
        0.100696 -0.021572 0.389764,
        0.103670 -0.017193 0.389764,
        0.105414 -0.012532 0.389764,
        0.087102 0.018790 0.389764,
        0.084710 0.017813 0.389764,
        0.081546 0.017389 0.389764,
        0.078364 0.017809 0.389764,
        0.087081 0.007618 0.389764,
        0.090425 0.005779 0.389764,
        0.096505 -0.006107 0.389764,
        0.096016 -0.002183 0.389764,
        0.094873 0.000733 0.389764,
        0.092966 0.003446 0.389764,
        0.089380 0.020453 0.389764,
        0.091710 0.023194 0.389764,
        0.092940 0.025743 0.389764,
        0.093560 0.028609 0.389764,
        0.093624 0.029918 0.389764,
        0.093230 0.033272 0.389764,
        0.092209 0.035950 0.389764,
        0.090532 0.038367 0.389764,
        0.089176 0.039687 0.389764,
        0.086971 0.041156 0.389764,
        0.072917 0.007082 0.389764,
        0.070026 0.005200 0.389764,
        0.067935 0.003104 0.389764,
        0.066215 0.000408 0.389764,
        0.065157 -0.002733 0.389764,
        0.064817 -0.006107 0.389764,
        0.065222 -0.010011 0.389764,
        0.066257 -0.013032 0.389764,
        0.067841 -0.015559 0.389764,
        0.070483 -0.018090 0.389764,
        0.073577 -0.019778 0.389764,
        0.076951 -0.020723 0.389764,
        0.080616 -0.021020 0.389764,
        0.084905 -0.020580 0.389764,
        0.088426 -0.019375 0.389764,
        0.091321 -0.017530 0.389764,
        0.093438 -0.015404 0.389764,
        0.095034 -0.012906 0.389764,
        0.096077 -0.009993 0.389764,
        0.076366 0.008300 0.389764,
        0.080616 0.008747 0.389764,
        0.083369 0.008565 0.389764,
        0.075807 0.018885 0.389764,
        0.073711 0.020446 0.389764,
        0.072783 0.021412 0.389764,
        0.071065 0.023865 0.389764,
        0.070028 0.026511 0.389764,
        0.069618 0.029918 0.389764,
        0.069875 0.032743 0.389764,
        0.084267 0.042084 0.389764,
        0.081546 0.042356 0.389764,
        0.078407 0.041987 0.389764,
        0.076043 0.041104 0.389764,
        0.073855 0.039619 0.389764,
        0.072085 0.037733 0.389764,
        0.070716 0.035426 0.389764,
        0.064817 -0.006107 0.393701,
        0.065157 -0.002733 0.393701,
        0.066215 0.000408 0.393701,
        0.067935 0.003104 0.393701,
        0.070026 0.005200 0.393701,
        0.072917 0.007082 0.393701,
        0.076366 0.008300 0.393701,
        0.080616 0.008747 0.393701,
        0.083369 0.008565 0.393701,
        0.087081 0.007618 0.393701,
        0.090425 0.005779 0.393701,
        0.092966 0.003446 0.393701,
        0.094873 0.000733 0.393701,
        0.096016 -0.002183 0.393701,
        0.096505 -0.006107 0.393701,
        0.096077 -0.009993 0.393701,
        0.095034 -0.012906 0.393701,
        0.093438 -0.015404 0.393701,
        0.091321 -0.017530 0.393701,
        0.088426 -0.019375 0.393701,
        0.084905 -0.020580 0.393701,
        0.080616 -0.021020 0.393701,
        0.076951 -0.020723 0.393701,
        0.073577 -0.019778 0.393701,
        0.070483 -0.018090 0.393701,
        0.067841 -0.015559 0.393701,
        0.066257 -0.013032 0.393701,
        0.065222 -0.010011 0.393701,
        0.069618 0.029918 0.393701,
        0.069875 0.032743 0.393701,
        0.070716 0.035426 0.393701,
        0.072085 0.037733 0.393701,
        0.073855 0.039619 0.393701,
        0.076043 0.041104 0.393701,
        0.078407 0.041987 0.393701,
        0.081546 0.042356 0.393701,
        0.084267 0.042084 0.393701,
        0.086971 0.041156 0.393701,
        0.089176 0.039687 0.393701,
        0.090532 0.038367 0.393701,
        0.092209 0.035950 0.393701,
        0.093230 0.033272 0.393701,
        0.093624 0.029918 0.393701,
        0.093560 0.028609 0.393701,
        0.092940 0.025743 0.393701,
        0.091710 0.023194 0.393701,
        0.089380 0.020453 0.393701,
        0.087102 0.018790 0.393701,
        0.084710 0.017813 0.393701,
        0.081546 0.017389 0.393701,
        0.078364 0.017809 0.393701,
        0.075807 0.018885 0.393701,
        0.073711 0.020446 0.393701,
        0.072783 0.021412 0.393701,
        0.071065 0.023865 0.393701,
        0.070028 0.026511 0.393701,
      ]
    }
    coordIndex [
      152, 153, 5, -1,
      5, 153, 4, -1,
      154, 19, 17, -1,
      154, 17, 155, -1,
      155, 17, 15, -1,
      155, 15, 156, -1,
      156, 15, 4, -1,
      156, 4, 153, -1,
      157, 26, 25, -1,
      157, 25, 158, -1,
      158, 25, 24, -1,
      158, 24, 159, -1,
      159, 24, 23, -1,
      159, 23, 160, -1,
      160, 23, 22, -1,
      160, 22, 161, -1,
      161, 22, 21, -1,
      161, 21, 162, -1,
      162, 21, 20, -1,
      162, 20, 163, -1,
      163, 20, 19, -1,
      163, 19, 154, -1,
      164, 14, 16, -1,
      164, 16, 165, -1,
      165, 16, 18, -1,
      165, 18, 166, -1,
      166, 18, 29, -1,
      166, 29, 167, -1,
      167, 29, 28, -1,
      167, 28, 168, -1,
      168, 28, 27, -1,
      168, 27, 169, -1,
      169, 27, 26, -1,
      169, 26, 157, -1,
      170, 8, 1, -1,
      170, 1, 171, -1,
      171, 1, 0, -1,
      171, 0, 172, -1,
      172, 0, 3, -1,
      172, 3, 173, -1,
      173, 3, 2, -1,
      173, 2, 174, -1,
      174, 2, 14, -1,
      174, 14, 164, -1,
      175, 63, 176, -1,
      176, 63, 62, -1,
      62, 67, 176, -1,
      176, 67, 13, -1,
      176, 13, 177, -1,
      177, 13, 12, -1,
      177, 12, 178, -1,
      178, 12, 11, -1,
      178, 11, 179, -1,
      179, 11, 10, -1,
      179, 10, 180, -1,
      180, 10, 9, -1,
      180, 9, 181, -1,
      181, 9, 8, -1,
      181, 8, 170, -1,
      63, 175, 182, -1,
      183, 66, 65, -1,
      183, 65, 182, -1,
      182, 65, 64, -1,
      182, 64, 63, -1,
      183, 184, 66, -1,
      66, 184, 33, -1,
      185, 50, 49, -1,
      185, 49, 186, -1,
      186, 49, 47, -1,
      186, 47, 187, -1,
      187, 47, 33, -1,
      187, 33, 184, -1,
      188, 53, 58, -1,
      188, 58, 189, -1,
      189, 58, 57, -1,
      189, 57, 190, -1,
      190, 57, 56, -1,
      190, 56, 191, -1,
      191, 56, 61, -1,
      191, 61, 192, -1,
      192, 61, 60, -1,
      192, 60, 193, -1,
      193, 60, 59, -1,
      193, 59, 194, -1,
      194, 59, 50, -1,
      194, 50, 185, -1,
      195, 46, 48, -1,
      195, 48, 196, -1,
      196, 48, 55, -1,
      196, 55, 197, -1,
      197, 55, 54, -1,
      197, 54, 198, -1,
      198, 54, 51, -1,
      198, 51, 199, -1,
      199, 51, 52, -1,
      199, 52, 200, -1,
      200, 52, 53, -1,
      200, 53, 188, -1,
      201, 37, 36, -1,
      201, 36, 202, -1,
      202, 36, 35, -1,
      202, 35, 203, -1,
      203, 35, 34, -1,
      203, 34, 204, -1,
      204, 34, 32, -1,
      204, 32, 205, -1,
      205, 32, 31, -1,
      205, 31, 206, -1,
      206, 31, 46, -1,
      206, 46, 195, -1,
      45, 44, 207, -1,
      207, 44, 208, -1,
      44, 43, 208, -1,
      208, 43, 42, -1,
      208, 42, 209, -1,
      209, 42, 41, -1,
      209, 41, 210, -1,
      210, 41, 40, -1,
      210, 40, 211, -1,
      211, 40, 39, -1,
      211, 39, 212, -1,
      212, 39, 38, -1,
      212, 38, 213, -1,
      213, 38, 37, -1,
      213, 37, 201, -1,
      152, 5, 6, -1,
      152, 6, 214, -1,
      214, 6, 7, -1,
      214, 7, 215, -1,
      215, 7, 207, -1,
      207, 7, 30, -1,
      207, 30, 45, -1,
      153, 152, 156, -1,
      156, 152, 214, -1,
      156, 214, 155, -1,
      155, 214, 215, -1,
      155, 215, 154, -1,
      154, 215, 207, -1,
      154, 207, 163, -1,
      163, 207, 208, -1,
      163, 208, 162, -1,
      162, 208, 209, -1,
      162, 209, 161, -1,
      161, 209, 210, -1,
      161, 210, 160, -1,
      160, 210, 211, -1,
      160, 211, 159, -1,
      159, 211, 212, -1,
      159, 212, 158, -1,
      158, 212, 213, -1,
      158, 213, 157, -1,
      213, 201, 157, -1,
      157, 201, 202, -1,
      157, 202, 169, -1,
      169, 202, 203, -1,
      169, 203, 168, -1,
      168, 203, 204, -1,
      168, 204, 167, -1,
      167, 204, 205, -1,
      167, 205, 166, -1,
      166, 205, 206, -1,
      166, 206, 165, -1,
      165, 206, 195, -1,
      165, 195, 164, -1,
      164, 195, 196, -1,
      164, 196, 174, -1,
      174, 196, 197, -1,
      174, 197, 173, -1,
      173, 197, 198, -1,
      173, 198, 172, -1,
      172, 198, 199, -1,
      172, 199, 171, -1,
      171, 199, 200, -1,
      171, 200, 170, -1,
      170, 200, 188, -1,
      170, 188, 181, -1,
      181, 188, 189, -1,
      181, 189, 180, -1,
      180, 189, 190, -1,
      180, 190, 179, -1,
      179, 190, 191, -1,
      179, 191, 178, -1,
      178, 191, 192, -1,
      178, 192, 177, -1,
      177, 192, 193, -1,
      177, 193, 176, -1,
      176, 193, 194, -1,
      176, 194, 175, -1,
      175, 194, 185, -1,
      175, 185, 182, -1,
      182, 185, 186, -1,
      182, 186, 183, -1,
      183, 186, 187, -1,
      183, 187, 184, -1,
      216, 121, 217, -1,
      217, 121, 120, -1,
      217, 120, 218, -1,
      218, 120, 133, -1,
      218, 133, 219, -1,
      219, 133, 134, -1,
      219, 134, 220, -1,
      220, 134, 135, -1,
      220, 135, 221, -1,
      221, 135, 143, -1,
      221, 143, 222, -1,
      222, 143, 142, -1,
      222, 142, 223, -1,
      223, 142, 132, -1,
      223, 132, 224, -1,
      224, 132, 131, -1,
      224, 131, 225, -1,
      225, 131, 130, -1,
      225, 130, 226, -1,
      226, 130, 129, -1,
      226, 129, 227, -1,
      227, 129, 141, -1,
      227, 141, 228, -1,
      228, 141, 140, -1,
      228, 140, 229, -1,
      229, 140, 139, -1,
      229, 139, 230, -1,
      230, 139, 123, -1,
      230, 123, 231, -1,
      231, 123, 124, -1,
      231, 124, 232, -1,
      232, 124, 125, -1,
      232, 125, 233, -1,
      233, 125, 138, -1,
      233, 138, 234, -1,
      234, 138, 137, -1,
      234, 137, 235, -1,
      235, 137, 136, -1,
      235, 136, 236, -1,
      236, 136, 128, -1,
      236, 128, 237, -1,
      237, 128, 127, -1,
      237, 127, 238, -1,
      238, 127, 126, -1,
      238, 126, 239, -1,
      239, 126, 122, -1,
      239, 122, 216, -1,
      216, 122, 121, -1,
      238, 239, 240, -1,
      240, 239, 216, -1,
      240, 216, 217, -1,
      235, 236, 240, -1,
      240, 236, 237, -1,
      240, 237, 238, -1,
      232, 233, 240, -1,
      240, 233, 234, -1,
      240, 234, 235, -1,
      229, 230, 240, -1,
      240, 230, 231, -1,
      240, 231, 232, -1,
      226, 227, 240, -1,
      240, 227, 228, -1,
      240, 228, 229, -1,
      223, 224, 240, -1,
      240, 224, 225, -1,
      240, 225, 226, -1,
      220, 221, 240, -1,
      240, 221, 222, -1,
      240, 222, 223, -1,
      217, 218, 240, -1,
      240, 218, 219, -1,
      240, 219, 220, -1,
      241, 242, 150, -1,
      150, 242, 151, -1,
      242, 243, 151, -1,
      151, 243, 146, -1,
      243, 244, 146, -1,
      146, 244, 147, -1,
      244, 245, 147, -1,
      147, 245, 148, -1,
      245, 246, 148, -1,
      148, 246, 144, -1,
      246, 247, 144, -1,
      144, 247, 145, -1,
      247, 248, 145, -1,
      145, 248, 149, -1,
      248, 241, 149, -1,
      149, 241, 150, -1,
      249, 245, 250, -1,
      250, 245, 244, -1,
      251, 248, 249, -1,
      249, 248, 247, -1,
      249, 247, 245, -1,
      245, 247, 246, -1,
      251, 252, 248, -1,
      248, 252, 253, -1,
      248, 253, 241, -1,
      241, 253, 254, -1,
      241, 254, 255, -1,
      255, 256, 241, -1,
      241, 256, 250, -1,
      241, 250, 242, -1,
      242, 250, 244, -1,
      242, 244, 243, -1,
      249, 250, 257, -1,
      257, 250, 258, -1,
      251, 249, 259, -1,
      259, 249, 257, -1,
      251, 259, 260, -1,
      251, 260, 252, -1,
      252, 260, 261, -1,
      252, 261, 253, -1,
      254, 253, 262, -1,
      262, 253, 261, -1,
      254, 262, 263, -1,
      254, 263, 255, -1,
      255, 263, 264, -1,
      255, 264, 256, -1,
      250, 256, 258, -1,
      258, 256, 264, -1,
      114, 265, 115, -1,
      115, 265, 266, -1,
      115, 266, 116, -1,
      116, 266, 267, -1,
      116, 267, 107, -1,
      107, 267, 268, -1,
      107, 268, 108, -1,
      108, 268, 269, -1,
      108, 269, 109, -1,
      109, 269, 270, -1,
      109, 270, 110, -1,
      110, 270, 271, -1,
      110, 271, 111, -1,
      111, 271, 272, -1,
      111, 272, 112, -1,
      273, 103, 97, -1,
      273, 97, 274, -1,
      274, 97, 96, -1,
      274, 96, 275, -1,
      275, 96, 102, -1,
      275, 102, 276, -1,
      276, 102, 113, -1,
      276, 113, 277, -1,
      277, 113, 112, -1,
      277, 112, 272, -1,
      278, 98, 119, -1,
      278, 119, 279, -1,
      279, 119, 118, -1,
      279, 118, 280, -1,
      280, 118, 117, -1,
      280, 117, 281, -1,
      281, 117, 104, -1,
      281, 104, 282, -1,
      282, 104, 103, -1,
      282, 103, 273, -1,
      283, 93, 92, -1,
      283, 92, 284, -1,
      284, 92, 91, -1,
      284, 91, 285, -1,
      91, 106, 285, -1,
      285, 106, 105, -1,
      285, 105, 286, -1,
      286, 105, 101, -1,
      286, 101, 287, -1,
      287, 101, 100, -1,
      287, 100, 288, -1,
      288, 100, 99, -1,
      288, 99, 289, -1,
      289, 99, 98, -1,
      289, 98, 278, -1,
      93, 283, 94, -1,
      94, 283, 290, -1,
      94, 290, 95, -1,
      95, 290, 291, -1,
      95, 291, 68, -1,
      68, 291, 292, -1,
      68, 292, 69, -1,
      69, 292, 293, -1,
      69, 293, 70, -1,
      70, 293, 294, -1,
      70, 294, 71, -1,
      71, 294, 295, -1,
      71, 295, 90, -1,
      90, 295, 296, -1,
      90, 296, 89, -1,
      297, 79, 78, -1,
      297, 78, 298, -1,
      298, 78, 76, -1,
      298, 76, 299, -1,
      299, 76, 75, -1,
      299, 75, 300, -1,
      300, 75, 80, -1,
      300, 80, 301, -1,
      301, 80, 89, -1,
      301, 89, 296, -1,
      302, 87, 86, -1,
      302, 86, 303, -1,
      303, 86, 82, -1,
      303, 82, 304, -1,
      304, 82, 81, -1,
      304, 81, 305, -1,
      305, 81, 77, -1,
      305, 77, 306, -1,
      306, 77, 79, -1,
      306, 79, 297, -1,
      265, 114, 85, -1,
      265, 85, 307, -1,
      307, 85, 84, -1,
      307, 84, 308, -1,
      84, 83, 308, -1,
      308, 83, 74, -1,
      308, 74, 309, -1,
      309, 74, 73, -1,
      309, 73, 310, -1,
      310, 73, 72, -1,
      310, 72, 311, -1,
      311, 72, 88, -1,
      311, 88, 312, -1,
      312, 88, 87, -1,
      312, 87, 302, -1,
      313, 314, 297, -1,
      297, 314, 315, -1,
      297, 315, 273, -1,
      273, 315, 316, -1,
      297, 317, 306, -1,
      306, 317, 318, -1,
      306, 318, 305, -1,
      319, 303, 320, -1,
      320, 303, 304, -1,
      320, 304, 321, -1,
      321, 304, 305, -1,
      321, 305, 322, -1,
      322, 305, 318, -1,
      313, 297, 323, -1,
      323, 297, 298, -1,
      323, 298, 324, -1,
      324, 298, 299, -1,
      324, 299, 325, -1,
      325, 299, 300, -1,
      325, 300, 326, -1,
      326, 300, 301, -1,
      326, 301, 327, -1,
      327, 301, 296, -1,
      327, 296, 328, -1,
      296, 295, 328, -1,
      328, 295, 294, -1,
      328, 294, 329, -1,
      329, 294, 293, -1,
      329, 293, 330, -1,
      330, 293, 292, -1,
      330, 292, 331, -1,
      331, 292, 291, -1,
      331, 291, 332, -1,
      333, 273, 334, -1,
      334, 273, 274, -1,
      334, 274, 335, -1,
      335, 274, 275, -1,
      335, 275, 336, -1,
      336, 275, 276, -1,
      336, 276, 337, -1,
      337, 276, 277, -1,
      337, 277, 338, -1,
      338, 277, 272, -1,
      338, 272, 339, -1,
      339, 272, 271, -1,
      339, 271, 340, -1,
      340, 271, 270, -1,
      340, 270, 341, -1,
      341, 270, 269, -1,
      341, 269, 342, -1,
      342, 269, 268, -1,
      342, 268, 343, -1,
      343, 268, 267, -1,
      343, 267, 344, -1,
      344, 267, 266, -1,
      344, 266, 345, -1,
      345, 266, 265, -1,
      345, 265, 346, -1,
      346, 265, 307, -1,
      346, 307, 347, -1,
      347, 307, 308, -1,
      347, 308, 348, -1,
      348, 308, 309, -1,
      348, 309, 349, -1,
      349, 309, 310, -1,
      349, 310, 350, -1,
      350, 310, 311, -1,
      350, 311, 351, -1,
      351, 311, 312, -1,
      351, 312, 319, -1,
      319, 312, 302, -1,
      319, 302, 303, -1,
      333, 352, 273, -1,
      273, 352, 353, -1,
      273, 353, 297, -1,
      297, 353, 354, -1,
      297, 354, 317, -1,
      316, 355, 273, -1,
      273, 355, 356, -1,
      273, 356, 282, -1,
      282, 356, 357, -1,
      282, 357, 281, -1,
      281, 357, 358, -1,
      281, 358, 280, -1,
      280, 358, 359, -1,
      280, 359, 279, -1,
      279, 359, 360, -1,
      279, 360, 278, -1,
      278, 360, 361, -1,
      332, 291, 362, -1,
      362, 291, 290, -1,
      362, 290, 363, -1,
      363, 290, 283, -1,
      363, 283, 364, -1,
      364, 283, 284, -1,
      364, 284, 365, -1,
      365, 284, 285, -1,
      365, 285, 366, -1,
      366, 285, 286, -1,
      366, 286, 367, -1,
      367, 286, 287, -1,
      367, 287, 368, -1,
      368, 287, 288, -1,
      368, 288, 361, -1,
      361, 288, 289, -1,
      361, 289, 278, -1,
      338, 369, 370, -1,
      338, 370, 337, -1,
      337, 370, 371, -1,
      337, 371, 336, -1,
      336, 371, 372, -1,
      336, 372, 335, -1,
      335, 372, 373, -1,
      335, 373, 334, -1,
      334, 373, 374, -1,
      334, 374, 333, -1,
      333, 374, 375, -1,
      333, 375, 352, -1,
      352, 375, 376, -1,
      352, 376, 353, -1,
      353, 376, 377, -1,
      353, 377, 354, -1,
      354, 377, 378, -1,
      354, 378, 317, -1,
      317, 378, 379, -1,
      317, 379, 318, -1,
      318, 379, 380, -1,
      318, 380, 322, -1,
      322, 380, 381, -1,
      322, 381, 321, -1,
      321, 381, 382, -1,
      321, 382, 320, -1,
      320, 382, 383, -1,
      320, 383, 319, -1,
      319, 383, 384, -1,
      319, 384, 351, -1,
      351, 384, 385, -1,
      351, 385, 350, -1,
      350, 385, 386, -1,
      350, 386, 349, -1,
      349, 386, 387, -1,
      349, 387, 348, -1,
      348, 387, 388, -1,
      348, 388, 347, -1,
      347, 388, 389, -1,
      347, 389, 346, -1,
      346, 389, 390, -1,
      346, 390, 345, -1,
      345, 390, 391, -1,
      345, 391, 344, -1,
      344, 391, 392, -1,
      344, 392, 343, -1,
      343, 392, 393, -1,
      343, 393, 342, -1,
      342, 393, 394, -1,
      342, 394, 341, -1,
      341, 394, 395, -1,
      341, 395, 340, -1,
      340, 395, 396, -1,
      340, 396, 339, -1,
      339, 396, 369, -1,
      339, 369, 338, -1,
      360, 397, 398, -1,
      360, 398, 361, -1,
      361, 398, 399, -1,
      361, 399, 368, -1,
      368, 399, 400, -1,
      368, 400, 367, -1,
      367, 400, 401, -1,
      367, 401, 366, -1,
      366, 401, 402, -1,
      366, 402, 365, -1,
      365, 402, 403, -1,
      365, 403, 364, -1,
      364, 403, 404, -1,
      364, 404, 363, -1,
      363, 404, 405, -1,
      363, 405, 362, -1,
      362, 405, 406, -1,
      362, 406, 332, -1,
      332, 406, 407, -1,
      332, 407, 331, -1,
      331, 407, 408, -1,
      331, 408, 330, -1,
      330, 408, 409, -1,
      330, 409, 329, -1,
      329, 409, 410, -1,
      329, 410, 328, -1,
      328, 410, 411, -1,
      328, 411, 327, -1,
      327, 411, 412, -1,
      327, 412, 326, -1,
      326, 412, 413, -1,
      326, 413, 325, -1,
      325, 413, 414, -1,
      325, 414, 324, -1,
      324, 414, 415, -1,
      324, 415, 323, -1,
      323, 415, 416, -1,
      323, 416, 313, -1,
      313, 416, 417, -1,
      313, 417, 314, -1,
      314, 417, 418, -1,
      314, 418, 315, -1,
      315, 418, 419, -1,
      315, 419, 316, -1,
      316, 419, 420, -1,
      316, 420, 355, -1,
      355, 420, 421, -1,
      355, 421, 356, -1,
      356, 421, 422, -1,
      356, 422, 357, -1,
      357, 422, 423, -1,
      357, 423, 358, -1,
      358, 423, 424, -1,
      358, 424, 359, -1,
      359, 424, 397, -1,
      359, 397, 360, -1,
    ]
  }
}

Shape {
  appearance Appearance {
    material Material {
      diffuseColor 0.2235 0.2235 0.2235
      specularColor 0.1137 0.1137 0.1137
      ambientIntensity 0.2
      transparency 0.0000
      shininess 0.5
    }
  }
  geometry IndexedFaceSet {
    ccw TRUE
    solid FALSE
    coord DEF co Coordinate {
      point [
        0.064817 -0.006107 0.393701,
        0.065157 -0.002733 0.393701,
        0.066215 0.000408 0.393701,
        0.067935 0.003104 0.393701,
        0.070026 0.005200 0.393701,
        0.072917 0.007082 0.393701,
        0.076366 0.008300 0.393701,
        0.080616 0.008747 0.393701,
        0.083369 0.008565 0.393701,
        0.087081 0.007618 0.393701,
        0.090425 0.005779 0.393701,
        0.092966 0.003446 0.393701,
        0.094873 0.000733 0.393701,
        0.096016 -0.002183 0.393701,
        0.096505 -0.006107 0.393701,
        0.096077 -0.009993 0.393701,
        0.095034 -0.012906 0.393701,
        0.093438 -0.015404 0.393701,
        0.091321 -0.017530 0.393701,
        0.088426 -0.019375 0.393701,
        0.084905 -0.020580 0.393701,
        0.080616 -0.021020 0.393701,
        0.076951 -0.020723 0.393701,
        0.073577 -0.019778 0.393701,
        0.070483 -0.018090 0.393701,
        0.067841 -0.015559 0.393701,
        0.066257 -0.013032 0.393701,
        0.065222 -0.010011 0.393701,
      ]
    }
    coordIndex [
      22, 21, 7, -1,
      16, 11, 17, -1,
      17, 11, 10, -1,
      7, 21, 8, -1,
      8, 21, 20, -1,
      8, 20, 19, -1,
      19, 18, 8, -1,
      8, 18, 17, -1,
      8, 17, 9, -1,
      9, 17, 10, -1,
      7, 6, 0, -1,
      0, 6, 5, -1,
      5, 4, 0, -1,
      0, 4, 3, -1,
      0, 3, 1, -1,
      1, 3, 2, -1,
      16, 15, 11, -1,
      11, 15, 14, -1,
      11, 14, 12, -1,
      12, 14, 13, -1,
      0, 27, 7, -1,
      7, 27, 26, -1,
      7, 26, 25, -1,
      25, 24, 7, -1,
      7, 24, 23, -1,
      7, 23, 22, -1,
    ]
  }
}

Shape {
  appearance Appearance {
    material Material {
      diffuseColor 0.6471 0.6471 0.6471
      specularColor 0.3216 0.3216 0.3216
      ambientIntensity 0.2
      transparency 0.0000
      shininess 0.5
    }
  }
  geometry IndexedFaceSet {
    ccw TRUE
    solid FALSE
    coord DEF co Coordinate {
      point [
        0.032810 0.048321 0.393701,
        0.036760 0.045770 0.393701,
        0.039832 0.042589 0.393701,
        0.042167 0.038609 0.393701,
        0.043174 -0.017193 0.393701,
        0.040201 -0.021572 0.393701,
        0.036107 -0.025146 0.393701,
        0.041183 0.022139 0.393701,
        0.038444 0.018525 0.393701,
        0.037066 0.011228 0.393701,
        0.034439 0.015159 0.393701,
        0.032453 0.013939 0.393701,
        0.043062 0.026447 0.393701,
        0.040798 0.007432 0.393701,
        0.043886 0.002122 0.393701,
        0.020135 -0.029663 0.393701,
        0.025340 -0.029271 0.393701,
        0.025664 -0.029183 0.393701,
        0.031367 -0.027622 0.393701,
        0.045310 -0.002831 0.393701,
        0.045612 -0.006617 0.393701,
        0.044919 -0.012532 0.393701,
        0.043691 0.031028 0.393701,
        0.043381 0.034616 0.393701,
        0.016522 0.050518 0.393701,
        0.017621 0.050788 0.393701,
        0.021095 0.050998 0.393701,
        0.025348 0.050518 0.393701,
        0.027485 0.050276 0.393701,
        0.000407 0.007591 0.393701,
        0.004757 0.011354 0.393701,
        -0.001441 0.031028 0.393701,
        -0.000746 0.036200 0.393701,
        0.000978 0.040324 0.393701,
        -0.002781 0.003120 0.393701,
        0.009902 0.013939 0.393701,
        0.004888 0.017512 0.393701,
        0.003757 0.044085 0.393701,
        0.007431 0.047127 0.393701,
        0.011884 0.049378 0.393701,
        -0.003703 -0.015204 0.393701,
        -0.001141 -0.019874 0.393701,
        0.002298 -0.023625 0.393701,
        -0.005077 -0.009798 0.393701,
        -0.005281 -0.006617 0.393701,
        -0.004569 -0.001270 0.393701,
        0.015714 -0.029183 0.393701,
        0.013086 -0.028897 0.393701,
        0.007181 -0.026817 0.393701,
        0.001659 0.021226 0.393701,
        -0.000324 0.024976 0.393701,
        -0.001270 0.028645 0.393701,
        0.020135 -0.029663 0.389764,
        0.013086 -0.028897 0.389764,
        0.007181 -0.026817 0.389764,
        0.002298 -0.023625 0.389764,
        -0.001141 -0.019874 0.389764,
        -0.003703 -0.015204 0.389764,
        -0.005077 -0.009798 0.389764,
        -0.005281 -0.006617 0.389764,
        0.009902 0.013939 0.389764,
        0.004757 0.011354 0.389764,
        0.000407 0.007591 0.389764,
        -0.002781 0.003120 0.389764,
        -0.004569 -0.001270 0.389764,
        -0.001441 0.031028 0.389764,
        -0.001270 0.028645 0.389764,
        -0.000324 0.024976 0.389764,
        0.001659 0.021226 0.389764,
        0.004888 0.017512 0.389764,
        0.021095 0.050998 0.389764,
        0.017621 0.050788 0.389764,
        0.011884 0.049378 0.389764,
        0.007431 0.047127 0.389764,
        0.003757 0.044085 0.389764,
        0.000978 0.040324 0.389764,
        -0.000746 0.036200 0.389764,
        0.027485 0.050276 0.389764,
        0.032810 0.048321 0.389764,
        0.036760 0.045770 0.389764,
        0.039832 0.042589 0.389764,
        0.042167 0.038609 0.389764,
        0.043381 0.034616 0.389764,
        0.043691 0.031028 0.389764,
        0.032453 0.013939 0.389764,
        0.034439 0.015159 0.389764,
        0.038444 0.018525 0.389764,
        0.041183 0.022139 0.389764,
        0.043062 0.026447 0.389764,
        0.045612 -0.006617 0.389764,
        0.045310 -0.002831 0.389764,
        0.043886 0.002122 0.389764,
        0.040798 0.007432 0.389764,
        0.037066 0.011228 0.389764,
        0.025340 -0.029271 0.389764,
        0.031367 -0.027622 0.389764,
        0.036107 -0.025146 0.389764,
        0.040201 -0.021572 0.389764,
        0.043174 -0.017193 0.389764,
        0.044919 -0.012532 0.389764,
        0.024215 0.017813 0.389764,
        0.021050 0.017389 0.389764,
        0.022873 0.008565 0.389764,
        0.026607 0.018790 0.389764,
        0.032444 0.025743 0.389764,
        0.033064 0.028609 0.389764,
        0.033128 0.029918 0.389764,
        0.012422 0.007082 0.389764,
        0.015871 0.008300 0.389764,
        0.017868 0.017809 0.389764,
        0.031215 0.023194 0.389764,
        0.028884 0.020453 0.389764,
        0.020120 0.008747 0.389764,
        0.026586 0.007618 0.389764,
        0.029929 0.005779 0.389764,
        0.032734 0.033272 0.389764,
        0.031714 0.035950 0.389764,
        0.030037 0.038367 0.389764,
        0.028681 0.039687 0.389764,
        0.026476 0.041156 0.389764,
        0.032471 0.003446 0.389764,
        0.034377 0.000733 0.389764,
        0.035520 -0.002183 0.389764,
        0.036009 -0.006107 0.389764,
        0.015312 0.018885 0.389764,
        0.013216 0.020446 0.389764,
        0.012288 0.021412 0.389764,
        0.010570 0.023865 0.389764,
        0.009532 0.026511 0.389764,
        0.009122 0.029918 0.389764,
        0.009380 0.032743 0.389764,
        0.023771 0.042084 0.389764,
        0.021050 0.042356 0.389764,
        0.017912 0.041987 0.389764,
        0.015548 0.041104 0.389764,
        0.013359 0.039619 0.389764,
        0.011590 0.037733 0.389764,
        0.010220 0.035426 0.389764,
        0.009530 0.005200 0.389764,
        0.007439 0.003104 0.389764,
        0.005720 0.000408 0.389764,
        0.004662 -0.002733 0.389764,
        0.004321 -0.006107 0.389764,
        0.004726 -0.010011 0.389764,
        0.005762 -0.013032 0.389764,
        0.007345 -0.015559 0.389764,
        0.009987 -0.018090 0.389764,
        0.013081 -0.019778 0.389764,
        0.016456 -0.020723 0.389764,
        0.020120 -0.021020 0.389764,
        0.024409 -0.020580 0.389764,
        0.027930 -0.019375 0.389764,
        0.030826 -0.017530 0.389764,
        0.032943 -0.015404 0.389764,
        0.034539 -0.012906 0.389764,
        0.035581 -0.009993 0.389764,
        0.004321 -0.006107 0.393701,
        0.004662 -0.002733 0.393701,
        0.005720 0.000408 0.393701,
        0.007439 0.003104 0.393701,
        0.009530 0.005200 0.393701,
        0.012422 0.007082 0.393701,
        0.015871 0.008300 0.393701,
        0.020120 0.008747 0.393701,
        0.022873 0.008565 0.393701,
        0.026586 0.007618 0.393701,
        0.029929 0.005779 0.393701,
        0.032471 0.003446 0.393701,
        0.034377 0.000733 0.393701,
        0.035520 -0.002183 0.393701,
        0.036009 -0.006107 0.393701,
        0.035581 -0.009993 0.393701,
        0.034539 -0.012906 0.393701,
        0.032943 -0.015404 0.393701,
        0.030826 -0.017530 0.393701,
        0.027930 -0.019375 0.393701,
        0.024409 -0.020580 0.393701,
        0.020120 -0.021020 0.393701,
        0.016456 -0.020723 0.393701,
        0.013081 -0.019778 0.393701,
        0.009987 -0.018090 0.393701,
        0.007345 -0.015559 0.393701,
        0.005762 -0.013032 0.393701,
        0.004726 -0.010011 0.393701,
        0.009122 0.029918 0.393701,
        0.009380 0.032743 0.393701,
        0.010220 0.035426 0.393701,
        0.011590 0.037733 0.393701,
        0.013359 0.039619 0.393701,
        0.015548 0.041104 0.393701,
        0.017912 0.041987 0.393701,
        0.021050 0.042356 0.393701,
        0.023771 0.042084 0.393701,
        0.026476 0.041156 0.393701,
        0.028681 0.039687 0.393701,
        0.030037 0.038367 0.393701,
        0.031714 0.035950 0.393701,
        0.032734 0.033272 0.393701,
        0.033128 0.029918 0.393701,
        0.033064 0.028609 0.393701,
        0.032444 0.025743 0.393701,
        0.031215 0.023194 0.393701,
        0.028884 0.020453 0.393701,
        0.026607 0.018790 0.393701,
        0.024215 0.017813 0.393701,
        0.021050 0.017389 0.393701,
        0.017868 0.017809 0.393701,
        0.015312 0.018885 0.393701,
        0.013216 0.020446 0.393701,
        0.012288 0.021412 0.393701,
        0.010570 0.023865 0.393701,
        0.009532 0.026511 0.393701,
      ]
    }
    coordIndex [
      15, 52, 46, -1,
      46, 52, 53, -1,
      46, 53, 47, -1,
      47, 53, 54, -1,
      47, 54, 48, -1,
      48, 54, 55, -1,
      48, 55, 42, -1,
      42, 55, 56, -1,
      42, 56, 41, -1,
      41, 56, 57, -1,
      41, 57, 40, -1,
      40, 57, 58, -1,
      40, 58, 43, -1,
      43, 58, 59, -1,
      43, 59, 44, -1,
      60, 35, 30, -1,
      60, 30, 61, -1,
      61, 30, 29, -1,
      61, 29, 62, -1,
      62, 29, 34, -1,
      62, 34, 63, -1,
      63, 34, 45, -1,
      63, 45, 64, -1,
      64, 45, 44, -1,
      64, 44, 59, -1,
      65, 31, 51, -1,
      65, 51, 66, -1,
      66, 51, 50, -1,
      66, 50, 67, -1,
      67, 50, 49, -1,
      67, 49, 68, -1,
      68, 49, 36, -1,
      68, 36, 69, -1,
      69, 36, 35, -1,
      69, 35, 60, -1,
      70, 26, 25, -1,
      70, 25, 71, -1,
      71, 25, 24, -1,
      71, 24, 72, -1,
      24, 39, 72, -1,
      72, 39, 38, -1,
      72, 38, 73, -1,
      73, 38, 37, -1,
      73, 37, 74, -1,
      74, 37, 33, -1,
      74, 33, 75, -1,
      75, 33, 32, -1,
      75, 32, 76, -1,
      76, 32, 31, -1,
      76, 31, 65, -1,
      26, 70, 27, -1,
      27, 70, 77, -1,
      27, 77, 28, -1,
      28, 77, 78, -1,
      28, 78, 0, -1,
      0, 78, 79, -1,
      0, 79, 1, -1,
      1, 79, 80, -1,
      1, 80, 2, -1,
      2, 80, 81, -1,
      2, 81, 3, -1,
      3, 81, 82, -1,
      3, 82, 23, -1,
      23, 82, 83, -1,
      23, 83, 22, -1,
      84, 11, 10, -1,
      84, 10, 85, -1,
      85, 10, 8, -1,
      85, 8, 86, -1,
      86, 8, 7, -1,
      86, 7, 87, -1,
      87, 7, 12, -1,
      87, 12, 88, -1,
      88, 12, 22, -1,
      88, 22, 83, -1,
      89, 20, 19, -1,
      89, 19, 90, -1,
      90, 19, 14, -1,
      90, 14, 91, -1,
      91, 14, 13, -1,
      91, 13, 92, -1,
      92, 13, 9, -1,
      92, 9, 93, -1,
      93, 9, 11, -1,
      93, 11, 84, -1,
      52, 15, 16, -1,
      52, 16, 94, -1,
      94, 16, 17, -1,
      94, 17, 95, -1,
      17, 18, 95, -1,
      95, 18, 6, -1,
      95, 6, 96, -1,
      96, 6, 5, -1,
      96, 5, 97, -1,
      97, 5, 4, -1,
      97, 4, 98, -1,
      98, 4, 21, -1,
      98, 21, 99, -1,
      99, 21, 20, -1,
      99, 20, 89, -1,
      100, 101, 102, -1,
      100, 102, 103, -1,
      104, 84, 105, -1,
      105, 84, 106, -1,
      107, 108, 60, -1,
      60, 108, 109, -1,
      104, 110, 84, -1,
      84, 110, 111, -1,
      84, 111, 103, -1,
      109, 108, 101, -1,
      101, 108, 112, -1,
      101, 112, 102, -1,
      103, 102, 84, -1,
      84, 102, 113, -1,
      84, 113, 93, -1,
      93, 113, 114, -1,
      93, 114, 92, -1,
      115, 81, 116, -1,
      116, 81, 80, -1,
      116, 80, 117, -1,
      117, 80, 79, -1,
      117, 79, 118, -1,
      118, 79, 78, -1,
      118, 78, 119, -1,
      84, 85, 106, -1,
      106, 85, 86, -1,
      106, 86, 87, -1,
      114, 120, 92, -1,
      92, 120, 121, -1,
      92, 121, 91, -1,
      91, 121, 122, -1,
      91, 122, 90, -1,
      90, 122, 123, -1,
      87, 88, 106, -1,
      106, 88, 83, -1,
      106, 83, 115, -1,
      115, 83, 82, -1,
      115, 82, 81, -1,
      109, 124, 60, -1,
      60, 124, 125, -1,
      60, 125, 69, -1,
      69, 125, 126, -1,
      69, 126, 68, -1,
      68, 126, 127, -1,
      68, 127, 67, -1,
      67, 127, 128, -1,
      67, 128, 66, -1,
      66, 128, 129, -1,
      66, 129, 65, -1,
      65, 129, 130, -1,
      119, 78, 131, -1,
      131, 78, 77, -1,
      131, 77, 132, -1,
      132, 77, 70, -1,
      132, 70, 133, -1,
      133, 70, 71, -1,
      133, 71, 134, -1,
      134, 71, 72, -1,
      134, 72, 135, -1,
      135, 72, 73, -1,
      135, 73, 136, -1,
      136, 73, 74, -1,
      136, 74, 137, -1,
      137, 74, 75, -1,
      137, 75, 130, -1,
      130, 75, 76, -1,
      130, 76, 65, -1,
      107, 60, 138, -1,
      138, 60, 61, -1,
      138, 61, 139, -1,
      139, 61, 62, -1,
      139, 62, 140, -1,
      140, 62, 63, -1,
      140, 63, 141, -1,
      141, 63, 64, -1,
      141, 64, 142, -1,
      142, 64, 59, -1,
      142, 59, 143, -1,
      143, 59, 58, -1,
      143, 58, 144, -1,
      144, 58, 57, -1,
      144, 57, 145, -1,
      145, 57, 56, -1,
      145, 56, 146, -1,
      146, 56, 55, -1,
      146, 55, 147, -1,
      147, 55, 54, -1,
      147, 54, 148, -1,
      148, 54, 53, -1,
      148, 53, 149, -1,
      149, 53, 52, -1,
      149, 52, 150, -1,
      150, 52, 94, -1,
      150, 94, 151, -1,
      151, 94, 95, -1,
      151, 95, 152, -1,
      152, 95, 96, -1,
      152, 96, 153, -1,
      153, 96, 97, -1,
      153, 97, 154, -1,
      154, 97, 98, -1,
      154, 98, 155, -1,
      155, 98, 99, -1,
      155, 99, 123, -1,
      123, 99, 89, -1,
      123, 89, 90, -1,
      142, 156, 157, -1,
      142, 157, 141, -1,
      141, 157, 158, -1,
      141, 158, 140, -1,
      140, 158, 159, -1,
      140, 159, 139, -1,
      139, 159, 160, -1,
      139, 160, 138, -1,
      138, 160, 161, -1,
      138, 161, 107, -1,
      107, 161, 162, -1,
      107, 162, 108, -1,
      108, 162, 163, -1,
      108, 163, 112, -1,
      112, 163, 164, -1,
      112, 164, 102, -1,
      102, 164, 165, -1,
      102, 165, 113, -1,
      113, 165, 166, -1,
      113, 166, 114, -1,
      114, 166, 167, -1,
      114, 167, 120, -1,
      120, 167, 168, -1,
      120, 168, 121, -1,
      121, 168, 169, -1,
      121, 169, 122, -1,
      122, 169, 170, -1,
      122, 170, 123, -1,
      123, 170, 171, -1,
      123, 171, 155, -1,
      155, 171, 172, -1,
      155, 172, 154, -1,
      154, 172, 173, -1,
      154, 173, 153, -1,
      153, 173, 174, -1,
      153, 174, 152, -1,
      152, 174, 175, -1,
      152, 175, 151, -1,
      151, 175, 176, -1,
      151, 176, 150, -1,
      150, 176, 177, -1,
      150, 177, 149, -1,
      149, 177, 178, -1,
      149, 178, 148, -1,
      148, 178, 179, -1,
      148, 179, 147, -1,
      147, 179, 180, -1,
      147, 180, 146, -1,
      146, 180, 181, -1,
      146, 181, 145, -1,
      145, 181, 182, -1,
      145, 182, 144, -1,
      144, 182, 183, -1,
      144, 183, 143, -1,
      143, 183, 156, -1,
      143, 156, 142, -1,
      129, 184, 185, -1,
      129, 185, 130, -1,
      130, 185, 186, -1,
      130, 186, 137, -1,
      137, 186, 187, -1,
      137, 187, 136, -1,
      136, 187, 188, -1,
      136, 188, 135, -1,
      135, 188, 189, -1,
      135, 189, 134, -1,
      134, 189, 190, -1,
      134, 190, 133, -1,
      133, 190, 191, -1,
      133, 191, 132, -1,
      132, 191, 192, -1,
      132, 192, 131, -1,
      131, 192, 193, -1,
      131, 193, 119, -1,
      119, 193, 194, -1,
      119, 194, 118, -1,
      118, 194, 195, -1,
      118, 195, 117, -1,
      117, 195, 196, -1,
      117, 196, 116, -1,
      116, 196, 197, -1,
      116, 197, 115, -1,
      115, 197, 198, -1,
      115, 198, 106, -1,
      106, 198, 199, -1,
      106, 199, 105, -1,
      105, 199, 200, -1,
      105, 200, 104, -1,
      104, 200, 201, -1,
      104, 201, 110, -1,
      110, 201, 202, -1,
      110, 202, 111, -1,
      111, 202, 203, -1,
      111, 203, 103, -1,
      103, 203, 204, -1,
      103, 204, 100, -1,
      100, 204, 205, -1,
      100, 205, 101, -1,
      101, 205, 206, -1,
      101, 206, 109, -1,
      109, 206, 207, -1,
      109, 207, 124, -1,
      124, 207, 208, -1,
      124, 208, 125, -1,
      125, 208, 209, -1,
      125, 209, 126, -1,
      126, 209, 210, -1,
      126, 210, 127, -1,
      127, 210, 211, -1,
      127, 211, 128, -1,
      128, 211, 184, -1,
      128, 184, 129, -1,
    ]
  }
}

Shape {
  appearance Appearance {
    material Material {
      diffuseColor 0.2235 0.2235 0.2235
      specularColor 0.1137 0.1137 0.1137
      ambientIntensity 0.2
      transparency 0.0000
      shininess 0.5
    }
  }
  geometry IndexedFaceSet {
    ccw TRUE
    solid FALSE
    coord DEF co Coordinate {
      point [
        0.004321 -0.006107 0.393701,
        0.004662 -0.002733 0.393701,
        0.005720 0.000408 0.393701,
        0.007439 0.003104 0.393701,
        0.009530 0.005200 0.393701,
        0.012422 0.007082 0.393701,
        0.015871 0.008300 0.393701,
        0.020120 0.008747 0.393701,
        0.022873 0.008565 0.393701,
        0.026586 0.007618 0.393701,
        0.029929 0.005779 0.393701,
        0.032471 0.003446 0.393701,
        0.034377 0.000733 0.393701,
        0.035520 -0.002183 0.393701,
        0.036009 -0.006107 0.393701,
        0.035581 -0.009993 0.393701,
        0.034539 -0.012906 0.393701,
        0.032943 -0.015404 0.393701,
        0.030826 -0.017530 0.393701,
        0.027930 -0.019375 0.393701,
        0.024409 -0.020580 0.393701,
        0.020120 -0.021020 0.393701,
        0.016456 -0.020723 0.393701,
        0.013081 -0.019778 0.393701,
        0.009987 -0.018090 0.393701,
        0.007345 -0.015559 0.393701,
        0.005762 -0.013032 0.393701,
        0.004726 -0.010011 0.393701,
      ]
    }
    coordIndex [
      22, 21, 7, -1,
      16, 11, 17, -1,
      17, 11, 10, -1,
      7, 21, 8, -1,
      8, 21, 20, -1,
      8, 20, 19, -1,
      19, 18, 8, -1,
      8, 18, 17, -1,
      8, 17, 9, -1,
      9, 17, 10, -1,
      7, 6, 0, -1,
      0, 6, 5, -1,
      5, 4, 0, -1,
      0, 4, 3, -1,
      0, 3, 1, -1,
      1, 3, 2, -1,
      16, 15, 11, -1,
      11, 15, 14, -1,
      11, 14, 12, -1,
      12, 14, 13, -1,
      0, 27, 7, -1,
      7, 27, 26, -1,
      7, 26, 25, -1,
      25, 24, 7, -1,
      7, 24, 23, -1,
      7, 23, 22, -1,
    ]
  }
}

Shape {
  appearance Appearance {
    material Material {
      diffuseColor 0.6471 0.6471 0.6471
      specularColor 0.3216 0.3216 0.3216
      ambientIntensity 0.2
      transparency 0.0000
      shininess 0.5
    }
  }
  geometry IndexedFaceSet {
    ccw TRUE
    solid FALSE
    coord DEF co Coordinate {
      point [
        -0.060976 -0.024621 0.393701,
        -0.069369 -0.028068 0.393701,
        -0.072547 0.050518 0.393701,
        -0.070079 0.050348 0.393701,
        -0.060976 0.047877 0.393701,
        -0.060976 0.037315 0.393701,
        -0.060976 -0.015979 0.393701,
        -0.069845 0.041112 0.393701,
        -0.062387 -0.016761 0.393701,
        -0.079415 0.042356 0.393701,
        -0.087169 0.041485 0.393701,
        -0.093062 0.039358 0.393701,
        -0.098512 0.035712 0.393701,
        -0.103267 0.030463 0.393701,
        -0.108988 0.009828 0.393701,
        -0.108191 0.001303 0.393701,
        -0.106049 -0.005474 0.393701,
        -0.088543 -0.020194 0.393701,
        -0.081186 -0.021020 0.393701,
        -0.094280 -0.018078 0.393701,
        -0.099111 -0.014818 0.393701,
        -0.102792 -0.010933 0.393701,
        -0.070734 -0.019860 0.393701,
        -0.106513 0.024383 0.393701,
        -0.108612 0.015954 0.393701,
        -0.085306 0.050518 0.393701,
        -0.079506 0.050998 0.393701,
        -0.106331 -0.021968 0.393701,
        -0.112240 -0.015737 0.393701,
        -0.100000 -0.026019 0.393701,
        -0.118464 0.020160 0.393701,
        -0.115439 0.029207 0.393701,
        -0.110842 0.036583 0.393701,
        -0.103760 0.043431 0.393701,
        -0.096288 0.047761 0.393701,
        -0.087511 0.050335 0.393701,
        -0.116429 -0.008248 0.393701,
        -0.118794 0.000089 0.393701,
        -0.119551 0.009182 0.393701,
        -0.077325 -0.029183 0.393701,
        -0.080488 -0.029626 0.393701,
        -0.082641 -0.029663 0.393701,
        -0.087272 -0.029183 0.393701,
        -0.092345 -0.028657 0.393701,
        -0.047532 -0.001816 0.393701,
        -0.047532 0.005867 0.393701,
        -0.017765 -0.001816 0.393701,
        -0.017765 0.005867 0.393701,
        -0.017765 0.005867 0.389764,
        -0.017765 -0.001816 0.389764,
        -0.047532 -0.001816 0.389764,
        -0.047532 0.005867 0.389764,
        -0.060976 -0.015979 0.389764,
        -0.060976 -0.024621 0.389764,
        -0.069369 -0.028068 0.389764,
        -0.082641 -0.029663 0.389764,
        -0.080488 -0.029626 0.389764,
        -0.119551 0.009182 0.389764,
        -0.118794 0.000089 0.389764,
        -0.116429 -0.008248 0.389764,
        -0.112240 -0.015737 0.389764,
        -0.106331 -0.021968 0.389764,
        -0.100000 -0.026019 0.389764,
        -0.092345 -0.028657 0.389764,
        -0.079506 0.050998 0.389764,
        -0.087511 0.050335 0.389764,
        -0.096288 0.047761 0.389764,
        -0.103760 0.043431 0.389764,
        -0.110842 0.036583 0.389764,
        -0.115439 0.029207 0.389764,
        -0.118464 0.020160 0.389764,
        -0.070079 0.050348 0.389764,
        -0.060976 0.047877 0.389764,
        -0.060976 0.037315 0.389764,
        -0.079415 0.042356 0.389764,
        -0.069845 0.041112 0.389764,
        -0.108988 0.009828 0.389764,
        -0.108612 0.015954 0.389764,
        -0.106513 0.024383 0.389764,
        -0.103267 0.030463 0.389764,
        -0.098512 0.035712 0.389764,
        -0.093062 0.039358 0.389764,
        -0.087169 0.041485 0.389764,
        -0.081186 -0.021020 0.389764,
        -0.088543 -0.020194 0.389764,
        -0.094280 -0.018078 0.389764,
        -0.099111 -0.014818 0.389764,
        -0.102792 -0.010933 0.389764,
        -0.106049 -0.005474 0.389764,
        -0.108191 0.001303 0.389764,
        -0.062387 -0.016761 0.389764,
        -0.070734 -0.019860 0.389764,
      ]
    }
    coordIndex [
      48, 49, 47, -1,
      47, 49, 46, -1,
      49, 50, 46, -1,
      46, 50, 44, -1,
      50, 51, 44, -1,
      44, 51, 45, -1,
      51, 48, 45, -1,
      45, 48, 47, -1,
      51, 50, 48, -1,
      48, 50, 49, -1,
      52, 53, 6, -1,
      6, 53, 0, -1,
      0, 53, 54, -1,
      55, 41, 40, -1,
      55, 40, 56, -1,
      56, 40, 39, -1,
      56, 39, 54, -1,
      54, 39, 1, -1,
      54, 1, 0, -1,
      57, 38, 37, -1,
      57, 37, 58, -1,
      58, 37, 36, -1,
      58, 36, 59, -1,
      59, 36, 28, -1,
      59, 28, 60, -1,
      60, 28, 27, -1,
      60, 27, 61, -1,
      61, 27, 29, -1,
      61, 29, 62, -1,
      62, 29, 43, -1,
      62, 43, 63, -1,
      63, 43, 55, -1,
      55, 43, 42, -1,
      55, 42, 41, -1,
      26, 25, 64, -1,
      64, 25, 65, -1,
      25, 35, 65, -1,
      65, 35, 34, -1,
      65, 34, 66, -1,
      66, 34, 33, -1,
      66, 33, 67, -1,
      67, 33, 32, -1,
      67, 32, 68, -1,
      68, 32, 31, -1,
      68, 31, 69, -1,
      69, 31, 30, -1,
      69, 30, 70, -1,
      70, 30, 38, -1,
      70, 38, 57, -1,
      26, 64, 2, -1,
      2, 64, 71, -1,
      2, 71, 3, -1,
      3, 71, 72, -1,
      3, 72, 4, -1,
      72, 73, 4, -1,
      4, 73, 5, -1,
      74, 9, 7, -1,
      74, 7, 75, -1,
      75, 7, 5, -1,
      75, 5, 73, -1,
      76, 14, 24, -1,
      76, 24, 77, -1,
      77, 24, 23, -1,
      77, 23, 78, -1,
      78, 23, 13, -1,
      78, 13, 79, -1,
      79, 13, 12, -1,
      79, 12, 80, -1,
      80, 12, 11, -1,
      80, 11, 81, -1,
      81, 11, 10, -1,
      81, 10, 82, -1,
      82, 10, 9, -1,
      82, 9, 74, -1,
      83, 18, 17, -1,
      83, 17, 84, -1,
      84, 17, 19, -1,
      84, 19, 85, -1,
      85, 19, 20, -1,
      85, 20, 86, -1,
      86, 20, 21, -1,
      86, 21, 87, -1,
      87, 21, 16, -1,
      87, 16, 88, -1,
      88, 16, 15, -1,
      88, 15, 89, -1,
      89, 15, 14, -1,
      89, 14, 76, -1,
      52, 6, 8, -1,
      52, 8, 90, -1,
      90, 8, 22, -1,
      90, 22, 91, -1,
      91, 22, 18, -1,
      91, 18, 83, -1,
      84, 55, 83, -1,
      83, 55, 56, -1,
      83, 56, 91, -1,
      91, 56, 54, -1,
      91, 54, 90, -1,
      90, 54, 53, -1,
      90, 53, 52, -1,
      73, 72, 75, -1,
      75, 72, 71, -1,
      75, 71, 74, -1,
      74, 71, 64, -1,
      74, 64, 82, -1,
      82, 64, 65, -1,
      82, 65, 81, -1,
      81, 65, 66, -1,
      81, 66, 80, -1,
      80, 66, 67, -1,
      80, 67, 79, -1,
      79, 67, 68, -1,
      79, 68, 78, -1,
      78, 68, 69, -1,
      78, 69, 77, -1,
      77, 69, 70, -1,
      77, 70, 76, -1,
      76, 70, 57, -1,
      76, 57, 89, -1,
      89, 57, 58, -1,
      89, 58, 88, -1,
      88, 58, 59, -1,
      88, 59, 87, -1,
      87, 59, 60, -1,
      87, 60, 86, -1,
      86, 60, 61, -1,
      86, 61, 85, -1,
      85, 61, 62, -1,
      85, 62, 84, -1,
      84, 62, 63, -1,
      84, 63, 55, -1,
    ]
  }
}

Shape {
  appearance Appearance {
    material Material {
      diffuseColor 0.2235 0.2235 0.2235
      specularColor 0.1137 0.1137 0.1137
      ambientIntensity 0.2
      transparency 0.0000
      shininess 0.5
    }
  }
  geometry IndexedFaceSet {
    ccw TRUE
    solid FALSE
    coord DEF co Coordinate {
      point [
        0.133564 0.002025 0.393701,
        0.159896 0.002025 0.393701,
        0.145312 0.034914 0.393701,
        0.146070 0.037644 0.393701,
        0.146572 0.040435 0.393701,
        0.146828 0.040435 0.393701,
        0.147341 0.037653 0.393701,
        0.148043 0.034914 0.393701,
        0.069618 0.029918 0.393701,
        0.069875 0.032743 0.393701,
        0.070716 0.035426 0.393701,
        0.072085 0.037733 0.393701,
        0.073855 0.039619 0.393701,
        0.076043 0.041104 0.393701,
        0.078407 0.041987 0.393701,
        0.081546 0.042356 0.393701,
        0.084267 0.042084 0.393701,
        0.086971 0.041156 0.393701,
        0.089176 0.039687 0.393701,
        0.090532 0.038367 0.393701,
        0.092209 0.035950 0.393701,
        0.093230 0.033272 0.393701,
        0.093624 0.029918 0.393701,
        0.093560 0.028609 0.393701,
        0.092940 0.025743 0.393701,
        0.091710 0.023194 0.393701,
        0.089380 0.020453 0.393701,
        0.087102 0.018790 0.393701,
        0.084710 0.017813 0.393701,
        0.081546 0.017389 0.393701,
        0.078364 0.017809 0.393701,
        0.075807 0.018885 0.393701,
        0.073711 0.020446 0.393701,
        0.072783 0.021412 0.393701,
        0.071065 0.023865 0.393701,
        0.070028 0.026511 0.393701,
        0.009122 0.029918 0.393701,
        0.009380 0.032743 0.393701,
        0.010220 0.035426 0.393701,
        0.011590 0.037733 0.393701,
        0.013359 0.039619 0.393701,
        0.015548 0.041104 0.393701,
        0.017912 0.041987 0.393701,
        0.021050 0.042356 0.393701,
        0.023771 0.042084 0.393701,
        0.026476 0.041156 0.393701,
        0.028681 0.039687 0.393701,
        0.030037 0.038367 0.393701,
        0.031714 0.035950 0.393701,
        0.032734 0.033272 0.393701,
        0.033128 0.029918 0.393701,
        0.033064 0.028609 0.393701,
        0.032444 0.025743 0.393701,
        0.031215 0.023194 0.393701,
        0.028884 0.020453 0.393701,
        0.026607 0.018790 0.393701,
        0.024215 0.017813 0.393701,
        0.021050 0.017389 0.393701,
        0.017868 0.017809 0.393701,
        0.015312 0.018885 0.393701,
        0.013216 0.020446 0.393701,
        0.012288 0.021412 0.393701,
        0.010570 0.023865 0.393701,
        0.009532 0.026511 0.393701,
      ]
    }
    coordIndex [
      0, 1, 2, -1,
      2, 1, 7, -1,
      2, 7, 3, -1,
      3, 7, 6, -1,
      3, 6, 4, -1,
      4, 6, 5, -1,
      21, 20, 33, -1,
      24, 23, 32, -1,
      20, 19, 33, -1,
      33, 19, 18, -1,
      33, 18, 34, -1,
      34, 18, 35, -1,
      27, 26, 31, -1,
      32, 23, 33, -1,
      33, 23, 22, -1,
      33, 22, 21, -1,
      31, 26, 32, -1,
      32, 26, 25, -1,
      32, 25, 24, -1,
      17, 9, 18, -1,
      18, 9, 8, -1,
      18, 8, 35, -1,
      17, 16, 9, -1,
      9, 16, 15, -1,
      9, 15, 10, -1,
      10, 15, 11, -1,
      14, 13, 15, -1,
      15, 13, 12, -1,
      15, 12, 11, -1,
      30, 29, 31, -1,
      31, 29, 28, -1,
      31, 28, 27, -1,
      49, 48, 61, -1,
      52, 51, 60, -1,
      48, 47, 61, -1,
      61, 47, 46, -1,
      61, 46, 62, -1,
      62, 46, 63, -1,
      55, 54, 59, -1,
      60, 51, 61, -1,
      61, 51, 50, -1,
      61, 50, 49, -1,
      59, 54, 60, -1,
      60, 54, 53, -1,
      60, 53, 52, -1,
      45, 37, 46, -1,
      46, 37, 36, -1,
      46, 36, 63, -1,
      45, 44, 37, -1,
      37, 44, 43, -1,
      37, 43, 38, -1,
      38, 43, 39, -1,
      42, 41, 43, -1,
      43, 41, 40, -1,
      43, 40, 39, -1,
      58, 57, 59, -1,
      59, 57, 56, -1,
      59, 56, 55, -1,
    ]
  }
}

Shape {
  appearance Appearance {
    material Material {
      diffuseColor 0.6471 0.6471 0.6471
      specularColor 0.3216 0.3216 0.3216
      ambientIntensity 0.2
      transparency 0.0000
      shininess 0.5
    }
  }
  geometry IndexedFaceSet {
    ccw TRUE
    solid FALSE
    coord DEF co Coordinate {
      point [
        0.067412 0.031975 0.019685,
        0.075166 0.031105 0.019685,
        0.050384 -0.027141 0.019685,
        0.154600 -0.039083 0.019685,
        0.075269 -0.039563 0.019685,
        0.114269 -0.039083 0.019685,
        0.080342 -0.039037 0.019685,
        0.087996 -0.036399 0.019685,
        0.103435 0.018826 0.019685,
        0.098839 0.026203 0.019685,
        0.144037 0.039657 0.019685,
        0.057842 0.030732 0.019685,
        0.048972 -0.026359 0.019685,
        0.048972 0.026934 0.019685,
        0.048972 0.037497 0.019685,
        0.081059 0.028978 0.019685,
        0.086509 0.025332 0.019685,
        0.091264 0.020082 0.019685,
        0.096985 -0.000553 0.019685,
        0.096187 -0.009077 0.019685,
        0.094046 -0.015855 0.019685,
        0.076540 -0.030574 0.019685,
        0.069183 -0.031401 0.019685,
        0.082276 -0.028459 0.019685,
        0.087108 -0.025198 0.019685,
        0.090789 -0.021313 0.019685,
        0.058731 -0.030241 0.019685,
        0.094510 0.014003 0.019685,
        0.096609 0.005574 0.019685,
        0.094329 -0.032348 0.019685,
        0.100237 -0.026118 0.019685,
        0.114269 -0.030441 0.019685,
        0.104426 -0.018628 0.019685,
        0.144037 -0.030441 0.019685,
        0.091757 0.033050 0.019685,
        0.084285 0.037380 0.019685,
        0.075508 0.039955 0.019685,
        0.106791 -0.010291 0.019685,
        0.107548 -0.001198 0.019685,
        0.106461 0.009780 0.019685,
        0.067502 0.040618 0.019685,
        0.058076 0.039967 0.019685,
        0.048972 -0.035002 0.019685,
        0.057366 -0.038448 0.019685,
        0.065322 -0.039563 0.019685,
        0.068485 -0.040006 0.019685,
        0.070638 -0.040043 0.019685,
        0.154600 0.039657 0.019685,
        -0.024006 -0.039083 0.019685,
        -0.008642 -0.030441 0.019685,
        -0.008642 -0.039083 0.019685,
        0.033609 -0.039083 0.019685,
        0.033609 0.039657 0.019685,
        -0.006722 0.039657 0.019685,
        -0.093144 -0.039083 0.019685,
        -0.083458 -0.017486 0.019685,
        -0.078946 -0.024531 0.019685,
        -0.164202 -0.039083 0.019685,
        -0.133474 0.039657 0.019685,
        -0.122911 0.039657 0.019685,
        0.023046 0.031015 0.019685,
        0.023046 0.005089 0.019685,
        -0.006722 0.031015 0.019685,
        -0.004801 0.005089 0.019685,
        -0.004801 -0.003554 0.019685,
        0.023046 -0.003554 0.019685,
        0.023046 -0.030441 0.019685,
        -0.072468 -0.030739 0.019685,
        -0.064252 -0.035520 0.019685,
        -0.055180 -0.038229 0.019685,
        -0.024006 0.039657 0.019685,
        -0.057409 0.038485 0.019685,
        -0.066604 0.035311 0.019685,
        -0.075249 0.029582 0.019685,
        -0.046227 0.039657 0.019685,
        -0.075873 0.029029 0.019685,
        -0.081299 0.022838 0.019685,
        -0.084863 0.016013 0.019685,
        -0.086884 0.008228 0.019685,
        -0.087382 0.001278 0.019685,
        -0.086278 -0.009260 0.019685,
        -0.045417 -0.039083 0.019685,
        -0.144712 -0.016997 0.019685,
        -0.112184 -0.016997 0.019685,
        -0.152679 -0.039083 0.019685,
        -0.104667 -0.039083 0.019685,
        -0.133474 0.039657 0.023622,
        -0.164202 -0.039083 0.023622,
        -0.152679 -0.039083 0.023622,
        -0.144712 -0.016997 0.023622,
        -0.112184 -0.016997 0.023622,
        -0.104667 -0.039083 0.023622,
        -0.093144 -0.039083 0.023622,
        -0.122911 0.039657 0.023622,
        -0.114839 -0.008355 0.023622,
        -0.141171 -0.008355 0.023622,
        -0.126587 0.024533 0.023622,
        -0.127345 0.027264 0.023622,
        -0.127848 0.030055 0.023622,
        -0.128103 0.030055 0.023622,
        -0.128617 0.027273 0.023622,
        -0.129318 0.024533 0.023622,
        -0.114839 -0.008355 0.019685,
        -0.141171 -0.008355 0.019685,
        -0.126587 0.024533 0.019685,
        -0.127345 0.027264 0.019685,
        -0.127848 0.030055 0.019685,
        -0.128103 0.030055 0.019685,
        -0.128617 0.027273 0.019685,
        -0.129318 0.024533 0.019685,
        -0.045417 -0.039083 0.023622,
        -0.024006 -0.039083 0.023622,
        -0.024006 0.039657 0.023622,
        -0.046227 0.039657 0.023622,
        -0.087382 0.001278 0.023622,
        -0.086884 0.008228 0.023622,
        -0.084863 0.016013 0.023622,
        -0.081299 0.022838 0.023622,
        -0.075873 0.029029 0.023622,
        -0.075249 0.029582 0.023622,
        -0.066604 0.035311 0.023622,
        -0.057409 0.038485 0.023622,
        -0.055180 -0.038229 0.023622,
        -0.064252 -0.035520 0.023622,
        -0.072468 -0.030739 0.023622,
        -0.078946 -0.024531 0.023622,
        -0.083458 -0.017486 0.023622,
        -0.086278 -0.009260 0.023622,
        -0.071565 0.019990 0.023622,
        -0.067737 0.024047 0.023622,
        -0.061982 0.027759 0.023622,
        -0.055479 0.030030 0.023622,
        -0.046182 0.031015 0.023622,
        -0.034569 0.031015 0.023622,
        -0.034569 -0.030441 0.023622,
        -0.045747 -0.030441 0.023622,
        -0.054054 -0.029667 0.023622,
        -0.060689 -0.027595 0.023622,
        -0.066057 -0.024405 0.023622,
        -0.070472 -0.020041 0.023622,
        -0.073791 -0.014611 0.023622,
        -0.076099 -0.007206 0.023622,
        -0.076820 0.001052 0.023622,
        -0.076151 0.008889 0.023622,
        -0.074304 0.015139 0.023622,
        -0.046182 0.031015 0.019685,
        -0.034569 0.031015 0.019685,
        -0.055479 0.030030 0.019685,
        -0.061982 0.027759 0.019685,
        -0.067737 0.024047 0.019685,
        -0.071565 0.019990 0.019685,
        -0.074304 0.015139 0.019685,
        -0.076151 0.008889 0.019685,
        -0.076820 0.001052 0.019685,
        -0.076099 -0.007206 0.019685,
        -0.073791 -0.014611 0.019685,
        -0.070472 -0.020041 0.019685,
        -0.066057 -0.024405 0.019685,
        -0.060689 -0.027595 0.019685,
        -0.054054 -0.029667 0.019685,
        -0.045747 -0.030441 0.019685,
        -0.034569 -0.030441 0.019685,
        -0.008642 -0.030441 0.023622,
        -0.008642 -0.039083 0.023622,
        0.033609 -0.039083 0.023622,
        0.033609 0.039657 0.023622,
        -0.006722 0.039657 0.023622,
        -0.006722 0.031015 0.023622,
        0.023046 0.031015 0.023622,
        0.023046 0.005089 0.023622,
        -0.004801 0.005089 0.023622,
        -0.004801 -0.003554 0.023622,
        0.023046 -0.003554 0.023622,
        0.023046 -0.030441 0.023622,
        0.048972 -0.026359 0.023622,
        0.048972 -0.035002 0.023622,
        0.057366 -0.038448 0.023622,
        0.070638 -0.040043 0.023622,
        0.068485 -0.040006 0.023622,
        0.107548 -0.001198 0.023622,
        0.106791 -0.010291 0.023622,
        0.104426 -0.018628 0.023622,
        0.100237 -0.026118 0.023622,
        0.094329 -0.032348 0.023622,
        0.087996 -0.036399 0.023622,
        0.080342 -0.039037 0.023622,
        0.067502 0.040618 0.023622,
        0.075508 0.039955 0.023622,
        0.084285 0.037380 0.023622,
        0.091757 0.033050 0.023622,
        0.098839 0.026203 0.023622,
        0.103435 0.018826 0.023622,
        0.106461 0.009780 0.023622,
        0.048972 0.037497 0.023622,
        0.058076 0.039967 0.023622,
        0.048972 0.026934 0.023622,
        0.067412 0.031975 0.023622,
        0.057842 0.030732 0.023622,
        0.096985 -0.000553 0.023622,
        0.096609 0.005574 0.023622,
        0.094510 0.014003 0.023622,
        0.091264 0.020082 0.023622,
        0.086509 0.025332 0.023622,
        0.081059 0.028978 0.023622,
        0.075166 0.031105 0.023622,
        0.069183 -0.031401 0.023622,
        0.076540 -0.030574 0.023622,
        0.082276 -0.028459 0.023622,
        0.087108 -0.025198 0.023622,
        0.090789 -0.021313 0.023622,
        0.094046 -0.015855 0.023622,
        0.096187 -0.009077 0.023622,
        0.050384 -0.027141 0.023622,
        0.058731 -0.030241 0.023622,
        0.114269 -0.030441 0.023622,
        0.114269 -0.039083 0.023622,
        0.154600 -0.039083 0.023622,
        0.154600 0.039657 0.023622,
        0.144037 0.039657 0.023622,
        0.144037 -0.030441 0.023622,
      ]
    }
    coordIndex [
      86, 87, 58, -1,
      58, 87, 57, -1,
      87, 88, 57, -1,
      57, 88, 84, -1,
      88, 89, 84, -1,
      84, 89, 82, -1,
      89, 90, 82, -1,
      82, 90, 83, -1,
      90, 91, 83, -1,
      83, 91, 85, -1,
      91, 92, 85, -1,
      85, 92, 54, -1,
      92, 93, 54, -1,
      54, 93, 59, -1,
      93, 86, 59, -1,
      59, 86, 58, -1,
      94, 90, 95, -1,
      95, 90, 89, -1,
      96, 93, 94, -1,
      94, 93, 92, -1,
      94, 92, 90, -1,
      90, 92, 91, -1,
      96, 97, 93, -1,
      93, 97, 98, -1,
      93, 98, 86, -1,
      86, 98, 99, -1,
      86, 99, 100, -1,
      100, 101, 86, -1,
      86, 101, 95, -1,
      86, 95, 87, -1,
      87, 95, 89, -1,
      87, 89, 88, -1,
      94, 95, 102, -1,
      102, 95, 103, -1,
      96, 94, 104, -1,
      104, 94, 102, -1,
      96, 104, 105, -1,
      96, 105, 97, -1,
      97, 105, 106, -1,
      97, 106, 98, -1,
      99, 98, 107, -1,
      107, 98, 106, -1,
      99, 107, 108, -1,
      99, 108, 100, -1,
      100, 108, 109, -1,
      100, 109, 101, -1,
      95, 101, 103, -1,
      103, 101, 109, -1,
      110, 111, 81, -1,
      81, 111, 48, -1,
      111, 112, 48, -1,
      48, 112, 70, -1,
      112, 113, 70, -1,
      70, 113, 74, -1,
      114, 79, 78, -1,
      114, 78, 115, -1,
      115, 78, 77, -1,
      115, 77, 116, -1,
      116, 77, 76, -1,
      116, 76, 117, -1,
      117, 76, 75, -1,
      117, 75, 118, -1,
      118, 75, 73, -1,
      118, 73, 119, -1,
      119, 73, 72, -1,
      119, 72, 120, -1,
      120, 72, 71, -1,
      120, 71, 121, -1,
      121, 71, 74, -1,
      121, 74, 113, -1,
      110, 81, 69, -1,
      110, 69, 122, -1,
      122, 69, 68, -1,
      122, 68, 123, -1,
      123, 68, 67, -1,
      123, 67, 124, -1,
      124, 67, 56, -1,
      124, 56, 125, -1,
      125, 56, 55, -1,
      125, 55, 126, -1,
      126, 55, 80, -1,
      126, 80, 127, -1,
      127, 80, 79, -1,
      127, 79, 114, -1,
      116, 117, 128, -1,
      128, 117, 118, -1,
      128, 118, 129, -1,
      129, 118, 119, -1,
      129, 119, 130, -1,
      130, 119, 120, -1,
      130, 120, 131, -1,
      131, 120, 121, -1,
      131, 121, 132, -1,
      132, 121, 113, -1,
      132, 113, 133, -1,
      133, 113, 112, -1,
      133, 112, 134, -1,
      134, 112, 111, -1,
      134, 111, 135, -1,
      135, 111, 110, -1,
      135, 110, 136, -1,
      136, 110, 122, -1,
      136, 122, 137, -1,
      137, 122, 123, -1,
      137, 123, 138, -1,
      138, 123, 124, -1,
      138, 124, 139, -1,
      139, 124, 125, -1,
      139, 125, 140, -1,
      140, 125, 126, -1,
      140, 126, 141, -1,
      141, 126, 127, -1,
      141, 127, 142, -1,
      142, 127, 114, -1,
      142, 114, 143, -1,
      143, 114, 115, -1,
      143, 115, 144, -1,
      144, 115, 116, -1,
      144, 116, 128, -1,
      132, 133, 145, -1,
      145, 133, 146, -1,
      132, 145, 147, -1,
      132, 147, 131, -1,
      131, 147, 148, -1,
      131, 148, 130, -1,
      130, 148, 149, -1,
      130, 149, 129, -1,
      129, 149, 150, -1,
      129, 150, 128, -1,
      128, 150, 151, -1,
      128, 151, 144, -1,
      144, 151, 152, -1,
      144, 152, 143, -1,
      143, 152, 153, -1,
      143, 153, 142, -1,
      142, 153, 154, -1,
      142, 154, 141, -1,
      141, 154, 155, -1,
      141, 155, 140, -1,
      140, 155, 156, -1,
      140, 156, 139, -1,
      139, 156, 157, -1,
      139, 157, 138, -1,
      138, 157, 158, -1,
      138, 158, 137, -1,
      137, 158, 159, -1,
      137, 159, 136, -1,
      136, 159, 160, -1,
      136, 160, 135, -1,
      134, 135, 161, -1,
      161, 135, 160, -1,
      133, 134, 146, -1,
      146, 134, 161, -1,
      162, 163, 49, -1,
      49, 163, 50, -1,
      163, 164, 50, -1,
      50, 164, 51, -1,
      164, 165, 51, -1,
      51, 165, 52, -1,
      165, 166, 52, -1,
      52, 166, 53, -1,
      166, 167, 53, -1,
      53, 167, 62, -1,
      167, 168, 62, -1,
      62, 168, 60, -1,
      168, 169, 60, -1,
      60, 169, 61, -1,
      169, 170, 61, -1,
      61, 170, 63, -1,
      170, 171, 63, -1,
      63, 171, 64, -1,
      171, 172, 64, -1,
      64, 172, 65, -1,
      172, 173, 65, -1,
      65, 173, 66, -1,
      173, 162, 66, -1,
      66, 162, 49, -1,
      164, 163, 162, -1,
      162, 173, 164, -1,
      164, 173, 172, -1,
      164, 172, 165, -1,
      167, 166, 168, -1,
      168, 166, 165, -1,
      168, 165, 169, -1,
      169, 165, 172, -1,
      169, 172, 170, -1,
      170, 172, 171, -1,
      174, 175, 12, -1,
      12, 175, 42, -1,
      42, 175, 176, -1,
      177, 46, 45, -1,
      177, 45, 178, -1,
      178, 45, 44, -1,
      178, 44, 176, -1,
      176, 44, 43, -1,
      176, 43, 42, -1,
      179, 38, 37, -1,
      179, 37, 180, -1,
      180, 37, 32, -1,
      180, 32, 181, -1,
      181, 32, 30, -1,
      181, 30, 182, -1,
      182, 30, 29, -1,
      182, 29, 183, -1,
      183, 29, 7, -1,
      183, 7, 184, -1,
      184, 7, 6, -1,
      184, 6, 185, -1,
      185, 6, 177, -1,
      177, 6, 4, -1,
      177, 4, 46, -1,
      186, 40, 36, -1,
      186, 36, 187, -1,
      187, 36, 35, -1,
      187, 35, 188, -1,
      188, 35, 34, -1,
      188, 34, 189, -1,
      189, 34, 9, -1,
      189, 9, 190, -1,
      190, 9, 8, -1,
      190, 8, 191, -1,
      191, 8, 39, -1,
      191, 39, 192, -1,
      192, 39, 38, -1,
      192, 38, 179, -1,
      193, 14, 41, -1,
      193, 41, 194, -1,
      194, 41, 40, -1,
      194, 40, 186, -1,
      193, 195, 14, -1,
      14, 195, 13, -1,
      196, 0, 11, -1,
      196, 11, 197, -1,
      197, 11, 13, -1,
      197, 13, 195, -1,
      198, 18, 28, -1,
      198, 28, 199, -1,
      199, 28, 27, -1,
      199, 27, 200, -1,
      200, 27, 17, -1,
      200, 17, 201, -1,
      201, 17, 16, -1,
      201, 16, 202, -1,
      202, 16, 15, -1,
      202, 15, 203, -1,
      203, 15, 1, -1,
      203, 1, 204, -1,
      204, 1, 0, -1,
      204, 0, 196, -1,
      205, 22, 21, -1,
      205, 21, 206, -1,
      206, 21, 23, -1,
      206, 23, 207, -1,
      207, 23, 24, -1,
      207, 24, 208, -1,
      208, 24, 25, -1,
      208, 25, 209, -1,
      209, 25, 20, -1,
      209, 20, 210, -1,
      210, 20, 19, -1,
      210, 19, 211, -1,
      211, 19, 18, -1,
      211, 18, 198, -1,
      174, 12, 2, -1,
      174, 2, 212, -1,
      212, 2, 26, -1,
      212, 26, 213, -1,
      213, 26, 22, -1,
      213, 22, 205, -1,
      206, 177, 205, -1,
      205, 177, 178, -1,
      205, 178, 213, -1,
      213, 178, 176, -1,
      213, 176, 212, -1,
      212, 176, 175, -1,
      212, 175, 174, -1,
      195, 193, 197, -1,
      197, 193, 194, -1,
      197, 194, 196, -1,
      196, 194, 186, -1,
      196, 186, 204, -1,
      204, 186, 187, -1,
      204, 187, 203, -1,
      203, 187, 188, -1,
      203, 188, 202, -1,
      202, 188, 189, -1,
      202, 189, 201, -1,
      201, 189, 190, -1,
      201, 190, 200, -1,
      200, 190, 191, -1,
      200, 191, 199, -1,
      199, 191, 192, -1,
      199, 192, 198, -1,
      198, 192, 179, -1,
      198, 179, 211, -1,
      211, 179, 180, -1,
      211, 180, 210, -1,
      210, 180, 181, -1,
      210, 181, 209, -1,
      209, 181, 182, -1,
      209, 182, 208, -1,
      208, 182, 183, -1,
      208, 183, 207, -1,
      207, 183, 184, -1,
      207, 184, 206, -1,
      206, 184, 185, -1,
      206, 185, 177, -1,
      214, 215, 31, -1,
      31, 215, 5, -1,
      215, 216, 5, -1,
      5, 216, 3, -1,
      216, 217, 3, -1,
      3, 217, 47, -1,
      217, 218, 47, -1,
      47, 218, 10, -1,
      218, 219, 10, -1,
      10, 219, 33, -1,
      219, 214, 33, -1,
      33, 214, 31, -1,
      218, 217, 219, -1,
      219, 217, 216, -1,
      219, 216, 214, -1,
      214, 216, 215, -1,
    ]
  }
}

Shape {
  appearance Appearance {
    material Material {
      diffuseColor 0.2235 0.2235 0.2235
      specularColor 0.1137 0.1137 0.1137
      ambientIntensity 0.2
      transparency 0.0000
      shininess 0.5
    }
  }
  geometry IndexedFaceSet {
    ccw TRUE
    solid FALSE
    coord DEF co Coordinate {
      point [
        -0.114839 -0.008355 0.019685,
        -0.141171 -0.008355 0.019685,
        -0.126587 0.024533 0.019685,
        -0.127345 0.027264 0.019685,
        -0.127848 0.030055 0.019685,
        -0.128103 0.030055 0.019685,
        -0.128617 0.027273 0.019685,
        -0.129318 0.024533 0.019685,
        -0.046182 0.031015 0.019685,
        -0.034569 0.031015 0.019685,
        -0.055479 0.030030 0.019685,
        -0.061982 0.027759 0.019685,
        -0.067737 0.024047 0.019685,
        -0.071565 0.019990 0.019685,
        -0.074304 0.015139 0.019685,
        -0.076151 0.008889 0.019685,
        -0.076820 0.001052 0.019685,
        -0.076099 -0.007206 0.019685,
        -0.073791 -0.014611 0.019685,
        -0.070472 -0.020041 0.019685,
        -0.066057 -0.024405 0.019685,
        -0.060689 -0.027595 0.019685,
        -0.054054 -0.029667 0.019685,
        -0.045747 -0.030441 0.019685,
        -0.034569 -0.030441 0.019685,
      ]
    }
    coordIndex [
      0, 1, 2, -1,
      2, 1, 7, -1,
      2, 7, 3, -1,
      3, 7, 6, -1,
      3, 6, 4, -1,
      4, 6, 5, -1,
      9, 24, 8, -1,
      8, 24, 23, -1,
      8, 23, 22, -1,
      16, 15, 8, -1,
      8, 15, 14, -1,
      8, 14, 10, -1,
      22, 21, 8, -1,
      8, 21, 20, -1,
      8, 20, 19, -1,
      19, 18, 8, -1,
      8, 18, 17, -1,
      8, 17, 16, -1,
      13, 12, 14, -1,
      14, 12, 11, -1,
      14, 11, 10, -1,
    ]
  }
}

Shape {
  appearance Appearance {
    material Material {
      diffuseColor 0.8510 0.8510 0.8510
      specularColor 0.4235 0.4235 0.4235
      ambientIntensity 0.2
      transparency 0.0000
      shininess 0.5
    }
  }
  geometry IndexedFaceSet {
    ccw TRUE
    solid FALSE
    coord DEF co Coordinate {
      point [
        0.295276 0.246063 0.314961,
        0.295276 0.246063 0.255906,
        0.216535 0.246063 0.255906,
        -0.216535 0.246063 0.255906,
        0.216535 0.246063 0.314961,
        -0.216535 0.246063 0.314961,
        0.216535 -0.246063 0.314961,
        0.039370 -0.246063 0.314961,
        0.216535 -0.246063 0.255906,
        0.039370 -0.246063 0.255906,
        -0.039370 -0.246063 0.314961,
        -0.216535 -0.246063 0.314961,
        -0.039370 -0.246063 0.255906,
        -0.216535 -0.246063 0.255906,
        -0.295276 -0.246063 0.314961,
        -0.295276 -0.246063 0.255906,
        -0.295276 0.246063 0.255906,
        -0.295276 0.246063 0.314961,
        0.295276 -0.246063 0.255906,
        0.295276 -0.246063 0.314961,
        -0.216535 -0.413386 0.000000,
        -0.216535 -0.413386 0.059055,
        -0.295276 -0.413386 0.000000,
        -0.295276 -0.413386 0.059055,
        -0.295276 -0.260930 0.314961,
        -0.295276 -0.260930 0.255906,
        -0.216535 -0.260930 0.255906,
        -0.216535 -0.260930 0.314961,
        -0.295276 -0.273474 0.245566,
        -0.295276 -0.331443 0.256837,
        -0.295276 -0.272589 0.248359,
        -0.295276 -0.326467 0.272538,
        -0.295276 -0.271090 0.250877,
        -0.295276 -0.318045 0.286693,
        -0.295276 -0.269058 0.252987,
        -0.295276 -0.306620 0.298557,
        -0.295276 -0.266598 0.254580,
        -0.295276 -0.292794 0.307507,
        -0.295276 -0.263841 0.255570,
        -0.295276 -0.277292 0.313072,
        -0.216535 -0.263841 0.255570,
        -0.216535 -0.266598 0.254580,
        -0.216535 -0.269058 0.252987,
        -0.216535 -0.271090 0.250877,
        -0.216535 -0.272589 0.248359,
        -0.216535 -0.273474 0.245566,
        -0.216535 -0.277292 0.313072,
        -0.216535 -0.292794 0.307507,
        -0.216535 -0.306620 0.298557,
        -0.216535 -0.318045 0.286693,
        -0.216535 -0.326467 0.272538,
        -0.216535 -0.331443 0.256837,
        -0.295276 -0.367322 0.072307,
        -0.295276 -0.309352 0.061037,
        -0.216535 -0.309352 0.061037,
        -0.216535 -0.367322 0.072307,
        -0.295276 -0.368456 0.068728,
        -0.295276 -0.314578 0.044549,
        -0.295276 -0.370376 0.065500,
        -0.295276 -0.323422 0.029685,
        -0.295276 -0.372981 0.062795,
        -0.295276 -0.335419 0.017226,
        -0.295276 -0.376134 0.060755,
        -0.295276 -0.349938 0.007827,
        -0.295276 -0.379668 0.059486,
        -0.295276 -0.366217 0.001983,
        -0.295276 -0.383399 0.059055,
        -0.295276 -0.383399 0.000000,
        -0.216535 -0.383399 0.000000,
        -0.216535 -0.366217 0.001983,
        -0.216535 -0.349938 0.007827,
        -0.216535 -0.335419 0.017226,
        -0.216535 -0.323422 0.029685,
        -0.216535 -0.314578 0.044549,
        -0.216535 -0.383399 0.059055,
        -0.216535 -0.379668 0.059486,
        -0.216535 -0.376134 0.060755,
        -0.216535 -0.372981 0.062795,
        -0.216535 -0.370376 0.065500,
        -0.216535 -0.368456 0.068728,
        0.039370 -0.413386 0.000000,
        0.039370 -0.413386 0.059055,
        -0.039370 -0.413386 0.000000,
        -0.039370 -0.413386 0.059055,
        -0.039370 -0.260930 0.314961,
        -0.039370 -0.260930 0.255906,
        0.039370 -0.260930 0.255906,
        0.039370 -0.260930 0.314961,
        -0.039370 -0.273474 0.245566,
        -0.039370 -0.331443 0.256837,
        -0.039370 -0.272589 0.248359,
        -0.039370 -0.326467 0.272538,
        -0.039370 -0.271090 0.250877,
        -0.039370 -0.318045 0.286693,
        -0.039370 -0.269058 0.252987,
        -0.039370 -0.306620 0.298557,
        -0.039370 -0.266598 0.254580,
        -0.039370 -0.292794 0.307507,
        -0.039370 -0.263841 0.255570,
        -0.039370 -0.277292 0.313072,
        0.039370 -0.263841 0.255570,
        0.039370 -0.266598 0.254580,
        0.039370 -0.269058 0.252987,
        0.039370 -0.271090 0.250877,
        0.039370 -0.272589 0.248359,
        0.039370 -0.273474 0.245566,
        0.039370 -0.277292 0.313072,
        0.039370 -0.292794 0.307507,
        0.039370 -0.306620 0.298557,
        0.039370 -0.318045 0.286693,
        0.039370 -0.326467 0.272538,
        0.039370 -0.331443 0.256837,
        -0.039370 -0.367322 0.072307,
        -0.039370 -0.309352 0.061037,
        0.039370 -0.309352 0.061037,
        0.039370 -0.367322 0.072307,
        -0.039370 -0.368456 0.068728,
        -0.039370 -0.314578 0.044549,
        -0.039370 -0.370376 0.065500,
        -0.039370 -0.323422 0.029685,
        -0.039370 -0.372981 0.062795,
        -0.039370 -0.335419 0.017226,
        -0.039370 -0.376134 0.060755,
        -0.039370 -0.349938 0.007827,
        -0.039370 -0.379668 0.059486,
        -0.039370 -0.366217 0.001983,
        -0.039370 -0.383399 0.059055,
        -0.039370 -0.383399 0.000000,
        0.039370 -0.383399 0.000000,
        0.039370 -0.366217 0.001983,
        0.039370 -0.349938 0.007827,
        0.039370 -0.335419 0.017226,
        0.039370 -0.323422 0.029685,
        0.039370 -0.314578 0.044549,
        0.039370 -0.383399 0.059055,
        0.039370 -0.379668 0.059486,
        0.039370 -0.376134 0.060755,
        0.039370 -0.372981 0.062795,
        0.039370 -0.370376 0.065500,
        0.039370 -0.368456 0.068728,
        0.295276 -0.413386 0.000000,
        0.295276 -0.413386 0.059055,
        0.216535 -0.413386 0.000000,
        0.216535 -0.413386 0.059055,
        0.216535 -0.260930 0.314961,
        0.216535 -0.260930 0.255906,
        0.295276 -0.260930 0.255906,
        0.295276 -0.260930 0.314961,
        0.216535 -0.273474 0.245566,
        0.216535 -0.331443 0.256837,
        0.216535 -0.272589 0.248359,
        0.216535 -0.326467 0.272538,
        0.216535 -0.271090 0.250877,
        0.216535 -0.318045 0.286693,
        0.216535 -0.269058 0.252987,
        0.216535 -0.306620 0.298557,
        0.216535 -0.266598 0.254580,
        0.216535 -0.292794 0.307507,
        0.216535 -0.263841 0.255570,
        0.216535 -0.277292 0.313072,
        0.295276 -0.263841 0.255570,
        0.295276 -0.266598 0.254580,
        0.295276 -0.269058 0.252987,
        0.295276 -0.271090 0.250877,
        0.295276 -0.272589 0.248359,
        0.295276 -0.273474 0.245566,
        0.295276 -0.277292 0.313072,
        0.295276 -0.292794 0.307507,
        0.295276 -0.306620 0.298557,
        0.295276 -0.318045 0.286693,
        0.295276 -0.326467 0.272538,
        0.295276 -0.331443 0.256837,
        0.216535 -0.367322 0.072307,
        0.216535 -0.309352 0.061037,
        0.295276 -0.309352 0.061037,
        0.295276 -0.367322 0.072307,
        0.216535 -0.368456 0.068728,
        0.216535 -0.314578 0.044549,
        0.216535 -0.370376 0.065500,
        0.216535 -0.323422 0.029685,
        0.216535 -0.372981 0.062795,
        0.216535 -0.335419 0.017226,
        0.216535 -0.376134 0.060755,
        0.216535 -0.349938 0.007827,
        0.216535 -0.379668 0.059486,
        0.216535 -0.366217 0.001983,
        0.216535 -0.383399 0.059055,
        0.216535 -0.383399 0.000000,
        0.295276 -0.383399 0.000000,
        0.295276 -0.366217 0.001983,
        0.295276 -0.349938 0.007827,
        0.295276 -0.335419 0.017226,
        0.295276 -0.323422 0.029685,
        0.295276 -0.314578 0.044549,
        0.295276 -0.383399 0.059055,
        0.295276 -0.379668 0.059486,
        0.295276 -0.376134 0.060755,
        0.295276 -0.372981 0.062795,
        0.295276 -0.370376 0.065500,
        0.295276 -0.368456 0.068728,
        -0.216535 0.413386 0.059055,
        -0.216535 0.413386 0.000000,
        -0.295276 0.413386 0.059055,
        -0.295276 0.413386 0.000000,
        -0.216535 0.260930 0.314961,
        -0.216535 0.260930 0.255906,
        -0.295276 0.260930 0.255906,
        -0.295276 0.260930 0.314961,
        -0.216535 0.273474 0.245566,
        -0.216535 0.331443 0.256837,
        -0.216535 0.272589 0.248359,
        -0.216535 0.326467 0.272538,
        -0.216535 0.271090 0.250877,
        -0.216535 0.318045 0.286693,
        -0.216535 0.269058 0.252987,
        -0.216535 0.306620 0.298557,
        -0.216535 0.266598 0.254580,
        -0.216535 0.292794 0.307507,
        -0.216535 0.263841 0.255570,
        -0.216535 0.277292 0.313072,
        -0.295276 0.263841 0.255570,
        -0.295276 0.266598 0.254580,
        -0.295276 0.269058 0.252987,
        -0.295276 0.271090 0.250877,
        -0.295276 0.272589 0.248359,
        -0.295276 0.273474 0.245566,
        -0.295276 0.277292 0.313072,
        -0.295276 0.292794 0.307507,
        -0.295276 0.306620 0.298557,
        -0.295276 0.318045 0.286693,
        -0.295276 0.326467 0.272538,
        -0.295276 0.331443 0.256837,
        -0.216535 0.367322 0.072307,
        -0.216535 0.309352 0.061037,
        -0.295276 0.309352 0.061037,
        -0.295276 0.367322 0.072307,
        -0.216535 0.368456 0.068728,
        -0.216535 0.314578 0.044549,
        -0.216535 0.370376 0.065500,
        -0.216535 0.323422 0.029685,
        -0.216535 0.372981 0.062795,
        -0.216535 0.335419 0.017226,
        -0.216535 0.376134 0.060755,
        -0.216535 0.349938 0.007827,
        -0.216535 0.379668 0.059486,
        -0.216535 0.366217 0.001983,
        -0.216535 0.383399 0.059055,
        -0.216535 0.383399 0.000000,
        -0.295276 0.383399 0.000000,
        -0.295276 0.366217 0.001983,
        -0.295276 0.349938 0.007827,
        -0.295276 0.335419 0.017226,
        -0.295276 0.323422 0.029685,
        -0.295276 0.314578 0.044549,
        -0.295276 0.383399 0.059055,
        -0.295276 0.379668 0.059486,
        -0.295276 0.376134 0.060755,
        -0.295276 0.372981 0.062795,
        -0.295276 0.370376 0.065500,
        -0.295276 0.368456 0.068728,
        0.295276 0.413386 0.059055,
        0.295276 0.413386 0.000000,
        0.216535 0.413386 0.059055,
        0.216535 0.413386 0.000000,
        0.295276 0.260930 0.314961,
        0.295276 0.260930 0.255906,
        0.216535 0.260930 0.255906,
        0.216535 0.260930 0.314961,
        0.295276 0.273474 0.245566,
        0.295276 0.331443 0.256837,
        0.295276 0.272589 0.248359,
        0.295276 0.326467 0.272538,
        0.295276 0.271090 0.250877,
        0.295276 0.318045 0.286693,
        0.295276 0.269058 0.252987,
        0.295276 0.306620 0.298557,
        0.295276 0.266598 0.254580,
        0.295276 0.292794 0.307507,
        0.295276 0.263841 0.255570,
        0.295276 0.277292 0.313072,
        0.216535 0.263841 0.255570,
        0.216535 0.266598 0.254580,
        0.216535 0.269058 0.252987,
        0.216535 0.271090 0.250877,
        0.216535 0.272589 0.248359,
        0.216535 0.273474 0.245566,
        0.216535 0.277292 0.313072,
        0.216535 0.292794 0.307507,
        0.216535 0.306620 0.298557,
        0.216535 0.318045 0.286693,
        0.216535 0.326467 0.272538,
        0.216535 0.331443 0.256837,
        0.295276 0.367322 0.072307,
        0.295276 0.309352 0.061037,
        0.216535 0.309352 0.061037,
        0.216535 0.367322 0.072307,
        0.295276 0.368456 0.068728,
        0.295276 0.314578 0.044549,
        0.295276 0.370376 0.065500,
        0.295276 0.323422 0.029685,
        0.295276 0.372981 0.062795,
        0.295276 0.335419 0.017226,
        0.295276 0.376134 0.060755,
        0.295276 0.349938 0.007827,
        0.295276 0.379668 0.059486,
        0.295276 0.366217 0.001983,
        0.295276 0.383399 0.059055,
        0.295276 0.383399 0.000000,
        0.216535 0.383399 0.000000,
        0.216535 0.366217 0.001983,
        0.216535 0.349938 0.007827,
        0.216535 0.335419 0.017226,
        0.216535 0.323422 0.029685,
        0.216535 0.314578 0.044549,
        0.216535 0.383399 0.059055,
        0.216535 0.379668 0.059486,
        0.216535 0.376134 0.060755,
        0.216535 0.372981 0.062795,
        0.216535 0.370376 0.065500,
        0.216535 0.368456 0.068728,
      ]
    }
    coordIndex [
      20, 21, 22, -1,
      22, 21, 23, -1,
      24, 14, 25, -1,
      25, 14, 15, -1,
      25, 15, 26, -1,
      26, 15, 13, -1,
      26, 13, 27, -1,
      27, 13, 11, -1,
      11, 14, 27, -1,
      27, 14, 24, -1,
      28, 29, 30, -1,
      30, 29, 31, -1,
      30, 31, 32, -1,
      32, 31, 33, -1,
      32, 33, 34, -1,
      34, 33, 35, -1,
      34, 35, 36, -1,
      36, 35, 37, -1,
      36, 37, 38, -1,
      38, 37, 39, -1,
      38, 39, 25, -1,
      25, 39, 24, -1,
      25, 26, 38, -1,
      38, 26, 40, -1,
      38, 40, 36, -1,
      36, 40, 41, -1,
      36, 41, 34, -1,
      34, 41, 42, -1,
      34, 42, 32, -1,
      32, 42, 43, -1,
      32, 43, 30, -1,
      30, 43, 44, -1,
      30, 44, 28, -1,
      28, 44, 45, -1,
      26, 27, 40, -1,
      40, 27, 46, -1,
      40, 46, 41, -1,
      41, 46, 47, -1,
      41, 47, 42, -1,
      42, 47, 48, -1,
      42, 48, 43, -1,
      43, 48, 49, -1,
      43, 49, 44, -1,
      44, 49, 50, -1,
      44, 50, 45, -1,
      45, 50, 51, -1,
      29, 51, 50, -1,
      29, 50, 31, -1,
      31, 50, 49, -1,
      31, 49, 33, -1,
      33, 49, 48, -1,
      33, 48, 35, -1,
      35, 48, 47, -1,
      35, 47, 37, -1,
      37, 47, 46, -1,
      37, 46, 39, -1,
      39, 46, 27, -1,
      39, 27, 24, -1,
      52, 29, 53, -1,
      53, 29, 28, -1,
      53, 28, 54, -1,
      54, 28, 45, -1,
      54, 45, 55, -1,
      55, 45, 51, -1,
      51, 29, 55, -1,
      55, 29, 52, -1,
      52, 53, 56, -1,
      56, 53, 57, -1,
      56, 57, 58, -1,
      58, 57, 59, -1,
      58, 59, 60, -1,
      60, 59, 61, -1,
      60, 61, 62, -1,
      62, 61, 63, -1,
      62, 63, 64, -1,
      64, 63, 65, -1,
      64, 65, 66, -1,
      66, 65, 67, -1,
      68, 67, 65, -1,
      68, 65, 69, -1,
      69, 65, 63, -1,
      69, 63, 70, -1,
      70, 63, 61, -1,
      70, 61, 71, -1,
      71, 61, 59, -1,
      71, 59, 72, -1,
      72, 59, 57, -1,
      72, 57, 73, -1,
      73, 57, 53, -1,
      73, 53, 54, -1,
      74, 68, 75, -1,
      75, 68, 69, -1,
      75, 69, 76, -1,
      76, 69, 70, -1,
      76, 70, 77, -1,
      77, 70, 71, -1,
      77, 71, 78, -1,
      78, 71, 72, -1,
      78, 72, 79, -1,
      79, 72, 73, -1,
      79, 73, 55, -1,
      55, 73, 54, -1,
      55, 52, 79, -1,
      79, 52, 56, -1,
      79, 56, 78, -1,
      78, 56, 58, -1,
      78, 58, 77, -1,
      77, 58, 60, -1,
      77, 60, 76, -1,
      76, 60, 62, -1,
      76, 62, 75, -1,
      75, 62, 64, -1,
      75, 64, 74, -1,
      74, 64, 66, -1,
      23, 66, 22, -1,
      22, 66, 67, -1,
      22, 67, 20, -1,
      20, 67, 68, -1,
      20, 68, 21, -1,
      21, 68, 74, -1,
      74, 66, 21, -1,
      21, 66, 23, -1,
      80, 81, 82, -1,
      82, 81, 83, -1,
      84, 10, 85, -1,
      85, 10, 12, -1,
      85, 12, 86, -1,
      86, 12, 9, -1,
      86, 9, 87, -1,
      87, 9, 7, -1,
      7, 10, 87, -1,
      87, 10, 84, -1,
      88, 89, 90, -1,
      90, 89, 91, -1,
      90, 91, 92, -1,
      92, 91, 93, -1,
      92, 93, 94, -1,
      94, 93, 95, -1,
      94, 95, 96, -1,
      96, 95, 97, -1,
      96, 97, 98, -1,
      98, 97, 99, -1,
      98, 99, 85, -1,
      85, 99, 84, -1,
      85, 86, 98, -1,
      98, 86, 100, -1,
      98, 100, 96, -1,
      96, 100, 101, -1,
      96, 101, 94, -1,
      94, 101, 102, -1,
      94, 102, 92, -1,
      92, 102, 103, -1,
      92, 103, 90, -1,
      90, 103, 104, -1,
      90, 104, 88, -1,
      88, 104, 105, -1,
      86, 87, 100, -1,
      100, 87, 106, -1,
      100, 106, 101, -1,
      101, 106, 107, -1,
      101, 107, 102, -1,
      102, 107, 108, -1,
      102, 108, 103, -1,
      103, 108, 109, -1,
      103, 109, 104, -1,
      104, 109, 110, -1,
      104, 110, 105, -1,
      105, 110, 111, -1,
      89, 111, 110, -1,
      89, 110, 91, -1,
      91, 110, 109, -1,
      91, 109, 93, -1,
      93, 109, 108, -1,
      93, 108, 95, -1,
      95, 108, 107, -1,
      95, 107, 97, -1,
      97, 107, 106, -1,
      97, 106, 99, -1,
      99, 106, 87, -1,
      99, 87, 84, -1,
      112, 89, 113, -1,
      113, 89, 88, -1,
      113, 88, 114, -1,
      114, 88, 105, -1,
      114, 105, 115, -1,
      115, 105, 111, -1,
      111, 89, 115, -1,
      115, 89, 112, -1,
      112, 113, 116, -1,
      116, 113, 117, -1,
      116, 117, 118, -1,
      118, 117, 119, -1,
      118, 119, 120, -1,
      120, 119, 121, -1,
      120, 121, 122, -1,
      122, 121, 123, -1,
      122, 123, 124, -1,
      124, 123, 125, -1,
      124, 125, 126, -1,
      126, 125, 127, -1,
      128, 127, 125, -1,
      128, 125, 129, -1,
      129, 125, 123, -1,
      129, 123, 130, -1,
      130, 123, 121, -1,
      130, 121, 131, -1,
      131, 121, 119, -1,
      131, 119, 132, -1,
      132, 119, 117, -1,
      132, 117, 133, -1,
      133, 117, 113, -1,
      133, 113, 114, -1,
      134, 128, 135, -1,
      135, 128, 129, -1,
      135, 129, 136, -1,
      136, 129, 130, -1,
      136, 130, 137, -1,
      137, 130, 131, -1,
      137, 131, 138, -1,
      138, 131, 132, -1,
      138, 132, 139, -1,
      139, 132, 133, -1,
      139, 133, 115, -1,
      115, 133, 114, -1,
      115, 112, 139, -1,
      139, 112, 116, -1,
      139, 116, 138, -1,
      138, 116, 118, -1,
      138, 118, 137, -1,
      137, 118, 120, -1,
      137, 120, 136, -1,
      136, 120, 122, -1,
      136, 122, 135, -1,
      135, 122, 124, -1,
      135, 124, 134, -1,
      134, 124, 126, -1,
      83, 126, 82, -1,
      82, 126, 127, -1,
      82, 127, 80, -1,
      80, 127, 128, -1,
      80, 128, 81, -1,
      81, 128, 134, -1,
      134, 126, 81, -1,
      81, 126, 83, -1,
      140, 141, 142, -1,
      142, 141, 143, -1,
      144, 6, 145, -1,
      145, 6, 8, -1,
      145, 8, 146, -1,
      146, 8, 18, -1,
      146, 18, 147, -1,
      147, 18, 19, -1,
      19, 6, 147, -1,
      147, 6, 144, -1,
      148, 149, 150, -1,
      150, 149, 151, -1,
      150, 151, 152, -1,
      152, 151, 153, -1,
      152, 153, 154, -1,
      154, 153, 155, -1,
      154, 155, 156, -1,
      156, 155, 157, -1,
      156, 157, 158, -1,
      158, 157, 159, -1,
      158, 159, 145, -1,
      145, 159, 144, -1,
      145, 146, 158, -1,
      158, 146, 160, -1,
      158, 160, 156, -1,
      156, 160, 161, -1,
      156, 161, 154, -1,
      154, 161, 162, -1,
      154, 162, 152, -1,
      152, 162, 163, -1,
      152, 163, 150, -1,
      150, 163, 164, -1,
      150, 164, 148, -1,
      148, 164, 165, -1,
      146, 147, 160, -1,
      160, 147, 166, -1,
      160, 166, 161, -1,
      161, 166, 167, -1,
      161, 167, 162, -1,
      162, 167, 168, -1,
      162, 168, 163, -1,
      163, 168, 169, -1,
      163, 169, 164, -1,
      164, 169, 170, -1,
      164, 170, 165, -1,
      165, 170, 171, -1,
      149, 171, 170, -1,
      149, 170, 151, -1,
      151, 170, 169, -1,
      151, 169, 153, -1,
      153, 169, 168, -1,
      153, 168, 155, -1,
      155, 168, 167, -1,
      155, 167, 157, -1,
      157, 167, 166, -1,
      157, 166, 159, -1,
      159, 166, 147, -1,
      159, 147, 144, -1,
      172, 149, 173, -1,
      173, 149, 148, -1,
      173, 148, 174, -1,
      174, 148, 165, -1,
      174, 165, 175, -1,
      175, 165, 171, -1,
      171, 149, 175, -1,
      175, 149, 172, -1,
      172, 173, 176, -1,
      176, 173, 177, -1,
      176, 177, 178, -1,
      178, 177, 179, -1,
      178, 179, 180, -1,
      180, 179, 181, -1,
      180, 181, 182, -1,
      182, 181, 183, -1,
      182, 183, 184, -1,
      184, 183, 185, -1,
      184, 185, 186, -1,
      186, 185, 187, -1,
      188, 187, 185, -1,
      188, 185, 189, -1,
      189, 185, 183, -1,
      189, 183, 190, -1,
      190, 183, 181, -1,
      190, 181, 191, -1,
      191, 181, 179, -1,
      191, 179, 192, -1,
      192, 179, 177, -1,
      192, 177, 193, -1,
      193, 177, 173, -1,
      193, 173, 174, -1,
      194, 188, 195, -1,
      195, 188, 189, -1,
      195, 189, 196, -1,
      196, 189, 190, -1,
      196, 190, 197, -1,
      197, 190, 191, -1,
      197, 191, 198, -1,
      198, 191, 192, -1,
      198, 192, 199, -1,
      199, 192, 193, -1,
      199, 193, 175, -1,
      175, 193, 174, -1,
      175, 172, 199, -1,
      199, 172, 176, -1,
      199, 176, 198, -1,
      198, 176, 178, -1,
      198, 178, 197, -1,
      197, 178, 180, -1,
      197, 180, 196, -1,
      196, 180, 182, -1,
      196, 182, 195, -1,
      195, 182, 184, -1,
      195, 184, 194, -1,
      194, 184, 186, -1,
      143, 186, 142, -1,
      142, 186, 187, -1,
      142, 187, 140, -1,
      140, 187, 188, -1,
      140, 188, 141, -1,
      141, 188, 194, -1,
      194, 186, 141, -1,
      141, 186, 143, -1,
      200, 201, 202, -1,
      202, 201, 203, -1,
      204, 5, 205, -1,
      205, 5, 3, -1,
      205, 3, 206, -1,
      206, 3, 16, -1,
      206, 16, 207, -1,
      207, 16, 17, -1,
      17, 5, 207, -1,
      207, 5, 204, -1,
      208, 209, 210, -1,
      210, 209, 211, -1,
      210, 211, 212, -1,
      212, 211, 213, -1,
      212, 213, 214, -1,
      214, 213, 215, -1,
      214, 215, 216, -1,
      216, 215, 217, -1,
      216, 217, 218, -1,
      218, 217, 219, -1,
      218, 219, 205, -1,
      205, 219, 204, -1,
      205, 206, 218, -1,
      218, 206, 220, -1,
      218, 220, 216, -1,
      216, 220, 221, -1,
      216, 221, 214, -1,
      214, 221, 222, -1,
      214, 222, 212, -1,
      212, 222, 223, -1,
      212, 223, 210, -1,
      210, 223, 224, -1,
      210, 224, 208, -1,
      208, 224, 225, -1,
      206, 207, 220, -1,
      220, 207, 226, -1,
      220, 226, 221, -1,
      221, 226, 227, -1,
      221, 227, 222, -1,
      222, 227, 228, -1,
      222, 228, 223, -1,
      223, 228, 229, -1,
      223, 229, 224, -1,
      224, 229, 230, -1,
      224, 230, 225, -1,
      225, 230, 231, -1,
      209, 231, 230, -1,
      209, 230, 211, -1,
      211, 230, 229, -1,
      211, 229, 213, -1,
      213, 229, 228, -1,
      213, 228, 215, -1,
      215, 228, 227, -1,
      215, 227, 217, -1,
      217, 227, 226, -1,
      217, 226, 219, -1,
      219, 226, 207, -1,
      219, 207, 204, -1,
      232, 209, 233, -1,
      233, 209, 208, -1,
      233, 208, 234, -1,
      234, 208, 225, -1,
      234, 225, 235, -1,
      235, 225, 231, -1,
      231, 209, 235, -1,
      235, 209, 232, -1,
      232, 233, 236, -1,
      236, 233, 237, -1,
      236, 237, 238, -1,
      238, 237, 239, -1,
      238, 239, 240, -1,
      240, 239, 241, -1,
      240, 241, 242, -1,
      242, 241, 243, -1,
      242, 243, 244, -1,
      244, 243, 245, -1,
      244, 245, 246, -1,
      246, 245, 247, -1,
      248, 247, 245, -1,
      248, 245, 249, -1,
      249, 245, 243, -1,
      249, 243, 250, -1,
      250, 243, 241, -1,
      250, 241, 251, -1,
      251, 241, 239, -1,
      251, 239, 252, -1,
      252, 239, 237, -1,
      252, 237, 253, -1,
      253, 237, 233, -1,
      253, 233, 234, -1,
      254, 248, 255, -1,
      255, 248, 249, -1,
      255, 249, 256, -1,
      256, 249, 250, -1,
      256, 250, 257, -1,
      257, 250, 251, -1,
      257, 251, 258, -1,
      258, 251, 252, -1,
      258, 252, 259, -1,
      259, 252, 253, -1,
      259, 253, 235, -1,
      235, 253, 234, -1,
      235, 232, 259, -1,
      259, 232, 236, -1,
      259, 236, 258, -1,
      258, 236, 238, -1,
      258, 238, 257, -1,
      257, 238, 240, -1,
      257, 240, 256, -1,
      256, 240, 242, -1,
      256, 242, 255, -1,
      255, 242, 244, -1,
      255, 244, 254, -1,
      254, 244, 246, -1,
      200, 246, 201, -1,
      201, 246, 247, -1,
      201, 247, 203, -1,
      203, 247, 248, -1,
      203, 248, 202, -1,
      202, 248, 254, -1,
      254, 246, 202, -1,
      202, 246, 200, -1,
      260, 261, 262, -1,
      262, 261, 263, -1,
      264, 0, 265, -1,
      265, 0, 1, -1,
      265, 1, 266, -1,
      266, 1, 2, -1,
      266, 2, 267, -1,
      267, 2, 4, -1,
      4, 0, 267, -1,
      267, 0, 264, -1,
      268, 269, 270, -1,
      270, 269, 271, -1,
      270, 271, 272, -1,
      272, 271, 273, -1,
      272, 273, 274, -1,
      274, 273, 275, -1,
      274, 275, 276, -1,
      276, 275, 277, -1,
      276, 277, 278, -1,
      278, 277, 279, -1,
      278, 279, 265, -1,
      265, 279, 264, -1,
      265, 266, 278, -1,
      278, 266, 280, -1,
      278, 280, 276, -1,
      276, 280, 281, -1,
      276, 281, 274, -1,
      274, 281, 282, -1,
      274, 282, 272, -1,
      272, 282, 283, -1,
      272, 283, 270, -1,
      270, 283, 284, -1,
      270, 284, 268, -1,
      268, 284, 285, -1,
      266, 267, 280, -1,
      280, 267, 286, -1,
      280, 286, 281, -1,
      281, 286, 287, -1,
      281, 287, 282, -1,
      282, 287, 288, -1,
      282, 288, 283, -1,
      283, 288, 289, -1,
      283, 289, 284, -1,
      284, 289, 290, -1,
      284, 290, 285, -1,
      285, 290, 291, -1,
      269, 291, 290, -1,
      269, 290, 271, -1,
      271, 290, 289, -1,
      271, 289, 273, -1,
      273, 289, 288, -1,
      273, 288, 275, -1,
      275, 288, 287, -1,
      275, 287, 277, -1,
      277, 287, 286, -1,
      277, 286, 279, -1,
      279, 286, 267, -1,
      279, 267, 264, -1,
      292, 269, 293, -1,
      293, 269, 268, -1,
      293, 268, 294, -1,
      294, 268, 285, -1,
      294, 285, 295, -1,
      295, 285, 291, -1,
      291, 269, 295, -1,
      295, 269, 292, -1,
      292, 293, 296, -1,
      296, 293, 297, -1,
      296, 297, 298, -1,
      298, 297, 299, -1,
      298, 299, 300, -1,
      300, 299, 301, -1,
      300, 301, 302, -1,
      302, 301, 303, -1,
      302, 303, 304, -1,
      304, 303, 305, -1,
      304, 305, 306, -1,
      306, 305, 307, -1,
      308, 307, 305, -1,
      308, 305, 309, -1,
      309, 305, 303, -1,
      309, 303, 310, -1,
      310, 303, 301, -1,
      310, 301, 311, -1,
      311, 301, 299, -1,
      311, 299, 312, -1,
      312, 299, 297, -1,
      312, 297, 313, -1,
      313, 297, 293, -1,
      313, 293, 294, -1,
      314, 308, 315, -1,
      315, 308, 309, -1,
      315, 309, 316, -1,
      316, 309, 310, -1,
      316, 310, 317, -1,
      317, 310, 311, -1,
      317, 311, 318, -1,
      318, 311, 312, -1,
      318, 312, 319, -1,
      319, 312, 313, -1,
      319, 313, 295, -1,
      295, 313, 294, -1,
      295, 292, 319, -1,
      319, 292, 296, -1,
      319, 296, 318, -1,
      318, 296, 298, -1,
      318, 298, 317, -1,
      317, 298, 300, -1,
      317, 300, 316, -1,
      316, 300, 302, -1,
      316, 302, 315, -1,
      315, 302, 304, -1,
      315, 304, 314, -1,
      314, 304, 306, -1,
      260, 306, 261, -1,
      261, 306, 307, -1,
      261, 307, 263, -1,
      263, 307, 308, -1,
      263, 308, 262, -1,
      262, 308, 314, -1,
      314, 306, 262, -1,
      262, 306, 260, -1,
    ]
  }
}
