#VRML V2.0 utf8

Shape {
  appearance Appearance {
    material Material {
      diffuseColor 0.2510 0.2510 0.2510
      specularColor 0.1255 0.1255 0.1255
      ambientIntensity 0.2
      transparency 0.0000
      shininess 0.5
    }
  }
  geometry IndexedFaceSet {
    ccw TRUE
    solid FALSE
    coord DEF co Coordinate {
      point [
        0.018113 -0.021466 0.000000,
        0.019694 -0.021688 0.000000,
        -0.022711 -0.295276 0.000000,
        0.561730 -0.255906 0.000000,
        0.553864 -0.274896 0.000000,
        0.354331 -0.255906 0.000000,
        0.551181 -0.295276 0.000000,
        0.020770 -0.021706 0.000000,
        0.354331 -0.021466 0.000000,
        -0.022711 0.295276 0.000000,
        -0.018870 -0.016905 0.000000,
        -0.022711 -0.021466 0.000000,
        -0.018870 -0.021226 0.000000,
        0.002256 -0.021226 0.000000,
        -0.017909 0.013823 0.000000,
        -0.003026 0.013823 0.000000,
        -0.003026 0.000859 0.000000,
        0.009937 -0.019185 0.000000,
        0.009937 -0.014865 0.000000,
        0.002256 0.018144 0.000000,
        0.014134 -0.020909 0.000000,
        0.551181 0.295276 0.000000,
        0.354331 0.255906 0.000000,
        0.553864 0.274896 0.000000,
        0.561730 0.255906 0.000000,
        -0.003026 -0.003461 0.000000,
        -0.003026 -0.016905 0.000000,
        -0.016949 -0.003461 0.000000,
        -0.016949 0.000859 0.000000,
        0.062751 -0.021226 0.000000,
        0.023085 -0.021466 0.000000,
        0.042586 -0.021226 0.000000,
        0.025622 -0.021203 0.000000,
        0.029438 -0.019890 0.000000,
        -0.017909 0.018144 0.000000,
        0.023034 0.013868 0.000000,
        0.025981 0.012804 0.000000,
        0.010643 -0.015256 0.000000,
        0.028706 0.010981 0.000000,
        0.031083 0.008356 0.000000,
        0.033944 -0.001961 0.000000,
        0.033545 -0.006223 0.000000,
        0.032476 -0.009609 0.000000,
        0.023715 -0.016973 0.000000,
        0.020043 -0.017385 0.000000,
        0.026583 -0.015917 0.000000,
        0.029000 -0.014289 0.000000,
        0.030847 -0.012339 0.000000,
        0.014817 -0.016805 0.000000,
        0.037147 0.007774 0.000000,
        0.034840 0.011455 0.000000,
        0.057470 0.018144 0.000000,
        0.032706 0.005317 0.000000,
        0.033756 0.001102 0.000000,
        0.031285 0.014874 0.000000,
        0.062751 0.018144 0.000000,
        0.032605 -0.017867 0.000000,
        0.035562 -0.014754 0.000000,
        0.042586 -0.016905 0.000000,
        0.037659 -0.011011 0.000000,
        0.057470 -0.016905 0.000000,
        0.038844 -0.006843 0.000000,
        0.039225 -0.002284 0.000000,
        0.038659 0.003313 0.000000,
        0.027546 0.017026 0.000000,
        0.023157 0.018301 0.000000,
        0.019202 0.018624 0.000000,
        0.014489 0.018299 0.000000,
        0.009937 0.017064 0.000000,
        0.009937 0.011782 0.000000,
        0.014372 0.013681 0.000000,
        0.019157 0.014303 0.000000,
        -0.096650 -0.021226 0.000000,
        -0.090888 -0.021226 0.000000,
        -0.061120 -0.021226 0.000000,
        -0.056274 -0.010436 0.000000,
        -0.054016 -0.013957 0.000000,
        -0.354331 0.255906 0.000000,
        -0.561730 0.255906 0.000000,
        -0.555930 0.268345 0.000000,
        -0.552378 0.281602 0.000000,
        -0.551181 0.295276 0.000000,
        -0.050776 -0.017060 0.000000,
        -0.046665 -0.019449 0.000000,
        -0.042128 -0.020801 0.000000,
        -0.076004 0.018144 0.000000,
        -0.081286 0.018144 0.000000,
        -0.354331 -0.021466 0.000000,
        -0.037257 -0.021226 0.000000,
        -0.026552 -0.021226 0.000000,
        -0.026552 0.018144 0.000000,
        -0.037662 0.018144 0.000000,
        -0.052283 0.013011 0.000000,
        -0.055067 0.009924 0.000000,
        -0.056896 0.006537 0.000000,
        -0.066882 -0.021226 0.000000,
        -0.070641 -0.010183 0.000000,
        -0.086905 -0.010183 0.000000,
        -0.043350 0.017536 0.000000,
        -0.047956 0.015919 0.000000,
        -0.052241 0.013047 0.000000,
        -0.057954 0.002659 0.000000,
        -0.058240 -0.001046 0.000000,
        -0.057687 -0.006315 0.000000,
        -0.553864 -0.274896 0.000000,
        -0.561730 -0.255906 0.000000,
        -0.433071 -0.255906 0.000000,
        -0.354331 -0.177165 0.000000,
        -0.551181 -0.295276 0.000000,
        0.590551 -0.227085 0.000000,
        0.590551 0.227085 0.000000,
        0.609542 0.219219 0.000000,
        0.629921 0.216535 0.000000,
        0.629921 -0.216535 0.000000,
        0.609542 -0.219219 0.000000,
        0.629921 -0.265748 0.078740,
        0.629921 -0.265748 0.236220,
        0.623351 -0.266488 0.078740,
        0.623351 -0.266488 0.236220,
        0.617110 -0.268672 0.078740,
        0.617110 -0.268672 0.236220,
        0.611511 -0.272190 0.078740,
        0.611511 -0.272190 0.236220,
        0.606836 -0.276865 0.078740,
        0.606836 -0.276865 0.236220,
        0.603318 -0.282464 0.078740,
        0.603318 -0.282464 0.236220,
        0.601134 -0.288705 0.078740,
        0.601134 -0.288705 0.236220,
        0.600394 -0.295276 0.078740,
        0.600394 -0.295276 0.236220,
      ]
    }
    coordIndex [
      0, 1, 2, -1,
      3, 4, 5, -1,
      5, 4, 6, -1,
      5, 6, 2, -1,
      2, 1, 5, -1,
      5, 1, 7, -1,
      5, 7, 8, -1,
      9, 10, 11, -1,
      11, 10, 12, -1,
      11, 12, 13, -1,
      14, 15, 16, -1,
      17, 13, 18, -1,
      18, 13, 19, -1,
      2, 11, 0, -1,
      0, 11, 13, -1,
      0, 13, 20, -1,
      20, 13, 17, -1,
      9, 21, 22, -1,
      22, 21, 23, -1,
      22, 23, 24, -1,
      25, 26, 27, -1,
      27, 26, 10, -1,
      27, 10, 28, -1,
      29, 30, 31, -1,
      31, 30, 32, -1,
      31, 32, 33, -1,
      16, 28, 14, -1,
      14, 28, 10, -1,
      14, 10, 34, -1,
      34, 10, 9, -1,
      34, 9, 19, -1,
      35, 36, 37, -1,
      37, 36, 38, -1,
      37, 38, 39, -1,
      40, 41, 37, -1,
      37, 41, 42, -1,
      43, 44, 45, -1,
      45, 44, 46, -1,
      42, 47, 37, -1,
      37, 47, 46, -1,
      37, 46, 48, -1,
      48, 46, 44, -1,
      49, 50, 51, -1,
      39, 52, 37, -1,
      37, 52, 53, -1,
      37, 53, 40, -1,
      50, 54, 51, -1,
      51, 54, 9, -1,
      51, 9, 55, -1,
      55, 9, 22, -1,
      55, 22, 29, -1,
      29, 22, 8, -1,
      29, 8, 30, -1,
      30, 8, 7, -1,
      33, 56, 31, -1,
      31, 56, 57, -1,
      31, 57, 58, -1,
      58, 57, 59, -1,
      58, 59, 60, -1,
      59, 61, 60, -1,
      60, 61, 62, -1,
      60, 62, 51, -1,
      51, 62, 63, -1,
      51, 63, 49, -1,
      54, 64, 9, -1,
      9, 64, 65, -1,
      9, 65, 66, -1,
      66, 67, 9, -1,
      9, 67, 68, -1,
      9, 68, 19, -1,
      19, 68, 69, -1,
      19, 69, 18, -1,
      18, 69, 70, -1,
      18, 70, 37, -1,
      37, 70, 71, -1,
      37, 71, 35, -1,
      72, 73, 11, -1,
      74, 75, 76, -1,
      77, 78, 79, -1,
      79, 80, 77, -1,
      77, 80, 81, -1,
      77, 81, 9, -1,
      76, 82, 74, -1,
      74, 82, 83, -1,
      74, 83, 84, -1,
      9, 85, 77, -1,
      77, 85, 86, -1,
      77, 86, 87, -1,
      88, 89, 11, -1,
      11, 89, 90, -1,
      11, 90, 9, -1,
      9, 90, 91, -1,
      92, 93, 85, -1,
      85, 93, 94, -1,
      84, 88, 74, -1,
      74, 88, 11, -1,
      74, 11, 95, -1,
      95, 11, 73, -1,
      95, 73, 96, -1,
      96, 73, 97, -1,
      91, 98, 9, -1,
      9, 98, 99, -1,
      9, 99, 85, -1,
      85, 99, 100, -1,
      85, 100, 92, -1,
      94, 101, 85, -1,
      85, 101, 102, -1,
      85, 102, 74, -1,
      74, 102, 103, -1,
      74, 103, 75, -1,
      104, 105, 106, -1,
      86, 72, 87, -1,
      87, 72, 11, -1,
      87, 11, 107, -1,
      107, 11, 2, -1,
      107, 2, 106, -1,
      106, 2, 108, -1,
      106, 108, 104, -1,
      109, 110, 111, -1,
      112, 113, 111, -1,
      111, 113, 114, -1,
      111, 114, 109, -1,
      115, 116, 117, -1,
      117, 116, 118, -1,
      117, 118, 119, -1,
      119, 118, 120, -1,
      119, 120, 121, -1,
      121, 120, 122, -1,
      121, 122, 123, -1,
      123, 122, 124, -1,
      123, 124, 125, -1,
      125, 124, 126, -1,
      125, 126, 127, -1,
      127, 126, 128, -1,
      127, 128, 129, -1,
      129, 128, 130, -1,
    ]
  }
}

Shape {
  appearance Appearance {
    material Material {
      diffuseColor 1.0000 1.0000 0.0000
      specularColor 0.5020 0.5020 0.0000
      ambientIntensity 0.2
      transparency 0.0000
      shininess 0.5
    }
  }
  geometry IndexedFaceSet {
    ccw TRUE
    solid FALSE
    coord DEF co Coordinate {
      point [
        0.561730 -0.255906 0.000000,
        0.354331 -0.255906 0.000000,
        0.590551 -0.227085 0.000000,
        0.590551 0.227085 0.000000,
        0.590551 0.227085 -0.003937,
        0.590551 -0.227085 -0.003937,
        0.354331 -0.255906 -0.003937,
        0.561730 -0.255906 -0.003937,
      ]
    }
    coordIndex [
      4, 3, 5, -1,
      5, 3, 2, -1,
      1, 6, 0, -1,
      0, 6, 7, -1,
    ]
  }
}

Shape {
  appearance Appearance {
    material Material {
      diffuseColor 0.2510 0.2510 0.2510
      specularColor 0.1255 0.1255 0.1255
      ambientIntensity 0.2
      transparency 0.0000
      shininess 0.5
    }
  }
  geometry IndexedFaceSet {
    ccw TRUE
    solid FALSE
    coord DEF co Coordinate {
      point [
        0.600394 0.295276 0.078740,
        0.600394 0.295276 0.236220,
        0.601134 0.288705 0.078740,
        0.601134 0.288705 0.236220,
        0.603318 0.282464 0.078740,
        0.603318 0.282464 0.236220,
        0.606836 0.276865 0.078740,
        0.606836 0.276865 0.236220,
        0.611511 0.272190 0.078740,
        0.611511 0.272190 0.236220,
        0.617110 0.268672 0.078740,
        0.617110 0.268672 0.236220,
        0.623351 0.266488 0.078740,
        0.623351 0.266488 0.236220,
        0.629921 0.265748 0.078740,
        0.629921 0.265748 0.236220,
        -0.629921 -0.216535 0.000000,
        -0.629921 0.216535 0.000000,
        -0.609542 -0.219219 0.000000,
        -0.609542 0.219219 0.000000,
        -0.590551 -0.227085 0.000000,
        -0.590551 0.227085 0.000000,
        -0.629921 0.265748 0.078740,
        -0.629921 0.265748 0.236220,
        -0.622279 0.266754 0.078740,
        -0.622279 0.266754 0.236220,
        -0.615157 0.269704 0.078740,
        -0.615157 0.269704 0.236220,
        -0.609042 0.274396 0.078740,
        -0.609042 0.274396 0.236220,
        -0.604350 0.280512 0.078740,
        -0.604350 0.280512 0.236220,
        -0.601400 0.287633 0.078740,
        -0.601400 0.287633 0.236220,
        -0.600394 0.295276 0.078740,
        -0.600394 0.295276 0.236220,
      ]
    }
    coordIndex [
      0, 1, 2, -1,
      2, 1, 3, -1,
      2, 3, 4, -1,
      4, 3, 5, -1,
      4, 5, 6, -1,
      6, 5, 7, -1,
      6, 7, 8, -1,
      8, 7, 9, -1,
      8, 9, 10, -1,
      10, 9, 11, -1,
      10, 11, 12, -1,
      12, 11, 13, -1,
      12, 13, 14, -1,
      14, 13, 15, -1,
      16, 17, 18, -1,
      18, 17, 19, -1,
      18, 19, 20, -1,
      20, 19, 21, -1,
      22, 23, 24, -1,
      24, 23, 25, -1,
      24, 25, 26, -1,
      26, 25, 27, -1,
      26, 27, 28, -1,
      28, 27, 29, -1,
      28, 29, 30, -1,
      30, 29, 31, -1,
      30, 31, 32, -1,
      32, 31, 33, -1,
      32, 33, 34, -1,
      34, 33, 35, -1,
    ]
  }
}

Shape {
  appearance Appearance {
    material Material {
      diffuseColor 1.0000 1.0000 0.0000
      specularColor 0.5020 0.5020 0.0000
      ambientIntensity 0.2
      transparency 0.0000
      shininess 0.5
    }
  }
  geometry IndexedFaceSet {
    ccw TRUE
    solid FALSE
    coord DEF co Coordinate {
      point [
        -0.354331 0.255906 0.000000,
        -0.561730 0.255906 0.000000,
        -0.590551 -0.227085 0.000000,
        -0.590551 0.227085 0.000000,
        -0.590551 -0.227085 -0.003937,
        -0.590551 0.227085 -0.003937,
        -0.354331 0.255906 -0.003937,
        -0.561730 0.255906 -0.003937,
      ]
    }
    coordIndex [
      4, 2, 5, -1,
      5, 2, 3, -1,
      0, 6, 1, -1,
      1, 6, 7, -1,
    ]
  }
}

Shape {
  appearance Appearance {
    material Material {
      diffuseColor 0.2510 0.2510 0.2510
      specularColor 0.1255 0.1255 0.1255
      ambientIntensity 0.2
      transparency 0.0000
      shininess 0.5
    }
  }
  geometry IndexedFaceSet {
    ccw TRUE
    solid FALSE
    coord DEF co Coordinate {
      point [
        -0.022711 -0.295276 0.000000,
        0.551181 -0.295276 0.000000,
        -0.022711 0.295276 0.000000,
        0.551181 0.295276 0.000000,
        -0.551181 0.295276 0.000000,
        -0.551181 -0.295276 0.000000,
        0.629921 0.216535 0.000000,
        0.629921 -0.216535 0.000000,
        0.629921 -0.265748 0.078740,
        0.629921 -0.265748 0.236220,
        0.623351 -0.266488 0.236220,
        0.617110 -0.268672 0.236220,
        0.611511 -0.272190 0.236220,
        0.606836 -0.276865 0.236220,
        0.603318 -0.282464 0.236220,
        0.601134 -0.288705 0.236220,
        0.600394 -0.295276 0.078740,
        0.600394 -0.295276 0.236220,
        0.600394 0.295276 0.078740,
        0.600394 0.295276 0.236220,
        0.601134 0.288705 0.236220,
        0.603318 0.282464 0.236220,
        0.606836 0.276865 0.236220,
        0.611511 0.272190 0.236220,
        0.617110 0.268672 0.236220,
        0.623351 0.266488 0.236220,
        0.629921 0.265748 0.078740,
        0.629921 0.265748 0.236220,
        -0.629921 -0.216535 0.000000,
        -0.629921 0.216535 0.000000,
        -0.629921 0.265748 0.078740,
        -0.629921 0.265748 0.236220,
        -0.622279 0.266754 0.236220,
        -0.615157 0.269704 0.236220,
        -0.609042 0.274396 0.236220,
        -0.604350 0.280512 0.236220,
        -0.601400 0.287633 0.236220,
        -0.600394 0.295276 0.078740,
        -0.600394 0.295276 0.236220,
        -0.600394 -0.295276 0.078740,
        -0.600394 -0.295276 0.236220,
        -0.601400 -0.287633 0.078740,
        -0.601400 -0.287633 0.236220,
        -0.604350 -0.280512 0.078740,
        -0.604350 -0.280512 0.236220,
        -0.609042 -0.274396 0.078740,
        -0.609042 -0.274396 0.236220,
        -0.615157 -0.269704 0.078740,
        -0.615157 -0.269704 0.236220,
        -0.622279 -0.266754 0.078740,
        -0.622279 -0.266754 0.236220,
        -0.629921 -0.265748 0.078740,
        -0.629921 -0.265748 0.236220,
        0.629921 0.216535 -0.003937,
        0.629921 0.269685 -0.003937,
        0.629921 0.269685 0.078740,
        0.629921 -0.269685 0.078740,
        0.629921 -0.216535 -0.003937,
        0.629921 -0.269685 -0.003937,
        -0.551181 0.295276 -0.003937,
        -0.604331 0.295276 -0.003937,
        0.604331 0.295276 -0.003937,
        0.551181 0.295276 -0.003937,
        0.604331 0.295276 0.078740,
        -0.604331 0.295276 0.078740,
        -0.629921 -0.216535 -0.003937,
        -0.629921 -0.269685 -0.003937,
        -0.629921 -0.269685 0.078740,
        -0.629921 0.269685 0.078740,
        -0.629921 0.216535 -0.003937,
        -0.629921 0.269685 -0.003937,
        0.551181 -0.295276 -0.003937,
        0.604331 -0.295276 -0.003937,
        -0.604331 -0.295276 0.078740,
        -0.604331 -0.295276 -0.003937,
        -0.551181 -0.295276 -0.003937,
        0.604331 -0.295276 0.078740,
        -0.616432 0.231429 0.236220,
        0.580220 0.276837 0.236220,
        0.592911 0.268863 0.236220,
        0.566074 0.281787 0.236220,
        -0.611482 0.245575 0.236220,
        -0.603508 0.258265 0.236220,
        -0.592911 0.268863 0.236220,
        -0.580220 0.276837 0.236220,
        -0.566074 0.281787 0.236220,
        -0.551181 0.283465 0.236220,
        0.551181 0.283465 0.236220,
        0.603508 0.258265 0.236220,
        -0.616432 -0.231429 0.236220,
        -0.618110 -0.216535 0.236220,
        -0.618110 0.216535 0.236220,
        -0.551181 -0.283465 0.236220,
        -0.566074 -0.281787 0.236220,
        -0.580220 -0.276837 0.236220,
        -0.592911 -0.268863 0.236220,
        -0.603508 -0.258265 0.236220,
        -0.611482 -0.245575 0.236220,
        0.611482 -0.245575 0.236220,
        0.603508 -0.258265 0.236220,
        0.616432 -0.231429 0.236220,
        0.580220 -0.276837 0.236220,
        0.566074 -0.281787 0.236220,
        0.611482 0.245575 0.236220,
        0.616432 0.231429 0.236220,
        0.618110 0.216535 0.236220,
        0.618110 -0.216535 0.236220,
        0.592911 -0.268863 0.236220,
        0.551181 -0.283465 0.236220,
      ]
    }
    coordIndex [
      39, 40, 41, -1,
      41, 40, 42, -1,
      41, 42, 43, -1,
      43, 42, 44, -1,
      43, 44, 45, -1,
      45, 44, 46, -1,
      45, 46, 47, -1,
      47, 46, 48, -1,
      47, 48, 49, -1,
      49, 48, 50, -1,
      49, 50, 51, -1,
      51, 50, 52, -1,
      53, 54, 6, -1,
      6, 54, 55, -1,
      27, 9, 26, -1,
      26, 9, 8, -1,
      55, 26, 6, -1,
      6, 26, 8, -1,
      6, 8, 7, -1,
      7, 8, 56, -1,
      7, 56, 57, -1,
      57, 56, 58, -1,
      4, 59, 60, -1,
      61, 62, 63, -1,
      63, 62, 3, -1,
      60, 64, 4, -1,
      4, 64, 37, -1,
      4, 37, 2, -1,
      37, 38, 2, -1,
      2, 38, 19, -1,
      2, 19, 3, -1,
      3, 19, 18, -1,
      3, 18, 63, -1,
      65, 66, 28, -1,
      28, 66, 67, -1,
      51, 52, 30, -1,
      30, 52, 31, -1,
      67, 51, 28, -1,
      28, 51, 30, -1,
      28, 30, 29, -1,
      29, 30, 68, -1,
      29, 68, 69, -1,
      69, 68, 70, -1,
      1, 71, 72, -1,
      39, 5, 40, -1,
      40, 5, 0, -1,
      39, 73, 5, -1,
      5, 73, 74, -1,
      5, 74, 75, -1,
      72, 76, 1, -1,
      1, 76, 16, -1,
      1, 16, 0, -1,
      0, 16, 17, -1,
      0, 17, 40, -1,
      77, 32, 31, -1,
      21, 78, 79, -1,
      78, 21, 80, -1,
      80, 21, 20, -1,
      80, 20, 19, -1,
      81, 82, 35, -1,
      35, 82, 83, -1,
      35, 83, 36, -1,
      32, 77, 33, -1,
      83, 84, 36, -1,
      36, 84, 85, -1,
      36, 85, 38, -1,
      38, 85, 86, -1,
      38, 86, 19, -1,
      19, 86, 87, -1,
      19, 87, 80, -1,
      81, 35, 77, -1,
      77, 35, 34, -1,
      77, 34, 33, -1,
      25, 24, 88, -1,
      88, 24, 23, -1,
      88, 23, 79, -1,
      79, 23, 22, -1,
      79, 22, 21, -1,
      50, 89, 52, -1,
      52, 89, 90, -1,
      52, 90, 31, -1,
      31, 90, 91, -1,
      31, 91, 77, -1,
      42, 92, 44, -1,
      44, 92, 93, -1,
      44, 93, 46, -1,
      93, 94, 46, -1,
      46, 94, 95, -1,
      46, 95, 48, -1,
      48, 95, 96, -1,
      48, 96, 50, -1,
      50, 96, 97, -1,
      50, 97, 89, -1,
      11, 98, 99, -1,
      98, 11, 100, -1,
      100, 11, 10, -1,
      100, 10, 9, -1,
      17, 101, 102, -1,
      88, 103, 25, -1,
      25, 103, 104, -1,
      25, 104, 27, -1,
      27, 104, 105, -1,
      27, 105, 9, -1,
      9, 105, 106, -1,
      9, 106, 100, -1,
      17, 15, 101, -1,
      101, 15, 14, -1,
      101, 14, 107, -1,
      107, 14, 13, -1,
      107, 13, 99, -1,
      99, 13, 12, -1,
      99, 12, 11, -1,
      102, 108, 17, -1,
      17, 108, 92, -1,
      17, 92, 40, -1,
      40, 92, 42, -1,
    ]
  }
}

Shape {
  appearance Appearance {
    material Material {
      diffuseColor 1.0000 1.0000 0.0000
      specularColor 0.5020 0.5020 0.0000
      ambientIntensity 0.2
      transparency 0.0000
      shininess 0.5
    }
  }
  geometry IndexedFaceSet {
    ccw TRUE
    solid FALSE
    coord DEF co Coordinate {
      point [
        -0.551181 -0.275591 0.287402,
        -0.551181 -0.275591 0.244094,
        0.551181 -0.275591 0.287402,
        0.551181 -0.275591 0.244094,
        0.610236 -0.216535 0.287402,
        0.610236 -0.216535 0.244094,
        0.610236 0.216535 0.287402,
        0.610236 0.216535 0.244094,
        0.551181 0.275591 0.287402,
        0.551181 0.275591 0.244094,
        -0.551181 0.275591 0.287402,
        -0.551181 0.275591 0.244094,
        -0.610236 0.216535 0.287402,
        -0.610236 0.216535 0.244094,
        -0.610236 -0.216535 0.287402,
        -0.610236 -0.216535 0.244094,
        0.570866 -0.250631 0.295276,
        0.583092 -0.256550 0.295276,
        0.579020 -0.244374 0.295276,
        0.591196 -0.248446 0.295276,
        0.585277 -0.236220 0.295276,
        0.597294 -0.238742 0.295276,
        0.589210 -0.226725 0.295276,
        0.601079 -0.227924 0.295276,
        0.590551 -0.216535 0.295276,
        0.602362 -0.216535 0.295276,
        0.590551 0.216535 0.295276,
        0.602362 0.216535 0.295276,
        0.589210 0.226725 0.295276,
        0.601079 0.227924 0.295276,
        0.585277 0.236220 0.295276,
        0.597294 0.238742 0.295276,
        0.591196 0.248446 0.295276,
        0.579020 0.244374 0.295276,
        0.583092 0.256550 0.295276,
        0.570866 0.250631 0.295276,
        0.573388 0.262648 0.295276,
        0.561371 0.254564 0.295276,
        0.562570 0.266433 0.295276,
        0.551181 0.255906 0.295276,
        0.551181 0.267717 0.295276,
        -0.551181 0.255906 0.295276,
        -0.551181 0.267717 0.295276,
        -0.561371 0.254564 0.295276,
        -0.562570 0.266433 0.295276,
        -0.570866 0.250631 0.295276,
        -0.585277 -0.236220 0.295276,
        -0.591196 -0.248446 0.295276,
        -0.579020 -0.244374 0.295276,
        -0.583092 -0.256550 0.295276,
        -0.570866 -0.250631 0.295276,
        -0.573388 -0.262648 0.295276,
        -0.561371 -0.254564 0.295276,
        -0.562570 -0.266433 0.295276,
        -0.551181 -0.255906 0.295276,
        -0.551181 -0.267717 0.295276,
        0.551181 -0.255906 0.295276,
        0.551181 -0.267717 0.295276,
        0.561371 -0.254564 0.295276,
        0.562570 -0.266433 0.295276,
        0.573388 -0.262648 0.295276,
        -0.573388 0.262648 0.295276,
        -0.583092 0.256550 0.295276,
        -0.579020 0.244374 0.295276,
        -0.591196 0.248446 0.295276,
        -0.585277 0.236220 0.295276,
        -0.597294 0.238742 0.295276,
        -0.589210 0.226725 0.295276,
        -0.601079 0.227924 0.295276,
        -0.590551 0.216535 0.295276,
        -0.602362 0.216535 0.295276,
        -0.590551 -0.216535 0.295276,
        -0.602362 -0.216535 0.295276,
        -0.589210 -0.226725 0.295276,
        -0.601079 -0.227924 0.295276,
        -0.597294 -0.238742 0.295276,
        -0.564322 0.274110 0.287402,
        -0.564322 0.274110 0.244094,
        -0.566398 0.273384 0.287402,
        -0.566398 0.273384 0.244094,
        -0.576804 0.269742 0.287402,
        -0.576804 0.269742 0.244094,
        -0.580533 0.267399 0.287402,
        -0.580533 0.267399 0.244094,
        -0.588001 0.262707 0.287402,
        -0.588001 0.262707 0.244094,
        -0.592677 0.258031 0.287402,
        -0.592677 0.258031 0.244094,
        -0.597352 0.253356 0.287402,
        -0.597352 0.253356 0.244094,
        -0.602045 0.245887 0.287402,
        -0.602045 0.245887 0.244094,
        -0.604388 0.242159 0.287402,
        -0.604388 0.242159 0.244094,
        -0.608029 0.231752 0.287402,
        -0.608029 0.231752 0.244094,
        -0.608756 0.229676 0.287402,
        -0.608756 0.229676 0.244094,
        0.608756 0.229676 0.287402,
        0.608756 0.229676 0.244094,
        0.608029 0.231752 0.287402,
        0.608029 0.231752 0.244094,
        0.604388 0.242159 0.287402,
        0.604388 0.242159 0.244094,
        0.602045 0.245887 0.287402,
        0.602045 0.245887 0.244094,
        0.597352 0.253356 0.287402,
        0.597352 0.253356 0.244094,
        0.592677 0.258031 0.287402,
        0.592677 0.258031 0.244094,
        0.588001 0.262707 0.287402,
        0.588001 0.262707 0.244094,
        0.580533 0.267399 0.287402,
        0.580533 0.267399 0.244094,
        0.576804 0.269742 0.287402,
        0.576804 0.269742 0.244094,
        0.566398 0.273384 0.287402,
        0.566398 0.273384 0.244094,
        0.564322 0.274110 0.287402,
        0.564322 0.274110 0.244094,
        0.564322 -0.274110 0.287402,
        0.564322 -0.274110 0.244094,
        0.566398 -0.273384 0.287402,
        0.566398 -0.273384 0.244094,
        0.576804 -0.269742 0.287402,
        0.576804 -0.269742 0.244094,
        0.580533 -0.267399 0.287402,
        0.580533 -0.267399 0.244094,
        0.588001 -0.262707 0.287402,
        0.588001 -0.262707 0.244094,
        0.592677 -0.258031 0.287402,
        0.592677 -0.258031 0.244094,
        0.597352 -0.253356 0.287402,
        0.597352 -0.253356 0.244094,
        0.602045 -0.245887 0.287402,
        0.602045 -0.245887 0.244094,
        0.604388 -0.242159 0.287402,
        0.604388 -0.242159 0.244094,
        0.608029 -0.231752 0.287402,
        0.608029 -0.231752 0.244094,
        0.608756 -0.229676 0.287402,
        0.608756 -0.229676 0.244094,
        -0.608756 -0.229676 0.287402,
        -0.608756 -0.229676 0.244094,
        -0.608029 -0.231752 0.287402,
        -0.608029 -0.231752 0.244094,
        -0.604388 -0.242159 0.287402,
        -0.604388 -0.242159 0.244094,
        -0.602045 -0.245887 0.287402,
        -0.602045 -0.245887 0.244094,
        -0.597352 -0.253356 0.287402,
        -0.597352 -0.253356 0.244094,
        -0.592677 -0.258031 0.287402,
        -0.592677 -0.258031 0.244094,
        -0.588001 -0.262707 0.287402,
        -0.588001 -0.262707 0.244094,
        -0.580533 -0.267399 0.287402,
        -0.580533 -0.267399 0.244094,
        -0.576804 -0.269742 0.287402,
        -0.576804 -0.269742 0.244094,
        -0.566398 -0.273384 0.287402,
        -0.566398 -0.273384 0.244094,
        -0.564322 -0.274110 0.287402,
        -0.564322 -0.274110 0.244094,
      ]
    }
    coordIndex [
      0, 1, 2, -1,
      2, 1, 3, -1,
      4, 5, 6, -1,
      6, 5, 7, -1,
      8, 9, 10, -1,
      10, 9, 11, -1,
      12, 13, 14, -1,
      14, 13, 15, -1,
      16, 17, 18, -1,
      18, 17, 19, -1,
      18, 19, 20, -1,
      20, 19, 21, -1,
      20, 21, 22, -1,
      22, 21, 23, -1,
      22, 23, 24, -1,
      24, 23, 25, -1,
      24, 25, 26, -1,
      26, 25, 27, -1,
      26, 27, 28, -1,
      28, 27, 29, -1,
      28, 29, 30, -1,
      29, 31, 30, -1,
      30, 31, 32, -1,
      30, 32, 33, -1,
      33, 32, 34, -1,
      33, 34, 35, -1,
      35, 34, 36, -1,
      35, 36, 37, -1,
      37, 36, 38, -1,
      37, 38, 39, -1,
      39, 38, 40, -1,
      39, 40, 41, -1,
      41, 40, 42, -1,
      41, 42, 43, -1,
      43, 42, 44, -1,
      43, 44, 45, -1,
      46, 47, 48, -1,
      48, 47, 49, -1,
      48, 49, 50, -1,
      50, 49, 51, -1,
      50, 51, 52, -1,
      52, 51, 53, -1,
      52, 53, 54, -1,
      54, 53, 55, -1,
      54, 55, 56, -1,
      56, 55, 57, -1,
      56, 57, 58, -1,
      58, 57, 59, -1,
      58, 59, 16, -1,
      16, 59, 60, -1,
      16, 60, 17, -1,
      44, 61, 45, -1,
      45, 61, 62, -1,
      45, 62, 63, -1,
      63, 62, 64, -1,
      63, 64, 65, -1,
      65, 64, 66, -1,
      65, 66, 67, -1,
      67, 66, 68, -1,
      67, 68, 69, -1,
      69, 68, 70, -1,
      69, 70, 71, -1,
      71, 70, 72, -1,
      71, 72, 73, -1,
      73, 72, 74, -1,
      73, 74, 46, -1,
      46, 74, 75, -1,
      46, 75, 47, -1,
      10, 11, 76, -1,
      76, 11, 77, -1,
      76, 77, 78, -1,
      78, 77, 79, -1,
      78, 79, 80, -1,
      80, 79, 81, -1,
      80, 81, 82, -1,
      82, 81, 83, -1,
      82, 83, 84, -1,
      84, 83, 85, -1,
      84, 85, 86, -1,
      86, 85, 87, -1,
      86, 87, 88, -1,
      88, 87, 89, -1,
      88, 89, 90, -1,
      90, 89, 91, -1,
      90, 91, 92, -1,
      92, 91, 93, -1,
      92, 93, 94, -1,
      94, 93, 95, -1,
      94, 95, 96, -1,
      96, 95, 97, -1,
      96, 97, 12, -1,
      12, 97, 13, -1,
      6, 7, 98, -1,
      98, 7, 99, -1,
      98, 99, 100, -1,
      100, 99, 101, -1,
      100, 101, 102, -1,
      102, 101, 103, -1,
      102, 103, 104, -1,
      104, 103, 105, -1,
      104, 105, 106, -1,
      106, 105, 107, -1,
      106, 107, 108, -1,
      108, 107, 109, -1,
      108, 109, 110, -1,
      110, 109, 111, -1,
      110, 111, 112, -1,
      112, 111, 113, -1,
      112, 113, 114, -1,
      114, 113, 115, -1,
      114, 115, 116, -1,
      116, 115, 117, -1,
      116, 117, 118, -1,
      118, 117, 119, -1,
      118, 119, 8, -1,
      8, 119, 9, -1,
      2, 3, 120, -1,
      120, 3, 121, -1,
      120, 121, 122, -1,
      122, 121, 123, -1,
      122, 123, 124, -1,
      124, 123, 125, -1,
      124, 125, 126, -1,
      126, 125, 127, -1,
      126, 127, 128, -1,
      128, 127, 129, -1,
      128, 129, 130, -1,
      130, 129, 131, -1,
      130, 131, 132, -1,
      132, 131, 133, -1,
      132, 133, 134, -1,
      134, 133, 135, -1,
      134, 135, 136, -1,
      136, 135, 137, -1,
      136, 137, 138, -1,
      138, 137, 139, -1,
      138, 139, 140, -1,
      140, 139, 141, -1,
      140, 141, 4, -1,
      4, 141, 5, -1,
      14, 15, 142, -1,
      142, 15, 143, -1,
      142, 143, 144, -1,
      144, 143, 145, -1,
      144, 145, 146, -1,
      146, 145, 147, -1,
      146, 147, 148, -1,
      148, 147, 149, -1,
      148, 149, 150, -1,
      150, 149, 151, -1,
      150, 151, 152, -1,
      152, 151, 153, -1,
      152, 153, 154, -1,
      154, 153, 155, -1,
      154, 155, 156, -1,
      156, 155, 157, -1,
      156, 157, 158, -1,
      158, 157, 159, -1,
      158, 159, 160, -1,
      160, 159, 161, -1,
      160, 161, 162, -1,
      162, 161, 163, -1,
      162, 163, 0, -1,
      0, 163, 1, -1,
    ]
  }
}

Shape {
  appearance Appearance {
    material Material {
      diffuseColor 1.0000 1.0000 1.0000
      specularColor 0.5020 0.5020 0.5020
      ambientIntensity 0.2
      transparency 0.0000
      shininess 0.5
    }
  }
  geometry IndexedFaceSet {
    ccw TRUE
    solid FALSE
    coord DEF co Coordinate {
      point [
        0.570866 -0.250631 0.295276,
        0.579020 -0.244374 0.295276,
        0.585277 -0.236220 0.295276,
        0.589210 -0.226725 0.295276,
        0.590551 -0.216535 0.295276,
        0.590551 0.216535 0.295276,
        0.589210 0.226725 0.295276,
        0.585277 0.236220 0.295276,
        0.579020 0.244374 0.295276,
        0.570866 0.250631 0.295276,
        0.561371 0.254564 0.295276,
        0.551181 0.255906 0.295276,
        -0.551181 0.255906 0.295276,
        -0.561371 0.254564 0.295276,
        -0.570866 0.250631 0.295276,
        -0.585277 -0.236220 0.295276,
        -0.579020 -0.244374 0.295276,
        -0.570866 -0.250631 0.295276,
        -0.561371 -0.254564 0.295276,
        -0.551181 -0.255906 0.295276,
        0.551181 -0.255906 0.295276,
        0.561371 -0.254564 0.295276,
        -0.579020 0.244374 0.295276,
        -0.585277 0.236220 0.295276,
        -0.589210 0.226725 0.295276,
        -0.590551 0.216535 0.295276,
        -0.590551 -0.216535 0.295276,
        -0.589210 -0.226725 0.295276,
        0.590551 0.216535 0.346457,
        0.589210 0.226725 0.346457,
        0.585277 0.236220 0.346457,
        0.579020 0.244374 0.346457,
        0.570866 0.250631 0.346457,
        0.561371 0.254564 0.346457,
        0.551181 0.255906 0.346457,
        -0.551181 0.255906 0.346457,
        -0.561371 0.254564 0.346457,
        -0.570866 0.250631 0.346457,
        -0.579020 0.244374 0.346457,
        -0.585277 0.236220 0.346457,
        -0.589210 0.226725 0.346457,
        -0.590551 0.216535 0.346457,
        -0.590551 -0.216535 0.346457,
        -0.589210 -0.226725 0.346457,
        -0.585277 -0.236220 0.346457,
        -0.579020 -0.244374 0.346457,
        -0.570866 -0.250631 0.346457,
        -0.561371 -0.254564 0.346457,
        -0.551181 -0.255906 0.346457,
        0.551181 -0.255906 0.346457,
        0.561371 -0.254564 0.346457,
        0.570866 -0.250631 0.346457,
        0.579020 -0.244374 0.346457,
        0.585277 -0.236220 0.346457,
        0.589210 -0.226725 0.346457,
        0.590551 -0.216535 0.346457,
        0.582677 -0.216535 0.354331,
        0.582677 0.216535 0.354331,
        -0.582677 0.216535 0.354331,
        0.578457 0.232283 0.354331,
        0.573452 0.238807 0.354331,
        0.566929 0.243812 0.354331,
        0.551181 0.248031 0.354331,
        -0.551181 0.248031 0.354331,
        -0.581604 0.224687 0.354331,
        -0.566929 0.243812 0.354331,
        -0.573452 0.238807 0.354331,
        -0.578457 0.232283 0.354331,
        -0.578457 -0.232283 0.354331,
        -0.573452 -0.238807 0.354331,
        -0.566929 -0.243812 0.354331,
        -0.582677 -0.216535 0.354331,
        -0.551181 -0.248031 0.354331,
        0.551181 -0.248031 0.354331,
        0.581604 0.224687 0.354331,
        0.559333 0.246958 0.354331,
        -0.581604 -0.224687 0.354331,
        -0.559333 -0.246958 0.354331,
        -0.559333 0.246958 0.354331,
        0.573452 -0.238807 0.354331,
        0.566929 -0.243812 0.354331,
        0.559333 -0.246958 0.354331,
        0.578457 -0.232283 0.354331,
        0.581604 -0.224687 0.354331,
        -0.584715 0.216535 0.354063,
        -0.583572 0.225215 0.354063,
        -0.586614 0.216535 0.353276,
        -0.585407 0.225706 0.353276,
        -0.588245 0.216535 0.352024,
        -0.586982 0.226128 0.352024,
        -0.589496 0.216535 0.350394,
        -0.588191 0.226452 0.350394,
        -0.590283 0.216535 0.348494,
        -0.588950 0.226656 0.348494,
        -0.580222 0.233302 0.354063,
        -0.581867 0.234252 0.353276,
        -0.583279 0.235067 0.352024,
        -0.584363 0.235693 0.350394,
        -0.585044 0.236086 0.348494,
        -0.574893 0.240248 0.354063,
        -0.576236 0.241591 0.353276,
        -0.577389 0.242744 0.352024,
        -0.578274 0.243628 0.350394,
        -0.578830 0.244185 0.348494,
        -0.567948 0.245577 0.354063,
        -0.568898 0.247221 0.353276,
        -0.569713 0.248634 0.352024,
        -0.570339 0.249717 0.350394,
        -0.570732 0.250398 0.348494,
        -0.559860 0.248927 0.354063,
        -0.560352 0.250761 0.353276,
        -0.560774 0.252336 0.352024,
        -0.561098 0.253545 0.350394,
        -0.561302 0.254305 0.348494,
        -0.551181 0.250069 0.354063,
        -0.551181 0.251969 0.353276,
        -0.551181 0.253599 0.352024,
        -0.551181 0.254851 0.350394,
        -0.551181 0.255637 0.348494,
        -0.584715 -0.216535 0.354063,
        -0.586614 -0.216535 0.353276,
        -0.588245 -0.216535 0.352024,
        -0.589496 -0.216535 0.350394,
        -0.590283 -0.216535 0.348494,
        0.551181 0.250069 0.354063,
        0.551181 0.251969 0.353276,
        0.551181 0.253599 0.352024,
        0.551181 0.254851 0.350394,
        0.551181 0.255637 0.348494,
        -0.551181 -0.250069 0.354063,
        -0.559860 -0.248927 0.354063,
        -0.551181 -0.251969 0.353276,
        -0.560352 -0.250761 0.353276,
        -0.551181 -0.253599 0.352024,
        -0.560774 -0.252336 0.352024,
        -0.551181 -0.254851 0.350394,
        -0.561098 -0.253545 0.350394,
        -0.551181 -0.255637 0.348494,
        -0.561302 -0.254305 0.348494,
        -0.567948 -0.245577 0.354063,
        -0.568898 -0.247221 0.353276,
        -0.569713 -0.248634 0.352024,
        -0.570339 -0.249717 0.350394,
        -0.570732 -0.250398 0.348494,
        -0.574893 -0.240248 0.354063,
        -0.576236 -0.241591 0.353276,
        -0.577389 -0.242744 0.352024,
        -0.578274 -0.243628 0.350394,
        -0.578830 -0.244185 0.348494,
        -0.580222 -0.233302 0.354063,
        -0.581867 -0.234252 0.353276,
        -0.583279 -0.235067 0.352024,
        -0.584363 -0.235693 0.350394,
        -0.585044 -0.236086 0.348494,
        -0.583572 -0.225215 0.354063,
        -0.585407 -0.225706 0.353276,
        -0.586982 -0.226128 0.352024,
        -0.588191 -0.226452 0.350394,
        -0.588950 -0.226656 0.348494,
        0.559860 0.248927 0.354063,
        0.560352 0.250761 0.353276,
        0.560774 0.252336 0.352024,
        0.561098 0.253545 0.350394,
        0.561302 0.254305 0.348494,
        0.567948 0.245577 0.354063,
        0.568898 0.247221 0.353276,
        0.569713 0.248634 0.352024,
        0.570339 0.249717 0.350394,
        0.570732 0.250398 0.348494,
        0.574893 0.240248 0.354063,
        0.576236 0.241591 0.353276,
        0.577389 0.242744 0.352024,
        0.578274 0.243628 0.350394,
        0.578830 0.244185 0.348494,
        0.580222 0.233302 0.354063,
        0.581867 0.234252 0.353276,
        0.583279 0.235067 0.352024,
        0.584363 0.235693 0.350394,
        0.585044 0.236086 0.348494,
        0.583572 0.225215 0.354063,
        0.585407 0.225706 0.353276,
        0.586982 0.226128 0.352024,
        0.588191 0.226452 0.350394,
        0.588950 0.226656 0.348494,
        0.584715 0.216535 0.354063,
        0.586614 0.216535 0.353276,
        0.588245 0.216535 0.352024,
        0.589496 0.216535 0.350394,
        0.590283 0.216535 0.348494,
        0.551181 -0.250069 0.354063,
        0.551181 -0.251969 0.353276,
        0.551181 -0.253599 0.352024,
        0.551181 -0.254851 0.350394,
        0.551181 -0.255637 0.348494,
        0.584715 -0.216535 0.354063,
        0.586614 -0.216535 0.353276,
        0.588245 -0.216535 0.352024,
        0.589496 -0.216535 0.350394,
        0.590283 -0.216535 0.348494,
        0.583572 -0.225215 0.354063,
        0.585407 -0.225706 0.353276,
        0.586982 -0.226128 0.352024,
        0.588191 -0.226452 0.350394,
        0.588950 -0.226656 0.348494,
        0.580222 -0.233302 0.354063,
        0.581867 -0.234252 0.353276,
        0.583279 -0.235067 0.352024,
        0.584363 -0.235693 0.350394,
        0.585044 -0.236086 0.348494,
        0.574893 -0.240248 0.354063,
        0.576236 -0.241591 0.353276,
        0.577389 -0.242744 0.352024,
        0.578274 -0.243628 0.350394,
        0.578830 -0.244185 0.348494,
        0.567948 -0.245577 0.354063,
        0.568898 -0.247221 0.353276,
        0.569713 -0.248634 0.352024,
        0.570339 -0.249717 0.350394,
        0.570732 -0.250398 0.348494,
        0.559860 -0.248927 0.354063,
        0.560352 -0.250761 0.353276,
        0.560774 -0.252336 0.352024,
        0.561098 -0.253545 0.350394,
        0.561302 -0.254305 0.348494,
      ]
    }
    coordIndex [
      28, 5, 6, -1,
      28, 6, 29, -1,
      29, 6, 7, -1,
      29, 7, 30, -1,
      30, 7, 8, -1,
      30, 8, 31, -1,
      31, 8, 9, -1,
      31, 9, 32, -1,
      32, 9, 10, -1,
      32, 10, 33, -1,
      33, 10, 11, -1,
      33, 11, 34, -1,
      34, 11, 35, -1,
      35, 11, 12, -1,
      35, 12, 13, -1,
      35, 13, 36, -1,
      36, 13, 14, -1,
      36, 14, 37, -1,
      37, 14, 22, -1,
      37, 22, 38, -1,
      38, 22, 23, -1,
      38, 23, 39, -1,
      39, 23, 24, -1,
      39, 24, 40, -1,
      40, 24, 25, -1,
      40, 25, 41, -1,
      41, 25, 42, -1,
      42, 25, 26, -1,
      42, 26, 27, -1,
      42, 27, 43, -1,
      43, 27, 15, -1,
      43, 15, 44, -1,
      44, 15, 16, -1,
      44, 16, 45, -1,
      45, 16, 17, -1,
      45, 17, 46, -1,
      46, 17, 18, -1,
      46, 18, 47, -1,
      47, 18, 19, -1,
      47, 19, 48, -1,
      48, 19, 49, -1,
      49, 19, 20, -1,
      49, 20, 21, -1,
      49, 21, 50, -1,
      50, 21, 0, -1,
      50, 0, 51, -1,
      51, 0, 1, -1,
      51, 1, 52, -1,
      52, 1, 2, -1,
      52, 2, 53, -1,
      53, 2, 3, -1,
      53, 3, 54, -1,
      54, 3, 4, -1,
      54, 4, 55, -1,
      55, 4, 28, -1,
      28, 4, 5, -1,
      56, 57, 58, -1,
      59, 60, 61, -1,
      57, 62, 58, -1,
      58, 62, 63, -1,
      58, 63, 64, -1,
      65, 66, 67, -1,
      68, 69, 70, -1,
      58, 71, 56, -1,
      56, 71, 72, -1,
      56, 72, 73, -1,
      57, 74, 62, -1,
      62, 74, 59, -1,
      62, 59, 75, -1,
      75, 59, 61, -1,
      71, 76, 72, -1,
      72, 76, 68, -1,
      72, 68, 77, -1,
      77, 68, 70, -1,
      64, 63, 67, -1,
      67, 63, 78, -1,
      67, 78, 65, -1,
      79, 73, 80, -1,
      80, 73, 81, -1,
      79, 82, 73, -1,
      73, 82, 83, -1,
      73, 83, 56, -1,
      58, 64, 84, -1,
      84, 64, 85, -1,
      84, 85, 86, -1,
      86, 85, 87, -1,
      86, 87, 88, -1,
      88, 87, 89, -1,
      88, 89, 90, -1,
      90, 89, 91, -1,
      90, 91, 92, -1,
      92, 91, 93, -1,
      92, 93, 41, -1,
      41, 93, 40, -1,
      64, 67, 85, -1,
      85, 67, 94, -1,
      85, 94, 87, -1,
      87, 94, 95, -1,
      87, 95, 89, -1,
      89, 95, 96, -1,
      89, 96, 91, -1,
      91, 96, 97, -1,
      91, 97, 93, -1,
      93, 97, 98, -1,
      93, 98, 40, -1,
      40, 98, 39, -1,
      67, 66, 94, -1,
      94, 66, 99, -1,
      94, 99, 95, -1,
      95, 99, 100, -1,
      95, 100, 96, -1,
      96, 100, 101, -1,
      96, 101, 97, -1,
      97, 101, 102, -1,
      97, 102, 98, -1,
      98, 102, 103, -1,
      98, 103, 39, -1,
      39, 103, 38, -1,
      66, 65, 99, -1,
      99, 65, 104, -1,
      99, 104, 100, -1,
      100, 104, 105, -1,
      100, 105, 101, -1,
      101, 105, 106, -1,
      101, 106, 102, -1,
      102, 106, 107, -1,
      102, 107, 103, -1,
      103, 107, 108, -1,
      103, 108, 38, -1,
      38, 108, 37, -1,
      65, 78, 104, -1,
      104, 78, 109, -1,
      104, 109, 105, -1,
      105, 109, 110, -1,
      105, 110, 106, -1,
      106, 110, 111, -1,
      106, 111, 107, -1,
      107, 111, 112, -1,
      107, 112, 108, -1,
      108, 112, 113, -1,
      108, 113, 37, -1,
      37, 113, 36, -1,
      78, 63, 109, -1,
      109, 63, 114, -1,
      109, 114, 110, -1,
      110, 114, 115, -1,
      110, 115, 111, -1,
      111, 115, 116, -1,
      111, 116, 112, -1,
      112, 116, 117, -1,
      112, 117, 113, -1,
      113, 117, 118, -1,
      113, 118, 36, -1,
      36, 118, 35, -1,
      71, 58, 84, -1,
      71, 84, 119, -1,
      119, 84, 86, -1,
      119, 86, 120, -1,
      120, 86, 88, -1,
      120, 88, 121, -1,
      121, 88, 90, -1,
      121, 90, 122, -1,
      122, 90, 92, -1,
      122, 92, 123, -1,
      123, 92, 41, -1,
      123, 41, 42, -1,
      63, 62, 124, -1,
      63, 124, 114, -1,
      114, 124, 125, -1,
      114, 125, 115, -1,
      115, 125, 126, -1,
      115, 126, 116, -1,
      116, 126, 127, -1,
      116, 127, 117, -1,
      117, 127, 128, -1,
      117, 128, 118, -1,
      118, 128, 34, -1,
      118, 34, 35, -1,
      72, 77, 129, -1,
      129, 77, 130, -1,
      129, 130, 131, -1,
      131, 130, 132, -1,
      131, 132, 133, -1,
      133, 132, 134, -1,
      133, 134, 135, -1,
      135, 134, 136, -1,
      135, 136, 137, -1,
      137, 136, 138, -1,
      137, 138, 48, -1,
      48, 138, 47, -1,
      77, 70, 130, -1,
      130, 70, 139, -1,
      130, 139, 132, -1,
      132, 139, 140, -1,
      132, 140, 134, -1,
      134, 140, 141, -1,
      134, 141, 136, -1,
      136, 141, 142, -1,
      136, 142, 138, -1,
      138, 142, 143, -1,
      138, 143, 47, -1,
      47, 143, 46, -1,
      70, 69, 139, -1,
      139, 69, 144, -1,
      139, 144, 140, -1,
      140, 144, 145, -1,
      140, 145, 141, -1,
      141, 145, 146, -1,
      141, 146, 142, -1,
      142, 146, 147, -1,
      142, 147, 143, -1,
      143, 147, 148, -1,
      143, 148, 46, -1,
      46, 148, 45, -1,
      69, 68, 144, -1,
      144, 68, 149, -1,
      144, 149, 145, -1,
      145, 149, 150, -1,
      145, 150, 146, -1,
      146, 150, 151, -1,
      146, 151, 147, -1,
      147, 151, 152, -1,
      147, 152, 148, -1,
      148, 152, 153, -1,
      148, 153, 45, -1,
      45, 153, 44, -1,
      68, 76, 149, -1,
      149, 76, 154, -1,
      149, 154, 150, -1,
      150, 154, 155, -1,
      150, 155, 151, -1,
      151, 155, 156, -1,
      151, 156, 152, -1,
      152, 156, 157, -1,
      152, 157, 153, -1,
      153, 157, 158, -1,
      153, 158, 44, -1,
      44, 158, 43, -1,
      76, 71, 154, -1,
      154, 71, 119, -1,
      154, 119, 155, -1,
      155, 119, 120, -1,
      155, 120, 156, -1,
      156, 120, 121, -1,
      156, 121, 157, -1,
      157, 121, 122, -1,
      157, 122, 158, -1,
      158, 122, 123, -1,
      158, 123, 43, -1,
      43, 123, 42, -1,
      62, 75, 124, -1,
      124, 75, 159, -1,
      124, 159, 125, -1,
      125, 159, 160, -1,
      125, 160, 126, -1,
      126, 160, 161, -1,
      126, 161, 127, -1,
      127, 161, 162, -1,
      127, 162, 128, -1,
      128, 162, 163, -1,
      128, 163, 34, -1,
      34, 163, 33, -1,
      75, 61, 159, -1,
      159, 61, 164, -1,
      159, 164, 160, -1,
      160, 164, 165, -1,
      160, 165, 161, -1,
      161, 165, 166, -1,
      161, 166, 162, -1,
      162, 166, 167, -1,
      162, 167, 163, -1,
      163, 167, 168, -1,
      163, 168, 33, -1,
      33, 168, 32, -1,
      61, 60, 164, -1,
      164, 60, 169, -1,
      164, 169, 165, -1,
      165, 169, 170, -1,
      165, 170, 166, -1,
      166, 170, 171, -1,
      166, 171, 167, -1,
      167, 171, 172, -1,
      167, 172, 168, -1,
      168, 172, 173, -1,
      168, 173, 32, -1,
      32, 173, 31, -1,
      60, 59, 169, -1,
      169, 59, 174, -1,
      169, 174, 170, -1,
      170, 174, 175, -1,
      170, 175, 171, -1,
      171, 175, 176, -1,
      171, 176, 172, -1,
      172, 176, 177, -1,
      172, 177, 173, -1,
      173, 177, 178, -1,
      173, 178, 31, -1,
      31, 178, 30, -1,
      59, 74, 174, -1,
      174, 74, 179, -1,
      174, 179, 175, -1,
      175, 179, 180, -1,
      175, 180, 176, -1,
      176, 180, 181, -1,
      176, 181, 177, -1,
      177, 181, 182, -1,
      177, 182, 178, -1,
      178, 182, 183, -1,
      178, 183, 30, -1,
      30, 183, 29, -1,
      74, 57, 179, -1,
      179, 57, 184, -1,
      179, 184, 180, -1,
      180, 184, 185, -1,
      180, 185, 181, -1,
      181, 185, 186, -1,
      181, 186, 182, -1,
      182, 186, 187, -1,
      182, 187, 183, -1,
      183, 187, 188, -1,
      183, 188, 29, -1,
      29, 188, 28, -1,
      73, 72, 129, -1,
      73, 129, 189, -1,
      189, 129, 131, -1,
      189, 131, 190, -1,
      190, 131, 133, -1,
      190, 133, 191, -1,
      191, 133, 135, -1,
      191, 135, 192, -1,
      192, 135, 137, -1,
      192, 137, 193, -1,
      193, 137, 48, -1,
      193, 48, 49, -1,
      57, 56, 194, -1,
      57, 194, 184, -1,
      184, 194, 195, -1,
      184, 195, 185, -1,
      185, 195, 196, -1,
      185, 196, 186, -1,
      186, 196, 197, -1,
      186, 197, 187, -1,
      187, 197, 198, -1,
      187, 198, 188, -1,
      188, 198, 55, -1,
      188, 55, 28, -1,
      56, 83, 194, -1,
      194, 83, 199, -1,
      194, 199, 195, -1,
      195, 199, 200, -1,
      195, 200, 196, -1,
      196, 200, 201, -1,
      196, 201, 197, -1,
      197, 201, 202, -1,
      197, 202, 198, -1,
      198, 202, 203, -1,
      198, 203, 55, -1,
      55, 203, 54, -1,
      83, 82, 199, -1,
      199, 82, 204, -1,
      199, 204, 200, -1,
      200, 204, 205, -1,
      200, 205, 201, -1,
      201, 205, 206, -1,
      201, 206, 202, -1,
      202, 206, 207, -1,
      202, 207, 203, -1,
      203, 207, 208, -1,
      203, 208, 54, -1,
      54, 208, 53, -1,
      82, 79, 204, -1,
      204, 79, 209, -1,
      204, 209, 205, -1,
      205, 209, 210, -1,
      205, 210, 206, -1,
      206, 210, 211, -1,
      206, 211, 207, -1,
      207, 211, 212, -1,
      207, 212, 208, -1,
      208, 212, 213, -1,
      208, 213, 53, -1,
      53, 213, 52, -1,
      79, 80, 209, -1,
      209, 80, 214, -1,
      209, 214, 210, -1,
      210, 214, 215, -1,
      210, 215, 211, -1,
      211, 215, 216, -1,
      211, 216, 212, -1,
      212, 216, 217, -1,
      212, 217, 213, -1,
      213, 217, 218, -1,
      213, 218, 52, -1,
      52, 218, 51, -1,
      80, 81, 214, -1,
      214, 81, 219, -1,
      214, 219, 215, -1,
      215, 219, 220, -1,
      215, 220, 216, -1,
      216, 220, 221, -1,
      216, 221, 217, -1,
      217, 221, 222, -1,
      217, 222, 218, -1,
      218, 222, 223, -1,
      218, 223, 51, -1,
      51, 223, 50, -1,
      81, 73, 219, -1,
      219, 73, 189, -1,
      219, 189, 220, -1,
      220, 189, 190, -1,
      220, 190, 221, -1,
      221, 190, 191, -1,
      221, 191, 222, -1,
      222, 191, 192, -1,
      222, 192, 223, -1,
      223, 192, 193, -1,
      223, 193, 50, -1,
      50, 193, 49, -1,
    ]
  }
}

Shape {
  appearance Appearance {
    material Material {
      diffuseColor 1.0000 1.0000 0.0000
      specularColor 0.5020 0.5020 0.0000
      ambientIntensity 0.2
      transparency 0.0000
      shininess 0.5
    }
  }
  geometry IndexedFaceSet {
    ccw TRUE
    solid FALSE
    coord DEF co Coordinate {
      point [
        0.561730 -0.255906 0.000000,
        0.553864 -0.274896 0.000000,
        0.354331 -0.255906 0.000000,
        0.551181 -0.295276 0.000000,
        0.354331 -0.021466 0.000000,
        0.551181 0.295276 0.000000,
        0.354331 0.255906 0.000000,
        0.553864 0.274896 0.000000,
        0.561730 0.255906 0.000000,
        -0.354331 0.255906 0.000000,
        -0.561730 0.255906 0.000000,
        -0.555930 0.268345 0.000000,
        -0.552378 0.281602 0.000000,
        -0.551181 0.295276 0.000000,
        -0.354331 -0.021466 0.000000,
        -0.553864 -0.274896 0.000000,
        -0.561730 -0.255906 0.000000,
        -0.433071 -0.255906 0.000000,
        -0.354331 -0.177165 0.000000,
        -0.551181 -0.295276 0.000000,
        0.590551 -0.227085 0.000000,
        0.590551 0.227085 0.000000,
        0.609542 0.219219 0.000000,
        0.629921 0.216535 0.000000,
        0.629921 -0.216535 0.000000,
        0.609542 -0.219219 0.000000,
        0.629921 -0.265748 0.078740,
        0.623351 -0.266488 0.078740,
        0.617110 -0.268672 0.078740,
        0.611511 -0.272190 0.078740,
        0.606836 -0.276865 0.078740,
        0.603318 -0.282464 0.078740,
        0.601134 -0.288705 0.078740,
        0.600394 -0.295276 0.078740,
        0.590551 0.227085 -0.003937,
        0.590551 -0.227085 -0.003937,
        0.354331 -0.255906 -0.003937,
        0.561730 -0.255906 -0.003937,
        0.600394 0.295276 0.078740,
        0.601134 0.288705 0.078740,
        0.603318 0.282464 0.078740,
        0.606836 0.276865 0.078740,
        0.611511 0.272190 0.078740,
        0.617110 0.268672 0.078740,
        0.623351 0.266488 0.078740,
        0.629921 0.265748 0.078740,
        -0.629921 -0.216535 0.000000,
        -0.629921 0.216535 0.000000,
        -0.609542 -0.219219 0.000000,
        -0.609542 0.219219 0.000000,
        -0.590551 -0.227085 0.000000,
        -0.590551 0.227085 0.000000,
        -0.629921 0.265748 0.078740,
        -0.622279 0.266754 0.078740,
        -0.615157 0.269704 0.078740,
        -0.609042 0.274396 0.078740,
        -0.604350 0.280512 0.078740,
        -0.601400 0.287633 0.078740,
        -0.600394 0.295276 0.078740,
        -0.590551 -0.227085 -0.003937,
        -0.590551 0.227085 -0.003937,
        -0.354331 0.255906 -0.003937,
        -0.561730 0.255906 -0.003937,
        -0.600394 -0.295276 0.078740,
        -0.601400 -0.287633 0.078740,
        -0.604350 -0.280512 0.078740,
        -0.609042 -0.274396 0.078740,
        -0.615157 -0.269704 0.078740,
        -0.622279 -0.266754 0.078740,
        -0.629921 -0.265748 0.078740,
        0.629921 0.216535 -0.003937,
        0.629921 0.269685 -0.003937,
        0.629921 0.269685 0.078740,
        0.629921 -0.269685 0.078740,
        0.629921 -0.216535 -0.003937,
        0.629921 -0.269685 -0.003937,
        -0.551181 0.295276 -0.003937,
        -0.604331 0.295276 -0.003937,
        0.604331 0.295276 -0.003937,
        0.551181 0.295276 -0.003937,
        0.604331 0.295276 0.078740,
        -0.604331 0.295276 0.078740,
        -0.629921 -0.216535 -0.003937,
        -0.629921 -0.269685 -0.003937,
        -0.629921 -0.269685 0.078740,
        -0.629921 0.269685 0.078740,
        -0.629921 0.216535 -0.003937,
        -0.629921 0.269685 -0.003937,
        0.551181 -0.295276 -0.003937,
        0.604331 -0.295276 -0.003937,
        -0.604331 -0.295276 0.078740,
        -0.604331 -0.295276 -0.003937,
        -0.551181 -0.295276 -0.003937,
        0.604331 -0.295276 0.078740,
        -0.616432 0.231429 0.236220,
        0.580220 0.276837 0.236220,
        0.592911 0.268863 0.236220,
        0.566074 0.281787 0.236220,
        -0.611482 0.245575 0.236220,
        -0.603508 0.258265 0.236220,
        -0.592911 0.268863 0.236220,
        -0.580220 0.276837 0.236220,
        -0.566074 0.281787 0.236220,
        -0.551181 0.283465 0.236220,
        0.551181 0.283465 0.236220,
        0.603508 0.258265 0.236220,
        -0.616432 -0.231429 0.236220,
        -0.618110 -0.216535 0.236220,
        -0.618110 0.216535 0.236220,
        -0.551181 -0.283465 0.236220,
        -0.566074 -0.281787 0.236220,
        -0.580220 -0.276837 0.236220,
        -0.592911 -0.268863 0.236220,
        -0.603508 -0.258265 0.236220,
        -0.611482 -0.245575 0.236220,
        0.611482 -0.245575 0.236220,
        0.603508 -0.258265 0.236220,
        0.616432 -0.231429 0.236220,
        0.580220 -0.276837 0.236220,
        0.566074 -0.281787 0.236220,
        0.611482 0.245575 0.236220,
        0.616432 0.231429 0.236220,
        0.618110 0.216535 0.236220,
        0.618110 -0.216535 0.236220,
        0.592911 -0.268863 0.236220,
        0.551181 -0.283465 0.236220,
        -0.551181 -0.275591 0.287402,
        -0.551181 -0.275591 0.244094,
        0.551181 -0.275591 0.287402,
        0.551181 -0.275591 0.244094,
        0.610236 -0.216535 0.287402,
        0.610236 -0.216535 0.244094,
        0.610236 0.216535 0.287402,
        0.610236 0.216535 0.244094,
        0.551181 0.275591 0.287402,
        0.551181 0.275591 0.244094,
        -0.551181 0.275591 0.287402,
        -0.551181 0.275591 0.244094,
        -0.610236 0.216535 0.287402,
        -0.610236 0.216535 0.244094,
        -0.610236 -0.216535 0.287402,
        -0.610236 -0.216535 0.244094,
        0.583092 -0.256550 0.295276,
        0.591196 -0.248446 0.295276,
        0.597294 -0.238742 0.295276,
        0.601079 -0.227924 0.295276,
        0.602362 -0.216535 0.295276,
        0.602362 0.216535 0.295276,
        0.601079 0.227924 0.295276,
        0.597294 0.238742 0.295276,
        0.591196 0.248446 0.295276,
        0.583092 0.256550 0.295276,
        0.573388 0.262648 0.295276,
        0.562570 0.266433 0.295276,
        0.551181 0.267717 0.295276,
        -0.551181 0.267717 0.295276,
        -0.562570 0.266433 0.295276,
        -0.591196 -0.248446 0.295276,
        -0.583092 -0.256550 0.295276,
        -0.573388 -0.262648 0.295276,
        -0.562570 -0.266433 0.295276,
        -0.551181 -0.267717 0.295276,
        0.551181 -0.267717 0.295276,
        0.562570 -0.266433 0.295276,
        0.573388 -0.262648 0.295276,
        -0.573388 0.262648 0.295276,
        -0.583092 0.256550 0.295276,
        -0.591196 0.248446 0.295276,
        -0.597294 0.238742 0.295276,
        -0.601079 0.227924 0.295276,
        -0.602362 0.216535 0.295276,
        -0.602362 -0.216535 0.295276,
        -0.601079 -0.227924 0.295276,
        -0.597294 -0.238742 0.295276,
        -0.564322 0.274110 0.287402,
        -0.564322 0.274110 0.244094,
        -0.566398 0.273384 0.287402,
        -0.566398 0.273384 0.244094,
        -0.576804 0.269742 0.287402,
        -0.576804 0.269742 0.244094,
        -0.580533 0.267399 0.287402,
        -0.580533 0.267399 0.244094,
        -0.588001 0.262707 0.287402,
        -0.588001 0.262707 0.244094,
        -0.592677 0.258031 0.287402,
        -0.592677 0.258031 0.244094,
        -0.597352 0.253356 0.287402,
        -0.597352 0.253356 0.244094,
        -0.602045 0.245887 0.287402,
        -0.602045 0.245887 0.244094,
        -0.604388 0.242159 0.287402,
        -0.604388 0.242159 0.244094,
        -0.608029 0.231752 0.287402,
        -0.608029 0.231752 0.244094,
        -0.608756 0.229676 0.287402,
        -0.608756 0.229676 0.244094,
        0.608756 0.229676 0.287402,
        0.608756 0.229676 0.244094,
        0.608029 0.231752 0.287402,
        0.608029 0.231752 0.244094,
        0.604388 0.242159 0.287402,
        0.604388 0.242159 0.244094,
        0.602045 0.245887 0.287402,
        0.602045 0.245887 0.244094,
        0.597352 0.253356 0.287402,
        0.597352 0.253356 0.244094,
        0.592677 0.258031 0.287402,
        0.592677 0.258031 0.244094,
        0.588001 0.262707 0.287402,
        0.588001 0.262707 0.244094,
        0.580533 0.267399 0.287402,
        0.580533 0.267399 0.244094,
        0.576804 0.269742 0.287402,
        0.576804 0.269742 0.244094,
        0.566398 0.273384 0.287402,
        0.566398 0.273384 0.244094,
        0.564322 0.274110 0.287402,
        0.564322 0.274110 0.244094,
        0.564322 -0.274110 0.287402,
        0.564322 -0.274110 0.244094,
        0.566398 -0.273384 0.287402,
        0.566398 -0.273384 0.244094,
        0.576804 -0.269742 0.287402,
        0.576804 -0.269742 0.244094,
        0.580533 -0.267399 0.287402,
        0.580533 -0.267399 0.244094,
        0.588001 -0.262707 0.287402,
        0.588001 -0.262707 0.244094,
        0.592677 -0.258031 0.287402,
        0.592677 -0.258031 0.244094,
        0.597352 -0.253356 0.287402,
        0.597352 -0.253356 0.244094,
        0.602045 -0.245887 0.287402,
        0.602045 -0.245887 0.244094,
        0.604388 -0.242159 0.287402,
        0.604388 -0.242159 0.244094,
        0.608029 -0.231752 0.287402,
        0.608029 -0.231752 0.244094,
        0.608756 -0.229676 0.287402,
        0.608756 -0.229676 0.244094,
        -0.608756 -0.229676 0.287402,
        -0.608756 -0.229676 0.244094,
        -0.608029 -0.231752 0.287402,
        -0.608029 -0.231752 0.244094,
        -0.604388 -0.242159 0.287402,
        -0.604388 -0.242159 0.244094,
        -0.602045 -0.245887 0.287402,
        -0.602045 -0.245887 0.244094,
        -0.597352 -0.253356 0.287402,
        -0.597352 -0.253356 0.244094,
        -0.592677 -0.258031 0.287402,
        -0.592677 -0.258031 0.244094,
        -0.588001 -0.262707 0.287402,
        -0.588001 -0.262707 0.244094,
        -0.580533 -0.267399 0.287402,
        -0.580533 -0.267399 0.244094,
        -0.576804 -0.269742 0.287402,
        -0.576804 -0.269742 0.244094,
        -0.566398 -0.273384 0.287402,
        -0.566398 -0.273384 0.244094,
        -0.564322 -0.274110 0.287402,
        -0.564322 -0.274110 0.244094,
        0.604146 0.242042 0.289439,
        0.597143 0.253189 0.289439,
        0.563024 0.268420 0.295007,
        0.574272 0.264484 0.295007,
        0.563446 0.270272 0.294221,
        0.575096 0.266195 0.294221,
        0.563809 0.271861 0.292969,
        0.575804 0.267665 0.292969,
        0.564087 0.273081 0.291339,
        0.576346 0.268792 0.291339,
        0.564262 0.273848 0.289439,
        0.576688 0.269500 0.289439,
        0.551181 0.269754 0.295007,
        0.551181 0.271654 0.294221,
        0.551181 0.273284 0.292969,
        0.551181 0.274536 0.291339,
        0.551181 0.275322 0.289439,
        0.587834 0.262497 0.289439,
        0.587344 0.261882 0.291339,
        0.586563 0.260904 0.292969,
        0.585547 0.259628 0.294221,
        0.584363 0.258144 0.295007,
        0.592789 0.249717 0.295007,
        0.594274 0.250901 0.294221,
        0.595549 0.251918 0.292969,
        0.596528 0.252698 0.291339,
        0.603437 0.241701 0.291339,
        0.602310 0.241158 0.292969,
        0.600841 0.240450 0.294221,
        0.599130 0.239626 0.295007,
        0.608494 0.229617 0.289439,
        0.607727 0.229442 0.291339,
        0.606507 0.229163 0.292969,
        0.604917 0.228800 0.294221,
        0.603066 0.228378 0.295007,
        0.604400 0.216535 0.295007,
        0.606299 0.216535 0.294221,
        0.607930 0.216535 0.292969,
        0.609181 0.216535 0.291339,
        0.609968 0.216535 0.289439,
        -0.551181 0.269469 0.295078,
        -0.551181 0.269745 0.294981,
        -0.551181 0.271133 0.294496,
        -0.551181 0.271630 0.294183,
        -0.551181 0.272626 0.293558,
        -0.551181 0.273249 0.292934,
        -0.551181 0.273873 0.292311,
        -0.551181 0.274498 0.291315,
        -0.551181 0.274811 0.290818,
        -0.551181 0.275296 0.289430,
        -0.551181 0.275393 0.289154,
        0.604114 -0.216535 0.295078,
        0.604391 -0.216535 0.294981,
        0.605779 -0.216535 0.294496,
        0.606276 -0.216535 0.294183,
        0.607272 -0.216535 0.293558,
        0.607895 -0.216535 0.292934,
        0.608519 -0.216535 0.292311,
        0.609144 -0.216535 0.291315,
        0.609456 -0.216535 0.290818,
        0.609942 -0.216535 0.289430,
        0.610039 -0.216535 0.289154,
        -0.576719 0.269565 0.289154,
        -0.587878 0.262552 0.289154,
        -0.562960 0.268141 0.295078,
        -0.604114 0.216535 0.295078,
        -0.602787 0.228314 0.295078,
        -0.604391 0.216535 0.294981,
        -0.604410 0.228685 0.294496,
        -0.563330 0.269764 0.294496,
        -0.605865 0.229017 0.293558,
        -0.606276 0.216535 0.294183,
        -0.605779 0.216535 0.294496,
        -0.563662 0.271220 0.293558,
        -0.607081 0.229294 0.292311,
        -0.607895 0.216535 0.292934,
        -0.607272 0.216535 0.293558,
        -0.563940 0.272435 0.292311,
        -0.607995 0.229503 0.290818,
        -0.609144 0.216535 0.291315,
        -0.608519 0.216535 0.292311,
        -0.564149 0.273350 0.290818,
        -0.608563 0.229633 0.289154,
        -0.609942 0.216535 0.289430,
        -0.609456 0.216535 0.290818,
        -0.598872 0.239502 0.295078,
        -0.600372 0.240224 0.294496,
        -0.601717 0.240872 0.293558,
        -0.602840 0.241413 0.292311,
        -0.603685 0.241820 0.290818,
        -0.604210 0.242073 0.289154,
        -0.610039 0.216535 0.289154,
        -0.597198 0.253233 0.289154,
        -0.596743 0.252870 0.290818,
        -0.596009 0.252285 0.292311,
        -0.595034 0.251507 0.293558,
        -0.593867 0.250576 0.294496,
        -0.592566 0.249539 0.295078,
        -0.587515 0.262097 0.290818,
        -0.586930 0.261363 0.292311,
        -0.586153 0.260389 0.293558,
        -0.585222 0.259222 0.294496,
        -0.584184 0.257920 0.295078,
        -0.576466 0.269040 0.290818,
        -0.576059 0.268194 0.292311,
        -0.575518 0.267071 0.293558,
        -0.574870 0.265726 0.294496,
        -0.574148 0.264227 0.295078,
        -0.564278 0.273917 0.289154,
        0.576719 -0.269565 0.289154,
        0.587878 -0.262552 0.289154,
        0.562960 -0.268141 0.295078,
        0.602787 -0.228314 0.295078,
        0.604410 -0.228685 0.294496,
        0.551181 -0.269469 0.295078,
        0.551181 -0.269745 0.294981,
        0.563330 -0.269764 0.294496,
        0.605865 -0.229017 0.293558,
        0.551181 -0.271133 0.294496,
        0.551181 -0.271630 0.294183,
        0.563662 -0.271220 0.293558,
        0.607081 -0.229294 0.292311,
        0.551181 -0.272626 0.293558,
        0.551181 -0.273249 0.292934,
        0.563940 -0.272435 0.292311,
        0.607995 -0.229503 0.290818,
        0.551181 -0.273873 0.292311,
        0.551181 -0.274498 0.291315,
        0.564149 -0.273350 0.290818,
        0.608563 -0.229633 0.289154,
        0.598872 -0.239502 0.295078,
        0.600372 -0.240224 0.294496,
        0.601717 -0.240872 0.293558,
        0.602840 -0.241413 0.292311,
        0.603685 -0.241820 0.290818,
        0.604210 -0.242073 0.289154,
        0.597198 -0.253233 0.289154,
        0.596743 -0.252870 0.290818,
        0.596009 -0.252285 0.292311,
        0.595034 -0.251507 0.293558,
        0.593867 -0.250576 0.294496,
        0.592566 -0.249539 0.295078,
        0.584184 -0.257920 0.295078,
        0.585222 -0.259222 0.294496,
        0.586153 -0.260389 0.293558,
        0.586930 -0.261363 0.292311,
        0.587515 -0.262097 0.290818,
        0.576466 -0.269040 0.290818,
        0.576059 -0.268194 0.292311,
        0.575518 -0.267071 0.293558,
        0.574870 -0.265726 0.294496,
        0.574148 -0.264227 0.295078,
        0.564278 -0.273917 0.289154,
        0.551181 -0.274811 0.290818,
        0.551181 -0.275296 0.289430,
        0.551181 -0.275393 0.289154,
        -0.604400 -0.216535 0.295007,
        -0.606299 -0.216535 0.294221,
        -0.607930 -0.216535 0.292969,
        -0.609181 -0.216535 0.291339,
        -0.609968 -0.216535 0.289439,
        -0.551181 -0.269754 0.295007,
        -0.551181 -0.271654 0.294221,
        -0.551181 -0.273284 0.292969,
        -0.551181 -0.274536 0.291339,
        -0.551181 -0.275322 0.289439,
        -0.604146 -0.242042 0.289439,
        -0.597143 -0.253189 0.289439,
        -0.563024 -0.268420 0.295007,
        -0.574272 -0.264484 0.295007,
        -0.563446 -0.270272 0.294221,
        -0.575096 -0.266195 0.294221,
        -0.563809 -0.271861 0.292969,
        -0.575804 -0.267665 0.292969,
        -0.564087 -0.273081 0.291339,
        -0.576346 -0.268792 0.291339,
        -0.564262 -0.273848 0.289439,
        -0.576688 -0.269500 0.289439,
        -0.587834 -0.262497 0.289439,
        -0.587344 -0.261882 0.291339,
        -0.586563 -0.260904 0.292969,
        -0.585547 -0.259628 0.294221,
        -0.584363 -0.258144 0.295007,
        -0.592789 -0.249717 0.295007,
        -0.594274 -0.250901 0.294221,
        -0.595549 -0.251918 0.292969,
        -0.596528 -0.252698 0.291339,
        -0.603437 -0.241701 0.291339,
        -0.602310 -0.241158 0.292969,
        -0.600841 -0.240450 0.294221,
        -0.599130 -0.239626 0.295007,
        -0.608494 -0.229617 0.289439,
        -0.607727 -0.229442 0.291339,
        -0.606507 -0.229163 0.292969,
        -0.604917 -0.228800 0.294221,
        -0.603066 -0.228378 0.295007,
        0.564382 0.274372 0.242057,
        0.551181 0.275859 0.242057,
        0.576920 0.269984 0.242057,
        0.588169 0.262917 0.242057,
        0.597562 0.253523 0.242057,
        0.604630 0.242275 0.242057,
        0.609017 0.229736 0.242057,
        0.610505 0.216535 0.242057,
        0.611291 0.216535 0.240157,
        0.609784 0.229911 0.240157,
        0.605338 0.242616 0.240157,
        0.598177 0.254013 0.240157,
        0.588659 0.263531 0.240157,
        0.577262 0.270693 0.240157,
        0.564557 0.275138 0.240157,
        0.551181 0.276646 0.240157,
        0.612543 0.216535 0.238527,
        0.611004 0.230190 0.238527,
        0.606466 0.243159 0.238527,
        0.599156 0.254794 0.238527,
        0.589439 0.264510 0.238527,
        0.577805 0.271820 0.238527,
        0.564835 0.276358 0.238527,
        0.551181 0.277897 0.238527,
        0.614173 0.216535 0.237275,
        0.612594 0.230552 0.237275,
        0.607935 0.243867 0.237275,
        0.600430 0.255810 0.237275,
        0.590456 0.265785 0.237275,
        0.578512 0.273289 0.237275,
        0.565198 0.277948 0.237275,
        0.551181 0.279528 0.237275,
        0.616072 0.216535 0.236489,
        0.614445 0.230975 0.236489,
        0.609646 0.244691 0.236489,
        0.601915 0.256994 0.236489,
        0.591640 0.267269 0.236489,
        0.579336 0.275000 0.236489,
        0.565621 0.279800 0.236489,
        0.551181 0.281427 0.236489,
        0.616072 -0.216535 0.236489,
        0.614173 -0.216535 0.237275,
        0.612543 -0.216535 0.238527,
        0.611291 -0.216535 0.240157,
        0.610505 -0.216535 0.242057,
        -0.551181 0.281427 0.236489,
        -0.551181 0.279528 0.237275,
        -0.551181 0.277897 0.238527,
        -0.551181 0.276646 0.240157,
        -0.551181 0.275859 0.242057,
        0.609017 -0.229736 0.242057,
        0.604630 -0.242275 0.242057,
        0.597562 -0.253523 0.242057,
        0.588169 -0.262917 0.242057,
        0.576920 -0.269984 0.242057,
        0.564382 -0.274372 0.242057,
        0.551181 -0.275859 0.242057,
        0.551181 -0.276646 0.240157,
        0.564557 -0.275138 0.240157,
        0.577262 -0.270693 0.240157,
        0.588659 -0.263531 0.240157,
        0.598177 -0.254013 0.240157,
        0.605338 -0.242616 0.240157,
        0.609784 -0.229911 0.240157,
        0.551181 -0.277897 0.238527,
        0.564835 -0.276358 0.238527,
        0.577805 -0.271820 0.238527,
        0.589439 -0.264510 0.238527,
        0.599156 -0.254794 0.238527,
        0.606466 -0.243159 0.238527,
        0.611004 -0.230190 0.238527,
        0.551181 -0.279528 0.237275,
        0.565198 -0.277948 0.237275,
        0.578512 -0.273289 0.237275,
        0.590456 -0.265785 0.237275,
        0.600430 -0.255810 0.237275,
        0.607935 -0.243867 0.237275,
        0.612594 -0.230552 0.237275,
        0.551181 -0.281427 0.236489,
        0.565621 -0.279800 0.236489,
        0.579336 -0.275000 0.236489,
        0.591640 -0.267269 0.236489,
        0.601915 -0.256994 0.236489,
        0.609646 -0.244691 0.236489,
        0.614445 -0.230975 0.236489,
        -0.609017 0.229736 0.242057,
        -0.610505 0.216535 0.242057,
        -0.604630 0.242275 0.242057,
        -0.597562 0.253523 0.242057,
        -0.588169 0.262917 0.242057,
        -0.576920 0.269984 0.242057,
        -0.564382 0.274372 0.242057,
        -0.564557 0.275138 0.240157,
        -0.577262 0.270693 0.240157,
        -0.588659 0.263531 0.240157,
        -0.598177 0.254013 0.240157,
        -0.605338 0.242616 0.240157,
        -0.609784 0.229911 0.240157,
        -0.611291 0.216535 0.240157,
        -0.564835 0.276358 0.238527,
        -0.577805 0.271820 0.238527,
        -0.589439 0.264510 0.238527,
        -0.599156 0.254794 0.238527,
        -0.606466 0.243159 0.238527,
        -0.611004 0.230190 0.238527,
        -0.612543 0.216535 0.238527,
        -0.565198 0.277948 0.237275,
        -0.578512 0.273289 0.237275,
        -0.590456 0.265785 0.237275,
        -0.600430 0.255810 0.237275,
        -0.607935 0.243867 0.237275,
        -0.612594 0.230552 0.237275,
        -0.614173 0.216535 0.237275,
        -0.565621 0.279800 0.236489,
        -0.579336 0.275000 0.236489,
        -0.591640 0.267269 0.236489,
        -0.601915 0.256994 0.236489,
        -0.609646 0.244691 0.236489,
        -0.614445 0.230975 0.236489,
        -0.616072 0.216535 0.236489,
        -0.551181 -0.281427 0.236489,
        -0.551181 -0.279528 0.237275,
        -0.551181 -0.277897 0.238527,
        -0.551181 -0.276646 0.240157,
        -0.551181 -0.275859 0.242057,
        -0.616072 -0.216535 0.236489,
        -0.614173 -0.216535 0.237275,
        -0.612543 -0.216535 0.238527,
        -0.611291 -0.216535 0.240157,
        -0.610505 -0.216535 0.242057,
        -0.564382 -0.274372 0.242057,
        -0.576920 -0.269984 0.242057,
        -0.588169 -0.262917 0.242057,
        -0.597562 -0.253523 0.242057,
        -0.604630 -0.242275 0.242057,
        -0.609017 -0.229736 0.242057,
        -0.609784 -0.229911 0.240157,
        -0.605338 -0.242616 0.240157,
        -0.598177 -0.254013 0.240157,
        -0.588659 -0.263531 0.240157,
        -0.577262 -0.270693 0.240157,
        -0.564557 -0.275138 0.240157,
        -0.611004 -0.230190 0.238527,
        -0.606466 -0.243159 0.238527,
        -0.599156 -0.254794 0.238527,
        -0.589439 -0.264510 0.238527,
        -0.577805 -0.271820 0.238527,
        -0.564835 -0.276358 0.238527,
        -0.612594 -0.230552 0.237275,
        -0.607935 -0.243867 0.237275,
        -0.600430 -0.255810 0.237275,
        -0.590456 -0.265785 0.237275,
        -0.578512 -0.273289 0.237275,
        -0.565198 -0.277948 0.237275,
        -0.614445 -0.230975 0.236489,
        -0.609646 -0.244691 0.236489,
        -0.601915 -0.256994 0.236489,
        -0.591640 -0.267269 0.236489,
        -0.579336 -0.275000 0.236489,
        -0.565621 -0.279800 0.236489,
        -0.354331 -0.177165 -0.003937,
        -0.433071 -0.255906 -0.003937,
        -0.561730 -0.255906 -0.003937,
        -0.605203 0.288652 -0.003937,
        -0.623298 0.270557 -0.003937,
        -0.617126 0.273113 -0.003937,
        -0.623298 -0.270557 -0.003937,
        -0.609542 -0.219219 -0.003937,
        -0.611826 0.277180 -0.003937,
        -0.607759 0.282480 -0.003937,
        -0.555930 0.268345 -0.003937,
        -0.552378 0.281602 -0.003937,
        -0.553864 -0.274896 -0.003937,
        -0.605203 -0.288652 -0.003937,
        -0.607759 -0.282480 -0.003937,
        -0.611826 -0.277180 -0.003937,
        -0.617126 -0.273113 -0.003937,
        -0.609542 0.219219 -0.003937,
        0.354331 0.255906 -0.003937,
        0.561730 0.255906 -0.003937,
        0.623298 0.270557 -0.003937,
        0.609542 0.219219 -0.003937,
        0.609542 -0.219219 -0.003937,
        0.623298 -0.270557 -0.003937,
        0.553864 0.274896 -0.003937,
        0.605203 0.288652 -0.003937,
        0.607759 0.282480 -0.003937,
        0.611826 0.277180 -0.003937,
        0.617126 0.273113 -0.003937,
        0.605203 -0.288652 -0.003937,
        0.553864 -0.274896 -0.003937,
        0.607759 -0.282480 -0.003937,
        0.611826 -0.277180 -0.003937,
        0.617126 -0.273113 -0.003937,
        -0.605203 -0.288652 0.078740,
        -0.607759 -0.282480 0.078740,
        -0.611826 -0.277180 0.078740,
        -0.617126 -0.273113 0.078740,
        -0.623298 -0.270557 0.078740,
        -0.623298 0.270557 0.078740,
        -0.617126 0.273113 0.078740,
        -0.611826 0.277180 0.078740,
        -0.607759 0.282480 0.078740,
        -0.605203 0.288652 0.078740,
        0.605203 0.288652 0.078740,
        0.607759 0.282480 0.078740,
        0.611826 0.277180 0.078740,
        0.623298 0.270557 0.078740,
        0.617126 0.273113 0.078740,
        0.623298 -0.270557 0.078740,
        0.617126 -0.273113 0.078740,
        0.611826 -0.277180 0.078740,
        0.605203 -0.288652 0.078740,
        0.607759 -0.282480 0.078740,
      ]
    }
    coordIndex [
      198, 200, 262, -1,
      202, 204, 263, -1,
      153, 152, 264, -1,
      264, 152, 265, -1,
      264, 265, 266, -1,
      266, 265, 267, -1,
      266, 267, 268, -1,
      268, 267, 269, -1,
      268, 269, 270, -1,
      270, 269, 271, -1,
      270, 271, 272, -1,
      272, 271, 273, -1,
      154, 153, 274, -1,
      274, 153, 264, -1,
      274, 264, 275, -1,
      275, 264, 266, -1,
      275, 266, 276, -1,
      276, 266, 268, -1,
      276, 268, 277, -1,
      277, 268, 270, -1,
      277, 270, 278, -1,
      278, 270, 272, -1,
      278, 272, 134, -1,
      134, 272, 216, -1,
      206, 208, 279, -1,
      279, 208, 273, -1,
      279, 273, 280, -1,
      280, 273, 271, -1,
      280, 271, 281, -1,
      281, 271, 269, -1,
      281, 269, 282, -1,
      282, 269, 267, -1,
      282, 267, 283, -1,
      283, 267, 265, -1,
      283, 265, 151, -1,
      151, 265, 152, -1,
      208, 210, 273, -1,
      273, 210, 212, -1,
      273, 212, 272, -1,
      272, 212, 214, -1,
      272, 214, 216, -1,
      151, 150, 283, -1,
      283, 150, 284, -1,
      283, 284, 282, -1,
      282, 284, 285, -1,
      282, 285, 281, -1,
      281, 285, 286, -1,
      281, 286, 280, -1,
      280, 286, 287, -1,
      280, 287, 279, -1,
      279, 287, 263, -1,
      279, 263, 206, -1,
      206, 263, 204, -1,
      200, 202, 262, -1,
      262, 202, 263, -1,
      262, 263, 288, -1,
      288, 263, 287, -1,
      288, 287, 289, -1,
      289, 287, 286, -1,
      289, 286, 290, -1,
      290, 286, 285, -1,
      290, 285, 291, -1,
      291, 285, 284, -1,
      291, 284, 149, -1,
      149, 284, 150, -1,
      196, 198, 292, -1,
      292, 198, 262, -1,
      292, 262, 293, -1,
      293, 262, 288, -1,
      293, 288, 294, -1,
      294, 288, 289, -1,
      294, 289, 295, -1,
      295, 289, 290, -1,
      295, 290, 296, -1,
      296, 290, 291, -1,
      296, 291, 148, -1,
      148, 291, 149, -1,
      148, 147, 296, -1,
      296, 147, 297, -1,
      296, 297, 295, -1,
      295, 297, 298, -1,
      295, 298, 294, -1,
      294, 298, 299, -1,
      294, 299, 293, -1,
      293, 299, 300, -1,
      293, 300, 292, -1,
      292, 300, 301, -1,
      292, 301, 196, -1,
      196, 301, 132, -1,
      302, 155, 154, -1,
      302, 154, 303, -1,
      303, 154, 274, -1,
      303, 274, 304, -1,
      304, 274, 305, -1,
      305, 274, 275, -1,
      305, 275, 306, -1,
      306, 275, 307, -1,
      307, 275, 276, -1,
      307, 276, 308, -1,
      308, 276, 277, -1,
      308, 277, 309, -1,
      309, 277, 310, -1,
      310, 277, 278, -1,
      310, 278, 311, -1,
      311, 278, 312, -1,
      312, 278, 134, -1,
      312, 134, 136, -1,
      146, 313, 147, -1,
      147, 313, 297, -1,
      313, 314, 297, -1,
      297, 314, 315, -1,
      297, 315, 298, -1,
      315, 316, 298, -1,
      298, 316, 317, -1,
      298, 317, 299, -1,
      299, 317, 318, -1,
      299, 318, 300, -1,
      318, 319, 300, -1,
      300, 319, 320, -1,
      300, 320, 301, -1,
      320, 321, 301, -1,
      301, 321, 322, -1,
      301, 322, 132, -1,
      132, 322, 323, -1,
      132, 323, 130, -1,
      176, 178, 324, -1,
      180, 182, 325, -1,
      326, 156, 155, -1,
      170, 169, 327, -1,
      327, 169, 328, -1,
      327, 328, 329, -1,
      329, 328, 330, -1,
      155, 302, 326, -1,
      326, 302, 303, -1,
      326, 303, 331, -1,
      332, 333, 330, -1,
      330, 333, 334, -1,
      330, 334, 329, -1,
      303, 304, 331, -1,
      331, 304, 305, -1,
      331, 305, 335, -1,
      336, 337, 332, -1,
      332, 337, 338, -1,
      332, 338, 333, -1,
      305, 306, 335, -1,
      335, 306, 307, -1,
      335, 307, 339, -1,
      340, 341, 336, -1,
      336, 341, 342, -1,
      336, 342, 337, -1,
      307, 308, 339, -1,
      339, 308, 309, -1,
      339, 309, 343, -1,
      344, 345, 340, -1,
      340, 345, 346, -1,
      340, 346, 341, -1,
      169, 168, 328, -1,
      328, 168, 347, -1,
      328, 347, 330, -1,
      330, 347, 348, -1,
      330, 348, 332, -1,
      332, 348, 349, -1,
      332, 349, 336, -1,
      336, 349, 350, -1,
      336, 350, 340, -1,
      340, 350, 351, -1,
      340, 351, 344, -1,
      344, 351, 352, -1,
      194, 138, 344, -1,
      344, 138, 353, -1,
      344, 353, 345, -1,
      184, 186, 354, -1,
      354, 186, 352, -1,
      354, 352, 355, -1,
      355, 352, 351, -1,
      355, 351, 356, -1,
      356, 351, 350, -1,
      356, 350, 357, -1,
      357, 350, 349, -1,
      357, 349, 358, -1,
      358, 349, 348, -1,
      358, 348, 359, -1,
      359, 348, 347, -1,
      359, 347, 167, -1,
      167, 347, 168, -1,
      186, 188, 352, -1,
      352, 188, 190, -1,
      352, 190, 344, -1,
      344, 190, 192, -1,
      344, 192, 194, -1,
      182, 184, 325, -1,
      325, 184, 354, -1,
      325, 354, 360, -1,
      360, 354, 355, -1,
      360, 355, 361, -1,
      361, 355, 356, -1,
      361, 356, 362, -1,
      362, 356, 357, -1,
      362, 357, 363, -1,
      363, 357, 358, -1,
      363, 358, 364, -1,
      364, 358, 359, -1,
      364, 359, 166, -1,
      166, 359, 167, -1,
      178, 180, 324, -1,
      324, 180, 325, -1,
      324, 325, 365, -1,
      365, 325, 360, -1,
      365, 360, 366, -1,
      366, 360, 361, -1,
      366, 361, 367, -1,
      367, 361, 362, -1,
      367, 362, 368, -1,
      368, 362, 363, -1,
      368, 363, 369, -1,
      369, 363, 364, -1,
      369, 364, 165, -1,
      165, 364, 166, -1,
      174, 176, 370, -1,
      370, 176, 324, -1,
      370, 324, 343, -1,
      343, 324, 365, -1,
      343, 365, 339, -1,
      339, 365, 366, -1,
      339, 366, 335, -1,
      335, 366, 367, -1,
      335, 367, 331, -1,
      331, 367, 368, -1,
      331, 368, 326, -1,
      326, 368, 369, -1,
      326, 369, 156, -1,
      156, 369, 165, -1,
      309, 310, 343, -1,
      343, 310, 311, -1,
      343, 311, 370, -1,
      370, 311, 312, -1,
      370, 312, 174, -1,
      174, 312, 136, -1,
      220, 222, 371, -1,
      224, 226, 372, -1,
      373, 163, 162, -1,
      146, 145, 313, -1,
      313, 145, 374, -1,
      313, 374, 314, -1,
      314, 374, 375, -1,
      162, 376, 373, -1,
      373, 376, 377, -1,
      373, 377, 378, -1,
      379, 316, 375, -1,
      375, 316, 315, -1,
      375, 315, 314, -1,
      377, 380, 378, -1,
      378, 380, 381, -1,
      378, 381, 382, -1,
      383, 318, 379, -1,
      379, 318, 317, -1,
      379, 317, 316, -1,
      381, 384, 382, -1,
      382, 384, 385, -1,
      382, 385, 386, -1,
      387, 320, 383, -1,
      383, 320, 319, -1,
      383, 319, 318, -1,
      385, 388, 386, -1,
      386, 388, 389, -1,
      386, 389, 390, -1,
      391, 322, 387, -1,
      387, 322, 321, -1,
      387, 321, 320, -1,
      145, 144, 374, -1,
      374, 144, 392, -1,
      374, 392, 375, -1,
      375, 392, 393, -1,
      375, 393, 379, -1,
      379, 393, 394, -1,
      379, 394, 383, -1,
      383, 394, 395, -1,
      383, 395, 387, -1,
      387, 395, 396, -1,
      387, 396, 391, -1,
      391, 396, 397, -1,
      238, 130, 391, -1,
      391, 130, 323, -1,
      391, 323, 322, -1,
      228, 230, 398, -1,
      398, 230, 397, -1,
      398, 397, 399, -1,
      399, 397, 396, -1,
      399, 396, 400, -1,
      400, 396, 395, -1,
      400, 395, 401, -1,
      401, 395, 394, -1,
      401, 394, 402, -1,
      402, 394, 393, -1,
      402, 393, 403, -1,
      403, 393, 392, -1,
      403, 392, 143, -1,
      143, 392, 144, -1,
      230, 232, 397, -1,
      397, 232, 234, -1,
      397, 234, 391, -1,
      391, 234, 236, -1,
      391, 236, 238, -1,
      143, 142, 403, -1,
      403, 142, 404, -1,
      403, 404, 402, -1,
      402, 404, 405, -1,
      402, 405, 401, -1,
      401, 405, 406, -1,
      401, 406, 400, -1,
      400, 406, 407, -1,
      400, 407, 399, -1,
      399, 407, 408, -1,
      399, 408, 398, -1,
      398, 408, 372, -1,
      398, 372, 228, -1,
      228, 372, 226, -1,
      222, 224, 371, -1,
      371, 224, 372, -1,
      371, 372, 409, -1,
      409, 372, 408, -1,
      409, 408, 410, -1,
      410, 408, 407, -1,
      410, 407, 411, -1,
      411, 407, 406, -1,
      411, 406, 412, -1,
      412, 406, 405, -1,
      412, 405, 413, -1,
      413, 405, 404, -1,
      413, 404, 164, -1,
      164, 404, 142, -1,
      218, 220, 414, -1,
      414, 220, 371, -1,
      414, 371, 390, -1,
      390, 371, 409, -1,
      390, 409, 386, -1,
      386, 409, 410, -1,
      386, 410, 382, -1,
      382, 410, 411, -1,
      382, 411, 378, -1,
      378, 411, 412, -1,
      378, 412, 373, -1,
      373, 412, 413, -1,
      373, 413, 163, -1,
      163, 413, 164, -1,
      389, 415, 390, -1,
      390, 415, 416, -1,
      390, 416, 414, -1,
      414, 416, 417, -1,
      414, 417, 218, -1,
      218, 417, 128, -1,
      170, 327, 171, -1,
      171, 327, 418, -1,
      327, 329, 418, -1,
      418, 329, 334, -1,
      418, 334, 419, -1,
      334, 333, 419, -1,
      419, 333, 338, -1,
      419, 338, 420, -1,
      420, 338, 337, -1,
      420, 337, 421, -1,
      337, 342, 421, -1,
      421, 342, 341, -1,
      421, 341, 422, -1,
      341, 346, 422, -1,
      422, 346, 345, -1,
      422, 345, 140, -1,
      140, 345, 353, -1,
      140, 353, 138, -1,
      376, 162, 161, -1,
      376, 161, 377, -1,
      377, 161, 423, -1,
      377, 423, 380, -1,
      380, 423, 381, -1,
      381, 423, 424, -1,
      381, 424, 384, -1,
      384, 424, 385, -1,
      385, 424, 425, -1,
      385, 425, 388, -1,
      388, 425, 426, -1,
      388, 426, 389, -1,
      389, 426, 415, -1,
      415, 426, 427, -1,
      415, 427, 416, -1,
      416, 427, 417, -1,
      417, 427, 126, -1,
      417, 126, 128, -1,
      242, 244, 428, -1,
      246, 248, 429, -1,
      160, 159, 430, -1,
      430, 159, 431, -1,
      430, 431, 432, -1,
      432, 431, 433, -1,
      432, 433, 434, -1,
      434, 433, 435, -1,
      434, 435, 436, -1,
      436, 435, 437, -1,
      436, 437, 438, -1,
      438, 437, 439, -1,
      161, 160, 423, -1,
      423, 160, 430, -1,
      423, 430, 424, -1,
      424, 430, 432, -1,
      424, 432, 425, -1,
      425, 432, 434, -1,
      425, 434, 426, -1,
      426, 434, 436, -1,
      426, 436, 427, -1,
      427, 436, 438, -1,
      427, 438, 126, -1,
      126, 438, 260, -1,
      250, 252, 440, -1,
      440, 252, 439, -1,
      440, 439, 441, -1,
      441, 439, 437, -1,
      441, 437, 442, -1,
      442, 437, 435, -1,
      442, 435, 443, -1,
      443, 435, 433, -1,
      443, 433, 444, -1,
      444, 433, 431, -1,
      444, 431, 158, -1,
      158, 431, 159, -1,
      252, 254, 439, -1,
      439, 254, 256, -1,
      439, 256, 438, -1,
      438, 256, 258, -1,
      438, 258, 260, -1,
      158, 157, 444, -1,
      444, 157, 445, -1,
      444, 445, 443, -1,
      443, 445, 446, -1,
      443, 446, 442, -1,
      442, 446, 447, -1,
      442, 447, 441, -1,
      441, 447, 448, -1,
      441, 448, 440, -1,
      440, 448, 429, -1,
      440, 429, 250, -1,
      250, 429, 248, -1,
      244, 246, 428, -1,
      428, 246, 429, -1,
      428, 429, 449, -1,
      449, 429, 448, -1,
      449, 448, 450, -1,
      450, 448, 447, -1,
      450, 447, 451, -1,
      451, 447, 446, -1,
      451, 446, 452, -1,
      452, 446, 445, -1,
      452, 445, 173, -1,
      173, 445, 157, -1,
      240, 242, 453, -1,
      453, 242, 428, -1,
      453, 428, 454, -1,
      454, 428, 449, -1,
      454, 449, 455, -1,
      455, 449, 450, -1,
      455, 450, 456, -1,
      456, 450, 451, -1,
      456, 451, 457, -1,
      457, 451, 452, -1,
      457, 452, 172, -1,
      172, 452, 173, -1,
      172, 171, 457, -1,
      457, 171, 418, -1,
      457, 418, 456, -1,
      456, 418, 419, -1,
      456, 419, 455, -1,
      455, 419, 420, -1,
      455, 420, 454, -1,
      454, 420, 421, -1,
      454, 421, 453, -1,
      453, 421, 422, -1,
      453, 422, 240, -1,
      240, 422, 140, -1,
      458, 459, 135, -1,
      135, 217, 458, -1,
      458, 217, 215, -1,
      458, 215, 460, -1,
      215, 213, 460, -1,
      460, 213, 211, -1,
      460, 211, 461, -1,
      211, 209, 461, -1,
      461, 209, 207, -1,
      461, 207, 462, -1,
      462, 207, 205, -1,
      462, 205, 463, -1,
      205, 203, 463, -1,
      463, 203, 201, -1,
      463, 201, 464, -1,
      133, 465, 197, -1,
      197, 465, 464, -1,
      197, 464, 199, -1,
      199, 464, 201, -1,
      465, 466, 464, -1,
      464, 466, 467, -1,
      464, 467, 463, -1,
      463, 467, 468, -1,
      463, 468, 462, -1,
      462, 468, 469, -1,
      462, 469, 461, -1,
      461, 469, 470, -1,
      461, 470, 460, -1,
      460, 470, 471, -1,
      460, 471, 458, -1,
      458, 471, 472, -1,
      458, 472, 459, -1,
      459, 472, 473, -1,
      466, 474, 467, -1,
      467, 474, 475, -1,
      467, 475, 468, -1,
      468, 475, 476, -1,
      468, 476, 469, -1,
      469, 476, 477, -1,
      469, 477, 470, -1,
      470, 477, 478, -1,
      470, 478, 471, -1,
      471, 478, 479, -1,
      471, 479, 472, -1,
      472, 479, 480, -1,
      472, 480, 473, -1,
      473, 480, 481, -1,
      474, 482, 475, -1,
      475, 482, 483, -1,
      475, 483, 476, -1,
      476, 483, 484, -1,
      476, 484, 477, -1,
      477, 484, 485, -1,
      477, 485, 478, -1,
      478, 485, 486, -1,
      478, 486, 479, -1,
      479, 486, 487, -1,
      479, 487, 480, -1,
      480, 487, 488, -1,
      480, 488, 481, -1,
      481, 488, 489, -1,
      482, 490, 483, -1,
      483, 490, 491, -1,
      483, 491, 484, -1,
      484, 491, 492, -1,
      484, 492, 485, -1,
      485, 492, 493, -1,
      485, 493, 486, -1,
      486, 493, 494, -1,
      486, 494, 487, -1,
      487, 494, 495, -1,
      487, 495, 488, -1,
      488, 495, 496, -1,
      488, 496, 489, -1,
      489, 496, 497, -1,
      490, 122, 491, -1,
      491, 122, 121, -1,
      491, 121, 492, -1,
      492, 121, 120, -1,
      492, 120, 493, -1,
      493, 120, 105, -1,
      493, 105, 494, -1,
      494, 105, 96, -1,
      494, 96, 495, -1,
      495, 96, 95, -1,
      495, 95, 496, -1,
      496, 95, 97, -1,
      496, 97, 497, -1,
      497, 97, 104, -1,
      123, 122, 498, -1,
      498, 122, 490, -1,
      498, 490, 499, -1,
      499, 490, 482, -1,
      499, 482, 500, -1,
      500, 482, 474, -1,
      500, 474, 501, -1,
      501, 474, 466, -1,
      501, 466, 502, -1,
      502, 466, 465, -1,
      502, 465, 131, -1,
      131, 465, 133, -1,
      104, 103, 497, -1,
      497, 103, 503, -1,
      497, 503, 489, -1,
      489, 503, 504, -1,
      489, 504, 481, -1,
      481, 504, 505, -1,
      481, 505, 473, -1,
      473, 505, 506, -1,
      473, 506, 459, -1,
      459, 506, 507, -1,
      459, 507, 135, -1,
      135, 507, 137, -1,
      508, 502, 131, -1,
      131, 239, 508, -1,
      508, 239, 237, -1,
      508, 237, 509, -1,
      237, 235, 509, -1,
      509, 235, 233, -1,
      509, 233, 510, -1,
      233, 231, 510, -1,
      510, 231, 229, -1,
      510, 229, 511, -1,
      511, 229, 227, -1,
      511, 227, 512, -1,
      227, 225, 512, -1,
      512, 225, 223, -1,
      512, 223, 513, -1,
      129, 514, 219, -1,
      219, 514, 513, -1,
      219, 513, 221, -1,
      221, 513, 223, -1,
      514, 515, 513, -1,
      513, 515, 516, -1,
      513, 516, 512, -1,
      512, 516, 517, -1,
      512, 517, 511, -1,
      511, 517, 518, -1,
      511, 518, 510, -1,
      510, 518, 519, -1,
      510, 519, 509, -1,
      509, 519, 520, -1,
      509, 520, 508, -1,
      508, 520, 521, -1,
      508, 521, 502, -1,
      502, 521, 501, -1,
      515, 522, 516, -1,
      516, 522, 523, -1,
      516, 523, 517, -1,
      517, 523, 524, -1,
      517, 524, 518, -1,
      518, 524, 525, -1,
      518, 525, 519, -1,
      519, 525, 526, -1,
      519, 526, 520, -1,
      520, 526, 527, -1,
      520, 527, 521, -1,
      521, 527, 528, -1,
      521, 528, 501, -1,
      501, 528, 500, -1,
      522, 529, 523, -1,
      523, 529, 530, -1,
      523, 530, 524, -1,
      524, 530, 531, -1,
      524, 531, 525, -1,
      525, 531, 532, -1,
      525, 532, 526, -1,
      526, 532, 533, -1,
      526, 533, 527, -1,
      527, 533, 534, -1,
      527, 534, 528, -1,
      528, 534, 535, -1,
      528, 535, 500, -1,
      500, 535, 499, -1,
      529, 536, 530, -1,
      530, 536, 537, -1,
      530, 537, 531, -1,
      531, 537, 538, -1,
      531, 538, 532, -1,
      532, 538, 539, -1,
      532, 539, 533, -1,
      533, 539, 540, -1,
      533, 540, 534, -1,
      534, 540, 541, -1,
      534, 541, 535, -1,
      535, 541, 542, -1,
      535, 542, 499, -1,
      499, 542, 498, -1,
      536, 125, 537, -1,
      537, 125, 119, -1,
      537, 119, 538, -1,
      538, 119, 118, -1,
      538, 118, 539, -1,
      539, 118, 124, -1,
      539, 124, 540, -1,
      540, 124, 116, -1,
      540, 116, 541, -1,
      541, 116, 115, -1,
      541, 115, 542, -1,
      542, 115, 117, -1,
      542, 117, 498, -1,
      498, 117, 123, -1,
      543, 544, 139, -1,
      139, 195, 543, -1,
      543, 195, 193, -1,
      543, 193, 545, -1,
      193, 191, 545, -1,
      545, 191, 189, -1,
      545, 189, 546, -1,
      189, 187, 546, -1,
      546, 187, 185, -1,
      546, 185, 547, -1,
      547, 185, 183, -1,
      547, 183, 548, -1,
      183, 181, 548, -1,
      548, 181, 179, -1,
      548, 179, 549, -1,
      137, 507, 175, -1,
      175, 507, 549, -1,
      175, 549, 177, -1,
      177, 549, 179, -1,
      507, 506, 549, -1,
      549, 506, 550, -1,
      549, 550, 548, -1,
      548, 550, 551, -1,
      548, 551, 547, -1,
      547, 551, 552, -1,
      547, 552, 546, -1,
      546, 552, 553, -1,
      546, 553, 545, -1,
      545, 553, 554, -1,
      545, 554, 543, -1,
      543, 554, 555, -1,
      543, 555, 544, -1,
      544, 555, 556, -1,
      506, 505, 550, -1,
      550, 505, 557, -1,
      550, 557, 551, -1,
      551, 557, 558, -1,
      551, 558, 552, -1,
      552, 558, 559, -1,
      552, 559, 553, -1,
      553, 559, 560, -1,
      553, 560, 554, -1,
      554, 560, 561, -1,
      554, 561, 555, -1,
      555, 561, 562, -1,
      555, 562, 556, -1,
      556, 562, 563, -1,
      505, 504, 557, -1,
      557, 504, 564, -1,
      557, 564, 558, -1,
      558, 564, 565, -1,
      558, 565, 559, -1,
      559, 565, 566, -1,
      559, 566, 560, -1,
      560, 566, 567, -1,
      560, 567, 561, -1,
      561, 567, 568, -1,
      561, 568, 562, -1,
      562, 568, 569, -1,
      562, 569, 563, -1,
      563, 569, 570, -1,
      504, 503, 564, -1,
      564, 503, 571, -1,
      564, 571, 565, -1,
      565, 571, 572, -1,
      565, 572, 566, -1,
      566, 572, 573, -1,
      566, 573, 567, -1,
      567, 573, 574, -1,
      567, 574, 568, -1,
      568, 574, 575, -1,
      568, 575, 569, -1,
      569, 575, 576, -1,
      569, 576, 570, -1,
      570, 576, 577, -1,
      503, 103, 571, -1,
      571, 103, 102, -1,
      571, 102, 572, -1,
      572, 102, 101, -1,
      572, 101, 573, -1,
      573, 101, 100, -1,
      573, 100, 574, -1,
      574, 100, 99, -1,
      574, 99, 575, -1,
      575, 99, 98, -1,
      575, 98, 576, -1,
      576, 98, 94, -1,
      576, 94, 577, -1,
      577, 94, 108, -1,
      109, 125, 578, -1,
      578, 125, 536, -1,
      578, 536, 579, -1,
      579, 536, 529, -1,
      579, 529, 580, -1,
      580, 529, 522, -1,
      580, 522, 581, -1,
      581, 522, 515, -1,
      581, 515, 582, -1,
      582, 515, 514, -1,
      582, 514, 127, -1,
      127, 514, 129, -1,
      108, 107, 577, -1,
      577, 107, 583, -1,
      577, 583, 570, -1,
      570, 583, 584, -1,
      570, 584, 563, -1,
      563, 584, 585, -1,
      563, 585, 556, -1,
      556, 585, 586, -1,
      556, 586, 544, -1,
      544, 586, 587, -1,
      544, 587, 139, -1,
      139, 587, 141, -1,
      588, 582, 127, -1,
      127, 261, 588, -1,
      588, 261, 259, -1,
      588, 259, 589, -1,
      259, 257, 589, -1,
      589, 257, 255, -1,
      589, 255, 590, -1,
      255, 253, 590, -1,
      590, 253, 251, -1,
      590, 251, 591, -1,
      591, 251, 249, -1,
      591, 249, 592, -1,
      249, 247, 592, -1,
      592, 247, 245, -1,
      592, 245, 593, -1,
      141, 587, 241, -1,
      241, 587, 593, -1,
      241, 593, 243, -1,
      243, 593, 245, -1,
      587, 586, 593, -1,
      593, 586, 594, -1,
      593, 594, 592, -1,
      592, 594, 595, -1,
      592, 595, 591, -1,
      591, 595, 596, -1,
      591, 596, 590, -1,
      590, 596, 597, -1,
      590, 597, 589, -1,
      589, 597, 598, -1,
      589, 598, 588, -1,
      588, 598, 599, -1,
      588, 599, 582, -1,
      582, 599, 581, -1,
      586, 585, 594, -1,
      594, 585, 600, -1,
      594, 600, 595, -1,
      595, 600, 601, -1,
      595, 601, 596, -1,
      596, 601, 602, -1,
      596, 602, 597, -1,
      597, 602, 603, -1,
      597, 603, 598, -1,
      598, 603, 604, -1,
      598, 604, 599, -1,
      599, 604, 605, -1,
      599, 605, 581, -1,
      581, 605, 580, -1,
      585, 584, 600, -1,
      600, 584, 606, -1,
      600, 606, 601, -1,
      601, 606, 607, -1,
      601, 607, 602, -1,
      602, 607, 608, -1,
      602, 608, 603, -1,
      603, 608, 609, -1,
      603, 609, 604, -1,
      604, 609, 610, -1,
      604, 610, 605, -1,
      605, 610, 611, -1,
      605, 611, 580, -1,
      580, 611, 579, -1,
      584, 583, 606, -1,
      606, 583, 612, -1,
      606, 612, 607, -1,
      607, 612, 613, -1,
      607, 613, 608, -1,
      608, 613, 614, -1,
      608, 614, 609, -1,
      609, 614, 615, -1,
      609, 615, 610, -1,
      610, 615, 616, -1,
      610, 616, 611, -1,
      611, 616, 617, -1,
      611, 617, 579, -1,
      579, 617, 578, -1,
      583, 107, 612, -1,
      612, 107, 106, -1,
      612, 106, 613, -1,
      613, 106, 114, -1,
      613, 114, 614, -1,
      614, 114, 113, -1,
      614, 113, 615, -1,
      615, 113, 112, -1,
      615, 112, 616, -1,
      616, 112, 111, -1,
      616, 111, 617, -1,
      617, 111, 110, -1,
      617, 110, 578, -1,
      578, 110, 109, -1,
      18, 618, 14, -1,
      14, 618, 61, -1,
      14, 61, 9, -1,
      619, 618, 17, -1,
      17, 618, 18, -1,
      620, 619, 16, -1,
      16, 619, 17, -1,
      621, 77, 76, -1,
      87, 622, 86, -1,
      86, 622, 623, -1,
      86, 623, 62, -1,
      83, 82, 624, -1,
      624, 82, 625, -1,
      623, 626, 62, -1,
      62, 626, 627, -1,
      62, 627, 628, -1,
      628, 627, 621, -1,
      628, 621, 629, -1,
      629, 621, 76, -1,
      618, 619, 61, -1,
      61, 619, 620, -1,
      61, 620, 62, -1,
      92, 91, 630, -1,
      630, 91, 631, -1,
      630, 631, 620, -1,
      631, 632, 620, -1,
      620, 632, 633, -1,
      620, 633, 625, -1,
      625, 633, 634, -1,
      625, 634, 624, -1,
      625, 59, 620, -1,
      620, 59, 60, -1,
      620, 60, 62, -1,
      62, 60, 635, -1,
      62, 635, 86, -1,
      6, 636, 4, -1,
      4, 636, 36, -1,
      4, 36, 2, -1,
      637, 636, 8, -1,
      8, 636, 6, -1,
      638, 71, 70, -1,
      637, 70, 639, -1,
      74, 75, 640, -1,
      640, 75, 641, -1,
      37, 36, 637, -1,
      637, 36, 636, -1,
      79, 78, 642, -1,
      642, 78, 643, -1,
      642, 643, 637, -1,
      643, 644, 637, -1,
      637, 644, 645, -1,
      637, 645, 70, -1,
      70, 645, 646, -1,
      70, 646, 638, -1,
      89, 88, 647, -1,
      647, 88, 648, -1,
      647, 648, 649, -1,
      649, 648, 37, -1,
      649, 37, 650, -1,
      650, 37, 651, -1,
      641, 651, 640, -1,
      640, 651, 37, -1,
      640, 37, 35, -1,
      35, 37, 637, -1,
      35, 637, 34, -1,
      34, 637, 639, -1,
      90, 63, 652, -1,
      652, 63, 64, -1,
      652, 64, 653, -1,
      653, 64, 65, -1,
      653, 65, 654, -1,
      654, 65, 66, -1,
      654, 66, 655, -1,
      655, 66, 67, -1,
      655, 67, 656, -1,
      656, 67, 68, -1,
      656, 68, 84, -1,
      84, 68, 69, -1,
      19, 92, 630, -1,
      19, 630, 15, -1,
      15, 630, 620, -1,
      15, 620, 16, -1,
      50, 59, 625, -1,
      50, 625, 48, -1,
      48, 625, 82, -1,
      48, 82, 46, -1,
      84, 83, 656, -1,
      656, 83, 624, -1,
      656, 624, 655, -1,
      655, 624, 634, -1,
      655, 634, 654, -1,
      654, 634, 633, -1,
      654, 633, 653, -1,
      653, 633, 632, -1,
      653, 632, 652, -1,
      652, 632, 631, -1,
      652, 631, 90, -1,
      90, 631, 91, -1,
      85, 52, 657, -1,
      657, 52, 53, -1,
      657, 53, 658, -1,
      658, 53, 54, -1,
      658, 54, 659, -1,
      659, 54, 55, -1,
      659, 55, 660, -1,
      660, 55, 56, -1,
      660, 56, 661, -1,
      661, 56, 57, -1,
      661, 57, 81, -1,
      81, 57, 58, -1,
      47, 86, 635, -1,
      47, 635, 49, -1,
      49, 635, 60, -1,
      49, 60, 51, -1,
      10, 62, 628, -1,
      10, 628, 11, -1,
      11, 628, 629, -1,
      11, 629, 12, -1,
      12, 629, 76, -1,
      12, 76, 13, -1,
      81, 77, 661, -1,
      661, 77, 621, -1,
      661, 621, 660, -1,
      660, 621, 627, -1,
      660, 627, 659, -1,
      659, 627, 626, -1,
      659, 626, 658, -1,
      658, 626, 623, -1,
      658, 623, 657, -1,
      657, 623, 622, -1,
      657, 622, 85, -1,
      85, 622, 87, -1,
      80, 38, 662, -1,
      662, 38, 39, -1,
      662, 39, 663, -1,
      663, 39, 40, -1,
      663, 40, 664, -1,
      45, 72, 44, -1,
      44, 72, 665, -1,
      44, 665, 43, -1,
      43, 665, 666, -1,
      43, 666, 42, -1,
      42, 666, 664, -1,
      42, 664, 41, -1,
      41, 664, 40, -1,
      21, 34, 639, -1,
      21, 639, 22, -1,
      22, 639, 70, -1,
      22, 70, 23, -1,
      5, 79, 642, -1,
      5, 642, 7, -1,
      7, 642, 637, -1,
      7, 637, 8, -1,
      72, 71, 665, -1,
      665, 71, 638, -1,
      665, 638, 666, -1,
      666, 638, 646, -1,
      666, 646, 664, -1,
      664, 646, 645, -1,
      664, 645, 663, -1,
      663, 645, 644, -1,
      663, 644, 662, -1,
      662, 644, 643, -1,
      662, 643, 80, -1,
      80, 643, 78, -1,
      73, 26, 667, -1,
      667, 26, 27, -1,
      667, 27, 668, -1,
      668, 27, 28, -1,
      668, 28, 669, -1,
      33, 93, 32, -1,
      32, 93, 670, -1,
      32, 670, 31, -1,
      31, 670, 671, -1,
      31, 671, 30, -1,
      30, 671, 669, -1,
      30, 669, 29, -1,
      29, 669, 28, -1,
      24, 74, 640, -1,
      24, 640, 25, -1,
      25, 640, 35, -1,
      25, 35, 20, -1,
      0, 37, 648, -1,
      0, 648, 1, -1,
      1, 648, 88, -1,
      1, 88, 3, -1,
      93, 89, 670, -1,
      670, 89, 647, -1,
      670, 647, 671, -1,
      671, 647, 649, -1,
      671, 649, 669, -1,
      669, 649, 650, -1,
      669, 650, 668, -1,
      668, 650, 651, -1,
      668, 651, 667, -1,
      667, 651, 641, -1,
      667, 641, 73, -1,
      73, 641, 75, -1,
    ]
  }
}

Shape {
  appearance Appearance {
    material Material {
      diffuseColor 0.0000 0.0000 0.0000
      specularColor 0.0000 0.0000 0.0000
      ambientIntensity 0.2
      transparency 0.0000
      shininess 0.5
    }
  }
  geometry IndexedFaceSet {
    ccw TRUE
    solid FALSE
    coord DEF co Coordinate {
      point [
        0.018113 -0.021466 0.000000,
        0.019694 -0.021688 0.000000,
        0.020770 -0.021706 0.000000,
        -0.018870 -0.016905 0.000000,
        -0.018870 -0.021226 0.000000,
        0.002256 -0.021226 0.000000,
        -0.017909 0.013823 0.000000,
        -0.003026 0.013823 0.000000,
        -0.003026 0.000859 0.000000,
        0.009937 -0.019185 0.000000,
        0.009937 -0.014865 0.000000,
        0.002256 0.018144 0.000000,
        0.014134 -0.020909 0.000000,
        -0.003026 -0.003461 0.000000,
        -0.003026 -0.016905 0.000000,
        -0.016949 -0.003461 0.000000,
        -0.016949 0.000859 0.000000,
        0.062751 -0.021226 0.000000,
        0.023085 -0.021466 0.000000,
        0.042586 -0.021226 0.000000,
        0.025622 -0.021203 0.000000,
        0.029438 -0.019890 0.000000,
        -0.017909 0.018144 0.000000,
        0.023034 0.013868 0.000000,
        0.025981 0.012804 0.000000,
        0.010643 -0.015256 0.000000,
        0.028706 0.010981 0.000000,
        0.031083 0.008356 0.000000,
        0.033944 -0.001961 0.000000,
        0.033545 -0.006223 0.000000,
        0.032476 -0.009609 0.000000,
        0.023715 -0.016973 0.000000,
        0.020043 -0.017385 0.000000,
        0.026583 -0.015917 0.000000,
        0.029000 -0.014289 0.000000,
        0.030847 -0.012339 0.000000,
        0.014817 -0.016805 0.000000,
        0.037147 0.007774 0.000000,
        0.034840 0.011455 0.000000,
        0.057470 0.018144 0.000000,
        0.032706 0.005317 0.000000,
        0.033756 0.001102 0.000000,
        0.031285 0.014874 0.000000,
        0.062751 0.018144 0.000000,
        0.032605 -0.017867 0.000000,
        0.035562 -0.014754 0.000000,
        0.042586 -0.016905 0.000000,
        0.037659 -0.011011 0.000000,
        0.057470 -0.016905 0.000000,
        0.038844 -0.006843 0.000000,
        0.039225 -0.002284 0.000000,
        0.038659 0.003313 0.000000,
        0.027546 0.017026 0.000000,
        0.023157 0.018301 0.000000,
        0.019202 0.018624 0.000000,
        0.014489 0.018299 0.000000,
        0.009937 0.017064 0.000000,
        0.009937 0.011782 0.000000,
        0.014372 0.013681 0.000000,
        0.019157 0.014303 0.000000,
        -0.096650 -0.021226 0.000000,
        -0.090888 -0.021226 0.000000,
        -0.061120 -0.021226 0.000000,
        -0.056274 -0.010436 0.000000,
        -0.054016 -0.013957 0.000000,
        -0.050776 -0.017060 0.000000,
        -0.046665 -0.019449 0.000000,
        -0.042128 -0.020801 0.000000,
        -0.076004 0.018144 0.000000,
        -0.081286 0.018144 0.000000,
        -0.037257 -0.021226 0.000000,
        -0.026552 -0.021226 0.000000,
        -0.026552 0.018144 0.000000,
        -0.037662 0.018144 0.000000,
        -0.052283 0.013011 0.000000,
        -0.055067 0.009924 0.000000,
        -0.056896 0.006537 0.000000,
        -0.066882 -0.021226 0.000000,
        -0.070641 -0.010183 0.000000,
        -0.086905 -0.010183 0.000000,
        -0.043350 0.017536 0.000000,
        -0.047956 0.015919 0.000000,
        -0.052241 0.013047 0.000000,
        -0.057954 0.002659 0.000000,
        -0.058240 -0.001046 0.000000,
        -0.057687 -0.006315 0.000000,
        -0.081286 0.018144 0.000394,
        -0.096650 -0.021226 0.000394,
        -0.090888 -0.021226 0.000394,
        -0.086905 -0.010183 0.000394,
        -0.070641 -0.010183 0.000394,
        -0.066882 -0.021226 0.000394,
        -0.061120 -0.021226 0.000394,
        -0.076004 0.018144 0.000394,
        -0.071969 -0.005862 0.000394,
        -0.085134 -0.005862 0.000394,
        -0.077843 0.010582 0.000394,
        -0.078221 0.011948 0.000394,
        -0.078472 0.013343 0.000394,
        -0.078600 0.013343 0.000394,
        -0.078857 0.011952 0.000394,
        -0.079208 0.010582 0.000394,
        -0.071969 -0.005862 0.000000,
        -0.085134 -0.005862 0.000000,
        -0.077843 0.010582 0.000000,
        -0.078221 0.011948 -0.000000,
        -0.078472 0.013343 0.000000,
        -0.078600 0.013343 0.000000,
        -0.078857 0.011952 0.000000,
        -0.079208 0.010582 0.000000,
        -0.037257 -0.021226 0.000394,
        -0.026552 -0.021226 0.000394,
        -0.026552 0.018144 0.000394,
        -0.037662 0.018144 0.000394,
        -0.058240 -0.001046 0.000394,
        -0.057954 0.002659 0.000394,
        -0.056896 0.006537 0.000394,
        -0.055067 0.009924 0.000394,
        -0.052283 0.013011 0.000394,
        -0.052241 0.013047 0.000394,
        -0.047956 0.015919 0.000394,
        -0.043350 0.017536 0.000394,
        -0.042128 -0.020801 0.000394,
        -0.046665 -0.019449 0.000394,
        -0.050776 -0.017060 0.000394,
        -0.054016 -0.013957 0.000394,
        -0.056274 -0.010436 0.000394,
        -0.057687 -0.006315 0.000394,
        -0.050337 0.008302 0.000394,
        -0.048425 0.010332 0.000394,
        -0.045549 0.012190 0.000394,
        -0.042300 0.013328 0.000394,
        -0.037640 0.013823 0.000394,
        -0.031833 0.013823 0.000394,
        -0.031833 -0.016905 0.000394,
        -0.037422 -0.016905 0.000394,
        -0.041576 -0.016519 0.000394,
        -0.044889 -0.015484 0.000394,
        -0.047574 -0.013890 0.000394,
        -0.049782 -0.011709 0.000394,
        -0.051443 -0.008994 0.000394,
        -0.052597 -0.005294 0.000394,
        -0.052959 -0.001159 0.000394,
        -0.052624 0.002760 0.000394,
        -0.051705 0.005874 0.000394,
        -0.037640 0.013823 0.000000,
        -0.031833 0.013823 0.000000,
        -0.042300 0.013328 0.000000,
        -0.045549 0.012190 0.000000,
        -0.048425 0.010332 0.000000,
        -0.050337 0.008302 0.000000,
        -0.051705 0.005874 0.000000,
        -0.052624 0.002760 0.000000,
        -0.052959 -0.001159 0.000000,
        -0.052597 -0.005294 0.000000,
        -0.051443 -0.008994 0.000000,
        -0.049782 -0.011709 0.000000,
        -0.047574 -0.013890 0.000000,
        -0.044889 -0.015484 0.000000,
        -0.041576 -0.016519 0.000000,
        -0.037422 -0.016905 0.000000,
        -0.031833 -0.016905 0.000000,
        -0.018870 -0.016905 0.000394,
        -0.018870 -0.021226 0.000394,
        0.002256 -0.021226 0.000394,
        0.002256 0.018144 0.000394,
        -0.017909 0.018144 0.000394,
        -0.017909 0.013823 0.000394,
        -0.003026 0.013823 0.000394,
        -0.003026 0.000859 0.000394,
        -0.016949 0.000859 0.000394,
        -0.016949 -0.003461 0.000394,
        -0.003026 -0.003461 0.000394,
        -0.003026 -0.016905 0.000394,
        0.009937 -0.014865 0.000394,
        0.009937 -0.019185 0.000394,
        0.014134 -0.020909 0.000394,
        0.020770 -0.021706 0.000394,
        0.019694 -0.021688 0.000394,
        0.025622 -0.021203 0.000394,
        0.029438 -0.019890 0.000394,
        0.032605 -0.017867 0.000394,
        0.035562 -0.014754 0.000394,
        0.037659 -0.011011 0.000394,
        0.038844 -0.006843 0.000394,
        0.039225 -0.002284 0.000394,
        0.019202 0.018624 0.000394,
        0.023157 0.018301 0.000394,
        0.027546 0.017026 0.000394,
        0.031285 0.014874 0.000394,
        0.034840 0.011455 0.000394,
        0.037147 0.007774 0.000394,
        0.038659 0.003313 0.000394,
        0.009937 0.017064 0.000394,
        0.014489 0.018299 0.000394,
        0.009937 0.011782 0.000394,
        0.019157 0.014303 0.000394,
        0.014372 0.013681 0.000394,
        0.033944 -0.001961 0.000394,
        0.033756 0.001102 0.000394,
        0.032706 0.005317 0.000394,
        0.031083 0.008356 0.000394,
        0.028706 0.010981 0.000394,
        0.025981 0.012804 0.000394,
        0.023034 0.013868 0.000394,
        0.020043 -0.017385 0.000394,
        0.023715 -0.016973 0.000394,
        0.026583 -0.015917 0.000394,
        0.029000 -0.014289 0.000394,
        0.030847 -0.012339 0.000394,
        0.032476 -0.009609 0.000394,
        0.033545 -0.006223 0.000394,
        0.010643 -0.015256 0.000394,
        0.014817 -0.016805 0.000394,
        0.042586 -0.016905 0.000394,
        0.042586 -0.021226 0.000394,
        0.062751 -0.021226 0.000394,
        0.062751 0.018144 0.000394,
        0.057470 0.018144 0.000394,
        0.057470 -0.016905 0.000394,
      ]
    }
    coordIndex [
      86, 87, 69, -1,
      69, 87, 60, -1,
      87, 88, 60, -1,
      60, 88, 61, -1,
      88, 89, 61, -1,
      61, 89, 79, -1,
      89, 90, 79, -1,
      79, 90, 78, -1,
      90, 91, 78, -1,
      78, 91, 77, -1,
      91, 92, 77, -1,
      77, 92, 62, -1,
      92, 93, 62, -1,
      62, 93, 68, -1,
      93, 86, 68, -1,
      68, 86, 69, -1,
      94, 90, 95, -1,
      95, 90, 89, -1,
      96, 93, 94, -1,
      94, 93, 92, -1,
      94, 92, 90, -1,
      90, 92, 91, -1,
      96, 97, 93, -1,
      93, 97, 98, -1,
      93, 98, 86, -1,
      86, 98, 99, -1,
      86, 99, 100, -1,
      100, 101, 86, -1,
      86, 101, 95, -1,
      86, 95, 87, -1,
      87, 95, 89, -1,
      87, 89, 88, -1,
      94, 95, 102, -1,
      102, 95, 103, -1,
      96, 94, 104, -1,
      104, 94, 102, -1,
      96, 104, 105, -1,
      96, 105, 97, -1,
      97, 105, 106, -1,
      97, 106, 98, -1,
      99, 98, 107, -1,
      107, 98, 106, -1,
      99, 107, 108, -1,
      99, 108, 100, -1,
      100, 108, 109, -1,
      100, 109, 101, -1,
      95, 101, 103, -1,
      103, 101, 109, -1,
      110, 111, 70, -1,
      70, 111, 71, -1,
      111, 112, 71, -1,
      71, 112, 72, -1,
      112, 113, 72, -1,
      72, 113, 73, -1,
      114, 84, 83, -1,
      114, 83, 115, -1,
      115, 83, 76, -1,
      115, 76, 116, -1,
      116, 76, 75, -1,
      116, 75, 117, -1,
      117, 75, 74, -1,
      117, 74, 118, -1,
      118, 74, 82, -1,
      118, 82, 119, -1,
      119, 82, 81, -1,
      119, 81, 120, -1,
      120, 81, 80, -1,
      120, 80, 121, -1,
      121, 80, 73, -1,
      121, 73, 113, -1,
      110, 70, 67, -1,
      110, 67, 122, -1,
      122, 67, 66, -1,
      122, 66, 123, -1,
      123, 66, 65, -1,
      123, 65, 124, -1,
      124, 65, 64, -1,
      124, 64, 125, -1,
      125, 64, 63, -1,
      125, 63, 126, -1,
      126, 63, 85, -1,
      126, 85, 127, -1,
      127, 85, 84, -1,
      127, 84, 114, -1,
      116, 117, 128, -1,
      128, 117, 118, -1,
      128, 118, 129, -1,
      129, 118, 119, -1,
      129, 119, 130, -1,
      130, 119, 120, -1,
      130, 120, 131, -1,
      131, 120, 121, -1,
      131, 121, 132, -1,
      132, 121, 113, -1,
      132, 113, 133, -1,
      133, 113, 112, -1,
      133, 112, 134, -1,
      134, 112, 111, -1,
      134, 111, 135, -1,
      135, 111, 110, -1,
      135, 110, 136, -1,
      136, 110, 122, -1,
      136, 122, 137, -1,
      137, 122, 123, -1,
      137, 123, 138, -1,
      138, 123, 124, -1,
      138, 124, 139, -1,
      139, 124, 125, -1,
      139, 125, 140, -1,
      140, 125, 126, -1,
      140, 126, 141, -1,
      141, 126, 127, -1,
      141, 127, 142, -1,
      142, 127, 114, -1,
      142, 114, 143, -1,
      143, 114, 115, -1,
      143, 115, 144, -1,
      144, 115, 116, -1,
      144, 116, 128, -1,
      132, 133, 145, -1,
      145, 133, 146, -1,
      132, 145, 147, -1,
      132, 147, 131, -1,
      131, 147, 148, -1,
      131, 148, 130, -1,
      130, 148, 149, -1,
      130, 149, 129, -1,
      129, 149, 150, -1,
      129, 150, 128, -1,
      128, 150, 151, -1,
      128, 151, 144, -1,
      144, 151, 152, -1,
      144, 152, 143, -1,
      143, 152, 153, -1,
      143, 153, 142, -1,
      142, 153, 154, -1,
      142, 154, 141, -1,
      141, 154, 155, -1,
      141, 155, 140, -1,
      140, 155, 156, -1,
      140, 156, 139, -1,
      139, 156, 157, -1,
      139, 157, 138, -1,
      138, 157, 158, -1,
      138, 158, 137, -1,
      137, 158, 159, -1,
      137, 159, 136, -1,
      136, 159, 160, -1,
      136, 160, 135, -1,
      134, 135, 161, -1,
      161, 135, 160, -1,
      133, 134, 146, -1,
      146, 134, 161, -1,
      162, 163, 3, -1,
      3, 163, 4, -1,
      163, 164, 4, -1,
      4, 164, 5, -1,
      164, 165, 5, -1,
      5, 165, 11, -1,
      165, 166, 11, -1,
      11, 166, 22, -1,
      166, 167, 22, -1,
      22, 167, 6, -1,
      167, 168, 6, -1,
      6, 168, 7, -1,
      168, 169, 7, -1,
      7, 169, 8, -1,
      169, 170, 8, -1,
      8, 170, 16, -1,
      170, 171, 16, -1,
      16, 171, 15, -1,
      171, 172, 15, -1,
      15, 172, 13, -1,
      172, 173, 13, -1,
      13, 173, 14, -1,
      173, 162, 14, -1,
      14, 162, 3, -1,
      164, 163, 162, -1,
      162, 173, 164, -1,
      164, 173, 172, -1,
      164, 172, 165, -1,
      167, 166, 168, -1,
      168, 166, 165, -1,
      168, 165, 169, -1,
      169, 165, 172, -1,
      169, 172, 170, -1,
      170, 172, 171, -1,
      174, 175, 10, -1,
      10, 175, 9, -1,
      9, 175, 176, -1,
      177, 2, 1, -1,
      177, 1, 178, -1,
      178, 1, 0, -1,
      178, 0, 176, -1,
      176, 0, 12, -1,
      176, 12, 9, -1,
      2, 177, 18, -1,
      18, 177, 179, -1,
      18, 179, 20, -1,
      20, 179, 180, -1,
      20, 180, 21, -1,
      21, 180, 181, -1,
      21, 181, 44, -1,
      44, 181, 182, -1,
      44, 182, 45, -1,
      45, 182, 183, -1,
      45, 183, 47, -1,
      47, 183, 184, -1,
      47, 184, 49, -1,
      49, 184, 185, -1,
      49, 185, 50, -1,
      186, 54, 53, -1,
      186, 53, 187, -1,
      187, 53, 52, -1,
      187, 52, 188, -1,
      188, 52, 42, -1,
      188, 42, 189, -1,
      189, 42, 38, -1,
      189, 38, 190, -1,
      190, 38, 37, -1,
      190, 37, 191, -1,
      191, 37, 51, -1,
      191, 51, 192, -1,
      192, 51, 50, -1,
      192, 50, 185, -1,
      193, 56, 55, -1,
      193, 55, 194, -1,
      194, 55, 54, -1,
      194, 54, 186, -1,
      193, 195, 56, -1,
      56, 195, 57, -1,
      196, 59, 58, -1,
      196, 58, 197, -1,
      197, 58, 57, -1,
      197, 57, 195, -1,
      198, 28, 41, -1,
      198, 41, 199, -1,
      199, 41, 40, -1,
      199, 40, 200, -1,
      200, 40, 27, -1,
      200, 27, 201, -1,
      201, 27, 26, -1,
      201, 26, 202, -1,
      202, 26, 24, -1,
      202, 24, 203, -1,
      203, 24, 23, -1,
      203, 23, 204, -1,
      204, 23, 59, -1,
      204, 59, 196, -1,
      205, 32, 31, -1,
      205, 31, 206, -1,
      206, 31, 33, -1,
      206, 33, 207, -1,
      207, 33, 34, -1,
      207, 34, 208, -1,
      208, 34, 35, -1,
      208, 35, 209, -1,
      209, 35, 30, -1,
      209, 30, 210, -1,
      210, 30, 29, -1,
      210, 29, 211, -1,
      211, 29, 28, -1,
      211, 28, 198, -1,
      174, 10, 25, -1,
      174, 25, 212, -1,
      212, 25, 36, -1,
      212, 36, 213, -1,
      213, 36, 32, -1,
      213, 32, 205, -1,
      206, 177, 205, -1,
      205, 177, 178, -1,
      205, 178, 213, -1,
      213, 178, 176, -1,
      213, 176, 212, -1,
      212, 176, 175, -1,
      212, 175, 174, -1,
      195, 193, 197, -1,
      197, 193, 194, -1,
      197, 194, 196, -1,
      196, 194, 186, -1,
      196, 186, 204, -1,
      204, 186, 187, -1,
      204, 187, 203, -1,
      203, 187, 188, -1,
      203, 188, 202, -1,
      202, 188, 189, -1,
      202, 189, 201, -1,
      201, 189, 190, -1,
      201, 190, 200, -1,
      200, 190, 191, -1,
      200, 191, 199, -1,
      199, 191, 192, -1,
      199, 192, 198, -1,
      198, 192, 185, -1,
      198, 185, 211, -1,
      211, 185, 184, -1,
      211, 184, 210, -1,
      210, 184, 183, -1,
      210, 183, 209, -1,
      209, 183, 182, -1,
      209, 182, 208, -1,
      208, 182, 181, -1,
      208, 181, 207, -1,
      207, 181, 180, -1,
      207, 180, 206, -1,
      206, 180, 179, -1,
      206, 179, 177, -1,
      214, 215, 46, -1,
      46, 215, 19, -1,
      215, 216, 19, -1,
      19, 216, 17, -1,
      216, 217, 17, -1,
      17, 217, 43, -1,
      217, 218, 43, -1,
      43, 218, 39, -1,
      218, 219, 39, -1,
      39, 219, 48, -1,
      219, 214, 48, -1,
      48, 214, 46, -1,
      218, 217, 219, -1,
      219, 217, 216, -1,
      219, 216, 214, -1,
      214, 216, 215, -1,
    ]
  }
}

Shape {
  appearance Appearance {
    material Material {
      diffuseColor 0.2510 0.2510 0.2510
      specularColor 0.1255 0.1255 0.1255
      ambientIntensity 0.2
      transparency 0.0000
      shininess 0.5
    }
  }
  geometry IndexedFaceSet {
    ccw TRUE
    solid FALSE
    coord DEF co Coordinate {
      point [
        -0.071969 -0.005862 0.000000,
        -0.085134 -0.005862 0.000000,
        -0.077843 0.010582 0.000000,
        -0.078221 0.011948 -0.000000,
        -0.078472 0.013343 0.000000,
        -0.078600 0.013343 0.000000,
        -0.078857 0.011952 0.000000,
        -0.079208 0.010582 0.000000,
        -0.037640 0.013823 0.000000,
        -0.031833 0.013823 0.000000,
        -0.042300 0.013328 0.000000,
        -0.045549 0.012190 0.000000,
        -0.048425 0.010332 0.000000,
        -0.050337 0.008302 0.000000,
        -0.051705 0.005874 0.000000,
        -0.052624 0.002760 0.000000,
        -0.052959 -0.001159 0.000000,
        -0.052597 -0.005294 0.000000,
        -0.051443 -0.008994 0.000000,
        -0.049782 -0.011709 0.000000,
        -0.047574 -0.013890 0.000000,
        -0.044889 -0.015484 0.000000,
        -0.041576 -0.016519 0.000000,
        -0.037422 -0.016905 0.000000,
        -0.031833 -0.016905 0.000000,
      ]
    }
    coordIndex [
      0, 1, 2, -1,
      2, 1, 7, -1,
      2, 7, 3, -1,
      3, 7, 6, -1,
      3, 6, 4, -1,
      4, 6, 5, -1,
      9, 24, 8, -1,
      8, 24, 23, -1,
      8, 23, 22, -1,
      16, 15, 8, -1,
      8, 15, 14, -1,
      8, 14, 10, -1,
      22, 21, 8, -1,
      8, 21, 20, -1,
      8, 20, 19, -1,
      19, 18, 8, -1,
      8, 18, 17, -1,
      8, 17, 16, -1,
      13, 12, 14, -1,
      14, 12, 11, -1,
      14, 11, 10, -1,
    ]
  }
}
