#VRML V2.0 utf8

Shape {
  appearance Appearance {
    material Material {
      diffuseColor 0.2235 0.2235 0.2235
      specularColor 0.1137 0.1137 0.1137
      ambientIntensity 0.2
      transparency 0.0000
      shininess 0.5
    }
  }
  geometry IndexedFaceSet {
    ccw TRUE
    solid FALSE
    coord DEF co Coordinate {
      point [
        0.362025 0.514926 0.275591,
        0.362025 0.457062 0.275591,
        0.388036 0.457062 0.275591,
        0.525651 0.392653 0.275591,
        0.507043 0.345457 0.275591,
        0.530059 0.345457 0.275591,
        0.465187 0.345791 0.275591,
        0.462387 0.345457 0.275591,
        0.478747 0.345457 0.275591,
        0.414637 0.514867 0.275591,
        0.419624 0.515477 0.275591,
        0.393628 0.515477 0.275591,
        0.431480 0.449466 0.275591,
        0.427289 0.449065 0.275591,
        0.448897 0.449065 0.275591,
        0.131341 0.400059 0.275591,
        0.139442 0.392680 0.275591,
        0.158277 0.402520 0.275591,
        0.285909 0.449065 0.275591,
        0.326850 0.449065 0.275591,
        0.282971 0.453187 0.275591,
        0.326850 0.515477 0.275591,
        0.270415 0.463877 0.275591,
        0.208350 0.522228 0.275591,
        0.218391 0.515477 0.275591,
        0.229061 0.508303 0.275591,
        0.244215 0.490839 0.275591,
        0.254136 0.471620 0.275591,
        0.256616 0.470781 0.275591,
        0.185048 0.530439 0.275591,
        0.326850 0.694761 0.275591,
        0.121446 0.521321 0.275591,
        0.142853 0.529598 0.275591,
        -0.304095 0.694761 0.275591,
        0.165910 0.532449 0.275591,
        -0.304095 0.515477 0.275591,
        -0.304095 0.449065 0.275591,
        0.010403 0.449065 0.275591,
        0.112022 0.515477 0.275591,
        0.110188 0.514340 0.275591,
        0.015338 0.459583 0.275591,
        0.025677 0.472548 0.275591,
        0.029583 0.476198 0.275591,
        0.045124 0.486706 0.275591,
        0.062436 0.492973 0.275591,
        0.079077 0.494837 0.275591,
        0.099276 0.504995 0.275591,
        0.084417 0.494547 0.275591,
        0.089757 0.493908 0.275591,
        0.003852 0.419613 0.275591,
        0.004026 0.424736 0.275591,
        0.007592 0.443073 0.275591,
        0.052782 0.349126 0.275591,
        0.036233 0.357728 0.275591,
        -0.304095 0.345457 0.275591,
        0.023355 0.368999 0.275591,
        0.021813 0.370765 0.275591,
        0.011952 0.385681 0.275591,
        -0.304095 0.402520 0.275591,
        0.005903 0.402520 0.275591,
        0.005709 0.403059 0.275591,
        0.060503 0.346710 0.275591,
        0.061088 0.345457 0.275591,
        0.065148 0.336765 0.275591,
        0.072050 0.328240 0.275591,
        0.123844 0.319586 0.275591,
        0.115837 0.316514 0.275591,
        0.326850 -0.577037 0.275591,
        0.104616 0.315134 0.275591,
        -0.304095 -0.577037 0.275591,
        0.102804 0.315169 0.275591,
        0.091841 0.316883 0.275591,
        -0.304095 0.319586 0.275591,
        0.085417 0.319586 0.275591,
        0.081130 0.321389 0.275591,
        0.148134 0.345457 0.275591,
        0.148105 0.345334 0.275591,
        0.326850 0.319586 0.275591,
        0.142625 0.334976 0.275591,
        0.135446 0.326920 0.275591,
        0.126195 0.320488 0.275591,
        0.282926 0.366677 0.275591,
        0.269994 0.355789 0.275591,
        0.326850 0.345457 0.275591,
        0.207531 0.372911 0.275591,
        0.210727 0.374141 0.275591,
        0.216059 0.400574 0.275591,
        0.204661 0.370916 0.275591,
        0.214202 0.374571 0.275591,
        0.214654 0.374538 0.275591,
        0.216047 0.374230 0.275591,
        0.300083 0.409048 0.275591,
        0.299135 0.402520 0.275591,
        0.326850 0.402520 0.275591,
        0.297874 0.393831 0.275591,
        0.291955 0.379176 0.275591,
        0.255797 0.348937 0.275591,
        0.240670 0.345781 0.275591,
        0.213273 0.345781 0.275591,
        0.210809 0.346164 0.275591,
        0.207730 0.347336 0.275591,
        0.204694 0.349444 0.275591,
        0.203459 0.350692 0.275591,
        0.261901 0.385776 0.275591,
        0.267007 0.393020 0.275591,
        0.199807 0.360176 0.275591,
        0.199878 0.361600 0.275591,
        0.151051 0.366213 0.275591,
        0.200708 0.365159 0.275591,
        0.202409 0.368387 0.275591,
        0.216988 0.374107 0.275591,
        0.237884 0.374107 0.275591,
        0.246177 0.375690 0.275591,
        0.201447 0.353614 0.275591,
        0.200236 0.356765 0.275591,
        0.150806 0.356801 0.275591,
        0.151051 0.361569 0.275591,
        0.254376 0.379476 0.275591,
        0.261248 0.385075 0.275591,
        0.110284 0.408131 0.275591,
        0.121491 0.405344 0.275591,
        0.230860 0.449065 0.275591,
        0.104616 0.408469 0.275591,
        0.270205 0.401297 0.275591,
        0.270356 0.402520 0.275591,
        0.214922 0.402520 0.275591,
        0.271317 0.410326 0.275591,
        0.271096 0.414341 0.275591,
        0.093552 0.407108 0.275591,
        0.043288 0.449065 0.275591,
        0.083293 0.403190 0.275591,
        0.038459 0.442120 0.275591,
        0.034486 0.431763 0.275591,
        0.036837 0.402520 0.275591,
        0.082328 0.402520 0.275591,
        0.033651 0.413450 0.275591,
        0.033106 0.420541 0.275591,
        0.259223 0.437316 0.275591,
        0.252019 0.442342 0.275591,
        0.268928 0.423263 0.275591,
        0.264620 0.431282 0.275591,
        0.231383 0.446545 0.275591,
        0.201665 0.425185 0.275591,
        0.235098 0.446545 0.275591,
        0.243913 0.445459 0.275591,
        0.126755 0.402520 0.275591,
        0.036966 0.402079 0.275591,
        0.066114 0.387826 0.275591,
        0.073795 0.396598 0.275591,
        0.042535 0.392591 0.275591,
        0.050864 0.384041 0.275591,
        0.060967 0.377821 0.275591,
        0.211992 0.485910 0.275591,
        0.209350 0.488353 0.275591,
        0.104152 0.460011 0.275591,
        0.222186 0.473150 0.275591,
        0.100757 0.461863 0.275591,
        0.229002 0.458020 0.275591,
        0.196247 0.497301 0.275591,
        0.181650 0.502769 0.275591,
        0.110908 0.474171 0.275591,
        0.166374 0.504589 0.275591,
        0.090343 0.465648 0.275591,
        0.079541 0.466976 0.275591,
        0.074773 0.466731 0.275591,
        0.149295 0.502391 0.275591,
        0.134108 0.496237 0.275591,
        0.121196 0.486705 0.275591,
        0.063306 0.464031 0.275591,
        0.052948 0.458550 0.275591,
        0.044892 0.451372 0.275591,
        0.292406 0.439947 0.275591,
        0.298034 0.425754 0.275591,
        0.300107 0.410790 0.275591,
        0.631573 0.394770 0.275591,
        0.634000 0.388552 0.275591,
        0.660250 0.402520 0.275591,
        0.627522 0.400454 0.275591,
        0.688175 0.346008 0.275591,
        0.575761 0.345457 0.275591,
        0.697491 0.346008 0.275591,
        0.891611 0.345457 0.275591,
        0.675967 0.402520 0.275591,
        0.891611 0.402520 0.275591,
        0.672616 0.411318 0.275591,
        0.630114 0.360945 0.275591,
        0.625252 0.355157 0.275591,
        0.638725 0.346008 0.275591,
        0.618487 0.350296 0.275591,
        0.611055 0.347376 0.275591,
        0.599893 0.346008 0.275591,
        0.648041 0.346008 0.275591,
        0.654318 0.363871 0.275591,
        0.681514 0.363871 0.275591,
        0.635102 0.379498 0.275591,
        0.634907 0.375350 0.275591,
        0.633328 0.367702 0.275591,
        0.581930 0.346008 0.275591,
        0.581930 0.402520 0.275591,
        0.575761 0.402520 0.275591,
        0.581930 0.411318 0.275591,
        0.575761 0.449065 0.275591,
        0.600561 0.411318 0.275591,
        0.610531 0.410217 0.275591,
        0.891611 0.449065 0.275591,
        0.663600 0.411318 0.275591,
        0.618413 0.407339 0.275591,
        0.625252 0.402670 0.275591,
        0.625406 0.402520 0.275591,
        0.362025 0.402520 0.275591,
        0.362025 0.382904 0.275591,
        0.389714 0.402520 0.275591,
        0.385381 0.382904 0.275591,
        0.362025 0.375424 0.275591,
        0.362025 0.353454 0.275591,
        0.385381 0.375424 0.275591,
        0.388720 0.353454 0.275591,
        0.389714 0.345457 0.275591,
        0.388720 0.346008 0.275591,
        0.353594 0.346008 0.275591,
        0.353594 0.411318 0.275591,
        0.353594 0.402520 0.275591,
        0.362025 0.403805 0.275591,
        0.387234 0.403805 0.275591,
        0.387234 0.411318 0.275591,
        0.389714 0.449065 0.275591,
        0.599726 0.467479 0.275591,
        0.575761 0.467479 0.275591,
        0.606387 0.449616 0.275591,
        0.615703 0.449616 0.275591,
        0.590828 0.514926 0.275591,
        0.891611 0.515477 0.275591,
        0.575761 0.515477 0.275591,
        0.572530 0.467479 0.275591,
        0.566253 0.449616 0.275591,
        0.555126 0.449065 0.275591,
        0.556937 0.449616 0.275591,
        0.555126 0.515477 0.275591,
        0.575761 0.499037 0.275591,
        0.581813 0.514926 0.275591,
        0.478747 0.479032 0.275591,
        0.461109 0.479032 0.275591,
        0.478747 0.457062 0.275591,
        0.461109 0.457062 0.275591,
        0.493973 0.515477 0.275591,
        0.478747 0.515477 0.275591,
        0.486318 0.514926 0.275591,
        0.478747 0.514926 0.275591,
        0.486318 0.507413 0.275591,
        0.487804 0.457062 0.275591,
        0.493973 0.449065 0.275591,
        0.487804 0.449616 0.275591,
        0.478747 0.449065 0.275591,
        0.484465 0.479032 0.275591,
        0.484465 0.486511 0.275591,
        0.478747 0.486511 0.275591,
        0.478747 0.507413 0.275591,
        0.461109 0.507413 0.275591,
        0.461109 0.486511 0.275591,
        0.452678 0.514926 0.275591,
        0.448897 0.515477 0.275591,
        0.452678 0.449616 0.275591,
        0.439606 0.513357 0.275591,
        0.432748 0.515344 0.275591,
        0.431092 0.515477 0.275591,
        0.478747 0.449616 0.275591,
        0.439606 0.504542 0.275591,
        0.438492 0.451765 0.275591,
        0.425812 0.456142 0.275591,
        0.433196 0.457520 0.275591,
        0.439606 0.460401 0.275591,
        0.439606 0.452320 0.275591,
        0.432254 0.507455 0.275591,
        0.424213 0.508415 0.275591,
        0.399555 0.481536 0.275591,
        0.402780 0.467330 0.275591,
        0.405966 0.462905 0.275591,
        0.407250 0.461635 0.275591,
        0.411517 0.458618 0.275591,
        0.416170 0.456820 0.275591,
        0.422744 0.456027 0.275591,
        0.406417 0.501169 0.275591,
        0.402851 0.496209 0.275591,
        0.410864 0.504841 0.275591,
        0.415999 0.507219 0.275591,
        0.421681 0.508313 0.275591,
        0.400652 0.490587 0.275591,
        0.438879 0.504934 0.275591,
        0.399626 0.479134 0.275591,
        0.400670 0.472597 0.275591,
        0.393628 0.694761 0.275591,
        0.424130 0.516028 0.275591,
        0.448897 0.694761 0.275591,
        0.424210 0.516028 0.275591,
        0.395404 0.500224 0.275591,
        0.400139 0.506412 0.275591,
        0.401712 0.507915 0.275591,
        0.407820 0.512208 0.275591,
        0.389714 0.515477 0.275591,
        0.392302 0.492969 0.275591,
        0.393628 0.496072 0.275591,
        0.393628 0.466222 0.275591,
        0.392017 0.470322 0.275591,
        0.390707 0.481035 0.275591,
        0.390822 0.484442 0.275591,
        0.410506 0.450157 0.275591,
        0.404343 0.453063 0.275591,
        0.393628 0.449065 0.275591,
        0.399088 0.457429 0.275591,
        0.394689 0.463525 0.275591,
        0.415812 0.449065 0.275591,
        0.393628 0.402520 0.275591,
        0.417585 0.448700 0.275591,
        0.421526 0.448514 0.275591,
        0.448897 0.402520 0.275591,
        0.551539 0.471310 0.275591,
        0.548326 0.464554 0.275591,
        0.530059 0.515477 0.275591,
        0.530059 0.513345 0.275591,
        0.536625 0.510946 0.275591,
        0.530059 0.451296 0.275591,
        0.530059 0.449065 0.275591,
        0.536699 0.453904 0.275591,
        0.543465 0.458765 0.275591,
        0.543465 0.506278 0.275591,
        0.545733 0.504062 0.275591,
        0.549785 0.498379 0.275591,
        0.552212 0.492160 0.275591,
        0.553315 0.483106 0.275591,
        0.553120 0.478958 0.275591,
        0.518773 0.514926 0.275591,
        0.528743 0.513825 0.275591,
        0.529267 0.450985 0.275591,
        0.518105 0.449616 0.275591,
        0.500141 0.449616 0.275591,
        0.500141 0.514926 0.275591,
        0.418847 0.346556 0.275591,
        0.415782 0.345457 0.275591,
        0.425850 0.346008 0.275591,
        0.401108 0.381434 0.275591,
        0.401108 0.389381 0.275591,
        0.419199 0.386780 0.275591,
        0.416400 0.387077 0.275591,
        0.412026 0.373721 0.275591,
        0.421813 0.348531 0.275591,
        0.406448 0.345474 0.275591,
        0.403312 0.346657 0.275591,
        0.393628 0.345457 0.275591,
        0.399575 0.367919 0.275591,
        0.401956 0.370133 0.275591,
        0.405227 0.371950 0.275591,
        0.406765 0.384988 0.275591,
        0.411889 0.386644 0.275591,
        0.400557 0.348579 0.275591,
        0.399759 0.349376 0.275591,
        0.398032 0.351844 0.275591,
        0.425850 0.353220 0.275591,
        0.425633 0.353220 0.275591,
        0.424393 0.351327 0.275591,
        0.397007 0.354566 0.275591,
        0.396550 0.358496 0.275591,
        0.396915 0.362255 0.275591,
        0.397897 0.365259 0.275591,
        0.447486 0.372686 0.275591,
        0.446427 0.374375 0.275591,
        0.434030 0.376025 0.275591,
        0.445522 0.376870 0.275591,
        0.433220 0.382936 0.275591,
        0.445165 0.380065 0.275591,
        0.425850 0.375658 0.275591,
        0.425572 0.379236 0.275591,
        0.424729 0.382165 0.275591,
        0.423771 0.383855 0.275591,
        0.402763 0.390341 0.275591,
        0.408840 0.392706 0.275591,
        0.417168 0.393722 0.275591,
        0.448824 0.371287 0.275591,
        0.445115 0.356091 0.275591,
        0.448897 0.371239 0.275591,
        0.448057 0.354249 0.275591,
        0.448897 0.353921 0.275591,
        0.422537 0.385174 0.275591,
        0.421089 0.386114 0.275591,
        0.422921 0.393096 0.275591,
        0.426173 0.391943 0.275591,
        0.447966 0.387816 0.275591,
        0.428757 0.390288 0.275591,
        0.445483 0.382970 0.275591,
        0.446452 0.385604 0.275591,
        0.431871 0.386431 0.275591,
        0.430138 0.388951 0.275591,
        0.415524 0.345365 0.275591,
        0.448897 0.319586 0.275591,
        0.393628 0.319586 0.275591,
        0.411342 0.344906 0.275591,
        0.406598 0.345457 0.275591,
        0.445115 0.347644 0.275591,
        0.434030 0.346008 0.275591,
        0.448897 0.346315 0.275591,
        0.448897 0.345457 0.275591,
        0.450856 0.345626 0.275591,
        0.452480 0.345457 0.275591,
        0.457770 0.344906 0.275591,
        0.478747 0.402520 0.275591,
        0.474381 0.391652 0.275591,
        0.474381 0.383705 0.275591,
        0.473881 0.366409 0.275591,
        0.475402 0.364166 0.275591,
        0.450407 0.390015 0.275591,
        0.452405 0.391244 0.275591,
        0.448897 0.388655 0.275591,
        0.476277 0.361756 0.275591,
        0.476619 0.358696 0.275591,
        0.476232 0.355420 0.275591,
        0.475230 0.352827 0.275591,
        0.473708 0.350668 0.275591,
        0.456786 0.392937 0.275591,
        0.463330 0.393722 0.275591,
        0.469068 0.393213 0.275591,
        0.471359 0.348612 0.275591,
        0.469482 0.347456 0.275591,
        0.462528 0.387077 0.275591,
        0.460107 0.386895 0.275591,
        0.453596 0.380800 0.275591,
        0.457918 0.386316 0.275591,
        0.456084 0.385341 0.275591,
        0.453671 0.379711 0.275591,
        0.453995 0.378441 0.275591,
        0.454585 0.377337 0.275591,
        0.455383 0.376459 0.275591,
        0.458267 0.374656 0.275591,
        0.468240 0.386383 0.275591,
        0.463330 0.372452 0.275591,
        0.472869 0.384591 0.275591,
        0.466497 0.371171 0.275591,
        0.471930 0.368149 0.275591,
        0.454850 0.384250 0.275591,
        0.454148 0.383209 0.275591,
        0.453744 0.382104 0.275591,
        0.453174 0.352250 0.275591,
        0.457553 0.366509 0.275591,
        0.452677 0.368744 0.275591,
        0.458571 0.351584 0.275591,
        0.458933 0.351586 0.275591,
        0.462924 0.364259 0.275591,
        0.463126 0.352056 0.275591,
        0.468221 0.357894 0.275591,
        0.468141 0.358912 0.275591,
        0.465237 0.352829 0.275591,
        0.465983 0.353281 0.275591,
        0.466922 0.354115 0.275591,
        0.467636 0.355170 0.275591,
        0.468052 0.356334 0.275591,
        0.467769 0.360189 0.275591,
        0.467137 0.361274 0.275591,
        0.466117 0.362335 0.275591,
        0.502211 0.357594 0.275591,
        0.503213 0.353754 0.275591,
        0.503430 0.353754 0.275591,
        0.530059 0.402520 0.275591,
        0.493973 0.402520 0.275591,
        0.517170 0.392653 0.275591,
        0.493973 0.381295 0.275591,
        0.504432 0.357527 0.275591,
        0.503806 0.355353 0.275591,
        0.493973 0.345457 0.275591,
        0.493973 0.359337 0.275591,
        0.480876 0.392653 0.275591,
        0.490024 0.392653 0.275591,
        0.499173 0.346108 0.275591,
        0.498898 0.345457 0.275591,
        0.495584 0.337627 0.275591,
        0.478747 0.319586 0.275591,
        0.482562 0.324705 0.275591,
        0.482562 0.331984 0.275591,
        0.484235 0.331436 0.275591,
        0.487203 0.331049 0.275591,
        0.487447 0.331052 0.275591,
        0.489406 0.331330 0.275591,
        0.491172 0.332059 0.275591,
        0.492396 0.332928 0.275591,
        0.493920 0.334603 0.275591,
        0.493973 0.334698 0.275591,
        0.493973 0.325522 0.275591,
        0.491422 0.324487 0.275591,
        0.493973 0.319586 0.275591,
        0.487837 0.324037 0.275591,
        0.486031 0.324102 0.275591,
        0.530059 0.319586 0.275591,
        0.497368 0.327769 0.275591,
        0.494623 0.325786 0.275591,
        0.504482 0.338963 0.275591,
        0.500733 0.331683 0.275591,
        0.542897 0.375424 0.275591,
        0.542897 0.353454 0.275591,
        0.555126 0.353454 0.275591,
        0.569592 0.353454 0.275591,
        0.569592 0.346008 0.275591,
        0.555126 0.345457 0.275591,
        0.566253 0.375424 0.275591,
        0.555126 0.375424 0.275591,
        0.542897 0.402520 0.275591,
        0.542897 0.382904 0.275591,
        0.555126 0.382904 0.275591,
        0.542897 0.403805 0.275591,
        0.555126 0.402520 0.275591,
        0.566253 0.382904 0.275591,
        0.534466 0.346008 0.275591,
        0.534466 0.402520 0.275591,
        0.534466 0.411318 0.275591,
        0.555126 0.346008 0.275591,
        0.478747 0.694761 0.275591,
        0.493973 0.694761 0.275591,
        0.530059 0.694761 0.275591,
        0.555126 0.694761 0.275591,
        0.575761 0.694761 0.275591,
        0.891611 0.694761 0.275591,
        0.389714 0.694761 0.275591,
        0.353594 0.449616 0.275591,
        0.353594 0.514926 0.275591,
        0.388036 0.449616 0.275591,
        0.555126 0.411318 0.275591,
        0.568106 0.411318 0.275591,
        0.568106 0.403805 0.275591,
        0.555126 0.403805 0.275591,
        0.555126 0.319586 0.275591,
        0.575761 0.319586 0.275591,
        0.891611 0.319586 0.275591,
        0.389714 0.319586 0.275591,
        0.389714 -0.577037 0.275591,
        0.393628 -0.577037 0.275591,
        0.448897 -0.577037 0.275591,
        0.478747 -0.577037 0.275591,
        0.493973 -0.577037 0.275591,
        0.530059 -0.577037 0.275591,
        0.555126 -0.577037 0.275591,
        0.575761 -0.577037 0.275591,
        0.891611 -0.577037 0.275591,
        -0.724711 -0.437569 0.275591,
        -0.746297 -0.428627 0.275591,
        -0.891611 -0.577037 0.275591,
        -0.764834 -0.414403 0.275591,
        -0.779057 -0.395867 0.275591,
        -0.638257 -0.414403 0.275591,
        -0.624034 -0.395867 0.275591,
        -0.615093 -0.374280 0.275591,
        -0.656794 -0.428627 0.275591,
        -0.678381 -0.437569 0.275591,
        -0.701546 -0.440618 0.275591,
        -0.701546 -0.261612 0.275591,
        -0.678381 -0.264662 0.275591,
        -0.656794 -0.273603 0.275591,
        -0.638257 -0.287827 0.275591,
        -0.624034 -0.306363 0.275591,
        -0.615093 -0.327950 0.275591,
        -0.612043 -0.351115 0.275591,
        -0.787999 -0.374280 0.275591,
        -0.791049 -0.351115 0.275591,
        -0.891611 0.319586 0.275591,
        -0.787999 -0.327950 0.275591,
        -0.779057 -0.306363 0.275591,
        -0.764834 -0.287827 0.275591,
        -0.746297 -0.273603 0.275591,
        -0.724711 -0.264662 0.275591,
        -0.891611 0.345457 0.275591,
        -0.891611 0.402520 0.275591,
        -0.891611 0.449065 0.275591,
        -0.891611 0.515477 0.275591,
        -0.891611 0.694761 0.275591,
        -0.925580 0.767717 0.000000,
        -0.834646 0.767717 0.000000,
        -0.834646 0.762183 -0.039370,
        -0.891611 0.733748 -0.241700,
        -0.665354 0.762183 -0.039370,
        0.891611 0.733748 -0.241700,
        -0.165354 0.762183 -0.039370,
        -0.165354 0.767717 0.000000,
        0.165354 0.767717 0.000000,
        0.165354 0.762183 -0.039370,
        0.334646 0.762183 -0.039370,
        -0.334646 0.762183 -0.039370,
        -0.334646 0.767717 0.000000,
        -0.665354 0.767717 0.000000,
        0.834646 0.767717 0.000000,
        0.925580 0.767717 -0.000000,
        0.834646 0.762183 -0.039370,
        0.665354 0.762183 -0.039370,
        0.665354 0.767717 0.000000,
        0.334646 0.767717 0.000000,
        -0.334646 0.761077 0.047244,
        0.834646 0.761077 0.047244,
        -0.834646 0.761077 0.047244,
        -0.891611 0.733748 0.241700,
        -0.665354 0.761077 0.047244,
        0.665354 0.761077 0.047244,
        0.334646 0.761077 0.047244,
        0.891611 0.733748 0.241700,
        0.165354 0.761077 0.047244,
        -0.165354 0.761077 0.047244,
        0.925580 -0.767717 0.000000,
        0.834646 -0.767717 0.000000,
        0.834646 -0.762183 -0.039370,
        0.665354 -0.767717 0.000000,
        0.334646 -0.767717 0.000000,
        0.665354 -0.762183 -0.039370,
        0.334646 -0.762183 -0.039370,
        0.891611 -0.733748 -0.241700,
        -0.891611 -0.733748 -0.241700,
        0.165354 -0.762183 -0.039370,
        0.165354 -0.767717 0.000000,
        -0.165354 -0.767717 0.000000,
        -0.165354 -0.762183 -0.039370,
        -0.334646 -0.762183 -0.039370,
        -0.834646 -0.767717 0.000000,
        -0.925580 -0.767717 -0.000000,
        -0.834646 -0.762183 -0.039370,
        -0.665354 -0.762183 -0.039370,
        -0.665354 -0.767717 0.000000,
        -0.334646 -0.767717 0.000000,
        -0.905556 -0.747692 0.142481,
        -0.834646 -0.761077 0.047244,
        -0.665354 -0.761077 0.047244,
        0.905556 -0.747692 0.142481,
        -0.165354 -0.761077 0.047244,
        0.165354 -0.761077 0.047244,
        0.334646 -0.761077 0.047244,
        -0.334646 -0.761077 0.047244,
        0.834646 -0.761077 0.047244,
        0.665354 -0.761077 0.047244,
        0.964567 0.728730 -0.000000,
        0.964567 -0.728730 -0.000000,
        0.930598 0.694761 -0.241700,
        0.930598 -0.694761 -0.241700,
        -0.930598 0.694761 -0.241700,
        -0.930598 -0.694761 -0.241700,
        -0.964567 0.728730 0.000000,
        -0.964567 -0.728730 -0.000000,
        -0.891611 -0.694761 -0.275591,
        -0.891611 0.694761 -0.275591,
        0.891611 -0.694761 -0.275591,
        0.891611 0.694761 -0.275591,
        0.930598 0.694761 0.241700,
        0.930598 -0.577037 0.241700,
        0.944543 -0.708705 0.142481,
        -0.930598 0.694761 0.241700,
        -0.930598 -0.577037 0.241700,
        -0.944543 -0.708705 0.142481,
      ]
    }
    coordIndex [
      0, 1, 2, -1,
      3, 4, 5, -1,
      6, 7, 8, -1,
      9, 10, 11, -1,
      12, 13, 14, -1,
      15, 16, 17, -1,
      18, 19, 20, -1,
      20, 19, 21, -1,
      20, 21, 22, -1,
      23, 24, 21, -1,
      21, 24, 25, -1,
      21, 25, 26, -1,
      26, 27, 21, -1,
      21, 27, 28, -1,
      21, 28, 22, -1,
      29, 23, 30, -1,
      31, 32, 33, -1,
      33, 32, 30, -1,
      30, 32, 34, -1,
      30, 34, 29, -1,
      35, 36, 37, -1,
      31, 33, 38, -1,
      38, 33, 35, -1,
      38, 35, 39, -1,
      37, 40, 35, -1,
      35, 40, 41, -1,
      35, 41, 42, -1,
      42, 43, 35, -1,
      35, 43, 44, -1,
      35, 44, 39, -1,
      39, 44, 45, -1,
      39, 45, 46, -1,
      46, 45, 47, -1,
      46, 47, 48, -1,
      49, 50, 36, -1,
      36, 50, 51, -1,
      36, 51, 37, -1,
      52, 53, 54, -1,
      54, 53, 55, -1,
      55, 56, 54, -1,
      54, 56, 57, -1,
      54, 57, 58, -1,
      58, 57, 59, -1,
      58, 59, 36, -1,
      36, 59, 60, -1,
      36, 60, 49, -1,
      61, 52, 62, -1,
      62, 52, 54, -1,
      62, 54, 63, -1,
      63, 54, 64, -1,
      65, 66, 67, -1,
      67, 66, 68, -1,
      67, 68, 69, -1,
      68, 70, 69, -1,
      69, 70, 71, -1,
      69, 71, 72, -1,
      72, 71, 73, -1,
      72, 73, 54, -1,
      54, 73, 74, -1,
      54, 74, 64, -1,
      75, 76, 77, -1,
      77, 76, 78, -1,
      78, 79, 77, -1,
      77, 79, 80, -1,
      77, 80, 65, -1,
      81, 82, 83, -1,
      84, 85, 86, -1,
      84, 86, 87, -1,
      85, 88, 86, -1,
      86, 88, 89, -1,
      86, 89, 90, -1,
      91, 92, 93, -1,
      93, 92, 94, -1,
      93, 94, 83, -1,
      83, 94, 95, -1,
      83, 95, 81, -1,
      82, 96, 83, -1,
      83, 96, 97, -1,
      83, 97, 75, -1,
      75, 97, 98, -1,
      75, 98, 99, -1,
      99, 100, 75, -1,
      75, 100, 101, -1,
      75, 101, 102, -1,
      86, 103, 104, -1,
      105, 106, 107, -1,
      107, 106, 108, -1,
      107, 108, 86, -1,
      86, 108, 109, -1,
      86, 109, 87, -1,
      90, 110, 86, -1,
      86, 110, 111, -1,
      86, 111, 112, -1,
      102, 113, 75, -1,
      75, 113, 114, -1,
      75, 114, 115, -1,
      115, 114, 105, -1,
      115, 105, 116, -1,
      116, 105, 107, -1,
      112, 117, 86, -1,
      86, 117, 118, -1,
      86, 118, 103, -1,
      119, 120, 121, -1,
      119, 121, 122, -1,
      104, 123, 86, -1,
      86, 123, 124, -1,
      86, 124, 125, -1,
      125, 124, 126, -1,
      125, 126, 127, -1,
      128, 129, 130, -1,
      130, 129, 131, -1,
      130, 131, 132, -1,
      133, 134, 135, -1,
      135, 134, 130, -1,
      135, 130, 136, -1,
      136, 130, 132, -1,
      125, 137, 138, -1,
      127, 139, 125, -1,
      125, 139, 140, -1,
      125, 140, 137, -1,
      141, 142, 143, -1,
      143, 142, 125, -1,
      143, 125, 144, -1,
      144, 125, 138, -1,
      141, 121, 142, -1,
      142, 121, 120, -1,
      142, 120, 17, -1,
      17, 120, 145, -1,
      17, 145, 15, -1,
      146, 147, 133, -1,
      133, 147, 148, -1,
      133, 148, 134, -1,
      146, 149, 147, -1,
      147, 149, 150, -1,
      147, 150, 151, -1,
      152, 153, 154, -1,
      152, 154, 155, -1,
      129, 154, 156, -1,
      128, 122, 129, -1,
      129, 122, 121, -1,
      129, 121, 154, -1,
      154, 121, 157, -1,
      154, 157, 155, -1,
      153, 158, 154, -1,
      154, 158, 159, -1,
      154, 159, 160, -1,
      160, 159, 161, -1,
      156, 162, 129, -1,
      129, 162, 163, -1,
      129, 163, 164, -1,
      165, 166, 161, -1,
      161, 166, 167, -1,
      161, 167, 160, -1,
      168, 169, 164, -1,
      164, 169, 170, -1,
      164, 170, 129, -1,
      18, 171, 19, -1,
      19, 171, 172, -1,
      19, 172, 93, -1,
      93, 172, 173, -1,
      93, 173, 91, -1,
      174, 175, 176, -1,
      174, 176, 177, -1,
      178, 179, 180, -1,
      180, 179, 181, -1,
      180, 181, 182, -1,
      182, 181, 183, -1,
      182, 183, 184, -1,
      185, 186, 187, -1,
      187, 186, 188, -1,
      187, 188, 189, -1,
      189, 190, 187, -1,
      187, 190, 179, -1,
      187, 179, 191, -1,
      191, 179, 178, -1,
      191, 178, 192, -1,
      192, 178, 193, -1,
      175, 194, 176, -1,
      176, 194, 195, -1,
      176, 195, 187, -1,
      187, 195, 196, -1,
      187, 196, 185, -1,
      197, 198, 199, -1,
      199, 198, 200, -1,
      199, 200, 201, -1,
      201, 200, 202, -1,
      201, 202, 203, -1,
      183, 204, 184, -1,
      184, 204, 201, -1,
      184, 201, 205, -1,
      205, 201, 203, -1,
      203, 206, 205, -1,
      205, 206, 207, -1,
      205, 207, 176, -1,
      176, 207, 208, -1,
      176, 208, 177, -1,
      209, 210, 211, -1,
      211, 210, 212, -1,
      213, 214, 215, -1,
      215, 214, 216, -1,
      212, 215, 211, -1,
      211, 215, 216, -1,
      211, 216, 217, -1,
      217, 216, 218, -1,
      217, 218, 219, -1,
      220, 19, 221, -1,
      221, 19, 93, -1,
      221, 93, 219, -1,
      219, 93, 83, -1,
      219, 83, 217, -1,
      222, 209, 223, -1,
      223, 209, 211, -1,
      223, 211, 224, -1,
      224, 211, 225, -1,
      224, 225, 220, -1,
      226, 227, 228, -1,
      228, 227, 201, -1,
      228, 201, 229, -1,
      229, 201, 204, -1,
      229, 204, 230, -1,
      230, 204, 231, -1,
      230, 231, 232, -1,
      227, 233, 201, -1,
      201, 233, 234, -1,
      201, 234, 235, -1,
      235, 234, 236, -1,
      235, 236, 237, -1,
      237, 236, 238, -1,
      237, 238, 232, -1,
      232, 238, 239, -1,
      232, 239, 230, -1,
      240, 241, 242, -1,
      242, 241, 243, -1,
      244, 245, 246, -1,
      246, 245, 247, -1,
      246, 248, 244, -1,
      244, 248, 249, -1,
      244, 249, 250, -1,
      250, 249, 251, -1,
      250, 251, 252, -1,
      240, 242, 253, -1,
      253, 242, 249, -1,
      253, 249, 254, -1,
      254, 249, 248, -1,
      254, 248, 255, -1,
      248, 256, 255, -1,
      255, 256, 257, -1,
      255, 257, 258, -1,
      247, 245, 259, -1,
      259, 245, 260, -1,
      259, 260, 261, -1,
      262, 260, 263, -1,
      263, 260, 264, -1,
      251, 265, 252, -1,
      252, 265, 261, -1,
      252, 261, 14, -1,
      14, 261, 260, -1,
      14, 260, 266, -1,
      266, 260, 262, -1,
      12, 14, 267, -1,
      268, 269, 266, -1,
      266, 269, 270, -1,
      266, 270, 14, -1,
      14, 270, 271, -1,
      14, 271, 267, -1,
      272, 273, 274, -1,
      275, 276, 266, -1,
      266, 276, 277, -1,
      266, 277, 278, -1,
      278, 279, 266, -1,
      266, 279, 280, -1,
      266, 280, 268, -1,
      281, 282, 283, -1,
      283, 282, 284, -1,
      273, 285, 274, -1,
      274, 285, 284, -1,
      274, 284, 286, -1,
      286, 284, 282, -1,
      272, 274, 287, -1,
      287, 274, 288, -1,
      287, 288, 266, -1,
      266, 288, 289, -1,
      266, 289, 275, -1,
      290, 291, 292, -1,
      292, 291, 293, -1,
      292, 293, 264, -1,
      11, 294, 295, -1,
      295, 296, 11, -1,
      11, 296, 297, -1,
      11, 297, 9, -1,
      298, 299, 11, -1,
      11, 299, 300, -1,
      11, 300, 294, -1,
      301, 302, 225, -1,
      225, 302, 303, -1,
      225, 303, 298, -1,
      298, 303, 304, -1,
      298, 304, 299, -1,
      305, 306, 307, -1,
      307, 306, 308, -1,
      307, 308, 309, -1,
      305, 307, 310, -1,
      310, 307, 311, -1,
      310, 311, 312, -1,
      312, 311, 313, -1,
      313, 311, 314, -1,
      313, 314, 13, -1,
      315, 316, 235, -1,
      317, 318, 237, -1,
      237, 318, 319, -1,
      320, 321, 322, -1,
      322, 321, 235, -1,
      322, 235, 323, -1,
      323, 235, 316, -1,
      319, 324, 237, -1,
      237, 324, 325, -1,
      237, 325, 326, -1,
      326, 327, 237, -1,
      237, 327, 328, -1,
      237, 328, 235, -1,
      235, 328, 329, -1,
      235, 329, 315, -1,
      244, 330, 317, -1,
      317, 330, 331, -1,
      317, 331, 318, -1,
      320, 332, 321, -1,
      321, 332, 333, -1,
      321, 333, 250, -1,
      250, 333, 334, -1,
      250, 334, 244, -1,
      244, 334, 335, -1,
      244, 335, 330, -1,
      336, 337, 338, -1,
      339, 340, 311, -1,
      341, 342, 343, -1,
      336, 338, 344, -1,
      345, 346, 347, -1,
      348, 349, 339, -1,
      339, 349, 350, -1,
      339, 350, 351, -1,
      351, 350, 343, -1,
      351, 343, 352, -1,
      352, 343, 342, -1,
      346, 353, 347, -1,
      347, 353, 354, -1,
      347, 354, 355, -1,
      356, 357, 338, -1,
      338, 357, 358, -1,
      338, 358, 344, -1,
      355, 359, 347, -1,
      347, 359, 360, -1,
      347, 360, 311, -1,
      311, 360, 361, -1,
      311, 361, 339, -1,
      339, 361, 362, -1,
      339, 362, 348, -1,
      363, 364, 365, -1,
      365, 364, 366, -1,
      365, 366, 367, -1,
      367, 366, 368, -1,
      369, 370, 343, -1,
      343, 370, 371, -1,
      343, 371, 372, -1,
      340, 373, 311, -1,
      311, 373, 374, -1,
      311, 374, 375, -1,
      376, 377, 378, -1,
      378, 377, 379, -1,
      378, 379, 380, -1,
      372, 381, 343, -1,
      343, 381, 382, -1,
      343, 382, 341, -1,
      383, 384, 385, -1,
      385, 384, 386, -1,
      368, 387, 367, -1,
      367, 387, 388, -1,
      367, 388, 389, -1,
      389, 388, 385, -1,
      389, 385, 390, -1,
      390, 385, 386, -1,
      337, 391, 392, -1,
      392, 391, 393, -1,
      393, 391, 394, -1,
      393, 394, 395, -1,
      376, 363, 377, -1,
      377, 363, 365, -1,
      377, 365, 396, -1,
      396, 365, 397, -1,
      396, 397, 398, -1,
      398, 397, 399, -1,
      398, 399, 400, -1,
      400, 399, 401, -1,
      402, 401, 392, -1,
      392, 401, 399, -1,
      392, 399, 337, -1,
      337, 399, 397, -1,
      337, 397, 338, -1,
      403, 404, 405, -1,
      406, 407, 405, -1,
      408, 409, 314, -1,
      375, 383, 311, -1,
      311, 383, 385, -1,
      311, 385, 314, -1,
      314, 385, 410, -1,
      314, 410, 408, -1,
      411, 412, 8, -1,
      412, 413, 8, -1,
      8, 413, 414, -1,
      8, 414, 415, -1,
      409, 416, 314, -1,
      314, 416, 417, -1,
      314, 417, 403, -1,
      403, 417, 418, -1,
      403, 418, 404, -1,
      415, 419, 8, -1,
      8, 419, 420, -1,
      8, 420, 6, -1,
      421, 422, 423, -1,
      423, 422, 424, -1,
      423, 424, 425, -1,
      423, 426, 421, -1,
      421, 426, 427, -1,
      421, 427, 428, -1,
      428, 429, 421, -1,
      421, 429, 430, -1,
      421, 430, 431, -1,
      431, 430, 432, -1,
      431, 432, 433, -1,
      433, 432, 434, -1,
      433, 434, 405, -1,
      405, 434, 435, -1,
      405, 435, 406, -1,
      436, 437, 425, -1,
      425, 437, 438, -1,
      425, 438, 423, -1,
      439, 440, 380, -1,
      380, 440, 441, -1,
      380, 441, 378, -1,
      439, 442, 440, -1,
      440, 442, 443, -1,
      440, 443, 444, -1,
      444, 443, 445, -1,
      444, 446, 447, -1,
      445, 448, 444, -1,
      444, 448, 449, -1,
      444, 449, 450, -1,
      450, 451, 444, -1,
      444, 451, 452, -1,
      444, 452, 446, -1,
      447, 453, 444, -1,
      444, 453, 454, -1,
      444, 454, 455, -1,
      456, 457, 458, -1,
      459, 460, 461, -1,
      461, 460, 462, -1,
      461, 462, 463, -1,
      463, 462, 456, -1,
      463, 456, 464, -1,
      464, 456, 458, -1,
      465, 466, 8, -1,
      8, 466, 467, -1,
      407, 411, 405, -1,
      405, 411, 8, -1,
      405, 8, 403, -1,
      403, 8, 467, -1,
      403, 467, 460, -1,
      460, 467, 468, -1,
      460, 468, 462, -1,
      469, 466, 470, -1,
      470, 466, 465, -1,
      470, 465, 471, -1,
      472, 473, 474, -1,
      475, 476, 8, -1,
      402, 392, 7, -1,
      7, 392, 472, -1,
      7, 472, 8, -1,
      8, 472, 474, -1,
      8, 474, 475, -1,
      476, 477, 8, -1,
      8, 477, 478, -1,
      8, 478, 479, -1,
      479, 480, 8, -1,
      8, 480, 481, -1,
      8, 481, 465, -1,
      465, 481, 482, -1,
      465, 482, 471, -1,
      483, 484, 485, -1,
      485, 484, 486, -1,
      485, 486, 472, -1,
      472, 486, 487, -1,
      472, 487, 473, -1,
      488, 489, 485, -1,
      485, 489, 490, -1,
      485, 490, 483, -1,
      4, 491, 488, -1,
      488, 491, 492, -1,
      488, 492, 489, -1,
      493, 494, 495, -1,
      496, 497, 179, -1,
      179, 497, 498, -1,
      190, 197, 179, -1,
      179, 197, 199, -1,
      179, 199, 496, -1,
      496, 199, 499, -1,
      496, 499, 495, -1,
      495, 499, 500, -1,
      495, 500, 493, -1,
      501, 502, 503, -1,
      504, 501, 505, -1,
      505, 501, 503, -1,
      505, 503, 199, -1,
      199, 503, 506, -1,
      199, 506, 499, -1,
      507, 508, 459, -1,
      459, 508, 509, -1,
      497, 510, 498, -1,
      498, 510, 507, -1,
      498, 507, 5, -1,
      5, 507, 459, -1,
      5, 459, 3, -1,
      3, 459, 461, -1,
      264, 260, 292, -1,
      292, 260, 245, -1,
      292, 245, 511, -1,
      511, 245, 244, -1,
      511, 244, 512, -1,
      512, 244, 317, -1,
      512, 317, 513, -1,
      513, 317, 237, -1,
      513, 237, 514, -1,
      514, 237, 232, -1,
      514, 232, 515, -1,
      515, 232, 231, -1,
      515, 231, 516, -1,
      23, 21, 30, -1,
      30, 21, 298, -1,
      30, 298, 517, -1,
      517, 298, 11, -1,
      517, 11, 290, -1,
      290, 11, 10, -1,
      290, 10, 291, -1,
      220, 225, 19, -1,
      19, 225, 518, -1,
      19, 518, 21, -1,
      518, 519, 21, -1,
      21, 519, 0, -1,
      21, 0, 298, -1,
      298, 0, 2, -1,
      298, 2, 225, -1,
      225, 2, 520, -1,
      225, 520, 518, -1,
      13, 314, 14, -1,
      14, 314, 403, -1,
      14, 403, 252, -1,
      252, 403, 460, -1,
      252, 460, 250, -1,
      250, 460, 459, -1,
      250, 459, 321, -1,
      321, 459, 509, -1,
      321, 509, 235, -1,
      235, 509, 521, -1,
      235, 521, 201, -1,
      201, 521, 522, -1,
      201, 522, 199, -1,
      199, 522, 523, -1,
      199, 523, 505, -1,
      505, 523, 524, -1,
      505, 524, 504, -1,
      309, 301, 307, -1,
      307, 301, 225, -1,
      307, 225, 311, -1,
      311, 225, 211, -1,
      311, 211, 347, -1,
      347, 211, 217, -1,
      4, 488, 5, -1,
      5, 488, 525, -1,
      5, 525, 498, -1,
      498, 525, 526, -1,
      498, 526, 179, -1,
      179, 526, 527, -1,
      179, 527, 181, -1,
      75, 77, 83, -1,
      83, 77, 528, -1,
      83, 528, 217, -1,
      217, 528, 393, -1,
      217, 393, 347, -1,
      347, 393, 395, -1,
      347, 395, 345, -1,
      65, 67, 77, -1,
      77, 67, 529, -1,
      77, 529, 528, -1,
      528, 529, 530, -1,
      528, 530, 393, -1,
      393, 530, 531, -1,
      393, 531, 392, -1,
      392, 531, 532, -1,
      392, 532, 472, -1,
      472, 532, 533, -1,
      472, 533, 485, -1,
      485, 533, 534, -1,
      485, 534, 488, -1,
      488, 534, 535, -1,
      488, 535, 525, -1,
      525, 535, 536, -1,
      525, 536, 526, -1,
      526, 536, 537, -1,
      526, 537, 527, -1,
      538, 539, 540, -1,
      540, 539, 541, -1,
      540, 541, 542, -1,
      543, 69, 544, -1,
      544, 69, 545, -1,
      543, 546, 69, -1,
      69, 546, 547, -1,
      69, 547, 540, -1,
      540, 547, 548, -1,
      540, 548, 538, -1,
      549, 550, 72, -1,
      72, 550, 551, -1,
      72, 551, 552, -1,
      552, 553, 72, -1,
      72, 553, 554, -1,
      72, 554, 69, -1,
      69, 554, 555, -1,
      69, 555, 545, -1,
      542, 556, 540, -1,
      540, 556, 557, -1,
      540, 557, 558, -1,
      558, 557, 559, -1,
      558, 559, 560, -1,
      560, 561, 558, -1,
      558, 561, 562, -1,
      558, 562, 563, -1,
      563, 549, 558, -1,
      558, 549, 72, -1,
      558, 72, 564, -1,
      564, 72, 54, -1,
      564, 54, 565, -1,
      565, 54, 58, -1,
      565, 58, 566, -1,
      566, 58, 36, -1,
      566, 36, 567, -1,
      567, 36, 35, -1,
      567, 35, 568, -1,
      568, 35, 33, -1,
      569, 570, 571, -1,
      569, 571, 572, -1,
      572, 571, 573, -1,
      572, 573, 574, -1,
      575, 576, 577, -1,
      578, 579, 574, -1,
      577, 578, 575, -1,
      575, 578, 574, -1,
      575, 574, 580, -1,
      580, 574, 573, -1,
      580, 573, 581, -1,
      581, 573, 582, -1,
      583, 584, 585, -1,
      585, 584, 574, -1,
      585, 574, 586, -1,
      586, 574, 579, -1,
      586, 579, 587, -1,
      587, 579, 588, -1,
      589, 581, 582, -1,
      584, 583, 590, -1,
      570, 569, 591, -1,
      591, 569, 592, -1,
      591, 592, 593, -1,
      587, 588, 594, -1,
      594, 588, 595, -1,
      584, 590, 596, -1,
      596, 590, 594, -1,
      596, 594, 592, -1,
      592, 594, 595, -1,
      592, 595, 597, -1,
      582, 593, 589, -1,
      589, 593, 592, -1,
      589, 592, 598, -1,
      598, 592, 597, -1,
      598, 597, 576, -1,
      576, 597, 577, -1,
      599, 600, 601, -1,
      602, 603, 604, -1,
      604, 603, 605, -1,
      599, 601, 606, -1,
      606, 601, 604, -1,
      606, 604, 607, -1,
      607, 604, 605, -1,
      607, 605, 608, -1,
      609, 610, 608, -1,
      608, 610, 611, -1,
      608, 611, 607, -1,
      607, 611, 612, -1,
      613, 614, 615, -1,
      615, 614, 607, -1,
      615, 607, 616, -1,
      616, 607, 612, -1,
      616, 612, 617, -1,
      617, 612, 618, -1,
      619, 614, 613, -1,
      613, 620, 619, -1,
      619, 620, 621, -1,
      619, 621, 622, -1,
      623, 610, 609, -1,
      624, 625, 622, -1,
      609, 624, 623, -1,
      623, 624, 622, -1,
      623, 622, 626, -1,
      626, 622, 621, -1,
      626, 621, 618, -1,
      618, 621, 617, -1,
      600, 599, 627, -1,
      627, 599, 622, -1,
      627, 622, 628, -1,
      628, 622, 625, -1,
      628, 625, 602, -1,
      602, 625, 603, -1,
      629, 630, 631, -1,
      631, 630, 632, -1,
      633, 634, 635, -1,
      635, 634, 636, -1,
      637, 638, 639, -1,
      639, 638, 640, -1,
      629, 641, 630, -1,
      630, 641, 642, -1,
      630, 642, 643, -1,
      644, 635, 645, -1,
      645, 635, 636, -1,
      645, 636, 646, -1,
    ]
  }
}

Shape {
  appearance Appearance {
    material Material {
      diffuseColor 0.0000 0.0000 0.0000
      specularColor 0.0000 0.0000 0.0000
      ambientIntensity 0.2
      transparency 0.0000
      shininess 0.5
    }
  }
  geometry IndexedFaceSet {
    ccw TRUE
    solid FALSE
    coord DEF co Coordinate {
      point [
        -0.724711 -0.437569 0.275591,
        -0.746297 -0.428627 0.275591,
        -0.764834 -0.414403 0.275591,
        -0.779057 -0.395867 0.275591,
        -0.638257 -0.414403 0.275591,
        -0.624034 -0.395867 0.275591,
        -0.615093 -0.374280 0.275591,
        -0.656794 -0.428627 0.275591,
        -0.678381 -0.437569 0.275591,
        -0.701546 -0.440618 0.275591,
        -0.701546 -0.261612 0.275591,
        -0.678381 -0.264662 0.275591,
        -0.656794 -0.273603 0.275591,
        -0.638257 -0.287827 0.275591,
        -0.624034 -0.306363 0.275591,
        -0.615093 -0.327950 0.275591,
        -0.612043 -0.351115 0.275591,
        -0.787999 -0.374280 0.275591,
        -0.791049 -0.351115 0.275591,
        -0.787999 -0.327950 0.275591,
        -0.779057 -0.306363 0.275591,
        -0.764834 -0.287827 0.275591,
        -0.746297 -0.273603 0.275591,
        -0.724711 -0.264662 0.275591,
        -0.612043 -0.351115 0.275197,
        -0.615093 -0.327950 0.275197,
        -0.624034 -0.306363 0.275197,
        -0.638257 -0.287827 0.275197,
        -0.656794 -0.273603 0.275197,
        -0.678381 -0.264662 0.275197,
        -0.701546 -0.261612 0.275197,
        -0.724711 -0.264662 0.275197,
        -0.746297 -0.273603 0.275197,
        -0.764834 -0.287827 0.275197,
        -0.779057 -0.306363 0.275197,
        -0.787999 -0.327950 0.275197,
        -0.791049 -0.351115 0.275197,
        -0.787999 -0.374280 0.275197,
        -0.779057 -0.395867 0.275197,
        -0.764834 -0.414403 0.275197,
        -0.746297 -0.428627 0.275197,
        -0.724711 -0.437569 0.275197,
        -0.701546 -0.440618 0.275197,
        -0.678381 -0.437569 0.275197,
        -0.656794 -0.428627 0.275197,
        -0.638257 -0.414403 0.275197,
        -0.624034 -0.395867 0.275197,
        -0.615093 -0.374280 0.275197,
        -0.701546 -0.351115 0.275197,
      ]
    }
    coordIndex [
      24, 16, 25, -1,
      25, 16, 15, -1,
      25, 15, 26, -1,
      26, 15, 14, -1,
      26, 14, 27, -1,
      27, 14, 13, -1,
      27, 13, 28, -1,
      28, 13, 12, -1,
      28, 12, 29, -1,
      29, 12, 11, -1,
      29, 11, 30, -1,
      30, 11, 10, -1,
      30, 10, 31, -1,
      31, 10, 23, -1,
      31, 23, 32, -1,
      32, 23, 22, -1,
      32, 22, 33, -1,
      33, 22, 21, -1,
      33, 21, 34, -1,
      34, 21, 20, -1,
      34, 20, 35, -1,
      35, 20, 19, -1,
      35, 19, 36, -1,
      36, 19, 18, -1,
      36, 18, 37, -1,
      37, 18, 17, -1,
      37, 17, 38, -1,
      38, 17, 3, -1,
      38, 3, 39, -1,
      39, 3, 2, -1,
      39, 2, 40, -1,
      40, 2, 1, -1,
      40, 1, 41, -1,
      41, 1, 0, -1,
      41, 0, 42, -1,
      42, 0, 9, -1,
      42, 9, 43, -1,
      43, 9, 8, -1,
      43, 8, 44, -1,
      44, 8, 7, -1,
      44, 7, 45, -1,
      45, 7, 4, -1,
      45, 4, 46, -1,
      46, 4, 5, -1,
      46, 5, 47, -1,
      47, 5, 6, -1,
      47, 6, 24, -1,
      24, 6, 16, -1,
      46, 47, 48, -1,
      48, 47, 24, -1,
      48, 24, 25, -1,
      43, 44, 48, -1,
      48, 44, 45, -1,
      48, 45, 46, -1,
      40, 41, 48, -1,
      48, 41, 42, -1,
      48, 42, 43, -1,
      37, 38, 48, -1,
      48, 38, 39, -1,
      48, 39, 40, -1,
      34, 35, 48, -1,
      48, 35, 36, -1,
      48, 36, 37, -1,
      31, 32, 48, -1,
      48, 32, 33, -1,
      48, 33, 34, -1,
      28, 29, 48, -1,
      48, 29, 30, -1,
      48, 30, 31, -1,
      25, 26, 48, -1,
      48, 26, 27, -1,
      48, 27, 28, -1,
    ]
  }
}

Shape {
  appearance Appearance {
    material Material {
      diffuseColor 0.2235 0.2235 0.2235
      specularColor 0.1137 0.1137 0.1137
      ambientIntensity 0.2
      transparency 0.0000
      shininess 0.5
    }
  }
  geometry IndexedFaceSet {
    ccw TRUE
    solid FALSE
    coord DEF co Coordinate {
      point [
        -0.891611 -0.600731 0.267663,
        -0.905556 -0.732399 0.168444,
        0.891611 -0.600731 0.267663,
        0.905556 -0.732399 0.168444,
      ]
    }
    coordIndex [
      0, 1, 2, -1,
      2, 1, 3, -1,
    ]
  }
}

Shape {
  appearance Appearance {
    material Material {
      diffuseColor 1.0000 1.0000 1.0000
      specularColor 0.5020 0.5020 0.5020
      ambientIntensity 0.2
      transparency 0.0000
      shininess 0.5
    }
  }
  geometry IndexedFaceSet {
    ccw TRUE
    solid FALSE
    coord DEF co Coordinate {
      point [
        -0.834646 0.767717 0.000000,
        -0.834646 0.762183 -0.039370,
        -0.665354 0.762183 -0.039370,
        -0.165354 0.762183 -0.039370,
        -0.165354 0.767717 0.000000,
        0.165354 0.767717 0.000000,
        0.165354 0.762183 -0.039370,
        0.334646 0.762183 -0.039370,
        -0.334646 0.762183 -0.039370,
        -0.334646 0.767717 0.000000,
        -0.665354 0.767717 0.000000,
        0.834646 0.767717 0.000000,
        0.834646 0.762183 -0.039370,
        0.665354 0.762183 -0.039370,
        0.665354 0.767717 0.000000,
        0.334646 0.767717 0.000000,
        -0.334646 0.761077 0.047244,
        0.834646 0.761077 0.047244,
        -0.834646 0.761077 0.047244,
        -0.665354 0.761077 0.047244,
        0.665354 0.761077 0.047244,
        0.334646 0.761077 0.047244,
        0.165354 0.761077 0.047244,
        -0.165354 0.761077 0.047244,
        0.834646 -0.767717 0.000000,
        0.834646 -0.762183 -0.039370,
        0.665354 -0.767717 0.000000,
        0.334646 -0.767717 0.000000,
        0.665354 -0.762183 -0.039370,
        0.334646 -0.762183 -0.039370,
        0.165354 -0.762183 -0.039370,
        0.165354 -0.767717 0.000000,
        -0.165354 -0.767717 0.000000,
        -0.165354 -0.762183 -0.039370,
        -0.334646 -0.762183 -0.039370,
        -0.834646 -0.767717 0.000000,
        -0.834646 -0.762183 -0.039370,
        -0.665354 -0.762183 -0.039370,
        -0.665354 -0.767717 0.000000,
        -0.334646 -0.767717 0.000000,
        -0.834646 -0.761077 0.047244,
        -0.665354 -0.761077 0.047244,
        -0.165354 -0.761077 0.047244,
        0.165354 -0.761077 0.047244,
        0.334646 -0.761077 0.047244,
        -0.334646 -0.761077 0.047244,
        0.834646 -0.761077 0.047244,
        0.665354 -0.761077 0.047244,
        0.165354 -0.834327 0.047244,
        0.334646 -0.834327 0.047244,
        0.334646 -1.181102 -0.248031,
        0.334646 -0.982195 -0.248031,
        0.165354 -1.181102 -0.248031,
        0.165354 -0.982195 -0.248031,
        0.334646 -1.181102 -0.334646,
        0.165354 -1.181102 -0.334646,
        0.334646 -0.982195 -0.334646,
        0.165354 -0.982195 -0.334646,
        0.165354 -0.959496 -0.331993,
        0.334646 -0.959496 -0.331993,
        0.165354 -0.938022 -0.324176,
        0.334646 -0.938022 -0.324176,
        0.165354 -0.918928 -0.311619,
        0.334646 -0.918928 -0.311619,
        0.165354 -0.903246 -0.294996,
        0.334646 -0.903246 -0.294996,
        0.165354 -0.891819 -0.275205,
        0.334646 -0.891819 -0.275205,
        0.165354 -0.885265 -0.253312,
        0.334646 -0.885265 -0.253312,
        0.334646 -0.849836 -0.052383,
        0.165354 -0.849836 -0.052383,
        0.334646 -0.848787 -0.048881,
        0.165354 -0.848787 -0.048881,
        0.334646 -0.846959 -0.045714,
        0.165354 -0.846959 -0.045714,
        0.334646 -0.844450 -0.043054,
        0.165354 -0.844450 -0.043054,
        0.334646 -0.841395 -0.041045,
        0.165354 -0.841395 -0.041045,
        0.334646 -0.837959 -0.039794,
        0.165354 -0.837959 -0.039794,
        0.334646 -0.834327 -0.039370,
        0.165354 -0.834327 -0.039370,
        0.165354 -0.857933 0.044485,
        0.334646 -0.857933 0.044485,
        0.165354 -0.880267 0.036356,
        0.334646 -0.880267 0.036356,
        0.165354 -0.900124 0.023296,
        0.334646 -0.900124 0.023296,
        0.165354 -0.916434 0.006008,
        0.334646 -0.916434 0.006008,
        0.165354 -0.928318 -0.014574,
        0.334646 -0.928318 -0.014574,
        0.165354 -0.935134 -0.037343,
        0.334646 -0.935134 -0.037343,
        0.334646 -0.970563 -0.238271,
        0.165354 -0.970563 -0.238271,
        0.334646 -0.971350 -0.240898,
        0.165354 -0.971350 -0.240898,
        0.334646 -0.972721 -0.243274,
        0.165354 -0.972721 -0.243274,
        0.334646 -0.974603 -0.245268,
        0.165354 -0.974603 -0.245268,
        0.334646 -0.976894 -0.246775,
        0.165354 -0.976894 -0.246775,
        0.334646 -0.979471 -0.247713,
        0.165354 -0.979471 -0.247713,
        0.834646 -1.181102 -0.248031,
        0.834646 -0.982195 -0.248031,
        0.665354 -1.181102 -0.248031,
        0.665354 -0.982195 -0.248031,
        0.834646 -1.181102 -0.334646,
        0.665354 -1.181102 -0.334646,
        0.834646 -0.982195 -0.334646,
        0.665354 -0.982195 -0.334646,
        0.665354 -0.959496 -0.331993,
        0.834646 -0.959496 -0.331993,
        0.665354 -0.938022 -0.324176,
        0.834646 -0.938022 -0.324176,
        0.665354 -0.918928 -0.311619,
        0.834646 -0.918928 -0.311619,
        0.665354 -0.903246 -0.294996,
        0.834646 -0.903246 -0.294996,
        0.665354 -0.891819 -0.275205,
        0.834646 -0.891819 -0.275205,
        0.665354 -0.885265 -0.253312,
        0.834646 -0.885265 -0.253312,
        0.834646 -0.849836 -0.052383,
        0.665354 -0.849836 -0.052383,
        0.834646 -0.848787 -0.048881,
        0.665354 -0.848787 -0.048881,
        0.834646 -0.846959 -0.045714,
        0.665354 -0.846959 -0.045714,
        0.834646 -0.844450 -0.043054,
        0.665354 -0.844450 -0.043054,
        0.834646 -0.841395 -0.041045,
        0.665354 -0.841395 -0.041045,
        0.834646 -0.837959 -0.039794,
        0.665354 -0.837959 -0.039794,
        0.834646 -0.834327 -0.039370,
        0.665354 -0.834327 -0.039370,
        0.665354 -0.834327 0.047244,
        0.834646 -0.834327 0.047244,
        0.665354 -0.857933 0.044485,
        0.834646 -0.857933 0.044485,
        0.665354 -0.880267 0.036356,
        0.834646 -0.880267 0.036356,
        0.665354 -0.900124 0.023296,
        0.834646 -0.900124 0.023296,
        0.665354 -0.916434 0.006008,
        0.834646 -0.916434 0.006008,
        0.665354 -0.928318 -0.014574,
        0.834646 -0.928318 -0.014574,
        0.665354 -0.935134 -0.037343,
        0.834646 -0.935134 -0.037343,
        0.834646 -0.970563 -0.238271,
        0.665354 -0.970563 -0.238271,
        0.834646 -0.979471 -0.247713,
        0.834646 -0.976894 -0.246775,
        0.834646 -0.974603 -0.245268,
        0.834646 -0.972721 -0.243274,
        0.834646 -0.971350 -0.240898,
        0.665354 -0.971350 -0.240898,
        0.665354 -0.972721 -0.243274,
        0.665354 -0.974603 -0.245268,
        0.665354 -0.976894 -0.246775,
        0.665354 -0.979471 -0.247713,
        -0.165354 -1.181102 -0.248031,
        -0.165354 -0.982195 -0.248031,
        -0.334646 -1.181102 -0.248031,
        -0.334646 -0.982195 -0.248031,
        -0.165354 -1.181102 -0.334646,
        -0.334646 -1.181102 -0.334646,
        -0.165354 -0.982195 -0.334646,
        -0.334646 -0.982195 -0.334646,
        -0.334646 -0.959496 -0.331993,
        -0.165354 -0.959496 -0.331993,
        -0.334646 -0.938022 -0.324176,
        -0.165354 -0.938022 -0.324176,
        -0.334646 -0.918928 -0.311619,
        -0.165354 -0.918928 -0.311619,
        -0.334646 -0.903246 -0.294996,
        -0.165354 -0.903246 -0.294996,
        -0.334646 -0.891819 -0.275205,
        -0.165354 -0.891819 -0.275205,
        -0.334646 -0.885265 -0.253312,
        -0.165354 -0.885265 -0.253312,
        -0.165354 -0.849836 -0.052383,
        -0.334646 -0.849836 -0.052383,
        -0.165354 -0.848787 -0.048881,
        -0.334646 -0.848787 -0.048881,
        -0.165354 -0.846959 -0.045714,
        -0.334646 -0.846959 -0.045714,
        -0.165354 -0.844450 -0.043054,
        -0.334646 -0.844450 -0.043054,
        -0.165354 -0.841395 -0.041045,
        -0.334646 -0.841395 -0.041045,
        -0.165354 -0.837959 -0.039794,
        -0.334646 -0.837959 -0.039794,
        -0.165354 -0.834327 -0.039370,
        -0.334646 -0.834327 -0.039370,
        -0.334646 -0.834327 0.047244,
        -0.165354 -0.834327 0.047244,
        -0.334646 -0.857933 0.044485,
        -0.165354 -0.857933 0.044485,
        -0.334646 -0.880267 0.036356,
        -0.165354 -0.880267 0.036356,
        -0.334646 -0.900124 0.023296,
        -0.165354 -0.900124 0.023296,
        -0.334646 -0.916434 0.006008,
        -0.165354 -0.916434 0.006008,
        -0.334646 -0.928318 -0.014574,
        -0.165354 -0.928318 -0.014574,
        -0.334646 -0.935134 -0.037343,
        -0.165354 -0.935134 -0.037343,
        -0.165354 -0.970563 -0.238271,
        -0.334646 -0.970563 -0.238271,
        -0.165354 -0.979471 -0.247713,
        -0.165354 -0.976894 -0.246775,
        -0.165354 -0.974603 -0.245268,
        -0.165354 -0.972721 -0.243274,
        -0.165354 -0.971350 -0.240898,
        -0.334646 -0.971350 -0.240898,
        -0.334646 -0.972721 -0.243274,
        -0.334646 -0.974603 -0.245268,
        -0.334646 -0.976894 -0.246775,
        -0.334646 -0.979471 -0.247713,
        -0.665354 -1.181102 -0.248031,
        -0.665354 -0.982195 -0.248031,
        -0.834646 -1.181102 -0.248031,
        -0.834646 -0.982195 -0.248031,
        -0.665354 -1.181102 -0.334646,
        -0.834646 -1.181102 -0.334646,
        -0.665354 -0.982195 -0.334646,
        -0.834646 -0.982195 -0.334646,
        -0.834646 -0.959496 -0.331993,
        -0.665354 -0.959496 -0.331993,
        -0.834646 -0.938022 -0.324176,
        -0.665354 -0.938022 -0.324176,
        -0.834646 -0.918928 -0.311619,
        -0.665354 -0.918928 -0.311619,
        -0.834646 -0.903246 -0.294996,
        -0.665354 -0.903246 -0.294996,
        -0.834646 -0.891819 -0.275205,
        -0.665354 -0.891819 -0.275205,
        -0.834646 -0.885265 -0.253312,
        -0.665354 -0.885265 -0.253312,
        -0.665354 -0.849836 -0.052383,
        -0.834646 -0.849836 -0.052383,
        -0.665354 -0.848787 -0.048881,
        -0.834646 -0.848787 -0.048881,
        -0.665354 -0.846959 -0.045714,
        -0.834646 -0.846959 -0.045714,
        -0.665354 -0.844450 -0.043054,
        -0.834646 -0.844450 -0.043054,
        -0.665354 -0.841395 -0.041045,
        -0.834646 -0.841395 -0.041045,
        -0.665354 -0.837959 -0.039794,
        -0.834646 -0.837959 -0.039794,
        -0.665354 -0.834327 -0.039370,
        -0.834646 -0.834327 -0.039370,
        -0.834646 -0.834327 0.047244,
        -0.665354 -0.834327 0.047244,
        -0.834646 -0.857933 0.044485,
        -0.665354 -0.857933 0.044485,
        -0.834646 -0.880267 0.036356,
        -0.665354 -0.880267 0.036356,
        -0.834646 -0.900124 0.023296,
        -0.665354 -0.900124 0.023296,
        -0.834646 -0.916434 0.006008,
        -0.665354 -0.916434 0.006008,
        -0.834646 -0.928318 -0.014574,
        -0.665354 -0.928318 -0.014574,
        -0.834646 -0.935134 -0.037343,
        -0.665354 -0.935134 -0.037343,
        -0.665354 -0.970563 -0.238271,
        -0.834646 -0.970563 -0.238271,
        -0.665354 -0.979471 -0.247713,
        -0.665354 -0.976894 -0.246775,
        -0.665354 -0.974603 -0.245268,
        -0.665354 -0.972721 -0.243274,
        -0.665354 -0.971350 -0.240898,
        -0.834646 -0.971350 -0.240898,
        -0.834646 -0.972721 -0.243274,
        -0.834646 -0.974603 -0.245268,
        -0.834646 -0.976894 -0.246775,
        -0.834646 -0.979471 -0.247713,
        0.334646 0.982195 -0.248031,
        0.334646 1.181102 -0.248031,
        0.165354 0.982195 -0.248031,
        0.165354 1.181102 -0.248031,
        0.334646 1.181102 -0.334646,
        0.165354 1.181102 -0.334646,
        0.334646 0.982195 -0.334646,
        0.165354 0.982195 -0.334646,
        0.334646 0.885265 -0.253312,
        0.165354 0.885265 -0.253312,
        0.165354 0.891819 -0.275205,
        0.334646 0.891819 -0.275205,
        0.165354 0.903246 -0.294996,
        0.334646 0.903246 -0.294996,
        0.165354 0.918928 -0.311619,
        0.334646 0.918928 -0.311619,
        0.165354 0.938022 -0.324176,
        0.334646 0.938022 -0.324176,
        0.165354 0.959496 -0.331993,
        0.334646 0.959496 -0.331993,
        0.334646 0.849836 -0.052383,
        0.165354 0.849836 -0.052383,
        0.334646 0.834327 -0.039370,
        0.165354 0.834327 -0.039370,
        0.334646 0.837959 -0.039794,
        0.165354 0.837959 -0.039794,
        0.334646 0.841395 -0.041045,
        0.165354 0.841395 -0.041045,
        0.334646 0.844450 -0.043054,
        0.165354 0.844450 -0.043054,
        0.334646 0.846959 -0.045714,
        0.165354 0.846959 -0.045714,
        0.334646 0.848787 -0.048881,
        0.165354 0.848787 -0.048881,
        0.165354 0.834327 0.047244,
        0.334646 0.834327 0.047244,
        0.334646 0.935134 -0.037343,
        0.165354 0.935134 -0.037343,
        0.165354 0.928318 -0.014574,
        0.334646 0.928318 -0.014574,
        0.165354 0.916434 0.006008,
        0.334646 0.916434 0.006008,
        0.165354 0.900124 0.023296,
        0.334646 0.900124 0.023296,
        0.165354 0.880267 0.036356,
        0.334646 0.880267 0.036356,
        0.165354 0.857933 0.044485,
        0.334646 0.857933 0.044485,
        0.334646 0.970563 -0.238271,
        0.165354 0.970563 -0.238271,
        0.334646 0.971350 -0.240898,
        0.334646 0.972721 -0.243274,
        0.334646 0.974603 -0.245268,
        0.334646 0.976894 -0.246775,
        0.334646 0.979471 -0.247713,
        0.165354 0.979471 -0.247713,
        0.165354 0.976894 -0.246775,
        0.165354 0.974603 -0.245268,
        0.165354 0.972721 -0.243274,
        0.165354 0.971350 -0.240898,
        0.834646 0.982195 -0.248031,
        0.834646 1.181102 -0.248031,
        0.665354 0.982195 -0.248031,
        0.665354 1.181102 -0.248031,
        0.834646 1.181102 -0.334646,
        0.665354 1.181102 -0.334646,
        0.834646 0.982195 -0.334646,
        0.665354 0.982195 -0.334646,
        0.834646 0.885265 -0.253312,
        0.665354 0.885265 -0.253312,
        0.665354 0.891819 -0.275205,
        0.834646 0.891819 -0.275205,
        0.665354 0.903246 -0.294996,
        0.834646 0.903246 -0.294996,
        0.665354 0.918928 -0.311619,
        0.834646 0.918928 -0.311619,
        0.665354 0.938022 -0.324176,
        0.834646 0.938022 -0.324176,
        0.665354 0.959496 -0.331993,
        0.834646 0.959496 -0.331993,
        0.834646 0.849836 -0.052383,
        0.665354 0.849836 -0.052383,
        0.834646 0.834327 -0.039370,
        0.665354 0.834327 -0.039370,
        0.834646 0.837959 -0.039794,
        0.665354 0.837959 -0.039794,
        0.834646 0.841395 -0.041045,
        0.665354 0.841395 -0.041045,
        0.834646 0.844450 -0.043054,
        0.665354 0.844450 -0.043054,
        0.834646 0.846959 -0.045714,
        0.665354 0.846959 -0.045714,
        0.834646 0.848787 -0.048881,
        0.665354 0.848787 -0.048881,
        0.665354 0.834327 0.047244,
        0.834646 0.834327 0.047244,
        0.834646 0.935134 -0.037343,
        0.665354 0.935134 -0.037343,
        0.665354 0.928318 -0.014574,
        0.834646 0.928318 -0.014574,
        0.665354 0.916434 0.006008,
        0.834646 0.916434 0.006008,
        0.665354 0.900124 0.023296,
        0.834646 0.900124 0.023296,
        0.665354 0.880267 0.036356,
        0.834646 0.880267 0.036356,
        0.665354 0.857933 0.044485,
        0.834646 0.857933 0.044485,
        0.834646 0.970563 -0.238271,
        0.665354 0.970563 -0.238271,
        0.834646 0.971350 -0.240898,
        0.834646 0.972721 -0.243274,
        0.834646 0.974603 -0.245268,
        0.834646 0.976894 -0.246775,
        0.834646 0.979471 -0.247713,
        0.665354 0.979471 -0.247713,
        0.665354 0.976894 -0.246775,
        0.665354 0.974603 -0.245268,
        0.665354 0.972721 -0.243274,
        0.665354 0.971350 -0.240898,
        -0.165354 0.982195 -0.248031,
        -0.165354 1.181102 -0.248031,
        -0.334646 0.982195 -0.248031,
        -0.334646 1.181102 -0.248031,
        -0.165354 1.181102 -0.334646,
        -0.334646 1.181102 -0.334646,
        -0.165354 0.982195 -0.334646,
        -0.334646 0.982195 -0.334646,
        -0.165354 0.885265 -0.253312,
        -0.334646 0.885265 -0.253312,
        -0.334646 0.891819 -0.275205,
        -0.165354 0.891819 -0.275205,
        -0.334646 0.903246 -0.294996,
        -0.165354 0.903246 -0.294996,
        -0.334646 0.918928 -0.311619,
        -0.165354 0.918928 -0.311619,
        -0.334646 0.938022 -0.324176,
        -0.165354 0.938022 -0.324176,
        -0.334646 0.959496 -0.331993,
        -0.165354 0.959496 -0.331993,
        -0.165354 0.849836 -0.052383,
        -0.334646 0.849836 -0.052383,
        -0.165354 0.834327 -0.039370,
        -0.334646 0.834327 -0.039370,
        -0.165354 0.837959 -0.039794,
        -0.334646 0.837959 -0.039794,
        -0.165354 0.841395 -0.041045,
        -0.334646 0.841395 -0.041045,
        -0.165354 0.844450 -0.043054,
        -0.334646 0.844450 -0.043054,
        -0.165354 0.846959 -0.045714,
        -0.334646 0.846959 -0.045714,
        -0.165354 0.848787 -0.048881,
        -0.334646 0.848787 -0.048881,
        -0.334646 0.834327 0.047244,
        -0.165354 0.834327 0.047244,
        -0.165354 0.935134 -0.037343,
        -0.334646 0.935134 -0.037343,
        -0.334646 0.928318 -0.014574,
        -0.165354 0.928318 -0.014574,
        -0.334646 0.916434 0.006008,
        -0.165354 0.916434 0.006008,
        -0.334646 0.900124 0.023296,
        -0.165354 0.900124 0.023296,
        -0.334646 0.880267 0.036356,
        -0.165354 0.880267 0.036356,
        -0.334646 0.857933 0.044485,
        -0.165354 0.857933 0.044485,
        -0.165354 0.970563 -0.238271,
        -0.334646 0.970563 -0.238271,
        -0.165354 0.971350 -0.240898,
        -0.165354 0.972721 -0.243274,
        -0.165354 0.974603 -0.245268,
        -0.165354 0.976894 -0.246775,
        -0.165354 0.979471 -0.247713,
        -0.334646 0.979471 -0.247713,
        -0.334646 0.976894 -0.246775,
        -0.334646 0.974603 -0.245268,
        -0.334646 0.972721 -0.243274,
        -0.334646 0.971350 -0.240898,
        -0.665354 0.982195 -0.248031,
        -0.665354 1.181102 -0.248031,
        -0.834646 0.982195 -0.248031,
        -0.834646 1.181102 -0.248031,
        -0.665354 1.181102 -0.334646,
        -0.834646 1.181102 -0.334646,
        -0.665354 0.982195 -0.334646,
        -0.834646 0.982195 -0.334646,
        -0.665354 0.885265 -0.253312,
        -0.834646 0.885265 -0.253312,
        -0.834646 0.891819 -0.275205,
        -0.665354 0.891819 -0.275205,
        -0.834646 0.903246 -0.294996,
        -0.665354 0.903246 -0.294996,
        -0.834646 0.918928 -0.311619,
        -0.665354 0.918928 -0.311619,
        -0.834646 0.938022 -0.324176,
        -0.665354 0.938022 -0.324176,
        -0.834646 0.959496 -0.331993,
        -0.665354 0.959496 -0.331993,
        -0.665354 0.849836 -0.052383,
        -0.834646 0.849836 -0.052383,
        -0.665354 0.834327 -0.039370,
        -0.834646 0.834327 -0.039370,
        -0.665354 0.837959 -0.039794,
        -0.834646 0.837959 -0.039794,
        -0.665354 0.841395 -0.041045,
        -0.834646 0.841395 -0.041045,
        -0.665354 0.844450 -0.043054,
        -0.834646 0.844450 -0.043054,
        -0.665354 0.846959 -0.045714,
        -0.834646 0.846959 -0.045714,
        -0.665354 0.848787 -0.048881,
        -0.834646 0.848787 -0.048881,
        -0.834646 0.834327 0.047244,
        -0.665354 0.834327 0.047244,
        -0.665354 0.935134 -0.037343,
        -0.834646 0.935134 -0.037343,
        -0.834646 0.928318 -0.014574,
        -0.665354 0.928318 -0.014574,
        -0.834646 0.916434 0.006008,
        -0.665354 0.916434 0.006008,
        -0.834646 0.900124 0.023296,
        -0.665354 0.900124 0.023296,
        -0.834646 0.880267 0.036356,
        -0.665354 0.880267 0.036356,
        -0.834646 0.857933 0.044485,
        -0.665354 0.857933 0.044485,
        -0.665354 0.970563 -0.238271,
        -0.834646 0.970563 -0.238271,
        -0.665354 0.971350 -0.240898,
        -0.665354 0.972721 -0.243274,
        -0.665354 0.974603 -0.245268,
        -0.665354 0.976894 -0.246775,
        -0.665354 0.979471 -0.247713,
        -0.834646 0.979471 -0.247713,
        -0.834646 0.976894 -0.246775,
        -0.834646 0.974603 -0.245268,
        -0.834646 0.972721 -0.243274,
        -0.834646 0.971350 -0.240898,
      ]
    }
    coordIndex [
      43, 48, 44, -1,
      44, 48, 49, -1,
      50, 51, 52, -1,
      52, 51, 53, -1,
      54, 50, 55, -1,
      55, 50, 52, -1,
      56, 54, 57, -1,
      57, 54, 55, -1,
      56, 57, 58, -1,
      56, 58, 59, -1,
      59, 58, 60, -1,
      59, 60, 61, -1,
      61, 60, 62, -1,
      61, 62, 63, -1,
      63, 62, 64, -1,
      63, 64, 65, -1,
      65, 64, 66, -1,
      65, 66, 67, -1,
      67, 66, 68, -1,
      67, 68, 69, -1,
      70, 69, 71, -1,
      71, 69, 68, -1,
      70, 71, 72, -1,
      72, 71, 73, -1,
      72, 73, 74, -1,
      74, 73, 75, -1,
      74, 75, 76, -1,
      76, 75, 77, -1,
      76, 77, 78, -1,
      78, 77, 79, -1,
      78, 79, 80, -1,
      80, 79, 81, -1,
      80, 81, 82, -1,
      82, 81, 83, -1,
      29, 82, 30, -1,
      30, 82, 83, -1,
      49, 48, 84, -1,
      49, 84, 85, -1,
      85, 84, 86, -1,
      85, 86, 87, -1,
      87, 86, 88, -1,
      87, 88, 89, -1,
      89, 88, 90, -1,
      89, 90, 91, -1,
      91, 90, 92, -1,
      91, 92, 93, -1,
      93, 92, 94, -1,
      93, 94, 95, -1,
      96, 95, 97, -1,
      97, 95, 94, -1,
      96, 97, 98, -1,
      98, 97, 99, -1,
      98, 99, 100, -1,
      100, 99, 101, -1,
      100, 101, 102, -1,
      102, 101, 103, -1,
      102, 103, 104, -1,
      104, 103, 105, -1,
      104, 105, 106, -1,
      106, 105, 107, -1,
      106, 107, 51, -1,
      51, 107, 53, -1,
      82, 29, 27, -1,
      44, 49, 27, -1,
      27, 49, 85, -1,
      27, 85, 87, -1,
      87, 89, 27, -1,
      27, 89, 91, -1,
      27, 91, 82, -1,
      76, 78, 91, -1,
      91, 78, 80, -1,
      91, 80, 82, -1,
      50, 54, 51, -1,
      51, 54, 56, -1,
      51, 56, 106, -1,
      106, 56, 59, -1,
      106, 59, 104, -1,
      104, 59, 61, -1,
      104, 61, 102, -1,
      102, 61, 63, -1,
      102, 63, 100, -1,
      100, 63, 65, -1,
      100, 65, 98, -1,
      98, 65, 67, -1,
      98, 67, 96, -1,
      96, 67, 69, -1,
      96, 69, 95, -1,
      95, 69, 70, -1,
      95, 70, 93, -1,
      93, 70, 72, -1,
      93, 72, 91, -1,
      91, 72, 74, -1,
      91, 74, 76, -1,
      48, 43, 31, -1,
      88, 86, 31, -1,
      31, 86, 84, -1,
      31, 84, 48, -1,
      83, 81, 90, -1,
      90, 81, 79, -1,
      88, 31, 90, -1,
      90, 31, 30, -1,
      90, 30, 83, -1,
      79, 77, 90, -1,
      90, 77, 75, -1,
      90, 75, 92, -1,
      92, 75, 73, -1,
      92, 73, 94, -1,
      94, 73, 71, -1,
      94, 71, 97, -1,
      97, 71, 68, -1,
      97, 68, 99, -1,
      99, 68, 66, -1,
      99, 66, 101, -1,
      101, 66, 64, -1,
      101, 64, 103, -1,
      103, 64, 62, -1,
      103, 62, 105, -1,
      105, 62, 60, -1,
      105, 60, 107, -1,
      107, 60, 58, -1,
      107, 58, 53, -1,
      53, 58, 57, -1,
      53, 57, 52, -1,
      52, 57, 55, -1,
      108, 109, 110, -1,
      110, 109, 111, -1,
      112, 108, 113, -1,
      113, 108, 110, -1,
      114, 112, 115, -1,
      115, 112, 113, -1,
      114, 115, 116, -1,
      114, 116, 117, -1,
      117, 116, 118, -1,
      117, 118, 119, -1,
      119, 118, 120, -1,
      119, 120, 121, -1,
      121, 120, 122, -1,
      121, 122, 123, -1,
      123, 122, 124, -1,
      123, 124, 125, -1,
      125, 124, 126, -1,
      125, 126, 127, -1,
      128, 127, 129, -1,
      129, 127, 126, -1,
      128, 129, 130, -1,
      130, 129, 131, -1,
      130, 131, 132, -1,
      132, 131, 133, -1,
      132, 133, 134, -1,
      134, 133, 135, -1,
      134, 135, 136, -1,
      136, 135, 137, -1,
      136, 137, 138, -1,
      138, 137, 139, -1,
      138, 139, 140, -1,
      140, 139, 141, -1,
      25, 140, 28, -1,
      28, 140, 141, -1,
      47, 142, 46, -1,
      46, 142, 143, -1,
      143, 142, 144, -1,
      143, 144, 145, -1,
      145, 144, 146, -1,
      145, 146, 147, -1,
      147, 146, 148, -1,
      147, 148, 149, -1,
      149, 148, 150, -1,
      149, 150, 151, -1,
      151, 150, 152, -1,
      151, 152, 153, -1,
      153, 152, 154, -1,
      153, 154, 155, -1,
      156, 155, 157, -1,
      157, 155, 154, -1,
      140, 25, 24, -1,
      46, 143, 24, -1,
      24, 143, 145, -1,
      24, 145, 147, -1,
      147, 149, 24, -1,
      24, 149, 151, -1,
      24, 151, 140, -1,
      134, 136, 151, -1,
      151, 136, 138, -1,
      151, 138, 140, -1,
      108, 112, 109, -1,
      109, 112, 114, -1,
      109, 114, 158, -1,
      158, 114, 117, -1,
      158, 117, 159, -1,
      159, 117, 119, -1,
      159, 119, 160, -1,
      160, 119, 121, -1,
      160, 121, 161, -1,
      161, 121, 123, -1,
      161, 123, 162, -1,
      162, 123, 125, -1,
      162, 125, 156, -1,
      156, 125, 127, -1,
      156, 127, 155, -1,
      155, 127, 128, -1,
      155, 128, 153, -1,
      153, 128, 130, -1,
      153, 130, 151, -1,
      151, 130, 132, -1,
      151, 132, 134, -1,
      156, 157, 162, -1,
      162, 157, 163, -1,
      162, 163, 161, -1,
      161, 163, 164, -1,
      161, 164, 160, -1,
      160, 164, 165, -1,
      160, 165, 159, -1,
      159, 165, 166, -1,
      159, 166, 158, -1,
      158, 166, 167, -1,
      158, 167, 109, -1,
      109, 167, 111, -1,
      142, 47, 26, -1,
      148, 146, 26, -1,
      26, 146, 144, -1,
      26, 144, 142, -1,
      141, 139, 150, -1,
      150, 139, 137, -1,
      148, 26, 150, -1,
      150, 26, 28, -1,
      150, 28, 141, -1,
      137, 135, 150, -1,
      150, 135, 133, -1,
      150, 133, 152, -1,
      152, 133, 131, -1,
      152, 131, 154, -1,
      154, 131, 129, -1,
      154, 129, 157, -1,
      157, 129, 126, -1,
      157, 126, 163, -1,
      163, 126, 124, -1,
      163, 124, 164, -1,
      164, 124, 122, -1,
      164, 122, 165, -1,
      165, 122, 120, -1,
      165, 120, 166, -1,
      166, 120, 118, -1,
      166, 118, 167, -1,
      167, 118, 116, -1,
      167, 116, 111, -1,
      111, 116, 115, -1,
      111, 115, 110, -1,
      110, 115, 113, -1,
      168, 169, 170, -1,
      170, 169, 171, -1,
      172, 168, 173, -1,
      173, 168, 170, -1,
      174, 172, 175, -1,
      175, 172, 173, -1,
      174, 175, 176, -1,
      174, 176, 177, -1,
      177, 176, 178, -1,
      177, 178, 179, -1,
      179, 178, 180, -1,
      179, 180, 181, -1,
      181, 180, 182, -1,
      181, 182, 183, -1,
      183, 182, 184, -1,
      183, 184, 185, -1,
      185, 184, 186, -1,
      185, 186, 187, -1,
      188, 187, 189, -1,
      189, 187, 186, -1,
      188, 189, 190, -1,
      190, 189, 191, -1,
      190, 191, 192, -1,
      192, 191, 193, -1,
      192, 193, 194, -1,
      194, 193, 195, -1,
      194, 195, 196, -1,
      196, 195, 197, -1,
      196, 197, 198, -1,
      198, 197, 199, -1,
      198, 199, 200, -1,
      200, 199, 201, -1,
      33, 200, 34, -1,
      34, 200, 201, -1,
      45, 202, 42, -1,
      42, 202, 203, -1,
      203, 202, 204, -1,
      203, 204, 205, -1,
      205, 204, 206, -1,
      205, 206, 207, -1,
      207, 206, 208, -1,
      207, 208, 209, -1,
      209, 208, 210, -1,
      209, 210, 211, -1,
      211, 210, 212, -1,
      211, 212, 213, -1,
      213, 212, 214, -1,
      213, 214, 215, -1,
      216, 215, 217, -1,
      217, 215, 214, -1,
      200, 33, 32, -1,
      42, 203, 32, -1,
      32, 203, 205, -1,
      32, 205, 207, -1,
      207, 209, 32, -1,
      32, 209, 211, -1,
      32, 211, 200, -1,
      194, 196, 211, -1,
      211, 196, 198, -1,
      211, 198, 200, -1,
      168, 172, 169, -1,
      169, 172, 174, -1,
      169, 174, 218, -1,
      218, 174, 177, -1,
      218, 177, 219, -1,
      219, 177, 179, -1,
      219, 179, 220, -1,
      220, 179, 181, -1,
      220, 181, 221, -1,
      221, 181, 183, -1,
      221, 183, 222, -1,
      222, 183, 185, -1,
      222, 185, 216, -1,
      216, 185, 187, -1,
      216, 187, 215, -1,
      215, 187, 188, -1,
      215, 188, 213, -1,
      213, 188, 190, -1,
      213, 190, 211, -1,
      211, 190, 192, -1,
      211, 192, 194, -1,
      216, 217, 222, -1,
      222, 217, 223, -1,
      222, 223, 221, -1,
      221, 223, 224, -1,
      221, 224, 220, -1,
      220, 224, 225, -1,
      220, 225, 219, -1,
      219, 225, 226, -1,
      219, 226, 218, -1,
      218, 226, 227, -1,
      218, 227, 169, -1,
      169, 227, 171, -1,
      202, 45, 39, -1,
      208, 206, 39, -1,
      39, 206, 204, -1,
      39, 204, 202, -1,
      201, 199, 210, -1,
      210, 199, 197, -1,
      208, 39, 210, -1,
      210, 39, 34, -1,
      210, 34, 201, -1,
      197, 195, 210, -1,
      210, 195, 193, -1,
      210, 193, 212, -1,
      212, 193, 191, -1,
      212, 191, 214, -1,
      214, 191, 189, -1,
      214, 189, 217, -1,
      217, 189, 186, -1,
      217, 186, 223, -1,
      223, 186, 184, -1,
      223, 184, 224, -1,
      224, 184, 182, -1,
      224, 182, 225, -1,
      225, 182, 180, -1,
      225, 180, 226, -1,
      226, 180, 178, -1,
      226, 178, 227, -1,
      227, 178, 176, -1,
      227, 176, 171, -1,
      171, 176, 175, -1,
      171, 175, 170, -1,
      170, 175, 173, -1,
      228, 229, 230, -1,
      230, 229, 231, -1,
      232, 228, 233, -1,
      233, 228, 230, -1,
      234, 232, 235, -1,
      235, 232, 233, -1,
      234, 235, 236, -1,
      234, 236, 237, -1,
      237, 236, 238, -1,
      237, 238, 239, -1,
      239, 238, 240, -1,
      239, 240, 241, -1,
      241, 240, 242, -1,
      241, 242, 243, -1,
      243, 242, 244, -1,
      243, 244, 245, -1,
      245, 244, 246, -1,
      245, 246, 247, -1,
      248, 247, 249, -1,
      249, 247, 246, -1,
      248, 249, 250, -1,
      250, 249, 251, -1,
      250, 251, 252, -1,
      252, 251, 253, -1,
      252, 253, 254, -1,
      254, 253, 255, -1,
      254, 255, 256, -1,
      256, 255, 257, -1,
      256, 257, 258, -1,
      258, 257, 259, -1,
      258, 259, 260, -1,
      260, 259, 261, -1,
      37, 260, 36, -1,
      36, 260, 261, -1,
      40, 262, 41, -1,
      41, 262, 263, -1,
      263, 262, 264, -1,
      263, 264, 265, -1,
      265, 264, 266, -1,
      265, 266, 267, -1,
      267, 266, 268, -1,
      267, 268, 269, -1,
      269, 268, 270, -1,
      269, 270, 271, -1,
      271, 270, 272, -1,
      271, 272, 273, -1,
      273, 272, 274, -1,
      273, 274, 275, -1,
      276, 275, 277, -1,
      277, 275, 274, -1,
      260, 37, 38, -1,
      41, 263, 38, -1,
      38, 263, 265, -1,
      38, 265, 267, -1,
      267, 269, 38, -1,
      38, 269, 271, -1,
      38, 271, 260, -1,
      254, 256, 271, -1,
      271, 256, 258, -1,
      271, 258, 260, -1,
      228, 232, 229, -1,
      229, 232, 234, -1,
      229, 234, 278, -1,
      278, 234, 237, -1,
      278, 237, 279, -1,
      279, 237, 239, -1,
      279, 239, 280, -1,
      280, 239, 241, -1,
      280, 241, 281, -1,
      281, 241, 243, -1,
      281, 243, 282, -1,
      282, 243, 245, -1,
      282, 245, 276, -1,
      276, 245, 247, -1,
      276, 247, 275, -1,
      275, 247, 248, -1,
      275, 248, 273, -1,
      273, 248, 250, -1,
      273, 250, 271, -1,
      271, 250, 252, -1,
      271, 252, 254, -1,
      276, 277, 282, -1,
      282, 277, 283, -1,
      282, 283, 281, -1,
      281, 283, 284, -1,
      281, 284, 280, -1,
      280, 284, 285, -1,
      280, 285, 279, -1,
      279, 285, 286, -1,
      279, 286, 278, -1,
      278, 286, 287, -1,
      278, 287, 229, -1,
      229, 287, 231, -1,
      262, 40, 35, -1,
      268, 266, 35, -1,
      35, 266, 264, -1,
      35, 264, 262, -1,
      261, 259, 270, -1,
      270, 259, 257, -1,
      268, 35, 270, -1,
      270, 35, 36, -1,
      270, 36, 261, -1,
      257, 255, 270, -1,
      270, 255, 253, -1,
      270, 253, 272, -1,
      272, 253, 251, -1,
      272, 251, 274, -1,
      274, 251, 249, -1,
      274, 249, 277, -1,
      277, 249, 246, -1,
      277, 246, 283, -1,
      283, 246, 244, -1,
      283, 244, 284, -1,
      284, 244, 242, -1,
      284, 242, 285, -1,
      285, 242, 240, -1,
      285, 240, 286, -1,
      286, 240, 238, -1,
      286, 238, 287, -1,
      287, 238, 236, -1,
      287, 236, 231, -1,
      231, 236, 235, -1,
      231, 235, 230, -1,
      230, 235, 233, -1,
      288, 289, 290, -1,
      290, 289, 291, -1,
      289, 292, 291, -1,
      291, 292, 293, -1,
      292, 294, 293, -1,
      293, 294, 295, -1,
      296, 297, 298, -1,
      296, 298, 299, -1,
      299, 298, 300, -1,
      299, 300, 301, -1,
      301, 300, 302, -1,
      301, 302, 303, -1,
      303, 302, 304, -1,
      303, 304, 305, -1,
      305, 304, 306, -1,
      305, 306, 307, -1,
      307, 306, 295, -1,
      307, 295, 294, -1,
      296, 308, 297, -1,
      297, 308, 309, -1,
      310, 311, 312, -1,
      312, 311, 313, -1,
      312, 313, 314, -1,
      314, 313, 315, -1,
      314, 315, 316, -1,
      316, 315, 317, -1,
      316, 317, 318, -1,
      318, 317, 319, -1,
      318, 319, 320, -1,
      320, 319, 321, -1,
      320, 321, 308, -1,
      308, 321, 309, -1,
      310, 7, 311, -1,
      311, 7, 6, -1,
      322, 22, 323, -1,
      323, 22, 21, -1,
      324, 325, 326, -1,
      324, 326, 327, -1,
      327, 326, 328, -1,
      327, 328, 329, -1,
      329, 328, 330, -1,
      329, 330, 331, -1,
      331, 330, 332, -1,
      331, 332, 333, -1,
      333, 332, 334, -1,
      333, 334, 335, -1,
      335, 334, 322, -1,
      335, 322, 323, -1,
      324, 336, 325, -1,
      325, 336, 337, -1,
      331, 333, 15, -1,
      333, 335, 15, -1,
      15, 335, 323, -1,
      15, 323, 21, -1,
      310, 312, 329, -1,
      329, 312, 314, -1,
      331, 15, 329, -1,
      329, 15, 7, -1,
      329, 7, 310, -1,
      314, 316, 329, -1,
      329, 316, 318, -1,
      329, 318, 327, -1,
      327, 318, 320, -1,
      327, 320, 324, -1,
      324, 320, 308, -1,
      324, 308, 336, -1,
      336, 308, 296, -1,
      336, 296, 338, -1,
      338, 296, 299, -1,
      338, 299, 339, -1,
      339, 299, 301, -1,
      339, 301, 340, -1,
      340, 301, 303, -1,
      340, 303, 341, -1,
      341, 303, 305, -1,
      341, 305, 342, -1,
      342, 305, 307, -1,
      342, 307, 288, -1,
      288, 307, 294, -1,
      288, 294, 289, -1,
      289, 294, 292, -1,
      288, 290, 342, -1,
      342, 290, 343, -1,
      342, 343, 341, -1,
      341, 343, 344, -1,
      341, 344, 340, -1,
      340, 344, 345, -1,
      340, 345, 339, -1,
      339, 345, 346, -1,
      339, 346, 338, -1,
      338, 346, 347, -1,
      338, 347, 336, -1,
      336, 347, 337, -1,
      5, 22, 322, -1,
      322, 334, 5, -1,
      5, 334, 332, -1,
      5, 332, 330, -1,
      330, 328, 5, -1,
      5, 328, 311, -1,
      5, 311, 6, -1,
      317, 315, 328, -1,
      328, 315, 313, -1,
      328, 313, 311, -1,
      291, 293, 290, -1,
      290, 293, 295, -1,
      290, 295, 343, -1,
      343, 295, 306, -1,
      343, 306, 344, -1,
      344, 306, 304, -1,
      344, 304, 345, -1,
      345, 304, 302, -1,
      345, 302, 346, -1,
      346, 302, 300, -1,
      346, 300, 347, -1,
      347, 300, 298, -1,
      347, 298, 337, -1,
      337, 298, 297, -1,
      337, 297, 325, -1,
      325, 297, 309, -1,
      325, 309, 326, -1,
      326, 309, 321, -1,
      326, 321, 328, -1,
      328, 321, 319, -1,
      328, 319, 317, -1,
      348, 349, 350, -1,
      350, 349, 351, -1,
      349, 352, 351, -1,
      351, 352, 353, -1,
      352, 354, 353, -1,
      353, 354, 355, -1,
      356, 357, 358, -1,
      356, 358, 359, -1,
      359, 358, 360, -1,
      359, 360, 361, -1,
      361, 360, 362, -1,
      361, 362, 363, -1,
      363, 362, 364, -1,
      363, 364, 365, -1,
      365, 364, 366, -1,
      365, 366, 367, -1,
      367, 366, 355, -1,
      367, 355, 354, -1,
      356, 368, 357, -1,
      357, 368, 369, -1,
      370, 371, 372, -1,
      372, 371, 373, -1,
      372, 373, 374, -1,
      374, 373, 375, -1,
      374, 375, 376, -1,
      376, 375, 377, -1,
      376, 377, 378, -1,
      378, 377, 379, -1,
      378, 379, 380, -1,
      380, 379, 381, -1,
      380, 381, 368, -1,
      368, 381, 369, -1,
      370, 12, 371, -1,
      371, 12, 13, -1,
      382, 20, 383, -1,
      383, 20, 17, -1,
      384, 385, 386, -1,
      384, 386, 387, -1,
      387, 386, 388, -1,
      387, 388, 389, -1,
      389, 388, 390, -1,
      389, 390, 391, -1,
      391, 390, 392, -1,
      391, 392, 393, -1,
      393, 392, 394, -1,
      393, 394, 395, -1,
      395, 394, 382, -1,
      395, 382, 383, -1,
      384, 396, 385, -1,
      385, 396, 397, -1,
      391, 393, 11, -1,
      393, 395, 11, -1,
      11, 395, 383, -1,
      11, 383, 17, -1,
      370, 372, 389, -1,
      389, 372, 374, -1,
      391, 11, 389, -1,
      389, 11, 12, -1,
      389, 12, 370, -1,
      374, 376, 389, -1,
      389, 376, 378, -1,
      389, 378, 387, -1,
      387, 378, 380, -1,
      387, 380, 384, -1,
      384, 380, 368, -1,
      384, 368, 396, -1,
      396, 368, 356, -1,
      396, 356, 398, -1,
      398, 356, 359, -1,
      398, 359, 399, -1,
      399, 359, 361, -1,
      399, 361, 400, -1,
      400, 361, 363, -1,
      400, 363, 401, -1,
      401, 363, 365, -1,
      401, 365, 402, -1,
      402, 365, 367, -1,
      402, 367, 348, -1,
      348, 367, 354, -1,
      348, 354, 349, -1,
      349, 354, 352, -1,
      348, 350, 402, -1,
      402, 350, 403, -1,
      402, 403, 401, -1,
      401, 403, 404, -1,
      401, 404, 400, -1,
      400, 404, 405, -1,
      400, 405, 399, -1,
      399, 405, 406, -1,
      399, 406, 398, -1,
      398, 406, 407, -1,
      398, 407, 396, -1,
      396, 407, 397, -1,
      14, 20, 382, -1,
      382, 394, 14, -1,
      14, 394, 392, -1,
      14, 392, 390, -1,
      390, 388, 14, -1,
      14, 388, 371, -1,
      14, 371, 13, -1,
      377, 375, 388, -1,
      388, 375, 373, -1,
      388, 373, 371, -1,
      351, 353, 350, -1,
      350, 353, 355, -1,
      350, 355, 403, -1,
      403, 355, 366, -1,
      403, 366, 404, -1,
      404, 366, 364, -1,
      404, 364, 405, -1,
      405, 364, 362, -1,
      405, 362, 406, -1,
      406, 362, 360, -1,
      406, 360, 407, -1,
      407, 360, 358, -1,
      407, 358, 397, -1,
      397, 358, 357, -1,
      397, 357, 385, -1,
      385, 357, 369, -1,
      385, 369, 386, -1,
      386, 369, 381, -1,
      386, 381, 388, -1,
      388, 381, 379, -1,
      388, 379, 377, -1,
      408, 409, 410, -1,
      410, 409, 411, -1,
      409, 412, 411, -1,
      411, 412, 413, -1,
      412, 414, 413, -1,
      413, 414, 415, -1,
      416, 417, 418, -1,
      416, 418, 419, -1,
      419, 418, 420, -1,
      419, 420, 421, -1,
      421, 420, 422, -1,
      421, 422, 423, -1,
      423, 422, 424, -1,
      423, 424, 425, -1,
      425, 424, 426, -1,
      425, 426, 427, -1,
      427, 426, 415, -1,
      427, 415, 414, -1,
      416, 428, 417, -1,
      417, 428, 429, -1,
      430, 431, 432, -1,
      432, 431, 433, -1,
      432, 433, 434, -1,
      434, 433, 435, -1,
      434, 435, 436, -1,
      436, 435, 437, -1,
      436, 437, 438, -1,
      438, 437, 439, -1,
      438, 439, 440, -1,
      440, 439, 441, -1,
      440, 441, 428, -1,
      428, 441, 429, -1,
      430, 3, 431, -1,
      431, 3, 8, -1,
      442, 16, 443, -1,
      443, 16, 23, -1,
      444, 445, 446, -1,
      444, 446, 447, -1,
      447, 446, 448, -1,
      447, 448, 449, -1,
      449, 448, 450, -1,
      449, 450, 451, -1,
      451, 450, 452, -1,
      451, 452, 453, -1,
      453, 452, 454, -1,
      453, 454, 455, -1,
      455, 454, 442, -1,
      455, 442, 443, -1,
      444, 456, 445, -1,
      445, 456, 457, -1,
      451, 453, 4, -1,
      453, 455, 4, -1,
      4, 455, 443, -1,
      4, 443, 23, -1,
      430, 432, 449, -1,
      449, 432, 434, -1,
      451, 4, 449, -1,
      449, 4, 3, -1,
      449, 3, 430, -1,
      434, 436, 449, -1,
      449, 436, 438, -1,
      449, 438, 447, -1,
      447, 438, 440, -1,
      447, 440, 444, -1,
      444, 440, 428, -1,
      444, 428, 456, -1,
      456, 428, 416, -1,
      456, 416, 458, -1,
      458, 416, 419, -1,
      458, 419, 459, -1,
      459, 419, 421, -1,
      459, 421, 460, -1,
      460, 421, 423, -1,
      460, 423, 461, -1,
      461, 423, 425, -1,
      461, 425, 462, -1,
      462, 425, 427, -1,
      462, 427, 408, -1,
      408, 427, 414, -1,
      408, 414, 409, -1,
      409, 414, 412, -1,
      408, 410, 462, -1,
      462, 410, 463, -1,
      462, 463, 461, -1,
      461, 463, 464, -1,
      461, 464, 460, -1,
      460, 464, 465, -1,
      460, 465, 459, -1,
      459, 465, 466, -1,
      459, 466, 458, -1,
      458, 466, 467, -1,
      458, 467, 456, -1,
      456, 467, 457, -1,
      9, 16, 442, -1,
      442, 454, 9, -1,
      9, 454, 452, -1,
      9, 452, 450, -1,
      450, 448, 9, -1,
      9, 448, 431, -1,
      9, 431, 8, -1,
      437, 435, 448, -1,
      448, 435, 433, -1,
      448, 433, 431, -1,
      411, 413, 410, -1,
      410, 413, 415, -1,
      410, 415, 463, -1,
      463, 415, 426, -1,
      463, 426, 464, -1,
      464, 426, 424, -1,
      464, 424, 465, -1,
      465, 424, 422, -1,
      465, 422, 466, -1,
      466, 422, 420, -1,
      466, 420, 467, -1,
      467, 420, 418, -1,
      467, 418, 457, -1,
      457, 418, 417, -1,
      457, 417, 445, -1,
      445, 417, 429, -1,
      445, 429, 446, -1,
      446, 429, 441, -1,
      446, 441, 448, -1,
      448, 441, 439, -1,
      448, 439, 437, -1,
      468, 469, 470, -1,
      470, 469, 471, -1,
      469, 472, 471, -1,
      471, 472, 473, -1,
      472, 474, 473, -1,
      473, 474, 475, -1,
      476, 477, 478, -1,
      476, 478, 479, -1,
      479, 478, 480, -1,
      479, 480, 481, -1,
      481, 480, 482, -1,
      481, 482, 483, -1,
      483, 482, 484, -1,
      483, 484, 485, -1,
      485, 484, 486, -1,
      485, 486, 487, -1,
      487, 486, 475, -1,
      487, 475, 474, -1,
      476, 488, 477, -1,
      477, 488, 489, -1,
      490, 491, 492, -1,
      492, 491, 493, -1,
      492, 493, 494, -1,
      494, 493, 495, -1,
      494, 495, 496, -1,
      496, 495, 497, -1,
      496, 497, 498, -1,
      498, 497, 499, -1,
      498, 499, 500, -1,
      500, 499, 501, -1,
      500, 501, 488, -1,
      488, 501, 489, -1,
      490, 2, 491, -1,
      491, 2, 1, -1,
      502, 18, 503, -1,
      503, 18, 19, -1,
      504, 505, 506, -1,
      504, 506, 507, -1,
      507, 506, 508, -1,
      507, 508, 509, -1,
      509, 508, 510, -1,
      509, 510, 511, -1,
      511, 510, 512, -1,
      511, 512, 513, -1,
      513, 512, 514, -1,
      513, 514, 515, -1,
      515, 514, 502, -1,
      515, 502, 503, -1,
      504, 516, 505, -1,
      505, 516, 517, -1,
      511, 513, 10, -1,
      513, 515, 10, -1,
      10, 515, 503, -1,
      10, 503, 19, -1,
      490, 492, 509, -1,
      509, 492, 494, -1,
      511, 10, 509, -1,
      509, 10, 2, -1,
      509, 2, 490, -1,
      494, 496, 509, -1,
      509, 496, 498, -1,
      509, 498, 507, -1,
      507, 498, 500, -1,
      507, 500, 504, -1,
      504, 500, 488, -1,
      504, 488, 516, -1,
      516, 488, 476, -1,
      516, 476, 518, -1,
      518, 476, 479, -1,
      518, 479, 519, -1,
      519, 479, 481, -1,
      519, 481, 520, -1,
      520, 481, 483, -1,
      520, 483, 521, -1,
      521, 483, 485, -1,
      521, 485, 522, -1,
      522, 485, 487, -1,
      522, 487, 468, -1,
      468, 487, 474, -1,
      468, 474, 469, -1,
      469, 474, 472, -1,
      468, 470, 522, -1,
      522, 470, 523, -1,
      522, 523, 521, -1,
      521, 523, 524, -1,
      521, 524, 520, -1,
      520, 524, 525, -1,
      520, 525, 519, -1,
      519, 525, 526, -1,
      519, 526, 518, -1,
      518, 526, 527, -1,
      518, 527, 516, -1,
      516, 527, 517, -1,
      0, 18, 502, -1,
      502, 514, 0, -1,
      0, 514, 512, -1,
      0, 512, 510, -1,
      510, 508, 0, -1,
      0, 508, 491, -1,
      0, 491, 1, -1,
      497, 495, 508, -1,
      508, 495, 493, -1,
      508, 493, 491, -1,
      471, 473, 470, -1,
      470, 473, 475, -1,
      470, 475, 523, -1,
      523, 475, 486, -1,
      523, 486, 524, -1,
      524, 486, 484, -1,
      524, 484, 525, -1,
      525, 484, 482, -1,
      525, 482, 526, -1,
      526, 482, 480, -1,
      526, 480, 527, -1,
      527, 480, 478, -1,
      527, 478, 517, -1,
      517, 478, 477, -1,
      517, 477, 505, -1,
      505, 477, 489, -1,
      505, 489, 506, -1,
      506, 489, 501, -1,
      506, 501, 508, -1,
      508, 501, 499, -1,
      508, 499, 497, -1,
    ]
  }
}

Shape {
  appearance Appearance {
    material Material {
      diffuseColor 0.2235 0.2235 0.2235
      specularColor 0.1137 0.1137 0.1137
      ambientIntensity 0.2
      transparency 0.0000
      shininess 0.5
    }
  }
  geometry IndexedFaceSet {
    ccw TRUE
    solid FALSE
    coord DEF co Coordinate {
      point [
        0.326850 0.694761 0.275591,
        -0.304095 0.694761 0.275591,
        0.326850 -0.577037 0.275591,
        -0.304095 -0.577037 0.275591,
        0.891611 0.345457 0.275591,
        0.891611 0.402520 0.275591,
        0.891611 0.449065 0.275591,
        0.891611 0.515477 0.275591,
        0.393628 0.694761 0.275591,
        0.448897 0.694761 0.275591,
        0.478747 0.694761 0.275591,
        0.493973 0.694761 0.275591,
        0.530059 0.694761 0.275591,
        0.555126 0.694761 0.275591,
        0.575761 0.694761 0.275591,
        0.891611 0.694761 0.275591,
        0.389714 0.694761 0.275591,
        0.891611 0.319586 0.275591,
        0.389714 -0.577037 0.275591,
        0.393628 -0.577037 0.275591,
        0.448897 -0.577037 0.275591,
        0.478747 -0.577037 0.275591,
        0.493973 -0.577037 0.275591,
        0.530059 -0.577037 0.275591,
        0.555126 -0.577037 0.275591,
        0.575761 -0.577037 0.275591,
        0.891611 -0.577037 0.275591,
        -0.891611 -0.577037 0.275591,
        -0.891611 0.319586 0.275591,
        -0.891611 0.345457 0.275591,
        -0.891611 0.402520 0.275591,
        -0.891611 0.449065 0.275591,
        -0.891611 0.515477 0.275591,
        -0.891611 0.694761 0.275591,
        -0.925580 0.767717 0.000000,
        -0.891611 0.733748 -0.241700,
        0.891611 0.733748 -0.241700,
        0.925580 0.767717 -0.000000,
        -0.891611 0.733748 0.241700,
        0.891611 0.733748 0.241700,
        0.925580 -0.767717 0.000000,
        0.891611 -0.733748 -0.241700,
        -0.891611 -0.733748 -0.241700,
        -0.925580 -0.767717 -0.000000,
        -0.905556 -0.747692 0.142481,
        0.905556 -0.747692 0.142481,
        0.964567 0.728730 -0.000000,
        0.964567 -0.728730 -0.000000,
        0.930598 0.694761 -0.241700,
        0.930598 -0.694761 -0.241700,
        -0.930598 0.694761 -0.241700,
        -0.930598 -0.694761 -0.241700,
        -0.964567 0.728730 0.000000,
        -0.964567 -0.728730 -0.000000,
        -0.891611 -0.694761 -0.275591,
        -0.891611 0.694761 -0.275591,
        0.891611 -0.694761 -0.275591,
        0.891611 0.694761 -0.275591,
        0.930598 0.694761 0.241700,
        0.930598 -0.577037 0.241700,
        0.944543 -0.708705 0.142481,
        -0.930598 0.694761 0.241700,
        -0.930598 -0.577037 0.241700,
        -0.944543 -0.708705 0.142481,
        -0.891611 -0.600731 0.267663,
        -0.905556 -0.732399 0.168444,
        0.891611 -0.600731 0.267663,
        0.905556 -0.732399 0.168444,
        -0.928303 -0.694761 -0.250494,
        -0.928303 0.694761 -0.250494,
        -0.928171 -0.694761 -0.250741,
        -0.928171 0.694761 -0.250741,
        -0.923859 -0.694761 -0.258805,
        -0.923859 0.694761 -0.258805,
        -0.923710 -0.694761 -0.258972,
        -0.923710 0.694761 -0.258972,
        -0.917568 -0.694761 -0.265822,
        -0.917568 0.694761 -0.265822,
        -0.917429 -0.694761 -0.265917,
        -0.917429 0.694761 -0.265917,
        -0.909789 -0.694761 -0.271143,
        -0.909789 0.694761 -0.271143,
        -0.909684 -0.694761 -0.271182,
        -0.909684 0.694761 -0.271182,
        -0.900968 -0.694761 -0.274463,
        -0.900968 0.694761 -0.274463,
        -0.900913 -0.694761 -0.274469,
        -0.900913 0.694761 -0.274469,
        -0.891611 0.731452 -0.250494,
        0.891611 0.731452 -0.250494,
        -0.891611 0.731320 -0.250741,
        0.891611 0.731320 -0.250741,
        -0.891611 0.727009 -0.258805,
        0.891611 0.727009 -0.258805,
        -0.891611 0.726859 -0.258972,
        0.891611 0.726859 -0.258972,
        -0.891611 0.720717 -0.265822,
        0.891611 0.720717 -0.265822,
        -0.891611 0.720579 -0.265917,
        0.891611 0.720579 -0.265917,
        -0.891611 0.712938 -0.271143,
        0.891611 0.712938 -0.271143,
        -0.891611 0.712834 -0.271182,
        0.891611 0.712834 -0.271182,
        -0.891611 0.704118 -0.274463,
        0.891611 0.704118 -0.274463,
        -0.891611 0.704062 -0.274469,
        0.891611 0.704062 -0.274469,
        0.928303 0.694761 -0.250494,
        0.928303 -0.694761 -0.250494,
        0.928171 0.694761 -0.250741,
        0.928171 -0.694761 -0.250741,
        0.923859 0.694761 -0.258805,
        0.923859 -0.694761 -0.258805,
        0.923710 0.694761 -0.258972,
        0.923710 -0.694761 -0.258972,
        0.917568 0.694761 -0.265822,
        0.917568 -0.694761 -0.265822,
        0.917429 0.694761 -0.265917,
        0.917429 -0.694761 -0.265917,
        0.909789 0.694761 -0.271143,
        0.909789 -0.694761 -0.271143,
        0.909684 0.694761 -0.271182,
        0.909684 -0.694761 -0.271182,
        0.900968 0.694761 -0.274463,
        0.900968 -0.694761 -0.274463,
        0.900913 0.694761 -0.274469,
        0.900913 -0.694761 -0.274469,
        0.891611 -0.731452 -0.250494,
        -0.891611 -0.731452 -0.250494,
        0.891611 -0.731320 -0.250741,
        -0.891611 -0.731320 -0.250741,
        0.891611 -0.727009 -0.258805,
        -0.891611 -0.727009 -0.258805,
        0.891611 -0.726859 -0.258972,
        -0.891611 -0.726859 -0.258972,
        0.891611 -0.720717 -0.265822,
        -0.891611 -0.720717 -0.265822,
        0.891611 -0.720579 -0.265917,
        -0.891611 -0.720579 -0.265917,
        0.891611 -0.712938 -0.271143,
        -0.891611 -0.712938 -0.271143,
        0.891611 -0.712834 -0.271182,
        -0.891611 -0.712834 -0.271182,
        0.891611 -0.704118 -0.274463,
        -0.891611 -0.704118 -0.274463,
        0.891611 -0.704062 -0.274469,
        -0.891611 -0.704062 -0.274469,
        -0.900733 -0.696843 -0.274463,
        -0.897445 -0.702076 -0.274463,
        -0.898927 -0.700595 -0.274463,
        -0.895656 -0.712483 -0.271143,
        -0.897387 -0.720067 -0.265822,
        -0.898787 -0.726200 -0.258805,
        -0.899776 -0.730533 -0.250494,
        -0.907531 -0.727819 -0.250494,
        -0.925127 -0.714040 -0.243640,
        -0.926235 -0.711448 -0.243432,
        -0.924669 -0.710681 -0.250494,
        -0.929109 -0.704732 -0.242892,
        -0.929311 -0.703378 -0.242730,
        -0.927383 -0.702926 -0.250494,
        -0.914488 -0.723448 -0.250494,
        -0.915500 -0.724709 -0.243787,
        -0.918916 -0.722066 -0.243895,
        -0.908299 -0.729385 -0.243432,
        -0.910890 -0.728276 -0.243640,
        -0.901582 -0.732259 -0.242892,
        -0.900228 -0.732461 -0.242730,
        -0.923051 -0.701937 -0.258805,
        -0.905603 -0.723815 -0.258805,
        -0.916917 -0.700537 -0.265822,
        -0.902873 -0.718147 -0.265822,
        -0.911718 -0.719973 -0.258805,
        -0.920298 -0.717638 -0.250494,
        -0.921559 -0.718650 -0.243787,
        -0.909333 -0.698806 -0.271143,
        -0.916824 -0.714867 -0.258805,
        -0.907795 -0.715054 -0.265822,
        -0.899498 -0.711138 -0.271143,
        -0.893693 -0.703883 -0.274463,
        -0.905823 -0.706094 -0.271143,
        -0.920666 -0.708753 -0.258805,
        -0.914997 -0.706023 -0.265822,
        -0.907989 -0.702648 -0.271143,
        -0.900041 -0.698821 -0.274463,
        -0.911905 -0.710944 -0.265822,
        -0.902945 -0.708972 -0.271143,
        -0.895671 -0.703191 -0.274463,
        -0.894033 0.703799 -0.274463,
        -0.909169 0.699466 -0.271143,
        -0.916683 0.701479 -0.265822,
        -0.922761 0.703107 -0.258805,
        -0.927053 0.704257 -0.250494,
        -0.923387 0.713107 -0.250494,
        -0.901582 0.732259 -0.242892,
        -0.910890 0.728276 -0.243640,
        -0.901650 0.732230 -0.242897,
        -0.901108 0.730202 -0.250494,
        -0.929109 0.704732 -0.242892,
        -0.929080 0.704799 -0.242897,
        -0.925127 0.714040 -0.243640,
        -0.925089 0.714088 -0.243642,
        -0.918916 0.722066 -0.243895,
        -0.899958 0.725910 -0.258805,
        -0.919539 0.710885 -0.258805,
        -0.917556 0.720706 -0.250494,
        -0.898330 0.719833 -0.265822,
        -0.914090 0.707739 -0.265822,
        -0.914414 0.717564 -0.258805,
        -0.896316 0.712319 -0.271143,
        -0.909965 0.713115 -0.265822,
        -0.907354 0.703850 -0.271143,
        -0.900649 0.697183 -0.274463,
        -0.910939 0.728239 -0.243642,
        -0.909957 0.726537 -0.250494,
        -0.907735 0.722689 -0.258805,
        -0.904589 0.717240 -0.265822,
        -0.900700 0.710503 -0.271143,
        -0.896290 0.702864 -0.274463,
        -0.904465 0.707614 -0.271143,
        -0.899715 0.699439 -0.274463,
        -0.898228 0.701377 -0.274463,
        0.900649 0.697183 -0.274463,
        0.896316 0.712319 -0.271143,
        0.898330 0.719833 -0.265822,
        0.899958 0.725910 -0.258805,
        0.901108 0.730202 -0.250494,
        0.909957 0.726537 -0.250494,
        0.929109 0.704732 -0.242892,
        0.925127 0.714040 -0.243640,
        0.929080 0.704799 -0.242897,
        0.927053 0.704257 -0.250494,
        0.901582 0.732259 -0.242892,
        0.901650 0.732230 -0.242897,
        0.910890 0.728276 -0.243640,
        0.910939 0.728239 -0.243642,
        0.918916 0.722066 -0.243895,
        0.922761 0.703107 -0.258805,
        0.907735 0.722689 -0.258805,
        0.917556 0.720706 -0.250494,
        0.916683 0.701479 -0.265822,
        0.904589 0.717240 -0.265822,
        0.914414 0.717564 -0.258805,
        0.909169 0.699466 -0.271143,
        0.909965 0.713115 -0.265822,
        0.900700 0.710503 -0.271143,
        0.894033 0.703799 -0.274463,
        0.925089 0.714088 -0.243642,
        0.923387 0.713107 -0.250494,
        0.919539 0.710885 -0.258805,
        0.914090 0.707739 -0.265822,
        0.907354 0.703850 -0.271143,
        0.899715 0.699439 -0.274463,
        0.904465 0.707614 -0.271143,
        0.896290 0.702864 -0.274463,
        0.898228 0.701377 -0.274463,
        0.894033 -0.703799 -0.274463,
        0.909169 -0.699466 -0.271143,
        0.916683 -0.701479 -0.265822,
        0.922761 -0.703107 -0.258805,
        0.927053 -0.704257 -0.250494,
        0.923387 -0.713107 -0.250494,
        0.901582 -0.732259 -0.242892,
        0.910890 -0.728276 -0.243640,
        0.901650 -0.732230 -0.242897,
        0.901108 -0.730202 -0.250494,
        0.929109 -0.704732 -0.242892,
        0.929080 -0.704799 -0.242897,
        0.925127 -0.714040 -0.243640,
        0.925089 -0.714088 -0.243642,
        0.918916 -0.722066 -0.243895,
        0.899958 -0.725910 -0.258805,
        0.919539 -0.710885 -0.258805,
        0.917556 -0.720706 -0.250494,
        0.898330 -0.719833 -0.265822,
        0.914090 -0.707739 -0.265822,
        0.914414 -0.717564 -0.258805,
        0.896316 -0.712319 -0.271143,
        0.909965 -0.713115 -0.265822,
        0.907354 -0.703850 -0.271143,
        0.900649 -0.697183 -0.274463,
        0.910939 -0.728239 -0.243642,
        0.909957 -0.726537 -0.250494,
        0.907735 -0.722689 -0.258805,
        0.904589 -0.717240 -0.265822,
        0.900700 -0.710503 -0.271143,
        0.896290 -0.702864 -0.274463,
        0.904465 -0.707614 -0.271143,
        0.899715 -0.699439 -0.274463,
        0.898228 -0.701377 -0.274463,
        -0.963245 -0.738868 0.000000,
        -0.961614 -0.743706 0.000000,
        -0.959368 -0.748281 0.000000,
        -0.956546 -0.752517 0.000000,
        -0.953193 -0.756343 0.000000,
        -0.949367 -0.759695 0.000000,
        -0.945131 -0.762518 0.000000,
        -0.940556 -0.764763 0.000000,
        -0.935718 -0.766395 0.000000,
        -0.935718 0.766395 0.000000,
        -0.940556 0.764763 0.000000,
        -0.945131 0.762518 0.000000,
        -0.949367 0.759695 0.000000,
        -0.953193 0.756343 0.000000,
        -0.956546 0.752517 0.000000,
        -0.959368 0.748281 0.000000,
        -0.961614 0.743706 0.000000,
        -0.963245 0.738868 0.000000,
        0.963245 0.738868 0.000000,
        0.961614 0.743706 0.000000,
        0.959368 0.748281 0.000000,
        0.956546 0.752517 0.000000,
        0.953193 0.756343 0.000000,
        0.949367 0.759695 0.000000,
        0.945131 0.762518 0.000000,
        0.940556 0.764763 0.000000,
        0.935718 0.766395 0.000000,
        0.935718 -0.766395 0.000000,
        0.940556 -0.764763 0.000000,
        0.945131 -0.762518 0.000000,
        0.949367 -0.759695 0.000000,
        0.953193 -0.756343 0.000000,
        0.956546 -0.752517 0.000000,
        0.959368 -0.748281 0.000000,
        0.961614 -0.743706 0.000000,
        0.963245 -0.738868 0.000000,
        -0.914224 -0.746398 0.143517,
        -0.915526 -0.746203 0.143673,
        -0.922339 -0.743289 0.144220,
        -0.924834 -0.742220 0.144421,
        -0.929568 -0.738558 0.144572,
        -0.932860 -0.736010 0.144676,
        -0.935631 -0.732430 0.144563,
        -0.939071 -0.727984 0.144421,
        -0.940282 -0.725154 0.144194,
        -0.943302 -0.717013 0.143474,
        -0.943054 -0.718676 0.143673,
        -0.929109 0.704732 0.242892,
        -0.929080 0.704799 0.242897,
        -0.925127 0.714040 0.243640,
        -0.925089 0.714088 0.243642,
        -0.918916 0.722066 0.243895,
        -0.910939 0.728239 0.243642,
        -0.910890 0.728276 0.243640,
        -0.901650 0.732230 0.242897,
        -0.901582 0.732259 0.242892,
        0.891611 0.704062 0.274469,
        -0.891611 0.704062 0.274469,
        -0.891611 0.704118 0.274463,
        0.891611 0.704118 0.274463,
        -0.891611 0.712834 0.271182,
        0.891611 0.712834 0.271182,
        -0.891611 0.712938 0.271143,
        0.891611 0.712938 0.271143,
        -0.891611 0.720579 0.265917,
        0.891611 0.720579 0.265917,
        -0.891611 0.720717 0.265822,
        0.891611 0.720717 0.265822,
        -0.891611 0.726859 0.258972,
        0.891611 0.726859 0.258972,
        -0.891611 0.727009 0.258805,
        0.891611 0.727009 0.258805,
        -0.891611 0.731320 0.250741,
        0.891611 0.731320 0.250741,
        -0.891611 0.731452 0.250494,
        0.891611 0.731452 0.250494,
        0.900228 0.732461 0.242730,
        0.901582 0.732259 0.242892,
        0.908299 0.729385 0.243432,
        0.910890 0.728276 0.243640,
        0.915500 0.724709 0.243787,
        0.918916 0.722066 0.243895,
        0.921559 0.718650 0.243787,
        0.925127 0.714040 0.243640,
        0.926235 0.711448 0.243432,
        0.929311 0.703378 0.242730,
        0.929109 0.704732 0.242892,
        0.943302 -0.717013 0.143474,
        0.943054 -0.718676 0.143673,
        0.940282 -0.725154 0.144194,
        0.939071 -0.727984 0.144421,
        0.935631 -0.732430 0.144563,
        0.932860 -0.736010 0.144676,
        0.929568 -0.738558 0.144572,
        0.924834 -0.742220 0.144421,
        0.922339 -0.743289 0.144220,
        0.914224 -0.746398 0.143517,
        0.915526 -0.746203 0.143673,
        0.905556 -0.737963 0.163346,
        -0.905556 -0.737963 0.163346,
        0.905556 -0.739586 0.161135,
        -0.905556 -0.739586 0.161135,
        0.905556 -0.742601 0.157029,
        -0.905556 -0.742601 0.157029,
        0.905556 -0.744787 0.152311,
        -0.905556 -0.744787 0.152311,
        0.905556 -0.745896 0.149919,
        -0.905556 -0.745896 0.149919,
        -0.928639 -0.726096 0.163325,
        -0.928327 -0.726610 0.163188,
        -0.928170 -0.726326 0.163563,
        -0.937216 -0.720430 0.157011,
        -0.936193 -0.723206 0.157029,
        -0.934695 -0.722338 0.159189,
        -0.942263 -0.714549 0.149915,
        -0.941880 -0.716688 0.149919,
        -0.940807 -0.716352 0.152104,
        -0.942345 -0.714447 0.149792,
        -0.937981 -0.719851 0.156350,
        -0.939171 -0.724616 0.149919,
        -0.931708 -0.724599 0.161769,
        -0.932170 -0.729696 0.157029,
        -0.923896 -0.728411 0.165730,
        -0.923890 -0.731506 0.163346,
        -0.922003 -0.728976 0.166213,
        -0.918321 -0.735031 0.163346,
        -0.916257 -0.730689 0.167680,
        -0.915004 -0.731063 0.167999,
        -0.912104 -0.737220 0.163346,
        -0.910866 -0.731648 0.168194,
        -0.913880 -0.744952 0.149919,
        -0.921782 -0.742169 0.149919,
        -0.928861 -0.737688 0.149919,
        -0.934757 -0.731736 0.149919,
        -0.913143 -0.741741 0.157029,
        -0.926796 -0.735120 0.157029,
        -0.920344 -0.739204 0.157029,
        -0.923710 0.694761 0.258972,
        -0.917568 0.694761 0.265822,
        -0.916683 0.701479 0.265822,
        -0.909169 0.699466 0.271143,
        -0.900649 0.697183 0.274463,
        -0.899715 0.699439 0.274463,
        -0.896290 0.702864 0.274463,
        -0.898228 0.701377 0.274463,
        -0.894033 0.703799 0.274463,
        -0.900913 0.694761 0.274469,
        -0.927053 0.704257 0.250494,
        -0.923387 0.713107 0.250494,
        -0.917556 0.720706 0.250494,
        -0.909957 0.726537 0.250494,
        -0.901108 0.730202 0.250494,
        -0.917429 0.694761 0.265917,
        -0.909789 0.694761 0.271143,
        -0.909684 0.694761 0.271182,
        -0.900968 0.694761 0.274463,
        -0.907354 0.703850 0.271143,
        -0.904465 0.707614 0.271143,
        -0.900700 0.710503 0.271143,
        -0.896316 0.712319 0.271143,
        -0.914090 0.707739 0.265822,
        -0.909965 0.713115 0.265822,
        -0.904589 0.717240 0.265822,
        -0.898330 0.719833 0.265822,
        -0.928171 0.694761 0.250741,
        -0.923859 0.694761 0.258805,
        -0.922761 0.703107 0.258805,
        -0.919539 0.710885 0.258805,
        -0.914414 0.717564 0.258805,
        -0.907735 0.722689 0.258805,
        -0.899958 0.725910 0.258805,
        -0.928303 0.694761 0.250494,
        0.898787 0.726200 0.258805,
        0.897387 0.720067 0.265822,
        0.895656 0.712483 0.271143,
        0.893693 0.703883 0.274463,
        0.895671 0.703191 0.274463,
        0.900041 0.698821 0.274463,
        0.898927 0.700595 0.274463,
        0.900733 0.696843 0.274463,
        0.899776 0.730533 0.250494,
        0.907531 0.727819 0.250494,
        0.914488 0.723448 0.250494,
        0.920298 0.717638 0.250494,
        0.924669 0.710681 0.250494,
        0.927383 0.702926 0.250494,
        0.928303 0.694761 0.250494,
        0.900913 0.694761 0.274469,
        0.902945 0.708972 0.271143,
        0.905823 0.706094 0.271143,
        0.907989 0.702648 0.271143,
        0.909333 0.698806 0.271143,
        0.899498 0.711138 0.271143,
        0.897445 0.702076 0.274463,
        0.900968 0.694761 0.274463,
        0.909684 0.694761 0.271182,
        0.909789 0.694761 0.271143,
        0.917429 0.694761 0.265917,
        0.902873 0.718147 0.265822,
        0.907795 0.715054 0.265822,
        0.911905 0.710944 0.265822,
        0.914997 0.706023 0.265822,
        0.916917 0.700537 0.265822,
        0.905603 0.723815 0.258805,
        0.911718 0.719973 0.258805,
        0.916824 0.714867 0.258805,
        0.920666 0.708753 0.258805,
        0.923051 0.701937 0.258805,
        0.917568 0.694761 0.265822,
        0.923710 0.694761 0.258972,
        0.923859 0.694761 0.258805,
        0.928171 0.694761 0.250741,
        0.931708 -0.724599 0.161769,
        0.928639 -0.726096 0.163325,
        0.928327 -0.726610 0.163188,
        0.923890 -0.731506 0.163346,
        0.916257 -0.730689 0.167680,
        0.918321 -0.735031 0.163346,
        0.915004 -0.731063 0.167999,
        0.912104 -0.737220 0.163346,
        0.910866 -0.731648 0.168194,
        0.928170 -0.726326 0.163563,
        0.923896 -0.728411 0.165730,
        0.922003 -0.728976 0.166213,
        0.937981 -0.719851 0.156350,
        0.937216 -0.720430 0.157011,
        0.936193 -0.723206 0.157029,
        0.934695 -0.722338 0.159189,
        0.932170 -0.729696 0.157029,
        0.942345 -0.714447 0.149792,
        0.942263 -0.714549 0.149915,
        0.941880 -0.716688 0.149919,
        0.940807 -0.716352 0.152104,
        0.939171 -0.724616 0.149919,
        0.934757 -0.731736 0.149919,
        0.928861 -0.737688 0.149919,
        0.921782 -0.742169 0.149919,
        0.913880 -0.744952 0.149919,
        0.926796 -0.735120 0.157029,
        0.920344 -0.739204 0.157029,
        0.913143 -0.741741 0.157029,
        -0.928400 -0.582780 0.249011,
        -0.924037 -0.588183 0.255569,
        -0.926661 -0.584933 0.251625,
        -0.927433 -0.583978 0.250465,
        -0.920554 -0.590819 0.258578,
        -0.920329 -0.590990 0.258772,
        -0.917764 -0.592931 0.260988,
        -0.914072 -0.594733 0.262860,
        -0.909952 -0.596743 0.264949,
        -0.907953 -0.597339 0.265459,
        -0.896890 -0.599985 0.267415,
        -0.901060 -0.599395 0.267218,
        -0.902246 -0.599041 0.266915,
        -0.906549 -0.597758 0.265817,
        -0.928303 -0.577037 0.250494,
        -0.928171 -0.577037 0.250741,
        -0.923859 -0.577037 0.258805,
        -0.923710 -0.577037 0.258972,
        -0.917568 -0.577037 0.265822,
        -0.917429 -0.577037 0.265917,
        -0.909789 -0.577037 0.271143,
        -0.909684 -0.577037 0.271182,
        -0.900968 -0.577037 0.274463,
        -0.900913 -0.577037 0.274469,
        0.900913 -0.577037 0.274469,
        0.928303 -0.577037 0.250494,
        0.928171 -0.577037 0.250741,
        0.923859 -0.577037 0.258805,
        0.923710 -0.577037 0.258972,
        0.917568 -0.577037 0.265822,
        0.917429 -0.577037 0.265917,
        0.909789 -0.577037 0.271143,
        0.909684 -0.577037 0.271182,
        0.900968 -0.577037 0.274463,
        0.909952 -0.596743 0.264949,
        0.928400 -0.582780 0.249011,
        0.927433 -0.583978 0.250465,
        0.926661 -0.584933 0.251625,
        0.924037 -0.588183 0.255569,
        0.920554 -0.590819 0.258578,
        0.920329 -0.590990 0.258772,
        0.917764 -0.592931 0.260988,
        0.914072 -0.594733 0.262860,
        0.907953 -0.597339 0.265459,
        0.906549 -0.597758 0.265817,
        0.902246 -0.599041 0.266915,
        0.901060 -0.599395 0.267218,
        0.896890 -0.599985 0.267415,
        -0.909333 -0.581082 0.271143,
        -0.907989 -0.584924 0.271143,
        -0.900041 -0.581097 0.274463,
        -0.900733 -0.579119 0.274463,
        -0.899498 -0.593415 0.271143,
        -0.895671 -0.585467 0.274463,
        -0.897445 -0.584353 0.274463,
        -0.911905 -0.593221 0.265822,
        -0.895656 -0.594759 0.271143,
        -0.907695 -0.597048 0.265722,
        -0.902945 -0.591249 0.271143,
        -0.914997 -0.588299 0.265822,
        -0.923051 -0.584213 0.258805,
        -0.891611 -0.595215 0.271143,
        -0.891611 -0.593403 0.271825,
        -0.893693 -0.586159 0.274463,
        -0.891611 -0.586394 0.274463,
        -0.891611 -0.585434 0.274578,
        -0.905823 -0.588371 0.271143,
        -0.898927 -0.582871 0.274463,
        -0.916917 -0.582813 0.265822,
        0.909333 -0.581082 0.271143,
        0.900733 -0.579119 0.274463,
        0.900041 -0.581097 0.274463,
        0.907695 -0.597048 0.265722,
        0.911905 -0.593221 0.265822,
        0.914997 -0.588299 0.265822,
        0.923051 -0.584213 0.258805,
        0.893693 -0.586159 0.274463,
        0.891611 -0.585434 0.274578,
        0.895671 -0.585467 0.274463,
        0.899498 -0.593415 0.271143,
        0.902945 -0.591249 0.271143,
        0.891611 -0.595215 0.271143,
        0.895656 -0.594759 0.271143,
        0.891611 -0.593403 0.271825,
        0.891611 -0.586394 0.274463,
        0.916917 -0.582813 0.265822,
        0.907989 -0.584924 0.271143,
        0.898927 -0.582871 0.274463,
        0.897445 -0.584353 0.274463,
        0.905823 -0.588371 0.271143,
      ]
    }
    coordIndex [
      51, 50, 68, -1,
      68, 50, 69, -1,
      68, 69, 70, -1,
      70, 69, 71, -1,
      70, 71, 72, -1,
      72, 71, 73, -1,
      72, 73, 74, -1,
      74, 73, 75, -1,
      74, 75, 76, -1,
      76, 75, 77, -1,
      76, 77, 78, -1,
      78, 77, 79, -1,
      78, 79, 80, -1,
      80, 79, 81, -1,
      80, 81, 82, -1,
      82, 81, 83, -1,
      82, 83, 84, -1,
      84, 83, 85, -1,
      84, 85, 86, -1,
      85, 87, 86, -1,
      86, 87, 55, -1,
      86, 55, 54, -1,
      35, 36, 88, -1,
      88, 36, 89, -1,
      88, 89, 90, -1,
      90, 89, 91, -1,
      90, 91, 92, -1,
      92, 91, 93, -1,
      92, 93, 94, -1,
      94, 93, 95, -1,
      94, 95, 96, -1,
      96, 95, 97, -1,
      96, 97, 98, -1,
      98, 97, 99, -1,
      98, 99, 100, -1,
      100, 99, 101, -1,
      100, 101, 102, -1,
      102, 101, 103, -1,
      102, 103, 104, -1,
      104, 103, 105, -1,
      104, 105, 106, -1,
      105, 107, 106, -1,
      106, 107, 57, -1,
      106, 57, 55, -1,
      48, 49, 108, -1,
      108, 49, 109, -1,
      108, 109, 110, -1,
      110, 109, 111, -1,
      110, 111, 112, -1,
      112, 111, 113, -1,
      112, 113, 114, -1,
      114, 113, 115, -1,
      114, 115, 116, -1,
      116, 115, 117, -1,
      116, 117, 118, -1,
      118, 117, 119, -1,
      118, 119, 120, -1,
      120, 119, 121, -1,
      120, 121, 122, -1,
      122, 121, 123, -1,
      122, 123, 124, -1,
      124, 123, 125, -1,
      124, 125, 126, -1,
      125, 127, 126, -1,
      126, 127, 56, -1,
      126, 56, 57, -1,
      41, 42, 128, -1,
      128, 42, 129, -1,
      128, 129, 130, -1,
      130, 129, 131, -1,
      130, 131, 132, -1,
      132, 131, 133, -1,
      132, 133, 134, -1,
      134, 133, 135, -1,
      134, 135, 136, -1,
      136, 135, 137, -1,
      136, 137, 138, -1,
      138, 137, 139, -1,
      138, 139, 140, -1,
      140, 139, 141, -1,
      140, 141, 142, -1,
      142, 141, 143, -1,
      142, 143, 144, -1,
      144, 143, 145, -1,
      144, 145, 146, -1,
      145, 147, 146, -1,
      146, 147, 54, -1,
      146, 54, 56, -1,
      86, 54, 148, -1,
      149, 150, 54, -1,
      143, 141, 151, -1,
      139, 137, 152, -1,
      153, 154, 155, -1,
      156, 157, 158, -1,
      159, 160, 161, -1,
      161, 160, 51, -1,
      162, 163, 164, -1,
      155, 165, 166, -1,
      165, 155, 167, -1,
      167, 155, 154, -1,
      167, 154, 168, -1,
      42, 168, 129, -1,
      129, 168, 154, -1,
      129, 154, 131, -1,
      131, 154, 153, -1,
      131, 153, 133, -1,
      133, 153, 135, -1,
      51, 68, 161, -1,
      161, 68, 70, -1,
      161, 70, 169, -1,
      137, 135, 152, -1,
      152, 135, 153, -1,
      152, 153, 170, -1,
      170, 153, 155, -1,
      170, 155, 162, -1,
      162, 155, 166, -1,
      162, 166, 163, -1,
      70, 72, 169, -1,
      169, 72, 74, -1,
      169, 74, 171, -1,
      141, 139, 151, -1,
      151, 139, 152, -1,
      151, 152, 172, -1,
      172, 152, 170, -1,
      172, 170, 173, -1,
      173, 170, 162, -1,
      173, 162, 174, -1,
      174, 162, 164, -1,
      174, 164, 175, -1,
      74, 76, 171, -1,
      171, 76, 78, -1,
      171, 78, 176, -1,
      174, 177, 173, -1,
      173, 177, 178, -1,
      173, 178, 172, -1,
      172, 178, 179, -1,
      172, 179, 151, -1,
      151, 179, 180, -1,
      151, 180, 143, -1,
      150, 149, 181, -1,
      157, 159, 158, -1,
      158, 159, 161, -1,
      158, 161, 182, -1,
      182, 161, 169, -1,
      182, 169, 183, -1,
      183, 169, 171, -1,
      183, 171, 184, -1,
      184, 171, 176, -1,
      184, 176, 185, -1,
      185, 176, 148, -1,
      185, 148, 54, -1,
      54, 147, 180, -1,
      180, 147, 145, -1,
      180, 145, 143, -1,
      177, 186, 178, -1,
      178, 186, 187, -1,
      178, 187, 179, -1,
      179, 187, 188, -1,
      179, 188, 180, -1,
      180, 188, 54, -1,
      186, 181, 187, -1,
      187, 181, 149, -1,
      187, 149, 188, -1,
      188, 149, 54, -1,
      78, 80, 176, -1,
      176, 80, 82, -1,
      176, 82, 148, -1,
      148, 82, 84, -1,
      148, 84, 86, -1,
      175, 156, 174, -1,
      174, 156, 158, -1,
      174, 158, 177, -1,
      177, 158, 182, -1,
      177, 182, 186, -1,
      186, 182, 183, -1,
      186, 183, 181, -1,
      181, 183, 184, -1,
      181, 184, 150, -1,
      150, 184, 185, -1,
      150, 185, 54, -1,
      106, 55, 189, -1,
      83, 81, 190, -1,
      79, 77, 191, -1,
      192, 193, 194, -1,
      195, 35, 88, -1,
      196, 197, 198, -1,
      198, 197, 195, -1,
      199, 200, 193, -1,
      193, 200, 201, -1,
      193, 201, 194, -1,
      194, 201, 202, -1,
      194, 202, 203, -1,
      50, 199, 69, -1,
      69, 199, 193, -1,
      69, 193, 71, -1,
      71, 193, 192, -1,
      71, 192, 73, -1,
      73, 192, 75, -1,
      195, 88, 198, -1,
      198, 88, 90, -1,
      198, 90, 204, -1,
      77, 75, 191, -1,
      191, 75, 192, -1,
      191, 192, 205, -1,
      205, 192, 194, -1,
      205, 194, 206, -1,
      206, 194, 203, -1,
      90, 92, 204, -1,
      204, 92, 94, -1,
      204, 94, 207, -1,
      81, 79, 190, -1,
      190, 79, 191, -1,
      190, 191, 208, -1,
      208, 191, 205, -1,
      208, 205, 209, -1,
      209, 205, 206, -1,
      94, 96, 207, -1,
      207, 96, 98, -1,
      207, 98, 210, -1,
      209, 211, 208, -1,
      208, 211, 212, -1,
      208, 212, 190, -1,
      190, 212, 213, -1,
      190, 213, 83, -1,
      214, 196, 215, -1,
      215, 196, 198, -1,
      215, 198, 216, -1,
      216, 198, 204, -1,
      216, 204, 217, -1,
      217, 204, 207, -1,
      217, 207, 218, -1,
      218, 207, 210, -1,
      218, 210, 219, -1,
      219, 210, 189, -1,
      219, 189, 55, -1,
      55, 87, 213, -1,
      213, 87, 85, -1,
      213, 85, 83, -1,
      211, 220, 212, -1,
      212, 220, 221, -1,
      212, 221, 213, -1,
      213, 221, 55, -1,
      220, 222, 221, -1,
      221, 222, 55, -1,
      98, 100, 210, -1,
      210, 100, 102, -1,
      210, 102, 189, -1,
      189, 102, 104, -1,
      189, 104, 106, -1,
      203, 214, 206, -1,
      206, 214, 215, -1,
      206, 215, 209, -1,
      209, 215, 216, -1,
      209, 216, 211, -1,
      211, 216, 217, -1,
      211, 217, 220, -1,
      220, 217, 218, -1,
      220, 218, 222, -1,
      222, 218, 219, -1,
      222, 219, 55, -1,
      126, 57, 223, -1,
      103, 101, 224, -1,
      99, 97, 225, -1,
      226, 227, 228, -1,
      229, 48, 108, -1,
      230, 231, 232, -1,
      232, 231, 229, -1,
      233, 234, 227, -1,
      227, 234, 235, -1,
      227, 235, 228, -1,
      228, 235, 236, -1,
      228, 236, 237, -1,
      36, 233, 89, -1,
      89, 233, 227, -1,
      89, 227, 91, -1,
      91, 227, 226, -1,
      91, 226, 93, -1,
      93, 226, 95, -1,
      229, 108, 232, -1,
      232, 108, 110, -1,
      232, 110, 238, -1,
      97, 95, 225, -1,
      225, 95, 226, -1,
      225, 226, 239, -1,
      239, 226, 228, -1,
      239, 228, 240, -1,
      240, 228, 237, -1,
      110, 112, 238, -1,
      238, 112, 114, -1,
      238, 114, 241, -1,
      101, 99, 224, -1,
      224, 99, 225, -1,
      224, 225, 242, -1,
      242, 225, 239, -1,
      242, 239, 243, -1,
      243, 239, 240, -1,
      114, 116, 241, -1,
      241, 116, 118, -1,
      241, 118, 244, -1,
      243, 245, 242, -1,
      242, 245, 246, -1,
      242, 246, 224, -1,
      224, 246, 247, -1,
      224, 247, 103, -1,
      248, 230, 249, -1,
      249, 230, 232, -1,
      249, 232, 250, -1,
      250, 232, 238, -1,
      250, 238, 251, -1,
      251, 238, 241, -1,
      251, 241, 252, -1,
      252, 241, 244, -1,
      252, 244, 253, -1,
      253, 244, 223, -1,
      253, 223, 57, -1,
      57, 107, 247, -1,
      247, 107, 105, -1,
      247, 105, 103, -1,
      245, 254, 246, -1,
      246, 254, 255, -1,
      246, 255, 247, -1,
      247, 255, 57, -1,
      254, 256, 255, -1,
      255, 256, 57, -1,
      118, 120, 244, -1,
      244, 120, 122, -1,
      244, 122, 223, -1,
      223, 122, 124, -1,
      223, 124, 126, -1,
      237, 248, 240, -1,
      240, 248, 249, -1,
      240, 249, 243, -1,
      243, 249, 250, -1,
      243, 250, 245, -1,
      245, 250, 251, -1,
      245, 251, 254, -1,
      254, 251, 252, -1,
      254, 252, 256, -1,
      256, 252, 253, -1,
      256, 253, 57, -1,
      146, 56, 257, -1,
      123, 121, 258, -1,
      119, 117, 259, -1,
      260, 261, 262, -1,
      263, 41, 128, -1,
      264, 265, 266, -1,
      266, 265, 263, -1,
      267, 268, 261, -1,
      261, 268, 269, -1,
      261, 269, 262, -1,
      262, 269, 270, -1,
      262, 270, 271, -1,
      49, 267, 109, -1,
      109, 267, 261, -1,
      109, 261, 111, -1,
      111, 261, 260, -1,
      111, 260, 113, -1,
      113, 260, 115, -1,
      263, 128, 266, -1,
      266, 128, 130, -1,
      266, 130, 272, -1,
      117, 115, 259, -1,
      259, 115, 260, -1,
      259, 260, 273, -1,
      273, 260, 262, -1,
      273, 262, 274, -1,
      274, 262, 271, -1,
      130, 132, 272, -1,
      272, 132, 134, -1,
      272, 134, 275, -1,
      121, 119, 258, -1,
      258, 119, 259, -1,
      258, 259, 276, -1,
      276, 259, 273, -1,
      276, 273, 277, -1,
      277, 273, 274, -1,
      134, 136, 275, -1,
      275, 136, 138, -1,
      275, 138, 278, -1,
      277, 279, 276, -1,
      276, 279, 280, -1,
      276, 280, 258, -1,
      258, 280, 281, -1,
      258, 281, 123, -1,
      282, 264, 283, -1,
      283, 264, 266, -1,
      283, 266, 284, -1,
      284, 266, 272, -1,
      284, 272, 285, -1,
      285, 272, 275, -1,
      285, 275, 286, -1,
      286, 275, 278, -1,
      286, 278, 287, -1,
      287, 278, 257, -1,
      287, 257, 56, -1,
      56, 127, 281, -1,
      281, 127, 125, -1,
      281, 125, 123, -1,
      279, 288, 280, -1,
      280, 288, 289, -1,
      280, 289, 281, -1,
      281, 289, 56, -1,
      288, 290, 289, -1,
      289, 290, 56, -1,
      138, 140, 278, -1,
      278, 140, 142, -1,
      278, 142, 257, -1,
      257, 142, 144, -1,
      257, 144, 146, -1,
      271, 282, 274, -1,
      274, 282, 283, -1,
      274, 283, 277, -1,
      277, 283, 284, -1,
      277, 284, 279, -1,
      279, 284, 285, -1,
      279, 285, 288, -1,
      288, 285, 286, -1,
      288, 286, 290, -1,
      290, 286, 287, -1,
      290, 287, 56, -1,
      53, 51, 160, -1,
      53, 160, 291, -1,
      291, 160, 159, -1,
      291, 159, 292, -1,
      292, 159, 157, -1,
      292, 157, 293, -1,
      293, 157, 156, -1,
      293, 156, 294, -1,
      294, 156, 175, -1,
      294, 175, 295, -1,
      295, 175, 164, -1,
      295, 164, 296, -1,
      296, 164, 163, -1,
      296, 163, 297, -1,
      297, 163, 166, -1,
      297, 166, 298, -1,
      298, 166, 165, -1,
      298, 165, 299, -1,
      42, 43, 168, -1,
      168, 43, 299, -1,
      168, 299, 167, -1,
      167, 299, 165, -1,
      35, 195, 34, -1,
      34, 195, 300, -1,
      300, 195, 301, -1,
      301, 195, 197, -1,
      301, 197, 302, -1,
      302, 197, 196, -1,
      302, 196, 303, -1,
      303, 196, 214, -1,
      303, 214, 304, -1,
      304, 214, 203, -1,
      304, 203, 305, -1,
      305, 203, 202, -1,
      305, 202, 306, -1,
      306, 202, 201, -1,
      306, 201, 307, -1,
      307, 201, 200, -1,
      307, 200, 308, -1,
      200, 199, 308, -1,
      308, 199, 50, -1,
      308, 50, 52, -1,
      48, 229, 46, -1,
      46, 229, 309, -1,
      309, 229, 310, -1,
      310, 229, 231, -1,
      310, 231, 311, -1,
      311, 231, 230, -1,
      311, 230, 312, -1,
      312, 230, 248, -1,
      312, 248, 313, -1,
      313, 248, 237, -1,
      313, 237, 314, -1,
      314, 237, 236, -1,
      314, 236, 315, -1,
      315, 236, 235, -1,
      315, 235, 316, -1,
      316, 235, 234, -1,
      316, 234, 317, -1,
      234, 233, 317, -1,
      317, 233, 36, -1,
      317, 36, 37, -1,
      41, 263, 40, -1,
      40, 263, 318, -1,
      318, 263, 319, -1,
      319, 263, 265, -1,
      319, 265, 320, -1,
      320, 265, 264, -1,
      320, 264, 321, -1,
      321, 264, 282, -1,
      321, 282, 322, -1,
      322, 282, 271, -1,
      322, 271, 323, -1,
      323, 271, 270, -1,
      323, 270, 324, -1,
      324, 270, 269, -1,
      324, 269, 325, -1,
      325, 269, 268, -1,
      325, 268, 326, -1,
      268, 267, 326, -1,
      326, 267, 49, -1,
      326, 49, 47, -1,
      43, 44, 327, -1,
      43, 327, 299, -1,
      299, 327, 328, -1,
      299, 328, 298, -1,
      298, 328, 329, -1,
      298, 329, 297, -1,
      297, 329, 330, -1,
      297, 330, 296, -1,
      296, 330, 331, -1,
      296, 331, 295, -1,
      295, 331, 332, -1,
      295, 332, 294, -1,
      294, 332, 333, -1,
      294, 333, 293, -1,
      293, 333, 334, -1,
      293, 334, 292, -1,
      292, 334, 335, -1,
      292, 335, 291, -1,
      63, 53, 336, -1,
      336, 53, 291, -1,
      336, 291, 337, -1,
      337, 291, 335, -1,
      61, 338, 52, -1,
      52, 338, 308, -1,
      308, 338, 307, -1,
      307, 338, 339, -1,
      307, 339, 306, -1,
      306, 339, 340, -1,
      306, 340, 305, -1,
      305, 340, 341, -1,
      305, 341, 304, -1,
      304, 341, 342, -1,
      304, 342, 303, -1,
      303, 342, 343, -1,
      303, 343, 302, -1,
      302, 343, 344, -1,
      302, 344, 301, -1,
      301, 344, 345, -1,
      301, 345, 300, -1,
      345, 346, 300, -1,
      300, 346, 38, -1,
      300, 38, 34, -1,
      1, 0, 347, -1,
      33, 1, 348, -1,
      348, 1, 347, -1,
      348, 347, 349, -1,
      349, 347, 350, -1,
      349, 350, 351, -1,
      351, 350, 352, -1,
      351, 352, 353, -1,
      353, 352, 354, -1,
      353, 354, 355, -1,
      355, 354, 356, -1,
      355, 356, 357, -1,
      357, 356, 358, -1,
      357, 358, 359, -1,
      359, 358, 360, -1,
      359, 360, 361, -1,
      361, 360, 362, -1,
      361, 362, 363, -1,
      363, 362, 364, -1,
      363, 364, 365, -1,
      365, 364, 366, -1,
      365, 366, 38, -1,
      38, 366, 39, -1,
      0, 16, 347, -1,
      347, 16, 8, -1,
      347, 8, 9, -1,
      9, 10, 347, -1,
      347, 10, 11, -1,
      347, 11, 12, -1,
      12, 13, 347, -1,
      347, 13, 14, -1,
      347, 14, 15, -1,
      37, 39, 367, -1,
      37, 367, 317, -1,
      317, 367, 368, -1,
      317, 368, 316, -1,
      316, 368, 369, -1,
      316, 369, 315, -1,
      315, 369, 370, -1,
      315, 370, 314, -1,
      314, 370, 371, -1,
      314, 371, 313, -1,
      313, 371, 372, -1,
      313, 372, 312, -1,
      312, 372, 373, -1,
      312, 373, 311, -1,
      311, 373, 374, -1,
      311, 374, 310, -1,
      310, 374, 375, -1,
      310, 375, 309, -1,
      58, 46, 376, -1,
      376, 46, 309, -1,
      376, 309, 377, -1,
      377, 309, 375, -1,
      47, 60, 378, -1,
      47, 378, 326, -1,
      326, 378, 379, -1,
      326, 379, 325, -1,
      325, 379, 380, -1,
      325, 380, 324, -1,
      324, 380, 381, -1,
      324, 381, 323, -1,
      323, 381, 382, -1,
      323, 382, 322, -1,
      322, 382, 383, -1,
      322, 383, 321, -1,
      321, 383, 384, -1,
      321, 384, 320, -1,
      320, 384, 385, -1,
      320, 385, 319, -1,
      319, 385, 386, -1,
      319, 386, 318, -1,
      45, 40, 387, -1,
      387, 40, 318, -1,
      387, 318, 388, -1,
      388, 318, 386, -1,
      67, 65, 389, -1,
      389, 65, 390, -1,
      389, 390, 391, -1,
      391, 390, 392, -1,
      391, 392, 393, -1,
      393, 392, 394, -1,
      393, 394, 395, -1,
      395, 394, 396, -1,
      395, 396, 397, -1,
      397, 396, 398, -1,
      397, 398, 45, -1,
      45, 398, 44, -1,
      399, 400, 401, -1,
      402, 403, 404, -1,
      405, 406, 407, -1,
      408, 63, 336, -1,
      407, 406, 409, -1,
      409, 406, 410, -1,
      409, 410, 402, -1,
      404, 403, 411, -1,
      411, 403, 412, -1,
      411, 412, 399, -1,
      401, 400, 413, -1,
      413, 400, 414, -1,
      413, 414, 415, -1,
      415, 414, 416, -1,
      415, 416, 417, -1,
      417, 416, 418, -1,
      418, 416, 419, -1,
      418, 419, 420, -1,
      420, 419, 390, -1,
      420, 390, 65, -1,
      327, 421, 328, -1,
      328, 421, 422, -1,
      332, 331, 423, -1,
      423, 331, 330, -1,
      423, 330, 422, -1,
      422, 330, 329, -1,
      422, 329, 328, -1,
      332, 423, 333, -1,
      333, 423, 424, -1,
      333, 424, 334, -1,
      334, 424, 410, -1,
      334, 410, 335, -1,
      335, 410, 337, -1,
      337, 410, 406, -1,
      337, 406, 336, -1,
      336, 406, 405, -1,
      336, 405, 408, -1,
      425, 394, 392, -1,
      399, 412, 400, -1,
      400, 412, 426, -1,
      400, 426, 414, -1,
      414, 426, 427, -1,
      414, 427, 416, -1,
      416, 427, 425, -1,
      416, 425, 419, -1,
      419, 425, 392, -1,
      419, 392, 390, -1,
      327, 44, 421, -1,
      421, 44, 398, -1,
      421, 398, 396, -1,
      402, 410, 403, -1,
      403, 410, 424, -1,
      403, 424, 412, -1,
      412, 424, 423, -1,
      412, 423, 426, -1,
      426, 423, 422, -1,
      426, 422, 427, -1,
      427, 422, 421, -1,
      427, 421, 425, -1,
      425, 421, 396, -1,
      425, 396, 394, -1,
      428, 429, 430, -1,
      431, 432, 433, -1,
      33, 434, 435, -1,
      436, 434, 33, -1,
      433, 432, 33, -1,
      437, 33, 432, -1,
      438, 339, 338, -1,
      339, 438, 340, -1,
      340, 438, 439, -1,
      340, 439, 341, -1,
      341, 439, 440, -1,
      341, 440, 342, -1,
      342, 440, 441, -1,
      342, 441, 343, -1,
      343, 441, 344, -1,
      344, 441, 442, -1,
      344, 442, 345, -1,
      345, 442, 346, -1,
      346, 442, 365, -1,
      346, 365, 38, -1,
      348, 436, 33, -1,
      443, 444, 431, -1,
      431, 444, 445, -1,
      431, 445, 432, -1,
      432, 445, 446, -1,
      432, 446, 437, -1,
      447, 435, 448, -1,
      448, 435, 434, -1,
      448, 434, 449, -1,
      449, 434, 436, -1,
      449, 436, 450, -1,
      348, 349, 436, -1,
      436, 349, 351, -1,
      436, 351, 450, -1,
      450, 351, 353, -1,
      450, 353, 355, -1,
      430, 447, 451, -1,
      451, 447, 448, -1,
      451, 448, 452, -1,
      452, 448, 449, -1,
      452, 449, 453, -1,
      453, 449, 450, -1,
      453, 450, 454, -1,
      454, 450, 355, -1,
      455, 456, 457, -1,
      457, 456, 428, -1,
      428, 430, 457, -1,
      457, 430, 451, -1,
      457, 451, 458, -1,
      458, 451, 452, -1,
      458, 452, 459, -1,
      459, 452, 453, -1,
      459, 453, 460, -1,
      460, 453, 454, -1,
      460, 454, 461, -1,
      429, 443, 430, -1,
      430, 443, 431, -1,
      430, 431, 447, -1,
      447, 431, 433, -1,
      447, 433, 435, -1,
      435, 433, 33, -1,
      455, 438, 462, -1,
      462, 438, 338, -1,
      462, 338, 61, -1,
      355, 357, 454, -1,
      454, 357, 359, -1,
      454, 359, 461, -1,
      461, 359, 361, -1,
      461, 361, 363, -1,
      455, 457, 438, -1,
      438, 457, 458, -1,
      438, 458, 439, -1,
      439, 458, 459, -1,
      439, 459, 440, -1,
      440, 459, 460, -1,
      440, 460, 441, -1,
      441, 460, 461, -1,
      441, 461, 442, -1,
      442, 461, 363, -1,
      442, 363, 365, -1,
      364, 362, 463, -1,
      360, 358, 464, -1,
      465, 466, 467, -1,
      15, 468, 469, -1,
      470, 468, 15, -1,
      467, 466, 15, -1,
      347, 15, 466, -1,
      367, 471, 368, -1,
      368, 471, 472, -1,
      368, 472, 369, -1,
      369, 472, 370, -1,
      370, 472, 473, -1,
      370, 473, 371, -1,
      371, 473, 372, -1,
      372, 473, 474, -1,
      372, 474, 373, -1,
      373, 474, 374, -1,
      374, 474, 475, -1,
      374, 475, 375, -1,
      375, 475, 377, -1,
      377, 475, 476, -1,
      377, 476, 376, -1,
      376, 476, 477, -1,
      376, 477, 58, -1,
      478, 470, 15, -1,
      356, 354, 465, -1,
      465, 354, 352, -1,
      465, 352, 466, -1,
      466, 352, 350, -1,
      466, 350, 347, -1,
      479, 469, 480, -1,
      480, 469, 468, -1,
      480, 468, 481, -1,
      481, 468, 470, -1,
      481, 470, 482, -1,
      358, 356, 464, -1,
      464, 356, 465, -1,
      464, 465, 483, -1,
      483, 465, 467, -1,
      483, 467, 484, -1,
      484, 467, 15, -1,
      478, 485, 470, -1,
      470, 485, 486, -1,
      470, 486, 482, -1,
      482, 486, 487, -1,
      482, 487, 488, -1,
      489, 479, 490, -1,
      490, 479, 480, -1,
      490, 480, 491, -1,
      491, 480, 481, -1,
      491, 481, 492, -1,
      492, 481, 482, -1,
      492, 482, 493, -1,
      493, 482, 488, -1,
      463, 489, 494, -1,
      494, 489, 490, -1,
      494, 490, 495, -1,
      495, 490, 491, -1,
      495, 491, 496, -1,
      496, 491, 492, -1,
      496, 492, 497, -1,
      497, 492, 493, -1,
      497, 493, 498, -1,
      362, 360, 463, -1,
      463, 360, 464, -1,
      463, 464, 489, -1,
      489, 464, 483, -1,
      489, 483, 479, -1,
      479, 483, 484, -1,
      479, 484, 469, -1,
      469, 484, 15, -1,
      367, 39, 471, -1,
      471, 39, 366, -1,
      471, 366, 364, -1,
      488, 499, 493, -1,
      493, 499, 500, -1,
      493, 500, 498, -1,
      498, 500, 501, -1,
      498, 501, 502, -1,
      364, 463, 471, -1,
      471, 463, 494, -1,
      471, 494, 472, -1,
      472, 494, 495, -1,
      472, 495, 473, -1,
      473, 495, 496, -1,
      473, 496, 474, -1,
      474, 496, 497, -1,
      474, 497, 475, -1,
      475, 497, 498, -1,
      475, 498, 476, -1,
      476, 498, 502, -1,
      476, 502, 477, -1,
      503, 504, 505, -1,
      506, 507, 508, -1,
      508, 507, 509, -1,
      508, 509, 510, -1,
      510, 509, 511, -1,
      510, 511, 67, -1,
      504, 512, 505, -1,
      505, 512, 513, -1,
      505, 513, 506, -1,
      506, 513, 514, -1,
      506, 514, 507, -1,
      515, 516, 517, -1,
      517, 516, 518, -1,
      517, 518, 519, -1,
      519, 518, 503, -1,
      520, 521, 522, -1,
      522, 521, 523, -1,
      522, 523, 524, -1,
      524, 523, 515, -1,
      60, 520, 378, -1,
      378, 520, 522, -1,
      378, 522, 379, -1,
      379, 522, 524, -1,
      379, 524, 380, -1,
      380, 524, 381, -1,
      381, 524, 525, -1,
      381, 525, 382, -1,
      382, 525, 383, -1,
      383, 525, 526, -1,
      383, 526, 384, -1,
      384, 526, 385, -1,
      385, 526, 527, -1,
      385, 527, 386, -1,
      386, 527, 388, -1,
      388, 527, 528, -1,
      388, 528, 387, -1,
      387, 528, 397, -1,
      387, 397, 45, -1,
      503, 505, 519, -1,
      519, 505, 506, -1,
      519, 506, 529, -1,
      529, 506, 508, -1,
      529, 508, 530, -1,
      530, 508, 510, -1,
      530, 510, 531, -1,
      67, 389, 510, -1,
      510, 389, 391, -1,
      510, 391, 531, -1,
      531, 391, 393, -1,
      531, 393, 395, -1,
      515, 517, 524, -1,
      524, 517, 519, -1,
      524, 519, 525, -1,
      525, 519, 529, -1,
      525, 529, 526, -1,
      526, 529, 530, -1,
      526, 530, 527, -1,
      527, 530, 531, -1,
      527, 531, 528, -1,
      528, 531, 395, -1,
      528, 395, 397, -1,
      63, 408, 62, -1,
      62, 408, 532, -1,
      533, 534, 407, -1,
      407, 534, 535, -1,
      532, 408, 535, -1,
      535, 408, 405, -1,
      535, 405, 407, -1,
      407, 409, 533, -1,
      533, 409, 402, -1,
      533, 402, 536, -1,
      536, 402, 404, -1,
      536, 404, 537, -1,
      537, 404, 411, -1,
      537, 411, 538, -1,
      538, 411, 399, -1,
      538, 399, 539, -1,
      539, 399, 401, -1,
      539, 401, 540, -1,
      540, 401, 413, -1,
      540, 413, 541, -1,
      541, 413, 415, -1,
      65, 64, 420, -1,
      420, 64, 542, -1,
      420, 542, 418, -1,
      418, 542, 543, -1,
      418, 543, 417, -1,
      417, 543, 544, -1,
      417, 544, 415, -1,
      415, 544, 545, -1,
      415, 545, 541, -1,
      61, 62, 462, -1,
      462, 62, 546, -1,
      462, 546, 455, -1,
      455, 546, 547, -1,
      455, 547, 456, -1,
      456, 547, 548, -1,
      456, 548, 428, -1,
      428, 548, 549, -1,
      428, 549, 429, -1,
      429, 549, 550, -1,
      429, 550, 443, -1,
      443, 550, 551, -1,
      443, 551, 444, -1,
      444, 551, 552, -1,
      444, 552, 445, -1,
      445, 552, 553, -1,
      445, 553, 446, -1,
      446, 553, 554, -1,
      446, 554, 437, -1,
      437, 554, 555, -1,
      555, 27, 28, -1,
      555, 28, 437, -1,
      437, 28, 29, -1,
      437, 29, 30, -1,
      30, 31, 437, -1,
      437, 31, 32, -1,
      437, 32, 33, -1,
      478, 15, 7, -1,
      7, 6, 478, -1,
      478, 6, 5, -1,
      478, 5, 4, -1,
      17, 26, 556, -1,
      59, 58, 557, -1,
      557, 58, 477, -1,
      557, 477, 558, -1,
      558, 477, 502, -1,
      558, 502, 559, -1,
      559, 502, 501, -1,
      559, 501, 560, -1,
      560, 501, 500, -1,
      560, 500, 561, -1,
      561, 500, 499, -1,
      561, 499, 562, -1,
      562, 499, 488, -1,
      562, 488, 563, -1,
      563, 488, 487, -1,
      563, 487, 564, -1,
      564, 487, 486, -1,
      564, 486, 565, -1,
      565, 486, 485, -1,
      565, 485, 556, -1,
      556, 485, 478, -1,
      556, 478, 17, -1,
      17, 478, 4, -1,
      514, 513, 566, -1,
      59, 567, 60, -1,
      60, 567, 520, -1,
      520, 567, 521, -1,
      521, 567, 568, -1,
      521, 568, 523, -1,
      523, 568, 569, -1,
      523, 569, 515, -1,
      515, 569, 570, -1,
      515, 570, 516, -1,
      516, 570, 571, -1,
      516, 571, 518, -1,
      518, 571, 503, -1,
      503, 571, 572, -1,
      503, 572, 573, -1,
      566, 513, 574, -1,
      574, 513, 512, -1,
      574, 512, 573, -1,
      573, 512, 504, -1,
      573, 504, 503, -1,
      566, 575, 514, -1,
      514, 575, 576, -1,
      514, 576, 507, -1,
      507, 576, 577, -1,
      507, 577, 509, -1,
      509, 577, 578, -1,
      509, 578, 511, -1,
      511, 578, 579, -1,
      511, 579, 67, -1,
      67, 579, 66, -1,
      553, 552, 580, -1,
      581, 582, 583, -1,
      584, 585, 586, -1,
      586, 585, 27, -1,
      538, 539, 587, -1,
      545, 544, 584, -1,
      543, 542, 588, -1,
      588, 542, 64, -1,
      540, 541, 589, -1,
      589, 541, 545, -1,
      589, 545, 590, -1,
      591, 536, 537, -1,
      592, 534, 533, -1,
      554, 583, 555, -1,
      555, 583, 27, -1,
      582, 27, 583, -1,
      64, 593, 588, -1,
      588, 593, 594, -1,
      588, 594, 595, -1,
      595, 594, 596, -1,
      595, 596, 597, -1,
      544, 543, 584, -1,
      584, 543, 588, -1,
      584, 588, 585, -1,
      585, 588, 595, -1,
      585, 595, 27, -1,
      597, 27, 595, -1,
      554, 553, 583, -1,
      583, 553, 580, -1,
      583, 580, 581, -1,
      581, 580, 591, -1,
      539, 540, 587, -1,
      587, 540, 589, -1,
      587, 589, 598, -1,
      598, 589, 590, -1,
      598, 590, 599, -1,
      537, 538, 591, -1,
      591, 538, 587, -1,
      591, 587, 581, -1,
      581, 587, 598, -1,
      581, 598, 582, -1,
      582, 598, 599, -1,
      582, 599, 27, -1,
      533, 536, 592, -1,
      592, 536, 591, -1,
      592, 591, 600, -1,
      600, 591, 580, -1,
      600, 580, 551, -1,
      551, 580, 552, -1,
      62, 532, 546, -1,
      546, 532, 535, -1,
      546, 535, 547, -1,
      547, 535, 534, -1,
      547, 534, 548, -1,
      548, 534, 592, -1,
      548, 592, 549, -1,
      549, 592, 600, -1,
      549, 600, 550, -1,
      550, 600, 551, -1,
      545, 584, 590, -1,
      590, 584, 586, -1,
      590, 586, 599, -1,
      599, 586, 27, -1,
      601, 602, 603, -1,
      603, 602, 26, -1,
      556, 26, 602, -1,
      575, 604, 576, -1,
      566, 574, 605, -1,
      572, 571, 606, -1,
      570, 569, 607, -1,
      572, 606, 573, -1,
      608, 26, 609, -1,
      562, 563, 601, -1,
      601, 563, 564, -1,
      601, 564, 602, -1,
      602, 564, 565, -1,
      602, 565, 556, -1,
      610, 611, 612, -1,
      66, 579, 613, -1,
      613, 579, 614, -1,
      613, 614, 615, -1,
      615, 614, 608, -1,
      615, 608, 616, -1,
      616, 608, 609, -1,
      561, 562, 617, -1,
      617, 562, 601, -1,
      617, 601, 618, -1,
      618, 601, 603, -1,
      618, 603, 619, -1,
      619, 603, 26, -1,
      26, 610, 620, -1,
      620, 610, 612, -1,
      620, 612, 621, -1,
      621, 612, 605, -1,
      621, 605, 606, -1,
      606, 605, 574, -1,
      606, 574, 573, -1,
      578, 577, 611, -1,
      611, 577, 576, -1,
      611, 576, 612, -1,
      612, 576, 604, -1,
      612, 604, 605, -1,
      605, 604, 575, -1,
      605, 575, 566, -1,
      561, 617, 560, -1,
      560, 617, 607, -1,
      560, 607, 559, -1,
      559, 607, 569, -1,
      559, 569, 558, -1,
      558, 569, 568, -1,
      558, 568, 557, -1,
      557, 568, 567, -1,
      557, 567, 59, -1,
      570, 607, 571, -1,
      571, 607, 617, -1,
      571, 617, 606, -1,
      606, 617, 618, -1,
      606, 618, 621, -1,
      621, 618, 619, -1,
      621, 619, 620, -1,
      620, 619, 26, -1,
      579, 578, 614, -1,
      614, 578, 611, -1,
      614, 611, 608, -1,
      608, 611, 610, -1,
      608, 610, 26, -1,
      609, 26, 25, -1,
      25, 24, 609, -1,
      609, 24, 23, -1,
      609, 23, 22, -1,
      22, 21, 609, -1,
      609, 21, 20, -1,
      609, 20, 19, -1,
      18, 2, 597, -1,
      597, 2, 3, -1,
      597, 3, 27, -1,
      19, 18, 609, -1,
      609, 18, 597, -1,
      609, 597, 616, -1,
      616, 597, 596, -1,
      616, 596, 615, -1,
      615, 596, 594, -1,
      615, 594, 613, -1,
      613, 594, 593, -1,
      613, 593, 66, -1,
      66, 593, 64, -1,
    ]
  }
}

Shape {
  appearance Appearance {
    material Material {
      diffuseColor 1.0000 1.0000 1.0000
      specularColor 0.5020 0.5020 0.5020
      ambientIntensity 0.2
      transparency 0.0000
      shininess 0.5
    }
  }
  geometry IndexedFaceSet {
    ccw TRUE
    solid FALSE
    coord DEF co Coordinate {
      point [
        0.362025 0.514926 0.275591,
        0.362025 0.457062 0.275591,
        0.388036 0.457062 0.275591,
        0.414637 0.514867 0.275591,
        0.419624 0.515477 0.275591,
        0.431480 0.449466 0.275591,
        0.427289 0.449065 0.275591,
        0.478747 0.479032 0.275591,
        0.461109 0.479032 0.275591,
        0.478747 0.457062 0.275591,
        0.461109 0.457062 0.275591,
        0.486318 0.514926 0.275591,
        0.478747 0.514926 0.275591,
        0.486318 0.507413 0.275591,
        0.487804 0.457062 0.275591,
        0.487804 0.449616 0.275591,
        0.484465 0.479032 0.275591,
        0.484465 0.486511 0.275591,
        0.478747 0.486511 0.275591,
        0.478747 0.507413 0.275591,
        0.461109 0.507413 0.275591,
        0.461109 0.486511 0.275591,
        0.452678 0.514926 0.275591,
        0.452678 0.449616 0.275591,
        0.439606 0.513357 0.275591,
        0.432748 0.515344 0.275591,
        0.431092 0.515477 0.275591,
        0.478747 0.449616 0.275591,
        0.439606 0.504542 0.275591,
        0.438492 0.451765 0.275591,
        0.425812 0.456142 0.275591,
        0.433196 0.457520 0.275591,
        0.439606 0.460401 0.275591,
        0.439606 0.452320 0.275591,
        0.432254 0.507455 0.275591,
        0.424213 0.508415 0.275591,
        0.399555 0.481536 0.275591,
        0.402780 0.467330 0.275591,
        0.405966 0.462905 0.275591,
        0.407250 0.461635 0.275591,
        0.411517 0.458618 0.275591,
        0.416170 0.456820 0.275591,
        0.422744 0.456027 0.275591,
        0.406417 0.501169 0.275591,
        0.402851 0.496209 0.275591,
        0.410864 0.504841 0.275591,
        0.415999 0.507219 0.275591,
        0.421681 0.508313 0.275591,
        0.400652 0.490587 0.275591,
        0.438879 0.504934 0.275591,
        0.399626 0.479134 0.275591,
        0.400670 0.472597 0.275591,
        0.424130 0.516028 0.275591,
        0.424210 0.516028 0.275591,
        0.395404 0.500224 0.275591,
        0.400139 0.506412 0.275591,
        0.401712 0.507915 0.275591,
        0.407820 0.512208 0.275591,
        0.392302 0.492969 0.275591,
        0.393628 0.496072 0.275591,
        0.393628 0.466222 0.275591,
        0.392017 0.470322 0.275591,
        0.390707 0.481035 0.275591,
        0.390822 0.484442 0.275591,
        0.410506 0.450157 0.275591,
        0.404343 0.453063 0.275591,
        0.399088 0.457429 0.275591,
        0.394689 0.463525 0.275591,
        0.415812 0.449065 0.275591,
        0.417585 0.448700 0.275591,
        0.421526 0.448514 0.275591,
        0.551539 0.471310 0.275591,
        0.548326 0.464554 0.275591,
        0.530059 0.513345 0.275591,
        0.536625 0.510946 0.275591,
        0.530059 0.451296 0.275591,
        0.536699 0.453904 0.275591,
        0.543465 0.458765 0.275591,
        0.543465 0.506278 0.275591,
        0.545733 0.504062 0.275591,
        0.549785 0.498379 0.275591,
        0.552212 0.492160 0.275591,
        0.553315 0.483106 0.275591,
        0.553120 0.478958 0.275591,
        0.518773 0.514926 0.275591,
        0.528743 0.513825 0.275591,
        0.529267 0.450985 0.275591,
        0.518105 0.449616 0.275591,
        0.500141 0.449616 0.275591,
        0.500141 0.514926 0.275591,
        0.353594 0.449616 0.275591,
        0.353594 0.514926 0.275591,
        0.388036 0.449616 0.275591,
        0.388036 0.457062 0.275984,
        0.388036 0.449616 0.275984,
        0.362025 0.457062 0.275984,
        0.362025 0.514926 0.275984,
        0.353594 0.514926 0.275984,
        0.353594 0.449616 0.275984,
        0.431480 0.449466 0.275984,
        0.421526 0.448514 0.275984,
        0.438492 0.451765 0.275984,
        0.439606 0.452320 0.275984,
        0.439606 0.460401 0.275984,
        0.433196 0.457520 0.275984,
        0.425812 0.456142 0.275984,
        0.422744 0.456027 0.275984,
        0.416170 0.456820 0.275984,
        0.411517 0.458618 0.275984,
        0.407250 0.461635 0.275984,
        0.405966 0.462905 0.275984,
        0.402780 0.467330 0.275984,
        0.400670 0.472597 0.275984,
        0.399626 0.479134 0.275984,
        0.399555 0.481536 0.275984,
        0.400652 0.490587 0.275984,
        0.402851 0.496209 0.275984,
        0.406417 0.501169 0.275984,
        0.410864 0.504841 0.275984,
        0.415999 0.507219 0.275984,
        0.421681 0.508313 0.275984,
        0.424213 0.508415 0.275984,
        0.432254 0.507455 0.275984,
        0.438879 0.504934 0.275984,
        0.439606 0.504542 0.275984,
        0.439606 0.513357 0.275984,
        0.424130 0.516028 0.275984,
        0.424210 0.516028 0.275984,
        0.432748 0.515344 0.275984,
        0.414637 0.514867 0.275984,
        0.407820 0.512208 0.275984,
        0.401712 0.507915 0.275984,
        0.400139 0.506412 0.275984,
        0.395404 0.500224 0.275984,
        0.392302 0.492969 0.275984,
        0.390822 0.484442 0.275984,
        0.390707 0.481035 0.275984,
        0.399088 0.457429 0.275984,
        0.394689 0.463525 0.275984,
        0.392017 0.470322 0.275984,
        0.417585 0.448700 0.275984,
        0.404343 0.453063 0.275984,
        0.410506 0.450157 0.275984,
        0.487804 0.457062 0.275984,
        0.487804 0.449616 0.275984,
        0.461109 0.457062 0.275984,
        0.461109 0.479032 0.275984,
        0.484465 0.479032 0.275984,
        0.484465 0.486511 0.275984,
        0.461109 0.486511 0.275984,
        0.461109 0.507413 0.275984,
        0.486318 0.507413 0.275984,
        0.486318 0.514926 0.275984,
        0.452678 0.514926 0.275984,
        0.452678 0.449616 0.275984,
        0.543465 0.458765 0.275984,
        0.536761 0.463209 0.275984,
        0.536699 0.453904 0.275984,
        0.532563 0.460271 0.275984,
        0.529267 0.450985 0.275984,
        0.527192 0.458166 0.275984,
        0.518105 0.449616 0.275984,
        0.518055 0.457062 0.275984,
        0.500141 0.449616 0.275984,
        0.508572 0.457062 0.275984,
        0.500141 0.514926 0.275984,
        0.508572 0.507413 0.275984,
        0.518773 0.514926 0.275984,
        0.518439 0.507413 0.275984,
        0.528743 0.513825 0.275984,
        0.526838 0.506488 0.275984,
        0.536625 0.510946 0.275984,
        0.532505 0.504446 0.275984,
        0.543465 0.506278 0.275984,
        0.537287 0.501270 0.275984,
        0.545733 0.504062 0.275984,
        0.539064 0.499525 0.275984,
        0.549785 0.498379 0.275984,
        0.541606 0.495877 0.275984,
        0.552212 0.492160 0.275984,
        0.543459 0.491130 0.275984,
        0.553315 0.483106 0.275984,
        0.544450 0.482872 0.275984,
        0.553120 0.478958 0.275984,
        0.544106 0.477707 0.275984,
        0.551539 0.471310 0.275984,
        0.542686 0.471950 0.275984,
        0.548326 0.464554 0.275984,
        0.540291 0.467239 0.275984,
        0.537471 0.463873 0.275984,
        0.518439 0.507413 0.275591,
        0.508572 0.507413 0.275591,
        0.508572 0.457062 0.275591,
        0.518055 0.457062 0.275591,
        0.537471 0.463873 0.275591,
        0.536761 0.463209 0.275591,
        0.532563 0.460271 0.275591,
        0.527192 0.458166 0.275591,
        0.544450 0.482872 0.275591,
        0.544106 0.477707 0.275591,
        0.542686 0.471950 0.275591,
        0.540291 0.467239 0.275591,
        0.537287 0.501270 0.275591,
        0.539064 0.499525 0.275591,
        0.541606 0.495877 0.275591,
        0.543459 0.491130 0.275591,
        0.526838 0.506488 0.275591,
        0.532505 0.504446 0.275591,
      ]
    }
    coordIndex [
      93, 94, 2, -1,
      2, 94, 92, -1,
      95, 93, 1, -1,
      1, 93, 2, -1,
      96, 95, 0, -1,
      0, 95, 1, -1,
      97, 96, 91, -1,
      91, 96, 0, -1,
      98, 97, 90, -1,
      90, 97, 91, -1,
      94, 98, 92, -1,
      92, 98, 90, -1,
      96, 97, 95, -1,
      95, 97, 98, -1,
      95, 98, 93, -1,
      93, 98, 94, -1,
      99, 100, 6, -1,
      6, 100, 70, -1,
      6, 5, 99, -1,
      99, 5, 29, -1,
      99, 29, 101, -1,
      101, 29, 33, -1,
      101, 33, 102, -1,
      103, 102, 32, -1,
      32, 102, 33, -1,
      103, 32, 31, -1,
      103, 31, 104, -1,
      104, 31, 30, -1,
      104, 30, 105, -1,
      105, 30, 42, -1,
      105, 42, 106, -1,
      106, 42, 41, -1,
      106, 41, 107, -1,
      107, 41, 40, -1,
      107, 40, 108, -1,
      108, 40, 39, -1,
      108, 39, 109, -1,
      109, 39, 38, -1,
      109, 38, 110, -1,
      110, 38, 37, -1,
      110, 37, 111, -1,
      111, 37, 51, -1,
      111, 51, 112, -1,
      112, 51, 50, -1,
      112, 50, 113, -1,
      113, 50, 36, -1,
      113, 36, 114, -1,
      114, 36, 48, -1,
      114, 48, 115, -1,
      115, 48, 44, -1,
      115, 44, 116, -1,
      116, 44, 43, -1,
      116, 43, 117, -1,
      117, 43, 45, -1,
      117, 45, 118, -1,
      118, 45, 46, -1,
      118, 46, 119, -1,
      119, 46, 47, -1,
      119, 47, 120, -1,
      120, 47, 35, -1,
      120, 35, 121, -1,
      121, 35, 34, -1,
      121, 34, 122, -1,
      122, 34, 49, -1,
      122, 49, 123, -1,
      123, 49, 28, -1,
      123, 28, 124, -1,
      125, 124, 24, -1,
      24, 124, 28, -1,
      52, 126, 127, -1,
      125, 24, 25, -1,
      125, 25, 128, -1,
      128, 25, 26, -1,
      128, 26, 127, -1,
      127, 26, 53, -1,
      127, 53, 52, -1,
      126, 52, 4, -1,
      126, 4, 129, -1,
      4, 3, 129, -1,
      129, 3, 57, -1,
      129, 57, 130, -1,
      130, 57, 56, -1,
      130, 56, 131, -1,
      131, 56, 55, -1,
      131, 55, 132, -1,
      132, 55, 54, -1,
      132, 54, 133, -1,
      133, 54, 59, -1,
      133, 59, 134, -1,
      59, 58, 134, -1,
      134, 58, 63, -1,
      134, 63, 135, -1,
      135, 63, 62, -1,
      135, 62, 136, -1,
      66, 137, 138, -1,
      136, 62, 61, -1,
      136, 61, 139, -1,
      139, 61, 60, -1,
      139, 60, 138, -1,
      138, 60, 67, -1,
      138, 67, 66, -1,
      70, 100, 140, -1,
      137, 66, 65, -1,
      137, 65, 141, -1,
      141, 65, 64, -1,
      141, 64, 142, -1,
      142, 64, 68, -1,
      142, 68, 140, -1,
      140, 68, 69, -1,
      140, 69, 70, -1,
      123, 124, 125, -1,
      118, 131, 117, -1,
      117, 131, 132, -1,
      117, 132, 116, -1,
      116, 132, 133, -1,
      116, 133, 115, -1,
      123, 125, 122, -1,
      122, 125, 128, -1,
      122, 128, 121, -1,
      121, 128, 127, -1,
      121, 127, 120, -1,
      120, 127, 126, -1,
      120, 126, 119, -1,
      119, 126, 129, -1,
      119, 129, 118, -1,
      118, 129, 130, -1,
      118, 130, 131, -1,
      136, 114, 135, -1,
      135, 114, 115, -1,
      135, 115, 134, -1,
      134, 115, 133, -1,
      102, 103, 101, -1,
      101, 103, 104, -1,
      101, 104, 99, -1,
      99, 104, 105, -1,
      99, 105, 100, -1,
      100, 105, 106, -1,
      100, 106, 140, -1,
      140, 106, 107, -1,
      140, 107, 142, -1,
      142, 107, 108, -1,
      142, 108, 141, -1,
      141, 108, 109, -1,
      141, 109, 137, -1,
      137, 109, 110, -1,
      137, 110, 138, -1,
      138, 110, 111, -1,
      138, 111, 139, -1,
      139, 111, 112, -1,
      139, 112, 136, -1,
      136, 112, 113, -1,
      136, 113, 114, -1,
      143, 144, 14, -1,
      14, 144, 15, -1,
      10, 145, 9, -1,
      9, 145, 143, -1,
      9, 143, 14, -1,
      146, 145, 8, -1,
      8, 145, 10, -1,
      16, 147, 7, -1,
      7, 147, 146, -1,
      7, 146, 8, -1,
      148, 147, 17, -1,
      17, 147, 16, -1,
      21, 149, 18, -1,
      18, 149, 148, -1,
      18, 148, 17, -1,
      150, 149, 20, -1,
      20, 149, 21, -1,
      13, 151, 19, -1,
      19, 151, 150, -1,
      19, 150, 20, -1,
      152, 151, 11, -1,
      11, 151, 13, -1,
      22, 153, 12, -1,
      12, 153, 152, -1,
      12, 152, 11, -1,
      154, 153, 23, -1,
      23, 153, 22, -1,
      15, 144, 27, -1,
      27, 144, 154, -1,
      27, 154, 23, -1,
      154, 144, 143, -1,
      143, 145, 154, -1,
      154, 145, 146, -1,
      154, 146, 153, -1,
      151, 152, 150, -1,
      150, 152, 153, -1,
      150, 153, 149, -1,
      149, 153, 146, -1,
      149, 146, 148, -1,
      148, 146, 147, -1,
      155, 156, 157, -1,
      157, 156, 158, -1,
      157, 158, 159, -1,
      159, 158, 160, -1,
      159, 160, 161, -1,
      161, 160, 162, -1,
      161, 162, 163, -1,
      163, 162, 164, -1,
      163, 164, 165, -1,
      165, 164, 166, -1,
      165, 166, 167, -1,
      167, 166, 168, -1,
      167, 168, 169, -1,
      169, 168, 170, -1,
      169, 170, 171, -1,
      171, 170, 172, -1,
      171, 172, 173, -1,
      173, 172, 174, -1,
      173, 174, 175, -1,
      175, 174, 176, -1,
      175, 176, 177, -1,
      177, 176, 178, -1,
      177, 178, 179, -1,
      179, 178, 180, -1,
      179, 180, 181, -1,
      181, 180, 182, -1,
      181, 182, 183, -1,
      183, 182, 184, -1,
      183, 184, 185, -1,
      185, 184, 186, -1,
      185, 186, 187, -1,
      187, 186, 188, -1,
      187, 188, 155, -1,
      155, 188, 189, -1,
      155, 189, 156, -1,
      161, 163, 87, -1,
      87, 163, 88, -1,
      77, 155, 157, -1,
      161, 87, 86, -1,
      161, 86, 159, -1,
      159, 86, 75, -1,
      159, 75, 157, -1,
      157, 75, 76, -1,
      157, 76, 77, -1,
      155, 77, 72, -1,
      155, 72, 187, -1,
      187, 72, 71, -1,
      187, 71, 185, -1,
      185, 71, 83, -1,
      185, 83, 183, -1,
      183, 83, 82, -1,
      183, 82, 181, -1,
      181, 82, 81, -1,
      181, 81, 179, -1,
      179, 81, 80, -1,
      179, 80, 177, -1,
      177, 80, 79, -1,
      177, 79, 175, -1,
      175, 79, 78, -1,
      175, 78, 173, -1,
      84, 167, 169, -1,
      173, 78, 74, -1,
      173, 74, 171, -1,
      171, 74, 73, -1,
      171, 73, 169, -1,
      169, 73, 85, -1,
      169, 85, 84, -1,
      165, 167, 89, -1,
      89, 167, 84, -1,
      163, 165, 88, -1,
      88, 165, 89, -1,
      168, 166, 190, -1,
      190, 166, 191, -1,
      166, 164, 191, -1,
      191, 164, 192, -1,
      164, 162, 192, -1,
      192, 162, 193, -1,
      189, 194, 195, -1,
      189, 195, 156, -1,
      156, 195, 196, -1,
      156, 196, 158, -1,
      158, 196, 197, -1,
      158, 197, 160, -1,
      160, 197, 193, -1,
      160, 193, 162, -1,
      182, 198, 199, -1,
      182, 199, 184, -1,
      184, 199, 200, -1,
      184, 200, 186, -1,
      186, 200, 201, -1,
      186, 201, 188, -1,
      188, 201, 194, -1,
      188, 194, 189, -1,
      174, 202, 203, -1,
      174, 203, 176, -1,
      176, 203, 204, -1,
      176, 204, 178, -1,
      178, 204, 205, -1,
      178, 205, 180, -1,
      180, 205, 198, -1,
      180, 198, 182, -1,
      168, 190, 206, -1,
      168, 206, 170, -1,
      170, 206, 207, -1,
      170, 207, 172, -1,
      172, 207, 202, -1,
      172, 202, 174, -1,
    ]
  }
}

Shape {
  appearance Appearance {
    material Material {
      diffuseColor 0.2235 0.2235 0.2235
      specularColor 0.1137 0.1137 0.1137
      ambientIntensity 0.2
      transparency 0.0000
      shininess 0.5
    }
  }
  geometry IndexedFaceSet {
    ccw TRUE
    solid FALSE
    coord DEF co Coordinate {
      point [
        0.518439 0.507413 0.275591,
        0.508572 0.507413 0.275591,
        0.508572 0.457062 0.275591,
        0.518055 0.457062 0.275591,
        0.537471 0.463873 0.275591,
        0.536761 0.463209 0.275591,
        0.532563 0.460271 0.275591,
        0.527192 0.458166 0.275591,
        0.544450 0.482872 0.275591,
        0.544106 0.477707 0.275591,
        0.542686 0.471950 0.275591,
        0.540291 0.467239 0.275591,
        0.537287 0.501270 0.275591,
        0.539064 0.499525 0.275591,
        0.541606 0.495877 0.275591,
        0.543459 0.491130 0.275591,
        0.526838 0.506488 0.275591,
        0.532505 0.504446 0.275591,
      ]
    }
    coordIndex [
      1, 2, 0, -1,
      0, 2, 3, -1,
      5, 4, 0, -1,
      0, 4, 11, -1,
      3, 7, 0, -1,
      0, 7, 6, -1,
      0, 6, 5, -1,
      11, 10, 0, -1,
      0, 10, 9, -1,
      0, 9, 8, -1,
      17, 16, 12, -1,
      12, 16, 0, -1,
      12, 0, 13, -1,
      8, 15, 0, -1,
      0, 15, 14, -1,
      0, 14, 13, -1,
    ]
  }
}

Shape {
  appearance Appearance {
    material Material {
      diffuseColor 1.0000 1.0000 1.0000
      specularColor 0.5020 0.5020 0.5020
      ambientIntensity 0.2
      transparency 0.0000
      shininess 0.5
    }
  }
  geometry IndexedFaceSet {
    ccw TRUE
    solid FALSE
    coord DEF co Coordinate {
      point [
        0.599726 0.467479 0.275591,
        0.575761 0.467479 0.275591,
        0.606387 0.449616 0.275591,
        0.615703 0.449616 0.275591,
        0.590828 0.514926 0.275591,
        0.572530 0.467479 0.275591,
        0.566253 0.449616 0.275591,
        0.556937 0.449616 0.275591,
        0.575761 0.499037 0.275591,
        0.581813 0.514926 0.275591,
        0.575202 0.474858 0.275984,
        0.572530 0.467479 0.275984,
        0.597122 0.474858 0.275984,
        0.599726 0.467479 0.275984,
        0.584968 0.502004 0.275984,
        0.581813 0.514926 0.275984,
        0.556937 0.449616 0.275984,
        0.566253 0.449616 0.275984,
        0.585533 0.503954 0.275984,
        0.586036 0.506579 0.275984,
        0.590828 0.514926 0.275984,
        0.586237 0.506579 0.275984,
        0.586765 0.503816 0.275984,
        0.587255 0.502004 0.275984,
        0.615703 0.449616 0.275984,
        0.606387 0.449616 0.275984,
        0.575202 0.474858 0.275591,
        0.597122 0.474858 0.275591,
        0.587255 0.502004 0.275591,
        0.586237 0.506579 0.275591,
        0.586765 0.503816 0.275591,
        0.586036 0.506579 0.275591,
        0.584968 0.502004 0.275591,
        0.585533 0.503954 0.275591,
      ]
    }
    coordIndex [
      10, 11, 12, -1,
      12, 11, 13, -1,
      14, 15, 10, -1,
      10, 15, 16, -1,
      10, 16, 11, -1,
      11, 16, 17, -1,
      14, 18, 15, -1,
      15, 18, 19, -1,
      15, 19, 20, -1,
      20, 19, 21, -1,
      20, 21, 22, -1,
      22, 23, 20, -1,
      20, 23, 12, -1,
      20, 12, 24, -1,
      24, 12, 13, -1,
      24, 13, 25, -1,
      20, 24, 4, -1,
      4, 24, 3, -1,
      15, 20, 9, -1,
      9, 20, 4, -1,
      7, 16, 8, -1,
      8, 16, 15, -1,
      8, 15, 9, -1,
      17, 16, 6, -1,
      6, 16, 7, -1,
      11, 17, 5, -1,
      5, 17, 6, -1,
      0, 13, 1, -1,
      1, 13, 11, -1,
      1, 11, 5, -1,
      25, 13, 2, -1,
      2, 13, 0, -1,
      24, 25, 3, -1,
      3, 25, 2, -1,
      10, 12, 26, -1,
      26, 12, 27, -1,
      12, 23, 27, -1,
      27, 23, 28, -1,
      21, 29, 30, -1,
      21, 30, 22, -1,
      22, 30, 28, -1,
      22, 28, 23, -1,
      21, 19, 29, -1,
      29, 19, 31, -1,
      14, 32, 33, -1,
      14, 33, 18, -1,
      18, 33, 31, -1,
      18, 31, 19, -1,
      14, 10, 32, -1,
      32, 10, 26, -1,
    ]
  }
}

Shape {
  appearance Appearance {
    material Material {
      diffuseColor 0.2235 0.2235 0.2235
      specularColor 0.1137 0.1137 0.1137
      ambientIntensity 0.2
      transparency 0.0000
      shininess 0.5
    }
  }
  geometry IndexedFaceSet {
    ccw TRUE
    solid FALSE
    coord DEF co Coordinate {
      point [
        0.575202 0.474858 0.275591,
        0.597122 0.474858 0.275591,
        0.587255 0.502004 0.275591,
        0.586237 0.506579 0.275591,
        0.586765 0.503816 0.275591,
        0.586036 0.506579 0.275591,
        0.584968 0.502004 0.275591,
        0.585533 0.503954 0.275591,
      ]
    }
    coordIndex [
      3, 5, 4, -1,
      4, 5, 7, -1,
      4, 7, 2, -1,
      2, 7, 6, -1,
      2, 6, 1, -1,
      1, 6, 0, -1,
    ]
  }
}

Shape {
  appearance Appearance {
    material Material {
      diffuseColor 1.0000 1.0000 1.0000
      specularColor 0.5020 0.5020 0.5020
      ambientIntensity 0.2
      transparency 0.0000
      shininess 0.5
    }
  }
  geometry IndexedFaceSet {
    ccw TRUE
    solid FALSE
    coord DEF co Coordinate {
      point [
        0.362025 0.402520 0.275591,
        0.362025 0.382904 0.275591,
        0.385381 0.382904 0.275591,
        0.362025 0.375424 0.275591,
        0.362025 0.353454 0.275591,
        0.385381 0.375424 0.275591,
        0.388720 0.353454 0.275591,
        0.388720 0.346008 0.275591,
        0.353594 0.346008 0.275591,
        0.353594 0.411318 0.275591,
        0.353594 0.402520 0.275591,
        0.362025 0.403805 0.275591,
        0.387234 0.403805 0.275591,
        0.387234 0.411318 0.275591,
        0.418847 0.346556 0.275591,
        0.415782 0.345457 0.275591,
        0.425850 0.346008 0.275591,
        0.401108 0.381434 0.275591,
        0.401108 0.389381 0.275591,
        0.419199 0.386780 0.275591,
        0.416400 0.387077 0.275591,
        0.412026 0.373721 0.275591,
        0.421813 0.348531 0.275591,
        0.406448 0.345474 0.275591,
        0.403312 0.346657 0.275591,
        0.399575 0.367919 0.275591,
        0.401956 0.370133 0.275591,
        0.405227 0.371950 0.275591,
        0.406765 0.384988 0.275591,
        0.411889 0.386644 0.275591,
        0.400557 0.348579 0.275591,
        0.399759 0.349376 0.275591,
        0.398032 0.351844 0.275591,
        0.425850 0.353220 0.275591,
        0.425633 0.353220 0.275591,
        0.424393 0.351327 0.275591,
        0.397007 0.354566 0.275591,
        0.396550 0.358496 0.275591,
        0.396915 0.362255 0.275591,
        0.397897 0.365259 0.275591,
        0.434030 0.376025 0.275591,
        0.433220 0.382936 0.275591,
        0.425850 0.375658 0.275591,
        0.425572 0.379236 0.275591,
        0.424729 0.382165 0.275591,
        0.423771 0.383855 0.275591,
        0.402763 0.390341 0.275591,
        0.408840 0.392706 0.275591,
        0.417168 0.393722 0.275591,
        0.422537 0.385174 0.275591,
        0.421089 0.386114 0.275591,
        0.422921 0.393096 0.275591,
        0.426173 0.391943 0.275591,
        0.428757 0.390288 0.275591,
        0.431871 0.386431 0.275591,
        0.430138 0.388951 0.275591,
        0.415524 0.345365 0.275591,
        0.411342 0.344906 0.275591,
        0.406598 0.345457 0.275591,
        0.434030 0.346008 0.275591,
        0.388720 0.353454 0.275984,
        0.388720 0.346008 0.275984,
        0.362025 0.353454 0.275984,
        0.362025 0.375424 0.275984,
        0.385381 0.375424 0.275984,
        0.385381 0.382904 0.275984,
        0.362025 0.382904 0.275984,
        0.362025 0.403805 0.275984,
        0.387234 0.403805 0.275984,
        0.387234 0.411318 0.275984,
        0.353594 0.411318 0.275984,
        0.353594 0.346008 0.275984,
        0.425850 0.346008 0.275984,
        0.434030 0.346008 0.275984,
        0.425850 0.353220 0.275984,
        0.434030 0.376025 0.275984,
        0.425850 0.375658 0.275984,
        0.407993 0.365835 0.275984,
        0.409869 0.366755 0.275984,
        0.414931 0.367945 0.275984,
        0.425850 0.369414 0.275984,
        0.425850 0.364940 0.275984,
        0.422921 0.393096 0.275984,
        0.421089 0.386114 0.275984,
        0.426173 0.391943 0.275984,
        0.422537 0.385174 0.275984,
        0.425572 0.379236 0.275984,
        0.433220 0.382936 0.275984,
        0.424729 0.382165 0.275984,
        0.431871 0.386431 0.275984,
        0.423771 0.383855 0.275984,
        0.430138 0.388951 0.275984,
        0.428757 0.390288 0.275984,
        0.401108 0.389381 0.275984,
        0.401108 0.381434 0.275984,
        0.402763 0.390341 0.275984,
        0.406765 0.384988 0.275984,
        0.408840 0.392706 0.275984,
        0.411889 0.386644 0.275984,
        0.417168 0.393722 0.275984,
        0.416400 0.387077 0.275984,
        0.419199 0.386780 0.275984,
        0.425842 0.364397 0.275984,
        0.425315 0.360747 0.275984,
        0.424115 0.357828 0.275984,
        0.425633 0.353220 0.275984,
        0.422344 0.355424 0.275984,
        0.424393 0.351327 0.275984,
        0.421325 0.354427 0.275984,
        0.421813 0.348531 0.275984,
        0.419015 0.352866 0.275984,
        0.418847 0.346556 0.275984,
        0.416534 0.351962 0.275984,
        0.415524 0.345365 0.275984,
        0.413462 0.351617 0.275984,
        0.411342 0.344906 0.275984,
        0.410699 0.351929 0.275984,
        0.406448 0.345474 0.275984,
        0.408848 0.352607 0.275984,
        0.403312 0.346657 0.275984,
        0.407218 0.353721 0.275984,
        0.400557 0.348579 0.275984,
        0.406522 0.354420 0.275984,
        0.412026 0.373721 0.275984,
        0.405227 0.371950 0.275984,
        0.407018 0.365073 0.275984,
        0.401956 0.370133 0.275984,
        0.406039 0.363861 0.275984,
        0.399575 0.367919 0.275984,
        0.405320 0.362335 0.275984,
        0.397897 0.365259 0.275984,
        0.404917 0.360462 0.275984,
        0.396915 0.362255 0.275984,
        0.404847 0.359163 0.275984,
        0.396550 0.358496 0.275984,
        0.405055 0.357285 0.275984,
        0.397007 0.354566 0.275984,
        0.405593 0.355799 0.275984,
        0.398032 0.351844 0.275984,
        0.399759 0.349376 0.275984,
        0.407018 0.365073 0.275591,
        0.407993 0.365835 0.275591,
        0.409869 0.366755 0.275591,
        0.414931 0.367945 0.275591,
        0.404847 0.359163 0.275591,
        0.404917 0.360462 0.275591,
        0.405320 0.362335 0.275591,
        0.406039 0.363861 0.275591,
        0.407218 0.353721 0.275591,
        0.406522 0.354420 0.275591,
        0.405593 0.355799 0.275591,
        0.405055 0.357285 0.275591,
        0.413462 0.351617 0.275591,
        0.410699 0.351929 0.275591,
        0.408848 0.352607 0.275591,
        0.422344 0.355424 0.275591,
        0.421325 0.354427 0.275591,
        0.419015 0.352866 0.275591,
        0.416534 0.351962 0.275591,
        0.425850 0.364940 0.275591,
        0.425842 0.364397 0.275591,
        0.425315 0.360747 0.275591,
        0.424115 0.357828 0.275591,
        0.425850 0.369414 0.275591,
      ]
    }
    coordIndex [
      60, 61, 6, -1,
      6, 61, 7, -1,
      62, 60, 4, -1,
      4, 60, 6, -1,
      63, 62, 3, -1,
      3, 62, 4, -1,
      64, 63, 5, -1,
      5, 63, 3, -1,
      65, 64, 2, -1,
      2, 64, 5, -1,
      66, 65, 1, -1,
      1, 65, 2, -1,
      11, 67, 0, -1,
      0, 67, 66, -1,
      0, 66, 1, -1,
      68, 67, 12, -1,
      12, 67, 11, -1,
      69, 68, 13, -1,
      13, 68, 12, -1,
      70, 69, 9, -1,
      9, 69, 13, -1,
      8, 71, 10, -1,
      10, 71, 70, -1,
      10, 70, 9, -1,
      61, 71, 7, -1,
      7, 71, 8, -1,
      71, 61, 60, -1,
      60, 62, 71, -1,
      71, 62, 63, -1,
      71, 63, 70, -1,
      68, 69, 67, -1,
      67, 69, 70, -1,
      67, 70, 66, -1,
      66, 70, 63, -1,
      66, 63, 65, -1,
      65, 63, 64, -1,
      72, 73, 74, -1,
      74, 73, 75, -1,
      76, 77, 78, -1,
      79, 80, 75, -1,
      75, 80, 81, -1,
      82, 83, 84, -1,
      84, 83, 85, -1,
      78, 79, 76, -1,
      76, 79, 75, -1,
      76, 75, 86, -1,
      86, 75, 87, -1,
      86, 87, 88, -1,
      88, 87, 89, -1,
      88, 89, 90, -1,
      90, 89, 91, -1,
      90, 91, 85, -1,
      85, 91, 92, -1,
      85, 92, 84, -1,
      93, 94, 95, -1,
      95, 94, 96, -1,
      95, 96, 97, -1,
      97, 96, 98, -1,
      97, 98, 99, -1,
      99, 98, 100, -1,
      99, 100, 82, -1,
      82, 100, 101, -1,
      82, 101, 83, -1,
      81, 102, 75, -1,
      75, 102, 103, -1,
      75, 103, 74, -1,
      74, 103, 104, -1,
      74, 104, 105, -1,
      105, 104, 106, -1,
      105, 106, 107, -1,
      107, 106, 108, -1,
      107, 108, 109, -1,
      109, 108, 110, -1,
      109, 110, 111, -1,
      111, 110, 112, -1,
      111, 112, 113, -1,
      113, 112, 114, -1,
      113, 114, 115, -1,
      115, 114, 116, -1,
      115, 116, 117, -1,
      117, 116, 118, -1,
      117, 118, 119, -1,
      119, 118, 120, -1,
      119, 120, 121, -1,
      121, 120, 122, -1,
      76, 123, 77, -1,
      77, 123, 124, -1,
      77, 124, 125, -1,
      125, 124, 126, -1,
      125, 126, 127, -1,
      127, 126, 128, -1,
      127, 128, 129, -1,
      129, 128, 130, -1,
      129, 130, 131, -1,
      131, 130, 132, -1,
      131, 132, 133, -1,
      133, 132, 134, -1,
      133, 134, 135, -1,
      135, 134, 136, -1,
      135, 136, 137, -1,
      137, 136, 138, -1,
      137, 138, 122, -1,
      122, 138, 139, -1,
      122, 139, 121, -1,
      99, 48, 47, -1,
      99, 47, 97, -1,
      97, 47, 46, -1,
      97, 46, 95, -1,
      95, 46, 18, -1,
      95, 18, 93, -1,
      94, 93, 17, -1,
      17, 93, 18, -1,
      94, 17, 28, -1,
      94, 28, 96, -1,
      96, 28, 29, -1,
      96, 29, 98, -1,
      98, 29, 20, -1,
      98, 20, 100, -1,
      100, 20, 19, -1,
      100, 19, 101, -1,
      101, 19, 50, -1,
      101, 50, 83, -1,
      83, 50, 49, -1,
      83, 49, 85, -1,
      85, 49, 45, -1,
      85, 45, 90, -1,
      90, 45, 44, -1,
      90, 44, 88, -1,
      88, 44, 43, -1,
      88, 43, 86, -1,
      86, 43, 42, -1,
      86, 42, 76, -1,
      123, 76, 21, -1,
      21, 76, 42, -1,
      123, 21, 27, -1,
      123, 27, 124, -1,
      124, 27, 26, -1,
      124, 26, 126, -1,
      126, 26, 25, -1,
      126, 25, 128, -1,
      128, 25, 39, -1,
      128, 39, 130, -1,
      130, 39, 38, -1,
      130, 38, 132, -1,
      132, 38, 37, -1,
      132, 37, 134, -1,
      134, 37, 36, -1,
      134, 36, 136, -1,
      136, 36, 32, -1,
      136, 32, 138, -1,
      138, 32, 31, -1,
      138, 31, 139, -1,
      139, 31, 30, -1,
      139, 30, 121, -1,
      57, 115, 58, -1,
      58, 115, 117, -1,
      58, 117, 23, -1,
      23, 117, 119, -1,
      23, 119, 24, -1,
      24, 119, 121, -1,
      24, 121, 30, -1,
      115, 57, 56, -1,
      115, 56, 113, -1,
      113, 56, 15, -1,
      113, 15, 111, -1,
      15, 14, 111, -1,
      111, 14, 22, -1,
      111, 22, 109, -1,
      109, 22, 35, -1,
      109, 35, 107, -1,
      107, 35, 34, -1,
      107, 34, 105, -1,
      74, 105, 33, -1,
      33, 105, 34, -1,
      72, 74, 16, -1,
      16, 74, 33, -1,
      73, 72, 59, -1,
      59, 72, 16, -1,
      75, 73, 40, -1,
      40, 73, 59, -1,
      75, 40, 41, -1,
      75, 41, 87, -1,
      87, 41, 54, -1,
      87, 54, 89, -1,
      89, 54, 55, -1,
      89, 55, 91, -1,
      91, 55, 53, -1,
      91, 53, 92, -1,
      92, 53, 52, -1,
      92, 52, 84, -1,
      84, 52, 51, -1,
      84, 51, 82, -1,
      82, 51, 48, -1,
      82, 48, 99, -1,
      125, 140, 141, -1,
      125, 141, 77, -1,
      77, 141, 142, -1,
      77, 142, 78, -1,
      78, 142, 143, -1,
      78, 143, 79, -1,
      133, 144, 145, -1,
      133, 145, 131, -1,
      131, 145, 146, -1,
      131, 146, 129, -1,
      129, 146, 147, -1,
      129, 147, 127, -1,
      127, 147, 140, -1,
      127, 140, 125, -1,
      120, 148, 149, -1,
      120, 149, 122, -1,
      122, 149, 150, -1,
      122, 150, 137, -1,
      137, 150, 151, -1,
      137, 151, 135, -1,
      135, 151, 144, -1,
      135, 144, 133, -1,
      114, 152, 153, -1,
      114, 153, 116, -1,
      116, 153, 154, -1,
      116, 154, 118, -1,
      118, 154, 148, -1,
      118, 148, 120, -1,
      106, 155, 156, -1,
      106, 156, 108, -1,
      108, 156, 157, -1,
      108, 157, 110, -1,
      110, 157, 158, -1,
      110, 158, 112, -1,
      112, 158, 152, -1,
      112, 152, 114, -1,
      81, 159, 160, -1,
      81, 160, 102, -1,
      102, 160, 161, -1,
      102, 161, 103, -1,
      103, 161, 162, -1,
      103, 162, 104, -1,
      104, 162, 155, -1,
      104, 155, 106, -1,
      81, 80, 159, -1,
      159, 80, 163, -1,
      80, 79, 163, -1,
      163, 79, 143, -1,
    ]
  }
}

Shape {
  appearance Appearance {
    material Material {
      diffuseColor 0.2235 0.2235 0.2235
      specularColor 0.1137 0.1137 0.1137
      ambientIntensity 0.2
      transparency 0.0000
      shininess 0.5
    }
  }
  geometry IndexedFaceSet {
    ccw TRUE
    solid FALSE
    coord DEF co Coordinate {
      point [
        0.407018 0.365073 0.275591,
        0.407993 0.365835 0.275591,
        0.409869 0.366755 0.275591,
        0.414931 0.367945 0.275591,
        0.404847 0.359163 0.275591,
        0.404917 0.360462 0.275591,
        0.405320 0.362335 0.275591,
        0.406039 0.363861 0.275591,
        0.407218 0.353721 0.275591,
        0.406522 0.354420 0.275591,
        0.405593 0.355799 0.275591,
        0.405055 0.357285 0.275591,
        0.413462 0.351617 0.275591,
        0.410699 0.351929 0.275591,
        0.408848 0.352607 0.275591,
        0.422344 0.355424 0.275591,
        0.421325 0.354427 0.275591,
        0.419015 0.352866 0.275591,
        0.416534 0.351962 0.275591,
        0.425850 0.364940 0.275591,
        0.425842 0.364397 0.275591,
        0.425315 0.360747 0.275591,
        0.424115 0.357828 0.275591,
        0.425850 0.369414 0.275591,
      ]
    }
    coordIndex [
      20, 19, 0, -1,
      19, 23, 3, -1,
      3, 2, 19, -1,
      19, 2, 1, -1,
      19, 1, 0, -1,
      20, 0, 21, -1,
      21, 0, 7, -1,
      21, 7, 22, -1,
      9, 8, 16, -1,
      9, 16, 10, -1,
      17, 16, 18, -1,
      18, 16, 12, -1,
      7, 6, 22, -1,
      22, 6, 5, -1,
      22, 5, 15, -1,
      15, 5, 4, -1,
      15, 4, 16, -1,
      16, 4, 11, -1,
      16, 11, 10, -1,
      8, 14, 16, -1,
      16, 14, 13, -1,
      16, 13, 12, -1,
    ]
  }
}

Shape {
  appearance Appearance {
    material Material {
      diffuseColor 1.0000 1.0000 1.0000
      specularColor 0.5020 0.5020 0.5020
      ambientIntensity 0.2
      transparency 0.0000
      shininess 0.5
    }
  }
  geometry IndexedFaceSet {
    ccw TRUE
    solid FALSE
    coord DEF co Coordinate {
      point [
        0.525651 0.392653 0.275591,
        0.507043 0.345457 0.275591,
        0.465187 0.345791 0.275591,
        0.462387 0.345457 0.275591,
        0.631573 0.394770 0.275591,
        0.634000 0.388552 0.275591,
        0.627522 0.400454 0.275591,
        0.630114 0.360945 0.275591,
        0.625252 0.355157 0.275591,
        0.618487 0.350296 0.275591,
        0.611055 0.347376 0.275591,
        0.599893 0.346008 0.275591,
        0.635102 0.379498 0.275591,
        0.634907 0.375350 0.275591,
        0.633328 0.367702 0.275591,
        0.581930 0.346008 0.275591,
        0.581930 0.402520 0.275591,
        0.581930 0.411318 0.275591,
        0.600561 0.411318 0.275591,
        0.610531 0.410217 0.275591,
        0.618413 0.407339 0.275591,
        0.625252 0.402670 0.275591,
        0.625406 0.402520 0.275591,
        0.447486 0.372686 0.275591,
        0.446427 0.374375 0.275591,
        0.445522 0.376870 0.275591,
        0.445165 0.380065 0.275591,
        0.448824 0.371287 0.275591,
        0.445115 0.356091 0.275591,
        0.448897 0.371239 0.275591,
        0.448057 0.354249 0.275591,
        0.448897 0.353921 0.275591,
        0.447966 0.387816 0.275591,
        0.445483 0.382970 0.275591,
        0.446452 0.385604 0.275591,
        0.445115 0.347644 0.275591,
        0.448897 0.346315 0.275591,
        0.450856 0.345626 0.275591,
        0.452480 0.345457 0.275591,
        0.457770 0.344906 0.275591,
        0.474381 0.391652 0.275591,
        0.474381 0.383705 0.275591,
        0.473881 0.366409 0.275591,
        0.475402 0.364166 0.275591,
        0.450407 0.390015 0.275591,
        0.452405 0.391244 0.275591,
        0.448897 0.388655 0.275591,
        0.476277 0.361756 0.275591,
        0.476619 0.358696 0.275591,
        0.476232 0.355420 0.275591,
        0.475230 0.352827 0.275591,
        0.473708 0.350668 0.275591,
        0.456786 0.392937 0.275591,
        0.463330 0.393722 0.275591,
        0.469068 0.393213 0.275591,
        0.471359 0.348612 0.275591,
        0.469482 0.347456 0.275591,
        0.462528 0.387077 0.275591,
        0.460107 0.386895 0.275591,
        0.453596 0.380800 0.275591,
        0.457918 0.386316 0.275591,
        0.456084 0.385341 0.275591,
        0.453671 0.379711 0.275591,
        0.453995 0.378441 0.275591,
        0.454585 0.377337 0.275591,
        0.455383 0.376459 0.275591,
        0.458267 0.374656 0.275591,
        0.468240 0.386383 0.275591,
        0.463330 0.372452 0.275591,
        0.472869 0.384591 0.275591,
        0.466497 0.371171 0.275591,
        0.471930 0.368149 0.275591,
        0.454850 0.384250 0.275591,
        0.454148 0.383209 0.275591,
        0.453744 0.382104 0.275591,
        0.453174 0.352250 0.275591,
        0.457553 0.366509 0.275591,
        0.452677 0.368744 0.275591,
        0.458571 0.351584 0.275591,
        0.458933 0.351586 0.275591,
        0.462924 0.364259 0.275591,
        0.463126 0.352056 0.275591,
        0.468221 0.357894 0.275591,
        0.468141 0.358912 0.275591,
        0.465237 0.352829 0.275591,
        0.465983 0.353281 0.275591,
        0.466922 0.354115 0.275591,
        0.467636 0.355170 0.275591,
        0.468052 0.356334 0.275591,
        0.467769 0.360189 0.275591,
        0.467137 0.361274 0.275591,
        0.466117 0.362335 0.275591,
        0.502211 0.357594 0.275591,
        0.503213 0.353754 0.275591,
        0.503430 0.353754 0.275591,
        0.517170 0.392653 0.275591,
        0.493973 0.381295 0.275591,
        0.504432 0.357527 0.275591,
        0.503806 0.355353 0.275591,
        0.493973 0.359337 0.275591,
        0.480876 0.392653 0.275591,
        0.490024 0.392653 0.275591,
        0.499173 0.346108 0.275591,
        0.498898 0.345457 0.275591,
        0.495584 0.337627 0.275591,
        0.482562 0.324705 0.275591,
        0.482562 0.331984 0.275591,
        0.484235 0.331436 0.275591,
        0.487203 0.331049 0.275591,
        0.487447 0.331052 0.275591,
        0.489406 0.331330 0.275591,
        0.491172 0.332059 0.275591,
        0.492396 0.332928 0.275591,
        0.493920 0.334603 0.275591,
        0.493973 0.334698 0.275591,
        0.493973 0.325522 0.275591,
        0.491422 0.324487 0.275591,
        0.487837 0.324037 0.275591,
        0.486031 0.324102 0.275591,
        0.497368 0.327769 0.275591,
        0.494623 0.325786 0.275591,
        0.504482 0.338963 0.275591,
        0.500733 0.331683 0.275591,
        0.542897 0.375424 0.275591,
        0.542897 0.353454 0.275591,
        0.555126 0.353454 0.275591,
        0.569592 0.353454 0.275591,
        0.569592 0.346008 0.275591,
        0.566253 0.375424 0.275591,
        0.555126 0.375424 0.275591,
        0.542897 0.402520 0.275591,
        0.542897 0.382904 0.275591,
        0.555126 0.382904 0.275591,
        0.542897 0.403805 0.275591,
        0.566253 0.382904 0.275591,
        0.534466 0.346008 0.275591,
        0.534466 0.402520 0.275591,
        0.534466 0.411318 0.275591,
        0.555126 0.346008 0.275591,
        0.555126 0.411318 0.275591,
        0.568106 0.411318 0.275591,
        0.568106 0.403805 0.275591,
        0.555126 0.403805 0.275591,
        0.458571 0.351584 0.275984,
        0.448057 0.354249 0.275984,
        0.453174 0.352250 0.275984,
        0.445115 0.356091 0.275984,
        0.445115 0.347644 0.275984,
        0.450856 0.345626 0.275984,
        0.457770 0.344906 0.275984,
        0.465187 0.345791 0.275984,
        0.469482 0.347456 0.275984,
        0.471359 0.348612 0.275984,
        0.473708 0.350668 0.275984,
        0.475230 0.352827 0.275984,
        0.476232 0.355420 0.275984,
        0.476619 0.358696 0.275984,
        0.476277 0.361756 0.275984,
        0.475402 0.364166 0.275984,
        0.473881 0.366409 0.275984,
        0.471930 0.368149 0.275984,
        0.466497 0.371171 0.275984,
        0.463330 0.372452 0.275984,
        0.458267 0.374656 0.275984,
        0.455383 0.376459 0.275984,
        0.454585 0.377337 0.275984,
        0.453995 0.378441 0.275984,
        0.453671 0.379711 0.275984,
        0.453596 0.380800 0.275984,
        0.453744 0.382104 0.275984,
        0.454148 0.383209 0.275984,
        0.454850 0.384250 0.275984,
        0.456084 0.385341 0.275984,
        0.457918 0.386316 0.275984,
        0.460107 0.386895 0.275984,
        0.462528 0.387077 0.275984,
        0.468240 0.386383 0.275984,
        0.472869 0.384591 0.275984,
        0.474381 0.383705 0.275984,
        0.474381 0.391652 0.275984,
        0.469068 0.393213 0.275984,
        0.463330 0.393722 0.275984,
        0.456786 0.392937 0.275984,
        0.452405 0.391244 0.275984,
        0.450407 0.390015 0.275984,
        0.447966 0.387816 0.275984,
        0.446452 0.385604 0.275984,
        0.445483 0.382970 0.275984,
        0.445165 0.380065 0.275984,
        0.445522 0.376870 0.275984,
        0.446427 0.374375 0.275984,
        0.447486 0.372686 0.275984,
        0.457553 0.366509 0.275984,
        0.452677 0.368744 0.275984,
        0.448824 0.371287 0.275984,
        0.462924 0.364259 0.275984,
        0.466117 0.362335 0.275984,
        0.467137 0.361274 0.275984,
        0.467769 0.360189 0.275984,
        0.468141 0.358912 0.275984,
        0.468221 0.357894 0.275984,
        0.468052 0.356334 0.275984,
        0.467636 0.355170 0.275984,
        0.466922 0.354115 0.275984,
        0.465983 0.353281 0.275984,
        0.465237 0.352829 0.275984,
        0.463126 0.352056 0.275984,
        0.458933 0.351586 0.275984,
        0.517170 0.392653 0.275984,
        0.525651 0.392653 0.275984,
        0.504432 0.357527 0.275984,
        0.503806 0.355353 0.275984,
        0.503430 0.353754 0.275984,
        0.503213 0.353754 0.275984,
        0.502211 0.357594 0.275984,
        0.490024 0.392653 0.275984,
        0.480876 0.392653 0.275984,
        0.499173 0.346108 0.275984,
        0.495584 0.337627 0.275984,
        0.493920 0.334603 0.275984,
        0.492396 0.332928 0.275984,
        0.491172 0.332059 0.275984,
        0.489406 0.331330 0.275984,
        0.487447 0.331052 0.275984,
        0.487203 0.331049 0.275984,
        0.484235 0.331436 0.275984,
        0.482562 0.331984 0.275984,
        0.482562 0.324705 0.275984,
        0.486031 0.324102 0.275984,
        0.487837 0.324037 0.275984,
        0.494623 0.325786 0.275984,
        0.491422 0.324487 0.275984,
        0.497368 0.327769 0.275984,
        0.500733 0.331683 0.275984,
        0.504482 0.338963 0.275984,
        0.569592 0.353454 0.275984,
        0.569592 0.346008 0.275984,
        0.542897 0.353454 0.275984,
        0.542897 0.375424 0.275984,
        0.566253 0.375424 0.275984,
        0.566253 0.382904 0.275984,
        0.542897 0.382904 0.275984,
        0.542897 0.403805 0.275984,
        0.568106 0.403805 0.275984,
        0.568106 0.411318 0.275984,
        0.534466 0.411318 0.275984,
        0.534466 0.346008 0.275984,
        0.625252 0.355157 0.275984,
        0.618549 0.359601 0.275984,
        0.618487 0.350296 0.275984,
        0.614351 0.356663 0.275984,
        0.611055 0.347376 0.275984,
        0.608980 0.354558 0.275984,
        0.599893 0.346008 0.275984,
        0.599843 0.353454 0.275984,
        0.581930 0.346008 0.275984,
        0.590360 0.353454 0.275984,
        0.581930 0.411318 0.275984,
        0.590360 0.403805 0.275984,
        0.600561 0.411318 0.275984,
        0.600227 0.403805 0.275984,
        0.610531 0.410217 0.275984,
        0.608626 0.402880 0.275984,
        0.618413 0.407339 0.275984,
        0.614293 0.400838 0.275984,
        0.625252 0.402670 0.275984,
        0.619076 0.397661 0.275984,
        0.627522 0.400454 0.275984,
        0.620852 0.395917 0.275984,
        0.631573 0.394770 0.275984,
        0.623394 0.392269 0.275984,
        0.634000 0.388552 0.275984,
        0.625246 0.387522 0.275984,
        0.635102 0.379498 0.275984,
        0.626237 0.379264 0.275984,
        0.634907 0.375350 0.275984,
        0.625893 0.374099 0.275984,
        0.633328 0.367702 0.275984,
        0.624474 0.368342 0.275984,
        0.630114 0.360945 0.275984,
        0.622078 0.363631 0.275984,
        0.619259 0.360265 0.275984,
        0.600227 0.403805 0.275591,
        0.590360 0.403805 0.275591,
        0.590360 0.353454 0.275591,
        0.599843 0.353454 0.275591,
        0.619259 0.360265 0.275591,
        0.618549 0.359601 0.275591,
        0.614351 0.356663 0.275591,
        0.608980 0.354558 0.275591,
        0.626237 0.379264 0.275591,
        0.625893 0.374099 0.275591,
        0.624474 0.368342 0.275591,
        0.622078 0.363631 0.275591,
        0.619076 0.397661 0.275591,
        0.620852 0.395917 0.275591,
        0.623394 0.392269 0.275591,
        0.625246 0.387522 0.275591,
        0.608626 0.402880 0.275591,
        0.614293 0.400838 0.275591,
      ]
    }
    coordIndex [
      143, 78, 75, -1,
      31, 144, 75, -1,
      75, 144, 145, -1,
      75, 145, 143, -1,
      31, 30, 144, -1,
      144, 30, 28, -1,
      144, 28, 146, -1,
      147, 146, 35, -1,
      35, 146, 28, -1,
      148, 147, 36, -1,
      36, 147, 35, -1,
      39, 149, 38, -1,
      38, 149, 148, -1,
      38, 148, 37, -1,
      37, 148, 36, -1,
      150, 149, 3, -1,
      3, 149, 39, -1,
      3, 2, 150, -1,
      150, 2, 56, -1,
      150, 56, 151, -1,
      151, 56, 55, -1,
      151, 55, 152, -1,
      152, 55, 51, -1,
      152, 51, 153, -1,
      153, 51, 50, -1,
      153, 50, 154, -1,
      154, 50, 49, -1,
      154, 49, 155, -1,
      155, 49, 48, -1,
      155, 48, 156, -1,
      156, 48, 47, -1,
      156, 47, 157, -1,
      157, 47, 43, -1,
      157, 43, 158, -1,
      158, 43, 42, -1,
      158, 42, 159, -1,
      159, 42, 71, -1,
      159, 71, 160, -1,
      160, 71, 70, -1,
      160, 70, 161, -1,
      161, 70, 68, -1,
      161, 68, 162, -1,
      162, 68, 66, -1,
      162, 66, 163, -1,
      163, 66, 65, -1,
      163, 65, 164, -1,
      164, 65, 64, -1,
      164, 64, 165, -1,
      165, 64, 63, -1,
      165, 63, 166, -1,
      166, 63, 62, -1,
      166, 62, 167, -1,
      167, 62, 59, -1,
      167, 59, 168, -1,
      168, 59, 74, -1,
      168, 74, 169, -1,
      169, 74, 73, -1,
      169, 73, 170, -1,
      170, 73, 72, -1,
      170, 72, 171, -1,
      171, 72, 61, -1,
      171, 61, 172, -1,
      172, 61, 60, -1,
      172, 60, 173, -1,
      173, 60, 58, -1,
      173, 58, 174, -1,
      174, 58, 57, -1,
      174, 57, 175, -1,
      175, 57, 67, -1,
      175, 67, 176, -1,
      176, 67, 69, -1,
      176, 69, 177, -1,
      177, 69, 41, -1,
      177, 41, 178, -1,
      179, 178, 40, -1,
      40, 178, 41, -1,
      179, 40, 54, -1,
      179, 54, 180, -1,
      180, 54, 53, -1,
      180, 53, 181, -1,
      181, 53, 52, -1,
      181, 52, 182, -1,
      182, 52, 45, -1,
      182, 45, 183, -1,
      183, 45, 44, -1,
      183, 44, 184, -1,
      185, 184, 46, -1,
      46, 184, 44, -1,
      46, 32, 185, -1,
      185, 32, 34, -1,
      185, 34, 186, -1,
      186, 34, 33, -1,
      186, 33, 187, -1,
      187, 33, 26, -1,
      187, 26, 188, -1,
      188, 26, 25, -1,
      188, 25, 189, -1,
      189, 25, 24, -1,
      189, 24, 190, -1,
      190, 24, 23, -1,
      190, 23, 191, -1,
      76, 192, 193, -1,
      191, 23, 27, -1,
      191, 27, 194, -1,
      194, 27, 29, -1,
      194, 29, 193, -1,
      193, 29, 77, -1,
      193, 77, 76, -1,
      192, 76, 80, -1,
      192, 80, 195, -1,
      195, 80, 91, -1,
      195, 91, 196, -1,
      196, 91, 90, -1,
      196, 90, 197, -1,
      197, 90, 89, -1,
      197, 89, 198, -1,
      198, 89, 83, -1,
      198, 83, 199, -1,
      199, 83, 82, -1,
      199, 82, 200, -1,
      200, 82, 88, -1,
      200, 88, 201, -1,
      201, 88, 87, -1,
      201, 87, 202, -1,
      202, 87, 86, -1,
      202, 86, 203, -1,
      203, 86, 85, -1,
      203, 85, 204, -1,
      204, 85, 84, -1,
      204, 84, 205, -1,
      205, 84, 81, -1,
      205, 81, 206, -1,
      206, 81, 79, -1,
      206, 79, 207, -1,
      207, 79, 78, -1,
      207, 78, 143, -1,
      170, 171, 184, -1,
      184, 171, 183, -1,
      183, 171, 172, -1,
      183, 172, 182, -1,
      202, 153, 154, -1,
      195, 162, 192, -1,
      192, 162, 163, -1,
      202, 154, 201, -1,
      201, 154, 155, -1,
      201, 155, 200, -1,
      200, 155, 156, -1,
      200, 156, 199, -1,
      199, 156, 157, -1,
      199, 157, 198, -1,
      198, 157, 158, -1,
      198, 158, 197, -1,
      197, 158, 159, -1,
      197, 159, 196, -1,
      196, 159, 160, -1,
      196, 160, 195, -1,
      195, 160, 161, -1,
      195, 161, 162, -1,
      153, 202, 152, -1,
      152, 202, 203, -1,
      152, 203, 151, -1,
      149, 143, 148, -1,
      148, 143, 145, -1,
      148, 145, 147, -1,
      147, 145, 144, -1,
      147, 144, 146, -1,
      172, 173, 182, -1,
      182, 173, 174, -1,
      182, 174, 181, -1,
      181, 174, 175, -1,
      181, 175, 180, -1,
      180, 175, 176, -1,
      180, 176, 179, -1,
      179, 176, 177, -1,
      179, 177, 178, -1,
      203, 204, 151, -1,
      151, 204, 205, -1,
      151, 205, 150, -1,
      150, 205, 206, -1,
      150, 206, 149, -1,
      149, 206, 207, -1,
      149, 207, 143, -1,
      184, 185, 170, -1,
      170, 185, 186, -1,
      170, 186, 169, -1,
      169, 186, 187, -1,
      169, 187, 168, -1,
      168, 187, 188, -1,
      168, 188, 167, -1,
      167, 188, 189, -1,
      167, 189, 166, -1,
      166, 189, 190, -1,
      166, 190, 165, -1,
      165, 190, 191, -1,
      165, 191, 164, -1,
      164, 191, 194, -1,
      164, 194, 163, -1,
      163, 194, 193, -1,
      163, 193, 192, -1,
      208, 209, 95, -1,
      95, 209, 0, -1,
      210, 208, 97, -1,
      97, 208, 95, -1,
      210, 97, 98, -1,
      210, 98, 211, -1,
      211, 98, 94, -1,
      211, 94, 212, -1,
      213, 212, 93, -1,
      93, 212, 94, -1,
      214, 213, 92, -1,
      92, 213, 93, -1,
      101, 215, 96, -1,
      96, 215, 214, -1,
      96, 214, 92, -1,
      216, 215, 100, -1,
      100, 215, 101, -1,
      102, 217, 99, -1,
      99, 217, 216, -1,
      99, 216, 100, -1,
      104, 218, 103, -1,
      103, 218, 217, -1,
      103, 217, 102, -1,
      218, 104, 219, -1,
      219, 104, 114, -1,
      114, 113, 219, -1,
      219, 113, 112, -1,
      219, 112, 220, -1,
      220, 112, 111, -1,
      220, 111, 221, -1,
      221, 111, 110, -1,
      221, 110, 222, -1,
      222, 110, 109, -1,
      222, 109, 223, -1,
      223, 109, 108, -1,
      223, 108, 224, -1,
      224, 108, 107, -1,
      224, 107, 225, -1,
      225, 107, 106, -1,
      225, 106, 226, -1,
      227, 226, 105, -1,
      105, 226, 106, -1,
      227, 105, 118, -1,
      227, 118, 228, -1,
      228, 118, 117, -1,
      228, 117, 229, -1,
      229, 117, 116, -1,
      115, 230, 116, -1,
      116, 230, 231, -1,
      116, 231, 229, -1,
      115, 120, 230, -1,
      230, 120, 119, -1,
      230, 119, 232, -1,
      232, 119, 122, -1,
      232, 122, 233, -1,
      233, 122, 121, -1,
      233, 121, 234, -1,
      0, 209, 1, -1,
      1, 209, 234, -1,
      1, 234, 121, -1,
      211, 212, 234, -1,
      209, 208, 234, -1,
      234, 208, 210, -1,
      234, 210, 211, -1,
      215, 216, 214, -1,
      214, 216, 217, -1,
      214, 217, 213, -1,
      212, 213, 234, -1,
      234, 213, 217, -1,
      234, 217, 233, -1,
      217, 218, 233, -1,
      233, 218, 219, -1,
      233, 219, 232, -1,
      232, 219, 220, -1,
      232, 220, 230, -1,
      230, 220, 221, -1,
      230, 221, 231, -1,
      231, 221, 222, -1,
      231, 222, 229, -1,
      229, 222, 223, -1,
      229, 223, 228, -1,
      228, 223, 224, -1,
      228, 224, 227, -1,
      227, 224, 225, -1,
      227, 225, 226, -1,
      235, 236, 126, -1,
      126, 236, 127, -1,
      124, 237, 125, -1,
      125, 237, 235, -1,
      125, 235, 126, -1,
      238, 237, 123, -1,
      123, 237, 124, -1,
      128, 239, 129, -1,
      129, 239, 238, -1,
      129, 238, 123, -1,
      240, 239, 134, -1,
      134, 239, 128, -1,
      131, 241, 132, -1,
      132, 241, 240, -1,
      132, 240, 134, -1,
      133, 242, 130, -1,
      130, 242, 241, -1,
      130, 241, 131, -1,
      141, 243, 142, -1,
      142, 243, 242, -1,
      142, 242, 133, -1,
      244, 243, 140, -1,
      140, 243, 141, -1,
      137, 245, 139, -1,
      139, 245, 244, -1,
      139, 244, 140, -1,
      135, 246, 136, -1,
      136, 246, 245, -1,
      136, 245, 137, -1,
      127, 236, 138, -1,
      138, 236, 246, -1,
      138, 246, 135, -1,
      246, 236, 235, -1,
      235, 237, 246, -1,
      246, 237, 238, -1,
      246, 238, 245, -1,
      243, 244, 242, -1,
      242, 244, 245, -1,
      242, 245, 241, -1,
      241, 245, 238, -1,
      241, 238, 240, -1,
      240, 238, 239, -1,
      247, 248, 249, -1,
      249, 248, 250, -1,
      249, 250, 251, -1,
      251, 250, 252, -1,
      251, 252, 253, -1,
      253, 252, 254, -1,
      253, 254, 255, -1,
      255, 254, 256, -1,
      255, 256, 257, -1,
      257, 256, 258, -1,
      257, 258, 259, -1,
      259, 258, 260, -1,
      259, 260, 261, -1,
      261, 260, 262, -1,
      261, 262, 263, -1,
      263, 262, 264, -1,
      263, 264, 265, -1,
      265, 264, 266, -1,
      265, 266, 267, -1,
      267, 266, 268, -1,
      267, 268, 269, -1,
      269, 268, 270, -1,
      269, 270, 271, -1,
      271, 270, 272, -1,
      271, 272, 273, -1,
      273, 272, 274, -1,
      273, 274, 275, -1,
      275, 274, 276, -1,
      275, 276, 277, -1,
      277, 276, 278, -1,
      277, 278, 279, -1,
      279, 278, 280, -1,
      279, 280, 247, -1,
      247, 280, 281, -1,
      247, 281, 248, -1,
      253, 255, 11, -1,
      11, 255, 15, -1,
      253, 11, 10, -1,
      253, 10, 251, -1,
      251, 10, 9, -1,
      251, 9, 249, -1,
      249, 9, 8, -1,
      249, 8, 247, -1,
      247, 8, 7, -1,
      247, 7, 279, -1,
      279, 7, 14, -1,
      279, 14, 277, -1,
      277, 14, 13, -1,
      277, 13, 275, -1,
      275, 13, 12, -1,
      275, 12, 273, -1,
      273, 12, 5, -1,
      273, 5, 271, -1,
      271, 5, 4, -1,
      271, 4, 269, -1,
      269, 4, 6, -1,
      269, 6, 267, -1,
      267, 6, 265, -1,
      265, 6, 22, -1,
      265, 22, 21, -1,
      265, 21, 20, -1,
      265, 20, 263, -1,
      263, 20, 19, -1,
      263, 19, 261, -1,
      261, 19, 18, -1,
      261, 18, 259, -1,
      257, 259, 17, -1,
      17, 259, 18, -1,
      15, 255, 16, -1,
      16, 255, 257, -1,
      16, 257, 17, -1,
      260, 258, 282, -1,
      282, 258, 283, -1,
      258, 256, 283, -1,
      283, 256, 284, -1,
      256, 254, 284, -1,
      284, 254, 285, -1,
      281, 286, 287, -1,
      281, 287, 248, -1,
      248, 287, 288, -1,
      248, 288, 250, -1,
      250, 288, 289, -1,
      250, 289, 252, -1,
      252, 289, 285, -1,
      252, 285, 254, -1,
      274, 290, 291, -1,
      274, 291, 276, -1,
      276, 291, 292, -1,
      276, 292, 278, -1,
      278, 292, 293, -1,
      278, 293, 280, -1,
      280, 293, 286, -1,
      280, 286, 281, -1,
      266, 294, 295, -1,
      266, 295, 268, -1,
      268, 295, 296, -1,
      268, 296, 270, -1,
      270, 296, 297, -1,
      270, 297, 272, -1,
      272, 297, 290, -1,
      272, 290, 274, -1,
      260, 282, 298, -1,
      260, 298, 262, -1,
      262, 298, 299, -1,
      262, 299, 264, -1,
      264, 299, 294, -1,
      264, 294, 266, -1,
    ]
  }
}

Shape {
  appearance Appearance {
    material Material {
      diffuseColor 0.2235 0.2235 0.2235
      specularColor 0.1137 0.1137 0.1137
      ambientIntensity 0.2
      transparency 0.0000
      shininess 0.5
    }
  }
  geometry IndexedFaceSet {
    ccw TRUE
    solid FALSE
    coord DEF co Coordinate {
      point [
        0.600227 0.403805 0.275591,
        0.590360 0.403805 0.275591,
        0.590360 0.353454 0.275591,
        0.599843 0.353454 0.275591,
        0.619259 0.360265 0.275591,
        0.618549 0.359601 0.275591,
        0.614351 0.356663 0.275591,
        0.608980 0.354558 0.275591,
        0.626237 0.379264 0.275591,
        0.625893 0.374099 0.275591,
        0.624474 0.368342 0.275591,
        0.622078 0.363631 0.275591,
        0.619076 0.397661 0.275591,
        0.620852 0.395917 0.275591,
        0.623394 0.392269 0.275591,
        0.625246 0.387522 0.275591,
        0.608626 0.402880 0.275591,
        0.614293 0.400838 0.275591,
      ]
    }
    coordIndex [
      1, 2, 0, -1,
      0, 2, 3, -1,
      5, 4, 0, -1,
      0, 4, 11, -1,
      3, 7, 0, -1,
      0, 7, 6, -1,
      0, 6, 5, -1,
      11, 10, 0, -1,
      0, 10, 9, -1,
      0, 9, 8, -1,
      17, 16, 12, -1,
      12, 16, 0, -1,
      12, 0, 13, -1,
      8, 15, 0, -1,
      0, 15, 14, -1,
      0, 14, 13, -1,
    ]
  }
}

Shape {
  appearance Appearance {
    material Material {
      diffuseColor 1.0000 1.0000 1.0000
      specularColor 0.5020 0.5020 0.5020
      ambientIntensity 0.2
      transparency 0.0000
      shininess 0.5
    }
  }
  geometry IndexedFaceSet {
    ccw TRUE
    solid FALSE
    coord DEF co Coordinate {
      point [
        0.660250 0.402520 0.275591,
        0.688175 0.346008 0.275591,
        0.697491 0.346008 0.275591,
        0.675967 0.402520 0.275591,
        0.672616 0.411318 0.275591,
        0.638725 0.346008 0.275591,
        0.648041 0.346008 0.275591,
        0.654318 0.363871 0.275591,
        0.681514 0.363871 0.275591,
        0.663600 0.411318 0.275591,
        0.656989 0.371250 0.275984,
        0.654318 0.363871 0.275984,
        0.678910 0.371250 0.275984,
        0.681514 0.363871 0.275984,
        0.666756 0.398396 0.275984,
        0.663600 0.411318 0.275984,
        0.638725 0.346008 0.275984,
        0.648041 0.346008 0.275984,
        0.667321 0.400345 0.275984,
        0.667824 0.402970 0.275984,
        0.672616 0.411318 0.275984,
        0.668025 0.402970 0.275984,
        0.668553 0.400207 0.275984,
        0.669043 0.398396 0.275984,
        0.697491 0.346008 0.275984,
        0.688175 0.346008 0.275984,
        0.656989 0.371250 0.275591,
        0.678910 0.371250 0.275591,
        0.669043 0.398396 0.275591,
        0.668025 0.402970 0.275591,
        0.668553 0.400207 0.275591,
        0.667824 0.402970 0.275591,
        0.666756 0.398396 0.275591,
        0.667321 0.400345 0.275591,
      ]
    }
    coordIndex [
      10, 11, 12, -1,
      12, 11, 13, -1,
      14, 15, 10, -1,
      10, 15, 16, -1,
      10, 16, 11, -1,
      11, 16, 17, -1,
      14, 18, 15, -1,
      15, 18, 19, -1,
      15, 19, 20, -1,
      20, 19, 21, -1,
      20, 21, 22, -1,
      22, 23, 20, -1,
      20, 23, 12, -1,
      20, 12, 24, -1,
      24, 12, 13, -1,
      24, 13, 25, -1,
      4, 20, 3, -1,
      3, 20, 24, -1,
      3, 24, 2, -1,
      15, 20, 9, -1,
      9, 20, 4, -1,
      5, 16, 0, -1,
      0, 16, 15, -1,
      0, 15, 9, -1,
      17, 16, 6, -1,
      6, 16, 5, -1,
      11, 17, 7, -1,
      7, 17, 6, -1,
      13, 11, 8, -1,
      8, 11, 7, -1,
      25, 13, 1, -1,
      1, 13, 8, -1,
      24, 25, 2, -1,
      2, 25, 1, -1,
      10, 12, 26, -1,
      26, 12, 27, -1,
      12, 23, 27, -1,
      27, 23, 28, -1,
      21, 29, 30, -1,
      21, 30, 22, -1,
      22, 30, 28, -1,
      22, 28, 23, -1,
      21, 19, 29, -1,
      29, 19, 31, -1,
      14, 32, 33, -1,
      14, 33, 18, -1,
      18, 33, 31, -1,
      18, 31, 19, -1,
      14, 10, 32, -1,
      32, 10, 26, -1,
    ]
  }
}

Shape {
  appearance Appearance {
    material Material {
      diffuseColor 0.2235 0.2235 0.2235
      specularColor 0.1137 0.1137 0.1137
      ambientIntensity 0.2
      transparency 0.0000
      shininess 0.5
    }
  }
  geometry IndexedFaceSet {
    ccw TRUE
    solid FALSE
    coord DEF co Coordinate {
      point [
        0.656989 0.371250 0.275591,
        0.678910 0.371250 0.275591,
        0.669043 0.398396 0.275591,
        0.668025 0.402970 0.275591,
        0.668553 0.400207 0.275591,
        0.667824 0.402970 0.275591,
        0.666756 0.398396 0.275591,
        0.667321 0.400345 0.275591,
      ]
    }
    coordIndex [
      3, 5, 4, -1,
      4, 5, 7, -1,
      4, 7, 2, -1,
      2, 7, 6, -1,
      2, 6, 1, -1,
      1, 6, 0, -1,
    ]
  }
}

Shape {
  appearance Appearance {
    material Material {
      diffuseColor 1.0000 1.0000 1.0000
      specularColor 0.5020 0.5020 0.5020
      ambientIntensity 0.2
      transparency 0.0000
      shininess 0.5
    }
  }
  geometry IndexedFaceSet {
    ccw TRUE
    solid FALSE
    coord DEF co Coordinate {
      point [
        0.131341 0.400059 0.275591,
        0.139442 0.392680 0.275591,
        0.158277 0.402520 0.275591,
        0.285909 0.449065 0.275591,
        0.282971 0.453187 0.275591,
        0.270415 0.463877 0.275591,
        0.208350 0.522228 0.275591,
        0.218391 0.515477 0.275591,
        0.229061 0.508303 0.275591,
        0.244215 0.490839 0.275591,
        0.254136 0.471620 0.275591,
        0.256616 0.470781 0.275591,
        0.185048 0.530439 0.275591,
        0.121446 0.521321 0.275591,
        0.142853 0.529598 0.275591,
        0.165910 0.532449 0.275591,
        0.010403 0.449065 0.275591,
        0.112022 0.515477 0.275591,
        0.110188 0.514340 0.275591,
        0.015338 0.459583 0.275591,
        0.025677 0.472548 0.275591,
        0.029583 0.476198 0.275591,
        0.045124 0.486706 0.275591,
        0.062436 0.492973 0.275591,
        0.079077 0.494837 0.275591,
        0.099276 0.504995 0.275591,
        0.084417 0.494547 0.275591,
        0.089757 0.493908 0.275591,
        0.003852 0.419613 0.275591,
        0.004026 0.424736 0.275591,
        0.007592 0.443073 0.275591,
        0.052782 0.349126 0.275591,
        0.036233 0.357728 0.275591,
        0.023355 0.368999 0.275591,
        0.021813 0.370765 0.275591,
        0.011952 0.385681 0.275591,
        0.005903 0.402520 0.275591,
        0.005709 0.403059 0.275591,
        0.060503 0.346710 0.275591,
        0.061088 0.345457 0.275591,
        0.065148 0.336765 0.275591,
        0.072050 0.328240 0.275591,
        0.123844 0.319586 0.275591,
        0.115837 0.316514 0.275591,
        0.104616 0.315134 0.275591,
        0.102804 0.315169 0.275591,
        0.091841 0.316883 0.275591,
        0.085417 0.319586 0.275591,
        0.081130 0.321389 0.275591,
        0.148134 0.345457 0.275591,
        0.148105 0.345334 0.275591,
        0.142625 0.334976 0.275591,
        0.135446 0.326920 0.275591,
        0.126195 0.320488 0.275591,
        0.282926 0.366677 0.275591,
        0.269994 0.355789 0.275591,
        0.207531 0.372911 0.275591,
        0.210727 0.374141 0.275591,
        0.216059 0.400574 0.275591,
        0.204661 0.370916 0.275591,
        0.214202 0.374571 0.275591,
        0.214654 0.374538 0.275591,
        0.216047 0.374230 0.275591,
        0.300083 0.409048 0.275591,
        0.299135 0.402520 0.275591,
        0.297874 0.393831 0.275591,
        0.291955 0.379176 0.275591,
        0.255797 0.348937 0.275591,
        0.240670 0.345781 0.275591,
        0.213273 0.345781 0.275591,
        0.210809 0.346164 0.275591,
        0.207730 0.347336 0.275591,
        0.204694 0.349444 0.275591,
        0.203459 0.350692 0.275591,
        0.261901 0.385776 0.275591,
        0.267007 0.393020 0.275591,
        0.199807 0.360176 0.275591,
        0.199878 0.361600 0.275591,
        0.151051 0.366213 0.275591,
        0.200708 0.365159 0.275591,
        0.202409 0.368387 0.275591,
        0.216988 0.374107 0.275591,
        0.237884 0.374107 0.275591,
        0.246177 0.375690 0.275591,
        0.201447 0.353614 0.275591,
        0.200236 0.356765 0.275591,
        0.150806 0.356801 0.275591,
        0.151051 0.361569 0.275591,
        0.254376 0.379476 0.275591,
        0.261248 0.385075 0.275591,
        0.110284 0.408131 0.275591,
        0.121491 0.405344 0.275591,
        0.230860 0.449065 0.275591,
        0.104616 0.408469 0.275591,
        0.270205 0.401297 0.275591,
        0.270356 0.402520 0.275591,
        0.214922 0.402520 0.275591,
        0.271317 0.410326 0.275591,
        0.271096 0.414341 0.275591,
        0.093552 0.407108 0.275591,
        0.043288 0.449065 0.275591,
        0.083293 0.403190 0.275591,
        0.038459 0.442120 0.275591,
        0.034486 0.431763 0.275591,
        0.036837 0.402520 0.275591,
        0.082328 0.402520 0.275591,
        0.033651 0.413450 0.275591,
        0.033106 0.420541 0.275591,
        0.259223 0.437316 0.275591,
        0.252019 0.442342 0.275591,
        0.268928 0.423263 0.275591,
        0.264620 0.431282 0.275591,
        0.231383 0.446545 0.275591,
        0.201665 0.425185 0.275591,
        0.235098 0.446545 0.275591,
        0.243913 0.445459 0.275591,
        0.126755 0.402520 0.275591,
        0.036966 0.402079 0.275591,
        0.066114 0.387826 0.275591,
        0.073795 0.396598 0.275591,
        0.042535 0.392591 0.275591,
        0.050864 0.384041 0.275591,
        0.060967 0.377821 0.275591,
        0.211992 0.485910 0.275591,
        0.209350 0.488353 0.275591,
        0.104152 0.460011 0.275591,
        0.222186 0.473150 0.275591,
        0.100757 0.461863 0.275591,
        0.229002 0.458020 0.275591,
        0.196247 0.497301 0.275591,
        0.181650 0.502769 0.275591,
        0.110908 0.474171 0.275591,
        0.166374 0.504589 0.275591,
        0.090343 0.465648 0.275591,
        0.079541 0.466976 0.275591,
        0.074773 0.466731 0.275591,
        0.149295 0.502391 0.275591,
        0.134108 0.496237 0.275591,
        0.121196 0.486705 0.275591,
        0.063306 0.464031 0.275591,
        0.052948 0.458550 0.275591,
        0.044892 0.451372 0.275591,
        0.292406 0.439947 0.275591,
        0.298034 0.425754 0.275591,
        0.300107 0.410790 0.275591,
        0.065148 0.336765 0.275984,
        0.072050 0.328240 0.275984,
        0.060967 0.377821 0.275984,
        0.271317 0.410326 0.275984,
        0.270205 0.401297 0.275984,
        0.297874 0.393831 0.275984,
        0.108044 0.378788 0.275984,
        0.112354 0.377238 0.275984,
        0.151051 0.366213 0.275984,
        0.116085 0.374711 0.275984,
        0.119072 0.371368 0.275984,
        0.216059 0.400574 0.275984,
        0.201665 0.425185 0.275984,
        0.139442 0.392680 0.275984,
        0.104152 0.379215 0.275984,
        0.092043 0.347653 0.275984,
        0.095736 0.345081 0.275984,
        0.081130 0.321389 0.275984,
        0.100023 0.343475 0.275984,
        0.050864 0.384041 0.275984,
        0.052782 0.349126 0.275984,
        0.060503 0.346710 0.275984,
        0.121083 0.367552 0.275984,
        0.122137 0.363245 0.275984,
        0.151051 0.361569 0.275984,
        0.122143 0.359050 0.275984,
        0.100198 0.378775 0.275984,
        0.093552 0.407108 0.275984,
        0.096102 0.377315 0.275984,
        0.083293 0.403190 0.275984,
        0.092398 0.374867 0.275984,
        0.073795 0.396598 0.275984,
        0.089357 0.371547 0.275984,
        0.066114 0.387826 0.275984,
        0.087204 0.367512 0.275984,
        0.086144 0.363047 0.275984,
        0.231383 0.446545 0.275984,
        0.235098 0.446545 0.275984,
        0.254136 0.471620 0.275984,
        0.243913 0.445459 0.275984,
        0.256616 0.470781 0.275984,
        0.252019 0.442342 0.275984,
        0.270415 0.463877 0.275984,
        0.282971 0.453187 0.275984,
        0.100757 0.461863 0.275984,
        0.104152 0.460011 0.275984,
        0.089757 0.493908 0.275984,
        0.110908 0.474171 0.275984,
        0.099276 0.504995 0.275984,
        0.121196 0.486705 0.275984,
        0.110188 0.514340 0.275984,
        0.134108 0.496237 0.275984,
        0.121446 0.521321 0.275984,
        0.121491 0.405344 0.275984,
        0.110284 0.408131 0.275984,
        0.104616 0.408469 0.275984,
        0.291955 0.379176 0.275984,
        0.267007 0.393020 0.275984,
        0.282926 0.366677 0.275984,
        0.229061 0.508303 0.275984,
        0.211992 0.485910 0.275984,
        0.244215 0.490839 0.275984,
        0.222186 0.473150 0.275984,
        0.229002 0.458020 0.275984,
        0.042535 0.392591 0.275984,
        0.023355 0.368999 0.275984,
        0.036233 0.357728 0.275984,
        0.034486 0.431763 0.275984,
        0.004026 0.424736 0.275984,
        0.033106 0.420541 0.275984,
        0.003852 0.419613 0.275984,
        0.033651 0.413450 0.275984,
        0.005709 0.403059 0.275984,
        0.036966 0.402079 0.275984,
        0.011952 0.385681 0.275984,
        0.021813 0.370765 0.275984,
        0.259223 0.437316 0.275984,
        0.264620 0.431282 0.275984,
        0.292406 0.439947 0.275984,
        0.268928 0.423263 0.275984,
        0.298034 0.425754 0.275984,
        0.271096 0.414341 0.275984,
        0.300107 0.410790 0.275984,
        0.300083 0.409048 0.275984,
        0.261901 0.385776 0.275984,
        0.261248 0.385075 0.275984,
        0.269994 0.355789 0.275984,
        0.254376 0.379476 0.275984,
        0.255797 0.348937 0.275984,
        0.246177 0.375690 0.275984,
        0.240670 0.345781 0.275984,
        0.237884 0.374107 0.275984,
        0.213273 0.345781 0.275984,
        0.216988 0.374107 0.275984,
        0.210809 0.346164 0.275984,
        0.142853 0.529598 0.275984,
        0.149295 0.502391 0.275984,
        0.165910 0.532449 0.275984,
        0.166374 0.504589 0.275984,
        0.185048 0.530439 0.275984,
        0.181650 0.502769 0.275984,
        0.208350 0.522228 0.275984,
        0.196247 0.497301 0.275984,
        0.209350 0.488353 0.275984,
        0.090343 0.465648 0.275984,
        0.084417 0.494547 0.275984,
        0.079541 0.466976 0.275984,
        0.079077 0.494837 0.275984,
        0.074773 0.466731 0.275984,
        0.062436 0.492973 0.275984,
        0.063306 0.464031 0.275984,
        0.045124 0.486706 0.275984,
        0.052948 0.458550 0.275984,
        0.029583 0.476198 0.275984,
        0.044892 0.451372 0.275984,
        0.025677 0.472548 0.275984,
        0.038459 0.442120 0.275984,
        0.015338 0.459583 0.275984,
        0.007592 0.443073 0.275984,
        0.089098 0.351037 0.275984,
        0.087137 0.354878 0.275984,
        0.086144 0.359163 0.275984,
        0.131341 0.400059 0.275984,
        0.091841 0.316883 0.275984,
        0.102804 0.315169 0.275984,
        0.104152 0.342995 0.275984,
        0.104616 0.315134 0.275984,
        0.108141 0.343433 0.275984,
        0.115837 0.316514 0.275984,
        0.112224 0.344887 0.275984,
        0.126195 0.320488 0.275984,
        0.115835 0.347274 0.275984,
        0.135446 0.326920 0.275984,
        0.118882 0.350592 0.275984,
        0.142625 0.334976 0.275984,
        0.121041 0.354591 0.275984,
        0.148105 0.345334 0.275984,
        0.150806 0.356801 0.275984,
        0.214654 0.374538 0.275984,
        0.203459 0.350692 0.275984,
        0.204694 0.349444 0.275984,
        0.199807 0.360176 0.275984,
        0.200236 0.356765 0.275984,
        0.201447 0.353614 0.275984,
        0.216047 0.374230 0.275984,
        0.207730 0.347336 0.275984,
        0.210727 0.374141 0.275984,
        0.207531 0.372911 0.275984,
        0.199878 0.361600 0.275984,
        0.204661 0.370916 0.275984,
        0.202409 0.368387 0.275984,
        0.200708 0.365159 0.275984,
        0.214202 0.374571 0.275984,
        0.104152 0.379215 0.275591,
        0.108044 0.378788 0.275591,
        0.112354 0.377238 0.275591,
        0.116085 0.374711 0.275591,
        0.119072 0.371368 0.275591,
        0.121083 0.367552 0.275591,
        0.122137 0.363245 0.275591,
        0.122143 0.359050 0.275591,
        0.121041 0.354591 0.275591,
        0.118882 0.350592 0.275591,
        0.115835 0.347274 0.275591,
        0.112224 0.344887 0.275591,
        0.108141 0.343433 0.275591,
        0.104152 0.342995 0.275591,
        0.100023 0.343475 0.275591,
        0.095736 0.345081 0.275591,
        0.092043 0.347653 0.275591,
        0.089098 0.351037 0.275591,
        0.087137 0.354878 0.275591,
        0.086144 0.359163 0.275591,
        0.086144 0.363047 0.275591,
        0.087204 0.367512 0.275591,
        0.089357 0.371547 0.275591,
        0.092398 0.374867 0.275591,
        0.096102 0.377315 0.275591,
        0.100198 0.378775 0.275591,
      ]
    }
    coordIndex [
      145, 146, 147, -1,
      148, 149, 150, -1,
      151, 152, 153, -1,
      153, 152, 154, -1,
      153, 154, 155, -1,
      156, 157, 153, -1,
      153, 157, 158, -1,
      153, 158, 151, -1,
      151, 158, 159, -1,
      160, 146, 161, -1,
      161, 146, 162, -1,
      161, 162, 163, -1,
      164, 165, 147, -1,
      147, 165, 166, -1,
      147, 166, 145, -1,
      155, 167, 153, -1,
      153, 167, 168, -1,
      153, 168, 169, -1,
      169, 168, 170, -1,
      171, 172, 173, -1,
      173, 172, 174, -1,
      173, 174, 175, -1,
      175, 174, 176, -1,
      175, 176, 177, -1,
      177, 176, 178, -1,
      177, 178, 179, -1,
      179, 178, 147, -1,
      179, 147, 180, -1,
      181, 182, 183, -1,
      183, 182, 184, -1,
      183, 184, 185, -1,
      185, 184, 186, -1,
      185, 186, 187, -1,
      187, 186, 188, -1,
      189, 190, 191, -1,
      191, 190, 192, -1,
      191, 192, 193, -1,
      193, 192, 194, -1,
      193, 194, 195, -1,
      195, 194, 196, -1,
      195, 196, 197, -1,
      198, 199, 171, -1,
      171, 199, 200, -1,
      171, 200, 172, -1,
      150, 149, 201, -1,
      201, 149, 202, -1,
      201, 202, 203, -1,
      204, 205, 206, -1,
      206, 205, 207, -1,
      206, 207, 183, -1,
      183, 207, 208, -1,
      183, 208, 181, -1,
      209, 210, 164, -1,
      164, 210, 211, -1,
      164, 211, 165, -1,
      212, 213, 214, -1,
      214, 213, 215, -1,
      214, 215, 216, -1,
      216, 215, 217, -1,
      216, 217, 218, -1,
      218, 217, 219, -1,
      218, 219, 209, -1,
      209, 219, 220, -1,
      209, 220, 210, -1,
      186, 221, 188, -1,
      188, 221, 222, -1,
      188, 222, 223, -1,
      223, 222, 224, -1,
      223, 224, 225, -1,
      225, 224, 226, -1,
      225, 226, 227, -1,
      227, 226, 148, -1,
      227, 148, 228, -1,
      228, 148, 150, -1,
      202, 229, 203, -1,
      203, 229, 230, -1,
      203, 230, 231, -1,
      231, 230, 232, -1,
      231, 232, 233, -1,
      233, 232, 234, -1,
      233, 234, 235, -1,
      235, 234, 236, -1,
      235, 236, 237, -1,
      237, 236, 238, -1,
      237, 238, 239, -1,
      197, 196, 240, -1,
      240, 196, 241, -1,
      240, 241, 242, -1,
      242, 241, 243, -1,
      242, 243, 244, -1,
      244, 243, 245, -1,
      244, 245, 246, -1,
      246, 245, 247, -1,
      246, 247, 204, -1,
      204, 247, 248, -1,
      204, 248, 205, -1,
      189, 191, 249, -1,
      249, 191, 250, -1,
      249, 250, 251, -1,
      251, 250, 252, -1,
      251, 252, 253, -1,
      253, 252, 254, -1,
      253, 254, 255, -1,
      255, 254, 256, -1,
      255, 256, 257, -1,
      257, 256, 258, -1,
      257, 258, 259, -1,
      259, 258, 260, -1,
      259, 260, 261, -1,
      261, 260, 262, -1,
      261, 262, 212, -1,
      212, 262, 263, -1,
      212, 263, 213, -1,
      160, 264, 146, -1,
      146, 264, 265, -1,
      146, 265, 147, -1,
      147, 265, 266, -1,
      147, 266, 180, -1,
      159, 158, 171, -1,
      171, 158, 267, -1,
      171, 267, 198, -1,
      162, 268, 163, -1,
      163, 268, 269, -1,
      163, 269, 270, -1,
      270, 269, 271, -1,
      270, 271, 272, -1,
      272, 271, 273, -1,
      272, 273, 274, -1,
      274, 273, 275, -1,
      274, 275, 276, -1,
      276, 275, 277, -1,
      276, 277, 278, -1,
      278, 277, 279, -1,
      278, 279, 280, -1,
      280, 279, 281, -1,
      280, 281, 170, -1,
      170, 281, 282, -1,
      170, 282, 169, -1,
      283, 284, 285, -1,
      286, 287, 283, -1,
      283, 287, 288, -1,
      283, 288, 284, -1,
      238, 289, 239, -1,
      239, 289, 283, -1,
      239, 283, 290, -1,
      290, 283, 285, -1,
      291, 292, 293, -1,
      292, 294, 293, -1,
      293, 294, 295, -1,
      293, 295, 296, -1,
      286, 283, 293, -1,
      293, 283, 297, -1,
      293, 297, 291, -1,
      227, 144, 143, -1,
      227, 143, 225, -1,
      225, 143, 142, -1,
      225, 142, 223, -1,
      223, 142, 3, -1,
      223, 3, 188, -1,
      3, 4, 188, -1,
      188, 4, 5, -1,
      188, 5, 187, -1,
      187, 5, 11, -1,
      187, 11, 185, -1,
      185, 11, 10, -1,
      185, 10, 183, -1,
      183, 10, 9, -1,
      183, 9, 206, -1,
      206, 9, 8, -1,
      206, 8, 204, -1,
      246, 204, 7, -1,
      7, 204, 8, -1,
      7, 6, 246, -1,
      246, 6, 12, -1,
      246, 12, 244, -1,
      244, 12, 15, -1,
      244, 15, 242, -1,
      18, 195, 17, -1,
      17, 195, 197, -1,
      17, 197, 13, -1,
      13, 197, 240, -1,
      13, 240, 14, -1,
      14, 240, 242, -1,
      14, 242, 15, -1,
      195, 18, 25, -1,
      195, 25, 193, -1,
      193, 25, 27, -1,
      193, 27, 191, -1,
      191, 27, 26, -1,
      191, 26, 250, -1,
      250, 26, 24, -1,
      250, 24, 252, -1,
      252, 24, 23, -1,
      252, 23, 254, -1,
      254, 23, 22, -1,
      254, 22, 256, -1,
      256, 22, 21, -1,
      256, 21, 258, -1,
      258, 21, 20, -1,
      258, 20, 260, -1,
      260, 20, 19, -1,
      260, 19, 262, -1,
      262, 19, 16, -1,
      262, 16, 263, -1,
      16, 30, 263, -1,
      263, 30, 29, -1,
      263, 29, 213, -1,
      213, 29, 28, -1,
      213, 28, 215, -1,
      215, 28, 37, -1,
      215, 37, 217, -1,
      217, 37, 36, -1,
      217, 36, 219, -1,
      36, 35, 219, -1,
      219, 35, 34, -1,
      219, 34, 220, -1,
      220, 34, 33, -1,
      220, 33, 210, -1,
      210, 33, 32, -1,
      210, 32, 211, -1,
      211, 32, 31, -1,
      211, 31, 165, -1,
      165, 31, 38, -1,
      165, 38, 166, -1,
      166, 38, 39, -1,
      166, 39, 145, -1,
      39, 40, 145, -1,
      145, 40, 41, -1,
      145, 41, 146, -1,
      146, 41, 48, -1,
      146, 48, 162, -1,
      162, 48, 47, -1,
      162, 47, 268, -1,
      47, 46, 268, -1,
      268, 46, 45, -1,
      268, 45, 269, -1,
      269, 45, 44, -1,
      269, 44, 271, -1,
      87, 169, 282, -1,
      271, 44, 43, -1,
      271, 43, 273, -1,
      273, 43, 42, -1,
      273, 42, 275, -1,
      42, 53, 275, -1,
      275, 53, 52, -1,
      275, 52, 277, -1,
      277, 52, 51, -1,
      277, 51, 279, -1,
      279, 51, 50, -1,
      279, 50, 281, -1,
      281, 50, 49, -1,
      281, 49, 282, -1,
      282, 49, 86, -1,
      282, 86, 87, -1,
      153, 169, 78, -1,
      78, 169, 87, -1,
      156, 153, 58, -1,
      58, 153, 78, -1,
      113, 157, 96, -1,
      96, 157, 156, -1,
      96, 156, 58, -1,
      1, 158, 2, -1,
      2, 158, 157, -1,
      2, 157, 113, -1,
      158, 1, 0, -1,
      158, 0, 267, -1,
      267, 0, 116, -1,
      267, 116, 198, -1,
      116, 91, 198, -1,
      198, 91, 90, -1,
      198, 90, 199, -1,
      199, 90, 93, -1,
      199, 93, 200, -1,
      200, 93, 99, -1,
      200, 99, 172, -1,
      172, 99, 101, -1,
      172, 101, 174, -1,
      174, 101, 105, -1,
      174, 105, 176, -1,
      105, 119, 176, -1,
      176, 119, 118, -1,
      176, 118, 178, -1,
      178, 118, 122, -1,
      178, 122, 147, -1,
      107, 214, 216, -1,
      147, 122, 121, -1,
      147, 121, 164, -1,
      164, 121, 120, -1,
      164, 120, 209, -1,
      209, 120, 117, -1,
      209, 117, 218, -1,
      218, 117, 104, -1,
      218, 104, 216, -1,
      216, 104, 106, -1,
      216, 106, 107, -1,
      214, 107, 103, -1,
      214, 103, 212, -1,
      212, 103, 102, -1,
      212, 102, 261, -1,
      261, 102, 100, -1,
      261, 100, 259, -1,
      100, 141, 259, -1,
      259, 141, 140, -1,
      259, 140, 257, -1,
      257, 140, 139, -1,
      257, 139, 255, -1,
      255, 139, 135, -1,
      255, 135, 253, -1,
      253, 135, 134, -1,
      253, 134, 251, -1,
      251, 134, 133, -1,
      251, 133, 249, -1,
      249, 133, 127, -1,
      249, 127, 189, -1,
      189, 127, 125, -1,
      189, 125, 190, -1,
      190, 125, 131, -1,
      190, 131, 192, -1,
      192, 131, 138, -1,
      192, 138, 194, -1,
      194, 138, 137, -1,
      194, 137, 196, -1,
      196, 137, 136, -1,
      196, 136, 241, -1,
      241, 136, 132, -1,
      241, 132, 243, -1,
      112, 181, 92, -1,
      92, 181, 208, -1,
      92, 208, 128, -1,
      128, 208, 207, -1,
      128, 207, 126, -1,
      126, 207, 205, -1,
      126, 205, 123, -1,
      123, 205, 248, -1,
      123, 248, 124, -1,
      124, 248, 247, -1,
      124, 247, 129, -1,
      129, 247, 245, -1,
      129, 245, 130, -1,
      130, 245, 243, -1,
      130, 243, 132, -1,
      182, 181, 114, -1,
      114, 181, 112, -1,
      182, 114, 115, -1,
      182, 115, 184, -1,
      184, 115, 109, -1,
      184, 109, 186, -1,
      186, 109, 108, -1,
      186, 108, 221, -1,
      221, 108, 111, -1,
      221, 111, 222, -1,
      222, 111, 110, -1,
      222, 110, 224, -1,
      224, 110, 98, -1,
      224, 98, 226, -1,
      226, 98, 97, -1,
      226, 97, 148, -1,
      149, 148, 95, -1,
      95, 148, 97, -1,
      95, 94, 149, -1,
      149, 94, 75, -1,
      149, 75, 202, -1,
      202, 75, 74, -1,
      202, 74, 229, -1,
      229, 74, 89, -1,
      229, 89, 230, -1,
      230, 89, 88, -1,
      230, 88, 232, -1,
      232, 88, 83, -1,
      232, 83, 234, -1,
      234, 83, 82, -1,
      234, 82, 236, -1,
      238, 236, 81, -1,
      81, 236, 82, -1,
      238, 81, 62, -1,
      238, 62, 289, -1,
      289, 62, 61, -1,
      289, 61, 283, -1,
      283, 61, 60, -1,
      283, 60, 297, -1,
      297, 60, 57, -1,
      297, 57, 291, -1,
      291, 57, 56, -1,
      291, 56, 292, -1,
      292, 56, 59, -1,
      292, 59, 294, -1,
      294, 59, 80, -1,
      294, 80, 295, -1,
      295, 80, 79, -1,
      295, 79, 296, -1,
      296, 79, 77, -1,
      296, 77, 293, -1,
      293, 77, 76, -1,
      293, 76, 286, -1,
      286, 76, 85, -1,
      286, 85, 287, -1,
      287, 85, 84, -1,
      287, 84, 288, -1,
      288, 84, 73, -1,
      288, 73, 284, -1,
      284, 73, 72, -1,
      284, 72, 285, -1,
      285, 72, 71, -1,
      285, 71, 290, -1,
      290, 71, 70, -1,
      290, 70, 239, -1,
      239, 70, 69, -1,
      239, 69, 237, -1,
      235, 237, 68, -1,
      68, 237, 69, -1,
      235, 68, 67, -1,
      235, 67, 233, -1,
      233, 67, 55, -1,
      233, 55, 231, -1,
      231, 55, 54, -1,
      231, 54, 203, -1,
      144, 227, 228, -1,
      203, 54, 66, -1,
      203, 66, 201, -1,
      201, 66, 65, -1,
      201, 65, 150, -1,
      150, 65, 64, -1,
      150, 64, 228, -1,
      228, 64, 63, -1,
      228, 63, 144, -1,
      159, 298, 299, -1,
      159, 299, 151, -1,
      151, 299, 300, -1,
      151, 300, 152, -1,
      152, 300, 301, -1,
      152, 301, 154, -1,
      154, 301, 302, -1,
      154, 302, 155, -1,
      155, 302, 303, -1,
      155, 303, 167, -1,
      167, 303, 304, -1,
      167, 304, 168, -1,
      168, 304, 305, -1,
      168, 305, 170, -1,
      170, 305, 306, -1,
      170, 306, 280, -1,
      280, 306, 307, -1,
      280, 307, 278, -1,
      278, 307, 308, -1,
      278, 308, 276, -1,
      276, 308, 309, -1,
      276, 309, 274, -1,
      274, 309, 310, -1,
      274, 310, 272, -1,
      272, 310, 311, -1,
      272, 311, 270, -1,
      270, 311, 312, -1,
      270, 312, 163, -1,
      163, 312, 313, -1,
      163, 313, 161, -1,
      161, 313, 314, -1,
      161, 314, 160, -1,
      160, 314, 315, -1,
      160, 315, 264, -1,
      264, 315, 316, -1,
      264, 316, 265, -1,
      265, 316, 317, -1,
      265, 317, 266, -1,
      266, 317, 318, -1,
      266, 318, 180, -1,
      180, 318, 319, -1,
      180, 319, 179, -1,
      179, 319, 320, -1,
      179, 320, 177, -1,
      177, 320, 321, -1,
      177, 321, 175, -1,
      175, 321, 322, -1,
      175, 322, 173, -1,
      173, 322, 323, -1,
      173, 323, 171, -1,
      171, 323, 298, -1,
      171, 298, 159, -1,
    ]
  }
}

Shape {
  appearance Appearance {
    material Material {
      diffuseColor 0.2235 0.2235 0.2235
      specularColor 0.1137 0.1137 0.1137
      ambientIntensity 0.2
      transparency 0.0000
      shininess 0.5
    }
  }
  geometry IndexedFaceSet {
    ccw TRUE
    solid FALSE
    coord DEF co Coordinate {
      point [
        0.104152 0.379215 0.275591,
        0.108044 0.378788 0.275591,
        0.112354 0.377238 0.275591,
        0.116085 0.374711 0.275591,
        0.119072 0.371368 0.275591,
        0.121083 0.367552 0.275591,
        0.122137 0.363245 0.275591,
        0.122143 0.359050 0.275591,
        0.121041 0.354591 0.275591,
        0.118882 0.350592 0.275591,
        0.115835 0.347274 0.275591,
        0.112224 0.344887 0.275591,
        0.108141 0.343433 0.275591,
        0.104152 0.342995 0.275591,
        0.100023 0.343475 0.275591,
        0.095736 0.345081 0.275591,
        0.092043 0.347653 0.275591,
        0.089098 0.351037 0.275591,
        0.087137 0.354878 0.275591,
        0.086144 0.359163 0.275591,
        0.086144 0.363047 0.275591,
        0.087204 0.367512 0.275591,
        0.089357 0.371547 0.275591,
        0.092398 0.374867 0.275591,
        0.096102 0.377315 0.275591,
        0.100198 0.378775 0.275591,
      ]
    }
    coordIndex [
      0, 13, 12, -1,
      24, 20, 25, -1,
      25, 20, 19, -1,
      25, 19, 0, -1,
      6, 5, 12, -1,
      12, 5, 4, -1,
      12, 4, 3, -1,
      19, 18, 0, -1,
      0, 18, 17, -1,
      0, 17, 16, -1,
      3, 2, 12, -1,
      12, 2, 1, -1,
      12, 1, 0, -1,
      24, 23, 20, -1,
      20, 23, 22, -1,
      20, 22, 21, -1,
      16, 15, 0, -1,
      0, 15, 14, -1,
      0, 14, 13, -1,
      12, 11, 6, -1,
      6, 11, 10, -1,
      6, 10, 7, -1,
      7, 10, 9, -1,
      7, 9, 8, -1,
    ]
  }
}
