#VRML V2.0 utf8

Shape {
  appearance Appearance {
    material Material {
      diffuseColor 0.7529 0.7529 0.7529
      specularColor 0.3765 0.3765 0.3765
      ambientIntensity 0.2
      transparency 0.0000
      shininess 0.5
    }
  }
  geometry IndexedFaceSet {
    ccw TRUE
    solid FALSE
    coord DEF co Coordinate {
      point [
        1.023622 -0.204724 0.039370,
        1.023622 -0.500000 0.039370,
        1.026305 -0.479620 0.039370,
        1.034171 -0.460630 0.039370,
        1.046685 -0.444322 0.039370,
        1.062992 -0.431809 0.039370,
        1.181102 -0.421260 0.039370,
        1.181102 -0.204724 0.039370,
        1.102362 -0.421260 0.039370,
        1.081983 -0.423943 0.039370,
        1.181102 -0.421260 -0.039370,
        1.181102 -0.204724 -0.039370,
        1.081983 -0.423943 -0.039370,
        1.062992 -0.431809 -0.039370,
        1.023622 -0.204724 -0.039370,
        1.046685 -0.444322 -0.039370,
        1.034171 -0.460630 -0.039370,
        1.026305 -0.479620 -0.039370,
        1.023622 -0.500000 -0.039370,
        1.102362 -0.421260 -0.039370,
        1.023622 -0.539370 0.039370,
        1.023622 -0.834646 0.039370,
        1.026305 -0.559750 0.039370,
        1.034171 -0.578740 0.039370,
        1.081983 -0.615427 0.039370,
        1.062992 -0.607561 0.039370,
        1.046685 -0.595048 0.039370,
        1.181102 -0.834646 0.039370,
        1.181102 -0.618110 0.039370,
        1.102362 -0.618110 0.039370,
        1.181102 -0.834646 -0.039370,
        1.181102 -0.618110 -0.039370,
        1.023622 -0.834646 -0.039370,
        1.023622 -0.539370 -0.039370,
        1.026305 -0.559750 -0.039370,
        1.034171 -0.578740 -0.039370,
        1.046685 -0.595048 -0.039370,
        1.062992 -0.607561 -0.039370,
        1.102362 -0.618110 -0.039370,
        1.081983 -0.615427 -0.039370,
        1.003243 -0.834646 -0.036687,
        1.003243 -0.204724 -0.036687,
        0.984252 -0.834646 -0.028821,
        0.984252 -0.204724 -0.028821,
        0.967944 -0.834646 -0.016307,
        0.967944 -0.204724 -0.016307,
        0.955431 -0.834646 0.000000,
        0.955431 -0.204724 0.000000,
        0.947565 -0.834646 0.018991,
        0.947565 -0.204724 0.018991,
        0.944882 -0.834646 0.039370,
        0.944882 -0.204724 0.039370,
        0.944882 -0.834646 0.157480,
        0.944882 -0.874016 0.157480,
        0.944882 -0.874016 1.259843,
        0.944882 -0.165354 1.259843,
        0.944882 -0.165354 0.157480,
        0.944882 -0.204724 0.157480,
        1.023622 -0.165354 0.157480,
        1.023622 -0.165354 1.259843,
        1.023622 -0.204724 0.157480,
        1.023622 -0.874016 1.259843,
        1.023622 -0.874016 0.157480,
        1.023622 -0.834646 0.157480,
        -1.026305 -0.479620 0.039370,
        -1.023622 -0.500000 0.039370,
        -1.023622 -0.204724 0.039370,
        -1.081983 -0.423943 0.039370,
        -1.062992 -0.431809 0.039370,
        -1.181102 -0.204724 0.039370,
        -1.181102 -0.421260 0.039370,
        -1.102362 -0.421260 0.039370,
        -1.046685 -0.444322 0.039370,
        -1.034171 -0.460630 0.039370,
        -1.181102 -0.204724 -0.039370,
        -1.181102 -0.421260 -0.039370,
        -1.023622 -0.204724 -0.039370,
        -1.023622 -0.500000 -0.039370,
        -1.026305 -0.479620 -0.039370,
        -1.034171 -0.460630 -0.039370,
        -1.046685 -0.444322 -0.039370,
        -1.062992 -0.431809 -0.039370,
        -1.102362 -0.421260 -0.039370,
        -1.081983 -0.423943 -0.039370,
        -1.023622 -0.834646 0.039370,
        -1.023622 -0.539370 0.039370,
        -1.026305 -0.559750 0.039370,
        -1.034171 -0.578740 0.039370,
        -1.046685 -0.595048 0.039370,
        -1.062992 -0.607561 0.039370,
        -1.181102 -0.618110 0.039370,
        -1.181102 -0.834646 0.039370,
        -1.102362 -0.618110 0.039370,
        -1.081983 -0.615427 0.039370,
        -1.181102 -0.834646 -0.039370,
        -1.181102 -0.618110 -0.039370,
        -1.081983 -0.615427 -0.039370,
        -1.062992 -0.607561 -0.039370,
        -1.023622 -0.834646 -0.039370,
        -1.046685 -0.595048 -0.039370,
        -1.034171 -0.578740 -0.039370,
        -1.026305 -0.559750 -0.039370,
        -1.023622 -0.539370 -0.039370,
        -1.102362 -0.618110 -0.039370,
        -0.944882 -0.204724 0.039370,
        -0.944882 -0.834646 0.039370,
        -0.947565 -0.834646 0.018991,
        -0.947565 -0.204724 0.018991,
        -0.955431 -0.834646 0.000000,
        -0.955431 -0.204724 0.000000,
        -0.967944 -0.834646 -0.016307,
        -0.967944 -0.204724 -0.016307,
        -0.984252 -0.834646 -0.028821,
        -0.984252 -0.204724 -0.028821,
        -1.003243 -0.834646 -0.036687,
        -1.003243 -0.204724 -0.036687,
        -0.944882 -0.874016 1.259843,
        -0.944882 -0.874016 0.157480,
        -0.944882 -0.165354 1.259843,
        -0.944882 -0.834646 0.157480,
        -0.944882 -0.165354 0.157480,
        -0.944882 -0.204724 0.157480,
        -1.023622 -0.874016 0.157480,
        -1.023622 -0.874016 1.259843,
        -1.023622 -0.834646 0.157480,
        -1.023622 -0.165354 1.259843,
        -1.023622 -0.165354 0.157480,
        -1.023622 -0.204724 0.157480,
      ]
    }
    coordIndex [
      0, 1, 2, -1,
      2, 3, 0, -1,
      0, 3, 4, -1,
      0, 4, 5, -1,
      6, 7, 8, -1,
      8, 7, 0, -1,
      8, 0, 9, -1,
      9, 0, 5, -1,
      10, 11, 6, -1,
      6, 11, 7, -1,
      12, 13, 14, -1,
      14, 13, 15, -1,
      15, 16, 14, -1,
      14, 16, 17, -1,
      14, 17, 18, -1,
      11, 10, 14, -1,
      14, 10, 19, -1,
      14, 19, 12, -1,
      20, 21, 22, -1,
      22, 21, 23, -1,
      24, 25, 21, -1,
      21, 25, 26, -1,
      21, 26, 23, -1,
      27, 28, 21, -1,
      21, 28, 29, -1,
      21, 29, 24, -1,
      27, 30, 28, -1,
      28, 30, 31, -1,
      32, 33, 34, -1,
      34, 35, 32, -1,
      32, 35, 36, -1,
      32, 36, 37, -1,
      31, 30, 38, -1,
      38, 30, 32, -1,
      38, 32, 39, -1,
      39, 32, 37, -1,
      33, 32, 40, -1,
      14, 18, 41, -1,
      41, 18, 33, -1,
      33, 40, 41, -1,
      41, 40, 42, -1,
      41, 42, 43, -1,
      43, 42, 44, -1,
      43, 44, 45, -1,
      45, 44, 46, -1,
      45, 46, 47, -1,
      47, 46, 48, -1,
      47, 48, 49, -1,
      49, 48, 50, -1,
      49, 50, 51, -1,
      52, 53, 54, -1,
      55, 56, 57, -1,
      51, 50, 57, -1,
      57, 50, 52, -1,
      57, 52, 55, -1,
      55, 52, 54, -1,
      58, 59, 60, -1,
      60, 59, 61, -1,
      61, 62, 63, -1,
      61, 63, 60, -1,
      60, 63, 21, -1,
      60, 21, 20, -1,
      0, 60, 1, -1,
      1, 60, 20, -1,
      1, 20, 18, -1,
      18, 20, 33, -1,
      55, 59, 56, -1,
      56, 59, 58, -1,
      59, 55, 61, -1,
      61, 55, 54, -1,
      61, 54, 62, -1,
      62, 54, 53, -1,
      52, 63, 53, -1,
      53, 63, 62, -1,
      63, 52, 21, -1,
      21, 52, 50, -1,
      21, 50, 48, -1,
      30, 27, 32, -1,
      32, 27, 21, -1,
      32, 21, 40, -1,
      40, 21, 42, -1,
      48, 46, 21, -1,
      21, 46, 44, -1,
      21, 44, 42, -1,
      60, 57, 58, -1,
      58, 57, 56, -1,
      57, 60, 51, -1,
      51, 60, 0, -1,
      51, 0, 49, -1,
      49, 0, 47, -1,
      7, 11, 0, -1,
      0, 11, 14, -1,
      0, 14, 41, -1,
      41, 43, 0, -1,
      0, 43, 45, -1,
      0, 45, 47, -1,
      19, 10, 8, -1,
      8, 10, 6, -1,
      38, 29, 31, -1,
      31, 29, 28, -1,
      1, 18, 2, -1,
      2, 18, 17, -1,
      2, 17, 3, -1,
      3, 17, 16, -1,
      3, 16, 4, -1,
      4, 16, 15, -1,
      4, 15, 5, -1,
      5, 15, 13, -1,
      5, 13, 9, -1,
      9, 13, 12, -1,
      9, 12, 8, -1,
      8, 12, 19, -1,
      29, 38, 24, -1,
      24, 38, 39, -1,
      24, 39, 25, -1,
      25, 39, 37, -1,
      25, 37, 26, -1,
      26, 37, 36, -1,
      26, 36, 23, -1,
      23, 36, 35, -1,
      23, 35, 22, -1,
      22, 35, 34, -1,
      22, 34, 20, -1,
      20, 34, 33, -1,
      64, 65, 66, -1,
      67, 68, 66, -1,
      69, 70, 66, -1,
      66, 70, 71, -1,
      66, 71, 67, -1,
      68, 72, 66, -1,
      66, 72, 73, -1,
      66, 73, 64, -1,
      74, 75, 69, -1,
      69, 75, 70, -1,
      76, 77, 78, -1,
      78, 79, 76, -1,
      76, 79, 80, -1,
      76, 80, 81, -1,
      75, 74, 82, -1,
      82, 74, 76, -1,
      82, 76, 83, -1,
      83, 76, 81, -1,
      84, 85, 86, -1,
      86, 87, 84, -1,
      84, 87, 88, -1,
      84, 88, 89, -1,
      90, 91, 92, -1,
      92, 91, 84, -1,
      92, 84, 93, -1,
      93, 84, 89, -1,
      94, 91, 95, -1,
      95, 91, 90, -1,
      96, 97, 98, -1,
      98, 97, 99, -1,
      99, 100, 98, -1,
      98, 100, 101, -1,
      98, 101, 102, -1,
      94, 95, 98, -1,
      98, 95, 103, -1,
      98, 103, 96, -1,
      104, 105, 106, -1,
      104, 106, 107, -1,
      107, 106, 108, -1,
      107, 108, 109, -1,
      109, 108, 110, -1,
      109, 110, 111, -1,
      111, 110, 112, -1,
      111, 112, 113, -1,
      113, 112, 114, -1,
      113, 114, 115, -1,
      98, 102, 114, -1,
      114, 102, 77, -1,
      114, 77, 115, -1,
      115, 77, 76, -1,
      116, 117, 118, -1,
      118, 117, 119, -1,
      120, 118, 121, -1,
      121, 118, 119, -1,
      121, 119, 104, -1,
      104, 119, 105, -1,
      122, 123, 124, -1,
      124, 123, 125, -1,
      125, 126, 127, -1,
      125, 127, 124, -1,
      124, 127, 66, -1,
      124, 66, 65, -1,
      84, 124, 85, -1,
      85, 124, 65, -1,
      85, 65, 102, -1,
      102, 65, 77, -1,
      125, 118, 126, -1,
      126, 118, 120, -1,
      118, 125, 116, -1,
      116, 125, 123, -1,
      116, 123, 117, -1,
      117, 123, 122, -1,
      124, 119, 122, -1,
      122, 119, 117, -1,
      119, 124, 105, -1,
      105, 124, 84, -1,
      105, 84, 106, -1,
      106, 84, 108, -1,
      91, 94, 84, -1,
      84, 94, 98, -1,
      84, 98, 114, -1,
      114, 112, 84, -1,
      84, 112, 110, -1,
      84, 110, 108, -1,
      121, 127, 120, -1,
      120, 127, 126, -1,
      127, 121, 66, -1,
      66, 121, 104, -1,
      66, 104, 107, -1,
      74, 69, 76, -1,
      76, 69, 66, -1,
      76, 66, 115, -1,
      115, 66, 113, -1,
      107, 109, 66, -1,
      66, 109, 111, -1,
      66, 111, 113, -1,
      75, 82, 70, -1,
      70, 82, 71, -1,
      92, 103, 90, -1,
      90, 103, 95, -1,
      71, 82, 67, -1,
      67, 82, 83, -1,
      67, 83, 68, -1,
      68, 83, 81, -1,
      68, 81, 72, -1,
      72, 81, 80, -1,
      72, 80, 73, -1,
      73, 80, 79, -1,
      73, 79, 64, -1,
      64, 79, 78, -1,
      64, 78, 65, -1,
      65, 78, 77, -1,
      85, 102, 86, -1,
      86, 102, 101, -1,
      86, 101, 87, -1,
      87, 101, 100, -1,
      87, 100, 88, -1,
      88, 100, 99, -1,
      88, 99, 89, -1,
      89, 99, 97, -1,
      89, 97, 93, -1,
      93, 97, 96, -1,
      93, 96, 92, -1,
      92, 96, 103, -1,
    ]
  }
}

Shape {
  appearance Appearance {
    material Material {
      diffuseColor 1.0000 0.9961 0.9373
      specularColor 0.3020 0.2980 0.2824
      ambientIntensity 0.2
      transparency 0.0000
      shininess 0.5
    }
  }
  geometry IndexedFaceSet {
    ccw TRUE
    solid FALSE
    coord DEF co Coordinate {
      point [
        1.181102 0.594202 0.356580,
        1.181102 0.594202 0.285639,
        1.181102 0.626090 0.285639,
        1.181102 0.931212 0.000000,
        1.181102 1.044078 0.000000,
        1.181102 1.044078 0.117094,
        1.181102 0.856239 0.000000,
        1.181102 0.931212 0.117094,
        1.181102 0.720679 0.149222,
        1.181102 0.717242 0.148812,
        1.181102 0.737301 0.148812,
        1.181102 0.805612 0.229557,
        1.181102 0.830941 0.229557,
        1.181102 0.830941 0.252358,
        1.181102 0.155302 0.246064,
        1.181102 0.156530 0.252358,
        1.181102 -0.204724 0.252358,
        1.181102 0.481932 0.293965,
        1.181102 0.497316 0.280852,
        1.181102 0.551078 0.357255,
        1.181102 0.551078 0.275835,
        1.181102 0.405798 0.365531,
        1.181102 0.418108 0.357255,
        1.181102 0.431189 0.348460,
        1.181102 0.449769 0.327046,
        1.181102 0.461931 0.303486,
        1.181102 0.465018 0.302442,
        1.181102 0.299256 0.364420,
        1.181102 0.325499 0.374568,
        1.181102 -0.204724 1.456693,
        1.181102 0.551078 1.456693,
        1.181102 0.353766 0.378063,
        1.181102 0.377229 0.375598,
        1.181102 0.181842 0.304625,
        1.181102 0.186674 0.309137,
        1.181102 -0.204724 0.357255,
        1.181102 0.287700 0.357255,
        1.181102 0.285452 0.355861,
        1.181102 0.205734 0.322007,
        1.181102 0.226961 0.329677,
        1.181102 0.247309 0.331951,
        1.181102 0.272074 0.344404,
        1.181102 0.253856 0.331595,
        1.181102 0.260403 0.330812,
        1.181102 -0.204724 0.275835,
        1.181102 0.159687 0.268541,
        1.181102 0.163115 0.275835,
        1.181102 0.169196 0.288775,
        1.181102 0.224538 0.150348,
        1.181102 0.215021 0.153329,
        1.181102 -0.204724 0.148812,
        1.181102 0.194739 0.163888,
        1.181102 0.178995 0.177674,
        1.181102 0.177070 0.179882,
        1.181102 0.164991 0.198176,
        1.181102 0.157350 0.219485,
        1.181102 0.155085 0.239726,
        1.181102 0.238694 0.127704,
        1.181102 0.230233 0.138156,
        1.181102 0.225256 0.148812,
        1.181102 0.551078 0.117094,
        1.181102 0.302194 0.117094,
        1.181102 0.551078 0.000000,
        1.181102 0.292377 0.113328,
        1.181102 0.278620 0.111637,
        1.181102 0.276398 0.111679,
        1.181102 -0.204724 0.000000,
        1.181102 0.262958 0.113781,
        1.181102 -0.204724 0.117094,
        1.181102 0.255083 0.117094,
        1.181102 0.249827 0.119306,
        1.181102 0.551078 0.148812,
        1.181102 0.331974 0.148812,
        1.181102 0.331938 0.148663,
        1.181102 0.325220 0.135963,
        1.181102 0.316417 0.126085,
        1.181102 0.305076 0.118200,
        1.181102 0.497226 0.174828,
        1.181102 0.481329 0.161452,
        1.181102 0.508272 0.190108,
        1.181102 0.404803 0.182476,
        1.181102 0.408721 0.183981,
        1.181102 0.415249 0.216385,
        1.181102 0.321317 0.206708,
        1.181102 0.397601 0.246558,
        1.181102 0.311386 0.215754,
        1.181102 0.299309 0.222233,
        1.181102 0.482723 0.233262,
        1.181102 0.480066 0.244201,
        1.181102 0.475684 0.252358,
        1.181102 0.192363 0.252358,
        1.181102 0.401283 0.180031,
        1.181102 0.412972 0.184506,
        1.181102 0.413526 0.184465,
        1.181102 0.415234 0.184087,
        1.181102 0.195681 0.218231,
        1.181102 0.202511 0.206597,
        1.181102 0.231418 0.200756,
        1.181102 0.212721 0.196116,
        1.181102 0.225107 0.188491,
        1.181102 0.252480 0.219593,
        1.181102 0.240835 0.211512,
        1.181102 0.190950 0.240865,
        1.181102 0.191618 0.232173,
        1.181102 0.463919 0.153063,
        1.181102 0.445421 0.149210,
        1.181102 0.411833 0.149210,
        1.181102 0.408843 0.149671,
        1.181102 0.405068 0.151100,
        1.181102 0.401340 0.153678,
        1.181102 0.399794 0.155239,
        1.181102 0.265056 0.224396,
        1.181102 0.278620 0.226063,
        1.181102 0.285570 0.225650,
        1.181102 0.515762 0.247208,
        1.181102 0.518290 0.228910,
        1.181102 0.551078 0.252358,
        1.181102 0.518260 0.226724,
        1.181102 0.515539 0.208069,
        1.181102 0.471451 0.198243,
        1.181102 0.477711 0.207125,
        1.181102 0.481631 0.217272,
        1.181102 0.482994 0.228341,
        1.181102 0.395324 0.166858,
        1.181102 0.395408 0.168569,
        1.181102 0.335549 0.174258,
        1.181102 0.396416 0.172935,
        1.181102 0.398495 0.176896,
        1.181102 0.397330 0.158822,
        1.181102 0.395847 0.162686,
        1.181102 0.335249 0.162722,
        1.181102 0.335549 0.168566,
        1.181102 0.416387 0.183936,
        1.181102 0.442006 0.183936,
        1.181102 0.452172 0.185878,
        1.181102 0.462223 0.190519,
        1.181102 0.470649 0.197383,
        1.181102 0.434035 0.272745,
        1.181102 0.197513 0.267320,
        1.181102 0.192642 0.254622,
        1.181102 0.438590 0.272745,
        1.181102 0.474785 0.254032,
        1.181102 0.468167 0.261430,
        1.181102 0.459335 0.267592,
        1.181102 0.449397 0.271414,
        1.181102 0.410372 0.320899,
        1.181102 0.406985 0.324035,
        1.181102 0.278051 0.289254,
        1.181102 0.422841 0.305231,
        1.181102 0.203433 0.275835,
        1.181102 0.273888 0.291526,
        1.181102 0.433398 0.275835,
        1.181102 0.431162 0.286664,
        1.181102 0.390915 0.334994,
        1.181102 0.373016 0.341686,
        1.181102 0.286307 0.306572,
        1.181102 0.354335 0.343906,
        1.181102 0.261120 0.296166,
        1.181102 0.247879 0.297794,
        1.181102 0.242035 0.297494,
        1.181102 0.333347 0.341198,
        1.181102 0.314733 0.333642,
        1.181102 0.298910 0.321945,
        1.181102 0.227976 0.294183,
        1.181102 0.215277 0.287464,
        1.181102 0.205399 0.278662,
        1.181102 0.500886 0.275835,
        1.181102 0.508873 0.264613,
        1.181102 0.513723 0.252358,
        1.181102 0.848676 0.158616,
        1.181102 0.848676 0.149487,
        1.181102 0.856239 0.148812,
        1.181102 0.856239 0.252358,
        1.181102 0.846854 0.229557,
        1.181102 0.846854 0.220346,
        1.181102 0.815948 0.185552,
        1.181102 0.815948 0.158616,
        1.181102 0.830941 0.185552,
        1.181102 0.830941 0.158616,
        1.181102 0.844583 0.185552,
        1.181102 0.844583 0.194721,
        1.181102 0.815948 0.220346,
        1.181102 0.815948 0.194721,
        1.181102 0.830941 0.220346,
        1.181102 0.830941 0.194721,
        1.181102 0.830941 0.148812,
        1.181102 0.830941 0.149487,
        1.181102 0.805612 0.149487,
        1.181102 0.766069 0.163692,
        1.181102 0.767296 0.158985,
        1.181102 0.767563 0.158985,
        1.181102 0.794805 0.206674,
        1.181102 0.755968 0.252358,
        1.181102 0.784407 0.206674,
        1.181102 0.755968 0.192749,
        1.181102 0.768791 0.163610,
        1.181102 0.768023 0.160944,
        1.181102 0.696130 0.191242,
        1.181102 0.696520 0.194802,
        1.181102 0.685896 0.252358,
        1.181102 0.697678 0.184265,
        1.181102 0.696567 0.187324,
        1.181102 0.696069 0.161850,
        1.181102 0.699676 0.159591,
        1.181102 0.700705 0.159189,
        1.181102 0.700705 0.180420,
        1.181102 0.698976 0.182195,
        1.181102 0.700616 0.180479,
        1.181102 0.705099 0.148812,
        1.181102 0.703106 0.149020,
        1.181102 0.700705 0.148812,
        1.181102 0.700705 0.149864,
        1.181102 0.685896 0.148812,
        1.181102 0.696069 0.151493,
        1.181102 0.731949 0.205446,
        1.181102 0.731949 0.195704,
        1.181102 0.702557 0.203440,
        1.181102 0.705005 0.204946,
        1.181102 0.700705 0.252358,
        1.181102 0.697707 0.198031,
        1.181102 0.699563 0.200744,
        1.181102 0.700705 0.201772,
        1.181102 0.734218 0.161027,
        1.181102 0.732990 0.157848,
        1.181102 0.731124 0.155202,
        1.181102 0.710376 0.207022,
        1.181102 0.718399 0.207984,
        1.181102 0.737301 0.252358,
        1.181102 0.725435 0.207360,
        1.181102 0.731335 0.174499,
        1.181102 0.733200 0.171750,
        1.181102 0.734273 0.168796,
        1.181102 0.734692 0.165043,
        1.181102 0.728244 0.152680,
        1.181102 0.725944 0.151263,
        1.181102 0.717417 0.199838,
        1.181102 0.714448 0.199615,
        1.181102 0.706467 0.192142,
        1.181102 0.711765 0.198905,
        1.181102 0.709516 0.197709,
        1.181102 0.706558 0.190808,
        1.181102 0.706956 0.189250,
        1.181102 0.707678 0.187897,
        1.181102 0.708657 0.186820,
        1.181102 0.712193 0.184610,
        1.181102 0.724420 0.198987,
        1.181102 0.718399 0.181908,
        1.181102 0.730095 0.196789,
        1.181102 0.722283 0.180337,
        1.181102 0.728943 0.176633,
        1.181102 0.708003 0.196372,
        1.181102 0.707143 0.195096,
        1.181102 0.706648 0.193742,
        1.181102 0.705948 0.157140,
        1.181102 0.711317 0.174622,
        1.181102 0.705339 0.177362,
        1.181102 0.712566 0.156324,
        1.181102 0.713009 0.156326,
        1.181102 0.717903 0.171864,
        1.181102 0.718150 0.156903,
        1.181102 0.724396 0.164061,
        1.181102 0.724298 0.165308,
        1.181102 0.720738 0.157850,
        1.181102 0.721652 0.158405,
        1.181102 0.722803 0.159426,
        1.181102 0.723679 0.160721,
        1.181102 0.724189 0.162147,
        1.181102 0.723843 0.166874,
        1.181102 0.723067 0.168204,
        1.181102 0.721817 0.169505,
        1.181102 0.931212 0.275835,
        1.181102 0.905208 0.276510,
        1.181102 0.893787 0.276510,
        1.181102 0.885620 0.298410,
        1.181102 0.856239 0.298410,
        1.181102 0.856239 0.275835,
        1.181102 0.874711 0.356580,
        1.181102 0.931212 0.357255,
        1.181102 0.856239 0.357255,
        1.181102 0.852278 0.298410,
        1.181102 0.844583 0.276510,
        1.181102 0.830941 0.275835,
        1.181102 0.833161 0.276510,
        1.181102 0.830941 0.357255,
        1.181102 0.856239 0.337100,
        1.181102 0.863658 0.356580,
        1.181102 0.746583 0.356580,
        1.181102 0.755968 0.357255,
        1.181102 0.737301 0.357255,
        1.181102 0.715677 0.312574,
        1.181102 0.715677 0.285639,
        1.181102 0.737301 0.312574,
        1.181102 0.737301 0.285639,
        1.181102 0.744311 0.312574,
        1.181102 0.748405 0.285639,
        1.181102 0.744311 0.321743,
        1.181102 0.746583 0.347369,
        1.181102 0.737301 0.321743,
        1.181102 0.737301 0.347369,
        1.181102 0.715677 0.321743,
        1.181102 0.715677 0.347369,
        1.181102 0.705341 0.276510,
        1.181102 0.700705 0.275835,
        1.181102 0.737301 0.275835,
        1.181102 0.755968 0.275835,
        1.181102 0.748405 0.276510,
        1.181102 0.737301 0.276510,
        1.181102 0.700705 0.357255,
        1.181102 0.705341 0.356580,
        1.181102 0.737301 0.356580,
        1.181102 0.688976 1.456693,
        1.181102 0.685896 1.456693,
        1.181102 0.688976 0.850531,
        1.181102 0.685896 0.357255,
        1.181102 0.700705 0.839268,
        1.181102 0.737301 0.804123,
        1.181102 0.755968 0.786196,
        1.181102 0.830941 0.714196,
        1.181102 0.856239 0.689901,
        1.181102 0.931212 0.617900,
        1.181102 1.044078 0.357255,
        1.181102 1.044078 0.509509,
        1.181102 1.082677 0.357255,
        1.181102 1.082677 0.472441,
        1.181102 0.685896 0.355646,
        1.181102 0.689315 0.354656,
        1.181102 0.689315 0.343848,
        1.181102 0.672404 0.284511,
        1.181102 0.681457 0.286200,
        1.181102 0.685896 0.345291,
        1.181102 0.685896 0.288196,
        1.181102 0.688423 0.344330,
        1.181102 0.689315 0.289732,
        1.181102 0.680301 0.347420,
        1.181102 0.670444 0.348597,
        1.181102 0.640213 0.315644,
        1.181102 0.649646 0.291246,
        1.181102 0.654876 0.287547,
        1.181102 0.648625 0.339714,
        1.181102 0.644255 0.333635,
        1.181102 0.654077 0.344215,
        1.181102 0.660373 0.347131,
        1.181102 0.667339 0.348473,
        1.181102 0.641558 0.326742,
        1.181102 0.640299 0.312698,
        1.181102 0.641580 0.304684,
        1.181102 0.660581 0.285342,
        1.181102 0.668643 0.284370,
        1.181102 0.644167 0.298227,
        1.181102 0.648072 0.292802,
        1.181102 0.664818 0.357255,
        1.181102 0.670341 0.357930,
        1.181102 0.632947 1.456693,
        1.181102 0.670443 0.357930,
        1.181102 0.678875 0.357255,
        1.181102 0.680909 0.357092,
        1.181102 0.632947 0.357255,
        1.181102 0.635123 0.338555,
        1.181102 0.640929 0.346141,
        1.181102 0.642856 0.347983,
        1.181102 0.650344 0.353247,
        1.181102 0.658701 0.356507,
        1.181102 0.628147 0.357255,
        1.181102 0.631320 0.329660,
        1.181102 0.632947 0.333465,
        1.181102 0.632947 0.296868,
        1.181102 0.630971 0.301893,
        1.181102 0.628147 0.275835,
        1.181102 0.629365 0.315030,
        1.181102 0.629506 0.319206,
        1.181102 0.653639 0.277173,
        1.181102 0.646082 0.280736,
        1.181102 0.632947 0.275835,
        1.181102 0.639640 0.286089,
        1.181102 0.634247 0.293560,
        1.181102 0.660144 0.275835,
        1.181102 0.632947 0.252358,
        1.181102 0.662317 0.275387,
        1.181102 0.667148 0.275159,
        1.181102 0.674214 0.275835,
        1.181102 0.689315 0.279826,
        1.181102 0.687949 0.279145,
        1.181102 0.685896 0.275835,
        1.181102 0.685896 0.278472,
        1.181102 0.679352 0.276326,
        1.181102 0.640235 0.176349,
        1.181102 0.642116 0.192920,
        1.181102 0.638180 0.173087,
        1.181102 0.636976 0.169405,
        1.181102 0.682478 0.149487,
        1.181102 0.672449 0.149487,
        1.181102 0.664297 0.199474,
        1.181102 0.660865 0.199838,
        1.181102 0.655502 0.183464,
        1.181102 0.681485 0.194765,
        1.181102 0.682478 0.186289,
        1.181102 0.643155 0.179064,
        1.181102 0.647163 0.181291,
        1.181102 0.649053 0.197277,
        1.181102 0.655335 0.199308,
        1.181102 0.644818 0.150283,
        1.181102 0.641441 0.152639,
        1.181102 0.632947 0.148812,
        1.181102 0.640457 0.153623,
        1.181102 0.638341 0.156652,
        1.181102 0.672449 0.158330,
        1.181102 0.672183 0.158330,
        1.181102 0.670656 0.155998,
        1.181102 0.667493 0.152574,
        1.181102 0.637085 0.159991,
        1.181102 0.636529 0.164797,
        1.181102 0.642116 0.202663,
        1.181102 0.672449 0.185838,
        1.181102 0.672109 0.190224,
        1.181102 0.671076 0.193815,
        1.181102 0.669901 0.195887,
        1.181102 0.644145 0.203839,
        1.181102 0.651595 0.206739,
        1.181102 0.661806 0.207984,
        1.181102 0.668867 0.207215,
        1.181102 0.672852 0.205800,
        1.181102 0.676019 0.203771,
        1.181102 0.668389 0.197505,
        1.181102 0.666614 0.198657,
        1.181102 0.677706 0.202137,
        1.181102 0.679831 0.199048,
        1.181102 0.660103 0.148812,
        1.181102 0.659778 0.148696,
        1.181102 0.685896 0.117094,
        1.181102 0.632947 0.117094,
        1.181102 0.654663 0.148137,
        1.181102 0.648846 0.148812,
        1.181102 0.648663 0.148833,
        1.181102 0.755968 0.148812,
        1.181102 0.755968 0.165829,
        1.181102 0.739911 0.206674,
        1.181102 0.751127 0.206674,
        1.181102 0.762343 0.149610,
        1.181102 0.762006 0.148812,
        1.181102 0.757943 0.139213,
        1.181102 0.737301 0.117094,
        1.181102 0.741978 0.123371,
        1.181102 0.741978 0.132294,
        1.181102 0.744030 0.131622,
        1.181102 0.747668 0.131148,
        1.181102 0.711583 0.148137,
        1.181102 0.700705 0.117094,
        1.181102 0.747972 0.131152,
        1.181102 0.750373 0.131493,
        1.181102 0.752538 0.132389,
        1.181102 0.754033 0.133450,
        1.181102 0.755903 0.135504,
        1.181102 0.755968 0.135622,
        1.181102 0.755968 0.124371,
        1.181102 0.752831 0.123101,
        1.181102 0.755968 0.117094,
        1.181102 0.748446 0.122552,
        1.181102 0.746232 0.122631,
        1.181102 0.830941 0.117094,
        1.181102 0.760130 0.127127,
        1.181102 0.756756 0.124690,
        1.181102 0.771991 0.148812,
        1.181102 0.768852 0.140850,
        1.181102 0.764256 0.131926,
        1.181102 0.856239 0.117094,
        1.181102 0.830941 0.000000,
        1.181102 0.755968 0.000000,
        1.181102 0.737301 0.000000,
        1.181102 0.700705 0.000000,
        1.181102 0.685896 0.000000,
        1.181102 0.632947 0.000000,
        1.181102 0.663854 0.150155,
        1.181102 1.044078 0.148812,
        1.181102 0.931212 0.148812,
        1.181102 0.583865 0.229557,
        1.181102 0.583865 0.149487,
        1.181102 0.628147 0.148812,
        1.181102 0.628147 0.117094,
        1.181102 0.628147 0.000000,
        1.181102 0.625107 0.229557,
        1.181102 0.628147 0.252358,
        1.181102 0.625107 0.220346,
        1.181102 0.626929 0.158616,
        1.181102 0.626929 0.149487,
        1.181102 0.594202 0.185552,
        1.181102 0.594202 0.158616,
        1.181102 0.622836 0.185552,
        1.181102 0.622836 0.194721,
        1.181102 0.594202 0.194721,
        1.181102 0.594202 0.220346,
        1.181102 0.863802 0.149487,
        1.181102 0.926815 0.176085,
        1.181102 0.922875 0.167801,
        1.181102 0.916915 0.160704,
        1.181102 0.924664 0.209272,
        1.181102 0.927639 0.201648,
        1.181102 0.931212 0.252358,
        1.181102 0.928991 0.190546,
        1.181102 0.928752 0.185461,
        1.181102 0.908622 0.154746,
        1.181102 0.899512 0.151166,
        1.181102 0.885825 0.149487,
        1.181102 0.863802 0.229557,
        1.181102 0.886644 0.229557,
        1.181102 0.898866 0.228208,
        1.181102 0.908530 0.224678,
        1.181102 0.916915 0.218955,
        1.181102 0.919696 0.216239,
        1.181102 1.005479 0.149487,
        1.181102 0.974982 0.229557,
        1.181102 1.044078 0.252358,
        1.181102 0.985891 0.171388,
        1.181102 0.952550 0.171388,
        1.181102 0.994058 0.149487,
        1.181102 0.944854 0.149487,
        1.181102 0.933433 0.149487,
        1.181102 0.963930 0.229557,
        1.181102 0.583865 0.276510,
        1.181102 0.583865 0.356580,
        1.181102 0.626090 0.276510,
        1.181102 0.798595 0.355230,
        1.181102 0.808259 0.351701,
        1.181102 0.824393 0.336294,
        1.181102 0.827368 0.328670,
        1.181102 0.828720 0.317568,
        1.181102 0.828481 0.312484,
        1.181102 0.826544 0.303107,
        1.181102 0.822604 0.294824,
        1.181102 0.816644 0.287726,
        1.181102 0.808352 0.281768,
        1.181102 0.786372 0.356580,
        1.181102 0.799241 0.278189,
        1.181102 0.785554 0.276510,
        1.181102 0.763531 0.276510,
        1.181102 0.763531 0.356580,
        1.181102 0.816644 0.345977,
        1.181102 0.819425 0.343262,
        1.181102 1.044078 0.275835,
        1.181102 1.082677 0.275835,
        1.181102 1.082677 0.252358,
        1.181102 1.082677 0.148812,
        1.181102 1.082677 0.117094,
        1.181102 1.082677 0.000000,
        1.181102 0.628147 1.456693,
        -0.413386 0.570866 0.196850,
        -0.984252 0.570866 0.196850,
        -0.984252 0.570866 1.259843,
        0.342435 0.570866 1.003273,
        0.335550 0.570866 1.007393,
        0.984252 0.570866 1.259843,
        0.374759 0.570866 0.972544,
        0.364089 0.570866 0.986208,
        0.377954 0.570866 0.966496,
        0.362422 0.570866 0.987685,
        0.349796 0.570866 0.998869,
        -0.215792 0.570866 0.972544,
        -0.226463 0.570866 0.986208,
        -0.248116 0.570866 1.003273,
        -0.255002 0.570866 1.007393,
        -0.270902 0.570866 1.013204,
        -0.228129 0.570866 0.987685,
        -0.240756 0.570866 0.998869,
        0.389274 0.570866 0.939046,
        0.389044 0.570866 0.940307,
        -0.325969 0.570866 1.011394,
        -0.319650 0.570866 1.013157,
        -0.313889 0.570866 1.014765,
        0.388752 0.570866 0.941165,
        0.384039 0.570866 0.954976,
        -0.272618 0.570866 1.013832,
        -0.286185 0.570866 1.016220,
        -0.295276 0.570866 1.016672,
        0.385484 0.570866 0.814961,
        0.385902 0.570866 0.827370,
        0.386349 0.570866 0.831141,
        0.319650 0.570866 1.013204,
        0.317933 0.570866 1.013832,
        0.304366 0.570866 1.016220,
        0.390992 0.570866 0.869858,
        0.391693 0.570866 0.875564,
        0.392926 0.570866 0.885597,
        0.393210 0.570866 0.897413,
        0.393529 0.570866 0.910657,
        0.393464 0.570866 0.911533,
        0.392902 0.570866 0.919185,
        0.295276 0.570866 1.016672,
        0.276662 0.570866 1.014765,
        0.270902 0.570866 1.013157,
        0.264583 0.570866 1.011394,
        -0.343069 0.570866 1.003318,
        -0.353186 0.570866 0.996299,
        -0.362274 0.570866 0.987490,
        -0.393090 0.570866 0.911065,
        -0.393519 0.570866 0.896783,
        -0.393554 0.570866 0.895640,
        -0.391464 0.570866 0.875081,
        -0.367120 0.570866 0.982792,
        -0.374539 0.570866 0.972880,
        -0.377933 0.570866 0.966476,
        0.247482 0.570866 1.003318,
        0.237365 0.570866 0.996299,
        0.228277 0.570866 0.987490,
        -0.384082 0.570866 0.954872,
        -0.388472 0.570866 0.942355,
        -0.388710 0.570866 0.941128,
        0.385484 0.570866 0.196850,
        0.413386 0.570866 0.196850,
        0.984252 0.570866 0.196850,
        0.388466 0.570866 0.848979,
        0.389606 0.570866 0.858582,
        -0.201277 0.570866 0.939046,
        -0.201507 0.570866 0.940307,
        0.197728 0.570866 0.919934,
        -0.201800 0.570866 0.941165,
        -0.389078 0.570866 0.939234,
        -0.392824 0.570866 0.919934,
        -0.390931 0.570866 0.869839,
        -0.390228 0.570866 0.862915,
        -0.388432 0.570866 0.849032,
        -0.386318 0.570866 0.832683,
        -0.386241 0.570866 0.831036,
        -0.385484 0.570866 0.814961,
        -0.385484 0.570866 0.196850,
        0.223431 0.570866 0.982792,
        0.216013 0.570866 0.972880,
        0.212618 0.570866 0.966476,
        -0.206512 0.570866 0.954976,
        -0.212597 0.570866 0.966496,
        0.201474 0.570866 0.939234,
        0.206469 0.570866 0.954872,
        0.202079 0.570866 0.942355,
        0.201841 0.570866 0.941128,
        -0.197022 0.570866 0.910657,
        -0.197087 0.570866 0.911533,
        -0.197649 0.570866 0.919185,
        0.196997 0.570866 0.895640,
        0.199087 0.570866 0.875081,
        -0.198859 0.570866 0.875564,
        0.199620 0.570866 0.869839,
        0.200324 0.570866 0.862915,
        0.197461 0.570866 0.911065,
        0.197031 0.570866 0.896783,
        -0.197341 0.570866 0.897413,
        -0.197626 0.570866 0.885597,
        -0.205067 0.570866 0.814961,
        -0.204649 0.570866 0.827370,
        -0.204202 0.570866 0.831141,
        -0.202085 0.570866 0.848979,
        -0.205067 0.570866 0.196850,
        -0.177165 0.570866 0.196850,
        0.177165 0.570866 0.196850,
        0.202119 0.570866 0.849032,
        0.204233 0.570866 0.832683,
        0.204311 0.570866 0.831036,
        0.205067 0.570866 0.814961,
        0.205067 0.570866 0.196850,
        -0.200945 0.570866 0.858582,
        -0.199560 0.570866 0.869858,
        -0.413386 0.688976 0.000000,
        -0.984252 0.688976 0.000000,
        -0.413386 0.688976 0.196850,
        -0.984252 0.688976 0.196850,
        -0.177165 0.688976 0.196850,
        0.177165 0.688976 0.196850,
        -0.177165 0.688976 0.000000,
        0.177165 0.688976 0.000000,
        -0.984252 0.688976 0.850531,
        -1.181102 0.688976 0.850531,
        -0.984252 0.688976 1.259843,
        -1.181102 0.688976 1.456693,
        0.984252 0.688976 1.259843,
        0.984252 0.688976 0.850531,
        -1.181102 -0.834646 0.000000,
        -1.181102 -1.279528 0.000000,
        -1.181102 -0.834646 1.456693,
        -1.181102 -1.279528 1.456693,
        1.181102 -0.834646 1.456693,
        1.181102 -1.279528 1.456693,
        1.181102 -0.834646 0.000000,
        1.181102 -1.279528 0.000000,
        1.062992 -0.834646 1.456693,
        1.062992 -0.952756 1.456693,
        0.905512 -0.952756 1.456693,
        -1.181102 -0.204724 1.456693,
        -1.062992 -0.204724 1.456693,
        -1.062992 -0.086614 1.456693,
        -0.905512 -0.086614 1.456693,
        -0.578740 -0.801019 1.456693,
        -0.905512 -0.952756 1.456693,
        -1.062992 -0.834646 1.456693,
        -1.062992 -0.952756 1.456693,
        -0.381890 -0.801019 1.456693,
        0.381890 -0.801019 1.456693,
        0.381890 -0.486058 1.456693,
        0.578740 -0.801019 1.456693,
        0.578740 -0.486058 1.456693,
        0.905512 -0.086614 1.456693,
        -0.381890 -0.486058 1.456693,
        -0.578740 -0.486058 1.456693,
        1.062992 -0.204724 1.456693,
        1.062992 -0.086614 1.456693,
        -1.023622 -0.125984 0.000000,
        -1.023622 -0.204724 0.000000,
        -1.181102 -0.204724 0.000000,
        -1.023622 -0.834646 0.000000,
        -1.181102 1.082677 0.000000,
        -0.984252 1.082677 0.000000,
        -1.023622 -0.913386 0.000000,
        -0.944882 -0.913386 0.000000,
        1.023622 -0.834646 0.000000,
        1.023622 -0.913386 0.000000,
        0.944882 -0.913386 0.000000,
        -0.177165 0.374016 0.000000,
        0.177165 0.374016 0.000000,
        -0.413386 0.374016 0.000000,
        -0.944882 -0.125984 0.000000,
        0.944882 -0.125984 0.000000,
        0.413386 0.374016 0.000000,
        0.984252 0.688976 0.000000,
        1.023622 -0.125984 0.000000,
        1.023622 -0.204724 0.000000,
        0.413386 0.688976 0.000000,
        0.984252 1.082677 0.000000,
        -0.787402 -1.279528 0.795276,
        -0.787402 -1.279528 0.196850,
        -0.787402 0.098425 0.795276,
        -0.787402 0.098425 0.196850,
        0.787402 -1.279528 1.070866,
        0.787402 -1.279528 1.259843,
        0.787402 0.098425 1.070866,
        0.787402 0.098425 1.259843,
        0.984252 1.082677 0.472441,
        -1.181102 1.082677 0.472441,
        0.905512 -1.279528 0.795276,
        0.787402 -1.279528 0.795276,
        0.787402 -1.279528 0.196850,
        0.905512 -1.279528 1.070866,
        -0.905512 -1.279528 1.070866,
        -0.905512 -1.279528 0.795276,
        -0.787402 -1.279528 1.070866,
        -0.787402 -1.279528 1.259843,
        -0.984252 1.082677 0.472441,
        0.413386 0.688976 0.196850,
        0.984252 0.688976 0.196850,
        1.023622 -0.913386 1.417323,
        0.944882 -0.913386 1.417323,
        0.944882 -0.125984 1.417323,
        1.023622 -0.125984 1.417323,
        -0.944882 -0.913386 1.417323,
        -1.023622 -0.913386 1.417323,
        -0.944882 -0.125984 1.417323,
        -1.023622 -0.125984 1.417323,
        -0.578740 -0.486058 1.259843,
        -0.578740 -0.801019 1.259843,
        -0.381890 -0.486058 1.259843,
        -0.381890 -0.801019 1.259843,
        0.578740 -0.801019 1.259843,
        0.578740 -0.486058 1.259843,
        0.381890 -0.801019 1.259843,
        0.381890 -0.486058 1.259843,
      ]
    }
    coordIndex [
      0, 1, 2, -1,
      3, 4, 5, -1,
      6, 3, 7, -1,
      8, 9, 10, -1,
      11, 12, 13, -1,
      14, 15, 16, -1,
      17, 18, 19, -1,
      19, 18, 20, -1,
      21, 22, 19, -1,
      19, 22, 23, -1,
      19, 23, 24, -1,
      24, 25, 19, -1,
      19, 25, 26, -1,
      19, 26, 17, -1,
      27, 28, 29, -1,
      29, 28, 30, -1,
      30, 28, 31, -1,
      30, 31, 32, -1,
      33, 34, 35, -1,
      27, 29, 36, -1,
      36, 29, 35, -1,
      36, 35, 37, -1,
      34, 38, 35, -1,
      35, 38, 39, -1,
      35, 39, 37, -1,
      37, 39, 40, -1,
      37, 40, 41, -1,
      41, 40, 42, -1,
      41, 42, 43, -1,
      16, 15, 44, -1,
      15, 45, 44, -1,
      44, 45, 46, -1,
      44, 46, 35, -1,
      35, 46, 47, -1,
      35, 47, 33, -1,
      48, 49, 50, -1,
      49, 51, 50, -1,
      50, 51, 52, -1,
      50, 52, 53, -1,
      53, 54, 50, -1,
      50, 54, 55, -1,
      50, 55, 16, -1,
      16, 55, 56, -1,
      16, 56, 14, -1,
      57, 58, 50, -1,
      50, 58, 59, -1,
      50, 59, 48, -1,
      60, 61, 62, -1,
      62, 61, 63, -1,
      63, 64, 62, -1,
      62, 64, 65, -1,
      62, 65, 66, -1,
      66, 65, 67, -1,
      66, 67, 68, -1,
      68, 67, 69, -1,
      68, 69, 50, -1,
      50, 69, 70, -1,
      50, 70, 57, -1,
      71, 72, 60, -1,
      60, 72, 73, -1,
      60, 73, 74, -1,
      74, 75, 60, -1,
      60, 75, 76, -1,
      60, 76, 61, -1,
      77, 78, 71, -1,
      77, 71, 79, -1,
      80, 81, 82, -1,
      83, 84, 85, -1,
      85, 84, 86, -1,
      87, 88, 84, -1,
      84, 88, 89, -1,
      84, 89, 90, -1,
      80, 82, 91, -1,
      81, 92, 82, -1,
      82, 92, 93, -1,
      82, 93, 94, -1,
      95, 96, 97, -1,
      97, 96, 98, -1,
      97, 98, 99, -1,
      100, 90, 101, -1,
      101, 90, 102, -1,
      101, 102, 97, -1,
      97, 102, 103, -1,
      97, 103, 95, -1,
      78, 104, 71, -1,
      71, 104, 105, -1,
      71, 105, 72, -1,
      72, 105, 106, -1,
      72, 106, 107, -1,
      107, 108, 72, -1,
      72, 108, 109, -1,
      72, 109, 110, -1,
      100, 111, 90, -1,
      90, 111, 112, -1,
      90, 112, 84, -1,
      84, 112, 113, -1,
      84, 113, 86, -1,
      114, 115, 116, -1,
      116, 115, 117, -1,
      116, 117, 71, -1,
      71, 117, 118, -1,
      71, 118, 79, -1,
      119, 120, 82, -1,
      82, 120, 121, -1,
      82, 121, 84, -1,
      84, 121, 122, -1,
      84, 122, 87, -1,
      123, 124, 125, -1,
      125, 124, 126, -1,
      125, 126, 82, -1,
      82, 126, 127, -1,
      82, 127, 91, -1,
      110, 128, 72, -1,
      72, 128, 129, -1,
      72, 129, 130, -1,
      130, 129, 123, -1,
      130, 123, 131, -1,
      131, 123, 125, -1,
      94, 132, 82, -1,
      82, 132, 133, -1,
      82, 133, 134, -1,
      134, 135, 82, -1,
      82, 135, 136, -1,
      82, 136, 119, -1,
      137, 138, 139, -1,
      139, 90, 137, -1,
      137, 90, 89, -1,
      137, 89, 140, -1,
      140, 89, 141, -1,
      141, 142, 140, -1,
      140, 142, 143, -1,
      140, 143, 144, -1,
      145, 146, 147, -1,
      145, 147, 148, -1,
      149, 147, 150, -1,
      138, 137, 149, -1,
      149, 137, 151, -1,
      149, 151, 147, -1,
      147, 151, 152, -1,
      147, 152, 148, -1,
      146, 153, 147, -1,
      147, 153, 154, -1,
      147, 154, 155, -1,
      155, 154, 156, -1,
      150, 157, 149, -1,
      149, 157, 158, -1,
      149, 158, 159, -1,
      160, 161, 156, -1,
      156, 161, 162, -1,
      156, 162, 155, -1,
      163, 164, 159, -1,
      159, 164, 165, -1,
      159, 165, 149, -1,
      18, 166, 20, -1,
      20, 166, 167, -1,
      20, 167, 116, -1,
      116, 167, 168, -1,
      116, 168, 114, -1,
      169, 170, 171, -1,
      13, 12, 172, -1,
      172, 12, 173, -1,
      172, 173, 174, -1,
      175, 176, 177, -1,
      177, 176, 178, -1,
      177, 178, 179, -1,
      179, 178, 169, -1,
      179, 169, 180, -1,
      181, 182, 183, -1,
      183, 182, 184, -1,
      183, 184, 174, -1,
      171, 170, 185, -1,
      185, 170, 186, -1,
      185, 186, 187, -1,
      188, 189, 190, -1,
      191, 192, 193, -1,
      193, 192, 194, -1,
      193, 194, 195, -1,
      195, 194, 188, -1,
      195, 188, 196, -1,
      196, 188, 190, -1,
      197, 198, 199, -1,
      200, 201, 202, -1,
      203, 204, 205, -1,
      200, 202, 206, -1,
      203, 205, 202, -1,
      202, 205, 207, -1,
      202, 207, 206, -1,
      208, 209, 210, -1,
      210, 209, 211, -1,
      210, 211, 212, -1,
      212, 211, 213, -1,
      212, 213, 202, -1,
      214, 215, 10, -1,
      216, 217, 218, -1,
      198, 219, 199, -1,
      199, 219, 220, -1,
      199, 220, 218, -1,
      218, 220, 221, -1,
      218, 221, 216, -1,
      222, 223, 10, -1,
      10, 223, 224, -1,
      217, 225, 218, -1,
      218, 225, 226, -1,
      218, 226, 227, -1,
      227, 226, 228, -1,
      227, 228, 214, -1,
      229, 230, 215, -1,
      215, 230, 231, -1,
      215, 231, 10, -1,
      10, 231, 232, -1,
      10, 232, 222, -1,
      224, 233, 10, -1,
      10, 233, 234, -1,
      10, 234, 8, -1,
      235, 236, 237, -1,
      237, 236, 238, -1,
      237, 238, 239, -1,
      237, 240, 235, -1,
      235, 240, 241, -1,
      235, 241, 242, -1,
      242, 243, 235, -1,
      235, 243, 244, -1,
      235, 244, 245, -1,
      245, 244, 246, -1,
      245, 246, 247, -1,
      247, 246, 248, -1,
      247, 248, 215, -1,
      215, 248, 249, -1,
      215, 249, 229, -1,
      250, 251, 239, -1,
      239, 251, 252, -1,
      239, 252, 237, -1,
      253, 254, 204, -1,
      204, 254, 255, -1,
      204, 255, 205, -1,
      253, 256, 254, -1,
      254, 256, 257, -1,
      254, 257, 258, -1,
      258, 257, 259, -1,
      258, 260, 261, -1,
      259, 262, 258, -1,
      258, 262, 263, -1,
      258, 263, 264, -1,
      264, 265, 258, -1,
      258, 265, 266, -1,
      258, 266, 260, -1,
      261, 267, 258, -1,
      258, 267, 268, -1,
      258, 268, 269, -1,
      270, 271, 272, -1,
      273, 274, 272, -1,
      272, 274, 275, -1,
      272, 275, 270, -1,
      271, 270, 276, -1,
      276, 270, 277, -1,
      276, 277, 278, -1,
      274, 279, 275, -1,
      275, 279, 280, -1,
      275, 280, 281, -1,
      281, 280, 282, -1,
      281, 282, 283, -1,
      283, 282, 284, -1,
      283, 284, 278, -1,
      278, 284, 285, -1,
      278, 285, 276, -1,
      286, 287, 288, -1,
      289, 290, 291, -1,
      291, 290, 292, -1,
      291, 292, 293, -1,
      293, 292, 294, -1,
      293, 294, 295, -1,
      295, 294, 296, -1,
      295, 296, 297, -1,
      297, 296, 298, -1,
      297, 298, 299, -1,
      299, 298, 300, -1,
      301, 302, 303, -1,
      286, 296, 287, -1,
      287, 296, 294, -1,
      287, 294, 304, -1,
      304, 294, 305, -1,
      304, 305, 303, -1,
      303, 305, 306, -1,
      303, 306, 301, -1,
      307, 308, 288, -1,
      288, 308, 309, -1,
      288, 309, 286, -1,
      310, 311, 312, -1,
      312, 311, 313, -1,
      312, 313, 314, -1,
      313, 307, 314, -1,
      314, 307, 288, -1,
      314, 288, 315, -1,
      315, 288, 287, -1,
      315, 287, 316, -1,
      316, 283, 317, -1,
      317, 283, 278, -1,
      317, 278, 318, -1,
      318, 278, 277, -1,
      318, 277, 319, -1,
      320, 321, 319, -1,
      322, 323, 321, -1,
      313, 324, 307, -1,
      307, 324, 325, -1,
      307, 325, 326, -1,
      327, 328, 329, -1,
      329, 328, 330, -1,
      329, 330, 331, -1,
      331, 330, 332, -1,
      331, 332, 326, -1,
      326, 332, 302, -1,
      326, 302, 307, -1,
      307, 302, 301, -1,
      307, 301, 308, -1,
      333, 334, 335, -1,
      329, 336, 337, -1,
      338, 339, 340, -1,
      340, 339, 341, -1,
      334, 342, 335, -1,
      335, 342, 341, -1,
      335, 341, 343, -1,
      343, 341, 339, -1,
      333, 335, 329, -1,
      329, 335, 344, -1,
      329, 344, 345, -1,
      337, 346, 329, -1,
      329, 346, 347, -1,
      329, 347, 327, -1,
      345, 348, 329, -1,
      329, 348, 349, -1,
      329, 349, 336, -1,
      350, 351, 352, -1,
      352, 351, 311, -1,
      351, 353, 311, -1,
      311, 353, 354, -1,
      311, 354, 313, -1,
      313, 354, 355, -1,
      313, 355, 324, -1,
      356, 357, 358, -1,
      358, 359, 356, -1,
      356, 359, 360, -1,
      356, 360, 361, -1,
      362, 363, 356, -1,
      356, 363, 364, -1,
      356, 364, 357, -1,
      365, 366, 367, -1,
      367, 366, 368, -1,
      367, 368, 362, -1,
      362, 368, 369, -1,
      362, 369, 363, -1,
      370, 371, 372, -1,
      371, 373, 372, -1,
      372, 373, 374, -1,
      372, 374, 365, -1,
      370, 372, 375, -1,
      375, 372, 376, -1,
      375, 376, 377, -1,
      377, 376, 378, -1,
      378, 376, 199, -1,
      378, 199, 379, -1,
      332, 380, 302, -1,
      302, 380, 381, -1,
      302, 381, 382, -1,
      382, 381, 383, -1,
      382, 383, 384, -1,
      385, 386, 387, -1,
      387, 386, 388, -1,
      212, 389, 390, -1,
      391, 392, 393, -1,
      199, 394, 395, -1,
      385, 396, 386, -1,
      386, 396, 397, -1,
      386, 397, 398, -1,
      398, 397, 393, -1,
      398, 393, 399, -1,
      399, 393, 392, -1,
      201, 197, 202, -1,
      202, 197, 199, -1,
      202, 199, 212, -1,
      212, 199, 395, -1,
      212, 395, 389, -1,
      400, 401, 402, -1,
      402, 401, 403, -1,
      402, 403, 404, -1,
      405, 406, 390, -1,
      390, 406, 407, -1,
      390, 407, 408, -1,
      404, 409, 402, -1,
      402, 409, 410, -1,
      402, 410, 376, -1,
      376, 410, 388, -1,
      376, 388, 411, -1,
      411, 388, 386, -1,
      412, 413, 393, -1,
      393, 413, 414, -1,
      393, 414, 415, -1,
      411, 416, 376, -1,
      376, 416, 417, -1,
      376, 417, 199, -1,
      199, 417, 418, -1,
      418, 419, 199, -1,
      199, 419, 420, -1,
      199, 420, 421, -1,
      415, 422, 393, -1,
      393, 422, 423, -1,
      393, 423, 391, -1,
      421, 424, 199, -1,
      199, 424, 425, -1,
      199, 425, 394, -1,
      426, 427, 428, -1,
      428, 427, 429, -1,
      427, 430, 429, -1,
      429, 430, 431, -1,
      429, 431, 402, -1,
      402, 431, 432, -1,
      402, 432, 400, -1,
      433, 434, 10, -1,
      10, 434, 435, -1,
      214, 10, 227, -1,
      227, 10, 435, -1,
      227, 435, 192, -1,
      192, 435, 436, -1,
      192, 436, 194, -1,
      437, 434, 438, -1,
      438, 434, 433, -1,
      438, 433, 439, -1,
      440, 441, 442, -1,
      443, 444, 10, -1,
      445, 446, 9, -1,
      9, 446, 440, -1,
      9, 440, 10, -1,
      10, 440, 442, -1,
      10, 442, 443, -1,
      444, 447, 10, -1,
      10, 447, 448, -1,
      10, 448, 449, -1,
      449, 450, 10, -1,
      10, 450, 451, -1,
      10, 451, 433, -1,
      433, 451, 452, -1,
      433, 452, 439, -1,
      453, 454, 455, -1,
      455, 454, 456, -1,
      455, 456, 440, -1,
      440, 456, 457, -1,
      440, 457, 441, -1,
      458, 459, 455, -1,
      455, 459, 460, -1,
      455, 460, 453, -1,
      461, 462, 458, -1,
      458, 462, 463, -1,
      458, 463, 459, -1,
      6, 464, 465, -1,
      465, 464, 458, -1,
      465, 458, 466, -1,
      466, 458, 455, -1,
      466, 455, 467, -1,
      467, 455, 440, -1,
      467, 440, 468, -1,
      468, 440, 446, -1,
      468, 446, 469, -1,
      469, 446, 428, -1,
      469, 428, 470, -1,
      470, 428, 429, -1,
      445, 208, 446, -1,
      446, 208, 210, -1,
      446, 210, 428, -1,
      428, 210, 212, -1,
      428, 212, 426, -1,
      426, 212, 390, -1,
      426, 390, 471, -1,
      471, 390, 408, -1,
      464, 171, 458, -1,
      458, 171, 185, -1,
      458, 185, 461, -1,
      461, 185, 187, -1,
      461, 187, 191, -1,
      191, 187, 11, -1,
      191, 11, 192, -1,
      192, 11, 13, -1,
      3, 5, 7, -1,
      7, 5, 472, -1,
      7, 472, 473, -1,
      474, 116, 475, -1,
      475, 116, 71, -1,
      475, 71, 476, -1,
      476, 71, 60, -1,
      476, 60, 477, -1,
      477, 60, 62, -1,
      477, 62, 478, -1,
      474, 479, 480, -1,
      479, 481, 480, -1,
      480, 481, 482, -1,
      480, 482, 476, -1,
      476, 482, 483, -1,
      476, 483, 475, -1,
      484, 485, 486, -1,
      486, 485, 482, -1,
      486, 482, 487, -1,
      487, 482, 481, -1,
      487, 481, 488, -1,
      488, 481, 489, -1,
      184, 180, 174, -1,
      174, 180, 169, -1,
      174, 169, 172, -1,
      172, 169, 171, -1,
      172, 171, 490, -1,
      491, 492, 473, -1,
      473, 492, 493, -1,
      494, 495, 496, -1,
      496, 495, 497, -1,
      496, 497, 473, -1,
      473, 497, 498, -1,
      473, 498, 491, -1,
      493, 499, 473, -1,
      473, 499, 500, -1,
      473, 500, 501, -1,
      6, 7, 464, -1,
      464, 7, 473, -1,
      464, 473, 171, -1,
      171, 473, 501, -1,
      171, 501, 490, -1,
      490, 502, 172, -1,
      172, 502, 503, -1,
      172, 503, 496, -1,
      496, 503, 504, -1,
      496, 504, 505, -1,
      505, 506, 496, -1,
      496, 506, 507, -1,
      496, 507, 494, -1,
      508, 472, 509, -1,
      509, 472, 510, -1,
      511, 512, 513, -1,
      513, 512, 514, -1,
      508, 513, 472, -1,
      472, 513, 514, -1,
      472, 514, 473, -1,
      473, 514, 515, -1,
      473, 515, 496, -1,
      496, 515, 516, -1,
      365, 367, 372, -1,
      372, 367, 480, -1,
      372, 480, 376, -1,
      376, 480, 476, -1,
      376, 476, 402, -1,
      402, 476, 477, -1,
      402, 477, 429, -1,
      429, 477, 478, -1,
      429, 478, 470, -1,
      496, 270, 172, -1,
      172, 270, 275, -1,
      172, 275, 13, -1,
      13, 275, 281, -1,
      13, 281, 192, -1,
      192, 281, 304, -1,
      192, 304, 227, -1,
      227, 304, 303, -1,
      227, 303, 218, -1,
      218, 303, 302, -1,
      218, 302, 199, -1,
      199, 302, 382, -1,
      199, 382, 379, -1,
      379, 382, 384, -1,
      474, 480, 116, -1,
      116, 480, 367, -1,
      116, 367, 20, -1,
      20, 367, 517, -1,
      20, 517, 19, -1,
      517, 518, 19, -1,
      19, 518, 0, -1,
      19, 0, 362, -1,
      362, 0, 2, -1,
      362, 2, 367, -1,
      367, 2, 519, -1,
      367, 519, 517, -1,
      520, 521, 283, -1,
      522, 523, 283, -1,
      283, 523, 524, -1,
      283, 524, 281, -1,
      281, 524, 525, -1,
      281, 525, 526, -1,
      526, 527, 281, -1,
      281, 527, 528, -1,
      281, 528, 529, -1,
      316, 287, 283, -1,
      283, 287, 530, -1,
      283, 530, 520, -1,
      529, 531, 281, -1,
      281, 531, 532, -1,
      281, 532, 304, -1,
      304, 532, 533, -1,
      304, 533, 287, -1,
      287, 533, 534, -1,
      287, 534, 530, -1,
      521, 535, 283, -1,
      283, 535, 536, -1,
      283, 536, 522, -1,
      319, 277, 320, -1,
      320, 277, 270, -1,
      320, 270, 537, -1,
      537, 270, 496, -1,
      537, 496, 510, -1,
      510, 496, 516, -1,
      510, 516, 509, -1,
      321, 320, 322, -1,
      322, 320, 537, -1,
      322, 537, 538, -1,
      538, 537, 510, -1,
      538, 510, 539, -1,
      539, 510, 472, -1,
      539, 472, 540, -1,
      540, 472, 5, -1,
      540, 5, 541, -1,
      541, 5, 4, -1,
      541, 4, 542, -1,
      361, 350, 356, -1,
      356, 350, 352, -1,
      356, 352, 362, -1,
      362, 352, 543, -1,
      362, 543, 19, -1,
      19, 543, 30, -1,
      19, 30, 21, -1,
      21, 30, 32, -1,
      544, 545, 546, -1,
      547, 548, 549, -1,
      550, 551, 549, -1,
      550, 549, 552, -1,
      551, 553, 549, -1,
      549, 553, 554, -1,
      549, 554, 547, -1,
      555, 556, 549, -1,
      557, 558, 549, -1,
      549, 558, 559, -1,
      556, 560, 549, -1,
      549, 560, 561, -1,
      549, 561, 557, -1,
      562, 563, 549, -1,
      564, 546, 565, -1,
      565, 546, 566, -1,
      563, 567, 549, -1,
      549, 567, 568, -1,
      549, 568, 552, -1,
      559, 569, 549, -1,
      549, 569, 570, -1,
      549, 570, 546, -1,
      546, 570, 571, -1,
      546, 571, 566, -1,
      572, 573, 574, -1,
      548, 575, 549, -1,
      549, 575, 576, -1,
      549, 576, 577, -1,
      578, 579, 549, -1,
      579, 580, 549, -1,
      549, 580, 581, -1,
      549, 581, 582, -1,
      582, 583, 549, -1,
      549, 583, 584, -1,
      549, 584, 562, -1,
      577, 585, 549, -1,
      549, 585, 586, -1,
      549, 586, 555, -1,
      555, 586, 587, -1,
      555, 587, 588, -1,
      564, 589, 546, -1,
      546, 589, 590, -1,
      546, 590, 591, -1,
      592, 593, 546, -1,
      546, 593, 594, -1,
      546, 594, 595, -1,
      591, 596, 546, -1,
      546, 596, 597, -1,
      546, 597, 598, -1,
      588, 599, 555, -1,
      555, 599, 600, -1,
      555, 600, 601, -1,
      598, 602, 546, -1,
      546, 602, 603, -1,
      546, 603, 604, -1,
      605, 572, 606, -1,
      606, 572, 574, -1,
      606, 574, 607, -1,
      607, 574, 608, -1,
      607, 608, 549, -1,
      549, 608, 609, -1,
      549, 609, 578, -1,
      610, 611, 612, -1,
      612, 611, 613, -1,
      604, 614, 546, -1,
      546, 614, 615, -1,
      546, 615, 592, -1,
      595, 616, 546, -1,
      546, 616, 617, -1,
      546, 617, 544, -1,
      544, 617, 618, -1,
      544, 618, 619, -1,
      619, 620, 544, -1,
      544, 620, 621, -1,
      544, 621, 622, -1,
      601, 623, 555, -1,
      555, 623, 624, -1,
      555, 624, 625, -1,
      613, 626, 612, -1,
      612, 626, 627, -1,
      612, 627, 628, -1,
      625, 629, 555, -1,
      555, 629, 630, -1,
      555, 630, 627, -1,
      627, 630, 631, -1,
      627, 631, 628, -1,
      632, 633, 612, -1,
      612, 633, 634, -1,
      612, 634, 610, -1,
      635, 636, 637, -1,
      637, 636, 638, -1,
      637, 638, 639, -1,
      612, 640, 632, -1,
      632, 640, 641, -1,
      632, 641, 642, -1,
      642, 641, 635, -1,
      642, 635, 643, -1,
      643, 635, 637, -1,
      644, 645, 639, -1,
      639, 645, 646, -1,
      639, 646, 647, -1,
      648, 644, 649, -1,
      649, 644, 639, -1,
      649, 639, 650, -1,
      650, 639, 651, -1,
      650, 651, 652, -1,
      652, 653, 650, -1,
      650, 653, 654, -1,
      650, 654, 655, -1,
      647, 656, 639, -1,
      639, 656, 657, -1,
      639, 657, 637, -1,
      658, 659, 660, -1,
      660, 659, 661, -1,
      660, 661, 544, -1,
      544, 661, 545, -1,
      662, 663, 664, -1,
      664, 663, 665, -1,
      649, 650, 662, -1,
      662, 650, 663, -1,
      666, 667, 668, -1,
      668, 667, 669, -1,
      668, 669, 670, -1,
      670, 669, 310, -1,
      670, 310, 671, -1,
      671, 310, 312, -1,
      672, 673, 674, -1,
      674, 673, 675, -1,
      676, 677, 678, -1,
      678, 677, 679, -1,
      676, 680, 677, -1,
      677, 680, 681, -1,
      677, 681, 682, -1,
      683, 684, 685, -1,
      686, 310, 685, -1,
      685, 310, 669, -1,
      685, 669, 683, -1,
      687, 686, 688, -1,
      689, 674, 690, -1,
      690, 674, 675, -1,
      690, 675, 688, -1,
      688, 675, 677, -1,
      687, 688, 691, -1,
      692, 693, 691, -1,
      691, 688, 692, -1,
      692, 688, 677, -1,
      692, 677, 694, -1,
      694, 677, 682, -1,
      694, 682, 695, -1,
      695, 682, 696, -1,
      695, 696, 693, -1,
      693, 696, 697, -1,
      693, 697, 691, -1,
      687, 698, 686, -1,
      686, 698, 697, -1,
      686, 697, 310, -1,
      310, 697, 696, -1,
      310, 696, 311, -1,
      311, 696, 352, -1,
      699, 29, 700, -1,
      700, 29, 30, -1,
      700, 30, 696, -1,
      696, 30, 543, -1,
      696, 543, 352, -1,
      701, 702, 703, -1,
      673, 672, 704, -1,
      703, 705, 659, -1,
      659, 705, 706, -1,
      704, 707, 673, -1,
      673, 707, 708, -1,
      673, 708, 679, -1,
      709, 678, 710, -1,
      710, 678, 679, -1,
      710, 679, 711, -1,
      711, 679, 708, -1,
      664, 665, 712, -1,
      712, 665, 713, -1,
      659, 658, 703, -1,
      703, 658, 714, -1,
      703, 714, 701, -1,
      701, 714, 715, -1,
      716, 711, 717, -1,
      717, 711, 708, -1,
      717, 708, 713, -1,
      713, 708, 715, -1,
      713, 715, 712, -1,
      712, 715, 714, -1,
      718, 62, 719, -1,
      719, 62, 66, -1,
      719, 66, 720, -1,
      716, 717, 719, -1,
      719, 717, 721, -1,
      719, 721, 718, -1,
      465, 466, 718, -1,
      466, 467, 718, -1,
      718, 467, 468, -1,
      718, 468, 469, -1,
      469, 470, 718, -1,
      718, 470, 478, -1,
      718, 478, 62, -1,
      542, 4, 722, -1,
      722, 4, 3, -1,
      722, 3, 718, -1,
      718, 3, 6, -1,
      718, 6, 465, -1,
      723, 724, 725, -1,
      725, 724, 726, -1,
      727, 728, 729, -1,
      729, 728, 730, -1,
      541, 542, 722, -1,
      731, 323, 322, -1,
      322, 538, 731, -1,
      731, 538, 539, -1,
      731, 539, 722, -1,
      722, 539, 540, -1,
      722, 540, 541, -1,
      321, 323, 731, -1,
      312, 314, 671, -1,
      671, 314, 315, -1,
      671, 315, 316, -1,
      316, 317, 671, -1,
      671, 317, 318, -1,
      671, 318, 731, -1,
      731, 318, 319, -1,
      731, 319, 321, -1,
      732, 705, 667, -1,
      667, 705, 703, -1,
      667, 703, 669, -1,
      669, 703, 683, -1,
      733, 734, 735, -1,
      679, 677, 736, -1,
      736, 733, 679, -1,
      679, 733, 735, -1,
      679, 735, 673, -1,
      673, 735, 724, -1,
      737, 675, 738, -1,
      738, 675, 673, -1,
      738, 673, 723, -1,
      723, 673, 724, -1,
      737, 739, 675, -1,
      675, 739, 740, -1,
      675, 740, 677, -1,
      677, 740, 728, -1,
      677, 728, 736, -1,
      736, 728, 727, -1,
      706, 705, 741, -1,
      741, 705, 732, -1,
      741, 732, 666, -1,
      666, 732, 667, -1,
      742, 743, 721, -1,
      721, 743, 718, -1,
      744, 710, 745, -1,
      745, 710, 711, -1,
      745, 711, 746, -1,
      746, 711, 716, -1,
      746, 716, 747, -1,
      747, 716, 719, -1,
      748, 708, 749, -1,
      749, 708, 707, -1,
      750, 715, 748, -1,
      748, 715, 708, -1,
      751, 701, 750, -1,
      750, 701, 715, -1,
      752, 698, 753, -1,
      753, 698, 687, -1,
      754, 697, 752, -1,
      752, 697, 698, -1,
      755, 691, 754, -1,
      754, 691, 697, -1,
      753, 687, 755, -1,
      755, 687, 691, -1,
      756, 694, 757, -1,
      757, 694, 695, -1,
      758, 692, 756, -1,
      756, 692, 694, -1,
      759, 693, 758, -1,
      758, 693, 692, -1,
      757, 695, 759, -1,
      759, 695, 693, -1,
    ]
  }
}

Shape {
  appearance Appearance {
    material Material {
      diffuseColor 1.0000 1.0000 1.0000
      specularColor 0.3020 0.3020 0.3020
      ambientIntensity 0.2
      transparency 0.0000
      shininess 0.5
    }
  }
  geometry IndexedFaceSet {
    ccw TRUE
    solid FALSE
    coord DEF co Coordinate {
      point [
        -0.984252 0.570866 0.196850,
        -0.984252 0.570866 1.259843,
        0.984252 0.570866 1.259843,
        0.984252 0.570866 0.196850,
        -0.984252 0.688976 0.000000,
        -0.984252 0.688976 0.196850,
        -0.984252 0.688976 0.850531,
        -0.984252 0.688976 1.259843,
        0.984252 0.688976 1.259843,
        0.984252 0.688976 0.850531,
        -0.984252 1.082677 0.000000,
        0.984252 0.688976 0.000000,
        0.984252 1.082677 0.000000,
        0.984252 1.082677 0.472441,
        -0.984252 1.082677 0.472441,
        0.984252 0.688976 0.196850,
      ]
    }
    coordIndex [
      2, 8, 9, -1,
      12, 11, 13, -1,
      13, 11, 15, -1,
      13, 15, 9, -1,
      9, 15, 3, -1,
      9, 3, 2, -1,
      7, 1, 6, -1,
      6, 1, 0, -1,
      6, 0, 14, -1,
      14, 0, 5, -1,
      14, 5, 10, -1,
      10, 5, 4, -1,
    ]
  }
}

Shape {
  appearance Appearance {
    material Material {
      diffuseColor 1.0000 0.9961 0.9373
      specularColor 0.3020 0.2980 0.2824
      ambientIntensity 0.2
      transparency 0.0000
      shininess 0.5
    }
  }
  geometry IndexedFaceSet {
    ccw TRUE
    solid FALSE
    coord DEF co Coordinate {
      point [
        1.181102 -0.204724 0.252358,
        1.181102 -0.204724 1.456693,
        1.181102 -0.204724 0.357255,
        1.181102 -0.204724 0.275835,
        1.181102 -0.204724 0.148812,
        1.181102 -0.204724 0.000000,
        1.181102 -0.204724 0.117094,
        -0.984252 0.570866 1.259843,
        0.984252 0.570866 1.259843,
        0.385484 0.570866 0.196850,
        0.413386 0.570866 0.196850,
        0.984252 0.570866 0.196850,
        0.177165 0.570866 0.196850,
        0.205067 0.570866 0.196850,
        0.177165 0.688976 0.196850,
        0.177165 0.688976 0.000000,
        -0.984252 0.688976 1.259843,
        0.984252 0.688976 1.259843,
        -1.181102 -0.834646 0.000000,
        -1.181102 -0.834646 1.456693,
        1.181102 -0.834646 1.456693,
        1.181102 -0.834646 0.000000,
        1.062992 -0.834646 1.456693,
        -1.181102 -0.204724 1.456693,
        -1.062992 -0.204724 1.456693,
        -1.062992 -0.834646 1.456693,
        1.062992 -0.204724 1.456693,
        -1.023622 -0.125984 0.000000,
        -1.023622 -0.204724 0.000000,
        -1.181102 -0.204724 0.000000,
        -1.023622 -0.834646 0.000000,
        -1.023622 -0.913386 0.000000,
        1.023622 -0.834646 0.000000,
        1.023622 -0.913386 0.000000,
        0.177165 0.374016 0.000000,
        0.413386 0.374016 0.000000,
        1.023622 -0.125984 0.000000,
        1.023622 -0.204724 0.000000,
        0.413386 0.688976 0.000000,
        -0.787402 -1.279528 0.795276,
        -0.787402 -1.279528 0.196850,
        -0.787402 0.098425 0.795276,
        -0.787402 0.098425 0.196850,
        0.787402 -1.279528 1.070866,
        0.787402 -1.279528 1.259843,
        0.787402 0.098425 1.070866,
        0.787402 0.098425 1.259843,
        0.905512 -1.279528 0.795276,
        0.787402 -1.279528 0.795276,
        0.787402 -1.279528 0.196850,
        0.905512 -1.279528 1.070866,
        -0.905512 -1.279528 1.070866,
        -0.905512 -1.279528 0.795276,
        -0.787402 -1.279528 1.070866,
        -0.787402 -1.279528 1.259843,
        0.413386 0.688976 0.196850,
        0.984252 0.688976 0.196850,
        1.023622 -0.913386 1.417323,
        1.023622 -0.125984 1.417323,
        -1.023622 -0.913386 1.417323,
        -1.023622 -0.125984 1.417323,
        -0.578740 -0.486058 1.259843,
        -0.578740 -0.801019 1.259843,
        -0.381890 -0.486058 1.259843,
        -0.381890 -0.801019 1.259843,
        0.578740 -0.801019 1.259843,
        0.578740 -0.486058 1.259843,
        0.381890 -0.801019 1.259843,
        0.381890 -0.486058 1.259843,
        -0.787402 0.098425 1.259843,
        -0.787402 0.098425 1.070866,
        0.787402 0.098425 0.795276,
        0.787402 0.098425 0.196850,
        -0.246063 0.098425 1.018309,
        0.246063 0.098425 1.018309,
        -0.269801 0.098425 1.028142,
        -0.295276 0.098425 1.031496,
        -0.210037 0.098425 0.883858,
        -0.225678 0.098425 0.863474,
        -0.905512 0.098425 0.795276,
        -0.905512 0.098425 1.070866,
        0.380514 0.098425 0.982283,
        0.364873 0.098425 1.002668,
        0.344488 0.098425 1.018309,
        0.344488 0.098425 0.847832,
        0.320750 0.098425 0.838000,
        -0.225678 0.098425 1.002668,
        -0.210037 0.098425 0.982283,
        0.225678 0.098425 1.002668,
        0.269801 0.098425 1.028142,
        0.295276 0.098425 1.031496,
        0.320750 0.098425 1.028142,
        0.390347 0.098425 0.958545,
        0.393701 0.098425 0.933071,
        0.905512 0.098425 1.070866,
        0.905512 0.098425 0.795276,
        0.390347 0.098425 0.907596,
        0.380514 0.098425 0.883858,
        0.364873 0.098425 0.863474,
        0.269801 0.098425 0.838000,
        -0.196850 0.098425 0.933071,
        -0.200204 0.098425 0.907596,
        -0.364873 0.098425 1.002668,
        -0.344488 0.098425 1.018309,
        0.246063 0.098425 0.847832,
        0.225678 0.098425 0.863474,
        0.210037 0.098425 0.883858,
        -0.380514 0.098425 0.883858,
        -0.390347 0.098425 0.907596,
        -0.320750 0.098425 1.028142,
        0.295276 0.098425 0.834646,
        -0.246063 0.098425 0.847832,
        -0.269801 0.098425 0.838000,
        -0.295276 0.098425 0.834646,
        -0.320750 0.098425 0.838000,
        -0.344488 0.098425 0.847832,
        -0.364873 0.098425 0.863474,
        -0.393701 0.098425 0.933071,
        -0.390347 0.098425 0.958545,
        -0.380514 0.098425 0.982283,
        0.200204 0.098425 0.907596,
        0.196850 0.098425 0.933071,
        -0.200204 0.098425 0.958545,
        0.200204 0.098425 0.958545,
        0.210037 0.098425 0.982283,
        1.023622 -0.834646 1.417323,
        1.023622 -0.204724 1.417323,
        -1.023622 -0.204724 1.417323,
        -1.023622 -0.834646 1.417323,
        0.177165 0.374016 0.196850,
        0.413386 0.374016 0.196850,
        0.320750 0.515165 0.196850,
        0.344488 0.524998 0.196850,
        0.380514 0.561024 0.196850,
        0.364873 0.540639 0.196850,
        0.210037 0.561024 0.196850,
        0.225678 0.540639 0.196850,
        0.246063 0.524998 0.196850,
        0.269801 0.515165 0.196850,
        0.295276 0.511811 0.196850,
      ]
    }
    coordIndex [
      66, 46, 65, -1,
      65, 46, 44, -1,
      65, 44, 67, -1,
      44, 54, 67, -1,
      67, 54, 64, -1,
      67, 64, 68, -1,
      68, 64, 63, -1,
      66, 68, 46, -1,
      46, 68, 63, -1,
      46, 63, 69, -1,
      69, 63, 61, -1,
      69, 61, 54, -1,
      54, 61, 62, -1,
      54, 62, 64, -1,
      70, 69, 53, -1,
      53, 69, 54, -1,
      71, 72, 48, -1,
      48, 72, 49, -1,
      72, 42, 49, -1,
      49, 42, 40, -1,
      73, 74, 75, -1,
      75, 74, 76, -1,
      77, 78, 72, -1,
      42, 72, 41, -1,
      41, 72, 70, -1,
      41, 70, 79, -1,
      79, 70, 80, -1,
      81, 45, 82, -1,
      82, 45, 83, -1,
      84, 85, 72, -1,
      73, 86, 74, -1,
      74, 86, 87, -1,
      74, 87, 88, -1,
      74, 89, 76, -1,
      76, 89, 90, -1,
      76, 90, 45, -1,
      45, 90, 91, -1,
      45, 91, 83, -1,
      81, 92, 45, -1,
      45, 92, 93, -1,
      45, 93, 94, -1,
      94, 93, 71, -1,
      94, 71, 95, -1,
      93, 96, 71, -1,
      71, 96, 97, -1,
      71, 97, 72, -1,
      72, 97, 98, -1,
      72, 98, 84, -1,
      99, 100, 101, -1,
      102, 103, 69, -1,
      99, 104, 100, -1,
      100, 104, 105, -1,
      100, 105, 106, -1,
      107, 108, 70, -1,
      45, 46, 76, -1,
      76, 46, 69, -1,
      76, 69, 109, -1,
      109, 69, 103, -1,
      101, 77, 99, -1,
      99, 77, 72, -1,
      99, 72, 110, -1,
      110, 72, 85, -1,
      78, 111, 72, -1,
      72, 111, 112, -1,
      72, 112, 113, -1,
      113, 114, 72, -1,
      72, 114, 115, -1,
      72, 115, 70, -1,
      70, 115, 116, -1,
      70, 116, 107, -1,
      108, 117, 70, -1,
      70, 117, 118, -1,
      70, 118, 69, -1,
      69, 118, 119, -1,
      69, 119, 102, -1,
      106, 120, 100, -1,
      100, 120, 121, -1,
      100, 121, 122, -1,
      122, 121, 123, -1,
      122, 123, 87, -1,
      87, 123, 124, -1,
      87, 124, 88, -1,
      50, 43, 94, -1,
      94, 43, 45, -1,
      47, 50, 95, -1,
      95, 50, 94, -1,
      48, 47, 71, -1,
      71, 47, 95, -1,
      52, 39, 79, -1,
      79, 39, 41, -1,
      51, 52, 80, -1,
      80, 52, 79, -1,
      53, 51, 70, -1,
      70, 51, 80, -1,
      125, 32, 57, -1,
      57, 32, 33, -1,
      22, 20, 125, -1,
      125, 20, 21, -1,
      125, 21, 32, -1,
      2, 1, 26, -1,
      5, 6, 37, -1,
      37, 6, 4, -1,
      37, 4, 0, -1,
      0, 3, 37, -1,
      37, 3, 2, -1,
      37, 2, 126, -1,
      126, 2, 26, -1,
      58, 36, 126, -1,
      126, 36, 37, -1,
      127, 28, 60, -1,
      60, 28, 27, -1,
      24, 23, 127, -1,
      127, 23, 29, -1,
      127, 29, 28, -1,
      128, 30, 25, -1,
      25, 30, 18, -1,
      25, 18, 19, -1,
      59, 31, 128, -1,
      128, 31, 30, -1,
      8, 7, 17, -1,
      17, 7, 16, -1,
      10, 11, 55, -1,
      55, 11, 56, -1,
      129, 34, 12, -1,
      12, 34, 15, -1,
      12, 15, 14, -1,
      129, 130, 34, -1,
      34, 130, 35, -1,
      35, 130, 38, -1,
      38, 130, 10, -1,
      38, 10, 55, -1,
      131, 132, 130, -1,
      9, 10, 133, -1,
      133, 10, 130, -1,
      133, 130, 134, -1,
      134, 130, 132, -1,
      12, 13, 129, -1,
      129, 13, 135, -1,
      129, 135, 136, -1,
      136, 137, 129, -1,
      129, 137, 138, -1,
      129, 138, 130, -1,
      130, 138, 139, -1,
      130, 139, 131, -1,
    ]
  }
}

Shape {
  appearance Appearance {
    material Material {
      diffuseColor 0.7529 0.7529 0.7529
      specularColor 0.3765 0.3765 0.3765
      ambientIntensity 0.2
      transparency 0.0000
      shininess 0.5
    }
  }
  geometry IndexedFaceSet {
    ccw TRUE
    solid FALSE
    coord DEF co Coordinate {
      point [
        0.342435 0.570866 1.003273,
        0.335550 0.570866 1.007393,
        0.374759 0.570866 0.972544,
        0.364089 0.570866 0.986208,
        0.377954 0.570866 0.966496,
        0.362422 0.570866 0.987685,
        0.349796 0.570866 0.998869,
        0.389274 0.570866 0.939046,
        0.389044 0.570866 0.940307,
        0.388752 0.570866 0.941165,
        0.384039 0.570866 0.954976,
        0.385484 0.570866 0.814961,
        0.385902 0.570866 0.827370,
        0.386349 0.570866 0.831141,
        0.319650 0.570866 1.013204,
        0.317933 0.570866 1.013832,
        0.304366 0.570866 1.016220,
        0.390992 0.570866 0.869858,
        0.391693 0.570866 0.875564,
        0.392926 0.570866 0.885597,
        0.393210 0.570866 0.897413,
        0.393529 0.570866 0.910657,
        0.393464 0.570866 0.911533,
        0.392902 0.570866 0.919185,
        0.295276 0.570866 1.016672,
        0.276662 0.570866 1.014765,
        0.270902 0.570866 1.013157,
        0.264583 0.570866 1.011394,
        0.247482 0.570866 1.003318,
        0.237365 0.570866 0.996299,
        0.228277 0.570866 0.987490,
        0.385484 0.570866 0.196850,
        0.388466 0.570866 0.848979,
        0.389606 0.570866 0.858582,
        0.197728 0.570866 0.919934,
        0.223431 0.570866 0.982792,
        0.216013 0.570866 0.972880,
        0.212618 0.570866 0.966476,
        0.201474 0.570866 0.939234,
        0.206469 0.570866 0.954872,
        0.202079 0.570866 0.942355,
        0.201841 0.570866 0.941128,
        0.196997 0.570866 0.895640,
        0.199087 0.570866 0.875081,
        0.199620 0.570866 0.869839,
        0.200324 0.570866 0.862915,
        0.197461 0.570866 0.911065,
        0.197031 0.570866 0.896783,
        0.202119 0.570866 0.849032,
        0.204233 0.570866 0.832683,
        0.204311 0.570866 0.831036,
        0.205067 0.570866 0.814961,
        0.205067 0.570866 0.196850,
        0.246063 0.098425 1.018309,
        0.380514 0.098425 0.982283,
        0.364873 0.098425 1.002668,
        0.344488 0.098425 1.018309,
        0.344488 0.098425 0.847832,
        0.320750 0.098425 0.838000,
        0.225678 0.098425 1.002668,
        0.269801 0.098425 1.028142,
        0.295276 0.098425 1.031496,
        0.320750 0.098425 1.028142,
        0.390347 0.098425 0.958545,
        0.393701 0.098425 0.933071,
        0.390347 0.098425 0.907596,
        0.380514 0.098425 0.883858,
        0.364873 0.098425 0.863474,
        0.269801 0.098425 0.838000,
        0.246063 0.098425 0.847832,
        0.225678 0.098425 0.863474,
        0.210037 0.098425 0.883858,
        0.295276 0.098425 0.834646,
        0.200204 0.098425 0.907596,
        0.196850 0.098425 0.933071,
        0.200204 0.098425 0.958545,
        0.210037 0.098425 0.982283,
        0.320750 0.515165 0.196850,
        0.344488 0.524998 0.196850,
        0.380514 0.561024 0.196850,
        0.364873 0.540639 0.196850,
        0.210037 0.561024 0.196850,
        0.225678 0.540639 0.196850,
        0.246063 0.524998 0.196850,
        0.269801 0.515165 0.196850,
        0.295276 0.511811 0.196850,
        0.295276 1.240157 -0.039370,
        0.269801 0.728346 -0.036016,
        0.269801 1.240157 -0.036016,
        0.246063 0.728346 -0.026183,
        0.246063 1.240157 -0.026183,
        0.225678 0.728346 -0.010542,
        0.225678 1.240157 -0.010542,
        0.210037 0.728346 0.009843,
        0.210037 1.240157 0.009843,
        0.200204 0.728346 0.033581,
        0.200204 1.240157 0.033581,
        0.196850 0.728346 0.059055,
        0.196850 1.240157 0.059055,
        0.200204 0.728346 0.084530,
        0.200204 1.240157 0.084530,
        0.210037 0.728346 0.108268,
        0.210037 1.240157 0.108268,
        0.225678 0.728346 0.128652,
        0.225678 1.240157 0.128652,
        0.246063 0.728346 0.144294,
        0.246063 1.240157 0.144294,
        0.269801 0.728346 0.154126,
        0.269801 1.240157 0.154126,
        0.295276 0.728346 0.157480,
        0.295276 1.240157 0.157480,
        0.320750 0.728346 0.154126,
        0.320750 1.240157 0.154126,
        0.344488 0.728346 0.144294,
        0.344488 1.240157 0.144294,
        0.364873 0.728346 0.128652,
        0.364873 1.240157 0.128652,
        0.380514 0.728346 0.108268,
        0.380514 1.240157 0.108268,
        0.390347 0.728346 0.084530,
        0.390347 1.240157 0.084530,
        0.393701 0.728346 0.059055,
        0.393701 1.240157 0.059055,
        0.390347 0.728346 0.033581,
        0.390347 1.240157 0.033581,
        0.380514 0.728346 0.009843,
        0.380514 1.240157 0.009843,
        0.364873 0.728346 -0.010542,
        0.364873 1.240157 -0.010542,
        0.344488 0.728346 -0.026183,
        0.344488 1.240157 -0.026183,
        0.320750 0.728346 -0.036016,
        0.320750 1.240157 -0.036016,
        0.295276 0.728346 -0.039370,
        0.295276 0.724506 0.157859,
        0.320750 0.723852 0.154569,
        0.344488 0.721933 0.144926,
        0.364873 0.718882 0.129584,
        0.380514 0.714905 0.109592,
        0.390347 0.710274 0.086309,
        0.393701 0.705304 0.061324,
        0.390347 0.700335 0.036340,
        0.380514 0.695704 0.013057,
        0.364873 0.691726 -0.006935,
        0.344488 0.688675 -0.022276,
        0.320750 0.686757 -0.031920,
        0.295276 0.686102 -0.035209,
        0.269801 0.686757 -0.031920,
        0.246063 0.688675 -0.022276,
        0.225678 0.691726 -0.006935,
        0.210037 0.695704 0.013057,
        0.200204 0.700335 0.036340,
        0.196850 0.705304 0.061324,
        0.200204 0.710274 0.086309,
        0.210037 0.714905 0.109592,
        0.225678 0.718882 0.129584,
        0.246063 0.721933 0.144926,
        0.269801 0.723852 0.154569,
        0.295276 0.720813 0.158979,
        0.320750 0.719530 0.155880,
        0.344488 0.715767 0.146796,
        0.364873 0.709781 0.132345,
        0.380514 0.701981 0.113512,
        0.390347 0.692896 0.091581,
        0.393701 0.683148 0.068046,
        0.390347 0.673399 0.044511,
        0.380514 0.664315 0.022579,
        0.364873 0.656514 0.003746,
        0.344488 0.650528 -0.010705,
        0.320750 0.646765 -0.019789,
        0.295276 0.645482 -0.022887,
        0.269801 0.646765 -0.019789,
        0.246063 0.650528 -0.010705,
        0.225678 0.656514 0.003746,
        0.210037 0.664315 0.022579,
        0.200204 0.673399 0.044511,
        0.196850 0.683148 0.068046,
        0.200204 0.692896 0.091581,
        0.210037 0.701981 0.113512,
        0.225678 0.709781 0.132345,
        0.246063 0.715767 0.146796,
        0.269801 0.719530 0.155880,
        0.295276 0.717410 0.160798,
        0.320750 0.715547 0.158009,
        0.344488 0.710084 0.149834,
        0.364873 0.701394 0.136828,
        0.380514 0.690069 0.119879,
        0.390347 0.676881 0.100141,
        0.393701 0.662728 0.078960,
        0.390347 0.648575 0.057779,
        0.380514 0.635387 0.038041,
        0.364873 0.624062 0.021093,
        0.344488 0.615372 0.008087,
        0.320750 0.609909 -0.000089,
        0.295276 0.608046 -0.002877,
        0.269801 0.609909 -0.000089,
        0.246063 0.615372 0.008087,
        0.225678 0.624062 0.021093,
        0.210037 0.635387 0.038041,
        0.200204 0.648575 0.057779,
        0.196850 0.662728 0.078960,
        0.200204 0.676881 0.100141,
        0.210037 0.690069 0.119879,
        0.225678 0.701394 0.136828,
        0.246063 0.710084 0.149834,
        0.269801 0.715547 0.158009,
        0.295276 0.714427 0.163246,
        0.320750 0.712056 0.160874,
        0.344488 0.705103 0.153922,
        0.364873 0.694043 0.142861,
        0.380514 0.679628 0.128447,
        0.390347 0.662843 0.111662,
        0.393701 0.644830 0.093649,
        0.390347 0.626817 0.075636,
        0.380514 0.610031 0.058850,
        0.364873 0.595617 0.044436,
        0.344488 0.584557 0.033376,
        0.320750 0.577604 0.026423,
        0.295276 0.575233 0.024052,
        0.269801 0.577604 0.026423,
        0.246063 0.584557 0.033376,
        0.225678 0.595617 0.044436,
        0.210037 0.610031 0.058850,
        0.200204 0.626817 0.075636,
        0.196850 0.644830 0.093649,
        0.200204 0.662843 0.111662,
        0.210037 0.679628 0.128447,
        0.225678 0.694043 0.142861,
        0.246063 0.705103 0.153922,
        0.269801 0.712056 0.160874,
        0.295276 0.711979 0.166229,
        0.320750 0.709191 0.164366,
        0.344488 0.701015 0.158903,
        0.364873 0.688009 0.150213,
        0.380514 0.671060 0.138888,
        0.390347 0.651322 0.125700,
        0.393701 0.630141 0.111547,
        0.390347 0.608960 0.097394,
        0.380514 0.589222 0.084206,
        0.364873 0.572274 0.072881,
        0.344488 0.559268 0.064191,
        0.320750 0.551093 0.058728,
        0.295276 0.548304 0.056865,
        0.269801 0.551093 0.058728,
        0.246063 0.559268 0.064191,
        0.225678 0.572274 0.072881,
        0.210037 0.589222 0.084206,
        0.200204 0.608960 0.097394,
        0.196850 0.630141 0.111547,
        0.200204 0.651322 0.125700,
        0.210037 0.671060 0.138888,
        0.225678 0.688009 0.150213,
        0.246063 0.701015 0.158903,
        0.269801 0.709191 0.164366,
        0.295276 0.710160 0.169632,
        0.320750 0.707061 0.168349,
        0.344488 0.697977 0.164586,
        0.364873 0.683526 0.158600,
        0.380514 0.664693 0.150799,
        0.390347 0.642762 0.141715,
        0.393701 0.619227 0.131967,
        0.390347 0.595692 0.122218,
        0.380514 0.573760 0.113134,
        0.364873 0.554928 0.105333,
        0.344488 0.540476 0.099347,
        0.320750 0.531392 0.095584,
        0.295276 0.528294 0.094301,
        0.269801 0.531392 0.095584,
        0.246063 0.540476 0.099347,
        0.225678 0.554928 0.105333,
        0.210037 0.573760 0.113134,
        0.200204 0.595692 0.122218,
        0.196850 0.619227 0.131967,
        0.200204 0.642762 0.141715,
        0.210037 0.664693 0.150799,
        0.225678 0.683526 0.158600,
        0.246063 0.697977 0.164586,
        0.269801 0.707061 0.168349,
        0.295276 0.709040 0.173325,
        0.320750 0.705750 0.172671,
        0.344488 0.696107 0.170752,
        0.364873 0.680765 0.167701,
        0.380514 0.660773 0.163724,
        0.390347 0.637491 0.159093,
        0.393701 0.612506 0.154123,
        0.390347 0.587521 0.149154,
        0.380514 0.564239 0.144522,
        0.364873 0.544246 0.140545,
        0.344488 0.528905 0.137494,
        0.320750 0.519261 0.135576,
        0.295276 0.515972 0.134921,
        0.269801 0.519261 0.135576,
        0.246063 0.528905 0.137494,
        0.225678 0.544246 0.140545,
        0.210037 0.564239 0.144522,
        0.200204 0.587521 0.149154,
        0.196850 0.612506 0.154123,
        0.200204 0.637491 0.159093,
        0.210037 0.660773 0.163724,
        0.225678 0.680765 0.167701,
        0.246063 0.696107 0.170752,
        0.269801 0.705750 0.172671,
        0.295276 0.708661 0.177165,
        0.320750 0.705307 0.177165,
        0.344488 0.695475 0.177165,
        0.364873 0.679833 0.177165,
        0.380514 0.659449 0.177165,
        0.390347 0.635711 0.177165,
        0.393701 0.610236 0.177165,
        0.390347 0.584762 0.177165,
        0.380514 0.561024 0.177165,
        0.364873 0.540639 0.177165,
        0.344488 0.524998 0.177165,
        0.320750 0.515165 0.177165,
        0.295276 0.511811 0.177165,
        0.269801 0.515165 0.177165,
        0.246063 0.524998 0.177165,
        0.225678 0.540639 0.177165,
        0.210037 0.561024 0.177165,
        0.200204 0.584762 0.177165,
        0.196850 0.610236 0.177165,
        0.200204 0.635711 0.177165,
        0.210037 0.659449 0.177165,
        0.225678 0.679833 0.177165,
        0.246063 0.695475 0.177165,
        0.269801 0.705307 0.177165,
        0.393485 0.616749 0.814961,
        0.388797 0.640915 0.814961,
        0.389826 0.635609 0.814961,
        0.378259 0.663163 0.814961,
        0.380109 0.659257 0.814961,
        0.362531 0.682099 0.814961,
        0.364600 0.679607 0.814961,
        0.342595 0.696540 0.814961,
        0.344343 0.695274 0.814961,
        0.270852 0.705583 0.814961,
        0.295276 0.708661 0.814961,
        0.319699 0.705583 0.814961,
        0.320702 0.705187 0.814961,
        0.269849 0.705187 0.814961,
        0.247956 0.696540 0.814961,
        0.246208 0.695274 0.814961,
        0.228020 0.682099 0.814961,
        0.225951 0.679607 0.814961,
        0.212292 0.663163 0.814961,
        0.210442 0.659257 0.814961,
        0.201754 0.640915 0.814961,
        0.200725 0.635609 0.814961,
        0.197066 0.616749 0.814961,
        0.197450 0.610272 0.814961,
        0.198522 0.592176 0.814961,
        0.200748 0.584929 0.814961,
        0.393102 0.610272 0.814961,
        0.392030 0.592176 0.814961,
        0.389804 0.584929 0.814961,
        0.198522 0.584202 0.854100,
        0.392030 0.574536 0.871693,
        0.392030 0.584202 0.854100,
        0.392030 0.590162 0.834932,
        0.393485 0.594777 0.885627,
        0.393485 0.578604 0.904696,
        0.388797 0.595374 0.922097,
        0.378259 0.583839 0.959330,
        0.388797 0.571909 0.940551,
        0.362531 0.593993 0.975313,
        0.342595 0.601736 0.987503,
        0.319699 0.606585 0.995136,
        0.295276 0.608235 0.997734,
        0.270852 0.606585 0.995136,
        0.247956 0.601736 0.987503,
        0.228020 0.593993 0.975313,
        0.201754 0.571909 0.940551,
        0.212292 0.583839 0.959330,
        0.197066 0.578604 0.904696,
        0.201754 0.595374 0.922097,
        0.198522 0.574536 0.871693,
        0.197066 0.594777 0.885627,
        0.198522 0.590162 0.834932,
        0.197066 0.614241 0.839838,
        0.201754 0.637921 0.844662,
        0.212292 0.659720 0.849103,
        0.228020 0.678276 0.852883,
        0.247956 0.692426 0.855766,
        0.270852 0.701287 0.857571,
        0.342595 0.692426 0.855766,
        0.319699 0.701287 0.857571,
        0.295276 0.704303 0.858185,
        0.362531 0.678276 0.852883,
        0.378259 0.659720 0.849103,
        0.388797 0.637921 0.844662,
        0.212292 0.610811 0.938116,
        0.228020 0.623952 0.951752,
        0.247956 0.633973 0.962150,
        0.270852 0.640248 0.968661,
        0.295276 0.642384 0.970878,
        0.319699 0.640248 0.968661,
        0.342595 0.633973 0.962150,
        0.362531 0.623952 0.951752,
        0.378259 0.610811 0.938116,
        0.393485 0.614241 0.839838,
        0.201754 0.614682 0.899330,
        0.212292 0.633007 0.911946,
        0.228020 0.648605 0.922683,
        0.247956 0.660500 0.930872,
        0.270852 0.667948 0.936000,
        0.295276 0.670484 0.937745,
        0.319699 0.667948 0.936000,
        0.342595 0.660500 0.930872,
        0.362531 0.648605 0.922683,
        0.378259 0.633007 0.911946,
        0.388797 0.614682 0.899330,
        0.197066 0.606817 0.863714,
        0.201754 0.629057 0.873168,
        0.212292 0.649532 0.881871,
        0.228020 0.666959 0.889279,
        0.247956 0.680249 0.894928,
        0.270852 0.688571 0.898466,
        0.295276 0.691404 0.899670,
        0.319699 0.688571 0.898466,
        0.342595 0.680249 0.894928,
        0.362531 0.666959 0.889279,
        0.378259 0.649532 0.881871,
        0.388797 0.629057 0.873168,
        0.393485 0.606817 0.863714,
        0.265748 1.279528 0.110198,
        0.279991 1.279528 0.116098,
        0.295276 1.279528 0.059055,
        0.295276 1.279528 0.118110,
        0.310560 1.279528 0.116098,
        0.238233 1.279528 0.074340,
        0.244132 1.279528 0.088583,
        0.253517 1.279528 0.100813,
        0.244132 1.279528 0.029528,
        0.238233 1.279528 0.043770,
        0.236220 1.279528 0.059055,
        0.279991 1.279528 0.002012,
        0.265748 1.279528 0.007912,
        0.253517 1.279528 0.017297,
        0.324803 1.279528 0.007912,
        0.310560 1.279528 0.002012,
        0.295276 1.279528 0.000000,
        0.352319 1.279528 0.043770,
        0.346419 1.279528 0.029528,
        0.337034 1.279528 0.017297,
        0.346419 1.279528 0.088583,
        0.352319 1.279528 0.074340,
        0.354331 1.279528 0.059055,
        0.324803 1.279528 0.110198,
        0.337034 1.279528 0.100813,
        0.324803 -0.767717 0.984214,
        0.310560 -0.767717 0.990114,
        0.295276 -0.767717 0.933071,
        0.295276 -0.767717 0.992126,
        0.279991 -0.767717 0.990114,
        0.352319 -0.767717 0.948356,
        0.346419 -0.767717 0.962598,
        0.337034 -0.767717 0.974829,
        0.346419 -0.767717 0.903543,
        0.352319 -0.767717 0.917786,
        0.354331 -0.767717 0.933071,
        0.310560 -0.767717 0.876028,
        0.324803 -0.767717 0.881928,
        0.337034 -0.767717 0.891313,
        0.265748 -0.767717 0.881928,
        0.279991 -0.767717 0.876028,
        0.295276 -0.767717 0.874016,
        0.238233 -0.767717 0.917786,
        0.244132 -0.767717 0.903543,
        0.253517 -0.767717 0.891313,
        0.244132 -0.767717 0.962598,
        0.238233 -0.767717 0.948356,
        0.236220 -0.767717 0.933071,
        0.265748 -0.767717 0.984214,
        0.253517 -0.767717 0.974829,
        0.269801 -0.728346 0.838000,
        0.246063 -0.728346 0.847832,
        0.225678 -0.728346 0.863474,
        0.210037 -0.728346 0.883858,
        0.200204 -0.728346 0.907596,
        0.196850 -0.728346 0.933071,
        0.200204 -0.728346 0.958545,
        0.210037 -0.728346 0.982283,
        0.225678 -0.728346 1.002668,
        0.246063 -0.728346 1.018309,
        0.269801 -0.728346 1.028142,
        0.295276 -0.728346 1.031496,
        0.320750 -0.728346 1.028142,
        0.344488 -0.728346 1.018309,
        0.364873 -0.728346 1.002668,
        0.380514 -0.728346 0.982283,
        0.390347 -0.728346 0.958545,
        0.393701 -0.728346 0.933071,
        0.390347 -0.728346 0.907596,
        0.380514 -0.728346 0.883858,
        0.364873 -0.728346 0.863474,
        0.344488 -0.728346 0.847832,
        0.320750 -0.728346 0.838000,
        0.295276 -0.728346 0.834646,
      ]
    }
    coordIndex [
      86, 87, 88, -1,
      88, 87, 89, -1,
      88, 89, 90, -1,
      90, 89, 91, -1,
      90, 91, 92, -1,
      92, 91, 93, -1,
      92, 93, 94, -1,
      94, 93, 95, -1,
      94, 95, 96, -1,
      96, 95, 97, -1,
      96, 97, 98, -1,
      98, 97, 99, -1,
      98, 99, 100, -1,
      100, 99, 101, -1,
      100, 101, 102, -1,
      102, 101, 103, -1,
      102, 103, 104, -1,
      104, 103, 105, -1,
      104, 105, 106, -1,
      106, 105, 107, -1,
      106, 107, 108, -1,
      108, 107, 109, -1,
      108, 109, 110, -1,
      110, 109, 111, -1,
      110, 111, 112, -1,
      112, 111, 113, -1,
      112, 113, 114, -1,
      114, 113, 115, -1,
      114, 115, 116, -1,
      116, 115, 117, -1,
      116, 117, 118, -1,
      118, 117, 119, -1,
      118, 119, 120, -1,
      120, 119, 121, -1,
      120, 121, 122, -1,
      122, 121, 123, -1,
      122, 123, 124, -1,
      124, 123, 125, -1,
      124, 125, 126, -1,
      126, 125, 127, -1,
      126, 127, 128, -1,
      128, 127, 129, -1,
      128, 129, 130, -1,
      130, 129, 131, -1,
      130, 131, 132, -1,
      132, 131, 133, -1,
      132, 133, 86, -1,
      86, 133, 87, -1,
      109, 134, 111, -1,
      111, 134, 135, -1,
      111, 135, 113, -1,
      113, 135, 136, -1,
      113, 136, 115, -1,
      115, 136, 137, -1,
      115, 137, 117, -1,
      117, 137, 138, -1,
      117, 138, 119, -1,
      119, 138, 139, -1,
      119, 139, 121, -1,
      121, 139, 140, -1,
      121, 140, 123, -1,
      123, 140, 141, -1,
      123, 141, 125, -1,
      125, 141, 142, -1,
      125, 142, 127, -1,
      127, 142, 143, -1,
      127, 143, 129, -1,
      129, 143, 144, -1,
      129, 144, 131, -1,
      131, 144, 145, -1,
      131, 145, 133, -1,
      133, 145, 146, -1,
      133, 146, 87, -1,
      87, 146, 147, -1,
      87, 147, 89, -1,
      89, 147, 148, -1,
      89, 148, 91, -1,
      91, 148, 149, -1,
      91, 149, 93, -1,
      93, 149, 150, -1,
      93, 150, 95, -1,
      95, 150, 151, -1,
      95, 151, 97, -1,
      97, 151, 152, -1,
      97, 152, 99, -1,
      99, 152, 153, -1,
      99, 153, 101, -1,
      101, 153, 154, -1,
      101, 154, 103, -1,
      103, 154, 155, -1,
      103, 155, 105, -1,
      105, 155, 156, -1,
      105, 156, 107, -1,
      107, 156, 157, -1,
      107, 157, 109, -1,
      109, 157, 134, -1,
      134, 158, 135, -1,
      135, 158, 159, -1,
      135, 159, 136, -1,
      136, 159, 160, -1,
      136, 160, 137, -1,
      137, 160, 161, -1,
      137, 161, 138, -1,
      138, 161, 162, -1,
      138, 162, 139, -1,
      139, 162, 163, -1,
      139, 163, 140, -1,
      140, 163, 164, -1,
      140, 164, 141, -1,
      141, 164, 165, -1,
      141, 165, 142, -1,
      142, 165, 166, -1,
      142, 166, 143, -1,
      143, 166, 167, -1,
      143, 167, 144, -1,
      144, 167, 168, -1,
      144, 168, 145, -1,
      145, 168, 169, -1,
      145, 169, 146, -1,
      146, 169, 170, -1,
      146, 170, 147, -1,
      147, 170, 171, -1,
      147, 171, 148, -1,
      148, 171, 172, -1,
      148, 172, 149, -1,
      149, 172, 173, -1,
      149, 173, 150, -1,
      150, 173, 174, -1,
      150, 174, 151, -1,
      151, 174, 175, -1,
      151, 175, 152, -1,
      152, 175, 176, -1,
      152, 176, 153, -1,
      153, 176, 177, -1,
      153, 177, 154, -1,
      154, 177, 178, -1,
      154, 178, 155, -1,
      155, 178, 179, -1,
      155, 179, 156, -1,
      156, 179, 180, -1,
      156, 180, 157, -1,
      157, 180, 181, -1,
      157, 181, 134, -1,
      134, 181, 158, -1,
      158, 182, 159, -1,
      159, 182, 183, -1,
      159, 183, 160, -1,
      160, 183, 184, -1,
      160, 184, 161, -1,
      161, 184, 185, -1,
      161, 185, 162, -1,
      162, 185, 186, -1,
      162, 186, 163, -1,
      163, 186, 187, -1,
      163, 187, 164, -1,
      164, 187, 188, -1,
      164, 188, 165, -1,
      165, 188, 189, -1,
      165, 189, 166, -1,
      166, 189, 190, -1,
      166, 190, 167, -1,
      167, 190, 191, -1,
      167, 191, 168, -1,
      168, 191, 192, -1,
      168, 192, 169, -1,
      169, 192, 193, -1,
      169, 193, 170, -1,
      170, 193, 194, -1,
      170, 194, 171, -1,
      171, 194, 195, -1,
      171, 195, 172, -1,
      172, 195, 196, -1,
      172, 196, 173, -1,
      173, 196, 197, -1,
      173, 197, 174, -1,
      174, 197, 198, -1,
      174, 198, 175, -1,
      175, 198, 199, -1,
      175, 199, 176, -1,
      176, 199, 200, -1,
      176, 200, 177, -1,
      177, 200, 201, -1,
      177, 201, 178, -1,
      178, 201, 202, -1,
      178, 202, 179, -1,
      179, 202, 203, -1,
      179, 203, 180, -1,
      180, 203, 204, -1,
      180, 204, 181, -1,
      181, 204, 205, -1,
      181, 205, 158, -1,
      158, 205, 182, -1,
      182, 206, 183, -1,
      183, 206, 207, -1,
      183, 207, 184, -1,
      184, 207, 208, -1,
      184, 208, 185, -1,
      185, 208, 209, -1,
      185, 209, 186, -1,
      186, 209, 210, -1,
      186, 210, 187, -1,
      187, 210, 211, -1,
      187, 211, 188, -1,
      188, 211, 212, -1,
      188, 212, 189, -1,
      189, 212, 213, -1,
      189, 213, 190, -1,
      190, 213, 214, -1,
      190, 214, 191, -1,
      191, 214, 215, -1,
      191, 215, 192, -1,
      192, 215, 216, -1,
      192, 216, 193, -1,
      193, 216, 217, -1,
      193, 217, 194, -1,
      194, 217, 218, -1,
      194, 218, 195, -1,
      195, 218, 219, -1,
      195, 219, 196, -1,
      196, 219, 220, -1,
      196, 220, 197, -1,
      197, 220, 221, -1,
      197, 221, 198, -1,
      198, 221, 222, -1,
      198, 222, 199, -1,
      199, 222, 223, -1,
      199, 223, 200, -1,
      200, 223, 224, -1,
      200, 224, 201, -1,
      201, 224, 225, -1,
      201, 225, 202, -1,
      202, 225, 226, -1,
      202, 226, 203, -1,
      203, 226, 227, -1,
      203, 227, 204, -1,
      204, 227, 228, -1,
      204, 228, 205, -1,
      205, 228, 229, -1,
      205, 229, 182, -1,
      182, 229, 206, -1,
      206, 230, 207, -1,
      207, 230, 231, -1,
      207, 231, 208, -1,
      208, 231, 232, -1,
      208, 232, 209, -1,
      209, 232, 233, -1,
      209, 233, 210, -1,
      210, 233, 234, -1,
      210, 234, 211, -1,
      211, 234, 235, -1,
      211, 235, 212, -1,
      212, 235, 236, -1,
      212, 236, 213, -1,
      213, 236, 237, -1,
      213, 237, 214, -1,
      214, 237, 238, -1,
      214, 238, 215, -1,
      215, 238, 239, -1,
      215, 239, 216, -1,
      216, 239, 240, -1,
      216, 240, 217, -1,
      217, 240, 241, -1,
      217, 241, 218, -1,
      218, 241, 242, -1,
      218, 242, 219, -1,
      219, 242, 243, -1,
      219, 243, 220, -1,
      220, 243, 244, -1,
      220, 244, 221, -1,
      221, 244, 245, -1,
      221, 245, 222, -1,
      222, 245, 246, -1,
      222, 246, 223, -1,
      223, 246, 247, -1,
      223, 247, 224, -1,
      224, 247, 248, -1,
      224, 248, 225, -1,
      225, 248, 249, -1,
      225, 249, 226, -1,
      226, 249, 250, -1,
      226, 250, 227, -1,
      227, 250, 251, -1,
      227, 251, 228, -1,
      228, 251, 252, -1,
      228, 252, 229, -1,
      229, 252, 253, -1,
      229, 253, 206, -1,
      206, 253, 230, -1,
      230, 254, 231, -1,
      231, 254, 255, -1,
      231, 255, 232, -1,
      232, 255, 256, -1,
      232, 256, 233, -1,
      233, 256, 257, -1,
      233, 257, 234, -1,
      234, 257, 258, -1,
      234, 258, 235, -1,
      235, 258, 259, -1,
      235, 259, 236, -1,
      236, 259, 260, -1,
      236, 260, 237, -1,
      237, 260, 261, -1,
      237, 261, 238, -1,
      238, 261, 262, -1,
      238, 262, 239, -1,
      239, 262, 263, -1,
      239, 263, 240, -1,
      240, 263, 264, -1,
      240, 264, 241, -1,
      241, 264, 265, -1,
      241, 265, 242, -1,
      242, 265, 266, -1,
      242, 266, 243, -1,
      243, 266, 267, -1,
      243, 267, 244, -1,
      244, 267, 268, -1,
      244, 268, 245, -1,
      245, 268, 269, -1,
      245, 269, 246, -1,
      246, 269, 270, -1,
      246, 270, 247, -1,
      247, 270, 271, -1,
      247, 271, 248, -1,
      248, 271, 272, -1,
      248, 272, 249, -1,
      249, 272, 273, -1,
      249, 273, 250, -1,
      250, 273, 274, -1,
      250, 274, 251, -1,
      251, 274, 275, -1,
      251, 275, 252, -1,
      252, 275, 276, -1,
      252, 276, 253, -1,
      253, 276, 277, -1,
      253, 277, 230, -1,
      230, 277, 254, -1,
      254, 278, 255, -1,
      255, 278, 279, -1,
      255, 279, 256, -1,
      256, 279, 280, -1,
      256, 280, 257, -1,
      257, 280, 281, -1,
      257, 281, 258, -1,
      258, 281, 282, -1,
      258, 282, 259, -1,
      259, 282, 283, -1,
      259, 283, 260, -1,
      260, 283, 284, -1,
      260, 284, 261, -1,
      261, 284, 285, -1,
      261, 285, 262, -1,
      262, 285, 286, -1,
      262, 286, 263, -1,
      263, 286, 287, -1,
      263, 287, 264, -1,
      264, 287, 288, -1,
      264, 288, 265, -1,
      265, 288, 289, -1,
      265, 289, 266, -1,
      266, 289, 290, -1,
      266, 290, 267, -1,
      267, 290, 291, -1,
      267, 291, 268, -1,
      268, 291, 292, -1,
      268, 292, 269, -1,
      269, 292, 293, -1,
      269, 293, 270, -1,
      270, 293, 294, -1,
      270, 294, 271, -1,
      271, 294, 295, -1,
      271, 295, 272, -1,
      272, 295, 296, -1,
      272, 296, 273, -1,
      273, 296, 297, -1,
      273, 297, 274, -1,
      274, 297, 298, -1,
      274, 298, 275, -1,
      275, 298, 299, -1,
      275, 299, 276, -1,
      276, 299, 300, -1,
      276, 300, 277, -1,
      277, 300, 301, -1,
      277, 301, 254, -1,
      254, 301, 278, -1,
      278, 302, 279, -1,
      279, 302, 303, -1,
      279, 303, 280, -1,
      280, 303, 304, -1,
      280, 304, 281, -1,
      281, 304, 305, -1,
      281, 305, 282, -1,
      282, 305, 306, -1,
      282, 306, 283, -1,
      283, 306, 307, -1,
      283, 307, 284, -1,
      284, 307, 308, -1,
      284, 308, 285, -1,
      285, 308, 309, -1,
      285, 309, 286, -1,
      286, 309, 310, -1,
      286, 310, 287, -1,
      287, 310, 311, -1,
      287, 311, 288, -1,
      288, 311, 312, -1,
      288, 312, 289, -1,
      289, 312, 313, -1,
      289, 313, 290, -1,
      290, 313, 314, -1,
      290, 314, 291, -1,
      291, 314, 315, -1,
      291, 315, 292, -1,
      292, 315, 316, -1,
      292, 316, 293, -1,
      293, 316, 317, -1,
      293, 317, 294, -1,
      294, 317, 318, -1,
      294, 318, 295, -1,
      295, 318, 319, -1,
      295, 319, 296, -1,
      296, 319, 320, -1,
      296, 320, 297, -1,
      297, 320, 321, -1,
      297, 321, 298, -1,
      298, 321, 322, -1,
      298, 322, 299, -1,
      299, 322, 323, -1,
      299, 323, 300, -1,
      300, 323, 324, -1,
      300, 324, 301, -1,
      301, 324, 325, -1,
      301, 325, 278, -1,
      278, 325, 302, -1,
      81, 52, 319, -1,
      319, 318, 81, -1,
      81, 318, 317, -1,
      81, 317, 82, -1,
      82, 317, 316, -1,
      82, 316, 83, -1,
      83, 316, 315, -1,
      83, 315, 84, -1,
      84, 315, 314, -1,
      84, 314, 85, -1,
      85, 314, 313, -1,
      85, 313, 77, -1,
      77, 313, 312, -1,
      77, 312, 78, -1,
      78, 312, 311, -1,
      78, 311, 80, -1,
      80, 311, 310, -1,
      80, 310, 79, -1,
      79, 310, 31, -1,
      31, 310, 309, -1,
      31, 309, 11, -1,
      326, 308, 307, -1,
      306, 327, 307, -1,
      307, 327, 328, -1,
      307, 328, 326, -1,
      305, 329, 306, -1,
      306, 329, 330, -1,
      306, 330, 327, -1,
      304, 331, 305, -1,
      305, 331, 332, -1,
      305, 332, 329, -1,
      303, 333, 304, -1,
      304, 333, 334, -1,
      304, 334, 331, -1,
      335, 336, 302, -1,
      302, 336, 337, -1,
      302, 337, 303, -1,
      303, 337, 338, -1,
      303, 338, 333, -1,
      335, 302, 339, -1,
      339, 302, 325, -1,
      339, 325, 340, -1,
      340, 325, 341, -1,
      341, 325, 324, -1,
      341, 324, 342, -1,
      342, 324, 343, -1,
      343, 324, 323, -1,
      343, 323, 344, -1,
      344, 323, 322, -1,
      344, 322, 345, -1,
      345, 322, 346, -1,
      346, 322, 321, -1,
      346, 321, 347, -1,
      347, 321, 348, -1,
      348, 321, 320, -1,
      348, 320, 349, -1,
      349, 320, 350, -1,
      350, 320, 319, -1,
      350, 319, 351, -1,
      351, 319, 52, -1,
      351, 52, 51, -1,
      326, 352, 308, -1,
      308, 352, 353, -1,
      308, 353, 309, -1,
      309, 353, 354, -1,
      309, 354, 11, -1,
      49, 48, 355, -1,
      17, 356, 18, -1,
      33, 32, 357, -1,
      11, 354, 12, -1,
      12, 354, 358, -1,
      12, 358, 13, -1,
      18, 356, 19, -1,
      19, 356, 359, -1,
      19, 359, 20, -1,
      360, 22, 21, -1,
      22, 360, 23, -1,
      23, 360, 361, -1,
      23, 361, 7, -1,
      362, 10, 363, -1,
      363, 10, 9, -1,
      363, 9, 8, -1,
      5, 3, 364, -1,
      364, 3, 2, -1,
      364, 2, 362, -1,
      362, 2, 4, -1,
      362, 4, 10, -1,
      5, 364, 6, -1,
      6, 364, 365, -1,
      6, 365, 0, -1,
      0, 365, 1, -1,
      1, 365, 366, -1,
      1, 366, 14, -1,
      14, 366, 15, -1,
      15, 366, 367, -1,
      15, 367, 16, -1,
      368, 25, 367, -1,
      367, 25, 24, -1,
      367, 24, 16, -1,
      369, 27, 368, -1,
      368, 27, 26, -1,
      368, 26, 25, -1,
      35, 30, 370, -1,
      370, 30, 29, -1,
      370, 29, 369, -1,
      369, 29, 28, -1,
      369, 28, 27, -1,
      34, 38, 371, -1,
      371, 38, 41, -1,
      371, 41, 372, -1,
      372, 41, 40, -1,
      40, 39, 372, -1,
      372, 39, 37, -1,
      372, 37, 370, -1,
      370, 37, 36, -1,
      370, 36, 35, -1,
      42, 47, 373, -1,
      373, 47, 46, -1,
      373, 46, 374, -1,
      45, 44, 375, -1,
      375, 44, 43, -1,
      375, 43, 376, -1,
      51, 50, 351, -1,
      351, 50, 377, -1,
      378, 349, 377, -1,
      377, 349, 350, -1,
      377, 350, 351, -1,
      379, 347, 378, -1,
      378, 347, 348, -1,
      378, 348, 349, -1,
      380, 345, 379, -1,
      379, 345, 346, -1,
      379, 346, 347, -1,
      381, 343, 380, -1,
      380, 343, 344, -1,
      380, 344, 345, -1,
      382, 341, 381, -1,
      381, 341, 342, -1,
      381, 342, 343, -1,
      383, 339, 382, -1,
      382, 339, 340, -1,
      382, 340, 341, -1,
      384, 338, 385, -1,
      385, 338, 337, -1,
      385, 337, 386, -1,
      386, 337, 336, -1,
      386, 336, 383, -1,
      383, 336, 335, -1,
      383, 335, 339, -1,
      387, 334, 384, -1,
      384, 334, 333, -1,
      384, 333, 338, -1,
      388, 332, 387, -1,
      387, 332, 331, -1,
      387, 331, 334, -1,
      389, 330, 388, -1,
      388, 330, 329, -1,
      388, 329, 332, -1,
      46, 34, 374, -1,
      374, 34, 371, -1,
      374, 371, 390, -1,
      390, 371, 372, -1,
      390, 372, 391, -1,
      391, 372, 370, -1,
      391, 370, 392, -1,
      392, 370, 369, -1,
      392, 369, 393, -1,
      393, 369, 368, -1,
      393, 368, 394, -1,
      394, 368, 367, -1,
      394, 367, 395, -1,
      395, 367, 366, -1,
      395, 366, 396, -1,
      396, 366, 365, -1,
      396, 365, 397, -1,
      397, 365, 364, -1,
      397, 364, 398, -1,
      398, 364, 362, -1,
      398, 362, 361, -1,
      361, 362, 363, -1,
      361, 363, 7, -1,
      7, 363, 8, -1,
      399, 328, 389, -1,
      389, 328, 327, -1,
      389, 327, 330, -1,
      43, 42, 376, -1,
      376, 42, 373, -1,
      376, 373, 400, -1,
      400, 373, 374, -1,
      400, 374, 401, -1,
      401, 374, 390, -1,
      401, 390, 402, -1,
      402, 390, 391, -1,
      402, 391, 403, -1,
      403, 391, 392, -1,
      403, 392, 404, -1,
      404, 392, 393, -1,
      404, 393, 405, -1,
      405, 393, 394, -1,
      405, 394, 406, -1,
      406, 394, 395, -1,
      406, 395, 407, -1,
      407, 395, 396, -1,
      407, 396, 408, -1,
      408, 396, 397, -1,
      408, 397, 409, -1,
      409, 397, 398, -1,
      409, 398, 410, -1,
      410, 398, 361, -1,
      410, 361, 359, -1,
      359, 361, 360, -1,
      359, 360, 20, -1,
      20, 360, 21, -1,
      354, 353, 358, -1,
      358, 353, 352, -1,
      358, 352, 399, -1,
      399, 352, 326, -1,
      399, 326, 328, -1,
      50, 49, 377, -1,
      377, 49, 355, -1,
      377, 355, 378, -1,
      378, 355, 411, -1,
      378, 411, 379, -1,
      379, 411, 412, -1,
      379, 412, 380, -1,
      380, 412, 413, -1,
      380, 413, 381, -1,
      381, 413, 414, -1,
      381, 414, 382, -1,
      382, 414, 415, -1,
      382, 415, 383, -1,
      383, 415, 416, -1,
      383, 416, 386, -1,
      386, 416, 417, -1,
      386, 417, 385, -1,
      385, 417, 418, -1,
      385, 418, 384, -1,
      384, 418, 419, -1,
      384, 419, 387, -1,
      387, 419, 420, -1,
      387, 420, 388, -1,
      388, 420, 421, -1,
      388, 421, 389, -1,
      389, 421, 422, -1,
      389, 422, 399, -1,
      399, 422, 423, -1,
      399, 423, 358, -1,
      358, 423, 357, -1,
      358, 357, 13, -1,
      13, 357, 32, -1,
      48, 45, 355, -1,
      355, 45, 375, -1,
      355, 375, 411, -1,
      411, 375, 376, -1,
      411, 376, 412, -1,
      412, 376, 400, -1,
      412, 400, 413, -1,
      413, 400, 401, -1,
      413, 401, 414, -1,
      414, 401, 402, -1,
      414, 402, 415, -1,
      415, 402, 403, -1,
      415, 403, 416, -1,
      416, 403, 404, -1,
      416, 404, 417, -1,
      417, 404, 405, -1,
      417, 405, 418, -1,
      418, 405, 406, -1,
      418, 406, 419, -1,
      419, 406, 407, -1,
      419, 407, 420, -1,
      420, 407, 408, -1,
      420, 408, 421, -1,
      421, 408, 409, -1,
      421, 409, 422, -1,
      422, 409, 410, -1,
      422, 410, 423, -1,
      423, 410, 359, -1,
      423, 359, 357, -1,
      357, 359, 356, -1,
      357, 356, 33, -1,
      33, 356, 17, -1,
      424, 425, 426, -1,
      426, 425, 427, -1,
      426, 427, 428, -1,
      429, 430, 426, -1,
      426, 430, 431, -1,
      426, 431, 424, -1,
      432, 433, 426, -1,
      426, 433, 434, -1,
      426, 434, 429, -1,
      435, 436, 426, -1,
      426, 436, 437, -1,
      426, 437, 432, -1,
      438, 439, 426, -1,
      426, 439, 440, -1,
      426, 440, 435, -1,
      441, 442, 426, -1,
      426, 442, 443, -1,
      426, 443, 438, -1,
      444, 445, 426, -1,
      426, 445, 446, -1,
      426, 446, 441, -1,
      428, 447, 426, -1,
      426, 447, 448, -1,
      426, 448, 444, -1,
      449, 450, 451, -1,
      451, 450, 452, -1,
      451, 452, 453, -1,
      454, 455, 451, -1,
      451, 455, 456, -1,
      451, 456, 449, -1,
      457, 458, 451, -1,
      451, 458, 459, -1,
      451, 459, 454, -1,
      460, 461, 451, -1,
      451, 461, 462, -1,
      451, 462, 457, -1,
      463, 464, 451, -1,
      451, 464, 465, -1,
      451, 465, 460, -1,
      466, 467, 451, -1,
      451, 467, 468, -1,
      451, 468, 463, -1,
      469, 470, 451, -1,
      451, 470, 471, -1,
      451, 471, 466, -1,
      453, 472, 451, -1,
      451, 472, 473, -1,
      451, 473, 469, -1,
      72, 474, 68, -1,
      68, 474, 475, -1,
      68, 475, 69, -1,
      69, 475, 476, -1,
      69, 476, 70, -1,
      70, 476, 477, -1,
      70, 477, 71, -1,
      71, 477, 478, -1,
      71, 478, 73, -1,
      73, 478, 479, -1,
      73, 479, 74, -1,
      74, 479, 480, -1,
      74, 480, 75, -1,
      75, 480, 481, -1,
      75, 481, 76, -1,
      76, 481, 482, -1,
      76, 482, 59, -1,
      59, 482, 483, -1,
      59, 483, 53, -1,
      53, 483, 484, -1,
      53, 484, 60, -1,
      60, 484, 485, -1,
      60, 485, 61, -1,
      61, 485, 486, -1,
      61, 486, 62, -1,
      62, 486, 487, -1,
      62, 487, 56, -1,
      56, 487, 488, -1,
      56, 488, 55, -1,
      55, 488, 489, -1,
      55, 489, 54, -1,
      54, 489, 490, -1,
      54, 490, 63, -1,
      63, 490, 491, -1,
      63, 491, 64, -1,
      64, 491, 492, -1,
      64, 492, 65, -1,
      65, 492, 493, -1,
      65, 493, 66, -1,
      66, 493, 494, -1,
      66, 494, 67, -1,
      67, 494, 495, -1,
      67, 495, 57, -1,
      57, 495, 496, -1,
      57, 496, 58, -1,
      58, 496, 497, -1,
      58, 497, 72, -1,
      72, 497, 474, -1,
      497, 464, 474, -1,
      474, 464, 463, -1,
      474, 463, 475, -1,
      475, 463, 468, -1,
      475, 468, 476, -1,
      476, 468, 467, -1,
      476, 467, 477, -1,
      477, 467, 466, -1,
      477, 466, 478, -1,
      478, 466, 471, -1,
      478, 471, 479, -1,
      479, 471, 470, -1,
      479, 470, 480, -1,
      480, 470, 469, -1,
      480, 469, 481, -1,
      481, 469, 473, -1,
      481, 473, 482, -1,
      482, 473, 472, -1,
      482, 472, 483, -1,
      483, 472, 453, -1,
      483, 453, 484, -1,
      484, 453, 452, -1,
      484, 452, 485, -1,
      485, 452, 450, -1,
      485, 450, 486, -1,
      486, 450, 449, -1,
      486, 449, 487, -1,
      487, 449, 456, -1,
      487, 456, 488, -1,
      488, 456, 455, -1,
      488, 455, 489, -1,
      489, 455, 454, -1,
      489, 454, 490, -1,
      490, 454, 459, -1,
      490, 459, 491, -1,
      491, 459, 458, -1,
      491, 458, 492, -1,
      492, 458, 457, -1,
      492, 457, 493, -1,
      493, 457, 462, -1,
      493, 462, 494, -1,
      494, 462, 461, -1,
      494, 461, 495, -1,
      495, 461, 460, -1,
      495, 460, 496, -1,
      496, 460, 465, -1,
      496, 465, 497, -1,
      497, 465, 464, -1,
      110, 425, 108, -1,
      108, 425, 424, -1,
      108, 424, 106, -1,
      106, 424, 431, -1,
      106, 431, 104, -1,
      104, 431, 430, -1,
      104, 430, 102, -1,
      102, 430, 429, -1,
      102, 429, 100, -1,
      100, 429, 434, -1,
      100, 434, 98, -1,
      98, 434, 433, -1,
      98, 433, 96, -1,
      96, 433, 432, -1,
      96, 432, 94, -1,
      94, 432, 437, -1,
      94, 437, 92, -1,
      92, 437, 436, -1,
      92, 436, 90, -1,
      90, 436, 435, -1,
      90, 435, 88, -1,
      88, 435, 440, -1,
      88, 440, 86, -1,
      86, 440, 439, -1,
      86, 439, 132, -1,
      132, 439, 438, -1,
      132, 438, 130, -1,
      130, 438, 443, -1,
      130, 443, 128, -1,
      128, 443, 442, -1,
      128, 442, 126, -1,
      126, 442, 441, -1,
      126, 441, 124, -1,
      124, 441, 446, -1,
      124, 446, 122, -1,
      122, 446, 445, -1,
      122, 445, 120, -1,
      120, 445, 444, -1,
      120, 444, 118, -1,
      118, 444, 448, -1,
      118, 448, 116, -1,
      116, 448, 447, -1,
      116, 447, 114, -1,
      114, 447, 428, -1,
      114, 428, 112, -1,
      112, 428, 427, -1,
      112, 427, 110, -1,
      110, 427, 425, -1,
    ]
  }
}

Shape {
  appearance Appearance {
    material Material {
      diffuseColor 1.0000 0.9961 0.9373
      specularColor 0.3020 0.2980 0.2824
      ambientIntensity 0.2
      transparency 0.0000
      shininess 0.5
    }
  }
  geometry IndexedFaceSet {
    ccw TRUE
    solid FALSE
    coord DEF co Coordinate {
      point [
        -0.413386 0.570866 0.196850,
        -0.385484 0.570866 0.196850,
        -0.205067 0.570866 0.196850,
        -0.177165 0.570866 0.196850,
        -0.413386 0.688976 0.000000,
        -0.413386 0.688976 0.196850,
        -0.177165 0.688976 0.196850,
        -0.177165 0.688976 0.000000,
        -0.177165 0.374016 0.000000,
        -0.413386 0.374016 0.000000,
        -0.413386 0.374016 0.196850,
        -0.177165 0.374016 0.196850,
        -0.380514 0.561024 0.196850,
        -0.364873 0.540639 0.196850,
        -0.269801 0.515165 0.196850,
        -0.246063 0.524998 0.196850,
        -0.210037 0.561024 0.196850,
        -0.225678 0.540639 0.196850,
        -0.344488 0.524998 0.196850,
        -0.320750 0.515165 0.196850,
        -0.295276 0.511811 0.196850,
      ]
    }
    coordIndex [
      10, 9, 0, -1,
      0, 9, 4, -1,
      0, 4, 5, -1,
      10, 11, 9, -1,
      9, 11, 8, -1,
      8, 11, 7, -1,
      7, 11, 3, -1,
      7, 3, 6, -1,
      0, 1, 10, -1,
      10, 1, 12, -1,
      10, 12, 13, -1,
      14, 15, 11, -1,
      2, 3, 16, -1,
      16, 3, 11, -1,
      16, 11, 17, -1,
      17, 11, 15, -1,
      13, 18, 10, -1,
      10, 18, 19, -1,
      10, 19, 11, -1,
      11, 19, 20, -1,
      11, 20, 14, -1,
    ]
  }
}

Shape {
  appearance Appearance {
    material Material {
      diffuseColor 0.7529 0.7529 0.7529
      specularColor 0.3765 0.3765 0.3765
      ambientIntensity 0.2
      transparency 0.0000
      shininess 0.5
    }
  }
  geometry IndexedFaceSet {
    ccw TRUE
    solid FALSE
    coord DEF co Coordinate {
      point [
        -0.215792 0.570866 0.972544,
        -0.226463 0.570866 0.986208,
        -0.248116 0.570866 1.003273,
        -0.255002 0.570866 1.007393,
        -0.270902 0.570866 1.013204,
        -0.228129 0.570866 0.987685,
        -0.240756 0.570866 0.998869,
        -0.325969 0.570866 1.011394,
        -0.319650 0.570866 1.013157,
        -0.313889 0.570866 1.014765,
        -0.272618 0.570866 1.013832,
        -0.286185 0.570866 1.016220,
        -0.295276 0.570866 1.016672,
        -0.343069 0.570866 1.003318,
        -0.353186 0.570866 0.996299,
        -0.362274 0.570866 0.987490,
        -0.393090 0.570866 0.911065,
        -0.393519 0.570866 0.896783,
        -0.393554 0.570866 0.895640,
        -0.391464 0.570866 0.875081,
        -0.367120 0.570866 0.982792,
        -0.374539 0.570866 0.972880,
        -0.377933 0.570866 0.966476,
        -0.384082 0.570866 0.954872,
        -0.388472 0.570866 0.942355,
        -0.388710 0.570866 0.941128,
        -0.201277 0.570866 0.939046,
        -0.201507 0.570866 0.940307,
        -0.201800 0.570866 0.941165,
        -0.389078 0.570866 0.939234,
        -0.392824 0.570866 0.919934,
        -0.390931 0.570866 0.869839,
        -0.390228 0.570866 0.862915,
        -0.388432 0.570866 0.849032,
        -0.386318 0.570866 0.832683,
        -0.386241 0.570866 0.831036,
        -0.385484 0.570866 0.814961,
        -0.385484 0.570866 0.196850,
        -0.206512 0.570866 0.954976,
        -0.212597 0.570866 0.966496,
        -0.197022 0.570866 0.910657,
        -0.197087 0.570866 0.911533,
        -0.197649 0.570866 0.919185,
        -0.198859 0.570866 0.875564,
        -0.197341 0.570866 0.897413,
        -0.197626 0.570866 0.885597,
        -0.205067 0.570866 0.814961,
        -0.204649 0.570866 0.827370,
        -0.204202 0.570866 0.831141,
        -0.202085 0.570866 0.848979,
        -0.205067 0.570866 0.196850,
        -0.200945 0.570866 0.858582,
        -0.199560 0.570866 0.869858,
        -0.246063 0.098425 1.018309,
        -0.269801 0.098425 1.028142,
        -0.295276 0.098425 1.031496,
        -0.210037 0.098425 0.883858,
        -0.225678 0.098425 0.863474,
        -0.225678 0.098425 1.002668,
        -0.210037 0.098425 0.982283,
        -0.196850 0.098425 0.933071,
        -0.200204 0.098425 0.907596,
        -0.364873 0.098425 1.002668,
        -0.344488 0.098425 1.018309,
        -0.380514 0.098425 0.883858,
        -0.390347 0.098425 0.907596,
        -0.320750 0.098425 1.028142,
        -0.246063 0.098425 0.847832,
        -0.269801 0.098425 0.838000,
        -0.295276 0.098425 0.834646,
        -0.320750 0.098425 0.838000,
        -0.344488 0.098425 0.847832,
        -0.364873 0.098425 0.863474,
        -0.393701 0.098425 0.933071,
        -0.390347 0.098425 0.958545,
        -0.380514 0.098425 0.982283,
        -0.200204 0.098425 0.958545,
        -0.380514 0.561024 0.196850,
        -0.364873 0.540639 0.196850,
        -0.269801 0.515165 0.196850,
        -0.246063 0.524998 0.196850,
        -0.210037 0.561024 0.196850,
        -0.225678 0.540639 0.196850,
        -0.344488 0.524998 0.196850,
        -0.320750 0.515165 0.196850,
        -0.295276 0.511811 0.196850,
        -0.295276 1.240157 -0.039370,
        -0.320750 0.728346 -0.036016,
        -0.320750 1.240157 -0.036016,
        -0.344488 0.728346 -0.026183,
        -0.344488 1.240157 -0.026183,
        -0.364873 0.728346 -0.010542,
        -0.364873 1.240157 -0.010542,
        -0.380514 0.728346 0.009843,
        -0.380514 1.240157 0.009843,
        -0.390347 0.728346 0.033581,
        -0.390347 1.240157 0.033581,
        -0.393701 0.728346 0.059055,
        -0.393701 1.240157 0.059055,
        -0.390347 0.728346 0.084530,
        -0.390347 1.240157 0.084530,
        -0.380514 0.728346 0.108268,
        -0.380514 1.240157 0.108268,
        -0.364873 0.728346 0.128652,
        -0.364873 1.240157 0.128652,
        -0.344488 0.728346 0.144294,
        -0.344488 1.240157 0.144294,
        -0.320750 0.728346 0.154126,
        -0.320750 1.240157 0.154126,
        -0.295276 0.728346 0.157480,
        -0.295276 1.240157 0.157480,
        -0.269801 0.728346 0.154126,
        -0.269801 1.240157 0.154126,
        -0.246063 0.728346 0.144294,
        -0.246063 1.240157 0.144294,
        -0.225678 0.728346 0.128652,
        -0.225678 1.240157 0.128652,
        -0.210037 0.728346 0.108268,
        -0.210037 1.240157 0.108268,
        -0.200204 0.728346 0.084530,
        -0.200204 1.240157 0.084530,
        -0.196850 0.728346 0.059055,
        -0.196850 1.240157 0.059055,
        -0.200204 0.728346 0.033581,
        -0.200204 1.240157 0.033581,
        -0.210037 0.728346 0.009843,
        -0.210037 1.240157 0.009843,
        -0.225678 0.728346 -0.010542,
        -0.225678 1.240157 -0.010542,
        -0.246063 0.728346 -0.026183,
        -0.246063 1.240157 -0.026183,
        -0.269801 0.728346 -0.036016,
        -0.269801 1.240157 -0.036016,
        -0.295276 0.728346 -0.039370,
        -0.295276 0.724506 0.157859,
        -0.269801 0.723852 0.154569,
        -0.246063 0.721933 0.144926,
        -0.225678 0.718882 0.129584,
        -0.210037 0.714905 0.109592,
        -0.200204 0.710274 0.086309,
        -0.196850 0.705304 0.061324,
        -0.200204 0.700335 0.036340,
        -0.210037 0.695704 0.013057,
        -0.225678 0.691726 -0.006935,
        -0.246063 0.688675 -0.022276,
        -0.269801 0.686757 -0.031920,
        -0.295276 0.686102 -0.035209,
        -0.320750 0.686757 -0.031920,
        -0.344488 0.688675 -0.022276,
        -0.364873 0.691726 -0.006935,
        -0.380514 0.695704 0.013057,
        -0.390347 0.700335 0.036340,
        -0.393701 0.705304 0.061324,
        -0.390347 0.710274 0.086309,
        -0.380514 0.714905 0.109592,
        -0.364873 0.718882 0.129584,
        -0.344488 0.721933 0.144926,
        -0.320750 0.723852 0.154569,
        -0.295276 0.720813 0.158979,
        -0.269801 0.719530 0.155880,
        -0.246063 0.715767 0.146796,
        -0.225678 0.709781 0.132345,
        -0.210037 0.701981 0.113512,
        -0.200204 0.692896 0.091581,
        -0.196850 0.683148 0.068046,
        -0.200204 0.673399 0.044511,
        -0.210037 0.664315 0.022579,
        -0.225678 0.656514 0.003746,
        -0.246063 0.650528 -0.010705,
        -0.269801 0.646765 -0.019789,
        -0.295276 0.645482 -0.022887,
        -0.320750 0.646765 -0.019789,
        -0.344488 0.650528 -0.010705,
        -0.364873 0.656514 0.003746,
        -0.380514 0.664315 0.022579,
        -0.390347 0.673399 0.044511,
        -0.393701 0.683148 0.068046,
        -0.390347 0.692896 0.091581,
        -0.380514 0.701981 0.113512,
        -0.364873 0.709781 0.132345,
        -0.344488 0.715767 0.146796,
        -0.320750 0.719530 0.155880,
        -0.295276 0.717410 0.160798,
        -0.269801 0.715547 0.158009,
        -0.246063 0.710084 0.149834,
        -0.225678 0.701394 0.136828,
        -0.210037 0.690069 0.119879,
        -0.200204 0.676881 0.100141,
        -0.196850 0.662728 0.078960,
        -0.200204 0.648575 0.057779,
        -0.210037 0.635387 0.038041,
        -0.225678 0.624062 0.021093,
        -0.246063 0.615372 0.008087,
        -0.269801 0.609909 -0.000089,
        -0.295276 0.608046 -0.002877,
        -0.320750 0.609909 -0.000089,
        -0.344488 0.615372 0.008087,
        -0.364873 0.624062 0.021093,
        -0.380514 0.635387 0.038041,
        -0.390347 0.648575 0.057779,
        -0.393701 0.662728 0.078960,
        -0.390347 0.676881 0.100141,
        -0.380514 0.690069 0.119879,
        -0.364873 0.701394 0.136828,
        -0.344488 0.710084 0.149834,
        -0.320750 0.715547 0.158009,
        -0.295276 0.714427 0.163246,
        -0.269801 0.712056 0.160874,
        -0.246063 0.705103 0.153922,
        -0.225678 0.694043 0.142861,
        -0.210037 0.679628 0.128447,
        -0.200204 0.662843 0.111662,
        -0.196850 0.644830 0.093649,
        -0.200204 0.626817 0.075636,
        -0.210037 0.610031 0.058850,
        -0.225678 0.595617 0.044436,
        -0.246063 0.584557 0.033376,
        -0.269801 0.577604 0.026423,
        -0.295276 0.575233 0.024052,
        -0.320750 0.577604 0.026423,
        -0.344488 0.584557 0.033376,
        -0.364873 0.595617 0.044436,
        -0.380514 0.610031 0.058850,
        -0.390347 0.626817 0.075636,
        -0.393701 0.644830 0.093649,
        -0.390347 0.662843 0.111662,
        -0.380514 0.679628 0.128447,
        -0.364873 0.694043 0.142861,
        -0.344488 0.705103 0.153922,
        -0.320750 0.712056 0.160874,
        -0.295276 0.711979 0.166229,
        -0.269801 0.709191 0.164366,
        -0.246063 0.701015 0.158903,
        -0.225678 0.688009 0.150213,
        -0.210037 0.671060 0.138888,
        -0.200204 0.651322 0.125700,
        -0.196850 0.630141 0.111547,
        -0.200204 0.608960 0.097394,
        -0.210037 0.589222 0.084206,
        -0.225678 0.572274 0.072881,
        -0.246063 0.559268 0.064191,
        -0.269801 0.551093 0.058728,
        -0.295276 0.548304 0.056865,
        -0.320750 0.551093 0.058728,
        -0.344488 0.559268 0.064191,
        -0.364873 0.572274 0.072881,
        -0.380514 0.589222 0.084206,
        -0.390347 0.608960 0.097394,
        -0.393701 0.630141 0.111547,
        -0.390347 0.651322 0.125700,
        -0.380514 0.671060 0.138888,
        -0.364873 0.688009 0.150213,
        -0.344488 0.701015 0.158903,
        -0.320750 0.709191 0.164366,
        -0.295276 0.710160 0.169632,
        -0.269801 0.707061 0.168349,
        -0.246063 0.697977 0.164586,
        -0.225678 0.683526 0.158600,
        -0.210037 0.664693 0.150799,
        -0.200204 0.642762 0.141715,
        -0.196850 0.619227 0.131967,
        -0.200204 0.595692 0.122218,
        -0.210037 0.573760 0.113134,
        -0.225678 0.554928 0.105333,
        -0.246063 0.540476 0.099347,
        -0.269801 0.531392 0.095584,
        -0.295276 0.528294 0.094301,
        -0.320750 0.531392 0.095584,
        -0.344488 0.540476 0.099347,
        -0.364873 0.554928 0.105333,
        -0.380514 0.573760 0.113134,
        -0.390347 0.595692 0.122218,
        -0.393701 0.619227 0.131967,
        -0.390347 0.642762 0.141715,
        -0.380514 0.664693 0.150799,
        -0.364873 0.683526 0.158600,
        -0.344488 0.697977 0.164586,
        -0.320750 0.707061 0.168349,
        -0.295276 0.709040 0.173325,
        -0.269801 0.705750 0.172671,
        -0.246063 0.696107 0.170752,
        -0.225678 0.680765 0.167701,
        -0.210037 0.660773 0.163724,
        -0.200204 0.637491 0.159093,
        -0.196850 0.612506 0.154123,
        -0.200204 0.587521 0.149154,
        -0.210037 0.564239 0.144522,
        -0.225678 0.544246 0.140545,
        -0.246063 0.528905 0.137494,
        -0.269801 0.519261 0.135576,
        -0.295276 0.515972 0.134921,
        -0.320750 0.519261 0.135576,
        -0.344488 0.528905 0.137494,
        -0.364873 0.544246 0.140545,
        -0.380514 0.564239 0.144522,
        -0.390347 0.587521 0.149154,
        -0.393701 0.612506 0.154123,
        -0.390347 0.637491 0.159093,
        -0.380514 0.660773 0.163724,
        -0.364873 0.680765 0.167701,
        -0.344488 0.696107 0.170752,
        -0.320750 0.705750 0.172671,
        -0.295276 0.708661 0.177165,
        -0.269801 0.705307 0.177165,
        -0.246063 0.695475 0.177165,
        -0.225678 0.679833 0.177165,
        -0.210037 0.659449 0.177165,
        -0.200204 0.635711 0.177165,
        -0.196850 0.610236 0.177165,
        -0.200204 0.584762 0.177165,
        -0.210037 0.561024 0.177165,
        -0.225678 0.540639 0.177165,
        -0.246063 0.524998 0.177165,
        -0.269801 0.515165 0.177165,
        -0.295276 0.511811 0.177165,
        -0.320750 0.515165 0.177165,
        -0.344488 0.524998 0.177165,
        -0.364873 0.540639 0.177165,
        -0.380514 0.561024 0.177165,
        -0.390347 0.584762 0.177165,
        -0.393701 0.610236 0.177165,
        -0.390347 0.635711 0.177165,
        -0.380514 0.659449 0.177165,
        -0.364873 0.679833 0.177165,
        -0.344488 0.695475 0.177165,
        -0.320750 0.705307 0.177165,
        -0.197066 0.616749 0.814961,
        -0.201754 0.640915 0.814961,
        -0.200725 0.635609 0.814961,
        -0.212292 0.663163 0.814961,
        -0.210442 0.659257 0.814961,
        -0.228020 0.682099 0.814961,
        -0.225951 0.679607 0.814961,
        -0.247956 0.696540 0.814961,
        -0.246208 0.695274 0.814961,
        -0.319699 0.705583 0.814961,
        -0.295276 0.708661 0.814961,
        -0.270852 0.705583 0.814961,
        -0.269849 0.705187 0.814961,
        -0.320702 0.705187 0.814961,
        -0.342595 0.696540 0.814961,
        -0.344343 0.695274 0.814961,
        -0.362531 0.682099 0.814961,
        -0.364600 0.679607 0.814961,
        -0.378259 0.663163 0.814961,
        -0.380109 0.659257 0.814961,
        -0.388797 0.640915 0.814961,
        -0.389826 0.635609 0.814961,
        -0.393485 0.616749 0.814961,
        -0.393102 0.610272 0.814961,
        -0.392030 0.592176 0.814961,
        -0.389804 0.584929 0.814961,
        -0.197450 0.610272 0.814961,
        -0.198522 0.592176 0.814961,
        -0.200748 0.584929 0.814961,
        -0.392030 0.584202 0.854100,
        -0.198522 0.574536 0.871693,
        -0.198522 0.584202 0.854100,
        -0.198522 0.590162 0.834932,
        -0.197066 0.594777 0.885627,
        -0.197066 0.578604 0.904696,
        -0.201754 0.595374 0.922097,
        -0.212292 0.583839 0.959330,
        -0.201754 0.571909 0.940551,
        -0.228020 0.593993 0.975313,
        -0.247956 0.601736 0.987503,
        -0.270852 0.606585 0.995136,
        -0.295276 0.608235 0.997734,
        -0.319699 0.606585 0.995136,
        -0.342595 0.601736 0.987503,
        -0.362531 0.593993 0.975313,
        -0.388797 0.571909 0.940551,
        -0.378259 0.583839 0.959330,
        -0.393485 0.578604 0.904696,
        -0.388797 0.595374 0.922097,
        -0.392030 0.574536 0.871693,
        -0.393485 0.594777 0.885627,
        -0.392030 0.590162 0.834932,
        -0.393485 0.614241 0.839838,
        -0.388797 0.637921 0.844662,
        -0.378259 0.659720 0.849103,
        -0.362531 0.678276 0.852883,
        -0.342595 0.692426 0.855766,
        -0.319699 0.701287 0.857571,
        -0.247956 0.692426 0.855766,
        -0.270852 0.701287 0.857571,
        -0.295276 0.704303 0.858185,
        -0.228020 0.678276 0.852883,
        -0.212292 0.659720 0.849103,
        -0.201754 0.637921 0.844662,
        -0.378259 0.610811 0.938116,
        -0.362531 0.623952 0.951752,
        -0.342595 0.633973 0.962150,
        -0.319699 0.640248 0.968661,
        -0.295276 0.642384 0.970878,
        -0.270852 0.640248 0.968661,
        -0.247956 0.633973 0.962150,
        -0.228020 0.623952 0.951752,
        -0.212292 0.610811 0.938116,
        -0.197066 0.614241 0.839838,
        -0.388797 0.614682 0.899330,
        -0.378259 0.633007 0.911946,
        -0.362531 0.648605 0.922683,
        -0.342595 0.660500 0.930872,
        -0.319699 0.667948 0.936000,
        -0.295276 0.670484 0.937745,
        -0.270852 0.667948 0.936000,
        -0.247956 0.660500 0.930872,
        -0.228020 0.648605 0.922683,
        -0.212292 0.633007 0.911946,
        -0.201754 0.614682 0.899330,
        -0.393485 0.606817 0.863714,
        -0.388797 0.629057 0.873168,
        -0.378259 0.649532 0.881871,
        -0.362531 0.666959 0.889279,
        -0.342595 0.680249 0.894928,
        -0.319699 0.688571 0.898466,
        -0.295276 0.691404 0.899670,
        -0.270852 0.688571 0.898466,
        -0.247956 0.680249 0.894928,
        -0.228020 0.666959 0.889279,
        -0.212292 0.649532 0.881871,
        -0.201754 0.629057 0.873168,
        -0.197066 0.606817 0.863714,
        -0.324803 1.279528 0.110198,
        -0.310560 1.279528 0.116098,
        -0.295276 1.279528 0.059055,
        -0.295276 1.279528 0.118110,
        -0.279991 1.279528 0.116098,
        -0.352319 1.279528 0.074340,
        -0.346419 1.279528 0.088583,
        -0.337034 1.279528 0.100813,
        -0.346419 1.279528 0.029528,
        -0.352319 1.279528 0.043770,
        -0.354331 1.279528 0.059055,
        -0.310560 1.279528 0.002012,
        -0.324803 1.279528 0.007912,
        -0.337034 1.279528 0.017297,
        -0.265748 1.279528 0.007912,
        -0.279991 1.279528 0.002012,
        -0.295276 1.279528 0.000000,
        -0.238233 1.279528 0.043770,
        -0.244132 1.279528 0.029528,
        -0.253517 1.279528 0.017297,
        -0.244132 1.279528 0.088583,
        -0.238233 1.279528 0.074340,
        -0.236220 1.279528 0.059055,
        -0.265748 1.279528 0.110198,
        -0.253517 1.279528 0.100813,
        -0.265748 -0.767717 0.984214,
        -0.279991 -0.767717 0.990114,
        -0.295276 -0.767717 0.933071,
        -0.295276 -0.767717 0.992126,
        -0.310560 -0.767717 0.990114,
        -0.238233 -0.767717 0.948356,
        -0.244132 -0.767717 0.962598,
        -0.253517 -0.767717 0.974829,
        -0.244132 -0.767717 0.903543,
        -0.238233 -0.767717 0.917786,
        -0.236220 -0.767717 0.933071,
        -0.279991 -0.767717 0.876028,
        -0.265748 -0.767717 0.881928,
        -0.253517 -0.767717 0.891313,
        -0.324803 -0.767717 0.881928,
        -0.310560 -0.767717 0.876028,
        -0.295276 -0.767717 0.874016,
        -0.352319 -0.767717 0.917786,
        -0.346419 -0.767717 0.903543,
        -0.337034 -0.767717 0.891313,
        -0.346419 -0.767717 0.962598,
        -0.352319 -0.767717 0.948356,
        -0.354331 -0.767717 0.933071,
        -0.324803 -0.767717 0.984214,
        -0.337034 -0.767717 0.974829,
        -0.320750 -0.728346 0.838000,
        -0.344488 -0.728346 0.847832,
        -0.364873 -0.728346 0.863474,
        -0.380514 -0.728346 0.883858,
        -0.390347 -0.728346 0.907596,
        -0.393701 -0.728346 0.933071,
        -0.390347 -0.728346 0.958545,
        -0.380514 -0.728346 0.982283,
        -0.364873 -0.728346 1.002668,
        -0.344488 -0.728346 1.018309,
        -0.320750 -0.728346 1.028142,
        -0.295276 -0.728346 1.031496,
        -0.269801 -0.728346 1.028142,
        -0.246063 -0.728346 1.018309,
        -0.225678 -0.728346 1.002668,
        -0.210037 -0.728346 0.982283,
        -0.200204 -0.728346 0.958545,
        -0.196850 -0.728346 0.933071,
        -0.200204 -0.728346 0.907596,
        -0.210037 -0.728346 0.883858,
        -0.225678 -0.728346 0.863474,
        -0.246063 -0.728346 0.847832,
        -0.269801 -0.728346 0.838000,
        -0.295276 -0.728346 0.834646,
      ]
    }
    coordIndex [
      86, 87, 88, -1,
      88, 87, 89, -1,
      88, 89, 90, -1,
      90, 89, 91, -1,
      90, 91, 92, -1,
      92, 91, 93, -1,
      92, 93, 94, -1,
      94, 93, 95, -1,
      94, 95, 96, -1,
      96, 95, 97, -1,
      96, 97, 98, -1,
      98, 97, 99, -1,
      98, 99, 100, -1,
      100, 99, 101, -1,
      100, 101, 102, -1,
      102, 101, 103, -1,
      102, 103, 104, -1,
      104, 103, 105, -1,
      104, 105, 106, -1,
      106, 105, 107, -1,
      106, 107, 108, -1,
      108, 107, 109, -1,
      108, 109, 110, -1,
      110, 109, 111, -1,
      110, 111, 112, -1,
      112, 111, 113, -1,
      112, 113, 114, -1,
      114, 113, 115, -1,
      114, 115, 116, -1,
      116, 115, 117, -1,
      116, 117, 118, -1,
      118, 117, 119, -1,
      118, 119, 120, -1,
      120, 119, 121, -1,
      120, 121, 122, -1,
      122, 121, 123, -1,
      122, 123, 124, -1,
      124, 123, 125, -1,
      124, 125, 126, -1,
      126, 125, 127, -1,
      126, 127, 128, -1,
      128, 127, 129, -1,
      128, 129, 130, -1,
      130, 129, 131, -1,
      130, 131, 132, -1,
      132, 131, 133, -1,
      132, 133, 86, -1,
      86, 133, 87, -1,
      109, 134, 111, -1,
      111, 134, 135, -1,
      111, 135, 113, -1,
      113, 135, 136, -1,
      113, 136, 115, -1,
      115, 136, 137, -1,
      115, 137, 117, -1,
      117, 137, 138, -1,
      117, 138, 119, -1,
      119, 138, 139, -1,
      119, 139, 121, -1,
      121, 139, 140, -1,
      121, 140, 123, -1,
      123, 140, 141, -1,
      123, 141, 125, -1,
      125, 141, 142, -1,
      125, 142, 127, -1,
      127, 142, 143, -1,
      127, 143, 129, -1,
      129, 143, 144, -1,
      129, 144, 131, -1,
      131, 144, 145, -1,
      131, 145, 133, -1,
      133, 145, 146, -1,
      133, 146, 87, -1,
      87, 146, 147, -1,
      87, 147, 89, -1,
      89, 147, 148, -1,
      89, 148, 91, -1,
      91, 148, 149, -1,
      91, 149, 93, -1,
      93, 149, 150, -1,
      93, 150, 95, -1,
      95, 150, 151, -1,
      95, 151, 97, -1,
      97, 151, 152, -1,
      97, 152, 99, -1,
      99, 152, 153, -1,
      99, 153, 101, -1,
      101, 153, 154, -1,
      101, 154, 103, -1,
      103, 154, 155, -1,
      103, 155, 105, -1,
      105, 155, 156, -1,
      105, 156, 107, -1,
      107, 156, 157, -1,
      107, 157, 109, -1,
      109, 157, 134, -1,
      134, 158, 135, -1,
      135, 158, 159, -1,
      135, 159, 136, -1,
      136, 159, 160, -1,
      136, 160, 137, -1,
      137, 160, 161, -1,
      137, 161, 138, -1,
      138, 161, 162, -1,
      138, 162, 139, -1,
      139, 162, 163, -1,
      139, 163, 140, -1,
      140, 163, 164, -1,
      140, 164, 141, -1,
      141, 164, 165, -1,
      141, 165, 142, -1,
      142, 165, 166, -1,
      142, 166, 143, -1,
      143, 166, 167, -1,
      143, 167, 144, -1,
      144, 167, 168, -1,
      144, 168, 145, -1,
      145, 168, 169, -1,
      145, 169, 146, -1,
      146, 169, 170, -1,
      146, 170, 147, -1,
      147, 170, 171, -1,
      147, 171, 148, -1,
      148, 171, 172, -1,
      148, 172, 149, -1,
      149, 172, 173, -1,
      149, 173, 150, -1,
      150, 173, 174, -1,
      150, 174, 151, -1,
      151, 174, 175, -1,
      151, 175, 152, -1,
      152, 175, 176, -1,
      152, 176, 153, -1,
      153, 176, 177, -1,
      153, 177, 154, -1,
      154, 177, 178, -1,
      154, 178, 155, -1,
      155, 178, 179, -1,
      155, 179, 156, -1,
      156, 179, 180, -1,
      156, 180, 157, -1,
      157, 180, 181, -1,
      157, 181, 134, -1,
      134, 181, 158, -1,
      158, 182, 159, -1,
      159, 182, 183, -1,
      159, 183, 160, -1,
      160, 183, 184, -1,
      160, 184, 161, -1,
      161, 184, 185, -1,
      161, 185, 162, -1,
      162, 185, 186, -1,
      162, 186, 163, -1,
      163, 186, 187, -1,
      163, 187, 164, -1,
      164, 187, 188, -1,
      164, 188, 165, -1,
      165, 188, 189, -1,
      165, 189, 166, -1,
      166, 189, 190, -1,
      166, 190, 167, -1,
      167, 190, 191, -1,
      167, 191, 168, -1,
      168, 191, 192, -1,
      168, 192, 169, -1,
      169, 192, 193, -1,
      169, 193, 170, -1,
      170, 193, 194, -1,
      170, 194, 171, -1,
      171, 194, 195, -1,
      171, 195, 172, -1,
      172, 195, 196, -1,
      172, 196, 173, -1,
      173, 196, 197, -1,
      173, 197, 174, -1,
      174, 197, 198, -1,
      174, 198, 175, -1,
      175, 198, 199, -1,
      175, 199, 176, -1,
      176, 199, 200, -1,
      176, 200, 177, -1,
      177, 200, 201, -1,
      177, 201, 178, -1,
      178, 201, 202, -1,
      178, 202, 179, -1,
      179, 202, 203, -1,
      179, 203, 180, -1,
      180, 203, 204, -1,
      180, 204, 181, -1,
      181, 204, 205, -1,
      181, 205, 158, -1,
      158, 205, 182, -1,
      182, 206, 183, -1,
      183, 206, 207, -1,
      183, 207, 184, -1,
      184, 207, 208, -1,
      184, 208, 185, -1,
      185, 208, 209, -1,
      185, 209, 186, -1,
      186, 209, 210, -1,
      186, 210, 187, -1,
      187, 210, 211, -1,
      187, 211, 188, -1,
      188, 211, 212, -1,
      188, 212, 189, -1,
      189, 212, 213, -1,
      189, 213, 190, -1,
      190, 213, 214, -1,
      190, 214, 191, -1,
      191, 214, 215, -1,
      191, 215, 192, -1,
      192, 215, 216, -1,
      192, 216, 193, -1,
      193, 216, 217, -1,
      193, 217, 194, -1,
      194, 217, 218, -1,
      194, 218, 195, -1,
      195, 218, 219, -1,
      195, 219, 196, -1,
      196, 219, 220, -1,
      196, 220, 197, -1,
      197, 220, 221, -1,
      197, 221, 198, -1,
      198, 221, 222, -1,
      198, 222, 199, -1,
      199, 222, 223, -1,
      199, 223, 200, -1,
      200, 223, 224, -1,
      200, 224, 201, -1,
      201, 224, 225, -1,
      201, 225, 202, -1,
      202, 225, 226, -1,
      202, 226, 203, -1,
      203, 226, 227, -1,
      203, 227, 204, -1,
      204, 227, 228, -1,
      204, 228, 205, -1,
      205, 228, 229, -1,
      205, 229, 182, -1,
      182, 229, 206, -1,
      206, 230, 207, -1,
      207, 230, 231, -1,
      207, 231, 208, -1,
      208, 231, 232, -1,
      208, 232, 209, -1,
      209, 232, 233, -1,
      209, 233, 210, -1,
      210, 233, 234, -1,
      210, 234, 211, -1,
      211, 234, 235, -1,
      211, 235, 212, -1,
      212, 235, 236, -1,
      212, 236, 213, -1,
      213, 236, 237, -1,
      213, 237, 214, -1,
      214, 237, 238, -1,
      214, 238, 215, -1,
      215, 238, 239, -1,
      215, 239, 216, -1,
      216, 239, 240, -1,
      216, 240, 217, -1,
      217, 240, 241, -1,
      217, 241, 218, -1,
      218, 241, 242, -1,
      218, 242, 219, -1,
      219, 242, 243, -1,
      219, 243, 220, -1,
      220, 243, 244, -1,
      220, 244, 221, -1,
      221, 244, 245, -1,
      221, 245, 222, -1,
      222, 245, 246, -1,
      222, 246, 223, -1,
      223, 246, 247, -1,
      223, 247, 224, -1,
      224, 247, 248, -1,
      224, 248, 225, -1,
      225, 248, 249, -1,
      225, 249, 226, -1,
      226, 249, 250, -1,
      226, 250, 227, -1,
      227, 250, 251, -1,
      227, 251, 228, -1,
      228, 251, 252, -1,
      228, 252, 229, -1,
      229, 252, 253, -1,
      229, 253, 206, -1,
      206, 253, 230, -1,
      230, 254, 231, -1,
      231, 254, 255, -1,
      231, 255, 232, -1,
      232, 255, 256, -1,
      232, 256, 233, -1,
      233, 256, 257, -1,
      233, 257, 234, -1,
      234, 257, 258, -1,
      234, 258, 235, -1,
      235, 258, 259, -1,
      235, 259, 236, -1,
      236, 259, 260, -1,
      236, 260, 237, -1,
      237, 260, 261, -1,
      237, 261, 238, -1,
      238, 261, 262, -1,
      238, 262, 239, -1,
      239, 262, 263, -1,
      239, 263, 240, -1,
      240, 263, 264, -1,
      240, 264, 241, -1,
      241, 264, 265, -1,
      241, 265, 242, -1,
      242, 265, 266, -1,
      242, 266, 243, -1,
      243, 266, 267, -1,
      243, 267, 244, -1,
      244, 267, 268, -1,
      244, 268, 245, -1,
      245, 268, 269, -1,
      245, 269, 246, -1,
      246, 269, 270, -1,
      246, 270, 247, -1,
      247, 270, 271, -1,
      247, 271, 248, -1,
      248, 271, 272, -1,
      248, 272, 249, -1,
      249, 272, 273, -1,
      249, 273, 250, -1,
      250, 273, 274, -1,
      250, 274, 251, -1,
      251, 274, 275, -1,
      251, 275, 252, -1,
      252, 275, 276, -1,
      252, 276, 253, -1,
      253, 276, 277, -1,
      253, 277, 230, -1,
      230, 277, 254, -1,
      254, 278, 255, -1,
      255, 278, 279, -1,
      255, 279, 256, -1,
      256, 279, 280, -1,
      256, 280, 257, -1,
      257, 280, 281, -1,
      257, 281, 258, -1,
      258, 281, 282, -1,
      258, 282, 259, -1,
      259, 282, 283, -1,
      259, 283, 260, -1,
      260, 283, 284, -1,
      260, 284, 261, -1,
      261, 284, 285, -1,
      261, 285, 262, -1,
      262, 285, 286, -1,
      262, 286, 263, -1,
      263, 286, 287, -1,
      263, 287, 264, -1,
      264, 287, 288, -1,
      264, 288, 265, -1,
      265, 288, 289, -1,
      265, 289, 266, -1,
      266, 289, 290, -1,
      266, 290, 267, -1,
      267, 290, 291, -1,
      267, 291, 268, -1,
      268, 291, 292, -1,
      268, 292, 269, -1,
      269, 292, 293, -1,
      269, 293, 270, -1,
      270, 293, 294, -1,
      270, 294, 271, -1,
      271, 294, 295, -1,
      271, 295, 272, -1,
      272, 295, 296, -1,
      272, 296, 273, -1,
      273, 296, 297, -1,
      273, 297, 274, -1,
      274, 297, 298, -1,
      274, 298, 275, -1,
      275, 298, 299, -1,
      275, 299, 276, -1,
      276, 299, 300, -1,
      276, 300, 277, -1,
      277, 300, 301, -1,
      277, 301, 254, -1,
      254, 301, 278, -1,
      278, 302, 279, -1,
      279, 302, 303, -1,
      279, 303, 280, -1,
      280, 303, 304, -1,
      280, 304, 281, -1,
      281, 304, 305, -1,
      281, 305, 282, -1,
      282, 305, 306, -1,
      282, 306, 283, -1,
      283, 306, 307, -1,
      283, 307, 284, -1,
      284, 307, 308, -1,
      284, 308, 285, -1,
      285, 308, 309, -1,
      285, 309, 286, -1,
      286, 309, 310, -1,
      286, 310, 287, -1,
      287, 310, 311, -1,
      287, 311, 288, -1,
      288, 311, 312, -1,
      288, 312, 289, -1,
      289, 312, 313, -1,
      289, 313, 290, -1,
      290, 313, 314, -1,
      290, 314, 291, -1,
      291, 314, 315, -1,
      291, 315, 292, -1,
      292, 315, 316, -1,
      292, 316, 293, -1,
      293, 316, 317, -1,
      293, 317, 294, -1,
      294, 317, 318, -1,
      294, 318, 295, -1,
      295, 318, 319, -1,
      295, 319, 296, -1,
      296, 319, 320, -1,
      296, 320, 297, -1,
      297, 320, 321, -1,
      297, 321, 298, -1,
      298, 321, 322, -1,
      298, 322, 299, -1,
      299, 322, 323, -1,
      299, 323, 300, -1,
      300, 323, 324, -1,
      300, 324, 301, -1,
      301, 324, 325, -1,
      301, 325, 278, -1,
      278, 325, 302, -1,
      77, 37, 319, -1,
      319, 318, 77, -1,
      77, 318, 317, -1,
      77, 317, 78, -1,
      78, 317, 316, -1,
      78, 316, 83, -1,
      83, 316, 315, -1,
      83, 315, 84, -1,
      84, 315, 314, -1,
      84, 314, 85, -1,
      85, 314, 313, -1,
      85, 313, 79, -1,
      79, 313, 312, -1,
      79, 312, 80, -1,
      80, 312, 311, -1,
      80, 311, 82, -1,
      82, 311, 310, -1,
      82, 310, 81, -1,
      81, 310, 50, -1,
      50, 310, 309, -1,
      50, 309, 46, -1,
      326, 308, 307, -1,
      306, 327, 307, -1,
      307, 327, 328, -1,
      307, 328, 326, -1,
      305, 329, 306, -1,
      306, 329, 330, -1,
      306, 330, 327, -1,
      304, 331, 305, -1,
      305, 331, 332, -1,
      305, 332, 329, -1,
      303, 333, 304, -1,
      304, 333, 334, -1,
      304, 334, 331, -1,
      335, 336, 302, -1,
      302, 336, 337, -1,
      302, 337, 303, -1,
      303, 337, 338, -1,
      303, 338, 333, -1,
      335, 302, 339, -1,
      339, 302, 325, -1,
      339, 325, 340, -1,
      340, 325, 341, -1,
      341, 325, 324, -1,
      341, 324, 342, -1,
      342, 324, 343, -1,
      343, 324, 323, -1,
      343, 323, 344, -1,
      344, 323, 322, -1,
      344, 322, 345, -1,
      345, 322, 346, -1,
      346, 322, 321, -1,
      346, 321, 347, -1,
      347, 321, 348, -1,
      348, 321, 320, -1,
      348, 320, 349, -1,
      349, 320, 350, -1,
      350, 320, 319, -1,
      350, 319, 351, -1,
      351, 319, 37, -1,
      351, 37, 36, -1,
      326, 352, 308, -1,
      308, 352, 353, -1,
      308, 353, 309, -1,
      309, 353, 354, -1,
      309, 354, 46, -1,
      34, 33, 355, -1,
      52, 356, 43, -1,
      51, 49, 357, -1,
      46, 354, 47, -1,
      47, 354, 358, -1,
      47, 358, 48, -1,
      43, 356, 45, -1,
      45, 356, 359, -1,
      45, 359, 44, -1,
      360, 41, 40, -1,
      41, 360, 42, -1,
      42, 360, 361, -1,
      42, 361, 26, -1,
      362, 38, 363, -1,
      363, 38, 28, -1,
      363, 28, 27, -1,
      5, 1, 364, -1,
      364, 1, 0, -1,
      364, 0, 362, -1,
      362, 0, 39, -1,
      362, 39, 38, -1,
      5, 364, 6, -1,
      6, 364, 365, -1,
      6, 365, 2, -1,
      2, 365, 3, -1,
      3, 365, 366, -1,
      3, 366, 4, -1,
      4, 366, 10, -1,
      10, 366, 367, -1,
      10, 367, 11, -1,
      368, 9, 367, -1,
      367, 9, 12, -1,
      367, 12, 11, -1,
      369, 7, 368, -1,
      368, 7, 8, -1,
      368, 8, 9, -1,
      20, 15, 370, -1,
      370, 15, 14, -1,
      370, 14, 369, -1,
      369, 14, 13, -1,
      369, 13, 7, -1,
      30, 29, 371, -1,
      371, 29, 25, -1,
      371, 25, 372, -1,
      372, 25, 24, -1,
      24, 23, 372, -1,
      372, 23, 22, -1,
      372, 22, 370, -1,
      370, 22, 21, -1,
      370, 21, 20, -1,
      18, 17, 373, -1,
      373, 17, 16, -1,
      373, 16, 374, -1,
      32, 31, 375, -1,
      375, 31, 19, -1,
      375, 19, 376, -1,
      36, 35, 351, -1,
      351, 35, 377, -1,
      378, 349, 377, -1,
      377, 349, 350, -1,
      377, 350, 351, -1,
      379, 347, 378, -1,
      378, 347, 348, -1,
      378, 348, 349, -1,
      380, 345, 379, -1,
      379, 345, 346, -1,
      379, 346, 347, -1,
      381, 343, 380, -1,
      380, 343, 344, -1,
      380, 344, 345, -1,
      382, 341, 381, -1,
      381, 341, 342, -1,
      381, 342, 343, -1,
      383, 339, 382, -1,
      382, 339, 340, -1,
      382, 340, 341, -1,
      384, 338, 385, -1,
      385, 338, 337, -1,
      385, 337, 386, -1,
      386, 337, 336, -1,
      386, 336, 383, -1,
      383, 336, 335, -1,
      383, 335, 339, -1,
      387, 334, 384, -1,
      384, 334, 333, -1,
      384, 333, 338, -1,
      388, 332, 387, -1,
      387, 332, 331, -1,
      387, 331, 334, -1,
      389, 330, 388, -1,
      388, 330, 329, -1,
      388, 329, 332, -1,
      16, 30, 374, -1,
      374, 30, 371, -1,
      374, 371, 390, -1,
      390, 371, 372, -1,
      390, 372, 391, -1,
      391, 372, 370, -1,
      391, 370, 392, -1,
      392, 370, 369, -1,
      392, 369, 393, -1,
      393, 369, 368, -1,
      393, 368, 394, -1,
      394, 368, 367, -1,
      394, 367, 395, -1,
      395, 367, 366, -1,
      395, 366, 396, -1,
      396, 366, 365, -1,
      396, 365, 397, -1,
      397, 365, 364, -1,
      397, 364, 398, -1,
      398, 364, 362, -1,
      398, 362, 361, -1,
      361, 362, 363, -1,
      361, 363, 26, -1,
      26, 363, 27, -1,
      399, 328, 389, -1,
      389, 328, 327, -1,
      389, 327, 330, -1,
      19, 18, 376, -1,
      376, 18, 373, -1,
      376, 373, 400, -1,
      400, 373, 374, -1,
      400, 374, 401, -1,
      401, 374, 390, -1,
      401, 390, 402, -1,
      402, 390, 391, -1,
      402, 391, 403, -1,
      403, 391, 392, -1,
      403, 392, 404, -1,
      404, 392, 393, -1,
      404, 393, 405, -1,
      405, 393, 394, -1,
      405, 394, 406, -1,
      406, 394, 395, -1,
      406, 395, 407, -1,
      407, 395, 396, -1,
      407, 396, 408, -1,
      408, 396, 397, -1,
      408, 397, 409, -1,
      409, 397, 398, -1,
      409, 398, 410, -1,
      410, 398, 361, -1,
      410, 361, 359, -1,
      359, 361, 360, -1,
      359, 360, 44, -1,
      44, 360, 40, -1,
      354, 353, 358, -1,
      358, 353, 352, -1,
      358, 352, 399, -1,
      399, 352, 326, -1,
      399, 326, 328, -1,
      35, 34, 377, -1,
      377, 34, 355, -1,
      377, 355, 378, -1,
      378, 355, 411, -1,
      378, 411, 379, -1,
      379, 411, 412, -1,
      379, 412, 380, -1,
      380, 412, 413, -1,
      380, 413, 381, -1,
      381, 413, 414, -1,
      381, 414, 382, -1,
      382, 414, 415, -1,
      382, 415, 383, -1,
      383, 415, 416, -1,
      383, 416, 386, -1,
      386, 416, 417, -1,
      386, 417, 385, -1,
      385, 417, 418, -1,
      385, 418, 384, -1,
      384, 418, 419, -1,
      384, 419, 387, -1,
      387, 419, 420, -1,
      387, 420, 388, -1,
      388, 420, 421, -1,
      388, 421, 389, -1,
      389, 421, 422, -1,
      389, 422, 399, -1,
      399, 422, 423, -1,
      399, 423, 358, -1,
      358, 423, 357, -1,
      358, 357, 48, -1,
      48, 357, 49, -1,
      33, 32, 355, -1,
      355, 32, 375, -1,
      355, 375, 411, -1,
      411, 375, 376, -1,
      411, 376, 412, -1,
      412, 376, 400, -1,
      412, 400, 413, -1,
      413, 400, 401, -1,
      413, 401, 414, -1,
      414, 401, 402, -1,
      414, 402, 415, -1,
      415, 402, 403, -1,
      415, 403, 416, -1,
      416, 403, 404, -1,
      416, 404, 417, -1,
      417, 404, 405, -1,
      417, 405, 418, -1,
      418, 405, 406, -1,
      418, 406, 419, -1,
      419, 406, 407, -1,
      419, 407, 420, -1,
      420, 407, 408, -1,
      420, 408, 421, -1,
      421, 408, 409, -1,
      421, 409, 422, -1,
      422, 409, 410, -1,
      422, 410, 423, -1,
      423, 410, 359, -1,
      423, 359, 357, -1,
      357, 359, 356, -1,
      357, 356, 51, -1,
      51, 356, 52, -1,
      424, 425, 426, -1,
      426, 425, 427, -1,
      426, 427, 428, -1,
      429, 430, 426, -1,
      426, 430, 431, -1,
      426, 431, 424, -1,
      432, 433, 426, -1,
      426, 433, 434, -1,
      426, 434, 429, -1,
      435, 436, 426, -1,
      426, 436, 437, -1,
      426, 437, 432, -1,
      438, 439, 426, -1,
      426, 439, 440, -1,
      426, 440, 435, -1,
      441, 442, 426, -1,
      426, 442, 443, -1,
      426, 443, 438, -1,
      444, 445, 426, -1,
      426, 445, 446, -1,
      426, 446, 441, -1,
      428, 447, 426, -1,
      426, 447, 448, -1,
      426, 448, 444, -1,
      449, 450, 451, -1,
      451, 450, 452, -1,
      451, 452, 453, -1,
      454, 455, 451, -1,
      451, 455, 456, -1,
      451, 456, 449, -1,
      457, 458, 451, -1,
      451, 458, 459, -1,
      451, 459, 454, -1,
      460, 461, 451, -1,
      451, 461, 462, -1,
      451, 462, 457, -1,
      463, 464, 451, -1,
      451, 464, 465, -1,
      451, 465, 460, -1,
      466, 467, 451, -1,
      451, 467, 468, -1,
      451, 468, 463, -1,
      469, 470, 451, -1,
      451, 470, 471, -1,
      451, 471, 466, -1,
      453, 472, 451, -1,
      451, 472, 473, -1,
      451, 473, 469, -1,
      69, 474, 70, -1,
      70, 474, 475, -1,
      70, 475, 71, -1,
      71, 475, 476, -1,
      71, 476, 72, -1,
      72, 476, 477, -1,
      72, 477, 64, -1,
      64, 477, 478, -1,
      64, 478, 65, -1,
      65, 478, 479, -1,
      65, 479, 73, -1,
      73, 479, 480, -1,
      73, 480, 74, -1,
      74, 480, 481, -1,
      74, 481, 75, -1,
      75, 481, 482, -1,
      75, 482, 62, -1,
      62, 482, 483, -1,
      62, 483, 63, -1,
      63, 483, 484, -1,
      63, 484, 66, -1,
      66, 484, 485, -1,
      66, 485, 55, -1,
      55, 485, 486, -1,
      55, 486, 54, -1,
      54, 486, 487, -1,
      54, 487, 53, -1,
      53, 487, 488, -1,
      53, 488, 58, -1,
      58, 488, 489, -1,
      58, 489, 59, -1,
      59, 489, 490, -1,
      59, 490, 76, -1,
      76, 490, 491, -1,
      76, 491, 60, -1,
      60, 491, 492, -1,
      60, 492, 61, -1,
      61, 492, 493, -1,
      61, 493, 56, -1,
      56, 493, 494, -1,
      56, 494, 57, -1,
      57, 494, 495, -1,
      57, 495, 67, -1,
      67, 495, 496, -1,
      67, 496, 68, -1,
      68, 496, 497, -1,
      68, 497, 69, -1,
      69, 497, 474, -1,
      497, 464, 474, -1,
      474, 464, 463, -1,
      474, 463, 475, -1,
      475, 463, 468, -1,
      475, 468, 476, -1,
      476, 468, 467, -1,
      476, 467, 477, -1,
      477, 467, 466, -1,
      477, 466, 478, -1,
      478, 466, 471, -1,
      478, 471, 479, -1,
      479, 471, 470, -1,
      479, 470, 480, -1,
      480, 470, 469, -1,
      480, 469, 481, -1,
      481, 469, 473, -1,
      481, 473, 482, -1,
      482, 473, 472, -1,
      482, 472, 483, -1,
      483, 472, 453, -1,
      483, 453, 484, -1,
      484, 453, 452, -1,
      484, 452, 485, -1,
      485, 452, 450, -1,
      485, 450, 486, -1,
      486, 450, 449, -1,
      486, 449, 487, -1,
      487, 449, 456, -1,
      487, 456, 488, -1,
      488, 456, 455, -1,
      488, 455, 489, -1,
      489, 455, 454, -1,
      489, 454, 490, -1,
      490, 454, 459, -1,
      490, 459, 491, -1,
      491, 459, 458, -1,
      491, 458, 492, -1,
      492, 458, 457, -1,
      492, 457, 493, -1,
      493, 457, 462, -1,
      493, 462, 494, -1,
      494, 462, 461, -1,
      494, 461, 495, -1,
      495, 461, 460, -1,
      495, 460, 496, -1,
      496, 460, 465, -1,
      496, 465, 497, -1,
      497, 465, 464, -1,
      110, 425, 108, -1,
      108, 425, 424, -1,
      108, 424, 106, -1,
      106, 424, 431, -1,
      106, 431, 104, -1,
      104, 431, 430, -1,
      104, 430, 102, -1,
      102, 430, 429, -1,
      102, 429, 100, -1,
      100, 429, 434, -1,
      100, 434, 98, -1,
      98, 434, 433, -1,
      98, 433, 96, -1,
      96, 433, 432, -1,
      96, 432, 94, -1,
      94, 432, 437, -1,
      94, 437, 92, -1,
      92, 437, 436, -1,
      92, 436, 90, -1,
      90, 436, 435, -1,
      90, 435, 88, -1,
      88, 435, 440, -1,
      88, 440, 86, -1,
      86, 440, 439, -1,
      86, 439, 132, -1,
      132, 439, 438, -1,
      132, 438, 130, -1,
      130, 438, 443, -1,
      130, 443, 128, -1,
      128, 443, 442, -1,
      128, 442, 126, -1,
      126, 442, 441, -1,
      126, 441, 124, -1,
      124, 441, 446, -1,
      124, 446, 122, -1,
      122, 446, 445, -1,
      122, 445, 120, -1,
      120, 445, 444, -1,
      120, 444, 118, -1,
      118, 444, 448, -1,
      118, 448, 116, -1,
      116, 448, 447, -1,
      116, 447, 114, -1,
      114, 447, 428, -1,
      114, 428, 112, -1,
      112, 428, 427, -1,
      112, 427, 110, -1,
      110, 427, 425, -1,
    ]
  }
}

Shape {
  appearance Appearance {
    material Material {
      diffuseColor 0.0000 0.0000 0.0000
      specularColor 0.0000 0.0000 0.0000
      ambientIntensity 0.2
      transparency 0.0000
      shininess 0.5
    }
  }
  geometry IndexedFaceSet {
    ccw TRUE
    solid FALSE
    coord DEF co Coordinate {
      point [
        1.181102 0.594202 0.356580,
        1.181102 0.594202 0.285639,
        1.181102 0.626090 0.285639,
        1.181102 0.746583 0.356580,
        1.181102 0.715677 0.312574,
        1.181102 0.715677 0.285639,
        1.181102 0.737301 0.312574,
        1.181102 0.737301 0.285639,
        1.181102 0.744311 0.312574,
        1.181102 0.748405 0.285639,
        1.181102 0.744311 0.321743,
        1.181102 0.746583 0.347369,
        1.181102 0.737301 0.321743,
        1.181102 0.737301 0.347369,
        1.181102 0.715677 0.321743,
        1.181102 0.715677 0.347369,
        1.181102 0.705341 0.276510,
        1.181102 0.748405 0.276510,
        1.181102 0.737301 0.276510,
        1.181102 0.705341 0.356580,
        1.181102 0.737301 0.356580,
        1.181102 0.685896 0.355646,
        1.181102 0.689315 0.354656,
        1.181102 0.689315 0.343848,
        1.181102 0.672404 0.284511,
        1.181102 0.681457 0.286200,
        1.181102 0.685896 0.345291,
        1.181102 0.685896 0.288196,
        1.181102 0.688423 0.344330,
        1.181102 0.689315 0.289732,
        1.181102 0.680301 0.347420,
        1.181102 0.670444 0.348597,
        1.181102 0.640213 0.315644,
        1.181102 0.649646 0.291246,
        1.181102 0.654876 0.287547,
        1.181102 0.648625 0.339714,
        1.181102 0.644255 0.333635,
        1.181102 0.654077 0.344215,
        1.181102 0.660373 0.347131,
        1.181102 0.667339 0.348473,
        1.181102 0.641558 0.326742,
        1.181102 0.640299 0.312698,
        1.181102 0.641580 0.304684,
        1.181102 0.660581 0.285342,
        1.181102 0.668643 0.284370,
        1.181102 0.644167 0.298227,
        1.181102 0.648072 0.292802,
        1.181102 0.664818 0.357255,
        1.181102 0.670341 0.357930,
        1.181102 0.670443 0.357930,
        1.181102 0.678875 0.357255,
        1.181102 0.680909 0.357092,
        1.181102 0.635123 0.338555,
        1.181102 0.640929 0.346141,
        1.181102 0.642856 0.347983,
        1.181102 0.650344 0.353247,
        1.181102 0.658701 0.356507,
        1.181102 0.631320 0.329660,
        1.181102 0.632947 0.333465,
        1.181102 0.632947 0.296868,
        1.181102 0.630971 0.301893,
        1.181102 0.629365 0.315030,
        1.181102 0.629506 0.319206,
        1.181102 0.653639 0.277173,
        1.181102 0.646082 0.280736,
        1.181102 0.639640 0.286089,
        1.181102 0.634247 0.293560,
        1.181102 0.660144 0.275835,
        1.181102 0.662317 0.275387,
        1.181102 0.667148 0.275159,
        1.181102 0.674214 0.275835,
        1.181102 0.689315 0.279826,
        1.181102 0.687949 0.279145,
        1.181102 0.685896 0.278472,
        1.181102 0.679352 0.276326,
        1.181102 0.583865 0.276510,
        1.181102 0.583865 0.356580,
        1.181102 0.626090 0.276510,
        1.181102 0.798595 0.355230,
        1.181102 0.808259 0.351701,
        1.181102 0.824393 0.336294,
        1.181102 0.827368 0.328670,
        1.181102 0.828720 0.317568,
        1.181102 0.828481 0.312484,
        1.181102 0.826544 0.303107,
        1.181102 0.822604 0.294824,
        1.181102 0.816644 0.287726,
        1.181102 0.808352 0.281768,
        1.181102 0.786372 0.356580,
        1.181102 0.799241 0.278189,
        1.181102 0.785554 0.276510,
        1.181102 0.763531 0.276510,
        1.181102 0.763531 0.356580,
        1.181102 0.816644 0.345977,
        1.181102 0.819425 0.343262,
        1.185039 0.626090 0.285639,
        1.185039 0.626090 0.276510,
        1.185039 0.594202 0.285639,
        1.185039 0.594202 0.356580,
        1.185039 0.583865 0.356580,
        1.185039 0.583865 0.276510,
        1.185039 0.689315 0.279826,
        1.185039 0.687949 0.279145,
        1.185039 0.667148 0.275159,
        1.185039 0.679352 0.276326,
        1.185039 0.689315 0.289732,
        1.185039 0.681457 0.286200,
        1.185039 0.672404 0.284511,
        1.185039 0.668643 0.284370,
        1.185039 0.660581 0.285342,
        1.185039 0.654876 0.287547,
        1.185039 0.649646 0.291246,
        1.185039 0.648072 0.292802,
        1.185039 0.644167 0.298227,
        1.185039 0.641580 0.304684,
        1.185039 0.640299 0.312698,
        1.185039 0.640213 0.315644,
        1.185039 0.641558 0.326742,
        1.185039 0.644255 0.333635,
        1.185039 0.648625 0.339714,
        1.185039 0.654077 0.344215,
        1.185039 0.660373 0.347131,
        1.185039 0.667339 0.348473,
        1.185039 0.670444 0.348597,
        1.185039 0.688423 0.344330,
        1.185039 0.680301 0.347420,
        1.185039 0.689315 0.343848,
        1.185039 0.689315 0.354656,
        1.185039 0.670341 0.357930,
        1.185039 0.670443 0.357930,
        1.185039 0.680909 0.357092,
        1.185039 0.658701 0.356507,
        1.185039 0.650344 0.353247,
        1.185039 0.642856 0.347983,
        1.185039 0.640929 0.346141,
        1.185039 0.631320 0.329660,
        1.185039 0.635123 0.338555,
        1.185039 0.629506 0.319206,
        1.185039 0.629365 0.315030,
        1.185039 0.634247 0.293560,
        1.185039 0.630971 0.301893,
        1.185039 0.639640 0.286089,
        1.185039 0.662317 0.275387,
        1.185039 0.646082 0.280736,
        1.185039 0.653639 0.277173,
        1.185039 0.748405 0.285639,
        1.185039 0.748405 0.276510,
        1.185039 0.715677 0.285639,
        1.185039 0.715677 0.312574,
        1.185039 0.744311 0.312574,
        1.185039 0.744311 0.321743,
        1.185039 0.715677 0.321743,
        1.185039 0.715677 0.347369,
        1.185039 0.746583 0.347369,
        1.185039 0.746583 0.356580,
        1.185039 0.705341 0.356580,
        1.185039 0.705341 0.276510,
        1.185039 0.816644 0.287726,
        1.185039 0.808428 0.293177,
        1.185039 0.808352 0.281768,
        1.185039 0.803281 0.289574,
        1.185039 0.799241 0.278189,
        1.185039 0.796697 0.286993,
        1.185039 0.785554 0.276510,
        1.185039 0.785492 0.285639,
        1.185039 0.763531 0.276510,
        1.185039 0.773867 0.285639,
        1.185039 0.763531 0.356580,
        1.185039 0.773867 0.347369,
        1.185039 0.786372 0.356580,
        1.185039 0.785963 0.347369,
        1.185039 0.798595 0.355230,
        1.185039 0.796261 0.346234,
        1.185039 0.808259 0.351701,
        1.185039 0.803208 0.343731,
        1.185039 0.816644 0.345977,
        1.185039 0.809071 0.339837,
        1.185039 0.819425 0.343262,
        1.185039 0.811248 0.337699,
        1.185039 0.824393 0.336294,
        1.185039 0.814365 0.333228,
        1.185039 0.827368 0.328670,
        1.185039 0.816636 0.327409,
        1.185039 0.828720 0.317568,
        1.185039 0.817852 0.317281,
        1.185039 0.828481 0.312484,
        1.185039 0.817427 0.310931,
        1.185039 0.826544 0.303107,
        1.185039 0.815684 0.303877,
        1.185039 0.822604 0.294824,
        1.185039 0.812745 0.298104,
        1.185039 0.809296 0.293989,
        1.181102 0.785963 0.347369,
        1.181102 0.773867 0.347369,
        1.181102 0.773867 0.285639,
        1.181102 0.785492 0.285639,
        1.181102 0.809296 0.293989,
        1.181102 0.808428 0.293177,
        1.181102 0.803281 0.289574,
        1.181102 0.796697 0.286993,
        1.181102 0.817852 0.317281,
        1.181102 0.817427 0.310931,
        1.181102 0.815684 0.303877,
        1.181102 0.812745 0.298104,
        1.181102 0.809071 0.339837,
        1.181102 0.811248 0.337699,
        1.181102 0.814365 0.333228,
        1.181102 0.816636 0.327409,
        1.181102 0.796261 0.346234,
        1.181102 0.803208 0.343731,
      ]
    }
    coordIndex [
      95, 96, 2, -1,
      2, 96, 77, -1,
      97, 95, 1, -1,
      1, 95, 2, -1,
      98, 97, 0, -1,
      0, 97, 1, -1,
      99, 98, 76, -1,
      76, 98, 0, -1,
      100, 99, 75, -1,
      75, 99, 76, -1,
      96, 100, 77, -1,
      77, 100, 75, -1,
      98, 99, 97, -1,
      97, 99, 100, -1,
      97, 100, 95, -1,
      95, 100, 96, -1,
      71, 101, 102, -1,
      103, 69, 104, -1,
      104, 69, 70, -1,
      70, 74, 104, -1,
      104, 74, 73, -1,
      104, 73, 102, -1,
      102, 73, 72, -1,
      102, 72, 71, -1,
      105, 101, 29, -1,
      29, 101, 71, -1,
      105, 29, 27, -1,
      105, 27, 106, -1,
      27, 25, 106, -1,
      106, 25, 24, -1,
      106, 24, 107, -1,
      107, 24, 44, -1,
      107, 44, 108, -1,
      108, 44, 43, -1,
      108, 43, 109, -1,
      109, 43, 34, -1,
      109, 34, 110, -1,
      110, 34, 33, -1,
      110, 33, 111, -1,
      111, 33, 46, -1,
      111, 46, 112, -1,
      112, 46, 45, -1,
      112, 45, 113, -1,
      113, 45, 42, -1,
      113, 42, 114, -1,
      114, 42, 41, -1,
      114, 41, 115, -1,
      115, 41, 32, -1,
      115, 32, 116, -1,
      116, 32, 40, -1,
      116, 40, 117, -1,
      117, 40, 36, -1,
      117, 36, 118, -1,
      118, 36, 35, -1,
      118, 35, 119, -1,
      119, 35, 37, -1,
      119, 37, 120, -1,
      120, 37, 38, -1,
      120, 38, 121, -1,
      121, 38, 39, -1,
      121, 39, 122, -1,
      122, 39, 31, -1,
      122, 31, 123, -1,
      123, 31, 30, -1,
      26, 124, 30, -1,
      30, 124, 125, -1,
      30, 125, 123, -1,
      26, 28, 124, -1,
      124, 28, 23, -1,
      124, 23, 126, -1,
      127, 126, 22, -1,
      22, 126, 23, -1,
      48, 128, 129, -1,
      127, 22, 21, -1,
      127, 21, 130, -1,
      21, 51, 130, -1,
      130, 51, 50, -1,
      130, 50, 129, -1,
      129, 50, 49, -1,
      129, 49, 48, -1,
      128, 48, 47, -1,
      128, 47, 131, -1,
      47, 56, 131, -1,
      131, 56, 55, -1,
      131, 55, 132, -1,
      132, 55, 54, -1,
      132, 54, 133, -1,
      133, 54, 53, -1,
      133, 53, 134, -1,
      134, 53, 52, -1,
      58, 135, 52, -1,
      52, 135, 136, -1,
      52, 136, 134, -1,
      58, 57, 135, -1,
      135, 57, 62, -1,
      135, 62, 137, -1,
      137, 62, 61, -1,
      137, 61, 138, -1,
      138, 61, 60, -1,
      59, 139, 60, -1,
      60, 139, 140, -1,
      60, 140, 138, -1,
      59, 66, 139, -1,
      139, 66, 65, -1,
      139, 65, 141, -1,
      69, 103, 142, -1,
      141, 65, 64, -1,
      141, 64, 143, -1,
      143, 64, 63, -1,
      143, 63, 144, -1,
      144, 63, 67, -1,
      144, 67, 142, -1,
      142, 67, 68, -1,
      142, 68, 69, -1,
      124, 126, 127, -1,
      120, 133, 119, -1,
      119, 133, 134, -1,
      119, 134, 118, -1,
      118, 134, 136, -1,
      118, 136, 117, -1,
      124, 127, 125, -1,
      125, 127, 130, -1,
      125, 130, 123, -1,
      123, 130, 129, -1,
      123, 129, 122, -1,
      122, 129, 128, -1,
      122, 128, 121, -1,
      121, 128, 131, -1,
      121, 131, 120, -1,
      120, 131, 132, -1,
      120, 132, 133, -1,
      138, 116, 137, -1,
      137, 116, 117, -1,
      137, 117, 135, -1,
      135, 117, 136, -1,
      101, 105, 102, -1,
      102, 105, 106, -1,
      102, 106, 104, -1,
      104, 106, 107, -1,
      104, 107, 103, -1,
      103, 107, 108, -1,
      103, 108, 142, -1,
      142, 108, 109, -1,
      142, 109, 144, -1,
      144, 109, 110, -1,
      144, 110, 143, -1,
      143, 110, 111, -1,
      143, 111, 141, -1,
      141, 111, 112, -1,
      141, 112, 139, -1,
      139, 112, 113, -1,
      139, 113, 140, -1,
      140, 113, 114, -1,
      140, 114, 138, -1,
      138, 114, 115, -1,
      138, 115, 116, -1,
      145, 146, 9, -1,
      9, 146, 17, -1,
      5, 147, 7, -1,
      7, 147, 145, -1,
      7, 145, 9, -1,
      148, 147, 4, -1,
      4, 147, 5, -1,
      148, 4, 149, -1,
      149, 4, 6, -1,
      149, 6, 8, -1,
      150, 149, 10, -1,
      10, 149, 8, -1,
      14, 151, 12, -1,
      12, 151, 150, -1,
      12, 150, 10, -1,
      152, 151, 15, -1,
      15, 151, 14, -1,
      152, 15, 153, -1,
      153, 15, 13, -1,
      153, 13, 11, -1,
      154, 153, 3, -1,
      3, 153, 11, -1,
      19, 155, 20, -1,
      20, 155, 154, -1,
      20, 154, 3, -1,
      156, 155, 16, -1,
      16, 155, 19, -1,
      156, 16, 146, -1,
      146, 16, 18, -1,
      146, 18, 17, -1,
      156, 146, 145, -1,
      145, 147, 156, -1,
      156, 147, 148, -1,
      156, 148, 155, -1,
      153, 154, 152, -1,
      152, 154, 155, -1,
      152, 155, 151, -1,
      151, 155, 148, -1,
      151, 148, 150, -1,
      150, 148, 149, -1,
      157, 158, 159, -1,
      159, 158, 160, -1,
      159, 160, 161, -1,
      161, 160, 162, -1,
      161, 162, 163, -1,
      163, 162, 164, -1,
      163, 164, 165, -1,
      165, 164, 166, -1,
      165, 166, 167, -1,
      167, 166, 168, -1,
      167, 168, 169, -1,
      169, 168, 170, -1,
      169, 170, 171, -1,
      171, 170, 172, -1,
      171, 172, 173, -1,
      173, 172, 174, -1,
      173, 174, 175, -1,
      175, 174, 176, -1,
      175, 176, 177, -1,
      177, 176, 178, -1,
      177, 178, 179, -1,
      179, 178, 180, -1,
      179, 180, 181, -1,
      181, 180, 182, -1,
      181, 182, 183, -1,
      183, 182, 184, -1,
      183, 184, 185, -1,
      185, 184, 186, -1,
      185, 186, 187, -1,
      187, 186, 188, -1,
      187, 188, 189, -1,
      189, 188, 190, -1,
      189, 190, 157, -1,
      157, 190, 191, -1,
      157, 191, 158, -1,
      163, 165, 90, -1,
      90, 165, 91, -1,
      163, 90, 89, -1,
      163, 89, 161, -1,
      161, 89, 87, -1,
      161, 87, 159, -1,
      159, 87, 86, -1,
      159, 86, 157, -1,
      157, 86, 85, -1,
      157, 85, 189, -1,
      189, 85, 84, -1,
      189, 84, 187, -1,
      187, 84, 83, -1,
      187, 83, 185, -1,
      185, 83, 82, -1,
      185, 82, 183, -1,
      183, 82, 81, -1,
      183, 81, 181, -1,
      181, 81, 80, -1,
      181, 80, 179, -1,
      179, 80, 94, -1,
      179, 94, 177, -1,
      177, 94, 93, -1,
      177, 93, 175, -1,
      175, 93, 79, -1,
      175, 79, 173, -1,
      173, 79, 78, -1,
      173, 78, 171, -1,
      171, 78, 88, -1,
      171, 88, 169, -1,
      167, 169, 92, -1,
      92, 169, 88, -1,
      165, 167, 91, -1,
      91, 167, 92, -1,
      170, 168, 192, -1,
      192, 168, 193, -1,
      168, 166, 193, -1,
      193, 166, 194, -1,
      166, 164, 194, -1,
      194, 164, 195, -1,
      191, 196, 197, -1,
      191, 197, 158, -1,
      158, 197, 198, -1,
      158, 198, 160, -1,
      160, 198, 199, -1,
      160, 199, 162, -1,
      162, 199, 195, -1,
      162, 195, 164, -1,
      184, 200, 201, -1,
      184, 201, 186, -1,
      186, 201, 202, -1,
      186, 202, 188, -1,
      188, 202, 203, -1,
      188, 203, 190, -1,
      190, 203, 196, -1,
      190, 196, 191, -1,
      176, 204, 205, -1,
      176, 205, 178, -1,
      178, 205, 206, -1,
      178, 206, 180, -1,
      180, 206, 207, -1,
      180, 207, 182, -1,
      182, 207, 200, -1,
      182, 200, 184, -1,
      170, 192, 208, -1,
      170, 208, 172, -1,
      172, 208, 209, -1,
      172, 209, 174, -1,
      174, 209, 204, -1,
      174, 204, 176, -1,
    ]
  }
}

Shape {
  appearance Appearance {
    material Material {
      diffuseColor 1.0000 0.9961 0.9373
      specularColor 0.3020 0.2980 0.2824
      ambientIntensity 0.2
      transparency 0.0000
      shininess 0.5
    }
  }
  geometry IndexedFaceSet {
    ccw TRUE
    solid FALSE
    coord DEF co Coordinate {
      point [
        1.181102 0.785963 0.347369,
        1.181102 0.773867 0.347369,
        1.181102 0.773867 0.285639,
        1.181102 0.785492 0.285639,
        1.181102 0.809296 0.293989,
        1.181102 0.808428 0.293177,
        1.181102 0.803281 0.289574,
        1.181102 0.796697 0.286993,
        1.181102 0.817852 0.317281,
        1.181102 0.817427 0.310931,
        1.181102 0.815684 0.303877,
        1.181102 0.812745 0.298104,
        1.181102 0.809071 0.339837,
        1.181102 0.811248 0.337699,
        1.181102 0.814365 0.333228,
        1.181102 0.816636 0.327409,
        1.181102 0.796261 0.346234,
        1.181102 0.803208 0.343731,
      ]
    }
    coordIndex [
      1, 2, 0, -1,
      0, 2, 3, -1,
      5, 4, 0, -1,
      0, 4, 11, -1,
      3, 7, 0, -1,
      0, 7, 6, -1,
      0, 6, 5, -1,
      11, 10, 0, -1,
      0, 10, 9, -1,
      0, 9, 8, -1,
      17, 16, 12, -1,
      12, 16, 0, -1,
      12, 0, 13, -1,
      8, 15, 0, -1,
      0, 15, 14, -1,
      0, 14, 13, -1,
    ]
  }
}

Shape {
  appearance Appearance {
    material Material {
      diffuseColor 0.0000 0.0000 0.0000
      specularColor 0.0000 0.0000 0.0000
      ambientIntensity 0.2
      transparency 0.0000
      shininess 0.5
    }
  }
  geometry IndexedFaceSet {
    ccw TRUE
    solid FALSE
    coord DEF co Coordinate {
      point [
        1.181102 0.905208 0.276510,
        1.181102 0.893787 0.276510,
        1.181102 0.885620 0.298410,
        1.181102 0.856239 0.298410,
        1.181102 0.874711 0.356580,
        1.181102 0.852278 0.298410,
        1.181102 0.844583 0.276510,
        1.181102 0.833161 0.276510,
        1.181102 0.856239 0.337100,
        1.181102 0.863658 0.356580,
        1.185039 0.855553 0.307457,
        1.185039 0.852278 0.298410,
        1.185039 0.882427 0.307457,
        1.185039 0.885620 0.298410,
        1.185039 0.867527 0.340737,
        1.185039 0.863658 0.356580,
        1.185039 0.833161 0.276510,
        1.185039 0.844583 0.276510,
        1.185039 0.868220 0.343127,
        1.185039 0.868837 0.346346,
        1.185039 0.874711 0.356580,
        1.185039 0.869082 0.346346,
        1.185039 0.869730 0.342958,
        1.185039 0.870331 0.340737,
        1.185039 0.905208 0.276510,
        1.185039 0.893787 0.276510,
        1.181102 0.855553 0.307457,
        1.181102 0.882427 0.307457,
        1.181102 0.870331 0.340737,
        1.181102 0.869082 0.346346,
        1.181102 0.869730 0.342958,
        1.181102 0.868837 0.346346,
        1.181102 0.867527 0.340737,
        1.181102 0.868220 0.343127,
      ]
    }
    coordIndex [
      10, 11, 12, -1,
      12, 11, 13, -1,
      14, 15, 10, -1,
      10, 15, 16, -1,
      10, 16, 11, -1,
      11, 16, 17, -1,
      14, 18, 15, -1,
      15, 18, 19, -1,
      15, 19, 20, -1,
      20, 19, 21, -1,
      20, 21, 22, -1,
      22, 23, 20, -1,
      20, 23, 12, -1,
      20, 12, 24, -1,
      24, 12, 13, -1,
      24, 13, 25, -1,
      20, 24, 4, -1,
      4, 24, 0, -1,
      15, 20, 9, -1,
      9, 20, 4, -1,
      7, 16, 8, -1,
      8, 16, 15, -1,
      8, 15, 9, -1,
      17, 16, 6, -1,
      6, 16, 7, -1,
      11, 17, 5, -1,
      5, 17, 6, -1,
      2, 13, 3, -1,
      3, 13, 11, -1,
      3, 11, 5, -1,
      25, 13, 1, -1,
      1, 13, 2, -1,
      24, 25, 0, -1,
      0, 25, 1, -1,
      10, 12, 26, -1,
      26, 12, 27, -1,
      12, 23, 27, -1,
      27, 23, 28, -1,
      21, 29, 30, -1,
      21, 30, 22, -1,
      22, 30, 28, -1,
      22, 28, 23, -1,
      21, 19, 29, -1,
      29, 19, 31, -1,
      14, 32, 33, -1,
      14, 33, 18, -1,
      18, 33, 31, -1,
      18, 31, 19, -1,
      14, 10, 32, -1,
      32, 10, 26, -1,
    ]
  }
}

Shape {
  appearance Appearance {
    material Material {
      diffuseColor 1.0000 0.9961 0.9373
      specularColor 0.3020 0.2980 0.2824
      ambientIntensity 0.2
      transparency 0.0000
      shininess 0.5
    }
  }
  geometry IndexedFaceSet {
    ccw TRUE
    solid FALSE
    coord DEF co Coordinate {
      point [
        1.181102 0.855553 0.307457,
        1.181102 0.882427 0.307457,
        1.181102 0.870331 0.340737,
        1.181102 0.869082 0.346346,
        1.181102 0.869730 0.342958,
        1.181102 0.868837 0.346346,
        1.181102 0.867527 0.340737,
        1.181102 0.868220 0.343127,
      ]
    }
    coordIndex [
      3, 5, 4, -1,
      4, 5, 7, -1,
      4, 7, 2, -1,
      2, 7, 6, -1,
      2, 6, 1, -1,
      1, 6, 0, -1,
    ]
  }
}

Shape {
  appearance Appearance {
    material Material {
      diffuseColor 0.0000 0.0000 0.0000
      specularColor 0.0000 0.0000 0.0000
      ambientIntensity 0.2
      transparency 0.0000
      shininess 0.5
    }
  }
  geometry IndexedFaceSet {
    ccw TRUE
    solid FALSE
    coord DEF co Coordinate {
      point [
        1.181102 0.640235 0.176349,
        1.181102 0.642116 0.192920,
        1.181102 0.638180 0.173087,
        1.181102 0.636976 0.169405,
        1.181102 0.682478 0.149487,
        1.181102 0.672449 0.149487,
        1.181102 0.664297 0.199474,
        1.181102 0.660865 0.199838,
        1.181102 0.655502 0.183464,
        1.181102 0.681485 0.194765,
        1.181102 0.682478 0.186289,
        1.181102 0.643155 0.179064,
        1.181102 0.647163 0.181291,
        1.181102 0.649053 0.197277,
        1.181102 0.655335 0.199308,
        1.181102 0.644818 0.150283,
        1.181102 0.641441 0.152639,
        1.181102 0.640457 0.153623,
        1.181102 0.638341 0.156652,
        1.181102 0.672449 0.158330,
        1.181102 0.672183 0.158330,
        1.181102 0.670656 0.155998,
        1.181102 0.667493 0.152574,
        1.181102 0.637085 0.159991,
        1.181102 0.636529 0.164797,
        1.181102 0.642116 0.202663,
        1.181102 0.672449 0.185838,
        1.181102 0.672109 0.190224,
        1.181102 0.671076 0.193815,
        1.181102 0.669901 0.195887,
        1.181102 0.644145 0.203839,
        1.181102 0.651595 0.206739,
        1.181102 0.661806 0.207984,
        1.181102 0.668867 0.207215,
        1.181102 0.672852 0.205800,
        1.181102 0.676019 0.203771,
        1.181102 0.668389 0.197505,
        1.181102 0.666614 0.198657,
        1.181102 0.677706 0.202137,
        1.181102 0.679831 0.199048,
        1.181102 0.660103 0.148812,
        1.181102 0.659778 0.148696,
        1.181102 0.654663 0.148137,
        1.181102 0.648846 0.148812,
        1.181102 0.648663 0.148833,
        1.181102 0.663854 0.150155,
        1.181102 0.583865 0.229557,
        1.181102 0.583865 0.149487,
        1.181102 0.625107 0.229557,
        1.181102 0.625107 0.220346,
        1.181102 0.626929 0.158616,
        1.181102 0.626929 0.149487,
        1.181102 0.594202 0.185552,
        1.181102 0.594202 0.158616,
        1.181102 0.622836 0.185552,
        1.181102 0.622836 0.194721,
        1.181102 0.594202 0.194721,
        1.181102 0.594202 0.220346,
        1.185039 0.626929 0.158616,
        1.185039 0.626929 0.149487,
        1.185039 0.594202 0.158616,
        1.185039 0.594202 0.185552,
        1.185039 0.622836 0.185552,
        1.185039 0.622836 0.194721,
        1.185039 0.594202 0.194721,
        1.185039 0.594202 0.220346,
        1.185039 0.625107 0.220346,
        1.185039 0.625107 0.229557,
        1.185039 0.583865 0.229557,
        1.185039 0.583865 0.149487,
        1.185039 0.672183 0.158330,
        1.185039 0.672449 0.158330,
        1.185039 0.671794 0.167557,
        1.185039 0.672440 0.172032,
        1.185039 0.682478 0.186289,
        1.185039 0.672449 0.172698,
        1.185039 0.672449 0.178183,
        1.185039 0.672449 0.149487,
        1.185039 0.682478 0.149487,
        1.185039 0.668867 0.207215,
        1.185039 0.666614 0.198657,
        1.185039 0.672852 0.205800,
        1.185039 0.668389 0.197505,
        1.185039 0.650565 0.173800,
        1.185039 0.652871 0.174928,
        1.185039 0.647163 0.181291,
        1.185039 0.670323 0.163979,
        1.185039 0.668151 0.161031,
        1.185039 0.670656 0.155998,
        1.185039 0.666903 0.159810,
        1.185039 0.667493 0.152574,
        1.185039 0.664070 0.157895,
        1.185039 0.663854 0.150155,
        1.185039 0.661030 0.156787,
        1.185039 0.659778 0.148696,
        1.185039 0.657262 0.156365,
        1.185039 0.654663 0.148137,
        1.185039 0.653875 0.156746,
        1.185039 0.648663 0.148833,
        1.185039 0.651606 0.157579,
        1.185039 0.644818 0.150283,
        1.185039 0.649607 0.158944,
        1.185039 0.641441 0.152639,
        1.185039 0.648755 0.159801,
        1.185039 0.642116 0.202663,
        1.185039 0.642116 0.192920,
        1.185039 0.644145 0.203839,
        1.185039 0.649053 0.197277,
        1.185039 0.651595 0.206739,
        1.185039 0.655335 0.199308,
        1.185039 0.661806 0.207984,
        1.185039 0.660865 0.199838,
        1.185039 0.664297 0.199474,
        1.185039 0.655502 0.183464,
        1.185039 0.659063 0.176382,
        1.185039 0.672449 0.185838,
        1.185039 0.649362 0.172861,
        1.185039 0.643155 0.179064,
        1.185039 0.648161 0.171375,
        1.185039 0.640235 0.176349,
        1.185039 0.647281 0.169505,
        1.185039 0.638180 0.173087,
        1.185039 0.646786 0.167208,
        1.185039 0.636976 0.169405,
        1.185039 0.646701 0.165616,
        1.185039 0.636529 0.164797,
        1.185039 0.646956 0.163314,
        1.185039 0.637085 0.159991,
        1.185039 0.647615 0.161491,
        1.185039 0.638341 0.156652,
        1.185039 0.640457 0.153623,
        1.185039 0.672109 0.190224,
        1.185039 0.681485 0.194765,
        1.185039 0.671076 0.193815,
        1.185039 0.679831 0.199048,
        1.185039 0.669901 0.195887,
        1.185039 0.677706 0.202137,
        1.185039 0.676019 0.203771,
        1.181102 0.649362 0.172861,
        1.181102 0.650565 0.173800,
        1.181102 0.652871 0.174928,
        1.181102 0.659063 0.176382,
        1.181102 0.646701 0.165616,
        1.181102 0.646786 0.167208,
        1.181102 0.647281 0.169505,
        1.181102 0.648161 0.171375,
        1.181102 0.649607 0.158944,
        1.181102 0.648755 0.159801,
        1.181102 0.647615 0.161491,
        1.181102 0.646956 0.163314,
        1.181102 0.657262 0.156365,
        1.181102 0.653875 0.156746,
        1.181102 0.651606 0.157579,
        1.181102 0.668151 0.161031,
        1.181102 0.666903 0.159810,
        1.181102 0.664070 0.157895,
        1.181102 0.661030 0.156787,
        1.181102 0.672449 0.172698,
        1.181102 0.672440 0.172032,
        1.181102 0.671794 0.167557,
        1.181102 0.670323 0.163979,
        1.181102 0.672449 0.178183,
      ]
    }
    coordIndex [
      58, 59, 50, -1,
      50, 59, 51, -1,
      60, 58, 53, -1,
      53, 58, 50, -1,
      61, 60, 52, -1,
      52, 60, 53, -1,
      62, 61, 54, -1,
      54, 61, 52, -1,
      63, 62, 55, -1,
      55, 62, 54, -1,
      64, 63, 56, -1,
      56, 63, 55, -1,
      65, 64, 57, -1,
      57, 64, 56, -1,
      66, 65, 49, -1,
      49, 65, 57, -1,
      67, 66, 48, -1,
      48, 66, 49, -1,
      68, 67, 46, -1,
      46, 67, 48, -1,
      69, 68, 47, -1,
      47, 68, 46, -1,
      59, 69, 51, -1,
      51, 69, 47, -1,
      59, 58, 69, -1,
      69, 58, 60, -1,
      62, 63, 61, -1,
      61, 63, 64, -1,
      66, 67, 65, -1,
      65, 67, 68, -1,
      65, 68, 64, -1,
      64, 68, 69, -1,
      64, 69, 61, -1,
      61, 69, 60, -1,
      70, 71, 72, -1,
      73, 74, 75, -1,
      75, 74, 76, -1,
      77, 78, 71, -1,
      71, 78, 74, -1,
      71, 74, 72, -1,
      72, 74, 73, -1,
      79, 80, 81, -1,
      81, 80, 82, -1,
      83, 84, 85, -1,
      72, 86, 70, -1,
      70, 86, 87, -1,
      70, 87, 88, -1,
      88, 87, 89, -1,
      88, 89, 90, -1,
      90, 89, 91, -1,
      90, 91, 92, -1,
      92, 91, 93, -1,
      92, 93, 94, -1,
      94, 93, 95, -1,
      94, 95, 96, -1,
      96, 95, 97, -1,
      96, 97, 98, -1,
      98, 97, 99, -1,
      98, 99, 100, -1,
      100, 99, 101, -1,
      100, 101, 102, -1,
      102, 101, 103, -1,
      104, 105, 106, -1,
      106, 105, 107, -1,
      106, 107, 108, -1,
      108, 107, 109, -1,
      108, 109, 110, -1,
      110, 109, 111, -1,
      110, 111, 79, -1,
      79, 111, 112, -1,
      79, 112, 80, -1,
      85, 84, 113, -1,
      113, 84, 114, -1,
      113, 114, 115, -1,
      83, 85, 116, -1,
      116, 85, 117, -1,
      116, 117, 118, -1,
      118, 117, 119, -1,
      118, 119, 120, -1,
      120, 119, 121, -1,
      120, 121, 122, -1,
      122, 121, 123, -1,
      122, 123, 124, -1,
      124, 123, 125, -1,
      124, 125, 126, -1,
      126, 125, 127, -1,
      126, 127, 128, -1,
      128, 127, 129, -1,
      128, 129, 103, -1,
      103, 129, 130, -1,
      103, 130, 102, -1,
      114, 76, 115, -1,
      115, 76, 74, -1,
      115, 74, 131, -1,
      131, 74, 132, -1,
      131, 132, 133, -1,
      133, 132, 134, -1,
      133, 134, 135, -1,
      135, 134, 136, -1,
      135, 136, 82, -1,
      82, 136, 137, -1,
      82, 137, 81, -1,
      110, 32, 31, -1,
      110, 31, 108, -1,
      108, 31, 30, -1,
      108, 30, 106, -1,
      106, 30, 25, -1,
      106, 25, 104, -1,
      105, 104, 1, -1,
      1, 104, 25, -1,
      105, 1, 13, -1,
      105, 13, 107, -1,
      107, 13, 14, -1,
      107, 14, 109, -1,
      109, 14, 7, -1,
      109, 7, 111, -1,
      111, 7, 6, -1,
      111, 6, 112, -1,
      112, 6, 37, -1,
      112, 37, 80, -1,
      80, 37, 36, -1,
      80, 36, 82, -1,
      82, 36, 29, -1,
      82, 29, 135, -1,
      135, 29, 28, -1,
      135, 28, 133, -1,
      133, 28, 27, -1,
      133, 27, 131, -1,
      131, 27, 26, -1,
      131, 26, 115, -1,
      113, 115, 8, -1,
      8, 115, 26, -1,
      113, 8, 12, -1,
      113, 12, 85, -1,
      85, 12, 11, -1,
      85, 11, 117, -1,
      117, 11, 0, -1,
      117, 0, 119, -1,
      119, 0, 2, -1,
      119, 2, 121, -1,
      121, 2, 3, -1,
      121, 3, 123, -1,
      123, 3, 24, -1,
      123, 24, 125, -1,
      125, 24, 23, -1,
      125, 23, 127, -1,
      127, 23, 18, -1,
      127, 18, 129, -1,
      129, 18, 17, -1,
      129, 17, 130, -1,
      130, 17, 16, -1,
      130, 16, 102, -1,
      42, 96, 43, -1,
      43, 96, 98, -1,
      43, 98, 44, -1,
      44, 98, 100, -1,
      44, 100, 15, -1,
      15, 100, 102, -1,
      15, 102, 16, -1,
      96, 42, 41, -1,
      96, 41, 94, -1,
      94, 41, 40, -1,
      94, 40, 92, -1,
      40, 45, 92, -1,
      92, 45, 22, -1,
      92, 22, 90, -1,
      90, 22, 21, -1,
      90, 21, 88, -1,
      88, 21, 20, -1,
      88, 20, 70, -1,
      71, 70, 19, -1,
      19, 70, 20, -1,
      77, 71, 5, -1,
      5, 71, 19, -1,
      78, 77, 4, -1,
      4, 77, 5, -1,
      74, 78, 10, -1,
      10, 78, 4, -1,
      74, 10, 9, -1,
      74, 9, 132, -1,
      132, 9, 39, -1,
      132, 39, 134, -1,
      134, 39, 38, -1,
      134, 38, 136, -1,
      136, 38, 35, -1,
      136, 35, 137, -1,
      137, 35, 34, -1,
      137, 34, 81, -1,
      81, 34, 33, -1,
      81, 33, 79, -1,
      79, 33, 32, -1,
      79, 32, 110, -1,
      116, 138, 139, -1,
      116, 139, 83, -1,
      83, 139, 140, -1,
      83, 140, 84, -1,
      84, 140, 141, -1,
      84, 141, 114, -1,
      124, 142, 143, -1,
      124, 143, 122, -1,
      122, 143, 144, -1,
      122, 144, 120, -1,
      120, 144, 145, -1,
      120, 145, 118, -1,
      118, 145, 138, -1,
      118, 138, 116, -1,
      101, 146, 147, -1,
      101, 147, 103, -1,
      103, 147, 148, -1,
      103, 148, 128, -1,
      128, 148, 149, -1,
      128, 149, 126, -1,
      126, 149, 142, -1,
      126, 142, 124, -1,
      95, 150, 151, -1,
      95, 151, 97, -1,
      97, 151, 152, -1,
      97, 152, 99, -1,
      99, 152, 146, -1,
      99, 146, 101, -1,
      87, 153, 154, -1,
      87, 154, 89, -1,
      89, 154, 155, -1,
      89, 155, 91, -1,
      91, 155, 156, -1,
      91, 156, 93, -1,
      93, 156, 150, -1,
      93, 150, 95, -1,
      75, 157, 158, -1,
      75, 158, 73, -1,
      73, 158, 159, -1,
      73, 159, 72, -1,
      72, 159, 160, -1,
      72, 160, 86, -1,
      86, 160, 153, -1,
      86, 153, 87, -1,
      75, 76, 157, -1,
      157, 76, 161, -1,
      76, 114, 161, -1,
      161, 114, 141, -1,
    ]
  }
}

Shape {
  appearance Appearance {
    material Material {
      diffuseColor 1.0000 0.9961 0.9373
      specularColor 0.3020 0.2980 0.2824
      ambientIntensity 0.2
      transparency 0.0000
      shininess 0.5
    }
  }
  geometry IndexedFaceSet {
    ccw TRUE
    solid FALSE
    coord DEF co Coordinate {
      point [
        1.181102 0.649362 0.172861,
        1.181102 0.650565 0.173800,
        1.181102 0.652871 0.174928,
        1.181102 0.659063 0.176382,
        1.181102 0.646701 0.165616,
        1.181102 0.646786 0.167208,
        1.181102 0.647281 0.169505,
        1.181102 0.648161 0.171375,
        1.181102 0.649607 0.158944,
        1.181102 0.648755 0.159801,
        1.181102 0.647615 0.161491,
        1.181102 0.646956 0.163314,
        1.181102 0.657262 0.156365,
        1.181102 0.653875 0.156746,
        1.181102 0.651606 0.157579,
        1.181102 0.668151 0.161031,
        1.181102 0.666903 0.159810,
        1.181102 0.664070 0.157895,
        1.181102 0.661030 0.156787,
        1.181102 0.672449 0.172698,
        1.181102 0.672440 0.172032,
        1.181102 0.671794 0.167557,
        1.181102 0.670323 0.163979,
        1.181102 0.672449 0.178183,
      ]
    }
    coordIndex [
      20, 19, 0, -1,
      19, 23, 3, -1,
      3, 2, 19, -1,
      19, 2, 1, -1,
      19, 1, 0, -1,
      20, 0, 21, -1,
      21, 0, 7, -1,
      21, 7, 22, -1,
      9, 8, 16, -1,
      9, 16, 10, -1,
      17, 16, 18, -1,
      18, 16, 12, -1,
      7, 6, 22, -1,
      22, 6, 5, -1,
      22, 5, 15, -1,
      15, 5, 4, -1,
      15, 4, 16, -1,
      16, 4, 11, -1,
      16, 11, 10, -1,
      8, 14, 16, -1,
      16, 14, 13, -1,
      16, 13, 12, -1,
    ]
  }
}

Shape {
  appearance Appearance {
    material Material {
      diffuseColor 0.0000 0.0000 0.0000
      specularColor 0.0000 0.0000 0.0000
      ambientIntensity 0.2
      transparency 0.0000
      shininess 0.5
    }
  }
  geometry IndexedFaceSet {
    ccw TRUE
    solid FALSE
    coord DEF co Coordinate {
      point [
        1.181102 0.720679 0.149222,
        1.181102 0.717242 0.148812,
        1.181102 0.805612 0.229557,
        1.181102 0.830941 0.229557,
        1.181102 0.848676 0.158616,
        1.181102 0.848676 0.149487,
        1.181102 0.846854 0.229557,
        1.181102 0.846854 0.220346,
        1.181102 0.815948 0.185552,
        1.181102 0.815948 0.158616,
        1.181102 0.830941 0.185552,
        1.181102 0.830941 0.158616,
        1.181102 0.844583 0.185552,
        1.181102 0.844583 0.194721,
        1.181102 0.815948 0.220346,
        1.181102 0.815948 0.194721,
        1.181102 0.830941 0.220346,
        1.181102 0.830941 0.194721,
        1.181102 0.830941 0.149487,
        1.181102 0.805612 0.149487,
        1.181102 0.766069 0.163692,
        1.181102 0.767296 0.158985,
        1.181102 0.767563 0.158985,
        1.181102 0.794805 0.206674,
        1.181102 0.784407 0.206674,
        1.181102 0.755968 0.192749,
        1.181102 0.768791 0.163610,
        1.181102 0.768023 0.160944,
        1.181102 0.696130 0.191242,
        1.181102 0.696520 0.194802,
        1.181102 0.697678 0.184265,
        1.181102 0.696567 0.187324,
        1.181102 0.696069 0.161850,
        1.181102 0.699676 0.159591,
        1.181102 0.700705 0.159189,
        1.181102 0.700705 0.180420,
        1.181102 0.698976 0.182195,
        1.181102 0.700616 0.180479,
        1.181102 0.705099 0.148812,
        1.181102 0.703106 0.149020,
        1.181102 0.700705 0.149864,
        1.181102 0.696069 0.151493,
        1.181102 0.731949 0.205446,
        1.181102 0.731949 0.195704,
        1.181102 0.702557 0.203440,
        1.181102 0.705005 0.204946,
        1.181102 0.697707 0.198031,
        1.181102 0.699563 0.200744,
        1.181102 0.700705 0.201772,
        1.181102 0.734218 0.161027,
        1.181102 0.732990 0.157848,
        1.181102 0.731124 0.155202,
        1.181102 0.710376 0.207022,
        1.181102 0.718399 0.207984,
        1.181102 0.725435 0.207360,
        1.181102 0.731335 0.174499,
        1.181102 0.733200 0.171750,
        1.181102 0.734273 0.168796,
        1.181102 0.734692 0.165043,
        1.181102 0.728244 0.152680,
        1.181102 0.725944 0.151263,
        1.181102 0.717417 0.199838,
        1.181102 0.714448 0.199615,
        1.181102 0.706467 0.192142,
        1.181102 0.711765 0.198905,
        1.181102 0.709516 0.197709,
        1.181102 0.706558 0.190808,
        1.181102 0.706956 0.189250,
        1.181102 0.707678 0.187897,
        1.181102 0.708657 0.186820,
        1.181102 0.712193 0.184610,
        1.181102 0.724420 0.198987,
        1.181102 0.718399 0.181908,
        1.181102 0.730095 0.196789,
        1.181102 0.722283 0.180337,
        1.181102 0.728943 0.176633,
        1.181102 0.708003 0.196372,
        1.181102 0.707143 0.195096,
        1.181102 0.706648 0.193742,
        1.181102 0.705948 0.157140,
        1.181102 0.711317 0.174622,
        1.181102 0.705339 0.177362,
        1.181102 0.712566 0.156324,
        1.181102 0.713009 0.156326,
        1.181102 0.717903 0.171864,
        1.181102 0.718150 0.156903,
        1.181102 0.724396 0.164061,
        1.181102 0.724298 0.165308,
        1.181102 0.720738 0.157850,
        1.181102 0.721652 0.158405,
        1.181102 0.722803 0.159426,
        1.181102 0.723679 0.160721,
        1.181102 0.724189 0.162147,
        1.181102 0.723843 0.166874,
        1.181102 0.723067 0.168204,
        1.181102 0.721817 0.169505,
        1.181102 0.755968 0.165829,
        1.181102 0.739911 0.206674,
        1.181102 0.751127 0.206674,
        1.181102 0.762343 0.149610,
        1.181102 0.762006 0.148812,
        1.181102 0.757943 0.139213,
        1.181102 0.741978 0.123371,
        1.181102 0.741978 0.132294,
        1.181102 0.744030 0.131622,
        1.181102 0.747668 0.131148,
        1.181102 0.711583 0.148137,
        1.181102 0.747972 0.131152,
        1.181102 0.750373 0.131493,
        1.181102 0.752538 0.132389,
        1.181102 0.754033 0.133450,
        1.181102 0.755903 0.135504,
        1.181102 0.755968 0.135622,
        1.181102 0.755968 0.124371,
        1.181102 0.752831 0.123101,
        1.181102 0.748446 0.122552,
        1.181102 0.746232 0.122631,
        1.181102 0.760130 0.127127,
        1.181102 0.756756 0.124690,
        1.181102 0.771991 0.148812,
        1.181102 0.768852 0.140850,
        1.181102 0.764256 0.131926,
        1.181102 0.863802 0.149487,
        1.181102 0.926815 0.176085,
        1.181102 0.922875 0.167801,
        1.181102 0.916915 0.160704,
        1.181102 0.924664 0.209272,
        1.181102 0.927639 0.201648,
        1.181102 0.928991 0.190546,
        1.181102 0.928752 0.185461,
        1.181102 0.908622 0.154746,
        1.181102 0.899512 0.151166,
        1.181102 0.885825 0.149487,
        1.181102 0.863802 0.229557,
        1.181102 0.886644 0.229557,
        1.181102 0.898866 0.228208,
        1.181102 0.908530 0.224678,
        1.181102 0.916915 0.218955,
        1.181102 0.919696 0.216239,
        1.185039 0.696069 0.161850,
        1.185039 0.699676 0.159591,
        1.185039 0.712566 0.156324,
        1.185039 0.705948 0.157140,
        1.185039 0.696069 0.151493,
        1.185039 0.703106 0.149020,
        1.185039 0.711583 0.148137,
        1.185039 0.720679 0.149222,
        1.185039 0.725944 0.151263,
        1.185039 0.728244 0.152680,
        1.185039 0.731124 0.155202,
        1.185039 0.732990 0.157848,
        1.185039 0.734218 0.161027,
        1.185039 0.734692 0.165043,
        1.185039 0.734273 0.168796,
        1.185039 0.733200 0.171750,
        1.185039 0.731335 0.174499,
        1.185039 0.728943 0.176633,
        1.185039 0.722283 0.180337,
        1.185039 0.718399 0.181908,
        1.185039 0.712193 0.184610,
        1.185039 0.708657 0.186820,
        1.185039 0.707678 0.187897,
        1.185039 0.706956 0.189250,
        1.185039 0.706558 0.190808,
        1.185039 0.706467 0.192142,
        1.185039 0.706648 0.193742,
        1.185039 0.707143 0.195096,
        1.185039 0.708003 0.196372,
        1.185039 0.709516 0.197709,
        1.185039 0.711765 0.198905,
        1.185039 0.714448 0.199615,
        1.185039 0.717417 0.199838,
        1.185039 0.724420 0.198987,
        1.185039 0.730095 0.196789,
        1.185039 0.731949 0.195704,
        1.185039 0.731949 0.205446,
        1.185039 0.725435 0.207360,
        1.185039 0.718399 0.207984,
        1.185039 0.710376 0.207022,
        1.185039 0.705005 0.204946,
        1.185039 0.702557 0.203440,
        1.185039 0.699563 0.200744,
        1.185039 0.697707 0.198031,
        1.185039 0.696520 0.194802,
        1.185039 0.696130 0.191242,
        1.185039 0.696567 0.187324,
        1.185039 0.697678 0.184265,
        1.185039 0.698976 0.182195,
        1.185039 0.711317 0.174622,
        1.185039 0.705339 0.177362,
        1.185039 0.700616 0.180479,
        1.185039 0.717903 0.171864,
        1.185039 0.721817 0.169505,
        1.185039 0.723067 0.168204,
        1.185039 0.723843 0.166874,
        1.185039 0.724298 0.165308,
        1.185039 0.724396 0.164061,
        1.185039 0.724189 0.162147,
        1.185039 0.723679 0.160721,
        1.185039 0.722803 0.159426,
        1.185039 0.721652 0.158405,
        1.185039 0.720738 0.157850,
        1.185039 0.718150 0.156903,
        1.185039 0.713009 0.156326,
        1.185039 0.784407 0.206674,
        1.185039 0.794805 0.206674,
        1.185039 0.768791 0.163610,
        1.185039 0.768023 0.160944,
        1.185039 0.767563 0.158985,
        1.185039 0.767296 0.158985,
        1.185039 0.766069 0.163692,
        1.185039 0.751127 0.206674,
        1.185039 0.739911 0.206674,
        1.185039 0.762343 0.149610,
        1.185039 0.757943 0.139213,
        1.185039 0.755903 0.135504,
        1.185039 0.754033 0.133450,
        1.185039 0.752538 0.132389,
        1.185039 0.750373 0.131493,
        1.185039 0.747972 0.131152,
        1.185039 0.747668 0.131148,
        1.185039 0.744030 0.131622,
        1.185039 0.741978 0.132294,
        1.185039 0.741978 0.123371,
        1.185039 0.746232 0.122631,
        1.185039 0.748446 0.122552,
        1.185039 0.752831 0.123101,
        1.185039 0.756756 0.124690,
        1.185039 0.760130 0.127127,
        1.185039 0.764256 0.131926,
        1.185039 0.768852 0.140850,
        1.185039 0.848676 0.158616,
        1.185039 0.848676 0.149487,
        1.185039 0.815948 0.158616,
        1.185039 0.815948 0.185552,
        1.185039 0.844583 0.185552,
        1.185039 0.844583 0.194721,
        1.185039 0.815948 0.194721,
        1.185039 0.815948 0.220346,
        1.185039 0.846854 0.220346,
        1.185039 0.846854 0.229557,
        1.185039 0.805612 0.229557,
        1.185039 0.805612 0.149487,
        1.185039 0.916915 0.160704,
        1.185039 0.908699 0.166154,
        1.185039 0.908622 0.154746,
        1.185039 0.903552 0.162551,
        1.185039 0.899512 0.151166,
        1.185039 0.896968 0.159971,
        1.185039 0.885825 0.149487,
        1.185039 0.885763 0.158616,
        1.185039 0.863802 0.149487,
        1.185039 0.874138 0.158616,
        1.185039 0.863802 0.229557,
        1.185039 0.874138 0.220346,
        1.185039 0.886644 0.229557,
        1.185039 0.886234 0.220346,
        1.185039 0.898866 0.228208,
        1.185039 0.896532 0.219211,
        1.185039 0.908530 0.224678,
        1.185039 0.903480 0.216708,
        1.185039 0.916915 0.218955,
        1.185039 0.909342 0.212815,
        1.185039 0.919696 0.216239,
        1.185039 0.911519 0.210677,
        1.185039 0.924664 0.209272,
        1.185039 0.914636 0.206205,
        1.185039 0.927639 0.201648,
        1.185039 0.916907 0.200387,
        1.185039 0.928991 0.190546,
        1.185039 0.918123 0.190259,
        1.185039 0.928752 0.185461,
        1.185039 0.917698 0.183909,
        1.185039 0.926815 0.176085,
        1.185039 0.915955 0.176855,
        1.185039 0.922875 0.167801,
        1.185039 0.913017 0.171082,
        1.185039 0.909567 0.166967,
        1.181102 0.886234 0.220346,
        1.181102 0.874138 0.220346,
        1.181102 0.874138 0.158616,
        1.181102 0.885763 0.158616,
        1.181102 0.909567 0.166967,
        1.181102 0.908699 0.166154,
        1.181102 0.903552 0.162551,
        1.181102 0.896968 0.159971,
        1.181102 0.918123 0.190259,
        1.181102 0.917698 0.183909,
        1.181102 0.915955 0.176855,
        1.181102 0.913017 0.171082,
        1.181102 0.909342 0.212815,
        1.181102 0.911519 0.210677,
        1.181102 0.914636 0.206205,
        1.181102 0.916907 0.200387,
        1.181102 0.896532 0.219211,
        1.181102 0.903480 0.216708,
      ]
    }
    coordIndex [
      32, 139, 140, -1,
      141, 82, 79, -1,
      141, 79, 142, -1,
      142, 79, 34, -1,
      142, 34, 140, -1,
      140, 34, 33, -1,
      140, 33, 32, -1,
      143, 139, 41, -1,
      41, 139, 32, -1,
      143, 41, 144, -1,
      144, 41, 40, -1,
      106, 145, 38, -1,
      38, 145, 144, -1,
      38, 144, 39, -1,
      39, 144, 40, -1,
      145, 106, 146, -1,
      146, 106, 1, -1,
      1, 0, 146, -1,
      146, 0, 60, -1,
      146, 60, 147, -1,
      147, 60, 59, -1,
      147, 59, 148, -1,
      148, 59, 51, -1,
      148, 51, 149, -1,
      149, 51, 50, -1,
      149, 50, 150, -1,
      150, 50, 49, -1,
      150, 49, 151, -1,
      151, 49, 58, -1,
      151, 58, 152, -1,
      152, 58, 57, -1,
      152, 57, 153, -1,
      153, 57, 56, -1,
      153, 56, 154, -1,
      154, 56, 55, -1,
      154, 55, 155, -1,
      155, 55, 75, -1,
      155, 75, 156, -1,
      156, 75, 74, -1,
      156, 74, 157, -1,
      157, 74, 72, -1,
      157, 72, 158, -1,
      158, 72, 70, -1,
      158, 70, 159, -1,
      159, 70, 69, -1,
      159, 69, 160, -1,
      160, 69, 68, -1,
      160, 68, 161, -1,
      161, 68, 67, -1,
      161, 67, 162, -1,
      162, 67, 66, -1,
      162, 66, 163, -1,
      163, 66, 63, -1,
      163, 63, 164, -1,
      164, 63, 78, -1,
      164, 78, 165, -1,
      165, 78, 77, -1,
      165, 77, 166, -1,
      166, 77, 76, -1,
      166, 76, 167, -1,
      167, 76, 65, -1,
      167, 65, 168, -1,
      168, 65, 64, -1,
      168, 64, 169, -1,
      169, 64, 62, -1,
      169, 62, 170, -1,
      170, 62, 61, -1,
      170, 61, 171, -1,
      171, 61, 71, -1,
      171, 71, 172, -1,
      172, 71, 73, -1,
      172, 73, 173, -1,
      173, 73, 43, -1,
      173, 43, 174, -1,
      175, 174, 42, -1,
      42, 174, 43, -1,
      175, 42, 54, -1,
      175, 54, 176, -1,
      176, 54, 53, -1,
      176, 53, 177, -1,
      177, 53, 52, -1,
      177, 52, 178, -1,
      178, 52, 45, -1,
      178, 45, 179, -1,
      179, 45, 44, -1,
      179, 44, 180, -1,
      44, 48, 180, -1,
      180, 48, 181, -1,
      48, 47, 181, -1,
      181, 47, 46, -1,
      181, 46, 182, -1,
      182, 46, 29, -1,
      182, 29, 183, -1,
      183, 29, 28, -1,
      183, 28, 184, -1,
      184, 28, 31, -1,
      184, 31, 185, -1,
      185, 31, 30, -1,
      185, 30, 186, -1,
      186, 30, 36, -1,
      186, 36, 187, -1,
      80, 188, 189, -1,
      187, 36, 37, -1,
      187, 37, 190, -1,
      190, 37, 35, -1,
      190, 35, 189, -1,
      189, 35, 81, -1,
      189, 81, 80, -1,
      188, 80, 84, -1,
      188, 84, 191, -1,
      191, 84, 95, -1,
      191, 95, 192, -1,
      192, 95, 94, -1,
      192, 94, 193, -1,
      193, 94, 93, -1,
      193, 93, 194, -1,
      194, 93, 87, -1,
      194, 87, 195, -1,
      195, 87, 86, -1,
      195, 86, 196, -1,
      196, 86, 92, -1,
      196, 92, 197, -1,
      197, 92, 91, -1,
      197, 91, 198, -1,
      198, 91, 90, -1,
      198, 90, 199, -1,
      199, 90, 89, -1,
      199, 89, 200, -1,
      200, 89, 88, -1,
      200, 88, 201, -1,
      201, 88, 85, -1,
      201, 85, 202, -1,
      202, 85, 83, -1,
      202, 83, 203, -1,
      203, 83, 82, -1,
      203, 82, 141, -1,
      166, 167, 180, -1,
      180, 167, 179, -1,
      179, 167, 168, -1,
      179, 168, 178, -1,
      198, 149, 150, -1,
      191, 158, 188, -1,
      188, 158, 159, -1,
      198, 150, 197, -1,
      197, 150, 151, -1,
      197, 151, 196, -1,
      196, 151, 152, -1,
      196, 152, 195, -1,
      195, 152, 153, -1,
      195, 153, 194, -1,
      194, 153, 154, -1,
      194, 154, 193, -1,
      193, 154, 155, -1,
      193, 155, 192, -1,
      192, 155, 156, -1,
      192, 156, 191, -1,
      191, 156, 157, -1,
      191, 157, 158, -1,
      149, 198, 148, -1,
      148, 198, 199, -1,
      148, 199, 147, -1,
      145, 141, 144, -1,
      144, 141, 142, -1,
      144, 142, 143, -1,
      143, 142, 140, -1,
      143, 140, 139, -1,
      168, 169, 178, -1,
      178, 169, 170, -1,
      178, 170, 177, -1,
      177, 170, 171, -1,
      177, 171, 176, -1,
      176, 171, 172, -1,
      176, 172, 175, -1,
      175, 172, 173, -1,
      175, 173, 174, -1,
      199, 200, 147, -1,
      147, 200, 201, -1,
      147, 201, 146, -1,
      146, 201, 202, -1,
      146, 202, 145, -1,
      145, 202, 203, -1,
      145, 203, 141, -1,
      180, 181, 166, -1,
      166, 181, 182, -1,
      166, 182, 165, -1,
      165, 182, 183, -1,
      165, 183, 164, -1,
      164, 183, 184, -1,
      164, 184, 163, -1,
      163, 184, 185, -1,
      163, 185, 162, -1,
      162, 185, 186, -1,
      162, 186, 161, -1,
      161, 186, 187, -1,
      161, 187, 160, -1,
      160, 187, 190, -1,
      160, 190, 159, -1,
      159, 190, 189, -1,
      159, 189, 188, -1,
      204, 205, 24, -1,
      24, 205, 23, -1,
      206, 204, 26, -1,
      26, 204, 24, -1,
      206, 26, 27, -1,
      206, 27, 207, -1,
      207, 27, 22, -1,
      207, 22, 208, -1,
      209, 208, 21, -1,
      21, 208, 22, -1,
      210, 209, 20, -1,
      20, 209, 21, -1,
      98, 211, 25, -1,
      25, 211, 210, -1,
      25, 210, 20, -1,
      212, 211, 97, -1,
      97, 211, 98, -1,
      99, 213, 96, -1,
      96, 213, 212, -1,
      96, 212, 97, -1,
      101, 214, 100, -1,
      100, 214, 213, -1,
      100, 213, 99, -1,
      101, 112, 214, -1,
      214, 112, 215, -1,
      112, 111, 215, -1,
      215, 111, 110, -1,
      215, 110, 216, -1,
      216, 110, 109, -1,
      216, 109, 217, -1,
      217, 109, 108, -1,
      217, 108, 218, -1,
      218, 108, 107, -1,
      218, 107, 219, -1,
      219, 107, 105, -1,
      219, 105, 220, -1,
      220, 105, 104, -1,
      220, 104, 221, -1,
      221, 104, 103, -1,
      221, 103, 222, -1,
      223, 222, 102, -1,
      102, 222, 103, -1,
      223, 102, 116, -1,
      223, 116, 224, -1,
      224, 116, 115, -1,
      224, 115, 225, -1,
      225, 115, 114, -1,
      225, 114, 226, -1,
      226, 114, 113, -1,
      226, 113, 227, -1,
      113, 118, 227, -1,
      227, 118, 117, -1,
      227, 117, 228, -1,
      228, 117, 121, -1,
      228, 121, 229, -1,
      229, 121, 120, -1,
      229, 120, 230, -1,
      23, 205, 119, -1,
      119, 205, 230, -1,
      119, 230, 120, -1,
      207, 208, 230, -1,
      205, 204, 230, -1,
      230, 204, 206, -1,
      230, 206, 207, -1,
      211, 212, 210, -1,
      210, 212, 213, -1,
      210, 213, 209, -1,
      208, 209, 230, -1,
      230, 209, 213, -1,
      230, 213, 229, -1,
      213, 214, 229, -1,
      229, 214, 215, -1,
      229, 215, 228, -1,
      228, 215, 216, -1,
      228, 216, 227, -1,
      227, 216, 217, -1,
      227, 217, 226, -1,
      226, 217, 218, -1,
      226, 218, 225, -1,
      225, 218, 219, -1,
      225, 219, 224, -1,
      224, 219, 220, -1,
      224, 220, 223, -1,
      223, 220, 221, -1,
      223, 221, 222, -1,
      231, 232, 4, -1,
      4, 232, 5, -1,
      9, 233, 11, -1,
      11, 233, 231, -1,
      11, 231, 4, -1,
      234, 233, 8, -1,
      8, 233, 9, -1,
      12, 235, 10, -1,
      10, 235, 234, -1,
      10, 234, 8, -1,
      236, 235, 13, -1,
      13, 235, 12, -1,
      15, 237, 17, -1,
      17, 237, 236, -1,
      17, 236, 13, -1,
      238, 237, 14, -1,
      14, 237, 15, -1,
      7, 239, 16, -1,
      16, 239, 238, -1,
      16, 238, 14, -1,
      240, 239, 6, -1,
      6, 239, 7, -1,
      2, 241, 3, -1,
      3, 241, 240, -1,
      3, 240, 6, -1,
      242, 241, 19, -1,
      19, 241, 2, -1,
      5, 232, 18, -1,
      18, 232, 242, -1,
      18, 242, 19, -1,
      242, 232, 231, -1,
      231, 233, 242, -1,
      242, 233, 234, -1,
      242, 234, 241, -1,
      239, 240, 238, -1,
      238, 240, 241, -1,
      238, 241, 237, -1,
      237, 241, 234, -1,
      237, 234, 236, -1,
      236, 234, 235, -1,
      243, 244, 245, -1,
      245, 244, 246, -1,
      245, 246, 247, -1,
      247, 246, 248, -1,
      247, 248, 249, -1,
      249, 248, 250, -1,
      249, 250, 251, -1,
      251, 250, 252, -1,
      251, 252, 253, -1,
      253, 252, 254, -1,
      253, 254, 255, -1,
      255, 254, 256, -1,
      255, 256, 257, -1,
      257, 256, 258, -1,
      257, 258, 259, -1,
      259, 258, 260, -1,
      259, 260, 261, -1,
      261, 260, 262, -1,
      261, 262, 263, -1,
      263, 262, 264, -1,
      263, 264, 265, -1,
      265, 264, 266, -1,
      265, 266, 267, -1,
      267, 266, 268, -1,
      267, 268, 269, -1,
      269, 268, 270, -1,
      269, 270, 271, -1,
      271, 270, 272, -1,
      271, 272, 273, -1,
      273, 272, 274, -1,
      273, 274, 275, -1,
      275, 274, 276, -1,
      275, 276, 243, -1,
      243, 276, 277, -1,
      243, 277, 244, -1,
      249, 251, 132, -1,
      132, 251, 122, -1,
      249, 132, 131, -1,
      249, 131, 247, -1,
      247, 131, 130, -1,
      247, 130, 245, -1,
      245, 130, 125, -1,
      245, 125, 243, -1,
      243, 125, 124, -1,
      243, 124, 275, -1,
      275, 124, 123, -1,
      275, 123, 273, -1,
      273, 123, 129, -1,
      273, 129, 271, -1,
      271, 129, 128, -1,
      271, 128, 269, -1,
      269, 128, 127, -1,
      269, 127, 267, -1,
      267, 127, 126, -1,
      267, 126, 265, -1,
      265, 126, 138, -1,
      265, 138, 263, -1,
      263, 138, 137, -1,
      263, 137, 261, -1,
      261, 137, 136, -1,
      261, 136, 259, -1,
      259, 136, 135, -1,
      259, 135, 257, -1,
      257, 135, 134, -1,
      257, 134, 255, -1,
      253, 255, 133, -1,
      133, 255, 134, -1,
      251, 253, 122, -1,
      122, 253, 133, -1,
      256, 254, 278, -1,
      278, 254, 279, -1,
      254, 252, 279, -1,
      279, 252, 280, -1,
      252, 250, 280, -1,
      280, 250, 281, -1,
      277, 282, 283, -1,
      277, 283, 244, -1,
      244, 283, 284, -1,
      244, 284, 246, -1,
      246, 284, 285, -1,
      246, 285, 248, -1,
      248, 285, 281, -1,
      248, 281, 250, -1,
      270, 286, 287, -1,
      270, 287, 272, -1,
      272, 287, 288, -1,
      272, 288, 274, -1,
      274, 288, 289, -1,
      274, 289, 276, -1,
      276, 289, 282, -1,
      276, 282, 277, -1,
      262, 290, 291, -1,
      262, 291, 264, -1,
      264, 291, 292, -1,
      264, 292, 266, -1,
      266, 292, 293, -1,
      266, 293, 268, -1,
      268, 293, 286, -1,
      268, 286, 270, -1,
      256, 278, 294, -1,
      256, 294, 258, -1,
      258, 294, 295, -1,
      258, 295, 260, -1,
      260, 295, 290, -1,
      260, 290, 262, -1,
    ]
  }
}

Shape {
  appearance Appearance {
    material Material {
      diffuseColor 1.0000 0.9961 0.9373
      specularColor 0.3020 0.2980 0.2824
      ambientIntensity 0.2
      transparency 0.0000
      shininess 0.5
    }
  }
  geometry IndexedFaceSet {
    ccw TRUE
    solid FALSE
    coord DEF co Coordinate {
      point [
        1.181102 0.886234 0.220346,
        1.181102 0.874138 0.220346,
        1.181102 0.874138 0.158616,
        1.181102 0.885763 0.158616,
        1.181102 0.909567 0.166967,
        1.181102 0.908699 0.166154,
        1.181102 0.903552 0.162551,
        1.181102 0.896968 0.159971,
        1.181102 0.918123 0.190259,
        1.181102 0.917698 0.183909,
        1.181102 0.915955 0.176855,
        1.181102 0.913017 0.171082,
        1.181102 0.909342 0.212815,
        1.181102 0.911519 0.210677,
        1.181102 0.914636 0.206205,
        1.181102 0.916907 0.200387,
        1.181102 0.896532 0.219211,
        1.181102 0.903480 0.216708,
      ]
    }
    coordIndex [
      1, 2, 0, -1,
      0, 2, 3, -1,
      5, 4, 0, -1,
      0, 4, 11, -1,
      3, 7, 0, -1,
      0, 7, 6, -1,
      0, 6, 5, -1,
      11, 10, 0, -1,
      0, 10, 9, -1,
      0, 9, 8, -1,
      17, 16, 12, -1,
      12, 16, 0, -1,
      12, 0, 13, -1,
      8, 15, 0, -1,
      0, 15, 14, -1,
      0, 14, 13, -1,
    ]
  }
}

Shape {
  appearance Appearance {
    material Material {
      diffuseColor 0.0000 0.0000 0.0000
      specularColor 0.0000 0.0000 0.0000
      ambientIntensity 0.2
      transparency 0.0000
      shininess 0.5
    }
  }
  geometry IndexedFaceSet {
    ccw TRUE
    solid FALSE
    coord DEF co Coordinate {
      point [
        1.181102 1.005479 0.149487,
        1.181102 0.974982 0.229557,
        1.181102 0.985891 0.171388,
        1.181102 0.952550 0.171388,
        1.181102 0.994058 0.149487,
        1.181102 0.944854 0.149487,
        1.181102 0.933433 0.149487,
        1.181102 0.963930 0.229557,
        1.185039 0.955824 0.180435,
        1.185039 0.952550 0.171388,
        1.185039 0.982698 0.180435,
        1.185039 0.985891 0.171388,
        1.185039 0.967798 0.213715,
        1.185039 0.963930 0.229557,
        1.185039 0.933433 0.149487,
        1.185039 0.944854 0.149487,
        1.185039 0.968491 0.216105,
        1.185039 0.969108 0.219323,
        1.185039 0.974982 0.229557,
        1.185039 0.969354 0.219323,
        1.185039 0.970001 0.215936,
        1.185039 0.970602 0.213715,
        1.185039 1.005479 0.149487,
        1.185039 0.994058 0.149487,
        1.181102 0.955824 0.180435,
        1.181102 0.982698 0.180435,
        1.181102 0.970602 0.213715,
        1.181102 0.969354 0.219323,
        1.181102 0.970001 0.215936,
        1.181102 0.969108 0.219323,
        1.181102 0.967798 0.213715,
        1.181102 0.968491 0.216105,
      ]
    }
    coordIndex [
      8, 9, 10, -1,
      10, 9, 11, -1,
      12, 13, 8, -1,
      8, 13, 14, -1,
      8, 14, 9, -1,
      9, 14, 15, -1,
      12, 16, 13, -1,
      13, 16, 17, -1,
      13, 17, 18, -1,
      18, 17, 19, -1,
      18, 19, 20, -1,
      20, 21, 18, -1,
      18, 21, 10, -1,
      18, 10, 22, -1,
      22, 10, 11, -1,
      22, 11, 23, -1,
      18, 22, 1, -1,
      1, 22, 0, -1,
      13, 18, 7, -1,
      7, 18, 1, -1,
      14, 13, 6, -1,
      6, 13, 7, -1,
      15, 14, 5, -1,
      5, 14, 6, -1,
      9, 15, 3, -1,
      3, 15, 5, -1,
      11, 9, 2, -1,
      2, 9, 3, -1,
      23, 11, 4, -1,
      4, 11, 2, -1,
      22, 23, 0, -1,
      0, 23, 4, -1,
      8, 10, 24, -1,
      24, 10, 25, -1,
      10, 21, 25, -1,
      25, 21, 26, -1,
      19, 27, 28, -1,
      19, 28, 20, -1,
      20, 28, 26, -1,
      20, 26, 21, -1,
      19, 17, 27, -1,
      27, 17, 29, -1,
      12, 30, 31, -1,
      12, 31, 16, -1,
      16, 31, 29, -1,
      16, 29, 17, -1,
      12, 8, 30, -1,
      30, 8, 24, -1,
    ]
  }
}

Shape {
  appearance Appearance {
    material Material {
      diffuseColor 1.0000 0.9961 0.9373
      specularColor 0.3020 0.2980 0.2824
      ambientIntensity 0.2
      transparency 0.0000
      shininess 0.5
    }
  }
  geometry IndexedFaceSet {
    ccw TRUE
    solid FALSE
    coord DEF co Coordinate {
      point [
        1.181102 0.955824 0.180435,
        1.181102 0.982698 0.180435,
        1.181102 0.970602 0.213715,
        1.181102 0.969354 0.219323,
        1.181102 0.970001 0.215936,
        1.181102 0.969108 0.219323,
        1.181102 0.967798 0.213715,
        1.181102 0.968491 0.216105,
      ]
    }
    coordIndex [
      3, 5, 4, -1,
      4, 5, 7, -1,
      4, 7, 2, -1,
      2, 7, 6, -1,
      2, 6, 1, -1,
      1, 6, 0, -1,
    ]
  }
}

Shape {
  appearance Appearance {
    material Material {
      diffuseColor 0.0000 0.0000 0.0000
      specularColor 0.0000 0.0000 0.0000
      ambientIntensity 0.2
      transparency 0.0000
      shininess 0.5
    }
  }
  geometry IndexedFaceSet {
    ccw TRUE
    solid FALSE
    coord DEF co Coordinate {
      point [
        1.181102 0.155302 0.246064,
        1.181102 0.156530 0.252358,
        1.181102 0.481932 0.293965,
        1.181102 0.497316 0.280852,
        1.181102 0.405798 0.365531,
        1.181102 0.418108 0.357255,
        1.181102 0.431189 0.348460,
        1.181102 0.449769 0.327046,
        1.181102 0.461931 0.303486,
        1.181102 0.465018 0.302442,
        1.181102 0.299256 0.364420,
        1.181102 0.325499 0.374568,
        1.181102 0.353766 0.378063,
        1.181102 0.377229 0.375598,
        1.181102 0.181842 0.304625,
        1.181102 0.186674 0.309137,
        1.181102 0.287700 0.357255,
        1.181102 0.285452 0.355861,
        1.181102 0.205734 0.322007,
        1.181102 0.226961 0.329677,
        1.181102 0.247309 0.331951,
        1.181102 0.272074 0.344404,
        1.181102 0.253856 0.331595,
        1.181102 0.260403 0.330812,
        1.181102 0.159687 0.268541,
        1.181102 0.163115 0.275835,
        1.181102 0.169196 0.288775,
        1.181102 0.224538 0.150348,
        1.181102 0.215021 0.153329,
        1.181102 0.194739 0.163888,
        1.181102 0.178995 0.177674,
        1.181102 0.177070 0.179882,
        1.181102 0.164991 0.198176,
        1.181102 0.157350 0.219485,
        1.181102 0.155085 0.239726,
        1.181102 0.238694 0.127704,
        1.181102 0.230233 0.138156,
        1.181102 0.225256 0.148812,
        1.181102 0.302194 0.117094,
        1.181102 0.292377 0.113328,
        1.181102 0.278620 0.111637,
        1.181102 0.276398 0.111679,
        1.181102 0.262958 0.113781,
        1.181102 0.255083 0.117094,
        1.181102 0.249827 0.119306,
        1.181102 0.331974 0.148812,
        1.181102 0.331938 0.148663,
        1.181102 0.325220 0.135963,
        1.181102 0.316417 0.126085,
        1.181102 0.305076 0.118200,
        1.181102 0.497226 0.174828,
        1.181102 0.481329 0.161452,
        1.181102 0.508272 0.190108,
        1.181102 0.404803 0.182476,
        1.181102 0.408721 0.183981,
        1.181102 0.415249 0.216385,
        1.181102 0.321317 0.206708,
        1.181102 0.397601 0.246558,
        1.181102 0.311386 0.215754,
        1.181102 0.299309 0.222233,
        1.181102 0.482723 0.233262,
        1.181102 0.480066 0.244201,
        1.181102 0.475684 0.252358,
        1.181102 0.192363 0.252358,
        1.181102 0.401283 0.180031,
        1.181102 0.412972 0.184506,
        1.181102 0.413526 0.184465,
        1.181102 0.415234 0.184087,
        1.181102 0.195681 0.218231,
        1.181102 0.202511 0.206597,
        1.181102 0.231418 0.200756,
        1.181102 0.212721 0.196116,
        1.181102 0.225107 0.188491,
        1.181102 0.252480 0.219593,
        1.181102 0.240835 0.211512,
        1.181102 0.190950 0.240865,
        1.181102 0.191618 0.232173,
        1.181102 0.463919 0.153063,
        1.181102 0.445421 0.149210,
        1.181102 0.411833 0.149210,
        1.181102 0.408843 0.149671,
        1.181102 0.405068 0.151100,
        1.181102 0.401340 0.153678,
        1.181102 0.399794 0.155239,
        1.181102 0.265056 0.224396,
        1.181102 0.278620 0.226063,
        1.181102 0.285570 0.225650,
        1.181102 0.515762 0.247208,
        1.181102 0.518290 0.228910,
        1.181102 0.518260 0.226724,
        1.181102 0.515539 0.208069,
        1.181102 0.471451 0.198243,
        1.181102 0.477711 0.207125,
        1.181102 0.481631 0.217272,
        1.181102 0.482994 0.228341,
        1.181102 0.395324 0.166858,
        1.181102 0.395408 0.168569,
        1.181102 0.335549 0.174258,
        1.181102 0.396416 0.172935,
        1.181102 0.398495 0.176896,
        1.181102 0.397330 0.158822,
        1.181102 0.395847 0.162686,
        1.181102 0.335249 0.162722,
        1.181102 0.335549 0.168566,
        1.181102 0.416387 0.183936,
        1.181102 0.442006 0.183936,
        1.181102 0.452172 0.185878,
        1.181102 0.462223 0.190519,
        1.181102 0.470649 0.197383,
        1.181102 0.434035 0.272745,
        1.181102 0.197513 0.267320,
        1.181102 0.192642 0.254622,
        1.181102 0.438590 0.272745,
        1.181102 0.474785 0.254032,
        1.181102 0.468167 0.261430,
        1.181102 0.459335 0.267592,
        1.181102 0.449397 0.271414,
        1.181102 0.410372 0.320899,
        1.181102 0.406985 0.324035,
        1.181102 0.278051 0.289254,
        1.181102 0.422841 0.305231,
        1.181102 0.203433 0.275835,
        1.181102 0.273888 0.291526,
        1.181102 0.433398 0.275835,
        1.181102 0.431162 0.286664,
        1.181102 0.390915 0.334994,
        1.181102 0.373016 0.341686,
        1.181102 0.286307 0.306572,
        1.181102 0.354335 0.343906,
        1.181102 0.261120 0.296166,
        1.181102 0.247879 0.297794,
        1.181102 0.242035 0.297494,
        1.181102 0.333347 0.341198,
        1.181102 0.314733 0.333642,
        1.181102 0.298910 0.321945,
        1.181102 0.227976 0.294183,
        1.181102 0.215277 0.287464,
        1.181102 0.205399 0.278662,
        1.181102 0.500886 0.275835,
        1.181102 0.508873 0.264613,
        1.181102 0.513723 0.252358,
        1.185039 0.230233 0.138156,
        1.185039 0.238694 0.127704,
        1.185039 0.225107 0.188491,
        1.185039 0.482994 0.228341,
        1.185039 0.481631 0.217272,
        1.185039 0.515539 0.208069,
        1.185039 0.282811 0.189679,
        1.185039 0.288096 0.187781,
        1.185039 0.335549 0.174258,
        1.185039 0.292672 0.184686,
        1.185039 0.296336 0.180589,
        1.185039 0.415249 0.216385,
        1.185039 0.397601 0.246558,
        1.185039 0.321317 0.206708,
        1.185039 0.278051 0.190198,
        1.185039 0.263215 0.151496,
        1.185039 0.267745 0.148346,
        1.185039 0.249827 0.119306,
        1.185039 0.273002 0.146380,
        1.185039 0.212721 0.196116,
        1.185039 0.215021 0.153329,
        1.185039 0.224538 0.150348,
        1.185039 0.298805 0.175913,
        1.185039 0.300100 0.170633,
        1.185039 0.335549 0.168566,
        1.185039 0.300107 0.165464,
        1.185039 0.273215 0.189662,
        1.185039 0.265056 0.224396,
        1.185039 0.268193 0.187876,
        1.185039 0.252480 0.219593,
        1.185039 0.263652 0.184878,
        1.185039 0.240835 0.211512,
        1.185039 0.259920 0.180809,
        1.185039 0.231418 0.200756,
        1.185039 0.257279 0.175863,
        1.185039 0.255975 0.170390,
        1.185039 0.434035 0.272745,
        1.185039 0.438590 0.272745,
        1.185039 0.461931 0.303486,
        1.185039 0.449397 0.271414,
        1.185039 0.465018 0.302442,
        1.185039 0.459335 0.267592,
        1.185039 0.481932 0.293965,
        1.185039 0.497316 0.280852,
        1.185039 0.273888 0.291526,
        1.185039 0.278051 0.289254,
        1.185039 0.260403 0.330812,
        1.185039 0.286307 0.306572,
        1.185039 0.272074 0.344404,
        1.185039 0.298910 0.321945,
        1.185039 0.285452 0.355861,
        1.185039 0.314733 0.333642,
        1.185039 0.299256 0.364420,
        1.185039 0.299309 0.222233,
        1.185039 0.285570 0.225650,
        1.185039 0.278620 0.226063,
        1.185039 0.508272 0.190108,
        1.185039 0.477711 0.207125,
        1.185039 0.497226 0.174828,
        1.185039 0.431189 0.348460,
        1.185039 0.410372 0.320899,
        1.185039 0.449769 0.327046,
        1.185039 0.422841 0.305231,
        1.185039 0.431162 0.286664,
        1.185039 0.202511 0.206597,
        1.185039 0.178995 0.177674,
        1.185039 0.194739 0.163888,
        1.185039 0.192642 0.254622,
        1.185039 0.155302 0.246064,
        1.185039 0.190950 0.240865,
        1.185039 0.155085 0.239726,
        1.185039 0.191618 0.232173,
        1.185039 0.157350 0.219485,
        1.185039 0.195681 0.218231,
        1.185039 0.164991 0.198176,
        1.185039 0.177070 0.179882,
        1.185039 0.468167 0.261430,
        1.185039 0.474785 0.254032,
        1.185039 0.508873 0.264613,
        1.185039 0.480066 0.244201,
        1.185039 0.515762 0.247208,
        1.185039 0.482723 0.233262,
        1.185039 0.518290 0.228910,
        1.185039 0.518260 0.226724,
        1.185039 0.471451 0.198243,
        1.185039 0.470649 0.197383,
        1.185039 0.481329 0.161452,
        1.185039 0.462223 0.190519,
        1.185039 0.463919 0.153063,
        1.185039 0.452172 0.185878,
        1.185039 0.445421 0.149210,
        1.185039 0.442006 0.183936,
        1.185039 0.411833 0.149210,
        1.185039 0.416387 0.183936,
        1.185039 0.408843 0.149671,
        1.185039 0.325499 0.374568,
        1.185039 0.333347 0.341198,
        1.185039 0.353766 0.378063,
        1.185039 0.354335 0.343906,
        1.185039 0.377229 0.375598,
        1.185039 0.373016 0.341686,
        1.185039 0.405798 0.365531,
        1.185039 0.390915 0.334994,
        1.185039 0.406985 0.324035,
        1.185039 0.261120 0.296166,
        1.185039 0.253856 0.331595,
        1.185039 0.247879 0.297794,
        1.185039 0.247309 0.331951,
        1.185039 0.242035 0.297494,
        1.185039 0.226961 0.329677,
        1.185039 0.227976 0.294183,
        1.185039 0.205734 0.322007,
        1.185039 0.215277 0.287464,
        1.185039 0.186674 0.309137,
        1.185039 0.205399 0.278662,
        1.185039 0.181842 0.304625,
        1.185039 0.197513 0.267320,
        1.185039 0.169196 0.288775,
        1.185039 0.159687 0.268541,
        1.185039 0.259602 0.155643,
        1.185039 0.257196 0.160350,
        1.185039 0.255975 0.165603,
        1.185039 0.311386 0.215754,
        1.185039 0.262958 0.113781,
        1.185039 0.276398 0.111679,
        1.185039 0.278051 0.145794,
        1.185039 0.278620 0.111637,
        1.185039 0.282931 0.146329,
        1.185039 0.292377 0.113328,
        1.185039 0.287937 0.148108,
        1.185039 0.305076 0.118200,
        1.185039 0.292365 0.151033,
        1.185039 0.316417 0.126085,
        1.185039 0.296104 0.155098,
        1.185039 0.325220 0.135963,
        1.185039 0.298753 0.159999,
        1.185039 0.331938 0.148663,
        1.185039 0.335249 0.162722,
        1.185039 0.413526 0.184465,
        1.185039 0.399794 0.155239,
        1.185039 0.401340 0.153678,
        1.185039 0.395324 0.166858,
        1.185039 0.395847 0.162686,
        1.185039 0.397330 0.158822,
        1.185039 0.415234 0.184087,
        1.185039 0.405068 0.151100,
        1.185039 0.408721 0.183981,
        1.185039 0.404803 0.182476,
        1.185039 0.395408 0.168569,
        1.185039 0.401283 0.180031,
        1.185039 0.398495 0.176896,
        1.185039 0.396416 0.172935,
        1.185039 0.412972 0.184506,
        1.181102 0.278051 0.190198,
        1.181102 0.282811 0.189679,
        1.181102 0.288096 0.187781,
        1.181102 0.292672 0.184686,
        1.181102 0.296336 0.180589,
        1.181102 0.298805 0.175913,
        1.181102 0.300100 0.170633,
        1.181102 0.300107 0.165464,
        1.181102 0.298753 0.159999,
        1.181102 0.296104 0.155098,
        1.181102 0.292365 0.151033,
        1.181102 0.287937 0.148108,
        1.181102 0.282931 0.146329,
        1.181102 0.278051 0.145794,
        1.181102 0.273002 0.146380,
        1.181102 0.267745 0.148346,
        1.181102 0.263215 0.151496,
        1.181102 0.259602 0.155643,
        1.181102 0.257196 0.160350,
        1.181102 0.255975 0.165603,
        1.181102 0.255975 0.170390,
        1.181102 0.257279 0.175863,
        1.181102 0.259920 0.180809,
        1.181102 0.263652 0.184878,
        1.181102 0.268193 0.187876,
        1.181102 0.273215 0.189662,
      ]
    }
    coordIndex [
      141, 142, 143, -1,
      144, 145, 146, -1,
      147, 148, 149, -1,
      149, 148, 150, -1,
      149, 150, 151, -1,
      152, 153, 149, -1,
      149, 153, 154, -1,
      149, 154, 147, -1,
      147, 154, 155, -1,
      156, 142, 157, -1,
      157, 142, 158, -1,
      157, 158, 159, -1,
      160, 161, 143, -1,
      143, 161, 162, -1,
      143, 162, 141, -1,
      151, 163, 149, -1,
      149, 163, 164, -1,
      149, 164, 165, -1,
      165, 164, 166, -1,
      167, 168, 169, -1,
      169, 168, 170, -1,
      169, 170, 171, -1,
      171, 170, 172, -1,
      171, 172, 173, -1,
      173, 172, 174, -1,
      173, 174, 175, -1,
      175, 174, 143, -1,
      175, 143, 176, -1,
      177, 178, 179, -1,
      179, 178, 180, -1,
      179, 180, 181, -1,
      181, 180, 182, -1,
      181, 182, 183, -1,
      183, 182, 184, -1,
      185, 186, 187, -1,
      187, 186, 188, -1,
      187, 188, 189, -1,
      189, 188, 190, -1,
      189, 190, 191, -1,
      191, 190, 192, -1,
      191, 192, 193, -1,
      194, 195, 167, -1,
      167, 195, 196, -1,
      167, 196, 168, -1,
      146, 145, 197, -1,
      197, 145, 198, -1,
      197, 198, 199, -1,
      200, 201, 202, -1,
      202, 201, 203, -1,
      202, 203, 179, -1,
      179, 203, 204, -1,
      179, 204, 177, -1,
      205, 206, 160, -1,
      160, 206, 207, -1,
      160, 207, 161, -1,
      208, 209, 210, -1,
      210, 209, 211, -1,
      210, 211, 212, -1,
      212, 211, 213, -1,
      212, 213, 214, -1,
      214, 213, 215, -1,
      214, 215, 205, -1,
      205, 215, 216, -1,
      205, 216, 206, -1,
      182, 217, 184, -1,
      184, 217, 218, -1,
      184, 218, 219, -1,
      219, 218, 220, -1,
      219, 220, 221, -1,
      221, 220, 222, -1,
      221, 222, 223, -1,
      223, 222, 144, -1,
      223, 144, 224, -1,
      224, 144, 146, -1,
      198, 225, 199, -1,
      199, 225, 226, -1,
      199, 226, 227, -1,
      227, 226, 228, -1,
      227, 228, 229, -1,
      229, 228, 230, -1,
      229, 230, 231, -1,
      231, 230, 232, -1,
      231, 232, 233, -1,
      233, 232, 234, -1,
      233, 234, 235, -1,
      193, 192, 236, -1,
      236, 192, 237, -1,
      236, 237, 238, -1,
      238, 237, 239, -1,
      238, 239, 240, -1,
      240, 239, 241, -1,
      240, 241, 242, -1,
      242, 241, 243, -1,
      242, 243, 200, -1,
      200, 243, 244, -1,
      200, 244, 201, -1,
      185, 187, 245, -1,
      245, 187, 246, -1,
      245, 246, 247, -1,
      247, 246, 248, -1,
      247, 248, 249, -1,
      249, 248, 250, -1,
      249, 250, 251, -1,
      251, 250, 252, -1,
      251, 252, 253, -1,
      253, 252, 254, -1,
      253, 254, 255, -1,
      255, 254, 256, -1,
      255, 256, 257, -1,
      257, 256, 258, -1,
      257, 258, 208, -1,
      208, 258, 259, -1,
      208, 259, 209, -1,
      156, 260, 142, -1,
      142, 260, 261, -1,
      142, 261, 143, -1,
      143, 261, 262, -1,
      143, 262, 176, -1,
      155, 154, 167, -1,
      167, 154, 263, -1,
      167, 263, 194, -1,
      158, 264, 159, -1,
      159, 264, 265, -1,
      159, 265, 266, -1,
      266, 265, 267, -1,
      266, 267, 268, -1,
      268, 267, 269, -1,
      268, 269, 270, -1,
      270, 269, 271, -1,
      270, 271, 272, -1,
      272, 271, 273, -1,
      272, 273, 274, -1,
      274, 273, 275, -1,
      274, 275, 276, -1,
      276, 275, 277, -1,
      276, 277, 166, -1,
      166, 277, 278, -1,
      166, 278, 165, -1,
      279, 280, 281, -1,
      282, 283, 279, -1,
      279, 283, 284, -1,
      279, 284, 280, -1,
      234, 285, 235, -1,
      235, 285, 279, -1,
      235, 279, 286, -1,
      286, 279, 281, -1,
      287, 288, 289, -1,
      288, 290, 289, -1,
      289, 290, 291, -1,
      289, 291, 292, -1,
      282, 279, 289, -1,
      289, 279, 293, -1,
      289, 293, 287, -1,
      138, 184, 139, -1,
      139, 184, 219, -1,
      139, 219, 140, -1,
      140, 219, 221, -1,
      140, 221, 87, -1,
      87, 221, 223, -1,
      87, 223, 88, -1,
      138, 3, 184, -1,
      184, 3, 2, -1,
      184, 2, 183, -1,
      183, 2, 9, -1,
      183, 9, 181, -1,
      181, 9, 8, -1,
      181, 8, 179, -1,
      179, 8, 7, -1,
      179, 7, 202, -1,
      202, 7, 6, -1,
      202, 6, 200, -1,
      242, 200, 5, -1,
      5, 200, 6, -1,
      5, 4, 242, -1,
      242, 4, 13, -1,
      242, 13, 240, -1,
      240, 13, 12, -1,
      240, 12, 238, -1,
      238, 12, 11, -1,
      238, 11, 236, -1,
      236, 11, 10, -1,
      236, 10, 193, -1,
      193, 10, 191, -1,
      191, 10, 16, -1,
      191, 16, 17, -1,
      191, 17, 21, -1,
      191, 21, 189, -1,
      189, 21, 23, -1,
      189, 23, 187, -1,
      187, 23, 22, -1,
      187, 22, 246, -1,
      246, 22, 20, -1,
      246, 20, 248, -1,
      248, 20, 19, -1,
      248, 19, 250, -1,
      250, 19, 18, -1,
      250, 18, 252, -1,
      252, 18, 15, -1,
      252, 15, 254, -1,
      254, 15, 14, -1,
      254, 14, 256, -1,
      259, 258, 26, -1,
      26, 258, 256, -1,
      26, 256, 14, -1,
      26, 25, 259, -1,
      259, 25, 24, -1,
      259, 24, 209, -1,
      209, 24, 1, -1,
      1, 0, 209, -1,
      209, 0, 34, -1,
      209, 34, 211, -1,
      211, 34, 33, -1,
      211, 33, 213, -1,
      213, 33, 32, -1,
      213, 32, 215, -1,
      215, 32, 31, -1,
      215, 31, 216, -1,
      216, 31, 30, -1,
      216, 30, 206, -1,
      206, 30, 29, -1,
      206, 29, 207, -1,
      207, 29, 28, -1,
      207, 28, 161, -1,
      161, 28, 27, -1,
      161, 27, 162, -1,
      162, 27, 37, -1,
      162, 37, 141, -1,
      37, 36, 141, -1,
      141, 36, 35, -1,
      141, 35, 142, -1,
      142, 35, 44, -1,
      142, 44, 158, -1,
      158, 44, 43, -1,
      158, 43, 264, -1,
      43, 42, 264, -1,
      264, 42, 41, -1,
      264, 41, 265, -1,
      265, 41, 40, -1,
      265, 40, 267, -1,
      103, 165, 278, -1,
      267, 40, 39, -1,
      38, 271, 39, -1,
      39, 271, 269, -1,
      39, 269, 267, -1,
      38, 49, 271, -1,
      271, 49, 48, -1,
      271, 48, 273, -1,
      273, 48, 47, -1,
      273, 47, 275, -1,
      275, 47, 46, -1,
      275, 46, 277, -1,
      277, 46, 45, -1,
      277, 45, 278, -1,
      278, 45, 102, -1,
      278, 102, 103, -1,
      149, 165, 97, -1,
      97, 165, 103, -1,
      152, 149, 55, -1,
      55, 149, 97, -1,
      153, 152, 57, -1,
      57, 152, 55, -1,
      154, 153, 56, -1,
      56, 153, 57, -1,
      154, 56, 58, -1,
      154, 58, 263, -1,
      263, 58, 59, -1,
      263, 59, 194, -1,
      194, 59, 86, -1,
      194, 86, 195, -1,
      195, 86, 85, -1,
      195, 85, 196, -1,
      196, 85, 84, -1,
      196, 84, 168, -1,
      168, 84, 73, -1,
      168, 73, 170, -1,
      170, 73, 74, -1,
      170, 74, 172, -1,
      172, 74, 70, -1,
      172, 70, 174, -1,
      174, 70, 72, -1,
      174, 72, 143, -1,
      143, 72, 71, -1,
      143, 71, 160, -1,
      160, 71, 69, -1,
      160, 69, 205, -1,
      205, 69, 68, -1,
      205, 68, 214, -1,
      214, 68, 76, -1,
      214, 76, 212, -1,
      212, 76, 75, -1,
      212, 75, 210, -1,
      208, 210, 75, -1,
      75, 63, 208, -1,
      208, 63, 111, -1,
      208, 111, 110, -1,
      121, 255, 110, -1,
      110, 255, 257, -1,
      110, 257, 208, -1,
      121, 137, 255, -1,
      255, 137, 136, -1,
      255, 136, 253, -1,
      253, 136, 135, -1,
      253, 135, 251, -1,
      251, 135, 131, -1,
      251, 131, 249, -1,
      249, 131, 130, -1,
      249, 130, 247, -1,
      247, 130, 129, -1,
      247, 129, 245, -1,
      245, 129, 122, -1,
      245, 122, 185, -1,
      185, 122, 119, -1,
      185, 119, 186, -1,
      186, 119, 127, -1,
      186, 127, 188, -1,
      188, 127, 134, -1,
      188, 134, 190, -1,
      190, 134, 133, -1,
      190, 133, 192, -1,
      192, 133, 132, -1,
      192, 132, 237, -1,
      237, 132, 128, -1,
      237, 128, 239, -1,
      239, 128, 126, -1,
      239, 126, 241, -1,
      241, 126, 125, -1,
      241, 125, 243, -1,
      243, 125, 118, -1,
      243, 118, 244, -1,
      244, 118, 117, -1,
      244, 117, 201, -1,
      201, 117, 120, -1,
      201, 120, 203, -1,
      203, 120, 124, -1,
      203, 124, 204, -1,
      204, 124, 177, -1,
      177, 124, 123, -1,
      177, 123, 109, -1,
      178, 177, 112, -1,
      112, 177, 109, -1,
      178, 112, 116, -1,
      178, 116, 180, -1,
      180, 116, 115, -1,
      180, 115, 182, -1,
      182, 115, 114, -1,
      182, 114, 217, -1,
      217, 114, 113, -1,
      217, 113, 218, -1,
      218, 113, 62, -1,
      218, 62, 220, -1,
      62, 61, 220, -1,
      220, 61, 60, -1,
      220, 60, 222, -1,
      222, 60, 94, -1,
      222, 94, 144, -1,
      144, 94, 93, -1,
      144, 93, 145, -1,
      145, 93, 92, -1,
      145, 92, 198, -1,
      198, 92, 91, -1,
      198, 91, 225, -1,
      225, 91, 108, -1,
      225, 108, 226, -1,
      226, 108, 107, -1,
      226, 107, 228, -1,
      228, 107, 106, -1,
      228, 106, 230, -1,
      230, 106, 105, -1,
      230, 105, 232, -1,
      234, 232, 104, -1,
      104, 232, 105, -1,
      234, 104, 67, -1,
      234, 67, 285, -1,
      285, 67, 66, -1,
      285, 66, 279, -1,
      279, 66, 65, -1,
      279, 65, 293, -1,
      293, 65, 54, -1,
      293, 54, 287, -1,
      287, 54, 53, -1,
      287, 53, 288, -1,
      288, 53, 64, -1,
      288, 64, 290, -1,
      290, 64, 99, -1,
      290, 99, 291, -1,
      291, 99, 98, -1,
      291, 98, 292, -1,
      292, 98, 96, -1,
      292, 96, 289, -1,
      289, 96, 95, -1,
      289, 95, 282, -1,
      282, 95, 101, -1,
      282, 101, 283, -1,
      283, 101, 100, -1,
      283, 100, 284, -1,
      284, 100, 83, -1,
      284, 83, 280, -1,
      280, 83, 82, -1,
      280, 82, 281, -1,
      281, 82, 81, -1,
      281, 81, 286, -1,
      286, 81, 80, -1,
      286, 80, 235, -1,
      235, 80, 79, -1,
      235, 79, 233, -1,
      231, 233, 78, -1,
      78, 233, 79, -1,
      231, 78, 77, -1,
      231, 77, 229, -1,
      229, 77, 51, -1,
      229, 51, 227, -1,
      227, 51, 50, -1,
      227, 50, 199, -1,
      199, 50, 52, -1,
      199, 52, 197, -1,
      197, 52, 90, -1,
      197, 90, 146, -1,
      146, 90, 89, -1,
      146, 89, 224, -1,
      224, 89, 88, -1,
      224, 88, 223, -1,
      155, 294, 295, -1,
      155, 295, 147, -1,
      147, 295, 296, -1,
      147, 296, 148, -1,
      148, 296, 297, -1,
      148, 297, 150, -1,
      150, 297, 298, -1,
      150, 298, 151, -1,
      151, 298, 299, -1,
      151, 299, 163, -1,
      163, 299, 300, -1,
      163, 300, 164, -1,
      164, 300, 301, -1,
      164, 301, 166, -1,
      166, 301, 302, -1,
      166, 302, 276, -1,
      276, 302, 303, -1,
      276, 303, 274, -1,
      274, 303, 304, -1,
      274, 304, 272, -1,
      272, 304, 305, -1,
      272, 305, 270, -1,
      270, 305, 306, -1,
      270, 306, 268, -1,
      268, 306, 307, -1,
      268, 307, 266, -1,
      266, 307, 308, -1,
      266, 308, 159, -1,
      159, 308, 309, -1,
      159, 309, 157, -1,
      157, 309, 310, -1,
      157, 310, 156, -1,
      156, 310, 311, -1,
      156, 311, 260, -1,
      260, 311, 312, -1,
      260, 312, 261, -1,
      261, 312, 313, -1,
      261, 313, 262, -1,
      262, 313, 314, -1,
      262, 314, 176, -1,
      176, 314, 315, -1,
      176, 315, 175, -1,
      175, 315, 316, -1,
      175, 316, 173, -1,
      173, 316, 317, -1,
      173, 317, 171, -1,
      171, 317, 318, -1,
      171, 318, 169, -1,
      169, 318, 319, -1,
      169, 319, 167, -1,
      167, 319, 294, -1,
      167, 294, 155, -1,
    ]
  }
}

Shape {
  appearance Appearance {
    material Material {
      diffuseColor 1.0000 0.9961 0.9373
      specularColor 0.3020 0.2980 0.2824
      ambientIntensity 0.2
      transparency 0.0000
      shininess 0.5
    }
  }
  geometry IndexedFaceSet {
    ccw TRUE
    solid FALSE
    coord DEF co Coordinate {
      point [
        1.062992 -0.834646 1.456693,
        1.062992 -0.952756 1.456693,
        0.905512 -0.952756 1.456693,
        -1.062992 -0.204724 1.456693,
        -1.062992 -0.086614 1.456693,
        -0.905512 -0.086614 1.456693,
        -0.905512 -0.952756 1.456693,
        -1.062992 -0.834646 1.456693,
        -1.062992 -0.952756 1.456693,
        0.905512 -0.086614 1.456693,
        1.062992 -0.204724 1.456693,
        1.062992 -0.086614 1.456693,
        1.023622 -0.913386 1.417323,
        0.944882 -0.913386 1.417323,
        0.944882 -0.125984 1.417323,
        1.023622 -0.125984 1.417323,
        -0.944882 -0.913386 1.417323,
        -1.023622 -0.913386 1.417323,
        -0.944882 -0.125984 1.417323,
        -1.023622 -0.125984 1.417323,
        1.023622 -0.834646 1.417323,
        1.023622 -0.204724 1.417323,
        -1.023622 -0.204724 1.417323,
        -1.023622 -0.834646 1.417323,
        1.181102 0.278051 0.190198,
        1.181102 0.282811 0.189679,
        1.181102 0.288096 0.187781,
        1.181102 0.292672 0.184686,
        1.181102 0.296336 0.180589,
        1.181102 0.298805 0.175913,
        1.181102 0.300100 0.170633,
        1.181102 0.300107 0.165464,
        1.181102 0.298753 0.159999,
        1.181102 0.296104 0.155098,
        1.181102 0.292365 0.151033,
        1.181102 0.287937 0.148108,
        1.181102 0.282931 0.146329,
        1.181102 0.278051 0.145794,
        1.181102 0.273002 0.146380,
        1.181102 0.267745 0.148346,
        1.181102 0.263215 0.151496,
        1.181102 0.259602 0.155643,
        1.181102 0.257196 0.160350,
        1.181102 0.255975 0.165603,
        1.181102 0.255975 0.170390,
        1.181102 0.257279 0.175863,
        1.181102 0.259920 0.180809,
        1.181102 0.263652 0.184878,
        1.181102 0.268193 0.187876,
        1.181102 0.273215 0.189662,
      ]
    }
    coordIndex [
      24, 37, 36, -1,
      48, 44, 49, -1,
      49, 44, 43, -1,
      49, 43, 24, -1,
      30, 29, 36, -1,
      36, 29, 28, -1,
      36, 28, 27, -1,
      43, 42, 24, -1,
      24, 42, 41, -1,
      24, 41, 40, -1,
      27, 26, 36, -1,
      36, 26, 25, -1,
      36, 25, 24, -1,
      48, 47, 44, -1,
      44, 47, 46, -1,
      44, 46, 45, -1,
      40, 39, 24, -1,
      24, 39, 38, -1,
      24, 38, 37, -1,
      36, 35, 30, -1,
      30, 35, 34, -1,
      30, 34, 31, -1,
      31, 34, 33, -1,
      31, 33, 32, -1,
      12, 1, 20, -1,
      20, 1, 0, -1,
      13, 2, 12, -1,
      12, 2, 1, -1,
      14, 9, 13, -1,
      13, 9, 2, -1,
      15, 11, 14, -1,
      14, 11, 9, -1,
      21, 10, 15, -1,
      15, 10, 11, -1,
      19, 4, 22, -1,
      22, 4, 3, -1,
      18, 5, 19, -1,
      19, 5, 4, -1,
      16, 6, 18, -1,
      18, 6, 5, -1,
      17, 8, 16, -1,
      16, 8, 6, -1,
      23, 7, 17, -1,
      17, 7, 8, -1,
    ]
  }
}
